datetime_utc,consumption_mw,ci_lifecycle_gco2eq_per_kwh,included_share_lifecycle,carbon_free_share,share_hydro_pumped_storage,share_biomass,share_other_renewable
2025-01-01 00:00:00+00:00,5010.495,26.04042316,0.9760138,0.96034432,0.00130132,0.00348727,0.0003377
2025-01-01 01:00:00+00:00,4987.06,24.82430036,0.97962335,0.96695538,0.0021141,0.00189297,0.00041389
2025-01-01 02:00:00+00:00,4915.665,25.18242421,0.98120275,0.96778363,0.00219029,0.00197787,0.00040323
2025-01-01 03:00:00+00:00,4886.4625,24.09191865,0.98370913,0.97327015,0.00301956,0.00058926,0.00048437
2025-01-01 04:00:00+00:00,4952.41,23.55075953,0.9845521,0.97554679,0.0029095,0.00047402,0.00044857
2025-01-01 05:00:00+00:00,5097.035,28.0333912,0.97811672,0.95926644,0.00136666,0.00348612,0.00034495
2025-01-01 06:00:00+00:00,5209.1575,30.14512384,0.9724403,0.94906001,0.00125482,0.00496647,0.0002111
2025-01-01 07:00:00+00:00,5316.57,27.79048045,0.97606556,0.95796649,0.00170604,0.00360102,0.00028071
2025-01-01 08:00:00+00:00,5417.99,25.4877513,0.98160099,0.96856383,0.00221085,0.00269379,0.00033328
2025-01-01 09:00:00+00:00,5547.0525,25.74064376,0.98414624,0.97100139,0.00225054,0.00291536,0.0002681
2025-01-01 10:00:00+00:00,5662.6025,26.10529432,0.98488565,0.97248185,0.00077274,0.0035,0.00031009
2025-01-01 11:00:00+00:00,5783.8175,24.47648182,0.98657805,0.9775697,0.00107343,0.00199274,0.00054851
2025-01-01 12:00:00+00:00,5848.315,24.37909266,0.9871958,0.97814478,0.00114819,0.00198894,0.00058164
2025-01-01 13:00:00+00:00,5930.755,23.53730105,0.98567103,0.9779326,0.00100188,0.00179902,0.00050295
2025-01-01 14:00:00+00:00,6056.6725,22.48522564,0.98608028,0.97972741,0.00159435,0.00126354,0.00047455
2025-01-01 15:00:00+00:00,6209.02,22.33915053,0.98575765,0.97877892,0.00262859,0.00117682,0.00042183
2025-01-01 16:00:00+00:00,6186.82,22.34903538,0.98716489,0.98061947,0.00286755,0.00092613,0.00037964
2025-01-01 17:00:00+00:00,6159.1325,21.99695117,0.987084,0.98111488,0.0027772,0.00084008,0.00037021
2025-01-01 18:00:00+00:00,6089.805,21.69106434,0.98683587,0.98107519,0.00266445,0.00064125,0.00038448
2025-01-01 19:00:00+00:00,5969.315,21.83953903,0.98693519,0.98092194,0.00259419,0.00072826,0.00040292
2025-01-01 20:00:00+00:00,5864.5575,22.10387117,0.98653089,0.97962418,0.00265594,0.00118444,0.00044234
2025-01-01 21:00:00+00:00,5751.03,21.31815991,0.9884244,0.98337564,0.00285398,0.00014784,0.00049468
2025-01-01 22:00:00+00:00,5633.1,22.02431218,0.98778854,0.98066677,0.0027995,0.00100843,0.0005114
2025-01-01 23:00:00+00:00,5445.2375,21.97783039,0.98628771,0.97916166,0.00274579,0.00096006,0.00059495
2025-01-02 00:00:00+00:00,5354.285,22.07008295,0.98546644,0.97790315,0.00271749,0.00130489,0.00060857
2025-01-02 01:00:00+00:00,5311.245,20.95438229,0.98502316,0.97954351,0.00254301,0.0005597,0.00061665
2025-01-02 02:00:00+00:00,5247.8775,20.87066402,0.98493539,0.98007827,0.00249841,0.00036542,0.0005915
2025-01-02 03:00:00+00:00,5272.6575,21.58854691,0.9881145,0.9828818,0.00340863,5.638e-05,0.00063304
2025-01-02 04:00:00+00:00,5466.22,22.78415698,0.99168874,0.98362184,0.00591812,9.39e-05,0.00071391
2025-01-02 05:00:00+00:00,5899.7575,23.54283463,0.99546897,0.97235068,0.02114917,0.0,0.00061848
2025-01-02 06:00:00+00:00,6299.0575,23.68238405,0.99612235,0.97020351,0.02418417,0.0,0.00040596
2025-01-02 07:00:00+00:00,6472.82,23.39301019,0.99389697,0.97072541,0.0214635,0.0,0.0004134
2025-01-02 08:00:00+00:00,6575.26,23.6496438,0.99683498,0.97423772,0.021325,2.5e-06,0.00030698
2025-01-02 09:00:00+00:00,6586.4675,23.83401154,0.9964844,0.97264912,0.02210417,3.82e-06,0.00027551
2025-01-02 10:00:00+00:00,6634.62,23.65991096,0.99570599,0.97140272,0.02263182,4.61e-06,0.00027312
2025-01-02 11:00:00+00:00,6617.195,23.99403162,0.9970979,0.96463265,0.03044493,2.68e-06,0.000293
2025-01-02 12:00:00+00:00,6533.2975,24.104471,0.99832429,0.96243357,0.03407338,0.0,0.00021306
2025-01-02 13:00:00+00:00,6466.185,24.00608103,0.99827901,0.96504905,0.03166522,0.0,0.00020878
2025-01-02 14:00:00+00:00,6473.39,24.12544582,0.99834928,0.96621605,0.03056008,9.5e-07,0.0002237
2025-01-02 15:00:00+00:00,6632.5125,24.14705881,0.99849901,0.96377174,0.03312391,0.0,0.0002233
2025-01-02 16:00:00+00:00,6551.65,23.85126376,0.99630923,0.9632339,0.03158212,5e-07,0.00026321
2025-01-02 17:00:00+00:00,6458.5075,23.39101425,0.9940778,0.96176499,0.03111395,8.66e-06,0.00029737
2025-01-02 18:00:00+00:00,6432.135,24.20681777,0.9982358,0.96175641,0.03480382,0.0,0.00024787
2025-01-02 19:00:00+00:00,6418.035,24.10646978,0.99806108,0.96167221,0.03461402,0.0,0.00033223
2025-01-02 20:00:00+00:00,6372.7275,24.17624546,0.99773872,0.9605506,0.03567883,0.0,0.00041711
2025-01-02 21:00:00+00:00,6224.5875,24.31765544,0.99788843,0.96104426,0.03482184,0.0,0.0004213
2025-01-02 22:00:00+00:00,6029.27,24.06570367,0.99752904,0.95989685,0.03568442,0.0,0.00048826
2025-01-02 23:00:00+00:00,5862.8,24.03957815,0.9975063,0.95716872,0.0381833,0.0,0.00046358
2025-01-03 00:00:00+00:00,5708.5175,23.90991744,0.99580202,0.96191615,0.0316788,0.0,0.00055272
2025-01-03 01:00:00+00:00,5603.1375,23.52524317,0.99374958,0.96191948,0.02974665,0.0,0.00052982
2025-01-03 02:00:00+00:00,5538.3025,23.47196639,0.99244918,0.96392049,0.02591979,0.00015362,0.00058901
2025-01-03 03:00:00+00:00,5600.2425,23.28778857,0.99120358,0.96246945,0.02575405,0.00028951,0.00069577
2025-01-03 04:00:00+00:00,5772.56,23.51947486,0.99313013,0.96239415,0.02777369,0.00020593,0.00061966
2025-01-03 05:00:00+00:00,6210.0625,23.84331469,0.9964796,0.95907079,0.03502644,2.2e-05,0.00048627
2025-01-03 06:00:00+00:00,6518.83,24.08222739,0.99789528,0.96092543,0.03476778,0.0,0.00031904
2025-01-03 07:00:00+00:00,6671.165,24.23795626,0.99838237,0.96085836,0.03528908,0.0,0.00021568
2025-01-03 08:00:00+00:00,6725.2025,24.03286443,0.99739518,0.96209637,0.03345887,0.0,0.00024729
2025-01-03 09:00:00+00:00,6742.915,24.00381511,0.9971604,0.96295337,0.03221623,0.0,0.0002681
2025-01-03 10:00:00+00:00,6696.145,23.90215585,0.99755346,0.96456946,0.03109177,0.0,0.00021151
2025-01-03 11:00:00+00:00,6703.5275,24.03677411,0.99870263,0.96539328,0.03142635,0.0,0.0001842
2025-01-03 12:00:00+00:00,6719.9975,24.02660578,0.99820763,0.96931753,0.02683305,2.8e-07,0.00019713
2025-01-03 13:00:00+00:00,6628.4725,23.65576083,0.99569691,0.97136528,0.02229283,1.7e-06,0.00024225
2025-01-03 14:00:00+00:00,6697.3725,23.71348444,0.99625481,0.96318173,0.03109388,1.95e-06,0.0002302
2025-01-03 15:00:00+00:00,6794.615,23.74605471,0.99719633,0.96488511,0.03053721,1.26e-06,0.00017701
2025-01-03 16:00:00+00:00,6774.85,23.09315326,0.99411495,0.96413246,0.0286056,1.88e-06,0.00024368
2025-01-03 17:00:00+00:00,6728.905,23.1144542,0.9944057,0.96476849,0.02830308,8.996e-05,0.00025137
2025-01-03 18:00:00+00:00,6640.0975,23.71409723,0.99683789,0.96235647,0.03275206,1.59e-06,0.0002203
2025-01-03 19:00:00+00:00,6526.69,24.13678896,0.99853919,0.96253556,0.034348,3.37e-06,0.0002303
2025-01-03 20:00:00+00:00,6401.4725,24.13725531,0.99865303,0.96254186,0.03463934,2.61e-06,0.00020083
2025-01-03 21:00:00+00:00,6303.575,24.45189783,0.99860542,0.96045262,0.03609722,2.41e-06,0.00024564
2025-01-03 22:00:00+00:00,6210.3475,24.37009463,0.99853208,0.96219504,0.03434335,2.16e-06,0.00027562
2025-01-03 23:00:00+00:00,6099.9975,24.42811891,0.99853723,0.96429153,0.03187985,3.35e-06,0.00031085
2025-01-04 00:00:00+00:00,5988.8275,24.34894597,0.99846615,0.96669684,0.02935681,3.17e-06,0.00038169
2025-01-04 01:00:00+00:00,5939.73,24.30318603,0.99813454,0.9670883,0.02861749,3.66e-06,0.00047058
2025-01-04 02:00:00+00:00,5882.26,24.22821023,0.99766808,0.96481941,0.03050237,3.7e-06,0.0005109
2025-01-04 03:00:00+00:00,5843.2425,24.22047681,0.99823081,0.96582707,0.03029008,1.93e-06,0.00046687
2025-01-04 04:00:00+00:00,5850.1775,24.24869178,0.99831662,0.96722718,0.0288132,2.75e-06,0.00047676
2025-01-04 05:00:00+00:00,5939.6825,24.26925503,0.99826549,0.96554262,0.03084683,2.86e-06,0.00039932
2025-01-04 06:00:00+00:00,6130.175,23.98483496,0.99671349,0.96167301,0.03306365,5.64e-06,0.00039108
2025-01-04 07:00:00+00:00,6301.5575,23.73316041,0.9945867,0.96215959,0.03059431,5.94e-06,0.00036269
2025-01-04 08:00:00+00:00,6524.2925,23.60896405,0.99487558,0.96081542,0.0326688,2.67e-06,0.00042573
2025-01-04 09:00:00+00:00,6724.3925,23.80534824,0.99528594,0.97269388,0.02083278,0.0,0.00043891
2025-01-04 10:00:00+00:00,6779.3175,23.74402024,0.9948108,0.97455684,0.01848965,0.0,0.00043462
2025-01-04 11:00:00+00:00,6726.97,23.59940933,0.9924741,0.9639723,0.02648392,0.00012418,0.00048798
2025-01-04 12:00:00+00:00,6653.815,24.07962764,0.99570197,0.96470227,0.02907516,6.648e-05,0.00042976
2025-01-04 13:00:00+00:00,6600.69,24.31047104,0.99716484,0.96495196,0.03032342,1.08e-05,0.000459
2025-01-04 14:00:00+00:00,6597.9825,24.1916967,0.99505558,0.97132531,0.02170968,7.225e-05,0.0005016
2025-01-04 15:00:00+00:00,6698.035,24.06436908,0.99367795,0.9710165,0.02046469,0.00018931,0.0005945
2025-01-04 16:00:00+00:00,6714.5225,23.96078679,0.99330062,0.97251517,0.01876693,0.00025307,0.00056791
2025-01-04 17:00:00+00:00,6787.4425,24.4461145,0.99748681,0.97313555,0.02248267,2.331e-05,0.00048668
2025-01-04 18:00:00+00:00,6826.92,24.46731355,0.99744034,0.96563109,0.02993681,2.79e-05,0.00049063
2025-01-04 19:00:00+00:00,6703.0325,24.43831594,0.99781922,0.9646257,0.03137519,0.0,0.00046343
2025-01-04 20:00:00+00:00,6561.6925,24.44810865,0.99793352,0.96461345,0.03157111,0.0,0.00040782
2025-01-04 21:00:00+00:00,6485.485,24.48384991,0.99783608,0.96631973,0.02970142,0.0,0.00045063
2025-01-04 22:00:00+00:00,6395.57,24.49541602,0.99783221,0.96193884,0.03408475,0.0,0.00043853
2025-01-04 23:00:00+00:00,6310.3425,24.53293257,0.99792554,0.97423956,0.02181073,0.0,0.00046988
2025-01-05 00:00:00+00:00,6205.8075,24.46955429,0.99788475,0.97512007,0.02092453,0.0,0.00050561
2025-01-05 01:00:00+00:00,6106.695,24.46575182,0.9978095,0.97480378,0.02114308,0.0,0.00051565
2025-01-05 02:00:00+00:00,6072.725,24.57032944,0.99798771,0.9739701,0.02223798,0.0,0.00040916
2025-01-05 03:00:00+00:00,6064.86,24.6004479,0.99816437,0.97374258,0.02265157,0.0,0.00039675
2025-01-05 04:00:00+00:00,6101.0225,24.64654255,0.9981067,0.9726051,0.02373985,0.0,0.00034717
2025-01-05 05:00:00+00:00,6180.77,24.67586733,0.99814732,0.97054904,0.02584217,0.0,0.0002912
2025-01-05 06:00:00+00:00,6270.57,24.64679429,0.99816565,0.96710016,0.02934055,0.0,0.00026063
2025-01-05 07:00:00+00:00,6422.585,24.64821244,0.99811015,0.970459,0.02591075,0.0,0.00027545
2025-01-05 08:00:00+00:00,6603.8225,24.65774789,0.99811603,0.97467723,0.02163974,0.0,0.00031811
2025-01-05 09:00:00+00:00,6743.4225,24.66824163,0.99839504,0.97336904,0.02318873,0.0,0.00030008
2025-01-05 10:00:00+00:00,6852.875,24.82122238,0.9985595,0.96201326,0.03440388,0.0,0.00028055
2025-01-05 11:00:00+00:00,6896.29,24.88593273,0.99857446,0.96422127,0.03203347,0.0,0.00027063
2025-01-05 12:00:00+00:00,6931.8175,24.83040641,0.99867701,0.96557234,0.03087106,0.0,0.00025962
2025-01-05 13:00:00+00:00,6950.4875,24.73896603,0.99871337,0.96331565,0.03332932,0.0,0.00022414
2025-01-05 14:00:00+00:00,7035.7725,24.68732752,0.99831729,0.96460926,0.03179284,0.0,0.00028704
2025-01-05 15:00:00+00:00,7116.4775,24.53806383,0.99813223,0.96555457,0.03095318,0.0,0.00027501
2025-01-05 16:00:00+00:00,7120.6675,24.39001318,0.99814452,0.96548334,0.03112726,0.0,0.00024352
2025-01-05 17:00:00+00:00,7060.33,24.4782888,0.99809391,0.97340875,0.02294016,0.0,0.00026621
2025-01-05 18:00:00+00:00,6974.7875,24.64063708,0.99808094,0.96729219,0.02875431,0.0,0.00028768
2025-01-05 19:00:00+00:00,6882.51,24.63605305,0.99757898,0.96419893,0.03115807,0.0,0.0003191
2025-01-05 20:00:00+00:00,6729.1225,24.58384549,0.99795863,0.96419892,0.03162109,0.0,0.00030663
2025-01-05 21:00:00+00:00,6551.6025,24.97972399,0.99525007,0.9635323,0.02873166,2.227e-05,0.00029015
2025-01-05 22:00:00+00:00,6307.0175,24.78604171,0.98978664,0.96301131,0.022747,6.026e-05,0.00053295
2025-01-05 23:00:00+00:00,6078.72,25.35761225,0.98810775,0.97595314,0.00653932,0.00037177,0.00050901
2025-01-06 00:00:00+00:00,5952.37,25.74061043,0.98341208,0.97060472,0.0043746,0.0013594,0.00064123
2025-01-06 01:00:00+00:00,5898.125,26.52456014,0.98187855,0.96709497,0.00427371,0.00201684,0.00068284
2025-01-06 02:00:00+00:00,5888.51,25.96599051,0.98313076,0.9696045,0.00450857,0.00145606,0.0006665
2025-01-06 03:00:00+00:00,5889.0925,26.30831419,0.9813933,0.96693096,0.0040677,0.00178698,0.00062571
2025-01-06 04:00:00+00:00,6005.8325,26.90086049,0.98281425,0.96727761,0.00314508,0.0026752,0.00062975
2025-01-06 05:00:00+00:00,6473.05,24.97976716,0.98642546,0.97384466,0.00412418,0.00201762,0.00061337
2025-01-06 06:00:00+00:00,7023.585,25.42734555,0.9949222,0.97784797,0.01096837,0.00159213,0.00044678
2025-01-06 07:00:00+00:00,7130.895,24.88252291,0.99774849,0.97079072,0.02308128,0.00077644,0.00028856
2025-01-06 08:00:00+00:00,7125.7575,25.01703739,0.9976265,0.96612708,0.02695374,0.00121344,0.0003062
2025-01-06 09:00:00+00:00,7063.06,25.37660821,0.9969877,0.95976451,0.03172546,0.00161134,0.00033715
2025-01-06 10:00:00+00:00,7077.765,25.54831606,0.9966125,0.95918869,0.03163794,0.0015691,0.0003954
2025-01-06 11:00:00+00:00,7050.3325,25.51719083,0.99499025,0.95869863,0.03005208,0.0018584,0.00043402
2025-01-06 12:00:00+00:00,7016.1875,24.73020991,0.99220043,0.96432339,0.02227149,0.00152915,0.00048958
2025-01-06 13:00:00+00:00,6995.33,24.14845909,0.99095051,0.96736842,0.01857823,0.00127429,0.00049859
2025-01-06 14:00:00+00:00,7021.47,25.26305483,0.99206401,0.96331916,0.02110783,0.00246955,0.00049912
2025-01-06 15:00:00+00:00,7087.095,25.12076019,0.99500659,0.96683754,0.02185472,0.00193134,0.00047635
2025-01-06 16:00:00+00:00,7015.72,24.89104453,0.99765209,0.96967953,0.02296707,0.00160126,0.00040626
2025-01-06 17:00:00+00:00,6887.42,24.27812227,0.99803744,0.96445162,0.03026772,0.00074791,0.00040311
2025-01-06 18:00:00+00:00,6802.6925,24.78588333,0.99762269,0.96398498,0.02865649,0.00136285,0.00042602
2025-01-06 19:00:00+00:00,6643.6875,24.88234615,0.99567237,0.96554655,0.02361356,0.00196023,0.00052874
2025-01-06 20:00:00+00:00,6495.94,24.259915,0.99143785,0.97017066,0.01404682,0.00212029,0.00051441
2025-01-06 21:00:00+00:00,6257.69,23.3481855,0.99286549,0.97484676,0.01331198,0.00109169,0.00049913
2025-01-06 22:00:00+00:00,6018.5525,24.79982338,0.9916295,0.97637627,0.00623358,0.00274592,0.00052236
2025-01-06 23:00:00+00:00,5799.24,23.31283022,0.99181572,0.97896481,0.00669903,0.00172177,0.00059853
2025-01-07 00:00:00+00:00,5611.6725,22.26583489,0.99161426,0.98059229,0.00684243,0.00094492,0.00061599
2025-01-07 01:00:00+00:00,5484.3575,23.27304536,0.9904943,0.97747513,0.00680178,0.00159445,0.00062624
2025-01-07 02:00:00+00:00,5374.87,24.59489465,0.98729449,0.97296076,0.00512564,0.00248702,0.00060504
2025-01-07 03:00:00+00:00,5318.87,22.39311296,0.99129003,0.98032951,0.00682379,0.0008245,0.00061333
2025-01-07 04:00:00+00:00,5408.78,21.76748737,0.99265915,0.97366318,0.01709331,0.0,0.00064357
2025-01-07 05:00:00+00:00,5790.0,22.45008111,0.99358253,0.96448739,0.02724855,0.0,0.0005857
2025-01-07 06:00:00+00:00,6184.6325,23.115865,0.99499079,0.96525658,0.02799133,0.0,0.00049085
2025-01-07 07:00:00+00:00,6350.0925,23.19686423,0.99549134,0.96594674,0.02778845,0.0,0.00051484
2025-01-07 08:00:00+00:00,6357.885,22.9019472,0.99492563,0.96604163,0.02756804,0.0,0.00053826
2025-01-07 09:00:00+00:00,6323.6225,23.32501436,0.99576673,0.96560496,0.0283435,1.66e-06,0.00053931
2025-01-07 10:00:00+00:00,6331.755,22.81422915,0.99382195,0.96631787,0.02573534,4.4e-06,0.00054104
2025-01-07 11:00:00+00:00,6354.0575,22.78133457,0.99362567,0.96757698,0.02432348,5.35e-06,0.00053852
2025-01-07 12:00:00+00:00,6361.2625,22.86903239,0.99395907,0.96674445,0.02550196,8.69e-06,0.0004681
2025-01-07 13:00:00+00:00,6385.5525,22.79251021,0.99384148,0.96739052,0.02474218,1.25e-05,0.00045689
2025-01-07 14:00:00+00:00,6493.4925,22.72655998,0.99361148,0.96740662,0.02434438,0.0001681,0.00047475
2025-01-07 15:00:00+00:00,6643.57,22.42901689,0.992557,0.96753625,0.02296675,0.00038163,0.00048181
2025-01-07 16:00:00+00:00,6607.59,22.81543355,0.99409385,0.96809528,0.02376156,0.00052099,0.00046861
2025-01-07 17:00:00+00:00,6500.0525,22.63251697,0.99392155,0.96835106,0.02350587,0.00064788,0.0004617
2025-01-07 18:00:00+00:00,6392.0525,22.37003421,0.99245211,0.97110911,0.01888111,0.00074373,0.00047283
2025-01-07 19:00:00+00:00,6286.18,22.11644421,0.99133069,0.96733962,0.02116045,0.00107771,0.00046958
2025-01-07 20:00:00+00:00,6156.6725,22.00936215,0.9914191,0.96629228,0.02224356,0.0014307,0.00048864
2025-01-07 21:00:00+00:00,5926.3925,22.05808714,0.99103238,0.96604162,0.02165608,0.0015622,0.00048338
2025-01-07 22:00:00+00:00,5645.1175,22.01466392,0.99070482,0.96533365,0.02193613,0.00170147,0.00045708
2025-01-07 23:00:00+00:00,5374.3475,22.22720154,0.99063408,0.9754906,0.01145518,0.00167099,0.00062115
2025-01-08 00:00:00+00:00,5238.015,21.8837733,0.98880951,0.97793728,0.00664818,0.00208254,0.00071996
2025-01-08 01:00:00+00:00,5161.335,21.97491494,0.98841672,0.97745116,0.00659652,0.00217147,0.00071835
2025-01-08 02:00:00+00:00,5130.41,22.0501673,0.9881178,0.9770065,0.00667017,0.00222719,0.00069344
2025-01-08 03:00:00+00:00,5148.6925,22.25370822,0.98907804,0.97800848,0.00689825,0.00194947,0.00070243
2025-01-08 04:00:00+00:00,5267.2075,22.70653157,0.99134835,0.98005386,0.00852294,0.00060985,0.00069347
2025-01-08 05:00:00+00:00,5711.98,23.74566352,0.99484015,0.96328593,0.0292337,0.00034492,0.00062729
2025-01-08 06:00:00+00:00,6324.91,24.2586697,0.99742485,0.96624185,0.0293166,0.0001393,0.00054143
2025-01-08 07:00:00+00:00,6400.18,24.23449257,0.99780162,0.96862027,0.02756312,9.32e-06,0.00050248
2025-01-08 08:00:00+00:00,6416.2575,23.84029787,0.9961685,0.96871112,0.02625692,1.536e-05,0.00053034
2025-01-08 09:00:00+00:00,6386.315,24.0455278,0.99567144,0.96777291,0.02611895,5.289e-05,0.00055135
2025-01-08 10:00:00+00:00,6367.365,24.25867981,0.99728036,0.96693633,0.02867124,3.88e-05,0.00048888
2025-01-08 11:00:00+00:00,6291.13,24.29334769,0.99789115,0.96388063,0.03245064,0.0,0.00044357
2025-01-08 12:00:00+00:00,6267.975,24.31363279,0.99789168,0.96124573,0.03504816,6.64e-06,0.00045499
2025-01-08 13:00:00+00:00,6253.3575,24.29397339,0.99792176,0.95811758,0.03829549,4.93e-06,0.0003988
2025-01-08 14:00:00+00:00,6248.975,24.25367202,0.99819067,0.95882662,0.03799723,2.53e-06,0.00029647
2025-01-08 15:00:00+00:00,6211.61,24.30628664,0.99792652,0.96460289,0.0318659,2.14e-06,0.00043521
2025-01-08 16:00:00+00:00,6205.98,24.30255103,0.99845041,0.97512473,0.02200606,3.7e-07,0.00037394
2025-01-08 17:00:00+00:00,6226.8725,24.13579051,0.99760335,0.9744713,0.02203294,2.312e-05,0.00041629
2025-01-08 18:00:00+00:00,6048.43,24.18101188,0.99540214,0.97289397,0.02079565,0.00012815,0.00046569
2025-01-08 19:00:00+00:00,6029.8475,24.3315079,0.99776554,0.97336211,0.02288736,0.0,0.00047573
2025-01-08 20:00:00+00:00,6000.265,24.15833107,0.9977618,0.9738036,0.02291442,0.0,0.00046032
2025-01-08 21:00:00+00:00,5846.515,24.43327596,0.99805669,0.97264024,0.02396672,0.0,0.00038693
2025-01-08 22:00:00+00:00,5610.36,24.46776529,0.99805555,0.96264381,0.03394471,0.0,0.00039463
2025-01-08 23:00:00+00:00,5433.9875,24.53996285,0.99810988,0.9670017,0.02946592,0.0,0.00047344
2025-01-09 00:00:00+00:00,5294.1875,24.5528284,0.9982664,0.96141888,0.0352464,0.0,0.00047263
2025-01-09 01:00:00+00:00,5233.9025,24.53828525,0.99807581,0.96100653,0.03550149,0.0,0.00041628
2025-01-09 02:00:00+00:00,5151.6875,24.53070165,0.99788544,0.96036619,0.03591067,0.0,0.00045951
2025-01-09 03:00:00+00:00,5124.5675,24.48210382,0.99826968,0.96116707,0.03562675,0.0,0.00038962
2025-01-09 04:00:00+00:00,5274.0675,24.49718208,0.99841078,0.96066132,0.03639622,0.0,0.00028208
2025-01-09 05:00:00+00:00,5735.275,24.47848089,0.99852197,0.96077577,0.0364756,0.0,0.00022196
2025-01-09 06:00:00+00:00,6039.9925,24.48139858,0.99836511,0.96060816,0.03647229,0.0,0.00020927
2025-01-09 07:00:00+00:00,6123.24,24.51843086,0.99830032,0.96624508,0.03070557,0.0,0.00022662
2025-01-09 08:00:00+00:00,6084.1775,24.29273156,0.99812902,0.96917107,0.02808518,0.0,0.00027592
2025-01-09 09:00:00+00:00,6073.79,24.49757185,0.99812084,0.96446709,0.03233692,0.0,0.00028765
2025-01-09 10:00:00+00:00,6045.785,24.51870636,0.99817183,0.96968544,0.02713263,0.0,0.00025166
2025-01-09 11:00:00+00:00,6066.205,24.53753249,0.99832234,0.97407365,0.02290049,0.0,0.0001929
2025-01-09 12:00:00+00:00,6055.84,24.52157471,0.9984809,0.97290672,0.02426769,0.0,0.00014074
2025-01-09 13:00:00+00:00,6036.14,24.56387367,0.99848439,0.97309057,0.02398737,0.0,0.00013364
2025-01-09 14:00:00+00:00,6093.4125,24.67739518,0.99843472,0.96878884,0.02798236,0.0,0.00014994
2025-01-09 15:00:00+00:00,6200.2,24.6945301,0.99842164,0.96800888,0.02869421,0.0,0.00017397
2025-01-09 16:00:00+00:00,6192.2625,24.71320194,0.99831564,0.96866926,0.02790409,0.0,0.0001967
2025-01-09 17:00:00+00:00,6074.9975,24.55642925,0.99821218,0.96081,0.03596617,0.0,0.00023996
2025-01-09 18:00:00+00:00,6014.245,24.67161513,0.99845958,0.96077732,0.03597251,0.0,0.00020779
2025-01-09 19:00:00+00:00,5905.9725,24.67989948,0.9981757,0.96820582,0.02817938,0.0,0.00024193
2025-01-09 20:00:00+00:00,5803.9375,24.48653172,0.99800401,0.97417677,0.02241587,0.0,0.00026208
2025-01-09 21:00:00+00:00,5747.4675,24.67359852,0.99814116,0.97015666,0.02619563,0.0,0.00024517
2025-01-09 22:00:00+00:00,5609.49,24.68585653,0.99821553,0.97059944,0.02580723,0.0,0.00026601
2025-01-09 23:00:00+00:00,5406.3625,24.66572931,0.9983624,0.96925271,0.0273247,0.0,0.00021587
2025-01-10 00:00:00+00:00,5300.3875,24.55560084,0.99872631,0.9684679,0.02857081,0.0,0.0001712
2025-01-10 01:00:00+00:00,5252.1925,24.55525632,0.9986877,0.96784385,0.02909403,0.0,0.00020086
2025-01-10 02:00:00+00:00,5245.2475,24.53783732,0.99855984,0.96829049,0.02848673,0.0,0.0002162
2025-01-10 03:00:00+00:00,5269.3075,24.4713767,0.99869885,0.96899529,0.02794137,0.0,0.0002122
2025-01-10 04:00:00+00:00,5401.41,24.46673116,0.99825346,0.96822479,0.02817894,0.0,0.00026378
2025-01-10 05:00:00+00:00,5810.59,24.40341364,0.998284,0.96903326,0.02745424,0.0,0.00028394
2025-01-10 06:00:00+00:00,6202.605,24.30880636,0.99859343,0.96188932,0.035045,0.0,0.00024867
2025-01-10 07:00:00+00:00,6384.23,24.27975603,0.99890887,0.96142198,0.03590647,0.0,0.00018411
2025-01-10 08:00:00+00:00,6373.1575,24.10138407,0.99834644,0.95947374,0.03764691,0.0,0.0002118
2025-01-10 09:00:00+00:00,6403.33,24.30527762,0.99880737,0.95991922,0.03726461,0.0,0.0002015
2025-01-10 10:00:00+00:00,6290.705,24.28802943,0.99839838,0.95922184,0.03745814,0.0,0.00023791
2025-01-10 11:00:00+00:00,6210.935,24.26258593,0.99797981,0.97454465,0.02159844,0.0,0.00030363
2025-01-10 12:00:00+00:00,6155.9475,24.22133113,0.99839613,0.96759068,0.02908815,0.0,0.00025103
2025-01-10 13:00:00+00:00,6061.69,24.14472063,0.99841689,0.97197338,0.0247078,0.0,0.00026182
2025-01-10 14:00:00+00:00,6115.1525,24.08931068,0.99844976,0.97218766,0.02451802,0.0,0.00026346
2025-01-10 15:00:00+00:00,6293.605,24.00497651,0.9975255,0.97220182,0.02350036,0.0,0.00034224
2025-01-10 16:00:00+00:00,6308.9525,24.0270519,0.99764873,0.97294387,0.02284406,7.1e-07,0.00039899
2025-01-10 17:00:00+00:00,6285.62,23.82856379,0.99755167,0.97380645,0.02222348,0.0,0.00039311
2025-01-10 18:00:00+00:00,6282.4525,23.99846288,0.99742542,0.96710282,0.02845646,0.0,0.00039688
2025-01-10 19:00:00+00:00,6263.485,23.78194378,0.99627215,0.96489863,0.02957761,0.0,0.00036311
2025-01-10 20:00:00+00:00,6164.8925,23.95106466,0.9980389,0.96354392,0.0330146,0.0,0.00037258
2025-01-10 21:00:00+00:00,6028.4225,23.73160259,0.99552707,0.96452066,0.0289757,0.0,0.00047434
2025-01-10 22:00:00+00:00,5873.4375,22.69143236,0.99116813,0.96983612,0.01936616,0.0,0.00054595
2025-01-10 23:00:00+00:00,5743.715,22.37679331,0.99027854,0.96332333,0.02499501,0.0,0.00049724
2025-01-11 00:00:00+00:00,5632.21,22.00644097,0.98966872,0.96331416,0.02442308,0.0,0.00054844
2025-01-11 01:00:00+00:00,5527.58,21.73471467,0.98959886,0.96370958,0.02405184,0.0,0.0005788
2025-01-11 02:00:00+00:00,5488.4375,21.63188929,0.98935511,0.96372847,0.02389251,0.0,0.00053414
2025-01-11 03:00:00+00:00,5466.5275,21.38899319,0.98886175,0.9646965,0.02241224,0.0,0.00054275
2025-01-11 04:00:00+00:00,5470.585,21.43985797,0.98818128,0.96407586,0.02237209,0.0,0.00053696
2025-01-11 05:00:00+00:00,5593.0775,21.42872299,0.98760909,0.96339515,0.02248701,0.0,0.00053607
2025-01-11 06:00:00+00:00,5726.0875,21.53658632,0.98769025,0.96294538,0.02302312,0.0,0.00052713
2025-01-11 07:00:00+00:00,5931.9725,21.69278348,0.98786327,0.96349161,0.02269801,0.0,0.00049539
2025-01-11 08:00:00+00:00,6165.6075,21.78049419,0.98920814,0.96422783,0.02360767,0.0,0.00050772
2025-01-11 09:00:00+00:00,6251.6725,22.18864713,0.99044951,0.96414791,0.02462236,0.0,0.00048853
2025-01-11 10:00:00+00:00,6204.51,22.45453503,0.99163476,0.96412298,0.0258353,0.0,0.00045513
2025-01-11 11:00:00+00:00,6123.8625,22.27123747,0.99086802,0.96619214,0.02305734,0.0,0.00044073
2025-01-11 12:00:00+00:00,6075.1975,22.26487312,0.9907623,0.96556781,0.02355636,0.0,0.0004737
2025-01-11 13:00:00+00:00,6067.4975,22.20638205,0.99036007,0.96308484,0.02559885,0.0,0.00051833
2025-01-11 14:00:00+00:00,6164.4225,22.48871459,0.99152381,0.96338218,0.02649895,0.0,0.00045467
2025-01-11 15:00:00+00:00,6389.0975,23.68546781,0.99663283,0.96179059,0.03309523,0.0,0.00032553
2025-01-11 16:00:00+00:00,6465.6725,23.68933072,0.99676316,0.96335811,0.0318231,0.0,0.00037264
2025-01-11 17:00:00+00:00,6451.0875,23.82804448,0.99658425,0.96392501,0.0308458,0.0,0.00039289
2025-01-11 18:00:00+00:00,6352.875,23.5290905,0.99495897,0.9653658,0.02776442,0.0,0.00043026
2025-01-11 19:00:00+00:00,6214.465,23.29243301,0.9936124,0.96515701,0.0266401,0.0,0.00043196
2025-01-11 20:00:00+00:00,6092.89,23.23427559,0.99298392,0.96958779,0.02155298,0.0,0.00046111
2025-01-11 21:00:00+00:00,5979.325,22.82134184,0.99064834,0.97059626,0.01814287,0.0,0.0005409
2025-01-11 22:00:00+00:00,5862.8575,22.26101285,0.98796312,0.96942836,0.01669324,0.0,0.00059749
2025-01-11 23:00:00+00:00,5781.425,22.02488364,0.98844568,0.97028739,0.01642281,0.0,0.00059746
2025-01-12 00:00:00+00:00,5680.1975,22.03074143,0.98856422,0.97042782,0.0165334,0.0,0.0005283
2025-01-12 01:00:00+00:00,5627.6675,21.91096635,0.987841,0.97038971,0.01578047,0.0,0.00058598
2025-01-12 02:00:00+00:00,5623.84,21.94476859,0.98761559,0.96985349,0.01605286,0.0,0.00059081
2025-01-12 03:00:00+00:00,5616.4025,22.12338621,0.98803533,0.96970322,0.01664994,0.0,0.00058934
2025-01-12 04:00:00+00:00,5617.93,22.35014116,0.98859205,0.9690107,0.01783317,0.0,0.00061542
2025-01-12 05:00:00+00:00,5716.95,22.33484954,0.98800007,0.96809401,0.01817243,0.0,0.00064023
2025-01-12 06:00:00+00:00,5833.4525,22.9942922,0.99133928,0.9668281,0.02274967,0.0,0.00061285
2025-01-12 07:00:00+00:00,6063.9125,23.85239537,0.99477767,0.96208388,0.03080508,0.0,0.00061371
2025-01-12 08:00:00+00:00,6258.6275,24.32534048,0.99664126,0.96009115,0.03457941,3.781e-05,0.00060056
2025-01-12 09:00:00+00:00,6417.0575,24.48351298,0.99773626,0.96129132,0.03461264,0.0,0.0004942
2025-01-12 10:00:00+00:00,6500.7775,24.39483283,0.99766396,0.96178102,0.03413505,1.395e-05,0.00044245
2025-01-12 11:00:00+00:00,6473.4625,24.39142006,0.99764984,0.96099049,0.03483675,1.136e-05,0.00048044
2025-01-12 12:00:00+00:00,6426.2,24.39087319,0.99742695,0.96039247,0.03515944,2.542e-05,0.00050923
2025-01-12 13:00:00+00:00,6344.795,24.37139388,0.9954932,0.95865142,0.03471629,0.00019664,0.00040163
2025-01-12 14:00:00+00:00,6331.3975,24.64848884,0.99784663,0.96091916,0.03492745,0.0,0.00037962
2025-01-12 15:00:00+00:00,6600.335,24.40762119,0.99812272,0.95996751,0.03674768,0.0,0.00028738
2025-01-12 16:00:00+00:00,6618.15,24.45525339,0.99810037,0.96107812,0.03542812,0.0,0.00030638
2025-01-12 17:00:00+00:00,6630.7375,24.54528718,0.99811982,0.96020349,0.03612869,0.0,0.00031326
2025-01-12 18:00:00+00:00,6628.595,24.56739711,0.99806047,0.95962092,0.03658907,0.0,0.00037728
2025-01-12 19:00:00+00:00,6563.755,24.57711592,0.99806951,0.95962903,0.03657511,0.0,0.00036022
2025-01-12 20:00:00+00:00,6504.98,24.46206045,0.99812813,0.96079315,0.03551145,0.0,0.00035471
2025-01-12 21:00:00+00:00,6391.255,24.33357993,0.9979482,0.96192669,0.03416612,0.0,0.00041514
2025-01-12 22:00:00+00:00,6258.0675,24.07701693,0.99798278,0.9608136,0.0353604,0.0,0.0003725
2025-01-12 23:00:00+00:00,6124.335,23.99775677,0.99808439,0.96356096,0.03268128,0.0,0.00037635
2025-01-13 00:00:00+00:00,6175.4125,23.86470153,0.99760123,0.97322918,0.02236995,2.238e-05,0.00049879
2025-01-13 01:00:00+00:00,5950.465,23.59205293,0.99701982,0.97162806,0.02339139,4.643e-05,0.00042318
2025-01-13 02:00:00+00:00,5921.4325,23.32962784,0.99628511,0.97294363,0.02145227,4.806e-05,0.0003917
2025-01-13 03:00:00+00:00,5919.8425,22.95374895,0.99526633,0.97427648,0.01912965,7.668e-05,0.00048446
2025-01-13 04:00:00+00:00,6053.45,23.49348543,0.99677595,0.97591835,0.01914214,4.349e-05,0.00039216
2025-01-13 05:00:00+00:00,6509.47,23.78515567,0.99841865,0.97661684,0.02024468,3.8e-07,0.00031441
2025-01-13 06:00:00+00:00,6994.2275,23.60967118,0.99866695,0.96618716,0.03129246,2.1e-07,0.00029828
2025-01-13 07:00:00+00:00,7085.45,23.71593083,0.99868382,0.96470568,0.03250405,1.36e-06,0.0002949
2025-01-13 08:00:00+00:00,6940.31,23.70947568,0.99856557,0.96517839,0.0319038,3.49e-06,0.00032869
2025-01-13 09:00:00+00:00,6926.5475,23.68083208,0.99855667,0.96627839,0.03076827,1.95e-06,0.00035118
2025-01-13 10:00:00+00:00,6860.3925,23.67411801,0.99848243,0.96604722,0.03089828,0.0,0.00035969
2025-01-13 11:00:00+00:00,6764.365,23.53416158,0.99862976,0.9657462,0.03176389,0.0,0.00029734
2025-01-13 12:00:00+00:00,6730.895,23.71874304,0.99814287,0.97241454,0.02403591,3.787e-05,0.0003169
2025-01-13 13:00:00+00:00,6580.4075,22.98319136,0.99584222,0.97608442,0.01763126,0.00043233,0.00051022
2025-01-13 14:00:00+00:00,6582.38,22.34769383,0.99404359,0.97490134,0.01669596,0.00073147,0.00058759
2025-01-13 15:00:00+00:00,6668.0275,22.71333851,0.99543615,0.97418488,0.01903361,0.00056831,0.00052556
2025-01-13 16:00:00+00:00,6565.4975,22.86640236,0.99633315,0.97420969,0.02034462,0.00036315,0.00053675
2025-01-13 17:00:00+00:00,6389.5475,22.6954524,0.99569877,0.97589495,0.01791417,0.00047381,0.00049847
2025-01-13 18:00:00+00:00,6262.8275,21.70419321,0.99304951,0.98163349,0.0088839,0.00102922,0.00057903
2025-01-13 19:00:00+00:00,6148.0825,21.45660694,0.99249568,0.98122724,0.00856217,0.00115127,0.00061475
2025-01-13 20:00:00+00:00,5968.02,21.18874865,0.99195655,0.98117478,0.0081588,0.00123623,0.00065277
2025-01-13 21:00:00+00:00,5756.6575,21.07950166,0.99162325,0.98404003,0.00477758,0.00116279,0.00064791
2025-01-13 22:00:00+00:00,5456.78,21.26441776,0.99219969,0.98465822,0.00510806,0.00093115,0.00058809
2025-01-13 23:00:00+00:00,5184.055,21.10997107,0.99252256,0.98570785,0.00473411,0.00067494,0.00058313
2025-01-14 00:00:00+00:00,4968.025,21.244671,0.9925718,0.98572441,0.0047552,0.00069396,0.00057953
2025-01-14 01:00:00+00:00,4871.4925,21.15535915,0.99227233,0.98541284,0.00466077,0.0007901,0.0005969
2025-01-14 02:00:00+00:00,4844.2125,21.04053368,0.991404,0.98451706,0.00446906,0.00092663,0.00057825
2025-01-14 03:00:00+00:00,4848.94,20.92113718,0.99071457,0.98406554,0.00440676,0.00078904,0.00053545
2025-01-14 04:00:00+00:00,5008.7825,21.06083426,0.99123438,0.98465052,0.00449706,0.00060817,0.00057557
2025-01-14 05:00:00+00:00,5463.1925,21.54554521,0.99287004,0.98175487,0.00922968,0.00028106,0.0006088
2025-01-14 06:00:00+00:00,6014.765,21.93201733,0.99334381,0.96795156,0.02313749,0.00067193,0.00057539
2025-01-14 07:00:00+00:00,6161.1775,21.96557436,0.99299515,0.96700917,0.02358792,0.00095344,0.00054781
2025-01-14 08:00:00+00:00,6136.95,21.95283092,0.9933554,0.9665511,0.02503903,0.00083117,0.00055478
2025-01-14 09:00:00+00:00,6104.975,22.20143336,0.99287651,0.96648791,0.02392487,0.00092079,0.00060102
2025-01-14 10:00:00+00:00,6052.4575,22.51260671,0.99387845,0.96619335,0.0254574,0.00072952,0.00051719
2025-01-14 11:00:00+00:00,6007.01,22.70554878,0.99424315,0.9648819,0.02716771,0.00072065,0.00046792
2025-01-14 12:00:00+00:00,5945.06,23.11560896,0.99548641,0.96504413,0.02850111,0.00040639,0.00047254
2025-01-14 13:00:00+00:00,5918.0275,22.77704123,0.99462585,0.96672192,0.02570825,0.00053967,0.00053631
2025-01-14 14:00:00+00:00,6018.215,22.67862064,0.99457242,0.96699795,0.02542406,0.00058513,0.00055153
2025-01-14 15:00:00+00:00,6230.37,23.53267434,0.99755337,0.97058656,0.02517265,0.00015178,0.00049997
2025-01-14 16:00:00+00:00,6262.08,23.67383456,0.99761951,0.96917715,0.02647332,0.00010985,0.00056214
2025-01-14 17:00:00+00:00,6209.4775,23.71501033,0.99816656,0.96844425,0.02824443,2.1e-06,0.00039068
2025-01-14 18:00:00+00:00,6119.195,23.46491338,0.99568901,0.96589639,0.0275816,0.00040133,0.00043925
2025-01-14 19:00:00+00:00,6040.5375,23.47348681,0.99495039,0.96523031,0.0272403,0.00058509,0.00043353
2025-01-14 20:00:00+00:00,5934.85,23.08090908,0.99367214,0.96432873,0.02699568,0.00072345,0.00060106
2025-01-14 21:00:00+00:00,5748.1875,23.30464305,0.99285479,0.96321004,0.02659833,0.00069894,0.00067242
2025-01-14 22:00:00+00:00,5519.2825,23.36225775,0.99205507,0.97344845,0.01560493,0.00080599,0.00061661
2025-01-14 23:00:00+00:00,5294.2625,23.38070192,0.99176332,0.97902781,0.0099538,0.00064174,0.00056502
2025-01-15 00:00:00+00:00,5110.75,23.82362363,0.99372198,0.98106301,0.01053947,0.0,0.00049735
2025-01-15 01:00:00+00:00,5009.28,24.49221196,0.9964717,0.98262422,0.01163285,0.0,0.00051281
2025-01-15 02:00:00+00:00,4939.7825,24.78060261,0.99781733,0.983337,0.01229353,0.0,0.00042817
2025-01-15 03:00:00+00:00,4951.39,24.70216791,0.99770648,0.97895644,0.01648896,0.0,0.00058634
2025-01-15 04:00:00+00:00,5120.995,24.50715308,0.99772491,0.96270461,0.03307837,0.0,0.00048453
2025-01-15 05:00:00+00:00,5512.1275,24.49971141,0.99795313,0.96055459,0.03535695,0.0,0.00033475
2025-01-15 06:00:00+00:00,5942.9025,24.20148451,0.9981302,0.96304638,0.03301839,0.0,0.00040866
2025-01-15 07:00:00+00:00,6085.2225,23.86593494,0.99836448,0.96340428,0.0333446,0.0,0.00037581
2025-01-15 08:00:00+00:00,6044.7725,23.70250507,0.99844344,0.96090243,0.03648927,6e-08,0.00020989
2025-01-15 09:00:00+00:00,5979.19,23.98618815,0.99878647,0.96021284,0.03711896,1e-07,6.247e-05
2025-01-15 10:00:00+00:00,5990.4175,23.97451892,0.99870637,0.96067637,0.03653236,0.0,0.00010985
2025-01-15 11:00:00+00:00,5956.885,24.04656421,0.99874204,0.96953667,0.02749863,0.0,8.533e-05
2025-01-15 12:00:00+00:00,5890.745,24.05600427,0.99864605,0.96960639,0.02722142,0.0,0.00015645
2025-01-15 13:00:00+00:00,5920.65,24.01409841,0.99856487,0.96900793,0.02777386,0.0,0.00019248
2025-01-15 14:00:00+00:00,5944.9125,23.96190813,0.99860499,0.96132334,0.03559404,0.0,0.00018822
2025-01-15 15:00:00+00:00,6083.915,23.90930711,0.99855115,0.97137214,0.02547975,0.0,0.00025729
2025-01-15 16:00:00+00:00,6023.2325,23.90139202,0.99859758,0.971686,0.02517828,0.0,0.00027034
2025-01-15 17:00:00+00:00,5955.495,23.61918592,0.99833616,0.97277208,0.0241879,0.0,0.00039839
2025-01-15 18:00:00+00:00,5867.275,23.16083833,0.99614067,0.97134644,0.02263745,0.00020039,0.00055859
2025-01-15 19:00:00+00:00,5788.175,22.77394628,0.99509277,0.96068345,0.03227995,0.00036682,0.00055815
2025-01-15 20:00:00+00:00,5655.7125,21.92158339,0.99384491,0.96418007,0.02793699,0.00052024,0.00063677
2025-01-15 21:00:00+00:00,5444.8875,21.42166835,0.99177114,0.9728831,0.01639139,0.0008089,0.00064265
2025-01-15 22:00:00+00:00,5183.2575,21.7004658,0.99228776,0.97240606,0.01723875,0.00089912,0.00059231
2025-01-15 23:00:00+00:00,4976.9025,21.48969982,0.99257263,0.97917445,0.01046509,0.00106248,0.00064015
2025-01-16 00:00:00+00:00,4818.35,21.31014984,0.99238217,0.98125448,0.00837789,0.00109366,0.00059997
2025-01-16 01:00:00+00:00,4677.485,21.20165125,0.99225789,0.981299,0.00823225,0.00108637,0.00055565
2025-01-16 02:00:00+00:00,4601.41,21.27190328,0.99192293,0.98070939,0.00850534,0.00108511,0.00046766
2025-01-16 03:00:00+00:00,4582.5575,21.27910044,0.99225858,0.98108856,0.00859111,0.00106859,0.00049607
2025-01-16 04:00:00+00:00,4713.9925,21.4777061,0.99219629,0.9797037,0.00984779,0.0010199,0.00054826
2025-01-16 05:00:00+00:00,5209.915,22.36262215,0.9935873,0.96475699,0.02642321,0.00062842,0.00058468
2025-01-16 06:00:00+00:00,5678.4575,22.91383662,0.99552481,0.96207677,0.03139194,0.0003536,0.00053967
2025-01-16 07:00:00+00:00,5804.375,23.02224562,0.99636561,0.96255379,0.03209424,0.00024589,0.00051598
2025-01-16 08:00:00+00:00,5784.715,22.52014517,0.99513527,0.9621576,0.03151904,0.00030916,0.00061438
2025-01-16 09:00:00+00:00,5751.6525,23.02722501,0.9955046,0.961292,0.03219687,0.00024607,0.00063261
2025-01-16 10:00:00+00:00,5684.01,22.98371361,0.99571888,0.95811443,0.03540382,0.00027251,0.00065622
2025-01-16 11:00:00+00:00,5600.4925,22.95646053,0.99562843,0.96119052,0.03216111,0.00032607,0.00069693
2025-01-16 12:00:00+00:00,5540.0675,22.92971118,0.99525176,0.9640857,0.02864972,0.00045167,0.00066679
2025-01-16 13:00:00+00:00,5553.8475,22.78916249,0.9948686,0.96098258,0.03133031,0.00059706,0.00066702
2025-01-16 14:00:00+00:00,5652.1475,23.29613963,0.99623939,0.9641802,0.02977768,0.0003176,0.00059602
2025-01-16 15:00:00+00:00,5818.1675,23.21801388,0.9965986,0.96586834,0.0286046,0.00026578,0.00061949
2025-01-16 16:00:00+00:00,5800.4575,23.80790406,0.99776581,0.96554139,0.03030421,6.433e-05,0.00056821
2025-01-16 17:00:00+00:00,5702.5825,23.49703027,0.99695742,0.96463315,0.03059053,0.0001692,0.0005559
2025-01-16 18:00:00+00:00,5617.295,23.10834188,0.99504592,0.96389367,0.02878071,0.00043007,0.00062064
2025-01-16 19:00:00+00:00,5552.91,22.75130531,0.99431783,0.96427702,0.02729995,0.00081087,0.00064192
2025-01-16 20:00:00+00:00,5436.8,22.05919181,0.99299001,0.96411878,0.02635446,0.00110525,0.00064111
2025-01-16 21:00:00+00:00,5236.25,21.9452209,0.99213343,0.96504483,0.02389336,0.00134004,0.00062948
2025-01-16 22:00:00+00:00,4986.98,21.64236358,0.99121616,0.9720231,0.01557862,0.00169761,0.000662
2025-01-16 23:00:00+00:00,4747.2225,21.49214154,0.99224088,0.98003481,0.00871567,0.00167237,0.00063943
2025-01-17 00:00:00+00:00,4557.485,21.2177322,0.99192421,0.97984776,0.00863325,0.00166105,0.00067007
2025-01-17 01:00:00+00:00,4471.6875,20.77997858,0.99112727,0.97965271,0.00796259,0.00174341,0.00066752
2025-01-17 02:00:00+00:00,4425.54,20.80853897,0.99119969,0.97973369,0.00815982,0.00161118,0.00062985
2025-01-17 03:00:00+00:00,4419.35,20.88664466,0.99150182,0.98002985,0.00823005,0.00151076,0.00064618
2025-01-17 04:00:00+00:00,4554.0725,21.09332057,0.99264177,0.98174075,0.00848522,0.0006706,0.00073325
2025-01-17 05:00:00+00:00,4975.05,21.64858632,0.99207361,0.97885653,0.01106267,0.00019423,0.0007562
2025-01-17 06:00:00+00:00,5489.5325,22.70293067,0.99475627,0.97291175,0.01969848,0.00010646,0.00072147
2025-01-17 07:00:00+00:00,5623.3325,23.30477721,0.99650867,0.97334902,0.02104535,8.986e-05,0.00060497
2025-01-17 08:00:00+00:00,5622.9875,22.89138388,0.99580296,0.97304844,0.02086449,0.00017827,0.00063209
2025-01-17 09:00:00+00:00,5547.25,22.99461514,0.99544153,0.9720704,0.02092517,0.00019374,0.00070348
2025-01-17 10:00:00+00:00,5528.4825,22.89957014,0.99545233,0.97263136,0.02060162,0.00017739,0.00070054
2025-01-17 11:00:00+00:00,5498.135,22.19691277,0.99337035,0.97180876,0.01891296,0.00056028,0.00070828
2025-01-17 12:00:00+00:00,5427.845,21.6144391,0.99180636,0.97156994,0.01733617,0.00086332,0.00068661
2025-01-17 13:00:00+00:00,5411.17,21.78944477,0.99228433,0.97154462,0.01782877,0.00068272,0.00065985
2025-01-17 14:00:00+00:00,5421.315,21.85532785,0.99348745,0.97262685,0.01895844,0.00011751,0.00063024
2025-01-17 15:00:00+00:00,5614.1625,21.99517235,0.99381383,0.9729845,0.01888627,0.00015463,0.00063064
2025-01-17 16:00:00+00:00,5659.8675,22.09698134,0.99436044,0.9735728,0.01888482,0.00016275,0.00062069
2025-01-17 17:00:00+00:00,5619.7925,21.25736734,0.99339675,0.97424394,0.01773045,0.0001765,0.00065527
2025-01-17 18:00:00+00:00,5552.9775,21.58872287,0.99412358,0.98326888,0.00903684,0.00024507,0.00060724
2025-01-17 19:00:00+00:00,5393.1275,21.53691917,0.99375714,0.98305336,0.00857998,0.00057999,0.00063624
2025-01-17 20:00:00+00:00,5235.0275,21.44823598,0.99306305,0.98248034,0.00847156,0.0007625,0.00072814
2025-01-17 21:00:00+00:00,5068.605,21.83331243,0.99327807,0.98182002,0.0089409,0.00070554,0.00072478
2025-01-17 22:00:00+00:00,4924.485,21.64944587,0.99291746,0.98156887,0.00862172,0.00088398,0.00075435
2025-01-17 23:00:00+00:00,4779.1325,21.53373941,0.99266504,0.98116784,0.0085847,0.00114054,0.00081542
2025-01-18 00:00:00+00:00,4662.4175,21.80504805,0.99293959,0.98126817,0.00870768,0.00123373,0.00077895
2025-01-18 01:00:00+00:00,4559.4175,21.79910095,0.99276047,0.98087864,0.00870267,0.00131773,0.00079323
2025-01-18 02:00:00+00:00,4502.495,22.0381596,0.99279682,0.98057513,0.0088923,0.00137963,0.00082635
2025-01-18 03:00:00+00:00,4466.91,22.1099179,0.99228487,0.97970509,0.00883254,0.00169921,0.00082563
2025-01-18 04:00:00+00:00,4497.7375,21.87809766,0.99222943,0.97948393,0.00898316,0.00171074,0.00076847
2025-01-18 05:00:00+00:00,4577.8475,22.15493815,0.99190984,0.97028865,0.01783015,0.00166462,0.00074741
2025-01-18 06:00:00+00:00,4722.0525,23.10257947,0.99389123,0.96981142,0.02117738,0.00082093,0.00080345
2025-01-18 07:00:00+00:00,4946.9375,24.24901125,0.99618278,0.96958739,0.02410073,0.00025016,0.00082887
2025-01-18 08:00:00+00:00,5148.42,24.40371819,0.99723066,0.95998212,0.03545817,1.133e-05,0.00086565
2025-01-18 09:00:00+00:00,5176.995,24.44812355,0.99784341,0.96134094,0.03437597,0.0,0.00066732
2025-01-18 10:00:00+00:00,5118.3475,24.29844365,0.99796068,0.9617847,0.03404757,0.0,0.0006294
2025-01-18 11:00:00+00:00,5050.105,24.22198369,0.99793239,0.96154237,0.03416923,0.0,0.00066486
2025-01-18 12:00:00+00:00,4974.66,24.23560935,0.997964,0.9610979,0.03468609,0.0,0.00064555
2025-01-18 13:00:00+00:00,4945.1275,24.1538013,0.99796359,0.96129922,0.03456751,0.0,0.00060057
2025-01-18 14:00:00+00:00,4983.8475,23.9968746,0.99817788,0.96273321,0.03354337,0.0,0.00045566
2025-01-18 15:00:00+00:00,5159.2075,23.89259336,0.99813144,0.96386234,0.03239794,0.0,0.00054659
2025-01-18 16:00:00+00:00,5244.3025,23.6763203,0.99788259,0.96414568,0.03215613,0.0,0.0006196
2025-01-18 17:00:00+00:00,5201.0275,23.73584132,0.99758199,0.96517897,0.03031866,0.0,0.00071575
2025-01-18 18:00:00+00:00,5116.4025,23.39552217,0.99686718,0.98379182,0.01089549,2.28e-06,0.00081981
2025-01-18 19:00:00+00:00,5012.92,23.19648513,0.99620274,0.98350268,0.01058562,0.0,0.00079202
2025-01-18 20:00:00+00:00,4899.4825,22.78091001,0.99482345,0.98286759,0.00983124,0.0,0.00084185
2025-01-18 21:00:00+00:00,4765.525,22.40303802,0.99388569,0.98295413,0.00893437,0.0,0.00079049
2025-01-18 22:00:00+00:00,4638.2825,22.17265764,0.99346261,0.98285547,0.00868898,0.0,0.0007786
2025-01-18 23:00:00+00:00,4517.18,21.77484921,0.99265221,0.98269249,0.00810254,5.33e-06,0.00075345
2025-01-19 00:00:00+00:00,4395.31,21.79593201,0.99268184,0.98235738,0.00844195,1.189e-05,0.00070936
2025-01-19 01:00:00+00:00,4324.735,21.52131705,0.99213031,0.98204708,0.008241,1.694e-05,0.00068776
2025-01-19 02:00:00+00:00,4258.385,21.50816959,0.99167758,0.98154311,0.00812704,0.00019002,0.00066856
2025-01-19 03:00:00+00:00,4244.0875,21.24900227,0.99116778,0.98145854,0.00765534,0.00026303,0.00064997
2025-01-19 04:00:00+00:00,4241.685,21.41591995,0.99162612,0.98156274,0.00810456,0.00016871,0.00065007
2025-01-19 05:00:00+00:00,4305.425,21.78711901,0.99184499,0.98125721,0.00847369,0.00031379,0.00065888
2025-01-19 06:00:00+00:00,4418.615,22.42009145,0.99369341,0.97132364,0.02043769,0.00022976,0.00063862
2025-01-19 07:00:00+00:00,4611.835,22.98631532,0.99478369,0.97015367,0.02256981,0.00028392,0.00057737
2025-01-19 08:00:00+00:00,4823.8575,23.55661168,0.99590939,0.97013855,0.02385274,0.0,0.0006826
2025-01-19 09:00:00+00:00,5011.9025,23.75358096,0.9961041,0.96968274,0.02442357,0.0,0.00074145
2025-01-19 10:00:00+00:00,5088.445,23.75469154,0.99573263,0.96940645,0.02420903,7.945e-05,0.00073143
2025-01-19 11:00:00+00:00,5106.7075,24.11358373,0.99627971,0.9692685,0.02485204,0.00012696,0.00073484
2025-01-19 12:00:00+00:00,5127.345,24.71177942,0.99757295,0.95859628,0.03682257,3.47e-06,0.00066355
2025-01-19 13:00:00+00:00,5143.4325,24.79063226,0.99761654,0.95725425,0.03825593,2.37e-06,0.0005939
2025-01-19 14:00:00+00:00,5230.86,24.8039195,0.99773622,0.95762331,0.0380811,0.0,0.00056071
2025-01-19 15:00:00+00:00,5276.495,24.53338494,0.99797276,0.95927591,0.03730212,0.0,0.00044348
2025-01-19 16:00:00+00:00,5318.8325,24.55204022,0.99812823,0.96010516,0.03665225,0.0,0.00033612
2025-01-19 17:00:00+00:00,5276.415,24.70038862,0.99815293,0.96006285,0.03636882,0.0,0.00033063
2025-01-19 18:00:00+00:00,5233.1775,24.72449918,0.99805718,0.96005794,0.03621965,0.0,0.00037587
2025-01-19 19:00:00+00:00,5197.13,24.76191273,0.99791292,0.96023772,0.03581891,0.0,0.00044978
2025-01-19 20:00:00+00:00,5214.115,24.7431243,0.99786932,0.95988164,0.03607543,0.0,0.00050723
2025-01-19 21:00:00+00:00,5106.835,24.80047981,0.99777608,0.96081816,0.03491013,0.0,0.00056817
2025-01-19 22:00:00+00:00,4899.0375,24.85794639,0.99759377,0.96280391,0.0326133,0.0,0.00063814
2025-01-19 23:00:00+00:00,4681.22,24.81420879,0.99822713,0.97127694,0.02479034,0.0,0.00076519
2025-01-20 00:00:00+00:00,4545.4475,24.77563869,0.99827012,0.9706712,0.02543183,0.0,0.00074336
2025-01-20 01:00:00+00:00,4475.1825,24.72607011,0.99825576,0.97070823,0.02531163,0.0,0.00076882
2025-01-20 02:00:00+00:00,4452.5475,24.62436385,0.99822409,0.98024718,0.01572299,0.0,0.00079397
2025-01-20 03:00:00+00:00,4495.5825,24.49850375,0.99836654,0.98083706,0.01544956,0.0,0.00068241
2025-01-20 04:00:00+00:00,4646.565,24.41913631,0.99849198,0.98146453,0.01513673,0.0,0.00055662
2025-01-20 05:00:00+00:00,5133.285,24.40161817,0.99867173,0.98058407,0.01633751,0.0,0.00043522
2025-01-20 06:00:00+00:00,5497.4625,24.1710216,0.99868331,0.97844509,0.0188046,0.0,0.00043976
2025-01-20 07:00:00+00:00,5617.675,24.36835926,0.99852576,0.9749863,0.02157858,0.0,0.00052565
2025-01-20 08:00:00+00:00,5601.38,24.38062517,0.99864896,0.97306407,0.02367947,0.0,0.00043272
2025-01-20 09:00:00+00:00,5592.4975,24.45774384,0.99844308,0.97512363,0.02139607,0.0,0.00052969
2025-01-20 10:00:00+00:00,5606.5725,24.50178155,0.99834074,0.97722204,0.01914229,0.0,0.00067462
2025-01-20 11:00:00+00:00,5619.565,24.25411719,0.99656739,0.97862425,0.01629945,7.952e-05,0.00075697
2025-01-20 12:00:00+00:00,5570.65,24.67884658,0.99828932,0.97875496,0.01746985,0.0,0.0006901
2025-01-20 13:00:00+00:00,5591.52,24.40631616,0.99420519,0.96994012,0.02202137,0.0001973,0.00066839
2025-01-20 14:00:00+00:00,5597.5975,23.75344121,0.98987627,0.96754733,0.02041489,0.00047219,0.00070656
2025-01-20 15:00:00+00:00,5760.8825,24.32871937,0.99847688,0.97310957,0.0243202,0.0,0.00055081
2025-01-20 16:00:00+00:00,5733.9125,24.30842746,0.99858919,0.97056798,0.02703457,0.0,0.00046486
2025-01-20 17:00:00+00:00,5634.665,24.28638416,0.99854016,0.97279969,0.02478272,0.0,0.00047996
2025-01-20 18:00:00+00:00,5579.81,24.29439414,0.99848639,0.97389038,0.02357859,0.0,0.00053936
2025-01-20 19:00:00+00:00,5548.0475,24.28871127,0.99857409,0.97473064,0.02290485,0.0,0.0004848
2025-01-20 20:00:00+00:00,5550.7275,24.36657432,0.99855125,0.96997102,0.02746308,0.0,0.00050555
2025-01-20 21:00:00+00:00,5471.9925,24.5263034,0.99847625,0.96236015,0.03464205,0.0,0.00055881
2025-01-20 22:00:00+00:00,5222.8,24.6071578,0.99801202,0.96979929,0.02640981,7.16e-06,0.00060322
2025-01-20 23:00:00+00:00,5023.2,24.32217094,0.99514182,0.95716262,0.03591748,3.335e-05,0.00080897
2025-01-21 00:00:00+00:00,4899.615,24.01282231,0.99382389,0.95638493,0.03550533,0.0,0.00083339
2025-01-21 01:00:00+00:00,4829.4375,23.96046744,0.99388427,0.95629335,0.03573545,1.44e-06,0.00085454
2025-01-21 02:00:00+00:00,4792.995,24.14448845,0.99491071,0.95615691,0.03686399,4.07e-06,0.00079618
2025-01-21 03:00:00+00:00,4796.5975,24.23775635,0.99625947,0.95693996,0.0376141,0.0,0.00071316
2025-01-21 04:00:00+00:00,4945.7125,24.44891207,0.99768099,0.95698895,0.03912992,3.32e-06,0.00060035
2025-01-21 05:00:00+00:00,5354.145,24.55840363,0.99726872,0.96139091,0.03409372,3.17e-06,0.00054727
2025-01-21 06:00:00+00:00,5777.82,24.58849198,0.99771144,0.96085365,0.03509611,5.93e-06,0.00043336
2025-01-21 07:00:00+00:00,5886.365,24.5951466,0.9977702,0.95885553,0.03718202,8.09e-06,0.00041404
2025-01-21 08:00:00+00:00,5892.8275,24.6142613,0.99757343,0.96193463,0.03387449,1.322e-05,0.00048823
2025-01-21 09:00:00+00:00,5917.8625,24.53884298,0.99763127,0.96053533,0.03552832,1.204e-05,0.00049279
2025-01-21 10:00:00+00:00,5880.97,24.4955348,0.99767717,0.96044105,0.03577455,7.84e-06,0.00048704
2025-01-21 11:00:00+00:00,5856.7325,24.35667423,0.99773785,0.95991823,0.03662441,7.67e-06,0.00049963
2025-01-21 12:00:00+00:00,5830.5925,24.34945305,0.99785387,0.96000063,0.03669852,6.56e-06,0.0004902
2025-01-21 13:00:00+00:00,5790.2275,24.35550668,0.99798309,0.95963202,0.03722971,3.94e-06,0.00042193
2025-01-21 14:00:00+00:00,5815.0925,24.36314141,0.99791951,0.95909834,0.03768898,2.57e-06,0.0004254
2025-01-21 15:00:00+00:00,5926.5525,24.28541225,0.99785319,0.96884236,0.02796727,3.9e-07,0.00050403
2025-01-21 16:00:00+00:00,5889.27,24.27792256,0.99786799,0.9736507,0.02316312,0.0,0.00055154
2025-01-21 17:00:00+00:00,5785.8225,24.28625345,0.99763338,0.97091794,0.02564681,0.0,0.00056295
2025-01-21 18:00:00+00:00,5711.0475,24.29052904,0.99772875,0.9598378,0.0369023,0.0,0.0004827
2025-01-21 19:00:00+00:00,5707.7175,24.38386809,0.99784305,0.95926141,0.03744972,0.0,0.00043384
2025-01-21 20:00:00+00:00,5686.135,24.57978974,0.99799503,0.95982786,0.03661162,0.0,0.00047999
2025-01-21 21:00:00+00:00,5607.665,24.37936643,0.99804731,0.96423352,0.03270495,0.0,0.00049365
2025-01-21 22:00:00+00:00,5402.6275,24.34488462,0.99805767,0.95989228,0.03714188,0.0,0.00050668
2025-01-21 23:00:00+00:00,5181.9425,24.50049671,0.99790207,0.95880927,0.03768234,0.0,0.00066675
2025-01-22 00:00:00+00:00,5054.4575,24.52080998,0.99763236,0.95799932,0.03816992,0.0,0.00071724
2025-01-22 01:00:00+00:00,4955.515,24.62680552,0.99765065,0.95819225,0.0378135,0.0,0.00069377
2025-01-22 02:00:00+00:00,4904.045,24.58680704,0.99775682,0.95872824,0.03758487,0.0,0.00054321
2025-01-22 03:00:00+00:00,4912.05,24.44822737,0.99793123,0.95847722,0.03830777,0.0,0.00058914
2025-01-22 04:00:00+00:00,5046.0325,24.65156861,0.99769999,0.95874399,0.03737557,0.0,0.00061261
2025-01-22 05:00:00+00:00,5458.6425,24.54613906,0.99746664,0.95909892,0.0370404,0.0,0.00053826
2025-01-22 06:00:00+00:00,5760.5925,24.71243407,0.99770427,0.95772973,0.03832642,0.0,0.00042445
2025-01-22 07:00:00+00:00,5931.38,24.69793166,0.99768952,0.97036822,0.02569764,0.0,0.00044917
2025-01-22 08:00:00+00:00,5911.805,24.68304772,0.99799471,0.979248,0.01717309,0.0,0.00044844
2025-01-22 09:00:00+00:00,5859.8175,24.69002033,0.99778565,0.9774508,0.01876274,0.0,0.00041468
2025-01-22 10:00:00+00:00,5807.5125,24.58723319,0.99755891,0.97810026,0.01812295,0.0,0.00049006
2025-01-22 11:00:00+00:00,5778.365,24.50315928,0.99790559,0.97508079,0.02167751,0.0,0.00037659
2025-01-22 12:00:00+00:00,5705.225,24.52587482,0.99798566,0.9755116,0.021279,0.0,0.00037568
2025-01-22 13:00:00+00:00,5661.9975,24.54984774,0.99807784,0.97422117,0.02261342,0.0,0.00031339
2025-01-22 14:00:00+00:00,5750.4275,24.48908566,0.99834326,0.96630117,0.03092837,0.0,0.00021277
2025-01-22 15:00:00+00:00,5983.8675,24.46677417,0.99846984,0.96791087,0.02949199,0.0,0.00020855
2025-01-22 16:00:00+00:00,6044.345,24.51319003,0.99832444,0.96866461,0.02849192,0.0,0.00027154
2025-01-22 17:00:00+00:00,5981.93,24.4469991,0.99825821,0.96924128,0.02798458,0.0,0.00028896
2025-01-22 18:00:00+00:00,5943.3625,24.53080337,0.99819676,0.96907489,0.02788186,0.0,0.00026152
2025-01-22 19:00:00+00:00,5887.55,24.6779964,0.9979611,0.96916128,0.02728772,0.0,0.00035979
2025-01-22 20:00:00+00:00,5785.0425,24.6601588,0.99783034,0.96942694,0.02693716,0.0,0.00040931
2025-01-22 21:00:00+00:00,5672.0325,24.53752197,0.99772955,0.9698037,0.02669672,0.0,0.00040914
2025-01-22 22:00:00+00:00,5629.31,24.43116582,0.99801487,0.96955791,0.02741605,0.0,0.00032723
2025-01-22 23:00:00+00:00,5478.1825,24.62569093,0.99826005,0.96301454,0.03379979,0.0,0.00031366
2025-01-23 00:00:00+00:00,5337.5625,24.57413617,0.99828568,0.96361222,0.03332561,0.0,0.00038628
2025-01-23 01:00:00+00:00,5283.97,24.54358742,0.99826004,0.96470345,0.03221047,0.0,0.00045445
2025-01-23 02:00:00+00:00,5231.09,24.38205561,0.99813555,0.964975,0.03204463,0.0,0.0005033
2025-01-23 03:00:00+00:00,5223.2975,24.3757976,0.99823255,0.96499638,0.03206338,0.0,0.00051551
2025-01-23 04:00:00+00:00,5314.7375,24.31626138,0.99801114,0.96471391,0.03218767,0.0,0.00055046
2025-01-23 05:00:00+00:00,5703.5075,24.27206892,0.99793607,0.96547066,0.03146914,0.0,0.00046289
2025-01-23 06:00:00+00:00,6106.23,24.21258531,0.99788828,0.97235621,0.02457459,0.0,0.00034126
2025-01-23 07:00:00+00:00,6257.4025,24.24885161,0.99761044,0.97198424,0.02452943,0.0,0.00047927
2025-01-23 08:00:00+00:00,6244.21,24.20343105,0.99790971,0.97127758,0.02559969,0.0,0.00039472
2025-01-23 09:00:00+00:00,6245.0075,24.16771834,0.99793521,0.97419828,0.0227116,0.0,0.00041355
2025-01-23 10:00:00+00:00,6230.62,24.12650022,0.99793266,0.97422029,0.02268787,0.0,0.00042509
2025-01-23 11:00:00+00:00,6353.1225,24.07496879,0.99799249,0.9715868,0.0253172,0.0,0.0004396
2025-01-23 12:00:00+00:00,6368.665,23.98872112,0.99797051,0.97055332,0.02634445,0.0,0.00047627
2025-01-23 13:00:00+00:00,6400.78,23.88358274,0.99786843,0.9719737,0.02483277,0.0,0.00054068
2025-01-23 14:00:00+00:00,6438.375,23.85491694,0.99817229,0.9724143,0.02479617,0.0,0.00046361
2025-01-23 15:00:00+00:00,6493.9525,23.92306506,0.99840548,0.96487219,0.03260401,0.0,0.00037751
2025-01-23 16:00:00+00:00,6450.925,23.92724078,0.99848691,0.96471788,0.03290141,0.0,0.00035005
2025-01-23 17:00:00+00:00,6360.495,23.9773978,0.99851454,0.96348383,0.03413752,0.0,0.00031651
2025-01-23 18:00:00+00:00,6257.1975,24.002729,0.99843033,0.96299751,0.03451902,0.0,0.00031625
2025-01-23 19:00:00+00:00,6124.5675,23.9660251,0.99823636,0.96243812,0.03487661,0.0,0.00039235
2025-01-23 20:00:00+00:00,5964.375,23.92185221,0.99814328,0.96304491,0.03419749,0.0,0.0004605
2025-01-23 21:00:00+00:00,5789.19,23.92313472,0.9976876,0.9604294,0.03625717,0.0,0.00054225
2025-01-23 22:00:00+00:00,5567.6775,23.95032844,0.99781724,0.96554489,0.03128204,0.0,0.00051512
2025-01-23 23:00:00+00:00,5305.39,23.65666684,0.99620613,0.9646923,0.03039596,0.0,0.00065669
2025-01-24 00:00:00+00:00,5163.975,23.57212528,0.99565541,0.96426684,0.03027696,0.0,0.00063162
2025-01-24 01:00:00+00:00,5111.52,23.31143416,0.99413217,0.96365251,0.02930682,0.0,0.00062944
2025-01-24 02:00:00+00:00,5100.565,22.99626591,0.99210974,0.96192588,0.0288633,2.638e-05,0.00069317
2025-01-24 03:00:00+00:00,5120.92,23.02938156,0.99198013,0.96011453,0.03039645,9.8e-05,0.00072143
2025-01-24 04:00:00+00:00,5341.0725,23.75848261,0.99660346,0.96070568,0.03473733,0.0,0.00064702
2025-01-24 05:00:00+00:00,5770.9175,24.05610229,0.99781602,0.96124062,0.0353494,0.0,0.00046743
2025-01-24 06:00:00+00:00,6297.6925,24.06184936,0.99799634,0.9640536,0.0327938,0.0,0.00036803
2025-01-24 07:00:00+00:00,6531.27,24.03608975,0.99813321,0.96270841,0.03427054,0.0,0.00040428
2025-01-24 08:00:00+00:00,6502.9975,24.09473995,0.99835184,0.96080567,0.03626309,0.0,0.00042233
2025-01-24 09:00:00+00:00,6468.4975,24.01725193,0.99834993,0.961041,0.03612352,0.0,0.00042839
2025-01-24 10:00:00+00:00,6450.3075,24.01678097,0.9983925,0.96146046,0.03573734,0.0,0.00041999
2025-01-24 11:00:00+00:00,6427.8,23.83363438,0.99818948,0.96424782,0.03276611,0.0,0.00048424
2025-01-24 12:00:00+00:00,6343.1325,23.71651927,0.99787801,0.96263214,0.03402857,0.0,0.00050569
2025-01-24 13:00:00+00:00,6273.4175,24.03251888,0.99720192,0.96807965,0.02692484,0.00024452,0.00059385
2025-01-24 14:00:00+00:00,6203.08,23.5001964,0.99811943,0.97187983,0.02515458,0.0,0.00053265
2025-01-24 15:00:00+00:00,6250.4625,23.47809415,0.99822398,0.97325151,0.02397299,0.0,0.00056964
2025-01-24 16:00:00+00:00,6215.28,23.18529769,0.99684245,0.97260682,0.02328049,0.0,0.00056422
2025-01-24 17:00:00+00:00,6112.845,22.70776962,0.99512426,0.97222848,0.0219024,0.0,0.00061024
2025-01-24 18:00:00+00:00,5973.3025,21.93875859,0.99238761,0.97297498,0.01845202,0.0,0.00061848
2025-01-24 19:00:00+00:00,5729.7375,21.29066003,0.99033938,0.97306757,0.01636217,2.47e-06,0.0005535
2025-01-24 20:00:00+00:00,5459.0,21.0966619,0.98978236,0.98084024,0.00802043,0.0,0.00055425
2025-01-24 21:00:00+00:00,5184.16,20.89519484,0.99019199,0.98127597,0.00805346,0.0,0.00055981
2025-01-24 22:00:00+00:00,4990.035,20.79541813,0.98958155,0.9806953,0.00760842,0.00034468,0.00058335
2025-01-24 23:00:00+00:00,4831.38,20.85008811,0.9928564,0.98586859,0.00606029,1.062e-05,0.00066294
2025-01-25 00:00:00+00:00,4675.7975,20.73953477,0.99246115,0.98544124,0.00570287,0.00034094,0.00065991
2025-01-25 01:00:00+00:00,4572.1025,20.43010618,0.99130184,0.98538759,0.0042707,0.00055398,0.00073375
2025-01-25 02:00:00+00:00,4507.965,20.2831854,0.99083777,0.98504878,0.00416226,0.00049795,0.00073965
2025-01-25 03:00:00+00:00,4474.8325,20.47868177,0.99139735,0.98450958,0.0054764,0.00038365,0.00069325
2025-01-25 04:00:00+00:00,4483.57,20.60888553,0.99108938,0.98376885,0.00554185,0.00078022,0.00064506
2025-01-25 05:00:00+00:00,4561.3825,20.70210151,0.99098077,0.98353349,0.0056248,0.0008305,0.00063853
2025-01-25 06:00:00+00:00,4718.1775,20.86315006,0.99146172,0.98395202,0.00571165,0.00078099,0.00062279
2025-01-25 07:00:00+00:00,4950.225,21.02295455,0.99141476,0.98335286,0.00627362,0.00074874,0.00062488
2025-01-25 08:00:00+00:00,5113.795,21.51509974,0.992164,0.98209072,0.00780874,0.00113261,0.00059592
2025-01-25 09:00:00+00:00,5185.91,21.56581171,0.99261708,0.98252634,0.0078056,0.00118781,0.00056327
2025-01-25 10:00:00+00:00,5152.1825,21.63626792,0.99284966,0.98269386,0.00820306,0.00094211,0.00053504
2025-01-25 11:00:00+00:00,5075.61,21.49295549,0.99324034,0.98366881,0.00811676,0.00046279,0.00052318
2025-01-25 12:00:00+00:00,5009.89,21.03005876,0.99242155,0.98340713,0.00778356,0.0003123,0.00060094
2025-01-25 13:00:00+00:00,4989.685,21.31527997,0.99328416,0.98394046,0.00804829,0.00034179,0.00061128
2025-01-25 14:00:00+00:00,5058.545,21.73064227,0.99428875,0.98455693,0.00862609,0.00023039,0.00056286
2025-01-25 15:00:00+00:00,5219.285,22.1657971,0.9955148,0.98485401,0.00972095,7.755e-05,0.00058127
2025-01-25 16:00:00+00:00,5366.985,21.73981598,0.99455459,0.98470408,0.00890956,6.426e-05,0.00063421
2025-01-25 17:00:00+00:00,5368.115,21.34326657,0.99366112,0.98410857,0.00848439,0.00010713,0.0006173
2025-01-25 18:00:00+00:00,5251.6525,20.88860974,0.99289302,0.9836708,0.00811076,0.00019225,0.00055702
2025-01-25 19:00:00+00:00,5125.53,20.58847623,0.99223304,0.98301835,0.00774516,0.00055199,0.00058122
2025-01-25 20:00:00+00:00,5011.0725,20.53547842,0.99249269,0.98350916,0.00780718,0.00035409,0.00056631
2025-01-25 21:00:00+00:00,4837.0775,20.63614124,0.99247328,0.98310048,0.007969,0.00043193,0.00060834
2025-01-25 22:00:00+00:00,4702.7875,20.86760543,0.99240738,0.98257587,0.00788476,0.00066147,0.00062625
2025-01-25 23:00:00+00:00,4566.3,20.6604391,0.99157367,0.98162856,0.00737914,0.00116978,0.00065894
2025-01-26 00:00:00+00:00,4468.2175,20.56849279,0.99093684,0.98091462,0.00698191,0.00165409,0.00060528
2025-01-26 01:00:00+00:00,4408.195,20.79092559,0.99119384,0.98094142,0.00702861,0.00179443,0.0005433
2025-01-26 02:00:00+00:00,4340.045,21.04047222,0.99173075,0.98122351,0.00742484,0.00159216,0.00055732
2025-01-26 03:00:00+00:00,4318.945,21.05393976,0.99185981,0.9814615,0.00741802,0.00154089,0.0005934
2025-01-26 04:00:00+00:00,4328.175,21.05733093,0.9919505,0.981471,0.00765264,0.0014075,0.0006657
2025-01-26 05:00:00+00:00,4433.6975,21.23785099,0.99178949,0.98141926,0.00819323,0.00089307,0.00072384
2025-01-26 06:00:00+00:00,4574.49,21.71876044,0.99319882,0.98277234,0.00906896,0.00023934,0.00068754
2025-01-26 07:00:00+00:00,4771.04,22.37332937,0.99450195,0.97640806,0.01677643,0.00019157,0.00063586
2025-01-26 08:00:00+00:00,4993.555,22.84022028,0.99591005,0.9746006,0.02009956,7.66e-05,0.00064706
2025-01-26 09:00:00+00:00,5162.6875,23.64101892,0.99788863,0.97010389,0.02681693,0.0,0.00051069
2025-01-26 10:00:00+00:00,5046.9225,23.70293242,0.99820076,0.96432109,0.03311262,0.0,0.00026401
2025-01-26 11:00:00+00:00,5037.04,23.70574243,0.99797442,0.96331472,0.03373869,0.0,0.00040814
2025-01-26 12:00:00+00:00,4983.8125,23.79251765,0.9978618,0.96368336,0.03315441,0.0,0.00054592
2025-01-26 13:00:00+00:00,5008.0675,23.80901873,0.9977093,0.96392616,0.03277687,0.0,0.000562
2025-01-26 14:00:00+00:00,5071.865,23.99001742,0.99779934,0.96381606,0.03300999,0.0,0.00048297
2025-01-26 15:00:00+00:00,5291.0025,23.84618351,0.99822087,0.96468815,0.03271301,0.0,0.00027759
2025-01-26 16:00:00+00:00,5457.9125,23.7527959,0.99845371,0.96544114,0.03216653,0.0,0.00019197
2025-01-26 17:00:00+00:00,5441.4925,23.69914761,0.9985888,0.96559321,0.0321413,0.0,0.0001486
2025-01-26 18:00:00+00:00,5391.3375,23.67849185,0.99858366,0.96533896,0.03243882,0.0,0.00018431
2025-01-26 19:00:00+00:00,5360.135,23.75596122,0.99837546,0.96553873,0.03207674,0.0,0.00025335
2025-01-26 20:00:00+00:00,5274.2575,23.7937704,0.99818562,0.96486268,0.03253222,0.0,0.00030261
2025-01-26 21:00:00+00:00,5076.59,23.74140127,0.99805815,0.963545,0.03364753,0.0,0.00042862
2025-01-26 22:00:00+00:00,4853.935,23.02882583,0.99538505,0.97283843,0.02153516,7.07e-06,0.00057868
2025-01-26 23:00:00+00:00,4711.3625,23.60784264,0.99740324,0.9886792,0.00756899,0.0,0.00079946
2025-01-27 00:00:00+00:00,4551.81,23.24660293,0.99530452,0.97983073,0.01407102,0.0,0.00087559
2025-01-27 01:00:00+00:00,4488.515,21.38397331,0.98858149,0.98210144,0.00536502,3.987e-05,0.00063172
2025-01-27 02:00:00+00:00,4493.425,21.72579965,0.98706334,0.98055258,0.00394009,0.00046994,0.00072138
2025-01-27 03:00:00+00:00,4512.895,21.72573299,0.98634363,0.97979909,0.00388826,0.00045385,0.00075633
2025-01-27 04:00:00+00:00,4695.5225,21.82611216,0.98801779,0.97729299,0.00927297,0.00015645,0.00059749
2025-01-27 05:00:00+00:00,5266.48,23.63790699,0.99522605,0.96609409,0.02822291,1.78e-06,0.00035286
2025-01-27 06:00:00+00:00,5683.11,24.13972378,0.99862979,0.96070678,0.03707443,1.19e-06,0.00017413
2025-01-27 07:00:00+00:00,5788.46,24.15889066,0.99888446,0.95810997,0.03960156,6.7e-07,0.00014686
2025-01-27 08:00:00+00:00,5827.085,24.08627475,0.99913458,0.95825193,0.03972867,7.6e-07,9.839e-05
2025-01-27 09:00:00+00:00,5816.1325,24.05601711,0.99912915,0.9629768,0.03515632,1.64e-06,0.00016679
2025-01-27 10:00:00+00:00,5855.4175,23.98996633,0.99890913,0.96351437,0.0344933,3.48e-06,0.00024674
2025-01-27 11:00:00+00:00,5794.7975,23.29189452,0.99467669,0.96516827,0.02852273,4.9e-06,0.00033023
2025-01-27 12:00:00+00:00,5792.995,22.73479281,0.99206918,0.97373378,0.01728165,5.89e-06,0.00043963
2025-01-27 13:00:00+00:00,5840.09,23.11084508,0.99377742,0.9688946,0.02378788,6.017e-05,0.00041054
2025-01-27 14:00:00+00:00,5970.0775,23.8603783,0.99896656,0.96381245,0.03426891,5.2e-07,0.00033362
2025-01-27 15:00:00+00:00,6133.2825,23.75660066,0.99912724,0.96689387,0.03129976,0.0,0.00032024
2025-01-27 16:00:00+00:00,6158.615,23.7097077,0.99938649,0.97361244,0.02484636,0.0,0.00019855
2025-01-27 17:00:00+00:00,6033.37,23.73927029,0.99922816,0.96585469,0.03243516,0.0,0.00021729
2025-01-27 18:00:00+00:00,5934.8625,23.70827698,0.99895458,0.96867282,0.02932382,0.0,0.00046043
2025-01-27 19:00:00+00:00,5839.175,23.56245399,0.99736561,0.97244172,0.02381147,0.0,0.00063623
2025-01-27 20:00:00+00:00,5679.115,23.28690212,0.99532076,0.97668554,0.01757134,0.0,0.00065806
2025-01-27 21:00:00+00:00,5474.555,23.2260286,0.99472749,0.97658347,0.01705771,0.0,0.00065799
2025-01-27 22:00:00+00:00,5201.4825,23.29484704,0.9945412,0.97526319,0.01788861,6.897e-05,0.00059175
2025-01-27 23:00:00+00:00,4960.9675,22.7710715,0.99148426,0.97057972,0.01906328,0.00037884,0.00072066
2025-01-28 00:00:00+00:00,4818.5075,22.56285538,0.99060258,0.9711178,0.01728341,0.00080114,0.00080247
2025-01-28 01:00:00+00:00,4701.4925,22.90423207,0.99052369,0.97166061,0.01588132,0.00130397,0.00082183
2025-01-28 02:00:00+00:00,4669.55,22.77251767,0.98894307,0.96931534,0.01629917,0.00174195,0.00079166
2025-01-28 03:00:00+00:00,4635.2475,23.50978517,0.99367666,0.96948754,0.02180429,0.00082059,0.00070297
2025-01-28 04:00:00+00:00,4796.3125,24.09071395,0.99703507,0.96882118,0.02662245,8.85e-05,0.00070182
2025-01-28 05:00:00+00:00,5177.85,23.93375032,0.99661467,0.97247704,0.02261234,0.00010387,0.00056957
2025-01-28 06:00:00+00:00,5503.07,23.92618781,0.99615601,0.98686854,0.00773944,0.00012596,0.00057497
2025-01-28 07:00:00+00:00,5613.745,24.1299025,0.99471278,0.97296065,0.01959809,0.00048613,0.00053428
2025-01-28 08:00:00+00:00,5708.9975,24.37763131,0.99392247,0.97108816,0.02024434,0.00057563,0.00059029
2025-01-28 09:00:00+00:00,5714.1375,24.39793174,0.99498123,0.97191115,0.02082964,0.00040912,0.00060136
2025-01-28 10:00:00+00:00,5608.3075,24.50771339,0.99815524,0.97386063,0.02270565,3.645e-05,0.00059475
2025-01-28 11:00:00+00:00,5577.84,24.67887165,0.99813909,0.97318057,0.02325866,1.13e-06,0.00052583
2025-01-28 12:00:00+00:00,5510.2825,25.16569096,0.99711037,0.97119486,0.02345173,3.99e-06,0.00042671
2025-01-28 13:00:00+00:00,5424.8325,24.94214451,0.9973169,0.9713605,0.02384813,3.81e-06,0.00047928
2025-01-28 14:00:00+00:00,5472.315,24.49924436,0.99782192,0.97265654,0.02382397,0.0,0.00045081
2025-01-28 15:00:00+00:00,5621.8575,24.59838805,0.99780026,0.97298277,0.02337816,3.11e-06,0.00039879
2025-01-28 16:00:00+00:00,5656.92,24.39363982,0.99840827,0.97371668,0.02360283,0.0,0.00035164
2025-01-28 17:00:00+00:00,5563.975,24.32680414,0.99842598,0.97363813,0.02371606,0.0,0.00033315
2025-01-28 18:00:00+00:00,5442.3875,24.37492262,0.9982004,0.97440015,0.02268266,0.0,0.00045709
2025-01-28 19:00:00+00:00,5506.0325,24.3681757,0.99821017,0.97452972,0.02258438,0.0,0.00047358
2025-01-28 20:00:00+00:00,5435.4525,24.30912541,0.9982222,0.97457481,0.02256693,0.0,0.00046919
2025-01-28 21:00:00+00:00,5269.6825,24.31184102,0.99791296,0.97325863,0.02347768,0.0,0.00061044
2025-01-28 22:00:00+00:00,5013.26,24.33565787,0.99755907,0.97200377,0.02401206,0.0,0.00079044
2025-01-28 23:00:00+00:00,4801.3475,24.16946228,0.99707632,0.9697136,0.02608062,0.0,0.000775
2025-01-29 00:00:00+00:00,4667.6775,23.95735222,0.99500349,0.97051607,0.02299609,0.0,0.00092004
2025-01-29 01:00:00+00:00,4592.905,23.68158383,0.99328998,0.97091735,0.02093983,0.0,0.00092136
2025-01-29 02:00:00+00:00,4547.1425,23.81187955,0.99388542,0.97099406,0.02138608,0.0,0.00089802
2025-01-29 03:00:00+00:00,4528.41,23.87514271,0.99490437,0.97159695,0.02190455,0.0,0.00087835
2025-01-29 04:00:00+00:00,4605.6725,24.43264927,0.99704527,0.96991137,0.02524167,0.0,0.00071168
2025-01-29 05:00:00+00:00,5026.055,24.21220761,0.99766965,0.96905292,0.0272025,0.0,0.0004327
2025-01-29 06:00:00+00:00,5320.1925,24.19779142,0.99797045,0.97229839,0.02431102,0.0,0.00045787
2025-01-29 07:00:00+00:00,5382.625,24.17581067,0.99799547,0.97273813,0.02395755,0.0,0.00047155
2025-01-29 08:00:00+00:00,5435.6975,24.03506813,0.99791795,0.97384185,0.02300684,0.0,0.00055318
2025-01-29 09:00:00+00:00,5454.515,24.12006235,0.99781981,0.97410493,0.02248675,0.0,0.00059107
2025-01-29 10:00:00+00:00,5462.24,24.24631598,0.99786985,0.97662593,0.0197671,0.0,0.00061196
2025-01-29 11:00:00+00:00,5474.2575,24.24815711,0.99717143,0.98362529,0.01204736,0.0,0.00073736
2025-01-29 12:00:00+00:00,5436.9125,24.28342391,0.99712601,0.98236733,0.01308358,0.0,0.00080777
2025-01-29 13:00:00+00:00,5432.3825,24.27778274,0.99775997,0.98336161,0.01287307,0.0,0.00066679
2025-01-29 14:00:00+00:00,5424.1025,24.25780032,0.99795739,0.98439378,0.01208262,0.0,0.000599
2025-01-29 15:00:00+00:00,5486.8875,24.24972996,0.99812019,0.98483239,0.0118775,0.0,0.0005411
2025-01-29 16:00:00+00:00,5551.24,24.23221613,0.99795527,0.98217307,0.0143173,1.707e-05,0.00058637
2025-01-29 17:00:00+00:00,5457.0925,24.2735661,0.99815004,0.97363531,0.02307622,0.0,0.00053718
2025-01-29 18:00:00+00:00,5402.7375,24.28366413,0.99792109,0.97348183,0.02300067,0.0,0.00056325
2025-01-29 19:00:00+00:00,5427.4875,24.31973191,0.99798956,0.97349014,0.02306905,0.0,0.00051377
2025-01-29 20:00:00+00:00,5304.34,24.38061338,0.99795853,0.97321875,0.02329625,0.0,0.00045403
2025-01-29 21:00:00+00:00,5134.5475,24.28141675,0.99664732,0.97036371,0.024506,0.00012113,0.00059402
2025-01-29 22:00:00+00:00,4913.825,23.85072009,0.99403994,0.96818345,0.02384517,0.00037707,0.00068209
2025-01-29 23:00:00+00:00,4644.7675,23.87743524,0.99285221,0.96647278,0.02375283,0.0006695,0.00093518
2025-01-30 00:00:00+00:00,4538.65,23.58233781,0.99076091,0.96783552,0.01965411,0.00124396,0.00097817
2025-01-30 01:00:00+00:00,4459.3325,23.1955379,0.98648769,0.96374692,0.01862396,0.00194952,0.00101752
2025-01-30 02:00:00+00:00,4477.8125,23.01470144,0.98481689,0.96181893,0.01856635,0.00227598,0.00097356
2025-01-30 03:00:00+00:00,4510.6875,22.90924911,0.98454725,0.96115379,0.01941988,0.00199335,0.00094603
2025-01-30 04:00:00+00:00,4676.505,22.81143337,0.98393865,0.96389339,0.01695084,0.00128301,0.00089503
2025-01-30 05:00:00+00:00,5128.1325,23.91320631,0.99067533,0.96621355,0.02231518,0.00047847,0.00079878
2025-01-30 06:00:00+00:00,5635.8775,24.54042116,0.99777523,0.96996737,0.02643411,0.0,0.00047575
2025-01-30 07:00:00+00:00,5700.835,24.44442723,0.99793305,0.96934905,0.02742286,0.0,0.00042886
2025-01-30 08:00:00+00:00,5660.82,24.44094579,0.99773432,0.96901569,0.02756528,0.0,0.00042632
2025-01-30 09:00:00+00:00,5671.8275,24.4198134,0.99781079,0.96749342,0.02923138,0.0,0.00036428
2025-01-30 10:00:00+00:00,5664.335,24.62395904,0.9977202,0.96762238,0.02855965,9.7e-07,0.00041813
2025-01-30 11:00:00+00:00,5615.4475,24.68373492,0.99686708,0.96808225,0.02689113,3e-05,0.00056141
2025-01-30 12:00:00+00:00,5581.305,24.78332586,0.99766487,0.96850366,0.0271966,0.0,0.00056828
2025-01-30 13:00:00+00:00,5516.1975,24.71160995,0.99776805,0.96791992,0.02807752,4.96e-06,0.00048303
2025-01-30 14:00:00+00:00,5629.6825,24.73334067,0.99812685,0.96776624,0.02860701,4.62e-06,0.00037203
2025-01-30 15:00:00+00:00,5731.8425,24.5848796,0.99834935,0.96862532,0.02826561,0.0,0.00031931
2025-01-30 16:00:00+00:00,5761.1575,24.52200913,0.9983592,0.96896448,0.0279733,0.0,0.00024752
2025-01-30 17:00:00+00:00,5739.395,24.4951695,0.99832528,0.96762829,0.02925903,0.0,0.00023537
2025-01-30 18:00:00+00:00,5752.3475,24.4327235,0.99830365,0.96925223,0.02774543,0.0,0.00032207
2025-01-30 19:00:00+00:00,5736.395,24.55065749,0.99810091,0.96922395,0.02727293,0.0,0.00037753
2025-01-30 20:00:00+00:00,5681.1425,24.44710544,0.99771916,0.96872585,0.02754651,1.626e-05,0.00042514
2025-01-30 21:00:00+00:00,5525.135,23.58307164,0.99129915,0.96620102,0.02316692,0.00037931,0.00064658
2025-01-30 22:00:00+00:00,5316.9425,23.10299867,0.98872742,0.9651647,0.02136942,0.00050276,0.0008526
2025-01-30 23:00:00+00:00,5106.565,23.43518915,0.99241602,0.9697017,0.02095986,0.00035667,0.00071269
2025-01-31 00:00:00+00:00,5035.3475,23.60842903,0.99253946,0.96953162,0.02097231,0.00026107,0.00085438
2025-01-31 01:00:00+00:00,4966.74,23.42303847,0.99268438,0.96963452,0.02126591,0.00026231,0.00085022
2025-01-31 02:00:00+00:00,4938.3725,23.34455038,0.99220817,0.96930089,0.02118651,0.00027463,0.00086393
2025-01-31 03:00:00+00:00,4971.7,23.51038386,0.99294126,0.96975836,0.02152711,0.00023923,0.00084837
2025-01-31 04:00:00+00:00,5149.65,23.99001448,0.99624189,0.97183545,0.02312445,3.87e-05,0.0007269
2025-01-31 05:00:00+00:00,5528.3675,24.1915655,0.99786969,0.97098695,0.0258882,0.0,0.00047496
2025-01-31 06:00:00+00:00,5926.2775,24.17362208,0.99787301,0.97214105,0.02477988,0.0,0.00045553
2025-01-31 07:00:00+00:00,6110.345,23.7161996,0.99399728,0.97052476,0.02225153,0.00023195,0.00050081
2025-01-31 08:00:00+00:00,6121.8925,23.64004714,0.99245877,0.96911491,0.02199092,0.00031565,0.00051433
2025-01-31 09:00:00+00:00,6013.4375,23.94648968,0.99641369,0.97086884,0.02451236,9.312e-05,0.00042634
2025-01-31 10:00:00+00:00,5905.71,24.21451094,0.9977468,0.97078631,0.02569212,1.076e-05,0.00044217
2025-01-31 11:00:00+00:00,5740.6,24.38917937,0.99807772,0.96954462,0.02684901,6.12e-06,0.00047279
2025-01-31 12:00:00+00:00,5611.0275,24.38319393,0.9981922,0.9697212,0.02684617,0.0,0.00053597
2025-01-31 13:00:00+00:00,5551.9425,24.26390572,0.99781978,0.97018943,0.02615682,1.279e-05,0.0005154
2025-01-31 14:00:00+00:00,5538.9475,24.15122436,0.99812997,0.97006422,0.02700782,0.0,0.00048469
2025-01-31 15:00:00+00:00,5724.4225,23.9704898,0.99749998,0.97128669,0.02513659,8.49e-06,0.00043804
2025-01-31 16:00:00+00:00,5868.955,24.15256139,0.99844756,0.97298672,0.02399591,0.0,0.00036611
2025-01-31 17:00:00+00:00,5850.395,24.07911996,0.99869022,0.97162248,0.02579349,0.0,0.00035067
2025-01-31 18:00:00+00:00,5786.495,23.90582211,0.99868777,0.96478282,0.03284331,4.36e-06,0.00025455
2025-01-31 19:00:00+00:00,5764.005,23.7149169,0.99777303,0.96168185,0.03497075,6e-06,0.00031451
2025-01-31 20:00:00+00:00,5587.2175,23.28050438,0.99459471,0.96149453,0.032024,5.79e-06,0.00037325
2025-01-31 21:00:00+00:00,5510.4225,23.00904459,0.99319469,0.96177467,0.03023658,7.16e-06,0.00046326
2025-01-31 22:00:00+00:00,5475.675,22.98573238,0.99248306,0.95961576,0.03137235,6.07e-06,0.0005709
2025-01-31 23:00:00+00:00,5391.1375,23.40395505,0.99641862,0.97113463,0.02403508,3.62e-06,0.00047485
2025-02-01 00:00:00+00:00,5301.6475,23.20935506,0.99613287,0.97190386,0.02315425,2.52e-06,0.00049749
2025-02-01 01:00:00+00:00,5226.7075,22.81705403,0.99465464,0.97140718,0.02222697,3.27e-06,0.0005211
2025-02-01 02:00:00+00:00,5200.4525,22.5460728,0.99351608,0.97100741,0.02148204,8.41e-06,0.00058683
2025-02-01 03:00:00+00:00,5204.7175,22.54765598,0.99337154,0.97074469,0.0215384,1.107e-05,0.00062798
2025-02-01 04:00:00+00:00,5241.225,22.77853146,0.99388927,0.97084723,0.0220175,7.56e-06,0.00057395
2025-02-01 05:00:00+00:00,5350.785,22.93013811,0.99397248,0.97108137,0.02187832,8.45e-06,0.00055576
2025-02-01 06:00:00+00:00,5537.965,23.71983112,0.99640365,0.97084998,0.02449996,5.66e-06,0.00055303
2025-02-01 07:00:00+00:00,5775.0425,23.80327529,0.99667078,0.96223555,0.03354913,3.89e-06,0.00038667
2025-02-01 08:00:00+00:00,5745.4875,24.15927609,0.99795052,0.96202927,0.03505563,1.65e-06,0.00033674
2025-02-01 09:00:00+00:00,5758.09,24.24070315,0.99815652,0.96198893,0.03533615,2.6e-06,0.00029357
2025-02-01 10:00:00+00:00,5646.2825,24.31631941,0.99773635,0.96063388,0.03620001,4.2e-06,0.00035787
2025-02-01 11:00:00+00:00,5572.0775,24.31860984,0.99775415,0.96484809,0.03204695,4.28e-06,0.00030509
2025-02-01 12:00:00+00:00,5471.915,24.31135002,0.99775749,0.96715937,0.02974788,4.91e-06,0.0002877
2025-02-01 13:00:00+00:00,5419.11,24.30831475,0.99769827,0.97008876,0.02672308,2.97e-06,0.00031582
2025-02-01 14:00:00+00:00,5422.4275,24.34202445,0.99756246,0.97159036,0.02494512,0.0,0.00042416
2025-02-01 15:00:00+00:00,5612.3075,24.33655218,0.99756952,0.97122045,0.02531321,5.56e-06,0.00043505
2025-02-01 16:00:00+00:00,5838.0775,24.28649933,0.99766035,0.97129334,0.0254181,5.35e-06,0.00035852
2025-02-01 17:00:00+00:00,5884.4975,24.05296038,0.99617313,0.97195519,0.02323677,2.498e-05,0.00041955
2025-02-01 18:00:00+00:00,5851.69,24.22973658,0.99790522,0.9713874,0.02557903,0.0,0.00038179
2025-02-01 19:00:00+00:00,5742.2925,24.28328893,0.99799372,0.97117994,0.02591833,0.0,0.00031768
2025-02-01 20:00:00+00:00,5645.725,24.29291241,0.99799111,0.97077939,0.02632749,0.0,0.00029595
2025-02-01 21:00:00+00:00,5733.2325,24.3271031,0.99785983,0.97056333,0.02638207,0.0,0.00032235
2025-02-01 22:00:00+00:00,5683.265,24.31588334,0.99778614,0.96951463,0.02734965,0.0,0.00030145
2025-02-01 23:00:00+00:00,5617.175,24.33751358,0.99759521,0.96257984,0.03395327,0.0,0.00047309
2025-02-02 00:00:00+00:00,5495.945,24.27882004,0.99749568,0.96617804,0.03023317,0.0,0.0005508
2025-02-02 01:00:00+00:00,5378.475,24.19870139,0.99739355,0.96887201,0.02738682,0.0,0.00061562
2025-02-02 02:00:00+00:00,5286.3675,24.16896864,0.99735979,0.96800091,0.02823408,0.0,0.00061871
2025-02-02 03:00:00+00:00,5251.31,24.11402256,0.99747748,0.96814516,0.02816987,0.0,0.00067416
2025-02-02 04:00:00+00:00,5229.83,24.13439323,0.99767322,0.96893291,0.02775936,0.0,0.00050821
2025-02-02 05:00:00+00:00,5250.8375,24.16728442,0.99765592,0.96812032,0.02858671,0.0,0.00041363
2025-02-02 06:00:00+00:00,5204.36,24.14486017,0.99785854,0.96848796,0.0285067,0.0,0.00032468
2025-02-02 07:00:00+00:00,5322.3525,24.12333305,0.99772377,0.96878965,0.02792762,0.0,0.00037021
2025-02-02 08:00:00+00:00,5516.365,24.08856632,0.99786475,0.96788383,0.02904204,0.0,0.00031185
2025-02-02 09:00:00+00:00,5675.505,24.11632298,0.99795088,0.96546584,0.03151773,0.0,0.00028386
2025-02-02 10:00:00+00:00,5726.4725,24.1207138,0.99799967,0.95908753,0.0379797,0.0,0.00027152
2025-02-02 11:00:00+00:00,5750.5825,24.14789627,0.9979644,0.95868606,0.03831135,0.0,0.00026368
2025-02-02 12:00:00+00:00,5746.5625,24.23604388,0.99800292,0.95999971,0.03681919,0.0,0.00033981
2025-02-02 13:00:00+00:00,5776.4175,24.20026491,0.99800587,0.95951576,0.03735903,0.0,0.00034167
2025-02-02 14:00:00+00:00,5831.3775,24.17003244,0.99803827,0.95663801,0.04019552,0.0,0.00027251
2025-02-02 15:00:00+00:00,5886.3975,24.27327451,0.99798072,0.95751944,0.03897434,0.0,0.00030672
2025-02-02 16:00:00+00:00,5987.5725,24.19814013,0.99802569,0.95729001,0.03945458,0.0,0.00030002
2025-02-02 17:00:00+00:00,5939.4275,24.16052006,0.99804109,0.95916583,0.03765501,0.0,0.00028523
2025-02-02 18:00:00+00:00,5855.2025,24.12678631,0.99786901,0.95984935,0.03690626,0.0,0.00030995
2025-02-02 19:00:00+00:00,5783.35,24.10007398,0.99782246,0.96041169,0.03636165,0.0,0.00034502
2025-02-02 20:00:00+00:00,5713.2525,24.10622731,0.99788953,0.96070284,0.03620493,0.0,0.00031226
2025-02-02 21:00:00+00:00,5703.7275,24.1323097,0.99806075,0.96039387,0.03665529,0.0,0.00028654
2025-02-02 22:00:00+00:00,5596.635,24.1741208,0.99773236,0.9570606,0.03955764,0.0,0.00036749
2025-02-02 23:00:00+00:00,5483.9575,24.19873911,0.9976661,0.95770381,0.03899833,0.0,0.00038583
2025-02-03 00:00:00+00:00,5417.965,24.28922141,0.99747767,0.96063332,0.03550603,0.0,0.00055444
2025-02-03 01:00:00+00:00,5316.84,24.29138649,0.99750949,0.95919931,0.03688689,0.0,0.00051035
2025-02-03 02:00:00+00:00,5230.5375,24.17952577,0.99735751,0.96030112,0.03572144,0.0,0.0005844
2025-02-03 03:00:00+00:00,5202.7025,24.12437979,0.99753536,0.96057023,0.03572684,0.0,0.00057651
2025-02-03 04:00:00+00:00,5263.6225,24.18880348,0.99798694,0.96176729,0.03517423,0.0,0.00036474
2025-02-03 05:00:00+00:00,5586.435,24.16710224,0.99802794,0.9586547,0.0382789,0.0,0.00031204
2025-02-03 06:00:00+00:00,6051.8675,24.18122371,0.99804945,0.95820031,0.03865592,0.0,0.00027975
2025-02-03 07:00:00+00:00,6188.87,24.17163151,0.99801551,0.95641975,0.04038909,0.0,0.00028446
2025-02-03 08:00:00+00:00,6195.7875,24.19759681,0.99800042,0.9583802,0.03837843,0.0,0.00030034
2025-02-03 09:00:00+00:00,6161.485,24.2703177,0.99812689,0.95612276,0.04064369,2.09e-05,0.00027362
2025-02-03 10:00:00+00:00,6145.6925,24.22286193,0.99817741,0.95732987,0.03962689,0.0,0.00025507
2025-02-03 11:00:00+00:00,6111.55,24.27647443,0.99813919,0.95681657,0.04002307,0.0,0.00024909
2025-02-03 12:00:00+00:00,6049.235,24.23578111,0.99812468,0.95725801,0.03966889,0.0,0.00026696
2025-02-03 13:00:00+00:00,6017.77,24.24703203,0.99803575,0.95727202,0.03949988,0.0,0.00028756
2025-02-03 14:00:00+00:00,5992.3,24.21265557,0.99793216,0.9552481,0.04139617,0.0,0.00031387
2025-02-03 15:00:00+00:00,6092.005,24.18321283,0.99808838,0.95778281,0.03906679,0.0,0.00027834
2025-02-03 16:00:00+00:00,6097.275,24.21625763,0.99811751,0.95909841,0.03774129,1.6e-07,0.00025152
2025-02-03 17:00:00+00:00,5991.395,24.21977451,0.99816311,0.96015854,0.03679089,3.6e-07,0.00025403
2025-02-03 18:00:00+00:00,5884.6925,24.2269818,0.99825363,0.95939163,0.03760459,3.1e-07,0.00026796
2025-02-03 19:00:00+00:00,5792.3425,24.17402357,0.99826924,0.96009001,0.03701062,1e-08,0.00028063
2025-02-03 20:00:00+00:00,5661.21,24.13451909,0.99818133,0.96077292,0.03639876,0.0,0.00027609
2025-02-03 21:00:00+00:00,5477.7825,24.11246311,0.99822295,0.96145102,0.03582419,0.0,0.00029431
2025-02-03 22:00:00+00:00,5306.36,24.19391309,0.99802195,0.96184941,0.03500993,0.0,0.00039366
2025-02-03 23:00:00+00:00,5074.8,24.15606829,0.99815596,0.96454884,0.03275384,0.0,0.00026779
2025-02-04 00:00:00+00:00,4906.6575,24.18631515,0.99799523,0.96384353,0.033274,0.0,0.00028783
2025-02-04 01:00:00+00:00,4807.3725,24.19617538,0.99782659,0.96317154,0.03372743,0.0,0.00040459
2025-02-04 02:00:00+00:00,4762.965,24.18755435,0.99771717,0.96277193,0.0339952,0.0,0.0004295
2025-02-04 03:00:00+00:00,4745.2425,24.14724005,0.99792633,0.9621413,0.03479395,0.0,0.00041677
2025-02-04 04:00:00+00:00,4827.12,24.26713854,0.9980616,0.96172671,0.03506003,0.0,0.00032061
2025-02-04 05:00:00+00:00,5169.3325,24.23988312,0.99788764,0.96239297,0.03427025,0.0,0.00030455
2025-02-04 06:00:00+00:00,5581.9375,24.27159028,0.99817897,0.9610546,0.03580144,0.0,0.00024136
2025-02-04 07:00:00+00:00,5674.6625,24.08434451,0.998064,0.96402395,0.03304724,0.0,0.00029367
2025-02-04 08:00:00+00:00,5648.725,23.92276853,0.99818356,0.96529465,0.03192084,0.0,0.000292
2025-02-04 09:00:00+00:00,5606.6425,23.87397284,0.99848838,0.96557752,0.0319463,0.0,0.00027534
2025-02-04 10:00:00+00:00,5574.28,23.80427031,0.99857115,0.96448694,0.03315742,0.0,0.00026275
2025-02-04 11:00:00+00:00,5551.685,23.78224965,0.99835165,0.96249213,0.03489289,0.0,0.00035929
2025-02-04 12:00:00+00:00,5539.0775,23.7667088,0.99841381,0.96426257,0.03317938,0.0,0.00034001
2025-02-04 13:00:00+00:00,5595.3,23.75465102,0.99834661,0.96145652,0.03584228,0.0,0.00041729
2025-02-04 14:00:00+00:00,5625.0475,23.76816021,0.99823104,0.96119775,0.03592622,0.0,0.00049082
2025-02-04 15:00:00+00:00,5753.8025,23.84389381,0.99852417,0.96189016,0.03550278,0.0,0.00036419
2025-02-04 16:00:00+00:00,5772.5725,23.75883437,0.99853238,0.96244039,0.03512228,0.0,0.00027613
2025-02-04 17:00:00+00:00,5650.9075,23.67048735,0.99818158,0.96915108,0.02789601,0.0,0.00043773
2025-02-04 18:00:00+00:00,5544.255,23.65304897,0.99788702,0.97208873,0.02433445,2.764e-05,0.00061945
2025-02-04 19:00:00+00:00,5522.8725,23.47942278,0.9967737,0.97166415,0.02342092,0.00010581,0.0007583
2025-02-04 20:00:00+00:00,5391.79,23.06978286,0.99503416,0.9723558,0.02090845,0.00021751,0.00077629
2025-02-04 21:00:00+00:00,5233.7825,22.38790991,0.99335966,0.97292167,0.01899626,0.00022409,0.00071243
2025-02-04 22:00:00+00:00,4945.875,21.86651074,0.99155494,0.97241388,0.0178255,0.00028044,0.00059876
2025-02-04 23:00:00+00:00,4683.97,21.28550509,0.99037508,0.97841496,0.01070468,0.0003054,0.00059228
2025-02-05 00:00:00+00:00,4551.38,20.93580032,0.98949271,0.97976159,0.00849455,0.00033747,0.00058332
2025-02-05 01:00:00+00:00,4453.0925,20.576497,0.98813246,0.97894561,0.00793132,0.00035941,0.00059607
2025-02-05 02:00:00+00:00,4371.985,20.17688377,0.98683782,0.97830071,0.00738761,0.00031934,0.0005659
2025-02-05 03:00:00+00:00,4354.295,20.18398445,0.98716695,0.97850266,0.00765512,0.0002556,0.00057873
2025-02-05 04:00:00+00:00,4506.12,20.46208562,0.98791738,0.97889968,0.00814002,0.00015098,0.00056221
2025-02-05 05:00:00+00:00,4932.1425,21.28584881,0.99013028,0.97965092,0.00938357,8.14e-05,0.00067208
2025-02-05 06:00:00+00:00,5354.795,22.3723671,0.99423209,0.98238244,0.01058117,2.762e-05,0.00068166
2025-02-05 07:00:00+00:00,5423.41,22.61314888,0.99539413,0.98308226,0.01117664,3.389e-05,0.00066615
2025-02-05 08:00:00+00:00,5362.8075,22.84521646,0.99570883,0.98289418,0.01164672,3.032e-05,0.00072482
2025-02-05 09:00:00+00:00,5248.5375,23.19912792,0.99628763,0.98294646,0.01210959,1.903e-05,0.00073309
2025-02-05 10:00:00+00:00,5111.51,22.83994601,0.99444369,0.98172715,0.01129859,5.43e-05,0.00075394
2025-02-05 11:00:00+00:00,4949.6025,22.45944577,0.99238587,0.98038853,0.0107935,4.583e-05,0.00076972
2025-02-05 12:00:00+00:00,4849.6575,22.36800269,0.99144595,0.9796847,0.01061106,6.272e-05,0.00074714
2025-02-05 13:00:00+00:00,4860.455,22.06548324,0.99093672,0.97183258,0.01789766,0.00010498,0.00077352
2025-02-05 14:00:00+00:00,4948.3275,22.10619472,0.99184637,0.9723726,0.01826606,6.319e-05,0.00079459
2025-02-05 15:00:00+00:00,5165.465,22.29937455,0.99338155,0.97378945,0.01862215,0.0,0.0006799
2025-02-05 16:00:00+00:00,5362.075,23.21093672,0.99706537,0.97519189,0.02092457,0.0,0.00059578
2025-02-05 17:00:00+00:00,5353.045,23.25174942,0.99680936,0.97465549,0.02119139,0.0,0.0005855
2025-02-05 18:00:00+00:00,5351.795,22.93751368,0.99496983,0.97376598,0.02011617,0.0,0.00068265
2025-02-05 19:00:00+00:00,5329.83,22.7453219,0.99422245,0.97336822,0.01981676,3.187e-05,0.00067943
2025-02-05 20:00:00+00:00,5266.3625,22.7634106,0.99353032,0.97230942,0.01998659,8.096e-05,0.00067371
2025-02-05 21:00:00+00:00,5269.335,22.3789651,0.99188534,0.97205018,0.01859507,0.00012417,0.00068715
2025-02-05 22:00:00+00:00,5070.4575,22.39188332,0.99251389,0.97256728,0.01888809,0.0,0.00070491
2025-02-05 23:00:00+00:00,4872.9975,22.15198304,0.991669,0.9655176,0.02498499,0.00012144,0.00071125
2025-02-06 00:00:00+00:00,4787.42,22.28698463,0.99232567,0.96514672,0.0259393,0.000181,0.00072829
2025-02-06 01:00:00+00:00,4709.135,22.4808645,0.99299041,0.96570428,0.02622599,7.221e-05,0.00069476
2025-02-06 02:00:00+00:00,4707.2475,22.82940826,0.99482727,0.96600603,0.02776281,0.0,0.00010641
2025-02-06 03:00:00+00:00,4737.9075,23.18386563,0.99588631,0.96559465,0.02924229,0.0,0.00011382
2025-02-06 04:00:00+00:00,4906.325,23.94606943,0.99861448,0.96340454,0.03412734,0.0,0.00011664
2025-02-06 05:00:00+00:00,5376.9475,24.03705828,0.99820859,0.96882034,0.02832006,0.0,0.0001005
2025-02-06 06:00:00+00:00,5827.2,24.40363918,0.99854806,0.96002481,0.03708725,0.0,5.743e-05
2025-02-06 07:00:00+00:00,5964.1375,24.35071488,0.99863104,0.95955195,0.0377366,0.0,5.46e-05
2025-02-06 08:00:00+00:00,5910.745,24.23201731,0.99861247,0.95975451,0.03773568,0.0,4.647e-05
2025-02-06 09:00:00+00:00,5744.0925,23.85120707,0.99863983,0.96063303,0.03766066,0.0,4.053e-05
2025-02-06 10:00:00+00:00,5557.1875,23.81095829,0.99861802,0.96081097,0.03749103,0.0,4.179e-05
2025-02-06 11:00:00+00:00,5440.8125,23.88873285,0.99841695,0.95900432,0.0385459,0.0,7.161e-05
2025-02-06 12:00:00+00:00,5361.09,23.85414638,0.99831398,0.95875119,0.03851433,0.0,0.00011151
2025-02-06 13:00:00+00:00,5259.2175,23.95809899,0.99830806,0.95852274,0.03879411,0.0,9.302e-05
2025-02-06 14:00:00+00:00,5283.4175,24.01645858,0.99836888,0.95886659,0.03850919,0.0,9.31e-05
2025-02-06 15:00:00+00:00,5490.3525,24.08784391,0.99853246,0.95980405,0.03777701,0.0,7.69e-05
2025-02-06 16:00:00+00:00,5650.4175,24.13240915,0.99857769,0.95991066,0.03774841,0.0,6.618e-05
2025-02-06 17:00:00+00:00,5664.915,24.17994498,0.99842218,0.96047944,0.0370477,0.0,6.594e-05
2025-02-06 18:00:00+00:00,5646.17,24.17693813,0.99823798,0.96131794,0.03598328,0.0,9.083e-05
2025-02-06 19:00:00+00:00,5631.51,24.20418195,0.99816818,0.9607436,0.03645851,0.0,9.501e-05
2025-02-06 20:00:00+00:00,5624.9775,24.18239985,0.99804442,0.95925693,0.03771025,0.0,0.00012879
2025-02-06 21:00:00+00:00,5545.8275,23.74975623,0.99527418,0.96033156,0.03345034,0.0002283,0.00017989
2025-02-06 22:00:00+00:00,5450.485,23.42993013,0.99415374,0.9617399,0.03068917,0.00040807,0.00019244
2025-02-06 23:00:00+00:00,5269.0575,23.23918851,0.99267298,0.95979396,0.03092069,0.0005804,0.00020391
2025-02-07 00:00:00+00:00,5128.2675,23.30834905,0.99307968,0.9605067,0.03054009,0.00058317,0.0002178
2025-02-07 01:00:00+00:00,5059.2275,23.15827605,0.99186269,0.96072536,0.02879099,0.00079568,0.00023629
2025-02-07 02:00:00+00:00,5025.0,23.29498217,0.99186905,0.96045534,0.02888209,0.00095174,0.00024281
2025-02-07 03:00:00+00:00,5052.2875,23.39935571,0.99275711,0.96019042,0.03029306,0.00076131,0.00022971
2025-02-07 04:00:00+00:00,5218.05,24.06962787,0.99647746,0.96249913,0.03250112,0.00018372,0.00017476
2025-02-07 05:00:00+00:00,5579.88,24.32454861,0.9984058,0.97221568,0.0252082,0.0,0.00010618
2025-02-07 06:00:00+00:00,6057.5075,24.02178956,0.99460186,0.95960852,0.03373921,0.00023562,0.00011679
2025-02-07 07:00:00+00:00,6236.52,24.19696937,0.99628944,0.96277496,0.0324162,0.00010998,0.00011061
2025-02-07 08:00:00+00:00,6147.69,24.37884379,0.99796541,0.96221522,0.03474308,0.0,0.00033671
2025-02-07 09:00:00+00:00,6008.365,24.37152198,0.99823892,0.96213399,0.03513815,0.0,0.00032074
2025-02-07 10:00:00+00:00,5939.9075,24.34297543,0.99848776,0.96355792,0.03402797,0.0,0.0002991
2025-02-07 11:00:00+00:00,5799.8025,24.39854962,0.9984505,0.96509871,0.03229036,0.0,0.00037421
2025-02-07 12:00:00+00:00,5643.0225,24.46957085,0.99794972,0.97421301,0.02246389,3.03e-06,0.00056217
2025-02-07 13:00:00+00:00,5537.535,24.53622923,0.99806876,0.97210739,0.02457948,0.0,0.00061591
2025-02-07 14:00:00+00:00,5541.925,24.51206972,0.99830737,0.96868001,0.0282399,0.0,0.00059598
2025-02-07 15:00:00+00:00,5708.9325,24.42041785,0.99833219,0.96994024,0.02707634,0.0,0.00058297
2025-02-07 16:00:00+00:00,5868.815,24.25915205,0.99842109,0.97231319,0.02502122,0.0,0.00043872
2025-02-07 17:00:00+00:00,5874.0575,24.1415126,0.99839161,0.97291486,0.02451666,0.0,0.00033475
2025-02-07 18:00:00+00:00,5855.895,24.0896558,0.99851503,0.9721663,0.0253332,0.0,0.00034814
2025-02-07 19:00:00+00:00,5778.51,24.19293873,0.99820902,0.97300631,0.0237142,0.00011606,0.00052726
2025-02-07 20:00:00+00:00,5589.9225,23.43310034,0.9952234,0.97329806,0.02070697,0.0,0.00071554
2025-02-07 21:00:00+00:00,5475.1625,22.9940391,0.99342299,0.97418604,0.01797223,1.164e-05,0.00078857
2025-02-07 22:00:00+00:00,5344.2925,22.97422163,0.99341001,0.98360425,0.00832882,8.459e-05,0.00078783
2025-02-07 23:00:00+00:00,5175.08,22.54291551,0.99220139,0.98345776,0.00755068,0.0,0.00075674
2025-02-08 00:00:00+00:00,5051.6575,22.50850477,0.99223278,0.98362727,0.00745506,0.0,0.00070266
2025-02-08 01:00:00+00:00,4924.8825,22.15766352,0.99144035,0.98338559,0.00691242,0.0,0.00070029
2025-02-08 02:00:00+00:00,4872.0375,21.6827399,0.99003249,0.98257188,0.00633772,0.0,0.00070448
2025-02-08 03:00:00+00:00,4817.14,21.4824927,0.98955014,0.98225477,0.00622771,0.0,0.00071113
2025-02-08 04:00:00+00:00,4823.0075,21.458372,0.98930471,0.98203074,0.00623042,0.0,0.00069693
2025-02-08 05:00:00+00:00,4923.38,21.58009721,0.98907109,0.98156792,0.00637861,0.0,0.00074105
2025-02-08 06:00:00+00:00,5107.805,21.66682583,0.98828903,0.98060055,0.00652607,0.0,0.00077795
2025-02-08 07:00:00+00:00,5366.9775,22.29352532,0.98989606,0.98134619,0.00738225,0.0,0.00077766
2025-02-08 08:00:00+00:00,5563.3775,22.99522661,0.99261093,0.98243635,0.00895831,0.0,0.00078928
2025-02-08 09:00:00+00:00,5720.47,23.48063464,0.99526043,0.98170445,0.01230871,0.0,0.00071472
2025-02-08 10:00:00+00:00,5792.69,23.48296549,0.9946465,0.97990729,0.01344795,0.0,0.00072204
2025-02-08 11:00:00+00:00,5788.0675,23.64974722,0.99465976,0.97952544,0.01373717,0.0,0.00077681
2025-02-08 12:00:00+00:00,5778.7625,23.74195859,0.9948119,0.97935145,0.0141333,0.0,0.00072334
2025-02-08 13:00:00+00:00,5731.835,23.57747817,0.99282649,0.98162319,0.00997039,0.0,0.00074974
2025-02-08 14:00:00+00:00,5690.4625,23.98025076,0.99552126,0.97603965,0.01827156,0.0,0.00073532
2025-02-08 15:00:00+00:00,5765.3975,24.22502031,0.99763817,0.97750803,0.01906261,0.0,0.00058451
2025-02-08 16:00:00+00:00,5856.0075,24.24250912,0.99777091,0.97699262,0.01977659,0.0,0.00048691
2025-02-08 17:00:00+00:00,5825.3075,24.27313179,0.99760751,0.97657992,0.01998825,0.0,0.0005082
2025-02-08 18:00:00+00:00,5636.7425,24.31553615,0.99755816,0.97635208,0.02008527,0.0,0.00057932
2025-02-08 19:00:00+00:00,5486.8025,24.22480038,0.99644264,0.97515569,0.0200255,0.0,0.00070509
2025-02-08 20:00:00+00:00,5394.1175,23.88815267,0.99407337,0.97353984,0.01915321,0.0,0.00081521
2025-02-08 21:00:00+00:00,5271.19,23.90888409,0.99456978,0.9750619,0.01814679,0.0,0.00080544
2025-02-08 22:00:00+00:00,5185.0225,23.94248012,0.99436845,0.98403069,0.00892313,0.0,0.00084973
2025-02-08 23:00:00+00:00,5230.245,24.41926905,0.9970458,0.98616587,0.00952178,0.0,0.00079345
2025-02-09 00:00:00+00:00,5164.9375,24.26813548,0.9962194,0.98561045,0.00917748,0.0,0.000851
2025-02-09 01:00:00+00:00,5110.4425,24.10960722,0.99563015,0.98519467,0.00897638,0.0,0.00088857
2025-02-09 02:00:00+00:00,5088.745,23.91433614,0.99481755,0.9846696,0.00870747,0.0,0.00087424
2025-02-09 03:00:00+00:00,5112.0975,23.8868768,0.99524443,0.98514869,0.0087405,0.0,0.00084381
2025-02-09 04:00:00+00:00,5160.645,24.23478834,0.99722246,0.98430053,0.01170217,0.0,0.0007454
2025-02-09 05:00:00+00:00,5237.7075,24.24427184,0.99723332,0.97693006,0.01913473,0.0,0.00066943
2025-02-09 06:00:00+00:00,5382.81,24.1913542,0.99750995,0.97621016,0.02027295,0.0,0.0005185
2025-02-09 07:00:00+00:00,5530.7625,24.15593962,0.99776418,0.974731,0.02211442,0.0,0.00039211
2025-02-09 08:00:00+00:00,5568.5775,24.14882979,0.99772832,0.97029723,0.02649805,0.0,0.00034992
2025-02-09 09:00:00+00:00,5662.6525,24.14224847,0.99765552,0.97134416,0.02536477,0.0,0.00040028
2025-02-09 10:00:00+00:00,5634.0625,24.1629983,0.99769607,0.9706705,0.02605694,0.0,0.00039482
2025-02-09 11:00:00+00:00,5549.49,24.14440471,0.99773551,0.97041475,0.02638757,0.0,0.00036146
2025-02-09 12:00:00+00:00,5481.78,24.11258624,0.99768633,0.97042619,0.02629631,0.0,0.00038935
2025-02-09 13:00:00+00:00,5412.24,24.133613,0.99784044,0.96890399,0.02804131,0.0,0.00028948
2025-02-09 14:00:00+00:00,5423.38,24.11033831,0.99758755,0.96926363,0.02738992,0.0,0.00037064
2025-02-09 15:00:00+00:00,5567.7075,24.00778133,0.99728047,0.97234667,0.02395255,0.0,0.00054664
2025-02-09 16:00:00+00:00,5834.62,23.9360143,0.99737466,0.96407772,0.03235588,0.0,0.00053639
2025-02-09 17:00:00+00:00,5974.655,23.79247567,0.99544153,0.97142966,0.02258268,7.642e-05,0.0006183
2025-02-09 18:00:00+00:00,6053.49,23.7021532,0.99274087,0.97646055,0.013909,0.00034965,0.00069594
2025-02-09 19:00:00+00:00,6067.6625,22.58590443,0.99009809,0.97711725,0.01139263,0.00014833,0.00076731
2025-02-09 20:00:00+00:00,6054.1425,22.51100496,0.99088218,0.97828532,0.01134433,3.497e-05,0.00080448
2025-02-09 21:00:00+00:00,6002.1725,22.21362387,0.98915937,0.97752891,0.01034625,5.353e-05,0.00082478
2025-02-09 22:00:00+00:00,5865.7575,22.03430448,0.98848951,0.97771706,0.00956682,2.387e-05,0.00084321
2025-02-09 23:00:00+00:00,5687.2625,22.43639963,0.99046135,0.9799126,0.00932286,0.0,0.00082539
2025-02-10 00:00:00+00:00,5589.7525,22.43414108,0.99048488,0.98103557,0.00828016,0.0,0.00081592
2025-02-10 01:00:00+00:00,5540.28,22.17951998,0.98908203,0.98072629,0.00715853,0.0,0.00085849
2025-02-10 02:00:00+00:00,5540.31,22.04019289,0.9885433,0.98063916,0.00673821,0.0,0.00086281
2025-02-10 03:00:00+00:00,5583.0325,22.15683705,0.9893122,0.98061643,0.00751939,1.14e-06,0.00084506
2025-02-10 04:00:00+00:00,5731.585,22.50147154,0.99004196,0.97742597,0.01141155,0.0,0.00079927
2025-02-10 05:00:00+00:00,6251.1275,23.08148999,0.99197725,0.97663468,0.01433318,1.88e-05,0.00061031
2025-02-10 06:00:00+00:00,6784.8475,23.57378696,0.99235344,0.97086968,0.02007144,0.00018711,0.00045382
2025-02-10 07:00:00+00:00,6811.355,23.70868762,0.99342209,0.97121456,0.02089895,0.00014394,0.00042299
2025-02-10 08:00:00+00:00,6791.2,23.8187565,0.99474659,0.97186193,0.0217369,7.737e-05,0.000445
2025-02-10 09:00:00+00:00,6552.52,23.88735111,0.99445373,0.96387908,0.02932591,9.036e-05,0.0005097
2025-02-10 10:00:00+00:00,6346.4375,24.01050019,0.99468693,0.97028314,0.02310795,7.773e-05,0.00058724
2025-02-10 11:00:00+00:00,6149.0175,24.2481837,0.99796353,0.98341107,0.01335557,0.0,0.00058405
2025-02-10 12:00:00+00:00,5994.5325,24.07044439,0.99410151,0.98138814,0.01132681,5.158e-05,0.000699
2025-02-10 13:00:00+00:00,5907.795,24.28430044,0.99740606,0.98234221,0.01379651,7.03e-06,0.00063217
2025-02-10 14:00:00+00:00,5944.4725,24.18330227,0.99512672,0.98148171,0.01223709,6.665e-05,0.00065034
2025-02-10 15:00:00+00:00,6143.4975,24.13631652,0.99522413,0.97972972,0.01410842,5.594e-05,0.00061188
2025-02-10 16:00:00+00:00,6343.05,24.24948337,0.99805839,0.96520509,0.03186896,0.0,0.00043109
2025-02-10 17:00:00+00:00,6402.175,24.15368868,0.99717622,0.96315843,0.03297232,1.942e-05,0.0004219
2025-02-10 18:00:00+00:00,6341.535,23.90905978,0.99296766,0.97341165,0.01807559,0.00012395,0.00052562
2025-02-10 19:00:00+00:00,6280.575,23.51864529,0.98864684,0.97595241,0.01067479,0.00030917,0.00064181
2025-02-10 20:00:00+00:00,6174.695,23.44306945,0.98838202,0.97496987,0.01102817,0.00038558,0.00064286
2025-02-10 21:00:00+00:00,6022.6075,23.27937167,0.98974325,0.9770365,0.01070198,0.0001835,0.00067798
2025-02-10 22:00:00+00:00,5775.275,22.95193457,0.99041739,0.97778177,0.01120127,3.043e-05,0.00072077
2025-02-10 23:00:00+00:00,5613.23,22.74677006,0.98740141,0.97310061,0.01213994,0.00027576,0.0007367
2025-02-11 00:00:00+00:00,5540.695,23.06790775,0.98701226,0.97075973,0.01313009,0.0005618,0.00074705
2025-02-11 01:00:00+00:00,5463.0325,23.15036649,0.98713439,0.97076899,0.01303335,0.00068044,0.00072615
2025-02-11 02:00:00+00:00,5443.095,23.23936146,0.98724627,0.9707963,0.01305093,0.00064001,0.00072109
2025-02-11 03:00:00+00:00,5447.31,23.17027175,0.98745434,0.9711259,0.01327013,0.00055447,0.00074465
2025-02-11 04:00:00+00:00,5624.6125,23.37187901,0.98854377,0.97102718,0.01491141,0.00044299,0.00082115
2025-02-11 05:00:00+00:00,6165.6925,23.94604084,0.99057887,0.96694714,0.0212127,0.00027738,0.00068766
2025-02-11 06:00:00+00:00,6768.465,25.17036962,0.99785054,0.97047372,0.02420991,0.00047037,0.0003975
2025-02-11 07:00:00+00:00,6826.3025,24.93478271,0.99804241,0.9689277,0.02646825,0.00035504,0.00033202
2025-02-11 08:00:00+00:00,6751.0875,24.44027799,0.99809565,0.97174123,0.02476511,8.437e-05,0.00040373
2025-02-11 09:00:00+00:00,6535.955,24.36533054,0.99766161,0.96675039,0.02948718,1.171e-05,0.00046436
2025-02-11 10:00:00+00:00,6289.0175,24.3170088,0.99821867,0.96494962,0.0319701,0.0,0.0004455
2025-02-11 11:00:00+00:00,6077.5675,24.43889245,0.9980639,0.96143169,0.03508433,0.0,0.00052064
2025-02-11 12:00:00+00:00,5888.1225,24.62120287,0.99665997,0.96280676,0.03159227,4.692e-05,0.00058917
2025-02-11 13:00:00+00:00,5835.7525,24.9147405,0.99562294,0.96112631,0.03143651,0.00029926,0.00066926
2025-02-11 14:00:00+00:00,5880.7025,25.26442097,0.99746256,0.96160996,0.03241702,0.00038193,0.00064694
2025-02-11 15:00:00+00:00,6051.0625,24.72746681,0.99826753,0.9637562,0.03236967,1.889e-05,0.00049434
2025-02-11 16:00:00+00:00,6294.605,24.45595481,0.99858821,0.96035616,0.03650819,0.0,0.00025681
2025-02-11 17:00:00+00:00,6246.465,24.36971654,0.99867935,0.96113265,0.03592663,0.0,0.00018347
2025-02-11 18:00:00+00:00,6244.9275,24.40735592,0.99859308,0.96161654,0.03533076,0.0,0.00021713
2025-02-11 19:00:00+00:00,6211.4975,24.53206946,0.998533,0.96272753,0.03398073,0.0,0.00031227
2025-02-11 20:00:00+00:00,6206.5325,24.65737158,0.99830029,0.96237881,0.03387128,1.844e-05,0.00046644
2025-02-11 21:00:00+00:00,6128.5225,24.93371171,0.99809708,0.95971043,0.03566771,0.00024571,0.00052409
2025-02-11 22:00:00+00:00,5891.585,24.61353213,0.99745119,0.96027073,0.03505588,0.0,0.00063661
2025-02-11 23:00:00+00:00,5668.36,24.53433019,0.99687856,0.96249008,0.03222081,8.712e-05,0.00064303
2025-02-12 00:00:00+00:00,5560.945,24.16927293,0.9955084,0.96408576,0.02949131,0.0,0.00072132
2025-02-12 01:00:00+00:00,5461.1825,24.40342154,0.99693166,0.96388185,0.03138692,0.0,0.00070406
2025-02-12 02:00:00+00:00,5393.34,24.36518316,0.99601406,0.96328478,0.03082334,0.0,0.00068399
2025-02-12 03:00:00+00:00,5449.58,23.82539375,0.9934413,0.9654854,0.02615592,0.0,0.0007359
2025-02-12 04:00:00+00:00,5625.9775,23.9675552,0.99381437,0.96698968,0.02535239,4.845e-05,0.00069347
2025-02-12 05:00:00+00:00,6144.875,24.14349533,0.99342407,0.97292912,0.01895482,0.00015519,0.00048797
2025-02-12 06:00:00+00:00,6587.855,24.13715845,0.98937502,0.96901469,0.01802027,0.00026265,0.00056479
2025-02-12 07:00:00+00:00,6587.08,24.35240336,0.98927316,0.96853082,0.01781266,0.00026601,0.0005532
2025-02-12 08:00:00+00:00,6527.075,24.45402483,0.99210987,0.97016854,0.01937609,0.00017847,0.00053627
2025-02-12 09:00:00+00:00,6454.8125,24.56932262,0.99603706,0.97389979,0.02014214,6.322e-05,0.00049498
2025-02-12 10:00:00+00:00,6384.01,24.44286959,0.99744513,0.96686711,0.02930467,1.417e-05,0.0004947
2025-02-12 11:00:00+00:00,6166.7825,24.46872848,0.99807748,0.96286332,0.03401875,0.0,0.00047947
2025-02-12 12:00:00+00:00,6001.7425,24.64099995,0.99822559,0.96114416,0.03549115,0.0,0.00038882
2025-02-12 13:00:00+00:00,5898.815,24.71591473,0.99821972,0.95995348,0.03651122,0.0,0.0003483
2025-02-12 14:00:00+00:00,5911.8775,24.66462885,0.99827893,0.96138641,0.03518136,0.0,0.0003567
2025-02-12 15:00:00+00:00,6008.0925,24.67760339,0.99802746,0.97037077,0.0257138,0.0,0.00057718
2025-02-12 16:00:00+00:00,6160.52,24.65746757,0.99762378,0.97375677,0.02186033,0.0,0.0005934
2025-02-12 17:00:00+00:00,6196.17,24.61021517,0.99757057,0.97375371,0.02187213,0.0,0.00058276
2025-02-12 18:00:00+00:00,6194.93,24.51915188,0.99756133,0.97386058,0.02187373,0.0,0.00057625
2025-02-12 19:00:00+00:00,6152.09,24.50140609,0.99788696,0.97637642,0.01959309,0.0,0.00058911
2025-02-12 20:00:00+00:00,6032.6625,24.51290171,0.99792806,0.97674372,0.0192869,0.0,0.00057454
2025-02-12 21:00:00+00:00,5832.8675,24.60338353,0.99793476,0.97659941,0.01943195,0.0,0.00056628
2025-02-12 22:00:00+00:00,5658.525,24.66187923,0.99796487,0.97665929,0.01940043,0.0,0.00057709
2025-02-12 23:00:00+00:00,5375.6425,24.71388739,0.99796322,0.97391711,0.02197914,0.0,0.00066019
2025-02-13 00:00:00+00:00,5318.0825,24.73475239,0.9979556,0.9756438,0.02023877,0.0,0.0007032
2025-02-13 01:00:00+00:00,5267.8825,24.70924223,0.99763109,0.97355565,0.02193826,0.0,0.00076309
2025-02-13 02:00:00+00:00,5209.235,24.74018091,0.99789958,0.97272717,0.02310443,0.0,0.00071828
2025-02-13 03:00:00+00:00,5200.305,24.74431291,0.99808131,0.97292508,0.0231065,0.0,0.00071178
2025-02-13 04:00:00+00:00,5325.99,24.69401149,0.9981135,0.97617843,0.01998808,0.0,0.00065713
2025-02-13 05:00:00+00:00,5649.9,24.65446092,0.99807595,0.96955851,0.0267086,0.0,0.00051114
2025-02-13 06:00:00+00:00,6110.5425,24.61546346,0.99803829,0.96786431,0.02840313,0.0,0.00051051
2025-02-13 07:00:00+00:00,6201.43,24.61974516,0.99797476,0.96986915,0.02630651,0.0,0.00053352
2025-02-13 08:00:00+00:00,6132.045,24.60728255,0.99801766,0.9685933,0.02769485,0.0,0.0004621
2025-02-13 09:00:00+00:00,5997.3925,24.63557561,0.9980248,0.96483165,0.03144106,0.0,0.00044991
2025-02-13 10:00:00+00:00,5824.865,24.56093003,0.99804559,0.96334665,0.03312178,0.0,0.00039848
2025-02-13 11:00:00+00:00,5687.9075,24.35951913,0.99818302,0.96232584,0.03468259,0.0,0.00041494
2025-02-13 12:00:00+00:00,5666.6675,24.3571538,0.9981915,0.96182674,0.03520807,0.0,0.00041768
2025-02-13 13:00:00+00:00,5670.9225,24.57650894,0.99828421,0.96216693,0.03456691,0.0,0.00046494
2025-02-13 14:00:00+00:00,5725.5925,24.6431921,0.99841765,0.96257175,0.03424683,0.0,0.00040602
2025-02-13 15:00:00+00:00,5862.4725,24.66495871,0.99831758,0.96336321,0.03332563,0.0,0.00039358
2025-02-13 16:00:00+00:00,6017.66,24.66098084,0.99806241,0.97383339,0.02261041,0.0,0.00048192
2025-02-13 17:00:00+00:00,6061.78,24.50199663,0.99798225,0.97448944,0.02219263,0.0,0.00045602
2025-02-13 18:00:00+00:00,6059.6075,24.5166041,0.99810632,0.97224946,0.02443116,0.0,0.0003707
2025-02-13 19:00:00+00:00,6045.3475,24.50747454,0.9980468,0.96487599,0.03178324,0.0,0.00042291
2025-02-13 20:00:00+00:00,5999.555,24.61215039,0.99788988,0.96779641,0.02853322,0.0,0.00045261
2025-02-13 21:00:00+00:00,5950.125,24.66017947,0.99640778,0.97361806,0.02103463,0.0,0.0005543
2025-02-13 22:00:00+00:00,5841.5925,24.80843404,0.99775246,0.97333715,0.02262869,0.0,0.00056194
2025-02-13 23:00:00+00:00,5623.98,24.84623319,0.99777329,0.97142333,0.02447128,0.0,0.00055005
2025-02-14 00:00:00+00:00,5523.7275,24.76596577,0.99788491,0.97216596,0.02400159,0.0,0.00049749
2025-02-14 01:00:00+00:00,5472.7475,24.74855741,0.99781342,0.97196406,0.02413778,0.0,0.00055026
2025-02-14 02:00:00+00:00,5457.36,24.76070828,0.99767959,0.97177987,0.0241398,0.0,0.00054279
2025-02-14 03:00:00+00:00,5594.4075,24.69442689,0.99787277,0.97141155,0.02479215,0.0,0.00055662
2025-02-14 04:00:00+00:00,5700.1825,24.51097624,0.99815038,0.97061717,0.02619764,0.0,0.00042582
2025-02-14 05:00:00+00:00,5987.0275,24.43320051,0.99795683,0.97180151,0.02486265,0.0,0.00036455
2025-02-14 06:00:00+00:00,6506.5025,25.86945763,0.99801998,0.96832196,0.0247952,0.00053763,0.00028624
2025-02-14 07:00:00+00:00,6632.37,26.70560371,0.99812221,0.95966585,0.03162812,0.00068222,0.00027163
2025-02-14 08:00:00+00:00,6604.435,25.86040416,0.99812807,0.96233831,0.03098618,0.00041552,0.000298
2025-02-14 09:00:00+00:00,6460.0325,24.97091304,0.99854726,0.96423576,0.03175577,0.00014225,0.00021337
2025-02-14 10:00:00+00:00,6253.165,25.10521176,0.99868892,0.96272535,0.03335885,0.00012881,0.00015699
2025-02-14 11:00:00+00:00,6061.18,24.60710351,0.99865467,0.96370096,0.03358319,5.63e-06,0.00017413
2025-02-14 12:00:00+00:00,5879.7175,24.56778184,0.99863397,0.96487628,0.03250331,1.5e-07,0.00019602
2025-02-14 13:00:00+00:00,5783.5725,24.46547256,0.99862874,0.96584598,0.03172376,6.99e-06,0.00021033
2025-02-14 14:00:00+00:00,5779.24,25.19114184,0.99865506,0.95956622,0.03632492,0.00018134,0.0002102
2025-02-14 15:00:00+00:00,5842.485,25.57734373,0.99813821,0.97097691,0.02338435,0.00030874,0.00033022
2025-02-14 16:00:00+00:00,6045.545,26.18536809,0.99799214,0.96915173,0.02362097,0.00043541,0.00035301
2025-02-14 17:00:00+00:00,6077.9175,25.64239741,0.99784125,0.96992939,0.02388242,0.0002957,0.00036177
2025-02-14 18:00:00+00:00,5995.25,24.6057352,0.99769658,0.97263841,0.02329671,0.0,0.00039775
2025-02-14 19:00:00+00:00,5848.26,24.40994942,0.99794126,0.97343947,0.02302332,0.0,0.00037731
2025-02-14 20:00:00+00:00,5735.755,24.28210505,0.99814054,0.97523502,0.02164172,0.0,0.0003618
2025-02-14 21:00:00+00:00,5622.6025,24.20244705,0.99819737,0.97308626,0.02396026,1.08e-06,0.00030559
2025-02-14 22:00:00+00:00,5581.26,24.1484819,0.99796891,0.97357744,0.0233283,0.0,0.00033831
2025-02-14 23:00:00+00:00,5416.9975,24.2136463,0.99841518,0.97576956,0.02148684,0.0,0.00033415
2025-02-15 00:00:00+00:00,5290.415,24.13894121,0.99842634,0.97657044,0.02070272,0.0,0.00038252
2025-02-15 01:00:00+00:00,5277.0325,24.067953,0.99840582,0.96875684,0.0286123,0.0,0.0003923
2025-02-15 02:00:00+00:00,5228.7125,23.95865024,0.99833483,0.96511225,0.03223799,0.0,0.00040205
2025-02-15 03:00:00+00:00,5216.1075,23.90481261,0.9985542,0.96388837,0.0335526,0.0,0.00038333
2025-02-15 04:00:00+00:00,5253.375,23.77039681,0.99873759,0.9642848,0.03344352,0.0,0.00031816
2025-02-15 05:00:00+00:00,5210.5725,23.651459,0.9985517,0.96415008,0.03354308,0.0,0.00032829
2025-02-15 06:00:00+00:00,5346.4025,23.61451566,0.99819827,0.96563877,0.03156069,0.0,0.00038984
2025-02-15 07:00:00+00:00,5506.0175,23.39335742,0.99662537,0.96869131,0.02696591,0.0,0.00039989
2025-02-15 08:00:00+00:00,5752.455,23.63500068,0.9980469,0.96546184,0.03169259,0.0,0.00035981
2025-02-15 09:00:00+00:00,5852.685,23.74359364,0.99810158,0.96468395,0.03253385,0.0,0.0003334
2025-02-15 10:00:00+00:00,5877.3175,23.87408482,0.99832091,0.9644272,0.03293224,0.0,0.00031255
2025-02-15 11:00:00+00:00,5793.6575,23.83800127,0.99824773,0.96342975,0.03391098,0.0,0.00031306
2025-02-15 12:00:00+00:00,5742.3575,23.88801456,0.99812482,0.96287162,0.03431791,0.0,0.00034317
2025-02-15 13:00:00+00:00,5689.4225,23.97028176,0.99786635,0.96245951,0.03447604,0.0,0.00034985
2025-02-15 14:00:00+00:00,5729.705,24.00467544,0.99769258,0.96223957,0.03449037,0.0,0.00035301
2025-02-15 15:00:00+00:00,5832.215,23.94314259,0.99717548,0.97310154,0.0230681,0.0,0.00038194
2025-02-15 16:00:00+00:00,5937.0975,23.88213182,0.99759237,0.98377566,0.0128774,0.0,0.0003161
2025-02-15 17:00:00+00:00,6055.21,23.65582665,0.99635204,0.9830622,0.01236564,2.5e-07,0.00031773
2025-02-15 18:00:00+00:00,6010.745,23.70524359,0.99671582,0.97484853,0.02095162,0.0,0.00030513
2025-02-15 19:00:00+00:00,5943.86,23.54581476,0.995982,0.97396515,0.02110845,0.0,0.00034384
2025-02-15 20:00:00+00:00,5960.0575,23.26362875,0.99393857,0.97446323,0.01856902,2e-07,0.00037236
2025-02-15 21:00:00+00:00,5951.56,23.30589704,0.99409841,0.97803776,0.01511419,0.0,0.00041287
2025-02-15 22:00:00+00:00,5907.36,23.40054447,0.99447075,0.96996169,0.02354287,0.0,0.00042238
2025-02-15 23:00:00+00:00,5768.0075,23.34768054,0.99394415,0.96670185,0.02620589,6.02e-06,0.00052186
2025-02-16 00:00:00+00:00,5742.9875,23.78201509,0.99701398,0.96788189,0.02806783,2e-06,0.00055102
2025-02-16 01:00:00+00:00,5783.2775,23.65266426,0.99622875,0.96817693,0.02701493,3.97e-06,0.00053841
2025-02-16 02:00:00+00:00,5818.455,23.64868855,0.99608705,0.97133188,0.02373208,1.39e-06,0.00053695
2025-02-16 03:00:00+00:00,5822.545,23.87995842,0.99774172,0.97240303,0.02428938,0.0,0.00054309
2025-02-16 04:00:00+00:00,5864.135,23.68134085,0.99684966,0.97043288,0.02541303,6e-08,0.0004871
2025-02-16 05:00:00+00:00,5931.8625,23.48544425,0.99517708,0.96618729,0.02793565,1.05e-06,0.00050909
2025-02-16 06:00:00+00:00,5984.6475,23.8858307,0.99797281,0.96847141,0.02854042,0.0,0.00041496
2025-02-16 07:00:00+00:00,6086.9475,23.98950662,0.99794925,0.97885165,0.01809235,0.0,0.00040215
2025-02-16 08:00:00+00:00,6168.43,23.96201907,0.99821693,0.96477579,0.03250819,0.0,0.00028012
2025-02-16 09:00:00+00:00,6077.86,23.95724335,0.99819703,0.96392794,0.03332761,0.0,0.00026211
2025-02-16 10:00:00+00:00,5901.125,24.09568561,0.99816773,0.97066749,0.02650815,0.0,0.00027956
2025-02-16 11:00:00+00:00,5731.1475,24.25090676,0.99803601,0.97122357,0.02566122,1.61e-06,0.00030493
2025-02-16 12:00:00+00:00,5609.9625,24.42028752,0.99701061,0.97433795,0.02109992,1.34e-06,0.0004267
2025-02-16 13:00:00+00:00,5518.14,23.8837564,0.99627047,0.97682751,0.01833939,0.0,0.00051622
2025-02-16 14:00:00+00:00,5571.9775,24.06311193,0.99761353,0.97393205,0.02247491,2.04e-06,0.00056612
2025-02-16 15:00:00+00:00,5666.5875,23.90739972,0.99740324,0.97394354,0.02241374,0.0,0.00053129
2025-02-16 16:00:00+00:00,5872.11,23.64806599,0.99567882,0.97300938,0.02153908,1.388e-05,0.00056588
2025-02-16 17:00:00+00:00,6011.7175,23.64313444,0.99343607,0.9711976,0.02060325,0.00011164,0.00058261
2025-02-16 18:00:00+00:00,5998.3675,23.59370003,0.99515891,0.97342511,0.02060083,0.0,0.00060694
2025-02-16 19:00:00+00:00,5973.96,23.80197048,0.99708856,0.97549706,0.02045756,2.2e-07,0.00053285
2025-02-16 20:00:00+00:00,5919.22,23.66345332,0.99546483,0.97031603,0.02396228,7.6e-07,0.00055291
2025-02-16 21:00:00+00:00,5857.8625,23.49871946,0.99371208,0.96492276,0.0276384,8.69e-06,0.00055693
2025-02-16 22:00:00+00:00,5895.2475,23.74176112,0.99640761,0.96682427,0.02846251,5e-08,0.00049021
2025-02-16 23:00:00+00:00,5779.135,23.66990525,0.99596093,0.96828065,0.02647985,0.0,0.0005357
2025-02-17 00:00:00+00:00,5668.255,23.79697493,0.99658879,0.9679685,0.02733266,0.0,0.00057827
2025-02-17 01:00:00+00:00,5561.8075,23.69969712,0.99584196,0.96342498,0.03109421,0.0,0.00057915
2025-02-17 02:00:00+00:00,5539.09,23.62574017,0.99513491,0.9669377,0.02696001,0.0,0.00056289
2025-02-17 03:00:00+00:00,5609.575,23.7431305,0.9955498,0.96381783,0.03031817,0.0,0.00054505
2025-02-17 04:00:00+00:00,5847.5025,23.65326349,0.99516711,0.96366612,0.03019425,0.0,0.00059727
2025-02-17 05:00:00+00:00,6293.315,23.79589883,0.99667085,0.9709912,0.02454241,0.0,0.00050943
2025-02-17 06:00:00+00:00,6535.1075,23.79847102,0.99791617,0.97367326,0.02327882,0.0,0.00029681
2025-02-17 07:00:00+00:00,6673.71,23.62482632,0.99530652,0.97281673,0.02149311,0.0,0.0003806
2025-02-17 08:00:00+00:00,6625.1275,23.57727832,0.99417026,0.97352966,0.01964263,0.0,0.00037598
2025-02-17 09:00:00+00:00,6528.795,23.73193578,0.99284301,0.97399225,0.01739798,9.737e-05,0.00041416
2025-02-17 10:00:00+00:00,6341.8125,23.99992052,0.99037757,0.97145924,0.01686751,0.00023961,0.00046304
2025-02-17 11:00:00+00:00,6277.9725,24.05631384,0.98718041,0.96791903,0.0167666,0.00031092,0.00048943
2025-02-17 12:00:00+00:00,6062.54,24.03832248,0.99144463,0.97101992,0.01849428,0.00013936,0.00044789
2025-02-17 13:00:00+00:00,5920.79,24.1079353,0.99559736,0.97475205,0.0194345,4.98e-06,0.00036197
2025-02-17 14:00:00+00:00,5852.4525,24.4084442,0.99831451,0.97612974,0.02071904,0.0,0.00037066
2025-02-17 15:00:00+00:00,5942.8775,24.41538508,0.99807395,0.9759569,0.02064354,0.0,0.0004403
2025-02-17 16:00:00+00:00,6030.0475,24.35253623,0.99782259,0.97318534,0.02313058,0.0,0.00040347
2025-02-17 17:00:00+00:00,6047.3525,24.1644783,0.99790474,0.97241727,0.02425218,0.0,0.00035761
2025-02-17 18:00:00+00:00,6003.8625,24.00827657,0.99783493,0.97428479,0.02254716,0.0,0.00041445
2025-02-17 19:00:00+00:00,5984.795,23.913055,0.99730921,0.9759507,0.02033938,0.0,0.00045461
2025-02-17 20:00:00+00:00,5913.3225,23.94266415,0.99817434,0.97537031,0.02183889,0.0,0.00042653
2025-02-17 21:00:00+00:00,5854.965,23.92314262,0.99820207,0.97598952,0.02125611,0.0,0.00042596
2025-02-17 22:00:00+00:00,5572.2975,23.9087801,0.99814359,0.97053174,0.0266005,0.0,0.00045011
2025-02-17 23:00:00+00:00,5474.01,23.84639845,0.99831859,0.96985863,0.0275783,0.0,0.00029654
2025-02-18 00:00:00+00:00,5475.6625,23.85853189,0.99826196,0.96909771,0.02806552,0.0,0.00038846
2025-02-18 01:00:00+00:00,5440.4725,23.85987954,0.99820843,0.96817615,0.02893249,0.0,0.00038364
2025-02-18 02:00:00+00:00,5421.85,23.85800089,0.99806445,0.96841285,0.02853505,0.0,0.00039461
2025-02-18 03:00:00+00:00,5485.63,23.87174472,0.99825974,0.96872679,0.02845679,0.0,0.00036378
2025-02-18 04:00:00+00:00,5644.295,23.93476957,0.9982197,0.9647565,0.03242157,0.0,0.00032456
2025-02-18 05:00:00+00:00,6017.095,23.9321527,0.99804504,0.96522033,0.03178079,0.0,0.00034187
2025-02-18 06:00:00+00:00,6433.685,23.56073013,0.9953859,0.97327587,0.02094426,3.031e-05,0.00038566
2025-02-18 07:00:00+00:00,6577.195,23.8133679,0.99726405,0.97327234,0.02289621,1.271e-05,0.00023024
2025-02-18 08:00:00+00:00,6462.4225,24.07522672,0.99851079,0.97202067,0.02536831,0.0,0.00021969
2025-02-18 09:00:00+00:00,6259.325,24.19871319,0.99858873,0.9725551,0.0248058,0.0,0.00020442
2025-02-18 10:00:00+00:00,6142.9825,24.2628968,0.99813989,0.97345628,0.02346461,0.0,0.00023926
2025-02-18 11:00:00+00:00,5962.32,24.27145126,0.9970715,0.97201086,0.02356917,0.0,0.00029412
2025-02-18 12:00:00+00:00,5866.345,24.40813257,0.9984625,0.97187956,0.02511932,0.0,0.00022725
2025-02-18 13:00:00+00:00,5724.1325,24.44386104,0.99889141,0.97187749,0.02564759,0.0,0.00017232
2025-02-18 14:00:00+00:00,5709.4825,24.55968455,0.9988279,0.97136941,0.02595476,0.0,0.00016595
2025-02-18 15:00:00+00:00,5794.315,24.4919293,0.9988254,0.96944558,0.0280631,0.0,0.00012582
2025-02-18 16:00:00+00:00,5983.61,24.47209998,0.99841024,0.96775252,0.02937765,0.0,0.00012495
2025-02-18 17:00:00+00:00,6064.5525,24.42550767,0.99822637,0.96950479,0.02753036,0.0,0.00020594
2025-02-18 18:00:00+00:00,6047.2275,24.36283046,0.99808627,0.97128994,0.02561365,0.0,0.00021078
2025-02-18 19:00:00+00:00,6008.24,24.24387717,0.99811099,0.97198695,0.02511034,0.0,0.00021051
2025-02-18 20:00:00+00:00,5994.885,24.28382378,0.99838838,0.97110805,0.02637293,0.0,0.00017529
2025-02-18 21:00:00+00:00,5846.3025,24.33586868,0.9985577,0.97065938,0.02695591,0.0,0.0002001
2025-02-18 22:00:00+00:00,5764.605,24.42370704,0.99841166,0.96441266,0.03285659,0.0,0.00024813
2025-02-18 23:00:00+00:00,5737.6875,24.41971489,0.9981619,0.96509772,0.03196608,0.0,0.00033088
2025-02-19 00:00:00+00:00,5680.915,24.44039284,0.99806773,0.96480163,0.03213888,0.0,0.00033763
2025-02-19 01:00:00+00:00,5637.115,24.53031603,0.99787122,0.96518172,0.03139369,0.0,0.00038648
2025-02-19 02:00:00+00:00,5648.735,24.58386801,0.99790077,0.96500818,0.03149061,0.0,0.00036157
2025-02-19 03:00:00+00:00,5713.79,24.48269266,0.99820583,0.96462208,0.03233397,0.0,0.00031956
2025-02-19 04:00:00+00:00,5913.595,24.41839785,0.99825955,0.96416178,0.03286379,0.0,0.00023384
2025-02-19 05:00:00+00:00,6347.5575,24.27170473,0.99814309,0.97105104,0.02595228,0.0,0.00018877
2025-02-19 06:00:00+00:00,6679.9075,24.17998616,0.99825646,0.96883586,0.02826368,0.0,0.00015721
2025-02-19 07:00:00+00:00,6790.8725,25.20834567,0.99725821,0.9652907,0.02870013,0.00041016,0.00018819
2025-02-19 08:00:00+00:00,6695.505,26.71416289,0.99536398,0.96176388,0.02776341,0.00053015,0.00015965
2025-02-19 09:00:00+00:00,6533.535,26.59085706,0.99512895,0.96209639,0.02738178,0.00076032,0.00013078
2025-02-19 10:00:00+00:00,6475.92,27.16880488,0.99130914,0.95082671,0.03394779,0.00070733,0.00013881
2025-02-19 11:00:00+00:00,6340.21,26.75339838,0.99494956,0.95341238,0.03542928,0.00097969,0.00017716
2025-02-19 12:00:00+00:00,6201.3075,25.81928471,0.9974138,0.95746318,0.03550557,0.00072586,0.00017076
2025-02-19 13:00:00+00:00,6073.15,24.20536089,0.99877386,0.96388691,0.03347712,0.0,0.00018478
2025-02-19 14:00:00+00:00,6081.1975,24.25155945,0.99872438,0.96561842,0.03173446,0.0,0.00018519
2025-02-19 15:00:00+00:00,6187.285,24.30162296,0.99844933,0.9682127,0.02871317,0.0,0.00035741
2025-02-19 16:00:00+00:00,6286.1125,24.07346576,0.99864749,0.97146819,0.02579897,0.0,0.00030021
2025-02-19 17:00:00+00:00,6354.4475,24.02064363,0.99870223,0.9687645,0.02857098,0.0,0.00027027
2025-02-19 18:00:00+00:00,6340.825,23.92280909,0.99855096,0.97473764,0.02249907,0.0,0.0003188
2025-02-19 19:00:00+00:00,6435.5675,23.90469394,0.99841358,0.96980755,0.02738923,0.0,0.00038638
2025-02-19 20:00:00+00:00,6352.3675,23.92480711,0.99855393,0.96799617,0.02939035,0.0,0.00038533
2025-02-19 21:00:00+00:00,6157.0325,23.89014728,0.99853518,0.96733586,0.03001138,0.0,0.00043155
2025-02-19 22:00:00+00:00,5968.0025,23.76190727,0.99838158,0.96654773,0.03080778,0.0,0.0004405
2025-02-19 23:00:00+00:00,5843.26,23.74593363,0.99841773,0.98130565,0.01611495,0.0,0.00043442
2025-02-20 00:00:00+00:00,5702.9125,23.6939043,0.9980619,0.9831821,0.01370865,2.51e-06,0.00050489
2025-02-20 01:00:00+00:00,5567.3925,23.60598088,0.99772438,0.98288538,0.0136011,4.01e-06,0.00053129
2025-02-20 02:00:00+00:00,5516.61,23.45445455,0.99621275,0.98164459,0.01303639,5.961e-05,0.00053608
2025-02-20 03:00:00+00:00,5524.985,23.26949437,0.99479124,0.9800984,0.01283637,0.00013783,0.0005996
2025-02-20 04:00:00+00:00,5684.255,23.6050884,0.99532166,0.97839969,0.01499199,0.00013126,0.00058597
2025-02-20 05:00:00+00:00,6078.23,24.02509593,0.99755436,0.97567257,0.0202004,7.21e-06,0.0005002
2025-02-20 06:00:00+00:00,6462.96,23.94724376,0.99775536,0.9739982,0.02211578,1.244e-05,0.00042518
2025-02-20 07:00:00+00:00,6570.93,23.81993876,0.99823134,0.97383878,0.02299891,0.0,0.0003238
2025-02-20 08:00:00+00:00,6660.455,23.6543767,0.99769629,0.97468676,0.02166211,3.015e-05,0.00038324
2025-02-20 09:00:00+00:00,6588.675,23.54676264,0.99560258,0.97283545,0.02101109,9.16e-05,0.00044637
2025-02-20 10:00:00+00:00,6520.6575,23.06939968,0.99086954,0.97311728,0.01559354,0.0002699,0.00053917
2025-02-20 11:00:00+00:00,6414.055,22.5648661,0.98778881,0.9781053,0.00725582,0.00047534,0.00055971
2025-02-20 12:00:00+00:00,6341.72,22.24910728,0.98841914,0.98131776,0.00510942,0.00034826,0.00059126
2025-02-20 13:00:00+00:00,6311.225,22.29919936,0.9912708,0.97635976,0.01333072,9.185e-05,0.00058928
2025-02-20 14:00:00+00:00,6324.21,22.54046708,0.99339273,0.96883342,0.02302131,0.0,0.0006081
2025-02-20 15:00:00+00:00,6366.5475,22.59094418,0.99406021,0.96975306,0.02284444,0.0,0.0006122
2025-02-20 16:00:00+00:00,6396.395,22.66343245,0.99530667,0.97089275,0.02324977,4.795e-05,0.00056618
2025-02-20 17:00:00+00:00,6359.3475,22.45054744,0.99524305,0.97159869,0.02273124,1.055e-05,0.00051908
2025-02-20 18:00:00+00:00,6241.8075,21.75532795,0.99362464,0.97141047,0.02130729,0.0,0.00053276
2025-02-20 19:00:00+00:00,6080.6275,21.11758235,0.99218861,0.97206312,0.01933228,0.0,0.00050509
2025-02-20 20:00:00+00:00,5908.9375,20.77216812,0.99189388,0.97219794,0.01893436,2.84e-06,0.00050187
2025-02-20 21:00:00+00:00,5708.31,20.69096093,0.99209895,0.97278625,0.018607,5.41e-06,0.00050837
2025-02-20 22:00:00+00:00,5586.7275,20.69511108,0.99279834,0.97551215,0.01637097,0.00017638,0.0005396
2025-02-20 23:00:00+00:00,5457.7375,20.55298421,0.99249908,0.98660936,0.00464364,0.00040756,0.00057126
2025-02-21 00:00:00+00:00,5375.73,20.51978693,0.99162728,0.98571046,0.00446625,0.00052548,0.00058938
2025-02-21 01:00:00+00:00,5261.6575,20.93805093,0.99230263,0.98599715,0.00480988,0.00051569,0.00061879
2025-02-21 02:00:00+00:00,5163.3775,20.8786882,0.99237565,0.98613886,0.00485472,0.00042089,0.00060871
2025-02-21 03:00:00+00:00,5110.9775,21.57941746,0.99344887,0.98645046,0.00538897,0.0003903,0.00067578
2025-02-21 04:00:00+00:00,5155.995,21.70368074,0.99287098,0.98618448,0.00538059,0.00014182,0.00060726
2025-02-21 05:00:00+00:00,5629.59,23.42830497,0.99695648,0.98796361,0.00776199,4.313e-05,0.00061501
2025-02-21 06:00:00+00:00,5808.305,23.95953939,0.99801359,0.98445841,0.01245098,0.0,0.00044864
2025-02-21 07:00:00+00:00,5878.8325,24.00940516,0.99809712,0.97649212,0.02044837,0.0,0.00033573
2025-02-21 08:00:00+00:00,5998.94,24.0330033,0.99796096,0.98586668,0.01083388,0.0,0.00043078
2025-02-21 09:00:00+00:00,5989.13,24.22518731,0.99797072,0.98776423,0.00873083,0.0,0.00043512
2025-02-21 10:00:00+00:00,5941.5875,24.24186708,0.99797209,0.98639085,0.01000726,0.0,0.00041469
2025-02-21 11:00:00+00:00,5869.9675,24.40433677,0.99785239,0.98588058,0.01024345,0.0,0.00051104
2025-02-21 12:00:00+00:00,5787.335,24.52931922,0.99779843,0.96982129,0.02593804,0.0,0.00063507
2025-02-21 13:00:00+00:00,5723.805,24.31490408,0.99812487,0.97088957,0.02539442,0.0,0.00054916
2025-02-21 14:00:00+00:00,5741.6975,24.08229443,0.99849118,0.97105794,0.02592348,0.0,0.000456
2025-02-21 15:00:00+00:00,5776.46,23.91056111,0.99859173,0.97152183,0.02584044,0.0,0.0004005
2025-02-21 16:00:00+00:00,5807.4775,23.78933619,0.99858983,0.97279089,0.02477754,0.0,0.00038115
2025-02-21 17:00:00+00:00,5736.4275,23.68474103,0.99843499,0.97213194,0.02526002,0.0,0.0004685
2025-02-21 18:00:00+00:00,5631.1525,23.37680085,0.99723496,0.97111772,0.02492632,0.0,0.00056888
2025-02-21 19:00:00+00:00,5401.85,22.1510206,0.99281194,0.97076486,0.02077137,0.0,0.00063526
2025-02-21 20:00:00+00:00,5221.96,21.54268271,0.99163505,0.97159151,0.01907157,0.0,0.00065227
2025-02-21 21:00:00+00:00,5076.1025,20.82564621,0.99022111,0.97839773,0.01094795,0.0,0.00064731
2025-02-21 22:00:00+00:00,4909.435,20.44063914,0.9900091,0.97863458,0.01026977,0.00021281,0.00063749
2025-02-21 23:00:00+00:00,4733.1275,20.54802159,0.99149128,0.98642124,0.00409069,0.00016342,0.00060131
2025-02-22 00:00:00+00:00,4618.82,20.23349502,0.99098017,0.98602505,0.00374736,0.00032925,0.00065762
2025-02-22 01:00:00+00:00,4499.99,20.35390774,0.99163739,0.98671709,0.00375855,0.0002938,0.000663
2025-02-22 02:00:00+00:00,4382.44,20.02942332,0.9911495,0.98661652,0.00332969,0.00031185,0.00067955
2025-02-22 03:00:00+00:00,4345.235,19.98014673,0.99116726,0.98668266,0.00338085,0.00024505,0.00067077
2025-02-22 04:00:00+00:00,4310.7075,20.50236699,0.99155117,0.98641751,0.00391719,0.00025991,0.00068588
2025-02-22 05:00:00+00:00,4335.965,20.80542323,0.9901378,0.9844171,0.00388571,0.00062706,0.00067001
2025-02-22 06:00:00+00:00,4440.155,21.11035616,0.98944648,0.97719892,0.01059051,0.00054115,0.00065051
2025-02-22 07:00:00+00:00,4634.3125,21.36363107,0.98964768,0.9762792,0.01177054,0.00044163,0.00067029
2025-02-22 08:00:00+00:00,4890.3725,21.49633088,0.98965573,0.97715455,0.01094636,0.00038436,0.00071971
2025-02-22 09:00:00+00:00,5068.23,21.35524105,0.98779701,0.97554583,0.01051771,0.00058391,0.00073147
2025-02-22 10:00:00+00:00,5152.3,21.0974421,0.98508506,0.97273115,0.01048252,0.00073052,0.00073869
2025-02-22 11:00:00+00:00,5175.6075,21.17025829,0.98513725,0.97237753,0.01085037,0.00075747,0.00075637
2025-02-22 12:00:00+00:00,5138.7275,21.29345496,0.98561126,0.97201463,0.01180604,0.00068567,0.00073929
2025-02-22 13:00:00+00:00,5142.9775,21.5592951,0.98749195,0.97362245,0.01207779,0.00063906,0.00077493
2025-02-22 14:00:00+00:00,5151.7,21.64017197,0.98843881,0.97444471,0.01214419,0.00062875,0.00077923
2025-02-22 15:00:00+00:00,5159.46,21.88528473,0.9900172,0.97514848,0.01326418,0.00038772,0.00077951
2025-02-22 16:00:00+00:00,5220.1225,22.4026912,0.99236909,0.97636542,0.01461113,0.00019755,0.00076595
2025-02-22 17:00:00+00:00,5212.685,22.0802985,0.99084726,0.97521116,0.01414965,0.00024627,0.00080097
2025-02-22 18:00:00+00:00,5125.2275,21.46293569,0.98869997,0.97410596,0.01295686,0.00037901,0.0008244
2025-02-22 19:00:00+00:00,4981.015,21.44403153,0.9883988,0.97398066,0.01258031,0.000568,0.00079844
2025-02-22 20:00:00+00:00,4857.7175,21.41925094,0.98857417,0.97451528,0.01231424,0.00048705,0.0007573
2025-02-22 21:00:00+00:00,4722.3375,21.55680043,0.98846205,0.97450761,0.01214978,0.0004797,0.00081318
2025-02-22 22:00:00+00:00,4581.425,21.24305505,0.98688258,0.97319429,0.01152738,0.00077746,0.00082315
2025-02-22 23:00:00+00:00,4518.1625,21.36593275,0.98768032,0.97405149,0.01152998,0.00069146,0.00083456
2025-02-23 00:00:00+00:00,4391.86,21.94374491,0.98995689,0.97521067,0.01272267,0.00058778,0.00087555
2025-02-23 01:00:00+00:00,4288.465,22.09802985,0.98975898,0.97470492,0.01294208,0.00063642,0.00089238
2025-02-23 02:00:00+00:00,4190.7575,21.91712307,0.98885345,0.9740183,0.01267601,0.00066842,0.00091772
2025-02-23 03:00:00+00:00,4180.04,21.74106672,0.98821808,0.9737793,0.01219351,0.00074868,0.00093132
2025-02-23 04:00:00+00:00,4208.535,21.97248489,0.98866154,0.97409755,0.01228689,0.00074034,0.00092566
2025-02-23 05:00:00+00:00,4269.785,22.48375383,0.98948319,0.97367275,0.01318449,0.00097287,0.00090686
2025-02-23 06:00:00+00:00,4304.045,22.86093159,0.99044082,0.97426423,0.01391093,0.00067002,0.00089314
2025-02-23 07:00:00+00:00,4457.395,23.23069636,0.99146689,0.97489135,0.01458154,0.00043148,0.00092556
2025-02-23 08:00:00+00:00,4636.3275,23.53549935,0.99308662,0.97547955,0.01585287,0.00021502,0.00090427
2025-02-23 09:00:00+00:00,4767.28,23.98882124,0.99528056,0.97743339,0.01633727,6.863e-05,0.00082358
2025-02-23 10:00:00+00:00,4828.445,24.23957756,0.99640574,0.97571589,0.01898819,1.676e-05,0.00091633
2025-02-23 11:00:00+00:00,4842.18,24.08865029,0.99427292,0.97623518,0.0159228,0.0001073,0.0009424
2025-02-23 12:00:00+00:00,4882.435,23.55923297,0.98532208,0.9772113,0.00484114,0.00041571,0.00099236
2025-02-23 13:00:00+00:00,4907.715,23.12927328,0.98502316,0.9780569,0.00414814,0.00036902,0.00096483
2025-02-23 14:00:00+00:00,4981.3775,23.33674116,0.99210587,0.9825546,0.00761763,9.396e-05,0.00099048
2025-02-23 15:00:00+00:00,5058.92,23.83380412,0.99733057,0.97786638,0.01801143,0.0,0.00071316
2025-02-23 16:00:00+00:00,5123.3325,23.47926843,0.99765686,0.97963812,0.01740462,0.0,0.00055438
2025-02-23 17:00:00+00:00,5196.2975,23.37200019,0.99762155,0.98017465,0.0169409,0.0,0.00055649
2025-02-23 18:00:00+00:00,5188.1325,23.30932654,0.99753225,0.98016398,0.0168264,0.0,0.00060511
2025-02-23 19:00:00+00:00,5105.25,23.28914723,0.99736281,0.97868305,0.01802675,0.0,0.00065222
2025-02-23 20:00:00+00:00,5010.1025,22.83540017,0.9953549,0.98098839,0.01370738,0.0,0.00083718
2025-02-23 21:00:00+00:00,4859.775,21.67078468,0.99117989,0.98499528,0.00554499,0.0,0.00078978
2025-02-23 22:00:00+00:00,4713.5025,20.76152825,0.98836462,0.98275033,0.00462783,0.00015209,0.00073078
2025-02-23 23:00:00+00:00,4570.78,20.05348993,0.98868532,0.98352329,0.00403103,0.00025188,0.00069826
2025-02-24 00:00:00+00:00,4473.14,19.51971353,0.98882786,0.98480161,0.00343709,0.0,0.00068865
2025-02-24 01:00:00+00:00,4413.74,19.73861634,0.98972194,0.98540937,0.00368794,0.0,0.00071888
2025-02-24 02:00:00+00:00,4348.525,20.39494018,0.99105364,0.98601899,0.00417365,6.89e-05,0.00075001
2025-02-24 03:00:00+00:00,4274.8075,19.53065804,0.98975863,0.98552511,0.00344887,7.185e-05,0.00078919
2025-02-24 04:00:00+00:00,4394.585,19.31252874,0.98964683,0.98554387,0.00349654,0.0,0.00076574
2025-02-24 05:00:00+00:00,4866.37,19.50570104,0.98911592,0.98499121,0.00363913,0.0,0.00062428
2025-02-24 06:00:00+00:00,5341.72,19.97550619,0.98928156,0.98342309,0.00532624,0.0,0.00060118
2025-02-24 07:00:00+00:00,5372.76,20.02566699,0.98820652,0.97848584,0.00912426,0.0,0.00061067
2025-02-24 08:00:00+00:00,5383.61,20.19128521,0.98888409,0.98096397,0.0074483,0.0,0.00051873
2025-02-24 09:00:00+00:00,5396.1625,19.91698551,0.98760047,0.98073112,0.00637972,0.0,0.00048376
2025-02-24 10:00:00+00:00,5361.8575,19.80511331,0.98735041,0.98049432,0.00650985,0.0,0.00040567
2025-02-24 11:00:00+00:00,5366.97,19.83730497,0.98753631,0.9804841,0.00662894,0.0,0.00052464
2025-02-24 12:00:00+00:00,5370.0975,20.07692439,0.98830659,0.98084486,0.00708825,0.0,0.00054561
2025-02-24 13:00:00+00:00,5382.5275,20.629977,0.98985913,0.98152744,0.00758799,0.00019553,0.00055907
2025-02-24 14:00:00+00:00,5373.84,20.72583321,0.98986943,0.98130578,0.00759314,0.00043234,0.0006158
2025-02-24 15:00:00+00:00,5425.0625,20.78640022,0.98960639,0.98000898,0.00856819,0.00044046,0.00061552
2025-02-24 16:00:00+00:00,5428.4275,21.3426159,0.99149978,0.97974322,0.01111593,0.00020483,0.00058823
2025-02-24 17:00:00+00:00,5364.94,21.39432569,0.99199127,0.98021072,0.01118585,0.00021327,0.00056003
2025-02-24 18:00:00+00:00,5303.3825,21.12961308,0.99094834,0.97924968,0.0110406,0.000291,0.00052569
2025-02-24 19:00:00+00:00,5240.47,20.75444976,0.98983067,0.97855979,0.0106,0.00025358,0.00053138
2025-02-24 20:00:00+00:00,5089.9025,20.76531173,0.99113371,0.97972217,0.01074995,0.00021964,0.00054758
2025-02-24 21:00:00+00:00,4927.535,20.79892637,0.99107598,0.97968108,0.01075472,0.00024264,0.00050501
2025-02-24 22:00:00+00:00,4651.75,20.76107071,0.99066893,0.97986945,0.0100727,0.00030968,0.00050281
2025-02-24 23:00:00+00:00,4429.8225,21.15253645,0.99127366,0.98610156,0.00419492,0.00043864,0.00055012
2025-02-25 00:00:00+00:00,4299.3725,21.35527419,0.99121172,0.98566336,0.00408173,0.00072406,0.00065262
2025-02-25 01:00:00+00:00,4212.02,21.40540181,0.99062435,0.98465605,0.00410306,0.00103712,0.00065786
2025-02-25 02:00:00+00:00,4151.3025,21.69314662,0.9908512,0.98464447,0.00437865,0.00092702,0.00068255
2025-02-25 03:00:00+00:00,4139.3775,21.78000898,0.98989861,0.98370233,0.00448865,0.00079696,0.00067109
2025-02-25 04:00:00+00:00,4274.4675,22.42308307,0.99168718,0.98315287,0.0074305,0.00033288,0.00065459
2025-02-25 05:00:00+00:00,4723.7025,23.25000305,0.99519681,0.97617245,0.01822166,5.168e-05,0.00068053
2025-02-25 06:00:00+00:00,5167.535,23.69173201,0.99669043,0.96720258,0.02869896,1.055e-05,0.00067006
2025-02-25 07:00:00+00:00,5250.6325,23.93116569,0.99818006,0.9686278,0.02884587,3.2e-06,0.00056427
2025-02-25 08:00:00+00:00,5287.35,24.03452181,0.99822489,0.96930642,0.0283168,6.9e-07,0.00049536
2025-02-25 09:00:00+00:00,5256.475,23.99918573,0.9983013,0.96908149,0.02858471,0.0,0.00051789
2025-02-25 10:00:00+00:00,5189.0425,24.03692253,0.99842696,0.96948751,0.02827246,0.0,0.00054503
2025-02-25 11:00:00+00:00,5210.03,24.0071822,0.99846053,0.96973368,0.02799555,0.0,0.00059058
2025-02-25 12:00:00+00:00,5170.975,23.95071277,0.99846431,0.96984768,0.02791104,0.0,0.00058579
2025-02-25 13:00:00+00:00,5174.3375,23.84387878,0.99854949,0.9702179,0.02776016,0.0,0.00053539
2025-02-25 14:00:00+00:00,5201.375,23.75860125,0.99858746,0.97099459,0.027076,0.0,0.00050592
2025-02-25 15:00:00+00:00,5327.0225,23.69538862,0.99861664,0.97129293,0.02690063,0.0,0.00045821
2025-02-25 16:00:00+00:00,5427.15,23.71559788,0.99857623,0.97026066,0.02793819,0.0,0.00037001
2025-02-25 17:00:00+00:00,5430.115,23.84040245,0.99868842,0.9703861,0.02754059,0.0,0.00038912
2025-02-25 18:00:00+00:00,5328.675,23.94174183,0.99845571,0.97003234,0.02742306,0.0,0.00053149
2025-02-25 19:00:00+00:00,5280.7375,23.98344485,0.99826202,0.97799577,0.01904503,0.0,0.00069106
2025-02-25 20:00:00+00:00,5128.51,23.63672,0.99580024,0.97648992,0.01796043,0.0,0.0007631
2025-02-25 21:00:00+00:00,4942.0425,23.19320216,0.99359209,0.97659808,0.0156911,0.0,0.00071988
2025-02-25 22:00:00+00:00,4696.3075,22.99778356,0.99258239,0.9774243,0.01388465,0.0,0.00070899
2025-02-25 23:00:00+00:00,4548.4075,22.79902411,0.99082979,0.98200813,0.00742327,0.0,0.00081156
2025-02-26 00:00:00+00:00,4454.595,22.81832675,0.99062867,0.98208826,0.0070994,0.0,0.00086524
2025-02-26 01:00:00+00:00,4378.8425,22.57936558,0.98982319,0.9815734,0.00685048,0.0,0.00085658
2025-02-26 02:00:00+00:00,4316.06,22.6289483,0.99009352,0.98180529,0.0068424,0.0,0.00088252
2025-02-26 03:00:00+00:00,4298.0475,22.77950442,0.99011397,0.98122774,0.00737066,0.0,0.00089721
2025-02-26 04:00:00+00:00,4416.68,23.0373153,0.99081282,0.97991836,0.00947586,0.0,0.00083679
2025-02-26 05:00:00+00:00,4881.785,23.79194679,0.99451925,0.97486885,0.01828626,0.0,0.00082606
2025-02-26 06:00:00+00:00,5311.02,24.07576106,0.99728535,0.96864782,0.027578,0.0,0.00059011
2025-02-26 07:00:00+00:00,5456.4425,24.05755666,0.99810703,0.97023304,0.02693114,0.0,0.00052148
2025-02-26 08:00:00+00:00,5413.725,24.05054037,0.99805791,0.97123176,0.02588914,0.0,0.00052374
2025-02-26 09:00:00+00:00,5365.3775,24.10487901,0.99806104,0.96910806,0.02792988,0.0,0.00052287
2025-02-26 10:00:00+00:00,5303.8725,24.1851307,0.99836912,0.96592364,0.03144088,0.0,0.00050283
2025-02-26 11:00:00+00:00,5234.97,24.22882324,0.9983591,0.96553316,0.03176513,0.0,0.00055428
2025-02-26 12:00:00+00:00,5200.43,24.28316072,0.99802099,0.96854246,0.02826568,0.0,0.00068537
2025-02-26 13:00:00+00:00,5115.975,24.31190894,0.99822243,0.96901028,0.0280073,0.0,0.00065461
2025-02-26 14:00:00+00:00,5153.3775,24.2843907,0.99819383,0.97020462,0.02679823,0.0,0.00064401
2025-02-26 15:00:00+00:00,5272.0175,24.27586151,0.99850584,0.97024835,0.02709852,0.0,0.00052383
2025-02-26 16:00:00+00:00,5310.095,24.21536473,0.9982832,0.96885487,0.02836321,0.0,0.00049415
2025-02-26 17:00:00+00:00,5358.695,24.18798183,0.99851999,0.96978034,0.0277732,0.0,0.00044719
2025-02-26 18:00:00+00:00,5304.115,24.21166188,0.9981844,0.97027361,0.02693688,0.0,0.00048485
2025-02-26 19:00:00+00:00,5281.8925,24.27571777,0.99810889,0.97056104,0.0264344,0.0,0.00059168
2025-02-26 20:00:00+00:00,5163.5525,24.2981883,0.99766477,0.96905919,0.02733799,0.0,0.00070881
2025-02-26 21:00:00+00:00,4988.4425,24.13018327,0.9963651,0.96903765,0.02594189,0.0,0.00074129
2025-02-26 22:00:00+00:00,4749.0125,23.89171241,0.99503317,0.96924239,0.02441742,0.0,0.00071438
2025-02-26 23:00:00+00:00,4547.7775,23.84421883,0.99436435,0.97368781,0.01901554,0.00011392,0.00079457
2025-02-27 00:00:00+00:00,4439.515,23.72572672,0.99331237,0.97471011,0.01670667,0.00023422,0.00085349
2025-02-27 01:00:00+00:00,4322.97,23.62228936,0.99344417,0.97559008,0.01629911,3.614e-05,0.00078688
2025-02-27 02:00:00+00:00,4272.9775,23.82684306,0.99439029,0.97521365,0.01769387,2.314e-05,0.00072194
2025-02-27 03:00:00+00:00,4294.53,24.06297899,0.99509558,0.97376916,0.01971736,0.0,0.00086181
2025-02-27 04:00:00+00:00,4442.39,24.41460997,0.99714838,0.9669919,0.0286124,0.0,0.00075589
2025-02-27 05:00:00+00:00,4830.065,24.46629964,0.99801678,0.96883272,0.02789278,0.0,0.00053746
2025-02-27 06:00:00+00:00,5256.585,24.41950657,0.99808123,0.97640188,0.0205423,0.0,0.00043833
2025-02-27 07:00:00+00:00,5406.7475,24.35113886,0.99865328,0.9766895,0.0209867,0.0,0.00030041
2025-02-27 08:00:00+00:00,5391.7825,24.33287633,0.99852003,0.97563471,0.02197881,0.0,0.00024625
2025-02-27 09:00:00+00:00,5370.8525,24.3292818,0.99850008,0.97587603,0.02165736,0.0,0.00033102
2025-02-27 10:00:00+00:00,5335.3475,24.31715574,0.99841403,0.97579665,0.02165016,0.0,0.00035306
2025-02-27 11:00:00+00:00,5289.6675,24.37929165,0.99870245,0.97459011,0.02299532,0.0,0.00035582
2025-02-27 12:00:00+00:00,5207.26,24.46615864,0.99869932,0.97593838,0.02142311,0.0,0.00038765
2025-02-27 13:00:00+00:00,5174.805,24.46229879,0.99857358,0.97568073,0.02150562,0.0,0.00037656
2025-02-27 14:00:00+00:00,5229.4075,24.45130456,0.99844085,0.97646383,0.02054588,0.0,0.00038256
2025-02-27 15:00:00+00:00,5358.6375,24.50903555,0.99851213,0.96778512,0.02920594,0.0,0.00036121
2025-02-27 16:00:00+00:00,5406.125,24.4826721,0.99856493,0.96577668,0.03134879,0.0,0.00029662
2025-02-27 17:00:00+00:00,5432.865,24.37354851,0.99846881,0.96781556,0.02939146,0.0,0.00034648
2025-02-27 18:00:00+00:00,5446.6425,24.41438198,0.99846736,0.96685309,0.03026798,0.0,0.00036268
2025-02-27 19:00:00+00:00,5443.705,24.29429743,0.99833502,0.9681503,0.02898502,0.0,0.00039878
2025-02-27 20:00:00+00:00,5333.095,24.33262481,0.99790335,0.96778587,0.02874904,0.0,0.00051481
2025-02-27 21:00:00+00:00,5277.7125,24.28762601,0.99794458,0.96794822,0.02877407,0.0,0.00059
2025-02-27 22:00:00+00:00,5023.5025,24.16411293,0.99719056,0.96753641,0.02835748,0.0,0.00064526
2025-02-27 23:00:00+00:00,4852.4725,24.08898639,0.99717192,0.96947439,0.02638301,0.0,0.0007078
2025-02-28 00:00:00+00:00,4752.215,24.00102301,0.99672664,0.96944957,0.02588312,0.0,0.0007121
2025-02-28 01:00:00+00:00,4692.1525,23.95757378,0.99698061,0.96940853,0.02632299,0.0,0.00074026
2025-02-28 02:00:00+00:00,4665.275,23.89274678,0.99660317,0.96861205,0.02674115,0.0,0.00071302
2025-02-28 03:00:00+00:00,4679.345,24.02540947,0.99734994,0.96851977,0.02754345,1.38e-06,0.0006764
2025-02-28 04:00:00+00:00,4838.0175,24.11023139,0.9982483,0.96932294,0.02785399,1.34e-06,0.00055667
2025-02-28 05:00:00+00:00,5294.68,24.08244191,0.99785027,0.9687707,0.02804852,4e-06,0.0005384
2025-02-28 06:00:00+00:00,5710.0625,24.0625793,0.99804637,0.97540334,0.0216785,3.54e-06,0.00049154
2025-02-28 07:00:00+00:00,5805.95,24.10338152,0.99802969,0.97538799,0.02164561,3.28e-06,0.00049258
2025-02-28 08:00:00+00:00,5800.325,24.11535102,0.99801354,0.97509313,0.0219351,4.51e-06,0.00048286
2025-02-28 09:00:00+00:00,5796.4625,24.06653014,0.99812964,0.9754224,0.02178162,3.7e-06,0.00044523
2025-02-28 10:00:00+00:00,5680.5675,24.13895451,0.99811279,0.97587615,0.0212185,3.17e-06,0.00046047
2025-02-28 11:00:00+00:00,5521.2925,24.11094535,0.99799266,0.97738168,0.0196243,3.47e-06,0.00051928
2025-02-28 12:00:00+00:00,5387.2425,24.16730632,0.99803274,0.97840037,0.01857556,2.63e-06,0.00056344
2025-02-28 13:00:00+00:00,5262.44,24.22452296,0.99808029,0.97943593,0.01752295,2.21e-06,0.00054709
2025-02-28 14:00:00+00:00,5231.6025,24.26709025,0.99800022,0.97923321,0.01741466,1.58e-06,0.00059799
2025-02-28 15:00:00+00:00,5351.2125,24.11628699,0.99799019,0.97573646,0.02107133,6.89e-06,0.00055712
2025-02-28 16:00:00+00:00,5481.11,24.0994836,0.99828761,0.96901641,0.0281987,3.81e-06,0.00044008
2025-02-28 17:00:00+00:00,5575.74,24.09965855,0.99830846,0.96803627,0.02923405,2.9e-06,0.00039371
2025-02-28 18:00:00+00:00,5489.9975,24.03700887,0.99814861,0.96895749,0.02817808,2.83e-06,0.00043107
2025-02-28 19:00:00+00:00,5432.8375,24.16425396,0.99797326,0.96935913,0.02727471,2.95e-06,0.00057511
2025-02-28 20:00:00+00:00,5331.83,24.18737601,0.99796133,0.97034951,0.02623932,0.0,0.00060124
2025-02-28 21:00:00+00:00,5201.7625,24.15340888,0.99797315,0.97047829,0.02624598,2.61e-06,0.00063372
2025-02-28 22:00:00+00:00,5017.405,24.21042793,0.99814459,0.97036813,0.02641319,3.88e-06,0.00063949
2025-02-28 23:00:00+00:00,4807.435,24.08640044,0.99762617,0.97091091,0.02515158,3.15e-06,0.00073802
2025-03-01 00:00:00+00:00,4708.0075,23.30751296,0.9953818,0.97947271,0.01459189,2.13e-06,0.0007825
2025-03-01 01:00:00+00:00,4637.155,23.30989556,0.99463076,0.97892529,0.01423425,0.0,0.00078438
2025-03-01 02:00:00+00:00,4576.0975,23.45645051,0.99480886,0.97880913,0.01453431,0.0,0.00076571
2025-03-01 03:00:00+00:00,4598.09,23.57072808,0.99524296,0.97907039,0.01483431,0.0,0.00077052
2025-03-01 04:00:00+00:00,4646.0275,23.54667482,0.99473638,0.97857131,0.0148707,0.0,0.00078753
2025-03-01 05:00:00+00:00,4729.6475,23.72598435,0.99545297,0.97892038,0.01530988,0.0,0.00075004
2025-03-01 06:00:00+00:00,4868.7775,23.93282959,0.99654306,0.97947403,0.01589109,0.0,0.00069686
2025-03-01 07:00:00+00:00,5101.0975,24.03302151,0.99764994,0.98050273,0.0160713,0.0,0.00064749
2025-03-01 08:00:00+00:00,5303.5375,23.9894879,0.9975723,0.98056422,0.01595293,0.0,0.00062132
2025-03-01 09:00:00+00:00,5445.1325,23.91434997,0.99788834,0.97714917,0.0195208,0.0,0.00070965
2025-03-01 10:00:00+00:00,5402.78,23.53579753,0.99603944,0.97186162,0.02298984,0.0,0.00071129
2025-03-01 11:00:00+00:00,5336.34,23.24488808,0.99415375,0.97025346,0.02275848,0.0,0.00067988
2025-03-01 12:00:00+00:00,5290.7225,22.81164196,0.99192194,0.96940901,0.02150833,0.0,0.00064624
2025-03-01 13:00:00+00:00,5210.155,22.62599004,0.99187303,0.97086828,0.02007721,0.0,0.00062238
2025-03-01 14:00:00+00:00,5213.29,22.45066059,0.99107364,0.97723333,0.01270679,0.0,0.0006411
2025-03-01 15:00:00+00:00,5271.4,22.39503222,0.99138049,0.97789298,0.0122491,0.0,0.00063544
2025-03-01 16:00:00+00:00,5372.7425,22.81349304,0.99380153,0.97951456,0.0130663,0.0,0.00065571
2025-03-01 17:00:00+00:00,5423.2325,22.71012859,0.99326116,0.97506035,0.01694618,0.0,0.00061606
2025-03-01 18:00:00+00:00,5351.72,21.95513841,0.99087295,0.973153,0.01685067,0.0,0.00056192
2025-03-01 19:00:00+00:00,5264.2675,21.53084383,0.9903155,0.97880309,0.01066471,0.0,0.00057258
2025-03-01 20:00:00+00:00,5118.095,20.88301788,0.99003479,0.98515586,0.00396365,0.0,0.00063739
2025-03-01 21:00:00+00:00,4987.1375,20.62562943,0.99109803,0.98645779,0.00380706,0.0,0.0006001
2025-03-01 22:00:00+00:00,4855.4975,20.46953299,0.99150711,0.98677045,0.00396282,0.0,0.0005905
2025-03-01 23:00:00+00:00,4734.36,20.27869272,0.99232289,0.98814542,0.00346072,0.0,0.00058839
2025-03-02 00:00:00+00:00,4665.3825,20.30195532,0.99275515,0.98852354,0.00352358,0.0,0.0005999
2025-03-02 01:00:00+00:00,4567.4325,20.13379372,0.99236185,0.98816048,0.00350811,0.0,0.00061487
2025-03-02 02:00:00+00:00,4501.495,20.06099583,0.99242142,0.98827383,0.00348752,0.0,0.00059284
2025-03-02 03:00:00+00:00,4435.4475,19.99637597,0.99260739,0.98836502,0.00352997,7e-07,0.00061402
2025-03-02 04:00:00+00:00,4435.0425,20.08725283,0.99277279,0.98826406,0.00379595,3.85e-06,0.00058049
2025-03-02 05:00:00+00:00,4496.02,19.85950534,0.99211744,0.98782674,0.00356368,8e-06,0.00055863
2025-03-02 06:00:00+00:00,4530.22,20.01235227,0.99237616,0.98797314,0.00373813,6.6e-06,0.00050454
2025-03-02 07:00:00+00:00,4654.2025,20.08456355,0.99185404,0.98745575,0.00381737,4.19e-06,0.00049468
2025-03-02 08:00:00+00:00,4734.01,20.22658574,0.99107372,0.98651525,0.00380379,1.029e-05,0.00049807
2025-03-02 09:00:00+00:00,4664.9625,20.39011069,0.99001733,0.98518578,0.00397554,8.095e-05,0.00050042
2025-03-02 10:00:00+00:00,4613.3225,20.12715252,0.98847799,0.984049,0.00368745,4.082e-05,0.00047629
2025-03-02 11:00:00+00:00,4595.4625,20.0042471,0.98766829,0.98316898,0.00362491,0.00012316,0.00052712
2025-03-02 12:00:00+00:00,4613.475,19.77025805,0.98798739,0.98392205,0.0034269,2.678e-05,0.00050348
2025-03-02 13:00:00+00:00,4631.46,20.28352292,0.98996232,0.98550701,0.00379971,5.34e-06,0.00051782
2025-03-02 14:00:00+00:00,4722.0725,20.58280045,0.99105677,0.98624032,0.00397489,2.29e-06,0.00059565
2025-03-02 15:00:00+00:00,4797.005,20.7086068,0.99184897,0.98694173,0.00399854,0.0,0.00063828
2025-03-02 16:00:00+00:00,4933.3925,20.72897923,0.99217061,0.98729886,0.00404931,0.0,0.00060632
2025-03-02 17:00:00+00:00,5029.9775,20.74108749,0.99254471,0.98758555,0.00407069,0.0,0.00065612
2025-03-02 18:00:00+00:00,5017.91,20.52434474,0.99212599,0.98731234,0.00405406,0.0,0.00059732
2025-03-02 19:00:00+00:00,4938.5375,20.65836879,0.99275736,0.98789603,0.00420421,0.0,0.00053419
2025-03-02 20:00:00+00:00,4847.715,20.47062408,0.9919613,0.98720711,0.00401711,0.0,0.00061054
2025-03-02 21:00:00+00:00,4714.6425,20.19193156,0.99175856,0.98716782,0.00390142,1.9e-07,0.00057984
2025-03-02 22:00:00+00:00,4475.7425,20.30086264,0.99205912,0.98740986,0.00405369,0.0,0.00052322
2025-03-02 23:00:00+00:00,4344.5,20.22772514,0.99221766,0.98759515,0.00398109,7.2e-07,4.911e-05
2025-03-03 00:00:00+00:00,4216.235,20.21788069,0.99226891,0.98765849,0.00394053,1.1e-07,5.834e-05
2025-03-03 01:00:00+00:00,4139.305,19.94012049,0.99199515,0.98744649,0.00387101,7.7e-07,6.59e-05
2025-03-03 02:00:00+00:00,4108.2825,20.03677159,0.99223385,0.98785695,0.00377633,0.0,4.305e-05
2025-03-03 03:00:00+00:00,4140.1125,20.33020795,0.99318994,0.98882279,0.00376753,0.0,4.196e-05
2025-03-03 04:00:00+00:00,4327.0825,20.38936237,0.99281353,0.98829559,0.00377561,0.0,7.499e-05
2025-03-03 05:00:00+00:00,4843.8775,20.93620366,0.99306677,0.98812751,0.00410098,0.0,8.933e-05
2025-03-03 06:00:00+00:00,5329.505,20.96410129,0.99318737,0.98839211,0.00395429,0.0,9.504e-05
2025-03-03 07:00:00+00:00,5374.6825,21.22050396,0.99325026,0.98840839,0.00401279,0.0,8.941e-05
2025-03-03 08:00:00+00:00,5156.175,21.19417412,0.99307382,0.98837797,0.00393171,0.0,7.248e-05
2025-03-03 09:00:00+00:00,4898.53,20.86688222,0.9916337,0.98735799,0.0035644,0.0,7.441e-05
2025-03-03 10:00:00+00:00,4681.3625,20.57291812,0.99001142,0.9862892,0.00311427,0.0,5.239e-05
2025-03-03 11:00:00+00:00,4539.4875,20.12460532,0.98970703,0.986737,0.00242758,0.0,4.981e-05
2025-03-03 12:00:00+00:00,4485.2875,20.02649768,0.99036922,0.98711654,0.00273626,0.0,4.14e-05
2025-03-03 13:00:00+00:00,4465.9475,20.43232001,0.99187987,0.98793276,0.00337716,0.0,4.241e-05
2025-03-03 14:00:00+00:00,4526.19,20.81011121,0.99403567,0.98968703,0.00371477,0.0,5.067e-05
2025-03-03 15:00:00+00:00,4650.205,21.00091494,0.99425228,0.98918895,0.00390445,0.00040938,5.936e-05
2025-03-03 16:00:00+00:00,4794.9675,21.00413821,0.99444381,0.98970805,0.00403384,0.0,5.985e-05
2025-03-03 17:00:00+00:00,4862.8675,21.32234264,0.99524029,0.99025175,0.00419675,8.42e-06,6.459e-05
2025-03-03 18:00:00+00:00,4910.2925,20.73839555,0.99392923,0.98933685,0.00380956,0.0,8.117e-05
2025-03-03 19:00:00+00:00,4840.2125,20.45048937,0.99431686,0.989959,0.0036836,2.6e-07,5.905e-05
2025-03-03 20:00:00+00:00,4779.21,20.5992552,0.9939669,0.98950251,0.0038346,8.2e-07,4.75e-05
2025-03-03 21:00:00+00:00,4591.1825,20.53591474,0.99380509,0.98923725,0.00390083,9.242e-05,1.95e-05
2025-03-03 22:00:00+00:00,4323.66,20.23218976,0.99299123,0.98879948,0.00367924,1.14e-06,2.13e-05
2025-03-03 23:00:00+00:00,4097.0225,20.07800548,0.99328307,0.98919071,0.00367604,0.0,0.0
2025-03-04 00:00:00+00:00,3983.3925,20.11129824,0.99313166,0.98894671,0.00375294,0.0,0.0
2025-03-04 01:00:00+00:00,3924.7125,20.01345911,0.99298087,0.98869915,0.00383399,3.2e-07,3.04e-06
2025-03-04 02:00:00+00:00,3916.45,19.83186476,0.99280243,0.98859099,0.0037778,0.0,0.0
2025-03-04 03:00:00+00:00,3948.73,19.82186416,0.99273051,0.98860237,0.00366588,1.2e-06,8.35e-06
2025-03-04 04:00:00+00:00,4114.3925,20.35506812,0.99376473,0.98922983,0.00398724,2.02e-06,2.046e-05
2025-03-04 05:00:00+00:00,4564.1675,20.6686132,0.99371399,0.98728869,0.00560232,5.13e-06,8.849e-05
2025-03-04 06:00:00+00:00,5022.1925,20.94825605,0.99422565,0.98291038,0.01061372,5.21e-06,5.799e-05
2025-03-04 07:00:00+00:00,5067.255,20.98719159,0.99371195,0.98248632,0.01054856,4.62e-06,5.148e-05
2025-03-04 08:00:00+00:00,4966.8075,21.00222397,0.99253738,0.98154022,0.01027636,5.24e-06,0.00026916
2025-03-04 09:00:00+00:00,4829.415,20.86132891,0.99159408,0.98092461,0.00997778,5.34e-06,0.00026748
2025-03-04 10:00:00+00:00,4732.44,21.16571038,0.99173108,0.98067041,0.01017957,7.7e-06,0.00045556
2025-03-04 11:00:00+00:00,4758.16,21.1176008,0.98972205,0.98405414,0.00460028,5.61e-06,0.00054997
2025-03-04 12:00:00+00:00,4704.43,21.27406563,0.98994159,0.98458369,0.00395153,6.03e-06,0.00064884
2025-03-04 13:00:00+00:00,4681.51,21.25662468,0.99084615,0.98573586,0.00383738,6.05e-06,0.00063664
2025-03-04 14:00:00+00:00,4758.485,21.21605987,0.99140099,0.98144281,0.00894551,6.4e-06,0.00058283
2025-03-04 15:00:00+00:00,4869.9175,21.15771084,0.99185166,0.98190622,0.00888964,1.323e-05,0.00061162
2025-03-04 16:00:00+00:00,5004.4075,21.70708089,0.99370725,0.9810923,0.01143946,8.79e-06,0.00061588
2025-03-04 17:00:00+00:00,5029.9625,21.40399031,0.99331984,0.98082182,0.01147118,8.5e-06,0.00060274
2025-03-04 18:00:00+00:00,4994.6,20.92276597,0.9926154,0.98238477,0.00934376,9.27e-06,0.00055565
2025-03-04 19:00:00+00:00,4927.1825,20.41736766,0.99193154,0.98260938,0.00844238,1.059e-05,0.00055213
2025-03-04 20:00:00+00:00,4828.51,20.15029073,0.99198166,0.98289683,0.00826395,8.91e-06,0.00052684
2025-03-04 21:00:00+00:00,4659.075,20.15519113,0.99223242,0.98207723,0.00942855,7.02e-06,0.0004968
2025-03-04 22:00:00+00:00,4384.93,19.92739272,0.99176851,0.9849574,0.00609202,5.23e-06,0.00051203
2025-03-04 23:00:00+00:00,4153.99,19.70786192,0.99146109,0.98509541,0.00587626,1.97e-06,0.00050453
2025-03-05 00:00:00+00:00,4052.745,19.50943313,0.99033111,0.98429828,0.00549725,3.1e-06,0.00051319
2025-03-05 01:00:00+00:00,3952.6425,19.58968218,0.99102617,0.98501489,0.00551321,2.32e-06,0.0005063
2025-03-05 02:00:00+00:00,3935.8125,19.69790162,0.99076108,0.98442908,0.00581845,1.71e-06,0.00048538
2025-03-05 03:00:00+00:00,3948.015,19.48268428,0.99034518,0.98457186,0.00522062,3.93e-06,0.00052222
2025-03-05 04:00:00+00:00,4090.3225,19.76655216,0.99093058,0.98474588,0.00547665,4.52e-06,0.0005221
2025-03-05 05:00:00+00:00,4531.87,20.05135333,0.99142596,0.984881,0.00568127,9.5e-06,0.00056576
2025-03-05 06:00:00+00:00,4914.5225,20.22993376,0.99109848,0.98445019,0.00556343,0.00022715,0.00051826
2025-03-05 07:00:00+00:00,4974.755,20.61050756,0.9918009,0.98440652,0.00590838,0.00051645,0.00053303
2025-03-05 08:00:00+00:00,4895.74,20.19895877,0.99091454,0.98405182,0.0059085,1.526e-05,0.00058867
2025-03-05 09:00:00+00:00,4782.81,20.1227165,0.99053139,0.983985,0.00580332,1.213e-05,0.00050004
2025-03-05 10:00:00+00:00,4679.1825,20.49041825,0.98891738,0.98303873,0.00441863,0.00019584,0.00037099
2025-03-05 11:00:00+00:00,4588.6025,21.94071663,0.98235801,0.97528499,0.00287465,0.0007686,0.00020139
2025-03-05 12:00:00+00:00,4538.5125,19.84455932,0.98981726,0.98544891,0.00375756,1.146e-05,0.00032687
2025-03-05 13:00:00+00:00,4519.265,20.3552584,0.9914943,0.98520038,0.00556631,1.379e-05,0.00045785
2025-03-05 14:00:00+00:00,4575.4475,20.45156937,0.99193913,0.9853934,0.00571683,2.064e-05,0.00054921
2025-03-05 15:00:00+00:00,4721.29,20.74818126,0.99250955,0.98522537,0.00634273,2.467e-05,0.00058468
2025-03-05 16:00:00+00:00,4740.6875,21.56609942,0.9932899,0.98446346,0.00684141,0.00064866,0.00062957
2025-03-05 17:00:00+00:00,4769.6425,21.42509453,0.99289889,0.98460726,0.0065651,0.0002814,0.00065262
2025-03-05 18:00:00+00:00,4750.625,21.31489419,0.99178909,0.98292534,0.00622788,0.00114502,0.00065397
2025-03-05 19:00:00+00:00,4698.9125,21.21439463,0.99227828,0.98379896,0.00607477,0.00102034,0.0006627
2025-03-05 20:00:00+00:00,4580.49,20.54321056,0.99127788,0.98392739,0.00581534,0.00044624,0.00064447
2025-03-05 21:00:00+00:00,4391.6225,20.54881637,0.99136187,0.98431626,0.0059878,1.141e-05,0.00063344
2025-03-05 22:00:00+00:00,4162.1,20.46957137,0.98998034,0.98303438,0.00584185,1.08e-05,0.00060116
2025-03-05 23:00:00+00:00,3953.2075,20.32797249,0.98952107,0.98741565,0.00104977,6.21e-06,0.00060702
2025-03-06 00:00:00+00:00,3797.1725,20.26828492,0.98962754,0.98773357,0.00077584,6.93e-06,0.00056433
2025-03-06 01:00:00+00:00,3699.0875,20.4070816,0.99050646,0.98869729,0.00079422,5.21e-06,0.00054654
2025-03-06 02:00:00+00:00,3629.5325,20.1262007,0.98996789,0.98815463,0.00075766,6.66e-06,0.00053673
2025-03-06 03:00:00+00:00,3646.22,19.99201133,0.98996424,0.98829437,0.00070468,5.73e-06,0.00045297
2025-03-06 04:00:00+00:00,3787.895,19.83436273,0.98975735,0.98809517,0.00065494,9.76e-06,0.00050762
2025-03-06 05:00:00+00:00,4204.9175,20.38211537,0.99081279,0.98898845,0.00098323,1.469e-05,0.00056352
2025-03-06 06:00:00+00:00,4551.9875,21.39155245,0.99298014,0.99121107,0.00098022,1.14e-05,0.00047284
2025-03-06 07:00:00+00:00,4582.1225,21.1596322,0.99196343,0.99006881,0.00095561,1.164e-05,0.00045308
2025-03-06 08:00:00+00:00,4459.225,20.54893767,0.98975532,0.98788143,0.00082453,1.268e-05,0.00051209
2025-03-06 09:00:00+00:00,4308.5375,20.53216532,0.98953914,0.98780081,0.00083972,1.106e-05,0.00049927
2025-03-06 10:00:00+00:00,4185.785,20.23540925,0.98745432,0.98571848,0.00076048,1.023e-05,0.00047207
2025-03-06 11:00:00+00:00,4100.8575,20.2771675,0.98724685,0.98574606,0.00064072,8.61e-06,0.00043477
2025-03-06 12:00:00+00:00,4039.715,20.28153804,0.98714441,0.98552779,0.0007484,7.03e-06,0.00050946
2025-03-06 13:00:00+00:00,4042.6975,20.26222715,0.98788142,0.98668027,0.00047961,9.22e-06,0.00052698
2025-03-06 14:00:00+00:00,4082.9275,20.65299498,0.98897349,0.98776191,0.00053897,7.96e-06,0.00051167
2025-03-06 15:00:00+00:00,4192.435,21.46528503,0.99096554,0.98937942,0.00067037,7.23e-06,0.00063915
2025-03-06 16:00:00+00:00,4316.495,22.80229552,0.9946457,0.99245453,0.00082358,1.239e-05,0.00077298
2025-03-06 17:00:00+00:00,4409.5275,22.93351514,0.99465939,0.99246791,0.0008195,1.377e-05,0.00075916
2025-03-06 18:00:00+00:00,4432.2775,23.04763448,0.9948831,0.99273804,0.00083154,1.68e-05,0.00077587
2025-03-06 19:00:00+00:00,4381.1325,22.97354597,0.9938916,0.99152035,0.00079036,1.888e-05,0.00079479
2025-03-06 20:00:00+00:00,4307.5525,22.79793789,0.99298352,0.99072032,0.00077872,1.661e-05,0.00076806
2025-03-06 21:00:00+00:00,4228.9575,22.09118781,0.99083916,0.98855353,0.00068714,1.069e-05,0.00082658
2025-03-06 22:00:00+00:00,4120.7925,21.61164814,0.98992636,0.98778794,0.000596,3.03e-06,0.0007957
2025-03-06 23:00:00+00:00,3995.8025,21.82465531,0.99101734,0.98869257,0.00063592,0.0,0.00085172
2025-03-07 00:00:00+00:00,3868.2,21.74916895,0.99051609,0.98824482,0.00061404,0.0,0.00083307
2025-03-07 01:00:00+00:00,3763.8325,22.07007847,0.99083993,0.98817355,0.00088331,0.0,0.00089918
2025-03-07 02:00:00+00:00,3717.5675,22.32921857,0.99153291,0.98910233,0.00074621,0.0,0.00086282
2025-03-07 03:00:00+00:00,3728.8975,22.53448013,0.99276199,0.99034424,0.00078253,0.0,0.00091022
2025-03-07 04:00:00+00:00,3874.9075,23.10756737,0.99526053,0.9916592,0.00182027,0.0,0.00093322
2025-03-07 05:00:00+00:00,4348.3975,23.68459436,0.99766866,0.98535792,0.0105813,0.0,0.00090887
2025-03-07 06:00:00+00:00,4780.1025,23.68180336,0.99793919,0.98595866,0.01048301,0.0,0.00073092
2025-03-07 07:00:00+00:00,4902.5375,23.69610759,0.99798944,0.98620363,0.01032762,0.0,0.00073958
2025-03-07 08:00:00+00:00,4867.5825,23.55860233,0.99775673,0.98592094,0.01057099,0.0,0.00078924
2025-03-07 09:00:00+00:00,4782.885,23.47062967,0.99586032,0.98427276,0.01020149,0.0,0.00087073
2025-03-07 10:00:00+00:00,4678.3225,22.97178886,0.99305327,0.98962792,0.00213668,0.0,0.00084269
2025-03-07 11:00:00+00:00,4726.7225,21.53657672,0.98509455,0.98299396,0.00110124,0.0,0.00069632
2025-03-07 12:00:00+00:00,4722.98,21.23427763,0.98439794,0.98262121,0.00089934,6.1e-07,0.00063394
2025-03-07 13:00:00+00:00,4580.8575,21.89430534,0.99065589,0.98877217,0.00101203,7.2e-07,0.00063743
2025-03-07 14:00:00+00:00,4616.82,22.15386022,0.99302341,0.99091605,0.00128004,0.0,0.00062988
2025-03-07 15:00:00+00:00,4720.1825,22.53724098,0.99508789,0.9927445,0.00141732,4.9e-07,0.00071971
2025-03-07 16:00:00+00:00,4804.0925,22.98958814,0.99690203,0.99430143,0.00150309,0.0,0.00076275
2025-03-07 17:00:00+00:00,4808.5025,23.14268254,0.99720676,0.9946018,0.00147235,4.7e-07,0.00067464
2025-03-07 18:00:00+00:00,4719.2275,22.43725153,0.99452262,0.9920714,0.00139109,2.66e-06,0.00069255
2025-03-07 19:00:00+00:00,4539.7925,22.3990119,0.99408024,0.99159126,0.00141548,4.38e-06,0.00075263
2025-03-07 20:00:00+00:00,4411.5075,21.94625309,0.99241407,0.99024081,0.00131339,1.65e-06,0.00067964
2025-03-07 21:00:00+00:00,4283.745,21.66389662,0.99132117,0.98916739,0.00129543,6.8e-07,0.00069856
2025-03-07 22:00:00+00:00,4121.6,21.57848837,0.99057608,0.98842882,0.00127568,8.9e-07,0.00068621
2025-03-07 23:00:00+00:00,4045.845,22.05851201,0.99302682,0.98762163,0.00471408,1.17e-06,0.00058958
2025-03-08 00:00:00+00:00,3938.915,22.19207517,0.99379333,0.9882375,0.00491013,3e-08,0.00052609
2025-03-08 01:00:00+00:00,3884.5975,22.20662852,0.99343305,0.98770006,0.00496716,1.5e-06,0.00063025
2025-03-08 02:00:00+00:00,3864.495,22.10200388,0.99330556,0.98772519,0.00487836,1.38e-06,0.00061972
2025-03-08 03:00:00+00:00,3900.9175,21.85781653,0.99267043,0.98739194,0.00446815,2.42e-06,0.00068743
2025-03-08 04:00:00+00:00,3948.3125,22.357144,0.9938236,0.98772216,0.00509859,1.49e-06,0.00074415
2025-03-08 05:00:00+00:00,4056.2575,22.51096396,0.99325451,0.98697049,0.00521557,3.53e-06,0.00078659
2025-03-08 06:00:00+00:00,4154.71,23.36662011,0.99476959,0.98070598,0.01277853,3.7e-07,0.00077377
2025-03-08 07:00:00+00:00,4363.9975,23.66010767,0.99501791,0.98077654,0.01285504,5.68e-06,0.00079488
2025-03-08 08:00:00+00:00,4546.7525,23.34267865,0.99272872,0.97927102,0.01183481,0.00023533,0.00080422
2025-03-08 09:00:00+00:00,4635.205,21.54765595,0.98354349,0.97803715,0.00370408,0.00073046,0.00068194
2025-03-08 10:00:00+00:00,4615.8125,21.45326663,0.98186382,0.9778556,0.00225296,0.00072751,0.00063714
2025-03-08 11:00:00+00:00,4536.78,21.83450493,0.98317727,0.97862597,0.00272691,0.00072429,0.00071206
2025-03-08 12:00:00+00:00,4438.3075,21.53729031,0.98154138,0.97680041,0.00320216,0.00056927,0.00063789
2025-03-08 13:00:00+00:00,4349.2925,21.91580065,0.98367344,0.97836657,0.00360231,0.00062588,0.00067519
2025-03-08 14:00:00+00:00,4343.17,24.56125019,0.99689109,0.98884755,0.00670441,7.6e-07,0.00078033
2025-03-08 15:00:00+00:00,4400.2775,24.55719436,0.99716115,0.98949344,0.00631665,1.14e-06,0.00066425
2025-03-08 16:00:00+00:00,4573.06,24.45332261,0.99751969,0.99061255,0.00573091,3.01e-06,0.00046421
2025-03-08 17:00:00+00:00,4667.535,24.52011221,0.99755448,0.98228073,0.01399422,3.91e-06,0.00044543
2025-03-08 18:00:00+00:00,4642.8175,24.61342445,0.99754123,0.98109693,0.01495931,4.73e-06,0.00045363
2025-03-08 19:00:00+00:00,4495.9925,24.63737455,0.99737723,0.98040053,0.01537005,5.23e-06,0.00053759
2025-03-08 20:00:00+00:00,4389.2925,24.64616815,0.99706991,0.98759286,0.00779049,7.88e-06,0.00070982
2025-03-08 21:00:00+00:00,4292.8175,24.54342582,0.99681011,0.98847615,0.00687284,5.03e-06,0.00083229
2025-03-08 22:00:00+00:00,4151.8875,24.6022427,0.99687116,0.98826312,0.00688701,7.44e-06,0.00082836
2025-03-08 23:00:00+00:00,4012.235,24.67767763,0.99687309,0.98828847,0.00659232,1.157e-05,0.00091192
2025-03-09 00:00:00+00:00,3910.6475,24.51083973,0.99684596,0.98837773,0.00661675,5.32e-06,0.00094946
2025-03-09 01:00:00+00:00,3829.49,24.31261816,0.99690232,0.98881818,0.00648725,2.5e-07,0.00090624
2025-03-09 02:00:00+00:00,3794.8,24.15826794,0.99599813,0.98792535,0.00633226,3.249e-05,0.00094613
2025-03-09 03:00:00+00:00,3827.405,24.00564904,0.9966075,0.98872106,0.00626231,0.0,0.00093461
2025-03-09 04:00:00+00:00,3848.9425,24.06656343,0.99722992,0.98914706,0.00633778,0.0,0.00092664
2025-03-09 05:00:00+00:00,3931.1375,24.02573257,0.99684714,0.98856775,0.0062982,0.0,0.00099178
2025-03-09 06:00:00+00:00,4005.1325,24.07462312,0.99713161,0.98878244,0.00660884,0.0,0.00085582
2025-03-09 07:00:00+00:00,4263.735,24.23764312,0.99690149,0.9884851,0.00658952,0.0,0.00094851
2025-03-09 08:00:00+00:00,4437.4175,23.18262355,0.98978315,0.98295259,0.0053107,0.0,0.00080827
2025-03-09 09:00:00+00:00,4575.855,22.33250096,0.98281136,0.9774289,0.00403687,0.0,0.000708
2025-03-09 10:00:00+00:00,4628.4425,22.55046643,0.98176632,0.97601482,0.00408528,0.0001615,0.00068344
2025-03-09 11:00:00+00:00,4579.775,22.79201163,0.98089705,0.97470006,0.0042568,0.00032222,0.00066522
2025-03-09 12:00:00+00:00,4536.0425,22.33148979,0.97787867,0.97233964,0.00386319,0.00020268,0.00065091
2025-03-09 13:00:00+00:00,4555.1975,22.15639153,0.9800847,0.97504385,0.00391947,0.0,0.00067852
2025-03-09 14:00:00+00:00,4560.485,23.37102305,0.99007207,0.98350996,0.00539232,0.0,0.00067407
2025-03-09 15:00:00+00:00,4665.92,24.16893628,0.99752055,0.97643435,0.01994899,0.0,0.00057082
2025-03-09 16:00:00+00:00,4789.53,24.26510134,0.99759104,0.97869332,0.01757174,0.0,0.00054743
2025-03-09 17:00:00+00:00,4897.645,24.2881903,0.9977171,0.97677763,0.01958809,0.0,0.00053013
2025-03-09 18:00:00+00:00,4908.1575,24.35705841,0.99768357,0.97680109,0.0193366,0.0,0.00056071
2025-03-09 19:00:00+00:00,4847.1275,24.31728525,0.99745502,0.97907767,0.01692011,0.0,0.00060718
2025-03-09 20:00:00+00:00,4729.2925,24.32125028,0.99727309,0.97962521,0.01625953,0.0,0.00064261
2025-03-09 21:00:00+00:00,4566.78,24.42534116,0.99704739,0.97917898,0.01635853,0.0,0.00069768
2025-03-09 22:00:00+00:00,4366.97,24.38878507,0.99693287,0.97917198,0.01638996,0.0,0.00079999
2025-03-09 23:00:00+00:00,4196.0075,24.5652932,0.9965964,0.98737182,0.00738756,0.0,0.00088637
2025-03-10 00:00:00+00:00,4118.3625,24.57594879,0.99640283,0.98701829,0.00746157,0.0,0.00094691
2025-03-10 01:00:00+00:00,4068.49,24.59997776,0.99626518,0.98667506,0.00751241,0.0,0.00102507
2025-03-10 02:00:00+00:00,4035.415,24.53109615,0.99624339,0.98676952,0.00757587,0.0,0.00101503
2025-03-10 03:00:00+00:00,4063.2925,24.44005907,0.99647021,0.98736527,0.00734368,0.0,0.00099322
2025-03-10 04:00:00+00:00,4227.8875,24.41008389,0.99692115,0.98839318,0.00683366,0.0,0.00079884
2025-03-10 05:00:00+00:00,4694.1625,24.33540548,0.99775731,0.97106302,0.02538711,0.0,0.00020721
2025-03-10 06:00:00+00:00,5140.6525,24.23247985,0.99811662,0.97136056,0.02557947,0.0,9.333e-05
2025-03-10 07:00:00+00:00,5235.9075,24.22896073,0.99771939,0.97150898,0.02476681,0.0,0.00044338
2025-03-10 08:00:00+00:00,5219.8,24.35973,0.99778769,0.97197341,0.02414901,0.0,0.0004832
2025-03-10 09:00:00+00:00,5242.445,24.32107723,0.9977595,0.97193459,0.02430588,0.0,0.0004817
2025-03-10 10:00:00+00:00,5181.2725,24.37382466,0.99777369,0.9726594,0.02347417,0.0,0.00044846
2025-03-10 11:00:00+00:00,5235.2325,24.35862837,0.99781462,0.98063806,0.01557013,0.0,0.00048461
2025-03-10 12:00:00+00:00,5212.7825,24.24693241,0.99772036,0.9797647,0.01651465,0.0,0.00052625
2025-03-10 13:00:00+00:00,5214.49,24.15573781,0.99746313,0.97683117,0.01938763,0.0,0.00059909
2025-03-10 14:00:00+00:00,5247.415,24.08989377,0.99775922,0.98106533,0.01553047,0.0,0.00053229
2025-03-10 15:00:00+00:00,5333.9,24.0746168,0.99802302,0.98105138,0.01576967,0.0,0.00046523
2025-03-10 16:00:00+00:00,5306.3075,24.08124497,0.99814327,0.98103298,0.01579125,0.0,0.00037871
2025-03-10 17:00:00+00:00,5337.6875,24.06977946,0.99818803,0.9817111,0.01519154,0.0,0.00028106
2025-03-10 18:00:00+00:00,5382.5175,24.03854686,0.99840532,0.98155107,0.01562913,0.0,0.00015329
2025-03-10 19:00:00+00:00,5328.1475,24.19889486,0.99830893,0.98101507,0.01580201,0.0,0.00030093
2025-03-10 20:00:00+00:00,5255.065,24.19470132,0.99784111,0.97946164,0.01677868,0.0,0.00038507
2025-03-10 21:00:00+00:00,5057.09,24.15237823,0.99772369,0.97276841,0.02343194,0.0,0.0005277
2025-03-10 22:00:00+00:00,4812.0375,24.10647488,0.99739101,0.97204333,0.02393444,0.0,0.00062493
2025-03-10 23:00:00+00:00,4625.615,24.20087432,0.99688245,0.97167584,0.02376274,0.0,0.00072423
2025-03-11 00:00:00+00:00,4515.5325,24.32942223,0.99702849,0.97322599,0.02231662,0.0,0.00071347
2025-03-11 01:00:00+00:00,4442.2975,24.38942851,0.9969575,0.97294695,0.02252913,0.0,0.00076384
2025-03-11 02:00:00+00:00,4397.83,24.37571344,0.99694587,0.9731569,0.02240578,0.0,0.00070981
2025-03-11 03:00:00+00:00,4431.2825,24.42672794,0.99711532,0.9731251,0.02253737,0.0,0.00071701
2025-03-11 04:00:00+00:00,4615.8775,24.3310825,0.99720143,0.97364457,0.02219912,0.0,0.00062132
2025-03-11 05:00:00+00:00,5100.3175,24.25860018,0.99763968,0.96566783,0.03077396,0.0,0.00036097
2025-03-11 06:00:00+00:00,5538.1425,24.25873039,0.99806038,0.96506701,0.03180167,0.0,0.00028867
2025-03-11 07:00:00+00:00,5604.92,24.32932968,0.99809651,0.9658117,0.03102565,0.0,0.0002575
2025-03-11 08:00:00+00:00,5543.825,24.44001657,0.99814658,0.96327844,0.03350061,0.0,0.00023392
2025-03-11 09:00:00+00:00,5469.5975,24.3269693,0.99840449,0.96391494,0.0335,0.0,0.00014579
2025-03-11 10:00:00+00:00,5363.8175,24.3582562,0.99834234,0.96250361,0.03486395,0.0,8.571e-05
2025-03-11 11:00:00+00:00,5285.1875,24.44585962,0.99805296,0.96088339,0.03587642,0.0,0.00028614
2025-03-11 12:00:00+00:00,5228.92,24.37001752,0.99820399,0.95926993,0.03783791,0.0,0.00025569
2025-03-11 13:00:00+00:00,5245.7575,24.33742179,0.99852786,0.96468536,0.03291357,0.0,0.00011833
2025-03-11 14:00:00+00:00,5357.605,24.31920045,0.99861,0.96379839,0.03392597,0.0,0.00013224
2025-03-11 15:00:00+00:00,5531.335,24.30602865,0.99856786,0.96536878,0.03227338,0.0,0.0002138
2025-03-11 16:00:00+00:00,5646.3375,24.27348356,0.99847702,0.96279373,0.03471244,0.0,0.00021428
2025-03-11 17:00:00+00:00,5726.84,24.23356503,0.99865345,0.96368237,0.03402644,0.0,0.00011871
2025-03-11 18:00:00+00:00,5701.575,24.18393844,0.99860827,0.96320615,0.03452094,0.0,0.00013464
2025-03-11 19:00:00+00:00,5633.57,24.24709419,0.99863239,0.96397372,0.03371302,0.0,0.00013714
2025-03-11 20:00:00+00:00,5555.1325,24.19692713,0.99851861,0.96400423,0.03365227,0.0,0.00012065
2025-03-11 21:00:00+00:00,5418.1825,24.15825584,0.99846485,0.96493357,0.03267378,0.0,0.0001618
2025-03-11 22:00:00+00:00,5136.93,24.20213942,0.99811366,0.96625696,0.03092409,0.0,0.00024388
2025-03-11 23:00:00+00:00,4960.27,24.23385573,0.99802803,0.96954584,0.0275166,0.0,0.00029854
2025-03-12 00:00:00+00:00,4822.9075,24.26996117,0.9977464,0.97828172,0.01847335,0.0,0.00030186
2025-03-12 01:00:00+00:00,4745.7075,24.26203519,0.99773499,0.97848014,0.01828225,0.0,0.00026503
2025-03-12 02:00:00+00:00,4655.595,24.29790441,0.99762928,0.97920803,0.01742596,0.0,0.00026272
2025-03-12 03:00:00+00:00,4703.26,24.37403285,0.99782818,0.97876956,0.01795041,0.0,0.00026737
2025-03-12 04:00:00+00:00,4799.14,24.3056631,0.99791167,0.97443183,0.02250087,0.0,0.00016942
2025-03-12 05:00:00+00:00,5228.895,24.36224684,0.99793947,0.97471107,0.02215436,0.0,0.00015838
2025-03-12 06:00:00+00:00,5706.4125,24.342402,0.99817464,0.97083267,0.02632538,0.0,0.00015658
2025-03-12 07:00:00+00:00,5778.01,24.30693373,0.99834644,0.96673498,0.03070851,0.0,0.00016291
2025-03-12 08:00:00+00:00,5674.69,24.3846486,0.99822498,0.96543585,0.03181232,0.0,0.00021361
2025-03-12 09:00:00+00:00,5578.025,24.41853095,0.99817954,0.96670001,0.03046104,0.0,0.0002385
2025-03-12 10:00:00+00:00,5512.885,24.41644756,0.9983767,0.96644705,0.03089826,0.0,0.00022961
2025-03-12 11:00:00+00:00,5400.4575,24.5464499,0.99846658,0.96565,0.03154358,0.0,0.00022089
2025-03-12 12:00:00+00:00,5406.7975,24.56723806,0.99844558,0.96561201,0.03151623,0.0,0.00029838
2025-03-12 13:00:00+00:00,5389.66,24.45258647,0.99834477,0.97500095,0.02225027,0.0,0.00030693
2025-03-12 14:00:00+00:00,5467.3225,24.39760557,0.99843529,0.97582822,0.02160743,0.0,0.00030593
2025-03-12 15:00:00+00:00,5579.0,24.38519542,0.99855178,0.97584843,0.02170941,0.0,0.00027134
2025-03-12 16:00:00+00:00,5639.8,24.43266152,0.99868791,0.97539717,0.02217287,0.0,0.00012619
2025-03-12 17:00:00+00:00,5677.3875,24.30916016,0.99856577,0.97445092,0.02318422,0.0,0.00015481
2025-03-12 18:00:00+00:00,5647.3825,24.39846376,0.99847008,0.97492456,0.02237742,0.0,0.00024553
2025-03-12 19:00:00+00:00,5647.495,24.45770817,0.99849318,0.97474597,0.02240944,0.0,0.00025547
2025-03-12 20:00:00+00:00,5637.485,24.37374625,0.99831035,0.97495466,0.02216952,0.0,0.00022915
2025-03-12 21:00:00+00:00,5477.845,24.39801058,0.99836306,0.97528656,0.02184412,0.0,0.00021736
2025-03-12 22:00:00+00:00,5232.415,24.3638366,0.99827041,0.97463096,0.02252033,0.0,0.00020929
2025-03-12 23:00:00+00:00,5020.0425,24.36602654,0.99836484,0.97299853,0.02428186,0.0,0.00019208
2025-03-13 00:00:00+00:00,5003.3125,24.34301173,0.9982917,0.97406145,0.02320862,0.0,0.00024174
2025-03-13 01:00:00+00:00,4977.3575,24.35238202,0.99818182,0.97380722,0.0233729,0.0,0.0002574
2025-03-13 02:00:00+00:00,4971.705,24.37285368,0.99805594,0.97293165,0.02409274,0.0,0.00023163
2025-03-13 03:00:00+00:00,5017.0475,24.35732514,0.99818615,0.97095541,0.02622747,0.0,0.00023964
2025-03-13 04:00:00+00:00,5184.7875,24.32652204,0.99821989,0.97144968,0.02582548,0.0,0.00017699
2025-03-13 05:00:00+00:00,5530.64,24.30646609,0.99829941,0.97244505,0.0249841,0.0,0.00012304
2025-03-13 06:00:00+00:00,5914.67,24.3120529,0.99840302,0.96403793,0.03351414,0.0,0.00013567
2025-03-13 07:00:00+00:00,5921.01,24.35524204,0.99849476,0.97107432,0.02652511,0.0,0.00014078
2025-03-13 08:00:00+00:00,5759.42,24.4494049,0.99841573,0.97191065,0.02546187,0.0,0.00016376
2025-03-13 09:00:00+00:00,5608.1525,24.49878452,0.99838352,0.97277586,0.02449606,0.0,0.00016753
2025-03-13 10:00:00+00:00,5419.4975,24.59097297,0.99837217,0.97334181,0.02375592,0.0,0.00016309
2025-03-13 11:00:00+00:00,5372.23,24.5171518,0.99844606,0.98187077,0.01543231,0.0,0.00017512
2025-03-13 12:00:00+00:00,5264.105,24.55403471,0.99850055,0.97259015,0.02462126,0.0,0.00016868
2025-03-13 13:00:00+00:00,5141.8775,24.37179862,0.99842823,0.97165488,0.02577098,0.0,0.00020101
2025-03-13 14:00:00+00:00,5138.9025,24.41706138,0.99832062,0.97161362,0.0255545,0.0,0.00022531
2025-03-13 15:00:00+00:00,5167.53,24.32305904,0.99852031,0.97373736,0.0238452,0.0,0.00018043
2025-03-13 16:00:00+00:00,5259.6075,24.34148043,0.99847684,0.97422715,0.02329928,0.0,0.00024805
2025-03-13 17:00:00+00:00,5412.94,24.49536441,0.9984342,0.97564625,0.02150689,0.0,0.00026667
2025-03-13 18:00:00+00:00,5471.4375,24.55404541,0.99840121,0.97551694,0.02149272,0.0,0.00030563
2025-03-13 19:00:00+00:00,5588.4425,24.57676154,0.99842823,0.97494917,0.02204566,0.0,0.00025345
2025-03-13 20:00:00+00:00,5564.9325,24.54036233,0.99832853,0.97528103,0.02165818,0.0,0.00030407
2025-03-13 21:00:00+00:00,5467.3925,24.48864345,0.99826684,0.97669214,0.02022487,0.0,0.00031603
2025-03-13 22:00:00+00:00,5353.75,24.47502817,0.99844346,0.97645283,0.02063538,0.0,0.00028492
2025-03-13 23:00:00+00:00,5238.0775,24.39623536,0.99814897,0.97851769,0.01838811,0.0,0.00025497
2025-03-14 00:00:00+00:00,5122.6625,24.16411019,0.99821104,0.97726197,0.01986072,0.0,0.00024196
2025-03-14 01:00:00+00:00,5101.7275,24.18317561,0.99829974,0.97743579,0.01965803,0.0,0.00024538
2025-03-14 02:00:00+00:00,5100.315,24.10117253,0.99834371,0.97753045,0.01967362,0.0,0.00022458
2025-03-14 03:00:00+00:00,5172.0475,24.32454135,0.99835508,0.97722676,0.01954669,0.0,0.00032889
2025-03-14 04:00:00+00:00,5352.35,24.23494183,0.99850655,0.97708018,0.02007242,0.0,0.00021227
2025-03-14 05:00:00+00:00,5757.37,24.08386025,0.99847153,0.9763491,0.02097176,0.0,0.00020062
2025-03-14 06:00:00+00:00,6234.1125,24.09941932,0.99851269,0.9679229,0.02931894,0.0,0.00026168
2025-03-14 07:00:00+00:00,6182.955,24.29148207,0.99868564,0.96570889,0.03166903,0.0,0.00020407
2025-03-14 08:00:00+00:00,5878.445,24.45344139,0.99857599,0.96935356,0.02782461,0.0,0.00019124
2025-03-14 09:00:00+00:00,5564.985,24.54516557,0.99844363,0.96996323,0.02706972,0.0,0.00025769
2025-03-14 10:00:00+00:00,5298.38,24.50442252,0.99838937,0.97535783,0.02170234,0.0,0.0002634
2025-03-14 11:00:00+00:00,5085.1225,24.56176037,0.99847735,0.97571281,0.02126244,0.0,0.0002411
2025-03-14 12:00:00+00:00,4952.5675,24.59466635,0.99821401,0.97729382,0.0193246,0.0,0.00036375
2025-03-14 13:00:00+00:00,4892.4,24.54190374,0.99838468,0.97422855,0.0226051,0.0,0.00024673
2025-03-14 14:00:00+00:00,4878.0,24.40585064,0.99840411,0.97535067,0.02177924,0.0,0.00027186
2025-03-14 15:00:00+00:00,4968.6275,24.31502497,0.99848133,0.97678729,0.02069747,0.0,0.00022354
2025-03-14 16:00:00+00:00,5072.225,24.40837075,0.99850744,0.97720792,0.020164,0.0,0.00018043
2025-03-14 17:00:00+00:00,5177.96,24.37886087,0.99844179,0.9772914,0.02004479,0.0,0.00015659
2025-03-14 18:00:00+00:00,5221.5975,24.39113742,0.99845847,0.97679826,0.02040412,0.0,0.00020142
2025-03-14 19:00:00+00:00,5175.11,24.36612612,0.99845509,0.97737651,0.01976599,0.0,0.00020638
2025-03-14 20:00:00+00:00,5120.165,24.28649457,0.99826128,0.97788727,0.01904111,0.0,0.00026265
2025-03-14 21:00:00+00:00,5008.1275,24.22116937,0.99819055,0.97728571,0.01957788,0.0,0.00025005
2025-03-14 22:00:00+00:00,4883.26,24.26373723,0.99843223,0.97686015,0.0202819,0.0,0.00018271
2025-03-14 23:00:00+00:00,4821.5075,24.11528199,0.99817743,0.98349445,0.01342935,0.0,0.00034929
2025-03-15 00:00:00+00:00,4784.505,24.01196549,0.998053,0.9884451,0.0082878,0.0,0.00041784
2025-03-15 01:00:00+00:00,4719.805,23.92246258,0.99782533,0.98830498,0.00813831,0.0,0.00048275
2025-03-15 02:00:00+00:00,4729.4625,23.78037326,0.99760724,0.98825426,0.00815099,0.0,0.00051413
2025-03-15 03:00:00+00:00,4753.7125,23.51096969,0.99774024,0.98882858,0.00813559,0.0,0.00053356
2025-03-15 04:00:00+00:00,4795.6225,23.59715333,0.9977438,0.98878307,0.00820362,0.0,0.00048802
2025-03-15 05:00:00+00:00,4927.96,23.53986688,0.99763707,0.98866978,0.00817926,0.0,0.00050729
2025-03-15 06:00:00+00:00,5008.5125,23.49344071,0.99763279,0.98877175,0.00809052,0.0,0.00047367
2025-03-15 07:00:00+00:00,5134.175,22.98360552,0.99471368,0.9861903,0.00748953,0.00027773,0.00050511
2025-03-15 08:00:00+00:00,5098.0725,22.84339267,0.99332351,0.98498331,0.00722711,0.00033923,0.0004972
2025-03-15 09:00:00+00:00,4994.28,22.67296434,0.99134682,0.9832679,0.00683613,0.00044061,0.00049898
2025-03-15 10:00:00+00:00,4822.4925,22.40182487,0.98956967,0.98191157,0.00641287,0.00050498,0.0004961
2025-03-15 11:00:00+00:00,4677.6225,22.06360267,0.98799988,0.98069635,0.0060187,0.00058335,0.00049184
2025-03-15 12:00:00+00:00,4586.46,21.93291274,0.98782573,0.98064662,0.00588424,0.00060206,0.00046916
2025-03-15 13:00:00+00:00,4532.3775,21.88645963,0.98892043,0.98171124,0.00596,0.00060731,0.00044959
2025-03-15 14:00:00+00:00,4559.775,22.01431563,0.99128331,0.98386002,0.00630142,0.00044275,0.00045672
2025-03-15 15:00:00+00:00,4643.01,22.35351346,0.99370589,0.98595308,0.00672796,0.00031527,0.00045068
2025-03-15 16:00:00+00:00,4796.0525,23.05905097,0.99691548,0.98853357,0.00758548,3.793e-05,0.00041343
2025-03-15 17:00:00+00:00,4843.255,23.21101232,0.99767685,0.9892187,0.00773201,0.0,0.0004003
2025-03-15 18:00:00+00:00,4876.0175,23.05947173,0.99728977,0.9887688,0.00774724,0.0,0.00047155
2025-03-15 19:00:00+00:00,4776.2875,22.54202129,0.99532797,0.98713298,0.00730885,0.0,0.00052324
2025-03-15 20:00:00+00:00,4706.27,22.49814577,0.99511922,0.98696218,0.00721808,0.0,0.00050269
2025-03-15 21:00:00+00:00,4586.525,22.07541358,0.99301761,0.98526886,0.00667454,0.0,0.00053439
2025-03-15 22:00:00+00:00,4461.7025,22.10748301,0.99246195,0.9847472,0.00661092,0.0,0.00054939
2025-03-15 23:00:00+00:00,4364.0425,21.72929807,0.99038577,0.98487571,0.00405683,0.00041091,0.00048249
2025-03-16 00:00:00+00:00,4292.135,21.72774644,0.99008151,0.98386343,0.00408253,0.00114331,0.00051926
2025-03-16 01:00:00+00:00,4255.12,21.79321106,0.98971036,0.98325962,0.00408721,0.00112278,0.00056233
2025-03-16 02:00:00+00:00,4236.785,21.95656449,0.98987372,0.98327626,0.00422103,0.00112703,0.00058187
2025-03-16 03:00:00+00:00,4253.03,21.94173772,0.99005333,0.98323231,0.00418659,0.00133145,0.00059376
2025-03-16 04:00:00+00:00,4251.0025,22.30101883,0.99170011,0.98512609,0.00437233,0.00093746,0.00054791
2025-03-16 05:00:00+00:00,4273.415,22.67669021,0.99286198,0.98655655,0.00451283,0.000598,0.0004777
2025-03-16 06:00:00+00:00,4315.9025,22.51542601,0.99283851,0.98702533,0.00449434,9.738e-05,0.00048832
2025-03-16 07:00:00+00:00,4481.52,21.96033073,0.99096375,0.98563295,0.0041376,0.0,0.00050004
2025-03-16 08:00:00+00:00,4587.5725,21.422087,0.98864789,0.98379359,0.0037799,0.0,0.00047317
2025-03-16 09:00:00+00:00,4581.675,20.42547718,0.98509225,0.98139472,0.0028068,0.0,0.00044758
2025-03-16 10:00:00+00:00,4536.435,20.28195081,0.98433459,0.98102309,0.00246989,0.0,0.00045994
2025-03-16 11:00:00+00:00,4449.63,20.21748724,0.98328789,0.98043967,0.0017671,0.00016767,0.00042439
2025-03-16 12:00:00+00:00,4396.28,20.74663324,0.98457432,0.98062603,0.00266415,0.0001591,0.0004391
2025-03-16 13:00:00+00:00,4388.9825,20.46508154,0.98517281,0.98142864,0.00282817,0.0,0.00040714
2025-03-16 14:00:00+00:00,4438.335,21.45008229,0.99012791,0.98550869,0.00374168,0.0,0.00035985
2025-03-16 15:00:00+00:00,4516.5475,23.16627799,0.99643788,0.99070081,0.00480045,0.0,0.00029996
2025-03-16 16:00:00+00:00,4723.91,23.62523334,0.99692159,0.99051265,0.00503179,0.0,0.00036482
2025-03-16 17:00:00+00:00,4964.17,23.99909464,0.99775435,0.99129226,0.00501932,0.0,0.00028389
2025-03-16 18:00:00+00:00,5068.865,23.60830363,0.99666894,0.99049629,0.00478405,2.8e-06,0.00028707
2025-03-16 19:00:00+00:00,5089.7475,23.48495952,0.99630085,0.99009055,0.00480637,0.0,0.00037652
2025-03-16 20:00:00+00:00,5051.0725,23.00431494,0.99488233,0.98899075,0.00456143,0.0,0.0003869
2025-03-16 21:00:00+00:00,4957.0525,22.79916586,0.99511892,0.98939736,0.00460299,0.0,0.00041676
2025-03-16 22:00:00+00:00,4812.1125,22.42177517,0.99384076,0.98821734,0.0045526,0.0,0.00048476
2025-03-16 23:00:00+00:00,4675.445,23.02459553,0.99525168,0.97824057,0.01572634,0.0,0.00048137
2025-03-17 00:00:00+00:00,4588.5225,23.2061994,0.99562197,0.97762587,0.01656825,0.0,0.00051069
2025-03-17 01:00:00+00:00,4583.1475,23.44959371,0.99608922,0.97739222,0.01723991,0.0,0.00046933
2025-03-17 02:00:00+00:00,4596.1775,23.37231863,0.99559215,0.97732092,0.01689187,0.0,0.00042602
2025-03-17 03:00:00+00:00,4659.91,23.77741476,0.99684207,0.97782603,0.01765421,1.616e-05,0.00042134
2025-03-17 04:00:00+00:00,4849.41,24.30870154,0.99773131,0.97798765,0.01834042,0.0,0.0002085
2025-03-17 05:00:00+00:00,5349.285,24.39546284,0.99798008,0.97605331,0.02062531,0.0,2.072e-05
2025-03-17 06:00:00+00:00,5839.555,24.29623907,0.9978181,0.9763479,0.02018467,1.94e-06,8.512e-05
2025-03-17 07:00:00+00:00,5812.1075,23.89698672,0.99514913,0.97542603,0.01847183,0.0,0.00011003
2025-03-17 08:00:00+00:00,5617.705,23.75457413,0.99390876,0.97473978,0.01787872,0.0,0.00021578
2025-03-17 09:00:00+00:00,5407.2025,23.18534573,0.99014335,0.97322155,0.01564042,0.0,0.00029034
2025-03-17 10:00:00+00:00,5181.2325,23.27482458,0.98872314,0.97287812,0.01403935,0.0,0.00030457
2025-03-17 11:00:00+00:00,4999.575,22.0920622,0.98494447,0.97807304,0.00580123,0.0,0.00035193
2025-03-17 12:00:00+00:00,4889.3325,21.9766645,0.98577516,0.97888846,0.00583932,0.0,0.0003329
2025-03-17 13:00:00+00:00,4794.7675,22.65889609,0.99026981,0.98237772,0.0066901,0.0,0.00034784
2025-03-17 14:00:00+00:00,4764.2375,22.55366242,0.99061936,0.98258339,0.00684955,0.0,0.00042207
2025-03-17 15:00:00+00:00,4819.455,22.7884636,0.99290129,0.98480951,0.0069952,0.0,0.00028018
2025-03-17 16:00:00+00:00,4829.1375,23.68052419,0.99850539,0.97672505,0.02099621,0.0,0.0
2025-03-17 17:00:00+00:00,4921.1275,23.85583584,0.99855894,0.9748563,0.02268404,0.0,0.0
2025-03-17 18:00:00+00:00,5019.01,23.89793252,0.99861086,0.97405548,0.02325156,0.0,0.0
2025-03-17 19:00:00+00:00,5068.1725,23.20369584,0.99445793,0.98401586,0.0091547,0.0,0.00013607
2025-03-17 20:00:00+00:00,4972.1225,22.85392622,0.99253808,0.98417383,0.00713472,0.0,0.00023234
2025-03-17 21:00:00+00:00,4880.315,22.36572682,0.99019359,0.98208329,0.00682492,0.0,0.00039149
2025-03-17 22:00:00+00:00,4653.755,22.12850452,0.98973523,0.98085264,0.00766059,0.0,0.00041501
2025-03-17 23:00:00+00:00,4456.555,23.01451401,0.99422876,0.97992879,0.01304113,0.0,0.0003723
2025-03-18 00:00:00+00:00,4328.2625,22.73481825,0.99260245,0.97864122,0.01262538,0.0,0.00047306
2025-03-18 01:00:00+00:00,4302.1675,22.64007247,0.99209155,0.97827523,0.01255046,0.0,0.00053845
2025-03-18 02:00:00+00:00,4279.36,22.68440586,0.99163003,0.97766525,0.01255886,0.0,0.00052957
2025-03-18 03:00:00+00:00,4358.3375,22.70594209,0.99090972,0.97706275,0.01247138,0.0,0.00050446
2025-03-18 04:00:00+00:00,4561.015,22.93104606,0.9912295,0.97686075,0.013025,0.0,0.00040081
2025-03-18 05:00:00+00:00,5013.57,24.26818555,0.99786886,0.97996831,0.01645767,0.0,0.00012577
2025-03-18 06:00:00+00:00,5472.5475,24.28128069,0.9981393,0.97964043,0.01714622,0.0,0.00010607
2025-03-18 07:00:00+00:00,5347.9325,23.60506467,0.99487119,0.97853728,0.01497838,0.0,0.00019202
2025-03-18 08:00:00+00:00,5081.27,23.65519397,0.99396779,0.97807915,0.01439218,1.059e-05,0.00029523
2025-03-18 09:00:00+00:00,4851.8775,22.11476525,0.9849491,0.97259285,0.01113739,0.0,0.00041354
2025-03-18 10:00:00+00:00,4644.96,21.33411112,0.9798494,0.97557613,0.00318883,1.1e-05,0.00042222
2025-03-18 11:00:00+00:00,4478.5575,21.12610678,0.97948151,0.97543005,0.00279191,8.765e-05,0.00044784
2025-03-18 12:00:00+00:00,4320.9475,21.16489558,0.97927432,0.97509346,0.00282311,0.00013799,0.00055736
2025-03-18 13:00:00+00:00,4276.06,21.51277292,0.98160002,0.97613802,0.00307844,0.00125957,0.00041402
2025-03-18 14:00:00+00:00,4262.3675,22.56835619,0.99088757,0.98507353,0.00405873,0.00056341,0.00040049
2025-03-18 15:00:00+00:00,4365.9875,23.42148862,0.99641146,0.98104122,0.01419431,0.00015699,0.00030438
2025-03-18 16:00:00+00:00,4519.63,23.8106395,0.99821483,0.98096774,0.01624961,0.0,0.00024104
2025-03-18 17:00:00+00:00,4635.3925,23.84902111,0.99823057,0.97980162,0.01736545,0.0,0.00024083
2025-03-18 18:00:00+00:00,4701.365,23.06204842,0.99515525,0.97947201,0.01411035,0.0004312,0.00034059
2025-03-18 19:00:00+00:00,4729.595,23.16270037,0.99525814,0.98031563,0.01329821,0.00028877,0.00032324
2025-03-18 20:00:00+00:00,4679.765,22.91303999,0.99404589,0.9796191,0.01239205,0.00050083,0.00041147
2025-03-18 21:00:00+00:00,4599.915,22.78378371,0.99344237,0.97898713,0.01228177,0.00071373,0.00041999
2025-03-18 22:00:00+00:00,4409.6775,22.52007148,0.99142222,0.97691093,0.01162646,0.00135285,0.00051139
2025-03-18 23:00:00+00:00,4267.7275,22.64807103,0.99237649,0.97594519,0.01411503,0.00094318,0.00053834
2025-03-19 00:00:00+00:00,4168.7975,22.69974574,0.99258373,0.97601266,0.0143361,0.00094923,0.00052734
2025-03-19 01:00:00+00:00,4132.5375,22.82397035,0.99273861,0.97633903,0.01419124,0.00095532,0.00054227
2025-03-19 02:00:00+00:00,4102.935,22.82472338,0.99262316,0.97563654,0.01459542,0.00090759,0.00060157
2025-03-19 03:00:00+00:00,4184.1625,22.65502469,0.99277556,0.9779022,0.01271019,0.00090939,0.00057388
2025-03-19 04:00:00+00:00,4370.8825,23.28630043,0.99522755,0.97806581,0.01558786,0.00031182,0.00048658
2025-03-19 05:00:00+00:00,4847.13,23.79723542,0.99722485,0.9795566,0.01630697,7.138e-05,0.00045502
2025-03-19 06:00:00+00:00,5282.4475,23.77086132,0.99744771,0.97983287,0.01660004,9.618e-05,0.0003353
2025-03-19 07:00:00+00:00,5117.0175,23.82732372,0.99687432,0.97910443,0.01666012,0.00019404,0.00029705
2025-03-19 08:00:00+00:00,4801.6775,23.86039757,0.99632342,0.9785521,0.01663926,0.00025653,0.00029785
2025-03-19 09:00:00+00:00,4613.3425,22.47893174,0.98296542,0.97623492,0.0038553,0.00175835,0.00043709
2025-03-19 10:00:00+00:00,4456.3725,21.81040066,0.97905999,0.97378467,0.00325258,0.00105405,0.0004347
2025-03-19 11:00:00+00:00,4306.2525,21.3567306,0.978963,0.97485653,0.0032293,0.0,0.00047468
2025-03-19 12:00:00+00:00,4201.5775,21.77465379,0.97881039,0.97460778,0.00244408,0.00048453,0.00047658
2025-03-19 13:00:00+00:00,4149.43,21.97809388,0.98056367,0.9746902,0.00333156,0.00149159,0.00042891
2025-03-19 14:00:00+00:00,4152.4625,23.6884617,0.99498733,0.97802506,0.01574198,0.00026383,0.00038292
2025-03-19 15:00:00+00:00,4239.4925,24.09977074,0.99729395,0.97761698,0.01834955,9.379e-05,0.00024589
2025-03-19 16:00:00+00:00,4369.055,24.25762966,0.99843906,0.97877243,0.01873244,0.0,0.0
2025-03-19 17:00:00+00:00,4533.95,24.15964737,0.99847616,0.98118773,0.01651681,0.0,0.0
2025-03-19 18:00:00+00:00,4674.2725,24.12206167,0.99833351,0.97963462,0.01779697,0.0,5.759e-05
2025-03-19 19:00:00+00:00,4773.0125,24.17121028,0.99818975,0.97909787,0.01767279,0.0,0.00021317
2025-03-19 20:00:00+00:00,4688.7125,23.5568967,0.99464985,0.97651453,0.0162945,0.00033665,0.00040525
2025-03-19 21:00:00+00:00,4567.8725,23.66866478,0.99495891,0.97678048,0.01636391,0.00024826,0.00045216
2025-03-19 22:00:00+00:00,4461.3,23.77552184,0.99498336,0.97689445,0.01627432,0.00017003,0.00046532
2025-03-19 23:00:00+00:00,4233.7725,23.93755616,0.99680563,0.98018785,0.01496053,0.0,6.512e-05
2025-03-20 00:00:00+00:00,4114.3275,23.70294138,0.99621343,0.97951693,0.01531216,0.0,9.07e-05
2025-03-20 01:00:00+00:00,4046.5325,23.77555729,0.99691603,0.98103309,0.01446877,0.0,0.00020001
2025-03-20 02:00:00+00:00,4015.1175,23.63029762,0.99585496,0.98056373,0.01380099,0.0,0.00023151
2025-03-20 03:00:00+00:00,4083.775,23.68282682,0.99541686,0.97960573,0.01427138,0.0,0.00024149
2025-03-20 04:00:00+00:00,4243.635,23.46865368,0.99330336,0.97712685,0.01463789,0.0,0.00023716
2025-03-20 05:00:00+00:00,4762.435,24.07282101,0.99844312,0.98088058,0.0162883,0.0,0.0001149
2025-03-20 06:00:00+00:00,5285.9175,23.94317357,0.99747384,0.98043471,0.01590178,0.0,0.00011013
2025-03-20 07:00:00+00:00,5322.94,23.43287462,0.99155307,0.97728888,0.01309519,0.0,0.00038172
2025-03-20 08:00:00+00:00,5059.045,23.50995209,0.99072975,0.97601472,0.01347276,0.0,0.00054085
2025-03-20 09:00:00+00:00,4721.1275,23.02084939,0.98515865,0.97203156,0.0118088,0.0,0.00056776
2025-03-20 10:00:00+00:00,4484.6425,22.30173846,0.97884907,0.97454289,0.00330947,0.0,0.00055498
2025-03-20 11:00:00+00:00,4361.6425,22.49599415,0.9788535,0.97429437,0.00332497,4.676e-05,0.00050664
2025-03-20 12:00:00+00:00,4250.8025,22.55732298,0.97914833,0.97724189,0.00047368,9.465e-05,0.00051612
2025-03-20 13:00:00+00:00,4190.6775,22.29090952,0.9795562,0.97746558,0.00083251,1.309e-05,0.00057397
2025-03-20 14:00:00+00:00,4196.775,23.30049927,0.98887933,0.98242857,0.00514618,0.0,0.00052967
2025-03-20 15:00:00+00:00,4274.7475,23.67598473,0.99282386,0.98455718,0.00706701,0.0,0.00027633
2025-03-20 16:00:00+00:00,4366.505,24.1142044,0.99837859,0.97757094,0.02007887,0.0,0.0
2025-03-20 17:00:00+00:00,4488.3575,24.0926442,0.99861718,0.97582482,0.02207775,0.0,0.0
2025-03-20 18:00:00+00:00,4635.2225,24.14676731,0.99863191,0.97567094,0.02219516,0.0,0.0
2025-03-20 19:00:00+00:00,4685.7675,24.2398466,0.99841405,0.97861867,0.01901773,0.0,3.85e-05
2025-03-20 20:00:00+00:00,4715.4,24.1051454,0.99695129,0.97718127,0.01893266,0.0,9.145e-05
2025-03-20 21:00:00+00:00,4607.8625,23.43461898,0.9914408,0.97438819,0.01609205,0.0,0.00029706
2025-03-20 22:00:00+00:00,4414.895,23.61049722,0.9920088,0.9764959,0.01442727,0.0,0.00047255
2025-03-20 23:00:00+00:00,4236.285,24.49946074,0.99786798,0.97532298,0.02103929,0.0,0.00032297
2025-03-21 00:00:00+00:00,4121.85,24.55262793,0.99790254,0.97576808,0.02047717,0.0,0.00029267
2025-03-21 01:00:00+00:00,4073.925,24.5771421,0.99799394,0.97614656,0.02021034,0.0,0.00034289
2025-03-21 02:00:00+00:00,4079.3375,24.57424895,0.997829,0.97599698,0.02032042,0.0,0.00039936
2025-03-21 03:00:00+00:00,4162.775,24.63539109,0.99807709,0.97608679,0.02032813,0.0,0.00039334
2025-03-21 04:00:00+00:00,4342.0275,24.52428594,0.99826997,0.97670642,0.02010341,0.0,0.00014105
2025-03-21 05:00:00+00:00,4792.3725,24.40933876,0.99835715,0.97237287,0.02461258,0.0,7.588e-05
2025-03-21 06:00:00+00:00,5150.22,24.44415186,0.99825678,0.97378224,0.02294533,0.0,0.00017412
2025-03-21 07:00:00+00:00,5130.62,24.42158544,0.99829597,0.97284745,0.02380517,0.0,0.00022436
2025-03-21 08:00:00+00:00,4855.04,24.69949054,0.99672645,0.97728162,0.01729645,0.0,0.00029969
2025-03-21 09:00:00+00:00,4601.2625,23.66592288,0.98575698,0.97690961,0.00713327,0.0,0.00047947
2025-03-21 10:00:00+00:00,4452.7,22.88155279,0.97909623,0.97344905,0.00418636,0.0,0.00052119
2025-03-21 11:00:00+00:00,4336.42,22.657176,0.97711818,0.9734895,0.00192693,0.0002179,0.00049201
2025-03-21 12:00:00+00:00,4202.5875,22.82574427,0.97857067,0.97468954,0.00158598,0.00057814,0.0003831
2025-03-21 13:00:00+00:00,4130.1875,22.89213882,0.98029721,0.97593772,0.0016428,0.00063124,0.00012268
2025-03-21 14:00:00+00:00,4124.26,22.60798349,0.98065252,0.97612334,0.00208478,0.00052982,0.00012912
2025-03-21 15:00:00+00:00,4150.67,23.48665921,0.98947725,0.97357179,0.01401623,0.00022216,0.00011606
2025-03-21 16:00:00+00:00,4245.2625,23.5933015,0.99231041,0.97563207,0.01513826,0.0001743,8.035e-05
2025-03-21 17:00:00+00:00,4411.485,23.60394578,0.99350367,0.97654602,0.01537556,8.337e-05,3.023e-05
2025-03-21 18:00:00+00:00,4508.6025,22.85849056,0.9909343,0.97278596,0.01635982,0.00017031,7.965e-05
2025-03-21 19:00:00+00:00,4445.2075,22.22333892,0.98952671,0.97376902,0.01387091,0.00020852,8.394e-05
2025-03-21 20:00:00+00:00,4358.5375,21.63374807,0.98835893,0.97537255,0.01087282,0.00034982,9.805e-05
2025-03-21 21:00:00+00:00,4315.4575,21.09874651,0.98737379,0.98226171,0.00264844,0.00064007,0.00011967
2025-03-21 22:00:00+00:00,4222.9025,20.4662683,0.98690711,0.98299582,0.00154937,0.00077562,8.169e-05
2025-03-21 23:00:00+00:00,4076.1225,20.04887378,0.98841288,0.9851945,0.00169631,0.00046385,0.00013447
2025-03-22 00:00:00+00:00,4015.735,19.98036037,0.98715203,0.9838005,0.00104335,0.00154772,0.00011012
2025-03-22 01:00:00+00:00,4033.06,19.98426644,0.98821514,0.98533892,0.00088456,0.00127122,0.00011262
2025-03-22 02:00:00+00:00,4065.225,19.66664004,0.98796779,0.98605788,0.00041532,0.00100109,8.119e-05
2025-03-22 03:00:00+00:00,4075.3075,20.14180267,0.98869223,0.98597793,0.0009055,0.00105542,0.0001208
2025-03-22 04:00:00+00:00,4092.0225,21.56950693,0.99057306,0.98533129,0.00164969,0.00149101,0.00018595
2025-03-22 05:00:00+00:00,4176.615,21.92732175,0.98902982,0.98266248,0.00144065,0.00204897,0.0001896
2025-03-22 06:00:00+00:00,4250.4725,23.05672981,0.98888509,0.98047802,0.00227196,0.00208656,0.00023374
2025-03-22 07:00:00+00:00,4277.1675,21.54229604,0.98621428,0.98186165,0.00200651,0.00041904,0.00015219
2025-03-22 08:00:00+00:00,4293.51,21.3427839,0.98210927,0.97842939,0.00169233,0.00029622,0.0001396
2025-03-22 09:00:00+00:00,4240.3875,22.09148547,0.97747348,0.97324068,0.00159259,0.00042109,0.00014615
2025-03-22 10:00:00+00:00,4109.03,22.92686614,0.97726167,0.97234488,0.00172261,0.00043136,0.00017824
2025-03-22 11:00:00+00:00,4032.435,23.35286366,0.97464257,0.96944912,0.00114783,0.00066797,4.811e-05
2025-03-22 12:00:00+00:00,3919.7975,22.915252,0.97608282,0.97172529,0.00105506,0.00049083,4.036e-05
2025-03-22 13:00:00+00:00,3855.93,22.22585075,0.97700883,0.97326303,0.00074172,0.0004747,0.00011652
2025-03-22 14:00:00+00:00,3840.2575,20.22499566,0.98168566,0.98001024,0.00116757,0.0,0.00012417
2025-03-22 15:00:00+00:00,3912.9425,20.20863941,0.98455013,0.98215504,0.00178579,0.0,0.00014009
2025-03-22 16:00:00+00:00,4044.87,21.83170689,0.99021339,0.98497965,0.00313251,0.00102716,0.00017727
2025-03-22 17:00:00+00:00,4210.28,21.5045967,0.99021116,0.9848602,0.00292533,0.00113543,0.00016523
2025-03-22 18:00:00+00:00,4321.48,21.14196088,0.98972157,0.98451089,0.00262009,0.00148117,0.00014831
2025-03-22 19:00:00+00:00,4285.0075,20.61207734,0.98860424,0.9836818,0.00241535,0.00160285,0.00012762
2025-03-22 20:00:00+00:00,4225.11,20.06313856,0.98765115,0.98347095,0.00220883,0.00106078,0.00016417
2025-03-22 21:00:00+00:00,4189.1325,20.21871976,0.98767258,0.9831958,0.00221994,0.00130914,0.00016011
2025-03-22 22:00:00+00:00,4145.37,19.92199983,0.98671567,0.9827177,0.00206414,0.00094716,0.00015715
2025-03-22 23:00:00+00:00,4062.73,20.24425901,0.98644862,0.98167421,0.00202349,0.00163222,0.00027578
2025-03-23 00:00:00+00:00,4031.72,20.26876059,0.98604059,0.9809498,0.00196567,0.0019363,0.00028264
2025-03-23 01:00:00+00:00,3975.19,20.62489261,0.98647566,0.9810838,0.00236604,0.00173127,0.00025845
2025-03-23 02:00:00+00:00,3967.0875,20.60443414,0.98492637,0.97913439,0.00233451,0.00208533,0.0003153
2025-03-23 03:00:00+00:00,4007.2375,20.77222174,0.98536831,0.97941274,0.0025777,0.00191992,0.00033184
2025-03-23 04:00:00+00:00,4035.71,20.70347738,0.98470853,0.97879316,0.00240389,0.00211826,0.00034144
2025-03-23 05:00:00+00:00,4109.6875,20.70049871,0.98439796,0.97896096,0.00213035,0.00199928,0.0003075
2025-03-23 06:00:00+00:00,4118.0675,20.52971732,0.98432308,0.98056577,0.00208921,0.00063288,0.00025963
2025-03-23 07:00:00+00:00,4118.195,20.98703945,0.98508642,0.98174337,0.0021966,0.0,0.00024779
2025-03-23 08:00:00+00:00,4104.92,21.1752635,0.98252177,0.97967754,0.00179844,0.0,0.000202
2025-03-23 09:00:00+00:00,4029.335,21.10179588,0.98031163,0.97808455,0.0014986,4.61e-06,0.00015701
2025-03-23 10:00:00+00:00,3949.95,21.16520229,0.97919619,0.97722365,0.0012527,9.985e-05,0.0001358
2025-03-23 11:00:00+00:00,3866.6325,21.08319745,0.97894898,0.97697429,0.00132534,0.0,0.00016232
2025-03-23 12:00:00+00:00,3796.4525,21.15613462,0.98109101,0.97874236,0.00161348,0.0,0.00018754
2025-03-23 13:00:00+00:00,3776.0375,21.1143406,0.98263806,0.98009686,0.00174427,0.0,0.00019843
2025-03-23 14:00:00+00:00,3832.5675,21.2309869,0.98468502,0.98149023,0.00224401,0.0,0.00022355
2025-03-23 15:00:00+00:00,3905.9425,21.26089694,0.9864674,0.98069333,0.00467973,0.0,0.00025558
2025-03-23 16:00:00+00:00,4058.8725,22.23680828,0.99179857,0.98410291,0.0066458,0.0,0.00022393
2025-03-23 17:00:00+00:00,4240.7125,22.31665787,0.99273969,0.97781077,0.01376744,0.0,0.0002066
2025-03-23 18:00:00+00:00,4409.53,22.03161275,0.99251832,0.97781573,0.01371908,0.0,0.00015621
2025-03-23 19:00:00+00:00,4437.0625,22.25868936,0.99371242,0.97838919,0.0144207,0.0,0.00014488
2025-03-23 20:00:00+00:00,4382.5375,21.99582101,0.99310079,0.97818887,0.01396571,0.0,0.00017642
2025-03-23 21:00:00+00:00,4314.175,21.76658466,0.9917121,0.97744496,0.01322798,0.0,0.0002162
2025-03-23 22:00:00+00:00,4142.9875,22.06639479,0.99168213,0.97659568,0.01392979,0.0,0.00024015
2025-03-23 23:00:00+00:00,4017.185,22.37972361,0.99129534,0.96948562,0.02024807,0.00019362,0.00023743
2025-03-24 00:00:00+00:00,3921.2175,22.48666851,0.99135175,0.96902718,0.02068782,0.00034044,0.00024923
2025-03-24 01:00:00+00:00,3925.6825,22.74839747,0.99144323,0.96839432,0.02129146,0.00042471,0.0002759
2025-03-24 02:00:00+00:00,3956.58,23.15245964,0.99279847,0.9684454,0.02269932,0.00027841,0.00029335
2025-03-24 03:00:00+00:00,4035.3725,23.71673152,0.99485678,0.96860028,0.02462432,6.288e-05,0.00032515
2025-03-24 04:00:00+00:00,4224.2675,24.2285266,0.99784813,0.9701029,0.02634409,0.0,0.00026759
2025-03-24 05:00:00+00:00,4665.565,24.24725065,0.99840602,0.96905283,0.02846116,0.0,2.49e-05
2025-03-24 06:00:00+00:00,5068.245,24.19769669,0.99856137,0.96876842,0.02874799,0.0,0.00013029
2025-03-24 07:00:00+00:00,5081.02,24.16551994,0.99853884,0.96735591,0.03012705,0.0,0.00021424
2025-03-24 08:00:00+00:00,4950.08,24.20179755,0.99854423,0.96936812,0.02789862,4e-07,0.00011804
2025-03-24 09:00:00+00:00,4780.3675,24.10520154,0.99850809,0.97029185,0.0270348,1.22e-06,0.00012233
2025-03-24 10:00:00+00:00,4663.2825,23.82471051,0.99761503,0.97145375,0.02518799,6.8e-07,0.00010651
2025-03-24 11:00:00+00:00,4635.835,23.72358323,0.99853928,0.97266013,0.02489666,0.0,0.00013937
2025-03-24 12:00:00+00:00,4554.89,23.58190085,0.99869583,0.97333091,0.0245226,0.0,8.913e-05
2025-03-24 13:00:00+00:00,4606.9675,23.28169055,0.99726591,0.97388858,0.02260826,0.0,5.956e-05
2025-03-24 14:00:00+00:00,4656.5125,23.40012647,0.99872475,0.97468794,0.02322645,0.0,6.707e-05
2025-03-24 15:00:00+00:00,4750.97,23.51250248,0.99889542,0.97144362,0.0267233,0.0,6.1e-06
2025-03-24 16:00:00+00:00,4827.3775,23.55524338,0.99889092,0.96367638,0.03445541,0.0,0.0
2025-03-24 17:00:00+00:00,4857.935,23.531286,0.99896042,0.96224648,0.03599771,0.0,0.0
2025-03-24 18:00:00+00:00,4858.0625,23.4935417,0.99890434,0.96246501,0.03572634,0.0,0.0
2025-03-24 19:00:00+00:00,4792.205,23.37248531,0.99885186,0.96409348,0.03407538,1.4e-07,1.19e-06
2025-03-24 20:00:00+00:00,4725.37,23.12130192,0.99835355,0.96489343,0.03274367,2.2e-07,3.228e-05
2025-03-24 21:00:00+00:00,4512.9525,22.37275712,0.99579218,0.96495467,0.02999583,8.857e-05,6.184e-05
2025-03-24 22:00:00+00:00,4233.0575,21.78545977,0.99330363,0.97017289,0.02211442,0.00022686,8.766e-05
2025-03-24 23:00:00+00:00,4018.155,21.6100804,0.99201765,0.98109431,0.00977546,0.00011752,0.00019831
2025-03-25 00:00:00+00:00,3893.75,21.42688605,0.99068251,0.98022332,0.00925405,0.00016779,0.00023144
2025-03-25 01:00:00+00:00,3844.59,21.76909069,0.9908153,0.97980419,0.00973514,0.00010498,0.00028283
2025-03-25 02:00:00+00:00,3788.4325,21.94608702,0.99045234,0.97925981,0.00985957,0.00016862,0.0002751
2025-03-25 03:00:00+00:00,3776.42,22.55568308,0.99162035,0.97982435,0.01044467,0.00012106,0.00030503
2025-03-25 04:00:00+00:00,3912.8,22.91629883,0.99283501,0.98077348,0.01076847,4.298e-05,0.00028291
2025-03-25 05:00:00+00:00,4335.465,24.04635707,0.99754097,0.97136347,0.02507602,0.0,0.00018975
2025-03-25 06:00:00+00:00,4734.965,24.17961742,0.9984491,0.97132344,0.02608595,0.0,0.00011958
2025-03-25 07:00:00+00:00,4848.2225,24.28121481,0.99878476,0.97183434,0.02591317,0.0,5.911e-05
2025-03-25 08:00:00+00:00,4752.325,24.42571099,0.99869595,0.97185734,0.0256694,0.0,0.00012079
2025-03-25 09:00:00+00:00,4475.5025,24.50208053,0.99876666,0.97187312,0.02566758,0.0,0.00016163
2025-03-25 10:00:00+00:00,4306.46,24.78043068,0.99879708,0.9707482,0.02623113,0.0,0.00023498
2025-03-25 11:00:00+00:00,4174.285,24.85965784,0.99872902,0.96964913,0.02712278,0.0,0.00026687
2025-03-25 12:00:00+00:00,4047.93,24.91230398,0.9987349,0.96914066,0.02752255,1.22e-06,0.00020732
2025-03-25 13:00:00+00:00,4006.71,24.84259219,0.99869538,0.96939339,0.02734306,0.0,0.00020207
2025-03-25 14:00:00+00:00,4004.6275,24.673623,0.99869082,0.97015025,0.02699008,0.0,0.00013064
2025-03-25 15:00:00+00:00,4099.39,24.49175187,0.9988079,0.97080908,0.02683262,0.0,7.613e-05
2025-03-25 16:00:00+00:00,4196.1525,24.19524376,0.99899749,0.97179131,0.02639518,0.0,0.0
2025-03-25 17:00:00+00:00,4296.985,24.22825541,0.99902756,0.97076688,0.02701231,0.0,0.0
2025-03-25 18:00:00+00:00,4386.71,24.19503333,0.99894426,0.97253416,0.02494357,0.0,0.0
2025-03-25 19:00:00+00:00,4381.81,23.89318162,0.99612967,0.96976869,0.02484066,0.0,8.535e-05
2025-03-25 20:00:00+00:00,4329.7275,24.15846675,0.9981165,0.970482,0.02591992,0.0,9.815e-05
2025-03-25 21:00:00+00:00,4187.8825,24.11723212,0.99808334,0.9715147,0.02476384,0.0,0.00017567
2025-03-25 22:00:00+00:00,3973.365,24.26413418,0.9982335,0.97134127,0.02505737,0.0,0.00018251
2025-03-25 23:00:00+00:00,3761.2125,24.00165264,0.99654572,0.9827224,0.01191672,0.0,0.00023349
2025-03-26 00:00:00+00:00,3682.6525,23.91115002,0.99581858,0.98231876,0.01155983,0.0,0.00024747
2025-03-26 01:00:00+00:00,3607.775,24.08218056,0.99606917,0.98212941,0.01193458,0.0,0.00028805
2025-03-26 02:00:00+00:00,3585.1875,23.97274779,0.9948741,0.98116707,0.01171234,0.0,0.00026822
2025-03-26 03:00:00+00:00,3589.605,23.90863801,0.99435566,0.98074708,0.01160332,0.0,0.00027752
2025-03-26 04:00:00+00:00,3794.01,23.86372099,0.99371806,0.98012078,0.01171152,0.0,0.00023555
2025-03-26 05:00:00+00:00,4296.1725,24.27826937,0.99689468,0.98289657,0.01250281,0.0,8.294e-05
2025-03-26 06:00:00+00:00,4668.04,24.5402398,0.99875532,0.97560965,0.02168345,0.0,6.73e-05
2025-03-26 07:00:00+00:00,4576.4325,24.40254672,0.99765448,0.97141757,0.02460723,0.0,9.902e-05
2025-03-26 08:00:00+00:00,4407.13,23.88682549,0.99209879,0.96835178,0.02206231,2.344e-05,0.00022479
2025-03-26 09:00:00+00:00,4303.6925,23.9629712,0.99194797,0.96788118,0.02223724,0.00014017,0.00021785
2025-03-26 10:00:00+00:00,4161.53,23.83995732,0.99259846,0.96829984,0.02271892,6.846e-05,0.00023175
2025-03-26 11:00:00+00:00,3986.9375,23.67028614,0.99270788,0.96832054,0.02303734,9.02e-06,0.00021434
2025-03-26 12:00:00+00:00,3963.27,23.48648642,0.99211164,0.96814249,0.02267618,0.0,0.0002141
2025-03-26 13:00:00+00:00,3978.3775,23.41799055,0.99296739,0.96882181,0.0229787,0.0,0.00014782
2025-03-26 14:00:00+00:00,4053.8025,23.50800533,0.9956809,0.97061733,0.02396424,0.0,0.00016842
2025-03-26 15:00:00+00:00,4164.05,23.59397126,0.99729699,0.97181638,0.02448116,0.0,0.00010051
2025-03-26 16:00:00+00:00,4240.73,23.96506208,0.99890448,0.97243211,0.02570123,0.0,3.42e-06
2025-03-26 17:00:00+00:00,4348.6375,23.95879398,0.99901375,0.97226677,0.02572979,0.0,0.0
2025-03-26 18:00:00+00:00,4439.225,23.76947221,0.99904765,0.97183104,0.02619522,0.0,0.0
2025-03-26 19:00:00+00:00,4429.59,23.61639471,0.99899611,0.97205407,0.02602796,0.0,0.0
2025-03-26 20:00:00+00:00,4338.115,23.49139981,0.99885256,0.9841183,0.01388845,0.0,0.0
2025-03-26 21:00:00+00:00,4191.185,23.29314542,0.99874306,0.98584607,0.01188986,1.37e-06,0.00011005
2025-03-26 22:00:00+00:00,3977.53,23.17679143,0.99793144,0.98512308,0.0117918,7.47e-06,0.00013391
2025-03-26 23:00:00+00:00,3754.9225,22.87262712,0.99685341,0.98766118,0.00826111,0.0,0.00011111
2025-03-27 00:00:00+00:00,3678.02,22.2232479,0.99405211,0.98562106,0.00750129,1.142e-05,0.00012251
2025-03-27 01:00:00+00:00,3712.6175,21.92621196,0.99276225,0.98459129,0.00707564,0.00018027,0.00012218
2025-03-27 02:00:00+00:00,3717.6625,21.70060788,0.99202797,0.98400647,0.00706059,9.583e-05,9.719e-05
2025-03-27 03:00:00+00:00,3721.19,21.77615352,0.9921762,0.9842399,0.0070276,3.41e-05,0.00011092
2025-03-27 04:00:00+00:00,3853.51,22.1033251,0.99329856,0.98529143,0.00718094,2.31e-06,8.196e-05
2025-03-27 05:00:00+00:00,4172.8,23.04494753,0.99743584,0.98859947,0.0080275,9.3e-07,5.32e-05
2025-03-27 06:00:00+00:00,4612.76,23.37110189,0.99882385,0.98986586,0.00818653,1.08e-06,3.312e-05
2025-03-27 07:00:00+00:00,4647.0425,23.50002653,0.99860313,0.98926106,0.00837674,1.33e-06,5.391e-05
2025-03-27 08:00:00+00:00,4437.16,23.23269902,0.99679897,0.98861277,0.00728135,2.24e-06,5.806e-05
2025-03-27 09:00:00+00:00,4182.615,22.88657125,0.99424644,0.98625421,0.00685586,0.00012129,8.994e-05
2025-03-27 10:00:00+00:00,4064.26,22.46751824,0.99085815,0.98308636,0.00618245,0.00040898,8.997e-05
2025-03-27 11:00:00+00:00,4061.09,21.0120616,0.98390395,0.97764903,0.00453369,0.00056264,0.00013173
2025-03-27 12:00:00+00:00,3981.45,20.69855339,0.98369627,0.97878258,0.0030688,0.00064768,0.00018005
2025-03-27 13:00:00+00:00,3956.685,21.26833134,0.98732407,0.98054621,0.00498849,0.00054964,0.00014184
2025-03-27 14:00:00+00:00,3989.5625,22.24891604,0.99376403,0.98624993,0.00644204,0.00020487,7.945e-05
2025-03-27 15:00:00+00:00,4146.675,22.46647284,0.99456723,0.98600916,0.00751371,0.00018601,8.698e-05
2025-03-27 16:00:00+00:00,4207.71,22.74897383,0.99633636,0.9876019,0.00783965,3.25e-06,9.556e-05
2025-03-27 17:00:00+00:00,4285.9925,22.9766156,0.99690961,0.98806468,0.00784252,7.146e-05,8.109e-05
2025-03-27 18:00:00+00:00,4370.125,23.16088332,0.99680427,0.9875242,0.00779195,0.00023052,6.946e-05
2025-03-27 19:00:00+00:00,4351.825,22.67444451,0.99518657,0.98626738,0.00733655,0.00058767,7.449e-05
2025-03-27 20:00:00+00:00,4247.6625,22.36485766,0.99367886,0.98500162,0.00691289,0.00081243,9.862e-05
2025-03-27 21:00:00+00:00,4093.1325,22.0864048,0.99246452,0.98386884,0.00669789,0.00093106,0.00010951
2025-03-27 22:00:00+00:00,3858.76,21.7067102,0.99123695,0.98258243,0.0065776,0.00105051,0.00013641
2025-03-27 23:00:00+00:00,3677.755,21.55425791,0.99092739,0.98299684,0.00576653,0.00084986,0.00018668
2025-03-28 00:00:00+00:00,3564.45,21.02187103,0.9891102,0.98183964,0.00501039,0.00084253,0.00025049
2025-03-28 01:00:00+00:00,3483.795,20.96592755,0.98942103,0.98168848,0.00534966,0.00089272,0.00029273
2025-03-28 02:00:00+00:00,3467.22,21.01042154,0.98948006,0.98139824,0.00542516,0.00112991,0.00031091
2025-03-28 03:00:00+00:00,3451.7925,21.20790113,0.98968295,0.98163109,0.00523524,0.00118412,0.00030326
2025-03-28 04:00:00+00:00,3579.3925,21.48587673,0.99128533,0.98343121,0.00560937,0.00068556,0.00028307
2025-03-28 05:00:00+00:00,3946.69,21.79640507,0.99256174,0.9849877,0.00579444,0.00045338,0.00022623
2025-03-28 06:00:00+00:00,4408.3075,22.03302143,0.99393344,0.98642462,0.00614447,0.00011985,0.00028218
2025-03-28 07:00:00+00:00,4576.3275,22.13270578,0.99432315,0.9869166,0.00615042,0.0,0.00030474
2025-03-28 08:00:00+00:00,4597.5475,21.21423922,0.99034298,0.9853505,0.00360687,0.00017079,0.00018414
2025-03-28 09:00:00+00:00,4612.1725,20.36607668,0.98546731,0.98193355,0.00221768,0.0,0.00023282
2025-03-28 10:00:00+00:00,4612.1525,19.89225134,0.98318309,0.98203554,3.04e-06,0.0,0.00023362
2025-03-28 11:00:00+00:00,4614.3225,20.06003683,0.98312358,0.98188635,0.0,0.0,0.00022699
2025-03-28 12:00:00+00:00,4537.355,19.71802877,0.98149001,0.98026087,5.927e-05,0.0,0.00019943
2025-03-28 13:00:00+00:00,4472.8625,20.29991214,0.98460073,0.98029382,0.00310622,0.0,0.00019226
2025-03-28 14:00:00+00:00,4505.9075,20.66042272,0.98704848,0.98288453,0.0022998,0.00079848,0.00013607
2025-03-28 15:00:00+00:00,4547.2025,21.34098775,0.99127767,0.98582103,0.00378364,0.00062176,0.00017269
2025-03-28 16:00:00+00:00,4543.5275,21.11558422,0.99184737,0.98596743,0.00478513,4.628e-05,0.00019921
2025-03-28 17:00:00+00:00,4550.44,21.71325968,0.99341523,0.98177778,0.01022934,0.00017624,0.00025722
2025-03-28 18:00:00+00:00,4502.515,21.73593372,0.99285816,0.9850745,0.00604148,0.00041459,0.0002934
2025-03-28 19:00:00+00:00,4361.4125,21.27479408,0.99157745,0.97609851,0.01360177,0.00059972,0.00027628
2025-03-28 20:00:00+00:00,4207.135,20.8986993,0.99072801,0.97719232,0.01169492,0.00059407,0.00026779
2025-03-28 21:00:00+00:00,4090.37,20.79771018,0.9902138,0.98252182,0.00561015,0.00078774,0.00028424
2025-03-28 22:00:00+00:00,3940.5975,20.53112174,0.98937352,0.9832323,0.00388419,0.00091746,0.00030334
2025-03-28 23:00:00+00:00,3849.6075,20.44937003,0.98888949,0.98442958,0.00195471,0.0010253,0.0003743
2025-03-29 00:00:00+00:00,3739.52,20.38193708,0.98912042,0.98474878,0.0020775,0.00089812,0.00033948
2025-03-29 01:00:00+00:00,3639.99,20.51546891,0.98926357,0.98479371,0.00220937,0.00087817,0.00030973
2025-03-29 02:00:00+00:00,3581.7225,20.54890177,0.98932427,0.98502391,0.00230668,0.00070816,0.00028015
2025-03-29 03:00:00+00:00,3551.5125,21.08446875,0.9905376,0.98251892,0.00579959,0.00073083,0.00034736
2025-03-29 04:00:00+00:00,3559.2075,21.04725937,0.99069351,0.98299701,0.00578761,0.00056664,0.00029784
2025-03-29 05:00:00+00:00,3613.6625,20.82140199,0.98911908,0.98182959,0.00542509,0.00055617,0.00027785
2025-03-29 06:00:00+00:00,3736.06,20.88328447,0.98821124,0.98079344,0.00568124,0.00040131,0.00031626
2025-03-29 07:00:00+00:00,3869.57,21.05681148,0.98728704,0.97970421,0.00576754,0.00056572,0.00025318
2025-03-29 08:00:00+00:00,3982.2725,21.23771401,0.98638201,0.97849649,0.00589803,0.00070014,0.00026436
2025-03-29 09:00:00+00:00,3949.3725,21.29039999,0.98454863,0.97758207,0.00534009,0.00050103,0.00020613
2025-03-29 10:00:00+00:00,3823.17,21.32809609,0.98371983,0.97631199,0.00578066,0.00046662,0.00021697
2025-03-29 11:00:00+00:00,3816.565,21.14921922,0.9830778,0.97659511,0.00477858,0.000672,0.00018659
2025-03-29 12:00:00+00:00,3712.845,20.60248394,0.98204075,0.97860544,0.00168672,0.00073118,0.00020256
2025-03-29 13:00:00+00:00,3687.7875,20.41036347,0.98164161,0.97814533,0.00154067,0.00086666,0.000232
2025-03-29 14:00:00+00:00,3678.3675,20.39058104,0.98496551,0.98173624,0.00180838,0.0003719,0.00020702
2025-03-29 15:00:00+00:00,3732.965,21.66099629,0.99144293,0.98332403,0.00662018,0.00035962,0.00020459
2025-03-29 16:00:00+00:00,3877.9425,23.37235428,0.99883025,0.98888015,0.00867119,2.106e-05,0.00020137
2025-03-29 17:00:00+00:00,3983.85,23.41461191,0.99882662,0.98892794,0.00855795,1.902e-05,0.00022255
2025-03-29 18:00:00+00:00,4052.9175,23.39639276,0.99885273,0.98897241,0.00844805,2.128e-05,0.00020945
2025-03-29 19:00:00+00:00,3997.91,23.23489619,0.99729087,0.98698689,0.00877794,5.642e-05,0.00026905
2025-03-29 20:00:00+00:00,3912.4,23.45891852,0.99664838,0.98674808,0.00839119,3.415e-05,0.00026566
2025-03-29 21:00:00+00:00,3830.26,23.13526794,0.99510722,0.9860986,0.00760216,4.49e-06,0.0002666
2025-03-29 22:00:00+00:00,3731.22,22.89751917,0.99385841,0.98521613,0.00724893,1.82e-06,0.00029627
2025-03-29 23:00:00+00:00,3629.8075,22.02169254,0.99077058,0.98714159,0.00243343,5.96e-06,0.00023352
2025-03-30 00:00:00+00:00,3528.6125,21.89396053,0.9898753,0.98569513,0.00236285,0.00039213,0.00025826
2025-03-30 01:00:00+00:00,3495.745,22.02746678,0.98867534,0.98400875,0.00222028,0.00038828,0.00033474
2025-03-30 02:00:00+00:00,3519.2725,22.15059772,0.98844378,0.98391817,0.00207851,0.00013278,0.00030955
2025-03-30 03:00:00+00:00,3491.8125,22.09526841,0.98674342,0.98207541,0.00208853,6.419e-05,0.00034867
2025-03-30 04:00:00+00:00,3557.08,21.67570034,0.98703766,0.98307761,0.00139913,7.426e-05,0.0002657
2025-03-30 05:00:00+00:00,3603.9175,22.43950527,0.98735265,0.98241354,0.00203935,0.00020284,0.00030137
2025-03-30 06:00:00+00:00,3774.69,22.52802331,0.9866265,0.98149873,0.00222986,0.00034502,0.00031454
2025-03-30 07:00:00+00:00,4008.775,22.48568916,0.98556441,0.98070896,0.0020692,0.00032529,0.00034352
2025-03-30 08:00:00+00:00,4234.555,22.86068307,0.98642451,0.98120721,0.00265954,0.0002154,0.00040188
2025-03-30 09:00:00+00:00,4310.3075,23.50715794,0.98635071,0.98031791,0.00280646,0.00039877,0.00036045
2025-03-30 10:00:00+00:00,4312.465,26.13487961,0.98007304,0.96979041,0.0032147,0.00141356,0.00030059
2025-03-30 11:00:00+00:00,4270.295,29.32767324,0.9624991,0.94594196,0.0017742,0.00410724,0.00029251
2025-03-30 12:00:00+00:00,4174.115,30.75973402,0.95735049,0.93810892,0.00171465,0.00505664,0.00030824
2025-03-30 13:00:00+00:00,4117.1375,28.81892079,0.96290255,0.94650376,0.00210348,0.00424857,0.00032109
2025-03-30 14:00:00+00:00,4039.58,24.50217013,0.98166412,0.97378211,0.00263252,0.00114668,0.00040063
2025-03-30 15:00:00+00:00,4065.0125,23.30081787,0.98672533,0.98128501,0.00249073,0.00041096,0.00042064
2025-03-30 16:00:00+00:00,4090.445,23.9833098,0.99268477,0.98714927,0.0033925,7.046e-05,0.00038723
2025-03-30 17:00:00+00:00,4181.5225,24.50354544,0.99758464,0.99182391,0.00377931,1.35e-06,0.0003542
2025-03-30 18:00:00+00:00,4370.7,24.52844255,0.99871935,0.98772764,0.00885368,0.0,0.00030374
2025-03-30 19:00:00+00:00,4365.7175,23.80742725,0.9953411,0.98551035,0.00799874,0.0,0.0002924
2025-03-30 20:00:00+00:00,4327.515,23.86525867,0.99866083,0.9887396,0.00835189,0.0,0.0002635
2025-03-30 21:00:00+00:00,4113.505,23.46200343,0.99654133,0.98697038,0.00776916,0.0,0.00027945
2025-03-30 22:00:00+00:00,4018.635,23.40282026,0.99679617,0.98653429,0.00841801,0.0,0.00040294
2025-03-30 23:00:00+00:00,3922.5225,23.01965677,0.99492146,0.98534647,0.00776512,0.0,0.00038181
2025-03-31 00:00:00+00:00,3828.04,22.64735486,0.99306305,0.98416423,0.00714681,0.0,0.00040997
2025-03-31 01:00:00+00:00,3782.245,22.01430771,0.98954412,0.98192451,0.00607862,0.0,0.00037276
2025-03-31 02:00:00+00:00,3782.4175,22.16497007,0.98997728,0.98183008,0.00663817,0.0,0.00034554
2025-03-31 03:00:00+00:00,3943.59,22.7992246,0.99332221,0.98116802,0.01054268,3.74e-06,0.00033772
2025-03-31 04:00:00+00:00,4406.435,22.43984994,0.99179883,0.98078938,0.01003883,2.14e-06,0.00013012
2025-03-31 05:00:00+00:00,4859.3175,22.78808503,0.99348876,0.98207622,0.01063214,8e-07,6.527e-05
2025-03-31 06:00:00+00:00,4871.64,23.26843546,0.99519759,0.98320145,0.01119182,0.0,6.613e-05
2025-03-31 07:00:00+00:00,4691.175,23.41596877,0.99324087,0.98170951,0.01062892,0.0,9.109e-05
2025-03-31 08:00:00+00:00,4464.4075,23.66460067,0.99063409,0.97860049,0.01078474,0.0,0.00020758
2025-03-31 09:00:00+00:00,4295.475,24.11078665,0.99174504,0.97918358,0.01098746,0.0,0.00025533
2025-03-31 10:00:00+00:00,4168.685,24.2335657,0.99147588,0.97824918,0.01149657,0.0,0.00037342
2025-03-31 11:00:00+00:00,4044.175,24.42437752,0.99475234,0.98067685,0.01231736,0.0,0.00032161
2025-03-31 12:00:00+00:00,3970.545,24.34204444,0.99360613,0.9797909,0.01192935,0.0,0.00032592
2025-03-31 13:00:00+00:00,3942.0825,24.42388954,0.99539653,0.98054373,0.01302064,0.0,0.00028982
2025-03-31 14:00:00+00:00,4006.815,24.15546115,0.99428132,0.98066745,0.01207209,0.0,0.00026477
2025-03-31 15:00:00+00:00,4019.1125,23.8981904,0.99334629,0.98043006,0.01148356,0.0,0.00025467
2025-03-31 16:00:00+00:00,4037.5675,24.22237594,0.99779161,0.98304436,0.01337026,0.0,0.00019858
2025-03-31 17:00:00+00:00,4140.5975,24.33209397,0.99897227,0.98401943,0.01353874,7.8e-06,0.00021426
2025-03-31 18:00:00+00:00,4278.745,24.26609759,0.99898883,0.98454817,0.01339457,3.45e-06,9.31e-05
2025-03-31 19:00:00+00:00,4256.95,23.92184931,0.99734186,0.98344026,0.01283443,5.2e-06,0.00012062
2025-03-31 20:00:00+00:00,4203.6875,23.0985267,0.99302727,0.98160544,0.01042402,4.12e-06,0.00013329
2025-03-31 21:00:00+00:00,4024.6775,22.89027646,0.99136334,0.97977622,0.01035956,0.0,0.00021501
2025-03-31 22:00:00+00:00,3838.27,23.75736154,0.99805769,0.97465601,0.02201806,0.0,0.00023307
2025-03-31 23:00:00+00:00,3687.0525,23.8195288,0.99878327,0.9749079,0.02241604,2.85e-06,0.00024768
2025-04-01 00:00:00+00:00,3627.5175,23.89883935,0.99894826,0.97514646,0.02262719,2.83e-06,0.00014037
2025-04-01 01:00:00+00:00,3610.9675,24.02767204,0.99892044,0.97493638,0.02290015,3.5e-06,9.924e-05
2025-04-01 02:00:00+00:00,3651.02,24.00263007,0.99894236,0.97423284,0.02366414,3.79e-06,8.106e-05
2025-04-01 03:00:00+00:00,3812.75,24.04756195,0.99895872,0.97340968,0.02451623,3.03e-06,6.178e-05
2025-04-01 04:00:00+00:00,4282.0,24.10905581,0.9990073,0.97183911,0.02618759,2.22e-06,3.318e-05
2025-04-01 05:00:00+00:00,4701.505,24.0894383,0.99903085,0.96926397,0.02880477,3.33e-06,3.033e-05
2025-04-01 06:00:00+00:00,4693.8925,24.20289769,0.99900444,0.97296231,0.02489675,4.45e-06,5.97e-05
2025-04-01 07:00:00+00:00,4521.9025,24.26246088,0.99897111,0.97330883,0.02444125,1.73e-06,7.098e-05
2025-04-01 08:00:00+00:00,4292.66,24.29098234,0.99904024,0.97255806,0.02520411,2.76e-06,6.864e-05
2025-04-01 09:00:00+00:00,4102.135,24.2749514,0.99899939,0.98029518,0.01738349,7.17e-06,7.594e-05
2025-04-01 10:00:00+00:00,3962.5525,23.15903853,0.98820983,0.98196297,0.00513109,0.0,0.00013643
2025-04-01 11:00:00+00:00,3844.055,22.10209476,0.97585362,0.97195729,0.00297244,0.0,0.00016366
2025-04-01 12:00:00+00:00,3859.2225,22.34225329,0.97659441,0.97219101,0.00286755,0.00023285,0.00011967
2025-04-01 13:00:00+00:00,3865.0025,22.02634626,0.98067791,0.97640447,0.00344454,0.0,0.00011401
2025-04-01 14:00:00+00:00,3928.1925,24.09776567,0.99880374,0.98936312,0.00801161,0.0,0.00011049
2025-04-01 15:00:00+00:00,3960.1975,24.26043149,0.99895194,0.98985106,0.00785656,0.0,5.639e-05
2025-04-01 16:00:00+00:00,3983.68,24.22436433,0.99898073,0.98301478,0.01479662,1.7e-07,4.579e-05
2025-04-01 17:00:00+00:00,4018.3,24.18949768,0.99896998,0.98428627,0.01351866,6.5e-07,7.158e-05
2025-04-01 18:00:00+00:00,4123.905,24.17164903,0.99898721,0.98470644,0.01309585,1.97e-06,8.939e-05
2025-04-01 19:00:00+00:00,4105.04,24.2444927,0.99894171,0.98355138,0.01426042,0.0,9.761e-05
2025-04-01 20:00:00+00:00,3976.885,24.23136747,0.99897152,0.98450328,0.01335763,0.0,0.00010085
2025-04-01 21:00:00+00:00,3796.6925,24.2378867,0.9988433,0.9854822,0.01214196,0.0,0.00016708
2025-04-01 22:00:00+00:00,3636.355,24.21545331,0.99873592,0.9895806,0.00776026,5.93e-06,0.00024819
2025-04-01 23:00:00+00:00,3533.3775,24.29566613,0.99864827,0.98894965,0.00807312,5.55e-06,0.00033932
2025-04-02 00:00:00+00:00,3487.7275,24.16970859,0.99869772,0.98902441,0.00812569,2.86e-06,0.00032144
2025-04-02 01:00:00+00:00,3469.725,24.10165345,0.99888263,0.98984023,0.00781763,2.52e-06,0.00018228
2025-04-02 02:00:00+00:00,3505.595,24.04830101,0.99894963,0.98929377,0.00858048,8.2e-07,0.00011209
2025-04-02 03:00:00+00:00,3687.9775,24.10117261,0.99892408,0.97695606,0.02104196,1.3e-07,5.543e-05
2025-04-02 04:00:00+00:00,4169.2725,24.14651152,0.99900379,0.97401182,0.02408368,1e-07,4.129e-05
2025-04-02 05:00:00+00:00,4575.3925,24.09042184,0.9990745,0.97665958,0.02160359,5.4e-07,2.625e-05
2025-04-02 06:00:00+00:00,4549.6275,24.14235161,0.99907532,0.97939034,0.01880224,8.6e-07,3.228e-05
2025-04-02 07:00:00+00:00,4383.4175,24.19328341,0.99906453,0.98012105,0.01810417,0.0,1.898e-05
2025-04-02 08:00:00+00:00,4181.9525,23.12548076,0.98738128,0.98327498,0.00286068,6.57e-05,0.00014802
2025-04-02 09:00:00+00:00,4010.6775,22.04225809,0.97710865,0.97405794,0.00197799,0.0,0.00014455
2025-04-02 10:00:00+00:00,3925.0725,22.05366234,0.97678738,0.97392414,0.00181911,0.0,0.00018457
2025-04-02 11:00:00+00:00,3800.62,22.87816026,0.97963811,0.97578106,0.00217454,0.00014934,0.00019646
2025-04-02 12:00:00+00:00,3775.9875,22.13034826,0.97769333,0.97487166,0.00186471,0.0,0.0001503
2025-04-02 13:00:00+00:00,3775.8275,22.85096269,0.9817486,0.97778956,0.00203178,0.00037552,0.00017826
2025-04-02 14:00:00+00:00,3846.3175,22.03315352,0.98153342,0.97844783,0.00175543,0.0,0.000278
2025-04-02 15:00:00+00:00,3817.9025,23.0153309,0.9909172,0.9868391,0.00263254,0.0,0.00027767
2025-04-02 16:00:00+00:00,3836.94,24.23613888,0.9988811,0.98905118,0.00868014,0.0,0.00013552
2025-04-02 17:00:00+00:00,3921.245,24.24052873,0.99896898,0.98653875,0.01142531,0.0,6.217e-05
2025-04-02 18:00:00+00:00,4057.675,24.22442189,0.99895461,0.98736086,0.01055856,0.0,7.051e-05
2025-04-02 19:00:00+00:00,4071.28,24.06766016,0.9989716,0.98852255,0.00951851,6.8e-07,7.202e-05
2025-04-02 20:00:00+00:00,3942.0025,23.90263208,0.99895456,0.9897758,0.0082608,4.5e-07,7.462e-05
2025-04-02 21:00:00+00:00,3743.0175,23.78674788,0.99886946,0.98904947,0.00862061,0.0,0.00014142
2025-04-02 22:00:00+00:00,3560.695,23.65369167,0.99891165,0.98933789,0.00843356,0.0,0.00013669
2025-04-02 23:00:00+00:00,3457.265,23.65810818,0.99896322,0.98947227,0.00847985,1e-07,9.35e-05
2025-04-03 00:00:00+00:00,3411.2975,23.62897854,0.99890156,0.98938445,0.00840832,6.6e-07,0.00014216
2025-04-03 01:00:00+00:00,3398.935,23.65356992,0.99897167,0.9895702,0.00844549,1.79e-06,8.478e-05
2025-04-03 02:00:00+00:00,3481.5225,23.59984665,0.99904029,0.99010994,0.00818679,6.7e-07,1.383e-05
2025-04-03 03:00:00+00:00,3661.5525,23.57166993,0.99906545,0.98958299,0.00876129,4.8e-07,1.811e-05
2025-04-03 04:00:00+00:00,4128.8225,23.65249436,0.9991106,0.97748344,0.02095936,0.0,0.0
2025-04-03 05:00:00+00:00,4520.52,23.70285937,0.99917465,0.96957103,0.02895834,0.0,0.0
2025-04-03 06:00:00+00:00,4487.3575,23.79615591,0.99915355,0.96696639,0.03150856,0.0,5.02e-06
2025-04-03 07:00:00+00:00,4258.5475,23.76715126,0.99902306,0.98946743,0.008723,0.0,3.855e-05
2025-04-03 08:00:00+00:00,4086.8125,21.89853574,0.98774247,0.98140177,0.00557179,0.0,9.011e-05
2025-04-03 09:00:00+00:00,3922.1425,21.40636313,0.98149929,0.97675644,0.00407907,0.0,8.727e-05
2025-04-03 10:00:00+00:00,3830.8425,21.72709149,0.98283644,0.97977363,0.00222685,0.0,8.592e-05
2025-04-03 11:00:00+00:00,3728.8125,21.63840924,0.98286614,0.97962711,0.00203852,0.00035643,1.753e-05
2025-04-03 12:00:00+00:00,3680.4525,21.04178389,0.98062435,0.97818315,0.0013815,0.00037651,3.75e-05
2025-04-03 13:00:00+00:00,3671.73,20.61988735,0.98153578,0.97941772,0.00147333,4.01e-06,7.582e-05
2025-04-03 14:00:00+00:00,3704.5325,20.532707,0.98347012,0.98105489,0.00184233,3.4e-07,1.742e-05
2025-04-03 15:00:00+00:00,3708.785,23.88715512,0.99857265,0.98765168,0.00936701,0.0,5.401e-05
2025-04-03 16:00:00+00:00,3682.5525,23.84012534,0.99864987,0.98814636,0.00912555,0.0,3.362e-05
2025-04-03 17:00:00+00:00,3777.8725,23.64697342,0.99897765,0.98902548,0.00873352,0.0,4.362e-05
2025-04-03 18:00:00+00:00,3914.335,23.27104302,0.99867618,0.98935496,0.00850751,0.0,3.586e-05
2025-04-03 19:00:00+00:00,3897.15,23.27460439,0.99863038,0.98925087,0.00824511,0.0,9.076e-05
2025-04-03 20:00:00+00:00,3768.78,22.32030344,0.99551013,0.98680101,0.00713028,0.0,0.00015339
2025-04-03 21:00:00+00:00,3586.765,21.54104592,0.99315596,0.9855842,0.0060454,0.0,0.00016816
2025-04-03 22:00:00+00:00,3431.1225,21.15976302,0.99379028,0.986572,0.00596215,0.0,0.00011367
2025-04-03 23:00:00+00:00,3378.89,20.74062678,0.99292888,0.98642262,0.0054177,0.0,7.877e-05
2025-04-04 00:00:00+00:00,3329.295,20.64421349,0.99250006,0.98653738,0.00489783,0.0,7.62e-05
2025-04-04 01:00:00+00:00,3309.8075,20.76397532,0.99240235,0.98632768,0.00499231,0.0,7.206e-05
2025-04-04 02:00:00+00:00,3315.1825,21.87820294,0.99359864,0.98603948,0.00593836,0.0,0.00018717
2025-04-04 03:00:00+00:00,3436.595,23.43662975,0.99813406,0.97894463,0.01728229,0.0,0.0001926
2025-04-04 04:00:00+00:00,3878.25,23.51307136,0.99852562,0.97867838,0.01834649,0.0,5.705e-05
2025-04-04 05:00:00+00:00,4356.09,23.72788705,0.9985989,0.97410915,0.02301774,0.0,6.292e-05
2025-04-04 06:00:00+00:00,4434.515,23.6897312,0.99862869,0.97772382,0.019467,2e-08,0.00011029
2025-04-04 07:00:00+00:00,4290.4275,23.38943699,0.99876403,0.98116304,0.01670538,3e-08,0.00014627
2025-04-04 08:00:00+00:00,4179.4825,22.42115072,0.99393881,0.97764016,0.01560479,5e-08,0.00020527
2025-04-04 09:00:00+00:00,4134.4825,20.95275886,0.98192459,0.97595566,0.00528549,5e-08,0.00020026
2025-04-04 10:00:00+00:00,4088.045,21.51521091,0.98081485,0.97475611,0.00484485,0.00026815,0.00018141
2025-04-04 11:00:00+00:00,3984.3125,21.3669822,0.98283399,0.98033962,0.00169747,2.31e-05,0.00021242
2025-04-04 12:00:00+00:00,3935.7575,21.52716152,0.97891311,0.97596175,0.00114949,0.00050876,0.00018867
2025-04-04 13:00:00+00:00,3922.015,20.97926511,0.98053611,0.97807018,0.00137878,0.00022251,0.00014426
2025-04-04 14:00:00+00:00,3904.7725,21.36507202,0.98734465,0.9811984,0.00518125,0.00014572,0.00013387
2025-04-04 15:00:00+00:00,3936.37,22.76695464,0.99726823,0.98557505,0.0109905,1e-07,0.00019866
2025-04-04 16:00:00+00:00,3914.9875,23.13285675,0.99848164,0.97660261,0.02117519,1.1e-07,0.00017779
2025-04-04 17:00:00+00:00,3956.9875,23.09566619,0.99854116,0.97634706,0.02148598,1e-07,0.00019418
2025-04-04 18:00:00+00:00,4031.5775,22.97540579,0.99848712,0.97662465,0.0212056,9e-08,0.00019671
2025-04-04 19:00:00+00:00,4007.71,22.50478303,0.99584943,0.98418088,0.01090253,1.3e-07,0.00022682
2025-04-04 20:00:00+00:00,3929.0175,21.91060609,0.99326441,0.98279551,0.00972971,2.3e-07,0.00022263
2025-04-04 21:00:00+00:00,3844.8,21.05603412,0.98994054,0.98284707,0.00631708,2.6e-07,0.00023691
2025-04-04 22:00:00+00:00,3781.525,20.82942121,0.98865451,0.98516977,0.00277202,1.5e-07,0.00018095
2025-04-04 23:00:00+00:00,3677.955,21.07970261,0.98903394,0.98542827,0.00276132,1.6e-07,7.604e-05
2025-04-05 00:00:00+00:00,3646.4875,20.98629747,0.98878665,0.98588355,0.00223882,1.5e-07,5.887e-05
2025-04-05 01:00:00+00:00,3625.585,20.85566509,0.98843977,0.98501687,0.00273405,1.7e-07,6.891e-05
2025-04-05 02:00:00+00:00,3577.715,20.83166674,0.9875359,0.98405063,0.0027703,2.4e-07,6.331e-05
2025-04-05 03:00:00+00:00,3545.8925,20.74269656,0.98653717,0.98314574,0.0025321,3.1e-07,0.00020105
2025-04-05 04:00:00+00:00,3616.0075,21.18154469,0.98722734,0.98389932,0.00244205,2.2e-07,0.00026893
2025-04-05 05:00:00+00:00,3691.7425,22.20576932,0.99095136,0.98680843,0.00326505,2e-07,0.00028125
2025-04-05 06:00:00+00:00,3794.3075,22.44645862,0.99051933,0.9863123,0.00328663,1.8e-07,0.00026867
2025-04-05 07:00:00+00:00,3945.0675,22.5257481,0.9899653,0.98564617,0.00351998,1.8e-07,0.00023563
2025-04-05 08:00:00+00:00,3977.5275,22.57522657,0.98854341,0.98425609,0.00351783,1.3e-07,0.0002254
2025-04-05 09:00:00+00:00,3957.795,22.38443451,0.9853247,0.98089474,0.00351508,1.6e-07,0.00026898
2025-04-05 10:00:00+00:00,3875.57,23.01876872,0.98395148,0.97886052,0.00343722,0.00017003,0.00022978
2025-04-05 11:00:00+00:00,3835.4325,23.84317363,0.98257254,0.97607775,0.00332883,0.00056365,0.0005016
2025-04-05 12:00:00+00:00,3801.7025,25.56156274,0.97947296,0.96987955,0.00274244,0.00188075,0.00052527
2025-04-05 13:00:00+00:00,3776.0525,23.7191224,0.98220729,0.97513284,0.00326563,0.0007229,0.00058467
2025-04-05 14:00:00+00:00,3841.96,22.03965535,0.9851568,0.98051961,0.00311447,0.00012242,0.0005372
2025-04-05 15:00:00+00:00,3936.775,21.99260812,0.98841147,0.98421022,0.00323498,1.8e-07,0.00027906
2025-04-05 16:00:00+00:00,4010.63,23.33073905,0.99713733,0.9924408,0.00373753,2.5e-07,0.00022897
2025-04-05 17:00:00+00:00,3945.06,23.70455701,0.99880663,0.99418965,0.00373311,2.1e-07,0.00021368
2025-04-05 18:00:00+00:00,3975.2725,23.69002003,0.9987894,0.98786785,0.01011414,2.3e-07,0.00023591
2025-04-05 19:00:00+00:00,3956.21,23.59493054,0.9985236,0.99033405,0.0073368,2e-07,0.00036543
2025-04-05 20:00:00+00:00,3871.78,23.5844973,0.998489,0.99365002,0.00390745,3.1e-07,0.00053789
2025-04-05 21:00:00+00:00,3761.1775,23.3235456,0.99734414,0.99251261,0.0038105,2.7e-07,0.00041108
2025-04-05 22:00:00+00:00,3676.1625,23.13688429,0.99665654,0.99197691,0.00369361,2.6e-07,0.00029403
2025-04-05 23:00:00+00:00,3602.0425,23.60823936,0.99865917,0.99360779,0.00404833,2.5e-07,0.00040065
2025-04-06 00:00:00+00:00,3545.7025,23.64017039,0.99863175,0.9935833,0.00407791,3.1e-07,0.00044882
2025-04-06 01:00:00+00:00,3510.4625,23.65387074,0.99853595,0.99357084,0.0040749,3.9e-07,0.00057992
2025-04-06 02:00:00+00:00,3515.6575,23.73822814,0.99872845,0.99377918,0.00408191,3.2e-07,0.0003508
2025-04-06 03:00:00+00:00,3528.895,23.73514924,0.99861038,0.98133405,0.01643257,3.2e-07,0.0004158
2025-04-06 04:00:00+00:00,3599.5425,23.81308026,0.99860623,0.98112836,0.01672548,2.1e-07,0.00043553
2025-04-06 05:00:00+00:00,3690.5875,23.82527606,0.99879571,0.9813077,0.01668719,2.3e-07,0.00025888
2025-04-06 06:00:00+00:00,3804.7025,21.81753347,0.98938593,0.98164292,0.00696841,2.3e-07,0.00025416
2025-04-06 07:00:00+00:00,3900.17,21.74505022,0.98803198,0.98514011,0.00216153,2.3e-07,0.00023806
2025-04-06 08:00:00+00:00,3867.7325,22.04747457,0.98862619,0.9850329,0.00282367,1.8e-07,0.0002459
2025-04-06 09:00:00+00:00,3752.0825,22.6989098,0.99152047,0.98725107,0.00330053,2.3e-07,0.00032261
2025-04-06 10:00:00+00:00,3651.35,22.38390626,0.98960176,0.98542457,0.00318195,2.3e-07,0.00032696
2025-04-06 11:00:00+00:00,3525.725,22.6676417,0.98915526,0.98465883,0.00323906,6.67e-05,0.00032879
2025-04-06 12:00:00+00:00,3465.9575,22.71372334,0.98523377,0.9804025,0.00287742,0.00029415,0.00029839
2025-04-06 13:00:00+00:00,3443.345,22.50631112,0.98700483,0.98228053,0.003242,0.00015248,0.00030394
2025-04-06 14:00:00+00:00,3468.1375,20.8924352,0.98375645,0.98076662,0.00215074,1.9e-07,0.00027935
2025-04-06 15:00:00+00:00,3535.865,21.19778147,0.98566517,0.98311834,0.00183601,1.6e-07,0.00022437
2025-04-06 16:00:00+00:00,3626.555,23.79675428,0.99695988,0.98883712,0.00729284,3.2e-07,0.00027839
2025-04-06 17:00:00+00:00,3704.905,23.82734707,0.99731118,0.98580371,0.01091142,1.7e-07,0.00018534
2025-04-06 18:00:00+00:00,3879.7275,23.81150885,0.99747035,0.98451976,0.01238222,1.6e-07,0.000181
2025-04-06 19:00:00+00:00,3896.1125,23.78948322,0.99736099,0.98450311,0.01223675,2.3e-07,0.00019258
2025-04-06 20:00:00+00:00,3810.085,23.73315681,0.99721063,0.98909929,0.00738962,2e-07,0.00023715
2025-04-06 21:00:00+00:00,3673.9325,23.63324714,0.99692142,0.98881112,0.00735529,2.7e-07,0.00024838
2025-04-06 22:00:00+00:00,3552.9275,23.48222941,0.99617682,0.98765928,0.00757188,2.4e-07,0.00032251
2025-04-06 23:00:00+00:00,3385.1225,23.33223937,0.99529191,0.98625376,0.00807524,2.9e-07,0.00032006
2025-04-07 00:00:00+00:00,3323.97,23.21925652,0.99451402,0.98620434,0.00728916,2.4e-07,0.00032363
2025-04-07 01:00:00+00:00,3337.985,23.50858567,0.99567794,0.98708827,0.00758207,2.8e-07,0.00032225
2025-04-07 02:00:00+00:00,3382.6625,23.5821009,0.99637475,0.97757564,0.0178721,2.6e-07,0.00029419
2025-04-07 03:00:00+00:00,3599.0825,23.48541084,0.99645474,0.97794051,0.01772293,2.2e-07,0.00024575
2025-04-07 04:00:00+00:00,4066.435,23.33505664,0.99708974,0.97452643,0.02216091,9e-08,0.00011289
2025-04-07 05:00:00+00:00,4410.9225,23.4205764,0.99724538,0.96498644,0.03167561,8e-08,9.021e-05
2025-04-07 06:00:00+00:00,4395.0675,23.63877728,0.99743395,0.96823931,0.02874686,2e-08,2.714e-05
2025-04-07 07:00:00+00:00,4220.1175,23.94325068,0.9977327,0.9664705,0.03075915,2e-08,2.863e-05
2025-04-07 08:00:00+00:00,4092.935,24.06261461,0.99737472,0.97952518,0.01730297,6e-08,6.313e-05
2025-04-07 09:00:00+00:00,4006.1425,23.44193152,0.99050978,0.98351941,0.00674614,4e-08,4.491e-05
2025-04-07 10:00:00+00:00,3943.3825,22.8696658,0.98031086,0.9749641,0.00471453,1.4e-07,0.00017741
2025-04-07 11:00:00+00:00,3863.1775,23.21510027,0.98147884,0.97651094,0.00404039,0.00011615,0.00015663
2025-04-07 12:00:00+00:00,3807.2125,22.77787191,0.97690123,0.9725263,0.00341066,0.00012825,0.0001539
2025-04-07 13:00:00+00:00,3783.9275,24.7272755,0.98545957,0.97570019,0.00675205,0.00086867,0.00013938
2025-04-07 14:00:00+00:00,3814.0,24.90954965,0.99597207,0.98501163,0.00900299,0.00046409,5.88e-05
2025-04-07 15:00:00+00:00,3772.75,24.23989707,0.99732001,0.98269756,0.01397187,0.0,4.43e-06
2025-04-07 16:00:00+00:00,3779.085,24.19023739,0.99716243,0.98029643,0.01631537,0.0,1.393e-05
2025-04-07 17:00:00+00:00,3830.41,24.18660034,0.99859936,0.97883351,0.01924006,0.0,3.497e-05
2025-04-07 18:00:00+00:00,3945.5875,24.18160185,0.99880737,0.97011262,0.02815663,0.0,5.602e-05
2025-04-07 19:00:00+00:00,3978.835,24.20813296,0.99804663,0.96993609,0.02754872,0.0,5.582e-05
2025-04-07 20:00:00+00:00,3837.575,24.19667357,0.99725517,0.97036646,0.02634718,0.0,5.925e-05
2025-04-07 21:00:00+00:00,3685.63,24.20816357,0.99699278,0.97036351,0.02609729,0.0,9.218e-05
2025-04-07 22:00:00+00:00,3531.225,24.27605894,0.99680337,0.96911697,0.02700055,0.0,0.00016667
2025-04-07 23:00:00+00:00,3411.765,24.29529069,0.99653409,0.96948456,0.02630869,0.0,0.00020684
2025-04-08 00:00:00+00:00,3344.5975,24.2614077,0.99629363,0.97002574,0.02555682,0.0,0.00022434
2025-04-08 01:00:00+00:00,3301.6275,24.24274173,0.99619992,0.96966218,0.02580923,0.0,0.00022591
2025-04-08 02:00:00+00:00,3335.91,24.17730845,0.99622799,0.9692408,0.02635682,0.0,0.00017318
2025-04-08 03:00:00+00:00,3485.2375,24.17081149,0.99678545,0.96791418,0.02817694,0.0,0.00010565
2025-04-08 04:00:00+00:00,3916.0775,24.07628692,0.99729671,0.96948577,0.02724862,0.0,3.24e-05
2025-04-08 05:00:00+00:00,4297.9675,24.03962681,0.99775384,0.97076887,0.02643732,0.0,3.62e-06
2025-04-08 06:00:00+00:00,4319.6425,24.10427405,0.99766257,0.97420697,0.02287293,0.0,3.621e-05
2025-04-08 07:00:00+00:00,4189.9625,24.19794467,0.99712315,0.97379239,0.02263707,0.0,7.829e-05
2025-04-08 08:00:00+00:00,4007.0075,24.16037299,0.99650156,0.97640829,0.01945516,0.0,0.00017809
2025-04-08 09:00:00+00:00,3831.7775,23.69105991,0.98985563,0.97157913,0.0175526,0.0,0.00028045
2025-04-08 10:00:00+00:00,3750.115,22.20597975,0.9703074,0.96634425,0.00337951,0.0,0.00016049
2025-04-08 11:00:00+00:00,3643.1675,22.2375317,0.9738057,0.97025831,0.00298641,0.0,0.0001551
2025-04-08 12:00:00+00:00,3569.66,22.1408176,0.97554232,0.97130377,0.00356695,0.0,0.00019119
2025-04-08 13:00:00+00:00,3556.515,23.44950813,0.99152626,0.98362157,0.00715758,0.0,0.00022122
2025-04-08 14:00:00+00:00,3614.8175,23.87981066,0.99634084,0.98746739,0.00827593,2.6e-07,0.0001453
2025-04-08 15:00:00+00:00,3688.285,23.84937015,0.99686004,0.98710322,0.00918153,1.11e-06,8.182e-05
2025-04-08 16:00:00+00:00,3763.375,23.78539029,0.99698416,0.97527131,0.02118698,1.39e-06,8.904e-05
2025-04-08 17:00:00+00:00,3818.6925,23.69308449,0.99706716,0.97455206,0.02203308,2.51e-06,6.898e-05
2025-04-08 18:00:00+00:00,3959.8925,23.60677456,0.99725908,0.98487314,0.01194562,1.56e-06,5.318e-05
2025-04-08 19:00:00+00:00,3984.865,23.5169626,0.99735727,0.98491828,0.0120016,0.0,7.83e-05
2025-04-08 20:00:00+00:00,3853.39,23.36562719,0.99705732,0.98895959,0.00761983,0.0,0.00011788
2025-04-08 21:00:00+00:00,3666.23,23.30197455,0.99664493,0.98880278,0.00726731,0.0,0.00012964
2025-04-08 22:00:00+00:00,3416.525,22.07844398,0.99245375,0.98531839,0.00644959,3.1e-07,0.00017539
2025-04-08 23:00:00+00:00,3282.0775,21.77122289,0.99090672,0.98355432,0.00597331,0.00067233,0.00018791
2025-04-09 00:00:00+00:00,3234.89,21.34380571,0.98926932,0.98164205,0.00523561,0.0016628,0.00019885
2025-04-09 01:00:00+00:00,3142.275,21.48049203,0.99008881,0.98311398,0.00477291,0.00145192,0.00019716
2025-04-09 02:00:00+00:00,3162.415,21.67083542,0.99111595,0.98403934,0.00516963,0.00117174,0.00019782
2025-04-09 03:00:00+00:00,3312.1775,21.79503917,0.99252108,0.98525013,0.00615564,0.00045966,0.00019127
2025-04-09 04:00:00+00:00,3762.4025,22.64123528,0.99586554,0.98336007,0.01195471,6.95e-06,0.00014142
2025-04-09 05:00:00+00:00,4166.085,23.17079164,0.99695384,0.98154162,0.01493157,5.54e-06,7.092e-05
2025-04-09 06:00:00+00:00,4224.4275,23.28420634,0.99693237,0.98138754,0.01502808,6.1e-06,8.566e-05
2025-04-09 07:00:00+00:00,4158.3825,23.3705542,0.99661754,0.98238206,0.01353523,3.97e-06,0.00020677
2025-04-09 08:00:00+00:00,4048.675,22.3823573,0.9908201,0.97871749,0.01094432,0.00052263,0.00039019
2025-04-09 09:00:00+00:00,3934.04,22.36977704,0.99037853,0.9777913,0.01131748,0.00086137,8.908e-05
2025-04-09 10:00:00+00:00,3812.55,20.93210728,0.97890968,0.97379569,0.00250547,0.0019807,0.00014665
2025-04-09 11:00:00+00:00,3679.3075,20.33207203,0.97830155,0.97514965,0.00175229,0.00086161,0.00013237
2025-04-09 12:00:00+00:00,3684.8225,20.60496758,0.97936346,0.97477357,0.00189057,0.0020519,0.00013662
2025-04-09 13:00:00+00:00,3713.5025,21.06918146,0.98335275,0.97821117,0.00243843,0.00202348,0.00016588
2025-04-09 14:00:00+00:00,3726.59,20.96189519,0.98428834,0.97732942,0.00446053,0.00181491,0.00017084
2025-04-09 15:00:00+00:00,3755.2375,21.89807022,0.99152612,0.98356148,0.00634865,0.0008484,0.00018891
2025-04-09 16:00:00+00:00,3864.195,22.53990673,0.99486788,0.98703209,0.00680976,0.00025642,0.00021892
2025-04-09 17:00:00+00:00,3991.6075,22.95494005,0.99676189,0.9893802,0.00655532,1e-07,0.00019316
2025-04-09 18:00:00+00:00,4104.305,23.05505553,0.99701797,0.99019527,0.00615907,0.0,0.00011421
2025-04-09 19:00:00+00:00,4202.5375,23.3670133,0.99694779,0.98894726,0.00737686,0.0,0.00013505
2025-04-09 20:00:00+00:00,4125.8425,22.96738318,0.99491403,0.98658833,0.00742715,0.00027785,0.00017067
2025-04-09 21:00:00+00:00,3937.58,22.6781408,0.99255845,0.98478138,0.00638621,0.00064569,0.00020025
2025-04-09 22:00:00+00:00,3767.8,22.53969101,0.99148717,0.98731333,0.00263223,0.00087341,0.00018097
2025-04-09 23:00:00+00:00,3676.135,22.73885235,0.99173162,0.98721233,0.00289989,0.00093355,0.00018388
2025-04-10 00:00:00+00:00,3632.2275,22.96147247,0.99148705,0.98664183,0.00299549,0.00101495,0.00022103
2025-04-10 01:00:00+00:00,3615.415,23.20984466,0.99255269,0.98855926,0.00267874,0.00051293,0.00022131
2025-04-10 02:00:00+00:00,3602.205,23.59555033,0.99486492,0.99111201,0.00304724,1.059e-05,0.00020023
2025-04-10 03:00:00+00:00,3776.5875,23.68672338,0.9966139,0.99233663,0.00374286,0.0,0.00012387
2025-04-10 04:00:00+00:00,4203.7875,23.60037956,0.99721308,0.98589116,0.01083329,1.24e-06,4.281e-05
2025-04-10 05:00:00+00:00,4539.5225,23.44163744,0.99751836,0.97388685,0.0232239,1.68e-06,2.773e-05
2025-04-10 06:00:00+00:00,4509.2375,23.42523145,0.99768053,0.97363942,0.02370107,3.6e-07,9.79e-06
2025-04-10 07:00:00+00:00,4465.205,23.42283056,0.99750574,0.97829087,0.01872973,1.41e-06,4.437e-05
2025-04-10 08:00:00+00:00,4468.0725,23.19922222,0.99729345,0.98992485,0.00687026,3.96e-06,6.327e-05
2025-04-10 09:00:00+00:00,4353.3175,23.04136945,0.99654081,0.98945684,0.00661902,1.4e-06,5.703e-05
2025-04-10 10:00:00+00:00,4213.62,21.68889973,0.98827031,0.98556041,0.00231561,9.52e-06,8.036e-05
2025-04-10 11:00:00+00:00,4102.42,20.8045301,0.98200963,0.97954905,0.0016105,1.872e-05,0.00012749
2025-04-10 12:00:00+00:00,4046.9025,20.49862586,0.9835773,0.98157405,0.00147458,1.573e-05,0.00017803
2025-04-10 13:00:00+00:00,4038.2875,20.09045522,0.98264202,0.98059252,0.00128693,0.00027291,0.00016697
2025-04-10 14:00:00+00:00,4094.7025,20.80111356,0.98848298,0.98601088,0.00211786,8.89e-06,0.00015367
2025-04-10 15:00:00+00:00,4113.415,21.82585367,0.99310802,0.99016812,0.00261916,8.12e-06,9.988e-05
2025-04-10 16:00:00+00:00,4090.3975,22.46499886,0.99541308,0.99211993,0.00293026,9.62e-06,9.098e-05
2025-04-10 17:00:00+00:00,4114.625,22.79929098,0.99625557,0.99274459,0.00306795,1.266e-05,0.00011606
2025-04-10 18:00:00+00:00,4154.895,22.09419234,0.99345515,0.99021755,0.00277016,1.418e-05,0.00012514
2025-04-10 19:00:00+00:00,4173.7825,21.45764297,0.99118263,0.98828894,0.00247256,1.241e-05,0.00011068
2025-04-10 20:00:00+00:00,4024.42,21.15088179,0.98977386,0.98709763,0.00225871,1.236e-05,0.00011061
2025-04-10 21:00:00+00:00,3805.525,20.8536788,0.98801402,0.98543045,0.0020986,1.505e-05,0.00013324
2025-04-10 22:00:00+00:00,3578.8675,20.78925143,0.98537458,0.98257871,0.00202689,2.642e-05,0.00022207
2025-04-10 23:00:00+00:00,3471.7725,20.82137193,0.98502041,0.9820749,0.00215128,2.782e-05,0.00023662
2025-04-11 00:00:00+00:00,3412.1775,20.73613014,0.98415101,0.98126895,0.00203862,2.928e-05,0.00024437
2025-04-11 01:00:00+00:00,3370.7775,20.80226237,0.98338661,0.98065886,0.00186345,2.949e-05,0.00025386
2025-04-11 02:00:00+00:00,3381.825,21.18111484,0.98408956,0.98094458,0.00204353,0.00013461,0.00026222
2025-04-11 03:00:00+00:00,3466.8725,21.79698679,0.98572494,0.98204899,0.00246094,0.00023119,0.00027656
2025-04-11 04:00:00+00:00,3828.53,23.14588792,0.99114344,0.98514404,0.00504136,0.00012692,0.00021949
2025-04-11 05:00:00+00:00,4245.565,24.24084742,0.99757626,0.98823432,0.00859973,2.931e-05,0.00018423
2025-04-11 06:00:00+00:00,4260.265,24.06570314,0.99778286,0.98928133,0.00772968,1.826e-05,0.0001075
2025-04-11 07:00:00+00:00,4059.4225,24.29450253,0.99700185,0.98742271,0.0087817,3.3e-05,0.00017795
2025-04-11 08:00:00+00:00,3898.515,23.36191185,0.98307675,0.97883118,0.00306161,0.00022918,0.00026266
2025-04-11 09:00:00+00:00,3798.405,23.24565392,0.97424365,0.96997044,0.00227521,0.00059472,0.00026886
2025-04-11 10:00:00+00:00,3669.975,23.41566486,0.96960908,0.96560303,0.00152592,0.00073413,0.00027219
2025-04-11 11:00:00+00:00,3604.2825,23.24521411,0.96749986,0.96353148,0.00126282,0.00086767,0.0002596
2025-04-11 12:00:00+00:00,3607.775,22.97498843,0.96854795,0.96452378,0.00120096,0.00095857,0.00025973
2025-04-11 13:00:00+00:00,3642.97,22.31154296,0.97167723,0.9688588,0.00114192,0.00047573,0.00022892
2025-04-11 14:00:00+00:00,3656.555,22.03671512,0.97865842,0.97609417,0.00174883,5.139e-05,0.00019793
2025-04-11 15:00:00+00:00,3692.025,23.51638304,0.99360584,0.98974923,0.00307835,3.945e-05,0.00019126
2025-04-11 16:00:00+00:00,3659.9625,23.65962434,0.99558958,0.98974893,0.00548427,9.97e-06,5.619e-05
2025-04-11 17:00:00+00:00,3667.3075,23.5760437,0.99565883,0.98628779,0.00897542,1.108e-05,6.023e-05
2025-04-11 18:00:00+00:00,3683.0525,23.42705529,0.99562822,0.98660686,0.00875603,1.027e-05,5.554e-05
2025-04-11 19:00:00+00:00,3603.305,23.22795261,0.9955339,0.98699614,0.00815849,1.606e-05,9.651e-05
2025-04-11 20:00:00+00:00,3518.45,22.80485214,0.99400907,0.99046283,0.00305145,2.084e-05,0.00013657
2025-04-11 21:00:00+00:00,3379.09,22.35665229,0.99194943,0.98859187,0.00289818,1.589e-05,0.0001098
2025-04-11 22:00:00+00:00,3211.8075,21.72973768,0.99060724,0.98759832,0.00254161,1.561e-05,0.00012324
2025-04-11 23:00:00+00:00,3061.6575,21.3819015,0.98931119,0.98621321,0.00239722,0.00027034,0.0001142
2025-04-12 00:00:00+00:00,2963.0175,21.65999686,0.98966671,0.98582911,0.00282338,0.000558,0.0001119
2025-04-12 01:00:00+00:00,2915.1425,21.184089,0.98848444,0.98466097,0.00231237,0.00100316,0.00012356
2025-04-12 02:00:00+00:00,2890.6575,21.20579608,0.98865877,0.98500884,0.00238604,0.00090751,7.485e-05
2025-04-12 03:00:00+00:00,2904.8275,21.15372418,0.98760672,0.9839265,0.00233398,0.00078698,0.00014916
2025-04-12 04:00:00+00:00,2942.3525,21.8304986,0.98926933,0.98566694,0.00269893,0.00047784,9.964e-05
2025-04-12 05:00:00+00:00,3064.3575,22.48532829,0.99028474,0.98656953,0.00290531,0.00035619,0.0001071
2025-04-12 06:00:00+00:00,3174.9325,22.23976165,0.98822793,0.98455921,0.00286091,0.00029773,0.00012889
2025-04-12 07:00:00+00:00,3265.475,22.21303899,0.98642102,0.98284594,0.00284603,0.00017566,0.00013349
2025-04-12 08:00:00+00:00,3298.085,22.25150784,0.98532483,0.98196389,0.00262977,0.00023741,9.535e-05
2025-04-12 09:00:00+00:00,3244.4675,22.11184839,0.98262227,0.97947636,0.00264055,6.56e-06,3.288e-05
2025-04-12 10:00:00+00:00,3182.1925,21.9553489,0.97663003,0.97393622,0.00214717,6.87e-06,3.736e-05
2025-04-12 11:00:00+00:00,3105.5275,22.04179828,0.97634073,0.9741182,0.00203162,8.3e-07,4.78e-06
2025-04-12 12:00:00+00:00,3050.7675,21.96895448,0.9751768,0.97327013,0.00173091,3.7e-07,2.06e-06
2025-04-12 13:00:00+00:00,3003.27,21.81667012,0.97653547,0.97415313,0.00192085,5.26e-06,4.321e-05
2025-04-12 14:00:00+00:00,3031.17,21.87603341,0.98070326,0.97784555,0.00224531,8.07e-06,0.00016285
2025-04-12 15:00:00+00:00,3095.9425,22.74022198,0.98837027,0.98501476,0.00276188,7.9e-06,0.00016321
2025-04-12 16:00:00+00:00,3174.0575,23.93399098,0.99461863,0.99062321,0.00349004,7.01e-06,0.0001426
2025-04-12 17:00:00+00:00,3214.8225,23.97104272,0.99489029,0.99092612,0.00339612,9.17e-06,0.00016203
2025-04-12 18:00:00+00:00,3260.1575,24.04886502,0.99504419,0.99103611,0.00347138,9.38e-06,0.00014793
2025-04-12 19:00:00+00:00,3270.875,24.05662048,0.99497348,0.99074382,0.00358407,1.046e-05,0.00017705
2025-04-12 20:00:00+00:00,3190.69,24.0211274,0.99473644,0.99035514,0.0036386,1.239e-05,0.00020998
2025-04-12 21:00:00+00:00,3091.405,24.16353449,0.99437943,0.98975861,0.00357485,1.88e-05,0.00031648
2025-04-12 22:00:00+00:00,2995.355,24.01224751,0.99427931,0.99004414,0.00348478,1.312e-05,0.00022293
2025-04-12 23:00:00+00:00,2905.5275,24.03501424,0.9940414,0.98954237,0.00358224,2.729e-05,0.00026724
2025-04-13 00:00:00+00:00,2853.11,22.85356062,0.98932628,0.98512156,0.00278619,0.00025982,0.00036302
2025-04-13 01:00:00+00:00,2835.0125,22.15144324,0.98655015,0.98273103,0.00243738,0.00021741,0.00036069
2025-04-13 02:00:00+00:00,2828.3025,22.44085504,0.98749288,0.98334086,0.00255075,0.00043613,0.00036286
2025-04-13 03:00:00+00:00,2856.3475,22.36778635,0.98760298,0.98365916,0.00252339,0.0002877,0.00034901
2025-04-13 04:00:00+00:00,2871.4075,22.30504609,0.98759412,0.98418216,0.00244062,1.703e-05,0.00029916
2025-04-13 05:00:00+00:00,2966.92,22.48657171,0.98692467,0.98373558,0.00227337,1.567e-05,0.00027477
2025-04-13 06:00:00+00:00,3137.67,21.66424036,0.98158242,0.979489,0.00137031,1.2e-05,0.00022031
2025-04-13 07:00:00+00:00,3314.875,21.84421275,0.978216,0.9762458,0.00132887,1.073e-05,0.00018437
2025-04-13 08:00:00+00:00,3346.905,22.06802855,0.97527842,0.97335416,0.00135689,8.86e-06,0.00013263
2025-04-13 09:00:00+00:00,3308.145,21.83092433,0.97251254,0.97165304,0.00057917,2.47e-06,4.286e-05
2025-04-13 10:00:00+00:00,3245.3275,21.7909791,0.97264068,0.97181673,0.00061913,9.6e-07,1.558e-05
2025-04-13 11:00:00+00:00,3174.2875,21.64447806,0.97328921,0.97248929,0.00058301,1.28e-06,2.158e-05
2025-04-13 12:00:00+00:00,3171.975,21.12312723,0.97351585,0.97269488,0.00056033,2.25e-06,4.011e-05
2025-04-13 13:00:00+00:00,3194.3875,20.95503714,0.97698181,0.97529747,0.00096081,1.085e-05,0.00019485
2025-04-13 14:00:00+00:00,3241.325,21.02620823,0.98120692,0.97893791,0.00137499,1.418e-05,0.00024325
2025-04-13 15:00:00+00:00,3310.115,21.19522754,0.98476866,0.98223461,0.00171042,1.293e-05,0.00021823
2025-04-13 16:00:00+00:00,3351.1875,23.0082354,0.99284769,0.98932049,0.00274477,1.221e-05,0.00020204
2025-04-13 17:00:00+00:00,3385.535,22.76386758,0.99275481,0.98934445,0.00264652,1.211e-05,0.00020234
2025-04-13 18:00:00+00:00,3418.4575,22.71988097,0.99322739,0.98982272,0.00268401,1.38e-05,0.00019749
2025-04-13 19:00:00+00:00,3385.65,21.59929549,0.98987639,0.98704505,0.00215544,4.967e-05,0.00017822
2025-04-13 20:00:00+00:00,3292.97,20.90052481,0.98762723,0.98503869,0.00188002,1.133e-05,0.00020215
2025-04-13 21:00:00+00:00,3180.56,20.27161589,0.9852583,0.98258818,0.00145832,0.00050215,0.00019825
2025-04-13 22:00:00+00:00,3081.16,19.95907627,0.98432704,0.98151561,0.0011625,0.00103046,0.000161
2025-04-13 23:00:00+00:00,2977.7,20.47663416,0.98551082,0.98241841,0.00148558,0.00086791,0.00020895
2025-04-14 00:00:00+00:00,2918.2175,20.64997847,0.98614311,0.98273554,0.00156351,0.00107744,0.00022127
2025-04-14 01:00:00+00:00,2878.42,20.70985638,0.98629572,0.98298527,0.00160239,0.00084087,0.00025816
2025-04-14 02:00:00+00:00,2909.335,20.71888917,0.9862506,0.98305689,0.00165792,0.00074919,0.0002257
2025-04-14 03:00:00+00:00,3013.8325,20.87593087,0.98664965,0.98361824,0.00174611,0.00057507,0.00021093
2025-04-14 04:00:00+00:00,3233.3125,22.13550267,0.99126672,0.98804295,0.00257516,1.015e-05,0.00017797
2025-04-14 05:00:00+00:00,3500.745,23.17496913,0.99494157,0.98249602,0.0122057,2.55e-06,4.765e-05
2025-04-14 06:00:00+00:00,3621.14,23.30748869,0.99571026,0.98196522,0.01352974,2.01e-06,3.792e-05
2025-04-14 07:00:00+00:00,3597.5325,23.53918326,0.99621866,0.98282155,0.01295962,6.53e-06,0.00011387
2025-04-14 08:00:00+00:00,3547.2875,23.60800024,0.99529464,0.99166532,0.00314454,4.5e-05,0.00010836
2025-04-14 09:00:00+00:00,3471.0125,23.01846105,0.99062913,0.98717714,0.00249017,0.00042803,0.00015343
2025-04-14 10:00:00+00:00,3420.9775,22.38159101,0.98617654,0.98263558,0.00210221,0.00066264,0.00020707
2025-04-14 11:00:00+00:00,3370.08,22.51238345,0.98670076,0.98274599,0.00223033,0.00094181,0.00023369
2025-04-14 12:00:00+00:00,3340.13,22.42765664,0.98662583,0.98261568,0.00212337,0.00118667,0.00014013
2025-04-14 13:00:00+00:00,3332.02,22.5438133,0.99089832,0.98742257,0.00225609,0.00052652,0.00017547
2025-04-14 14:00:00+00:00,3345.105,23.08418318,0.99463643,0.99118686,0.00263463,1.364e-05,0.00021337
2025-04-14 15:00:00+00:00,3363.07,23.87242244,0.99863202,0.99434084,0.00356995,1.146e-05,0.00018153
2025-04-14 16:00:00+00:00,3397.125,23.86024429,0.99877068,0.99248952,0.00579902,7.74e-06,0.00010701
2025-04-14 17:00:00+00:00,3452.8125,23.99995891,0.99882144,0.99118887,0.00695134,9.14e-06,6.538e-05
2025-04-14 18:00:00+00:00,3548.585,24.08353235,0.99891441,0.99072929,0.00727388,9.39e-06,6.356e-05
2025-04-14 19:00:00+00:00,3579.6775,23.99528949,0.99889118,0.99041088,0.00742943,1.124e-05,8.179e-05
2025-04-14 20:00:00+00:00,3481.725,24.07433569,0.99887559,0.9910773,0.00666708,1.233e-05,8.463e-05
2025-04-14 21:00:00+00:00,3328.62,24.19304016,0.99866237,0.9906257,0.00676313,1.079e-05,7.795e-05
2025-04-14 22:00:00+00:00,3177.295,24.16433026,0.99842429,0.99143621,0.00595901,8.7e-06,5.972e-05
2025-04-14 23:00:00+00:00,3070.2175,24.19446473,0.9984112,0.99144692,0.00602806,5.32e-06,3.987e-05
2025-04-15 00:00:00+00:00,3008.3875,24.10190747,0.9983635,0.99155058,0.00594887,4.76e-06,3.863e-05
2025-04-15 01:00:00+00:00,2958.595,24.13132637,0.99757395,0.9906732,0.00590836,9.17e-06,7.886e-05
2025-04-15 02:00:00+00:00,2985.155,24.20681033,0.99669036,0.98986208,0.00573232,1.294e-05,0.00010668
2025-04-15 03:00:00+00:00,3097.6475,24.38204573,0.99588374,0.98875118,0.0056846,2.511e-05,0.00021106
2025-04-15 04:00:00+00:00,3315.26,24.33965655,0.99578133,0.98878035,0.00590385,1.34e-05,0.00011192
2025-04-15 05:00:00+00:00,3597.8,24.27966014,0.9963629,0.98889405,0.00669828,0.0,0.0
2025-04-15 06:00:00+00:00,3754.26,23.83646066,0.99212549,0.98590753,0.00502759,5.01e-05,0.00016302
2025-04-15 07:00:00+00:00,3785.635,23.4685756,0.9880291,0.98253643,0.00424336,0.00010603,0.00013756
2025-04-15 08:00:00+00:00,3730.3525,23.07302297,0.98152373,0.97796759,0.00199804,0.00026012,0.00012979
2025-04-15 09:00:00+00:00,3655.215,22.69199085,0.97612191,0.97319117,0.00128854,0.00038649,0.00013716
2025-04-15 10:00:00+00:00,3571.475,22.49969447,0.97711267,0.97467569,0.00134676,0.00012898,0.00013468
2025-04-15 11:00:00+00:00,3527.2175,22.27205969,0.97577562,0.9735445,0.0013108,3.194e-05,0.00013439
2025-04-15 12:00:00+00:00,3497.31,22.02551115,0.97643727,0.9744615,0.00113694,1.934e-05,0.00010145
2025-04-15 13:00:00+00:00,3448.84,22.20073344,0.98084168,0.97837462,0.00154282,2.072e-05,0.00015561
2025-04-15 14:00:00+00:00,3449.5075,22.13358235,0.98283214,0.98011957,0.00173084,2.199e-05,0.00015986
2025-04-15 15:00:00+00:00,3410.175,22.77748761,0.98805061,0.98465896,0.0022328,2.583e-05,0.00017015
2025-04-15 16:00:00+00:00,3433.605,22.6543616,0.98904554,0.98549616,0.00231156,2.717e-05,0.00018306
2025-04-15 17:00:00+00:00,3453.06,22.86687094,0.99094724,0.9871765,0.00250575,3.253e-05,0.00018394
2025-04-15 18:00:00+00:00,3488.2275,22.07301415,0.98908999,0.9856398,0.00227498,3.146e-05,0.00017716
2025-04-15 19:00:00+00:00,3491.04,22.04816811,0.99000946,0.98628025,0.00239075,3.609e-05,0.00022076
2025-04-15 20:00:00+00:00,3394.1025,21.65292915,0.98885246,0.9854415,0.00203966,3.514e-05,0.00024216
2025-04-15 21:00:00+00:00,3274.1875,21.39960837,0.98807152,0.98486366,0.00195686,3.327e-05,0.00023088
2025-04-15 22:00:00+00:00,3147.4125,20.66099022,0.98737037,0.98492135,0.00146642,2.64e-05,0.00018699
2025-04-15 23:00:00+00:00,3056.2975,20.5725106,0.98753145,0.98524812,0.00130811,2.375e-05,0.00017293
2025-04-16 00:00:00+00:00,2979.78,20.76058517,0.98790685,0.98566365,0.00127192,2.365e-05,0.00017645
2025-04-16 01:00:00+00:00,2907.6775,20.96372902,0.98780979,0.98544752,0.00135788,2.457e-05,0.00019985
2025-04-16 02:00:00+00:00,2873.8425,21.18439263,0.98785928,0.98496791,0.0017639,2.666e-05,0.00020027
2025-04-16 03:00:00+00:00,2920.34,21.98787504,0.99030921,0.98692425,0.00220661,2.325e-05,0.00019346
2025-04-16 04:00:00+00:00,3109.01,23.473069,0.99502872,0.99074586,0.00305402,1.871e-05,0.00015393
2025-04-16 05:00:00+00:00,3318.78,23.57896584,0.99585762,0.99156099,0.0031744,1.6e-05,0.0001243
2025-04-16 06:00:00+00:00,3492.1975,23.65506939,0.9979764,0.99347002,0.00321797,2.569e-05,0.00020776
2025-04-16 07:00:00+00:00,3630.3775,23.72241295,0.99801574,0.99346171,0.00305812,3.037e-05,0.00036547
2025-04-16 08:00:00+00:00,3714.51,23.75963686,0.99826634,0.99361959,0.0029627,3.726e-05,0.00025189
2025-04-16 09:00:00+00:00,3775.49,23.29709736,0.9949739,0.99086564,0.00259367,3.56e-05,0.00025216
2025-04-16 10:00:00+00:00,3796.17,22.39050676,0.98850288,0.98497264,0.00212618,3.185e-05,0.00022898
2025-04-16 11:00:00+00:00,3801.37,22.09844777,0.9870241,0.98396277,0.00170373,3.203e-05,0.00023898
2025-04-16 12:00:00+00:00,3752.6525,22.21563683,0.98891375,0.98563061,0.00198908,2.708e-05,0.00019333
2025-04-16 13:00:00+00:00,3714.4625,23.82920408,0.99852065,0.9939074,0.00306778,3.182e-05,0.00021726
2025-04-16 14:00:00+00:00,3716.43,23.8533977,0.9986046,0.99404706,0.00321652,2.76e-05,0.00019575
2025-04-16 15:00:00+00:00,3702.2425,23.81485821,0.99851,0.99202314,0.00550094,8e-06,5.653e-05
2025-04-16 16:00:00+00:00,3665.91,23.79700464,0.9988432,0.98804345,0.00961514,1.407e-05,8.912e-05
2025-04-16 17:00:00+00:00,3618.1525,23.90905516,0.99866921,0.9861284,0.01128901,1.363e-05,9.043e-05
2025-04-16 18:00:00+00:00,3565.105,24.03646756,0.99827921,0.9865065,0.01040248,1.709e-05,0.00011257
2025-04-16 19:00:00+00:00,3449.125,24.21668981,0.99768709,0.99310955,0.00331307,2.372e-05,0.00015739
2025-04-16 20:00:00+00:00,3307.02,24.29772276,0.99665104,0.99203013,0.00336407,2.217e-05,0.00015204
2025-04-16 21:00:00+00:00,3164.3525,24.41524827,0.99614473,0.99120156,0.00345259,3.056e-05,0.00021944
2025-04-16 22:00:00+00:00,3024.935,24.65537505,0.99585357,0.9903643,0.00350977,5.115e-05,0.0003369
2025-04-16 23:00:00+00:00,2891.9875,24.63699634,0.99566739,0.99025245,0.00342525,5.028e-05,0.00035971
2025-04-17 00:00:00+00:00,2788.8675,24.69463912,0.99541047,0.9899699,0.00341965,5.054e-05,0.00036332
2025-04-17 01:00:00+00:00,2758.35,24.6914454,0.99534095,0.99010046,0.00331821,4.773e-05,0.00032025
2025-04-17 02:00:00+00:00,2713.815,24.5879424,0.99533319,0.99024835,0.00330223,4.086e-05,0.00027752
2025-04-17 03:00:00+00:00,2754.8325,24.44292388,0.99563209,0.99087787,0.00326534,3.154e-05,0.00020147
2025-04-17 04:00:00+00:00,2801.9975,24.39533395,0.9957163,0.99115633,0.00330887,2.34e-05,0.00014162
2025-04-17 05:00:00+00:00,2913.1375,24.43679122,0.99581033,0.99112368,0.00333895,2.895e-05,0.00016077
2025-04-17 06:00:00+00:00,3030.0775,24.38506748,0.99571741,0.99095181,0.00336087,3.273e-05,0.00020839
2025-04-17 07:00:00+00:00,3154.57,24.36623624,0.99574859,0.98995439,0.00453889,2.119e-05,0.00022318
2025-04-17 08:00:00+00:00,3252.4725,24.4809306,0.99560127,0.990994,0.00308781,4.192e-05,0.00044491
2025-04-17 09:00:00+00:00,3309.8475,23.78373459,0.99053832,0.9868599,0.00235799,3.543e-05,0.00042873
2025-04-17 10:00:00+00:00,3324.645,23.25347866,0.98660264,0.98347521,0.00201874,2.781e-05,0.00018238
2025-04-17 11:00:00+00:00,3294.6225,23.30009393,0.98688189,0.98368721,0.00201048,3.036e-05,0.00019994
2025-04-17 12:00:00+00:00,3265.3775,23.33284104,0.98746409,0.98409558,0.00219128,2.871e-05,0.00017614
2025-04-17 13:00:00+00:00,3248.1825,23.59717065,0.99116109,0.98731805,0.00265009,2.537e-05,0.00016812
2025-04-17 14:00:00+00:00,3272.945,24.04647375,0.99494003,0.99069486,0.00297734,2.591e-05,0.00017647
2025-04-17 15:00:00+00:00,3214.2775,24.08342999,0.99589793,0.99158961,0.00311137,2.265e-05,0.00014866
2025-04-17 16:00:00+00:00,3199.5775,24.0368135,0.99585537,0.99130409,0.00318026,3.02e-05,0.00019677
2025-04-17 17:00:00+00:00,3207.0925,23.98110421,0.99600503,0.9913776,0.00314734,3.451e-05,0.00021525
2025-04-17 18:00:00+00:00,3196.5075,23.78827194,0.99616236,0.99164225,0.00314113,2.933e-05,0.00020867
2025-04-17 19:00:00+00:00,3158.425,23.77186909,0.99609259,0.99160758,0.00313294,2.692e-05,0.00019703
2025-04-17 20:00:00+00:00,3085.165,24.04059739,0.99585743,0.9910846,0.00316136,3.577e-05,0.00027314
2025-04-17 21:00:00+00:00,3032.21,24.19973729,0.99472745,0.98986261,0.00307608,4.36e-05,0.00033191
2025-04-17 22:00:00+00:00,2968.2675,23.69420024,0.99369289,0.98913708,0.00282826,4.141e-05,0.00032669
2025-04-17 23:00:00+00:00,2851.0,24.26065434,0.99471525,0.98945184,0.00296899,4.115e-05,0.000281
2025-04-18 00:00:00+00:00,2787.925,24.1296626,0.99452445,0.98964235,0.00299503,4.398e-05,0.00035396
2025-04-18 01:00:00+00:00,2760.2,24.22524177,0.99404911,0.98893481,0.00305572,4.46e-05,0.00031989
2025-04-18 02:00:00+00:00,2740.185,24.40823915,0.99418785,0.98882152,0.00320271,4.363e-05,0.00033306
2025-04-18 03:00:00+00:00,2794.835,24.77783871,0.9948777,0.98941307,0.00326914,5.021e-05,0.00043075
2025-04-18 04:00:00+00:00,2858.835,24.87520314,0.99502811,0.989657,0.00325377,4.639e-05,0.0003942
2025-04-18 05:00:00+00:00,2941.5325,24.75391973,0.99547216,0.99035424,0.00328866,4.17e-05,0.00034012
2025-04-18 06:00:00+00:00,2995.7175,24.65872846,0.99557345,0.9907285,0.00320779,3.314e-05,0.00027603
2025-04-18 07:00:00+00:00,3017.525,24.71433596,0.99547334,0.99054574,0.00318309,3.576e-05,0.00030477
2025-04-18 08:00:00+00:00,3014.45,24.46836413,0.99386694,0.98910451,0.0030419,3.899e-05,0.00032763
2025-04-18 09:00:00+00:00,2985.7625,23.9741167,0.98925555,0.98478374,0.00259236,4.216e-05,0.00032305
2025-04-18 10:00:00+00:00,2941.61,24.11520736,0.98992295,0.98548027,0.00258319,4.472e-05,0.00034482
2025-04-18 11:00:00+00:00,2903.195,24.01589421,0.9896318,0.98528363,0.00255897,4.999e-05,0.0003643
2025-04-18 12:00:00+00:00,2898.5725,23.90948447,0.98865449,0.98426955,0.00245454,5.036e-05,0.00036921
2025-04-18 13:00:00+00:00,2953.9975,23.96398411,0.98948818,0.98488332,0.00255159,5.046e-05,0.00037478
2025-04-18 14:00:00+00:00,3005.0075,24.58327346,0.99431661,0.98926039,0.00302994,4.76e-05,0.00036283
2025-04-18 15:00:00+00:00,2946.2125,24.6241189,0.99555197,0.99048617,0.00318503,4.3e-05,0.00031321
2025-04-18 16:00:00+00:00,2967.105,24.64585269,0.99556989,0.99032543,0.00327082,4.574e-05,0.00031242
2025-04-18 17:00:00+00:00,3002.365,24.58708228,0.99583413,0.99075988,0.00327771,3.86e-05,0.00025309
2025-04-18 18:00:00+00:00,3040.8625,24.53417032,0.99593018,0.99096483,0.00324835,3.906e-05,0.00025233
2025-04-18 19:00:00+00:00,3075.905,24.58993378,0.99613509,0.99119602,0.00318282,3.589e-05,0.00022785
2025-04-18 20:00:00+00:00,3025.305,24.44029118,0.99598047,0.99120112,0.00314716,4.134e-05,0.00027023
2025-04-18 21:00:00+00:00,2977.945,24.29630821,0.99576187,0.9909427,0.00311718,4.876e-05,0.0003173
2025-04-18 22:00:00+00:00,2824.3225,24.12132074,0.9955396,0.99077925,0.00310228,4.417e-05,0.00030464
2025-04-18 23:00:00+00:00,2709.375,23.8838369,0.99435391,0.9896424,0.00294482,4.75e-05,0.00032983
2025-04-19 00:00:00+00:00,2670.6775,23.74772267,0.9936167,0.98895728,0.00283621,4.807e-05,0.00035704
2025-04-19 01:00:00+00:00,2648.5075,23.72194752,0.99289699,0.98836067,0.00276883,4.553e-05,0.00032484
2025-04-19 02:00:00+00:00,2637.87,23.62110466,0.99205673,0.98732935,0.00276026,4.939e-05,0.00036983
2025-04-19 03:00:00+00:00,2662.4175,23.42486039,0.99167268,0.9870401,0.00273264,4.822e-05,0.00033201
2025-04-19 04:00:00+00:00,2697.5975,23.15914982,0.99116502,0.98668947,0.0026138,4.973e-05,0.00033476
2025-04-19 05:00:00+00:00,2808.9025,23.52774469,0.99288133,0.98830796,0.00282647,4.324e-05,0.00029754
2025-04-19 06:00:00+00:00,2959.635,23.75854405,0.99290157,0.98809484,0.00276099,4.409e-05,0.00028742
2025-04-19 07:00:00+00:00,3151.0375,23.89016587,0.99252266,0.98768354,0.00268902,4.287e-05,0.00029858
2025-04-19 08:00:00+00:00,3299.6,22.47564973,0.98683195,0.98329512,0.00178749,4.06e-05,0.00028588
2025-04-19 09:00:00+00:00,3314.9,22.2878376,0.98615048,0.98274137,0.00176417,3.65e-05,0.00026101
2025-04-19 10:00:00+00:00,3304.295,22.5545727,0.98694811,0.98312087,0.00200803,0.00011437,0.0002543
2025-04-19 11:00:00+00:00,3325.5875,23.02428173,0.98975499,0.98585674,0.00214166,3.143e-05,0.00023554
2025-04-19 12:00:00+00:00,3354.3875,22.68543282,0.98691773,0.9827612,0.00195952,0.00022169,0.00026999
2025-04-19 13:00:00+00:00,3390.66,22.14386975,0.98668734,0.98287016,0.0019106,4.665e-05,0.00014608
2025-04-19 14:00:00+00:00,3424.585,22.18286032,0.98743926,0.98354246,0.00189563,5.516e-05,0.00014217
2025-04-19 15:00:00+00:00,3405.0125,23.53030571,0.99221785,0.98727084,0.00262397,5.159e-05,0.00013015
2025-04-19 16:00:00+00:00,3410.345,24.18847741,0.99444672,0.98895833,0.00305431,4.975e-05,0.00012758
2025-04-19 17:00:00+00:00,3376.3375,23.93740293,0.99447003,0.98941748,0.0030353,4.393e-05,9.145e-05
2025-04-19 18:00:00+00:00,3340.0925,23.97386866,0.99470268,0.98955657,0.00305823,4.193e-05,9.216e-05
2025-04-19 19:00:00+00:00,3319.5125,23.5501261,0.99305331,0.98806953,0.00280881,3.842e-05,8.981e-05
2025-04-19 20:00:00+00:00,3240.8725,23.14863802,0.99180542,0.98704672,0.00263839,3.562e-05,0.00011048
2025-04-19 21:00:00+00:00,3138.95,22.80867998,0.99149144,0.98731097,0.00252575,3.324e-05,9.811e-05
2025-04-19 22:00:00+00:00,3064.1525,22.10237972,0.98999392,0.98654579,0.00201231,2.939e-05,0.00017023
2025-04-19 23:00:00+00:00,3023.7775,21.95549342,0.98951391,0.98620028,0.00176169,2.871e-05,0.0001732
2025-04-20 00:00:00+00:00,2969.5775,21.94717639,0.98967622,0.98634158,0.00178504,2.817e-05,0.00017256
2025-04-20 01:00:00+00:00,2920.7975,22.13200941,0.98959496,0.98607699,0.00193945,2.743e-05,0.00017747
2025-04-20 02:00:00+00:00,2898.9575,22.21577158,0.98969289,0.98612703,0.00196943,2.801e-05,0.00017662
2025-04-20 03:00:00+00:00,2866.63,22.52830163,0.99050901,0.98652429,0.00225312,3.129e-05,0.00020655
2025-04-20 04:00:00+00:00,2836.27,22.75025213,0.99133514,0.98701416,0.00241692,3.317e-05,0.00020836
2025-04-20 05:00:00+00:00,2931.6175,23.15806128,0.99217045,0.98756,0.00253605,3.38e-05,0.00018868
2025-04-20 06:00:00+00:00,3061.1525,23.33678622,0.99192628,0.98724817,0.00255013,3.845e-05,0.00024296
2025-04-20 07:00:00+00:00,3262.2925,22.25635398,0.98807573,0.98471009,0.00168637,3.405e-05,0.00022344
2025-04-20 08:00:00+00:00,3320.835,22.58698159,0.98810375,0.98395877,0.00216853,3.561e-05,0.00023338
2025-04-20 09:00:00+00:00,3365.535,23.29057481,0.98917041,0.9845035,0.002333,0.00023055,0.00019896
2025-04-20 10:00:00+00:00,3409.03,23.50013023,0.99088611,0.98633906,0.00243229,3.319e-05,0.00023055
2025-04-20 11:00:00+00:00,3436.9775,23.08431375,0.98764864,0.98315734,0.00208891,0.00029532,0.00024298
2025-04-20 12:00:00+00:00,3486.0175,23.00147515,0.9857512,0.98110965,0.00183505,0.00055752,0.00028155
2025-04-20 13:00:00+00:00,3546.585,22.52152424,0.98572333,0.98167799,0.00167132,0.00042094,0.00025688
2025-04-20 14:00:00+00:00,3584.9975,22.36812711,0.98706606,0.98381413,0.00163509,3.133e-05,0.00026607
2025-04-20 15:00:00+00:00,3564.7,24.67559057,0.99669056,0.99129337,0.00318784,2.769e-05,0.00023626
2025-04-20 16:00:00+00:00,3580.72,24.70467513,0.99683368,0.99142982,0.00323888,2.441e-05,0.0001866
2025-04-20 17:00:00+00:00,3575.45,24.71570734,0.99685043,0.99145087,0.00324162,1.865e-05,0.000148
2025-04-20 18:00:00+00:00,3590.045,24.62166427,0.99676383,0.99148889,0.00324461,2.113e-05,0.00017353
2025-04-20 19:00:00+00:00,3604.2,24.69840797,0.99673932,0.99131275,0.00323501,2.267e-05,0.00019232
2025-04-20 20:00:00+00:00,3515.565,24.52343886,0.99665527,0.99168773,0.00323196,2.644e-05,0.00021811
2025-04-20 21:00:00+00:00,3410.585,24.68935208,0.99647989,0.99120696,0.00324187,2.603e-05,0.0002224
2025-04-20 22:00:00+00:00,3287.12,24.82725143,0.99643836,0.99088291,0.00322362,3.86e-05,0.00033951
2025-04-20 23:00:00+00:00,3135.25,24.93189939,0.99615664,0.9903441,0.003264,3.647e-05,0.00031567
2025-04-21 00:00:00+00:00,3065.8725,24.93017763,0.99600338,0.99006804,0.00328607,3.896e-05,0.00034096
2025-04-21 01:00:00+00:00,3048.5175,24.91524291,0.99556999,0.98953384,0.00328173,4.072e-05,0.00035075
2025-04-21 02:00:00+00:00,3024.1875,24.91476019,0.99577669,0.98973222,0.00326759,4.367e-05,0.00037955
2025-04-21 03:00:00+00:00,3055.205,24.79213252,0.99571542,0.98986753,0.00325751,3.784e-05,0.00032991
2025-04-21 04:00:00+00:00,3106.675,24.80127626,0.99581367,0.99011465,0.00325388,3.633e-05,0.00029244
2025-04-21 05:00:00+00:00,3188.8,24.90340716,0.99591589,0.99007151,0.00325618,4.297e-05,0.00031029
2025-04-21 06:00:00+00:00,3243.4125,24.72091929,0.99496952,0.98938887,0.00314875,4.562e-05,0.00034228
2025-04-21 07:00:00+00:00,3318.71,24.22611247,0.99221125,0.98672935,0.00319589,4.591e-05,0.00034878
2025-04-21 08:00:00+00:00,3390.98,23.92649044,0.99085148,0.98581091,0.00294868,4.466e-05,0.00035116
2025-04-21 09:00:00+00:00,3412.94,23.23615193,0.98754877,0.98347253,0.0023608,3.765e-05,0.00030726
2025-04-21 10:00:00+00:00,3412.4,23.49816613,0.98505493,0.98020239,0.00213207,0.00067685,0.00030217
2025-04-21 11:00:00+00:00,3392.1475,23.34884924,0.9844698,0.97986791,0.00203107,0.00062465,0.00032615
2025-04-21 12:00:00+00:00,3387.6875,23.10792062,0.98350544,0.97906958,0.0019658,0.00057455,0.0003101
2025-04-21 13:00:00+00:00,3454.335,22.93913058,0.98567484,0.98197176,0.00203361,3.777e-05,0.00026948
2025-04-21 14:00:00+00:00,3554.92,23.88251559,0.99133639,0.98670585,0.00273111,3.93e-05,0.00028084
2025-04-21 15:00:00+00:00,3561.4825,24.68787313,0.99670375,0.98761482,0.00740386,1.788e-05,0.00011596
2025-04-21 16:00:00+00:00,3603.85,24.72199773,0.9967069,0.97957356,0.01529692,1.995e-05,0.00013006
2025-04-21 17:00:00+00:00,3628.4225,24.58999997,0.99676726,0.98798706,0.0071323,2.041e-05,0.00013677
2025-04-21 18:00:00+00:00,3659.875,24.49378421,0.996815,0.99182097,0.00333269,2.098e-05,0.0001336
2025-04-21 19:00:00+00:00,3658.1075,24.20591077,0.99686181,0.99243708,0.00325442,1.749e-05,0.00011386
2025-04-21 20:00:00+00:00,3600.055,24.2960081,0.99670246,0.99196365,0.00337706,2.551e-05,0.00018002
2025-04-21 21:00:00+00:00,3421.55,24.22001556,0.99581103,0.99086702,0.00329333,2.897e-05,0.0002145
2025-04-21 22:00:00+00:00,3223.52,24.52395813,0.99599055,0.99022873,0.00352332,3.378e-05,0.0002529
2025-04-21 23:00:00+00:00,3097.4225,24.09472195,0.99420338,0.98848511,0.00363457,3.956e-05,0.0002899
2025-04-22 00:00:00+00:00,3041.1175,24.32189575,0.99424027,0.98839952,0.00356323,3.718e-05,0.00028581
2025-04-22 01:00:00+00:00,3003.8775,24.3932498,0.99404556,0.98833534,0.00361751,3.799e-05,0.00020343
2025-04-22 02:00:00+00:00,3027.595,24.23972627,0.9941647,0.98897648,0.00347587,3.592e-05,0.00022004
2025-04-22 03:00:00+00:00,3151.985,24.79881793,0.99636928,0.99078423,0.00357465,2.232e-05,0.00011609
2025-04-22 04:00:00+00:00,3536.015,24.70623584,0.99668027,0.97716092,0.0177478,1.16e-05,6.649e-05
2025-04-22 05:00:00+00:00,3964.225,24.69881971,0.9973608,0.9753679,0.0202765,1.161e-05,5.669e-05
2025-04-22 06:00:00+00:00,4139.09,24.70242678,0.99726344,0.9831902,0.01231065,2.424e-05,0.00012077
2025-04-22 07:00:00+00:00,4135.5,24.11285575,0.98924847,0.98211675,0.0050429,0.00033308,0.00033923
2025-04-22 08:00:00+00:00,4156.835,23.9536426,0.99082993,0.98609318,0.00334198,0.00011292,0.00027983
2025-04-22 09:00:00+00:00,4152.37,24.42802816,0.99468138,0.98865811,0.00451737,2.549e-05,0.00015125
2025-04-22 10:00:00+00:00,4126.29,24.35977285,0.99364087,0.98773421,0.00437531,2.989e-05,0.00015593
2025-04-22 11:00:00+00:00,4103.335,24.75252665,0.99733087,0.97514391,0.02054542,2.731e-05,0.00015776
2025-04-22 12:00:00+00:00,4046.5975,24.63630628,0.99735394,0.96957023,0.02640121,2.377e-05,0.00013775
2025-04-22 13:00:00+00:00,4059.48,24.68881721,0.9974298,0.96673457,0.02921546,1.859e-05,0.00011633
2025-04-22 14:00:00+00:00,4128.295,24.72725507,0.99740124,0.96744986,0.02834821,2.564e-05,0.00016643
2025-04-22 15:00:00+00:00,4063.675,24.75426868,0.99766087,0.97584623,0.02017452,9.65e-06,5.475e-05
2025-04-22 16:00:00+00:00,4017.1925,24.71494533,0.99773308,0.98036703,0.01578765,1.031e-05,6.075e-05
2025-04-22 17:00:00+00:00,3948.8025,24.61639353,0.9977457,0.97447604,0.02188106,1.338e-05,7.581e-05
2025-04-22 18:00:00+00:00,3929.705,24.16060882,0.99530576,0.98630878,0.00798247,3.185e-05,0.00016777
2025-04-22 19:00:00+00:00,3915.9875,24.3458018,0.99598991,0.98760994,0.00706971,2.64e-05,0.00019986
2025-04-22 20:00:00+00:00,3773.96,24.54316032,0.99696346,0.98163664,0.01404033,2.15e-05,0.00014306
2025-04-22 21:00:00+00:00,3558.33,24.76370239,0.99688504,0.97977386,0.01543726,1.037e-05,6.067e-05
2025-04-22 22:00:00+00:00,3364.7925,24.50506096,0.99633356,0.99117637,0.00387911,3.45e-05,0.00021865
2025-04-22 23:00:00+00:00,3257.3875,24.51619855,0.99649731,0.98174751,0.01344543,2.759e-05,0.00016763
2025-04-23 00:00:00+00:00,3173.6675,24.42715672,0.99516985,0.97999254,0.01386328,2.341e-05,0.00013612
2025-04-23 01:00:00+00:00,3155.625,24.26549929,0.99531885,0.98059891,0.01366784,1.879e-05,0.00011598
2025-04-23 02:00:00+00:00,3137.8675,24.07311543,0.9949273,0.98054283,0.0133549,2.231e-05,0.00012858
2025-04-23 03:00:00+00:00,3233.7975,24.08333644,0.99737906,0.9876377,0.00876801,8.66e-06,5.067e-05
2025-04-23 04:00:00+00:00,3579.43,24.08667871,0.9970632,0.99084938,0.00516267,3.89e-06,2.587e-05
2025-04-23 05:00:00+00:00,3960.4825,24.00158378,0.99744889,0.97365958,0.02272177,1.124e-05,7.793e-05
2025-04-23 06:00:00+00:00,3977.48,24.08614583,0.99726056,0.98358664,0.01250275,7.43e-06,6.076e-05
2025-04-23 07:00:00+00:00,3878.4325,23.75831067,0.99472647,0.99008715,0.00351885,9.23e-06,8.566e-05
2025-04-23 08:00:00+00:00,3778.0775,24.07992546,0.99708725,0.99221451,0.00362992,1.014e-05,0.00014604
2025-04-23 09:00:00+00:00,3687.21,24.07249287,0.9968225,0.99198761,0.00390073,8.5e-06,0.0002038
2025-04-23 10:00:00+00:00,3626.15,23.88320877,0.99472818,0.99018774,0.00353201,9.49e-06,0.00023835
2025-04-23 11:00:00+00:00,3550.7175,24.21048722,0.99677916,0.99174506,0.00393265,6.54e-06,0.00018628
2025-04-23 12:00:00+00:00,3528.35,24.22874011,0.9964086,0.99133779,0.00395212,4.75e-06,0.00012903
2025-04-23 13:00:00+00:00,3571.9875,24.35026735,0.99586363,0.99099416,0.00348044,5.51e-06,0.0002296
2025-04-23 14:00:00+00:00,3610.4475,24.28410999,0.99606491,0.98927906,0.00553341,7.26e-06,0.00027063
2025-04-23 15:00:00+00:00,3616.8475,24.30291295,0.9965072,0.97761297,0.01773006,5.53e-06,0.00019639
2025-04-23 16:00:00+00:00,3587.7675,24.30929445,0.99671026,0.97613066,0.01951956,4.08e-06,9.944e-05
2025-04-23 17:00:00+00:00,3643.4975,24.23761413,0.99672668,0.97738136,0.01845037,3.82e-06,0.00011572
2025-04-23 18:00:00+00:00,3686.84,23.43429964,0.99180216,0.98838009,0.00267741,1.438e-05,0.00033138
2025-04-23 19:00:00+00:00,3759.3025,23.03009176,0.98747485,0.98405982,0.00212684,0.00024315,0.00043886
2025-04-23 20:00:00+00:00,3639.6325,23.16318151,0.99033227,0.98723965,0.00229863,1.682e-05,0.00042567
2025-04-23 21:00:00+00:00,3435.1975,23.67082776,0.99149121,0.98781462,0.00235076,2.096e-05,0.00037629
2025-04-23 22:00:00+00:00,3275.795,24.33543074,0.9951463,0.99076514,0.00277736,2.421e-05,0.00028131
2025-04-23 23:00:00+00:00,3107.125,24.29843212,0.99465397,0.99032676,0.00278391,2.681e-05,0.00030342
2025-04-24 00:00:00+00:00,3047.3775,23.99746664,0.99329121,0.98555549,0.00644963,3.309e-05,0.00029067
2025-04-24 01:00:00+00:00,3039.5,23.97569527,0.99306638,0.98396133,0.00785013,3.675e-05,0.00029475
2025-04-24 02:00:00+00:00,3059.99,23.7566747,0.99233684,0.98642073,0.0048073,3.196e-05,0.0002922
2025-04-24 03:00:00+00:00,3194.8525,24.16286006,0.99477843,0.99075875,0.00271681,2.953e-05,0.00028452
2025-04-24 04:00:00+00:00,3541.9575,24.30501992,0.99591059,0.98485832,0.00988411,2.247e-05,0.00017379
2025-04-24 05:00:00+00:00,3966.745,24.45137938,0.99650778,0.97734469,0.01788776,2.646e-05,0.00015035
2025-04-24 06:00:00+00:00,4082.4,24.40646229,0.9965619,0.97755837,0.01782262,3.128e-05,0.00014171
2025-04-24 07:00:00+00:00,4047.0625,24.42378611,0.99788287,0.98004448,0.01680611,2.821e-05,0.00018795
2025-04-24 08:00:00+00:00,3963.3475,24.39710215,0.99706471,0.98009538,0.01594364,3.323e-05,0.00024299
2025-04-24 09:00:00+00:00,3887.2325,24.32355348,0.99418853,0.98717653,0.00582626,5.531e-05,0.0002486
2025-04-24 10:00:00+00:00,3802.295,24.42487671,0.99602367,0.98856734,0.00624286,4.787e-05,0.0002322
2025-04-24 11:00:00+00:00,3723.7075,24.34725026,0.99598986,0.99084765,0.00394042,4.265e-05,0.00021584
2025-04-24 12:00:00+00:00,3660.7025,24.23033119,0.9953735,0.99045226,0.0036981,4.609e-05,0.00016601
2025-04-24 13:00:00+00:00,3683.28,23.91820148,0.99317686,0.98879736,0.0031302,4.408e-05,0.00015081
2025-04-24 14:00:00+00:00,3743.875,24.03429487,0.99533696,0.99086143,0.0031668,3.941e-05,0.00013669
2025-04-24 15:00:00+00:00,3744.575,23.90959583,0.99629698,0.99115328,0.00398081,3.562e-05,0.00013741
2025-04-24 16:00:00+00:00,3775.11,23.78769914,0.99651986,0.99207952,0.00339988,3.987e-05,0.00015305
2025-04-24 17:00:00+00:00,3778.1275,23.67772826,0.99713844,0.99271021,0.00353493,2.421e-05,8.376e-05
2025-04-24 18:00:00+00:00,3823.3825,23.70154287,0.99697756,0.98955244,0.0064458,1.536e-05,5.758e-05
2025-04-24 19:00:00+00:00,3884.265,23.68622215,0.99699834,0.99030509,0.0056686,2.792e-05,9.264e-05
2025-04-24 20:00:00+00:00,3823.8375,23.55485163,0.99716522,0.99184042,0.00425795,2.622e-05,8.9e-05
2025-04-24 21:00:00+00:00,3662.0125,23.42229922,0.99644348,0.992347,0.00298552,3.254e-05,0.00015923
2025-04-24 22:00:00+00:00,3481.5275,23.04548095,0.99463684,0.98497284,0.00868883,3.688e-05,0.00019629
2025-04-24 23:00:00+00:00,3377.81,22.68459254,0.9919654,0.98656361,0.00440606,4.487e-05,0.00022001
2025-04-25 00:00:00+00:00,3339.2425,22.77465218,0.99130824,0.97889236,0.0113576,4.048e-05,0.00021175
2025-04-25 01:00:00+00:00,3340.0025,22.83071585,0.99132674,0.98082304,0.00950343,3.929e-05,0.00021255
2025-04-25 02:00:00+00:00,3400.7625,22.91004424,0.99159167,0.97929802,0.01131965,3.605e-05,0.0001921
2025-04-25 03:00:00+00:00,3498.6975,23.29693041,0.99334036,0.97969419,0.01256134,3.143e-05,0.00015776
2025-04-25 04:00:00+00:00,3871.1725,23.84341851,0.99634211,0.97933332,0.015788,1.696e-05,8.851e-05
2025-04-25 05:00:00+00:00,4251.7,23.98207524,0.99577108,0.97938932,0.01518663,3.269e-05,0.0001415
2025-04-25 06:00:00+00:00,4235.3125,24.32895504,0.99697579,0.9690493,0.02664054,2.953e-05,0.00013276
2025-04-25 07:00:00+00:00,4080.0625,24.47748928,0.99606243,0.97799616,0.01664856,3.556e-05,0.00016477
2025-04-25 08:00:00+00:00,3919.4425,24.34960525,0.99320058,0.97837029,0.01350144,3.724e-05,0.00020295
2025-04-25 09:00:00+00:00,3827.4475,24.06429855,0.98836701,0.98350581,0.00353175,4.465e-05,0.00018745
2025-04-25 10:00:00+00:00,3772.96,23.43674747,0.98067922,0.97531746,0.00434605,4.456e-05,0.0002422
2025-04-25 11:00:00+00:00,3676.7175,23.42298375,0.98166588,0.97745948,0.00313565,4.421e-05,0.00024942
2025-04-25 12:00:00+00:00,3623.6625,23.12167405,0.97922623,0.97551388,0.00276554,4.704e-05,0.0002772
2025-04-25 13:00:00+00:00,3577.6225,23.3005121,0.98299579,0.97910624,0.00295009,4.218e-05,0.0002617
2025-04-25 14:00:00+00:00,3572.78,23.97457531,0.99025363,0.9816502,0.00735215,4.362e-05,0.00026749
2025-04-25 15:00:00+00:00,3561.5625,24.40971419,0.99599792,0.99029078,0.00468155,3.738e-05,0.00024638
2025-04-25 16:00:00+00:00,3587.7525,24.3906831,0.99642349,0.9786028,0.01685928,2.658e-05,0.00014526
2025-04-25 17:00:00+00:00,3616.0725,24.43522057,0.99669705,0.97374758,0.02187611,2.75e-05,0.00016505
2025-04-25 18:00:00+00:00,3628.3725,24.54054823,0.99678268,0.9665762,0.02897414,1.764e-05,0.00010451
2025-04-25 19:00:00+00:00,3689.5575,24.48094177,0.99666449,0.97184068,0.02360522,1.931e-05,0.00011607
2025-04-25 20:00:00+00:00,3636.97,24.29799228,0.99660865,0.98666638,0.0087628,2.505e-05,0.00015583
2025-04-25 21:00:00+00:00,3538.915,24.19277077,0.99632283,0.99155716,0.00358528,2.28e-05,0.00016193
2025-04-25 22:00:00+00:00,3427.7325,24.08161833,0.99532466,0.99005421,0.00409427,4.237e-05,0.00029988
2025-04-25 23:00:00+00:00,3327.4025,23.94099453,0.99376622,0.98841428,0.00404461,4.633e-05,0.0003615
2025-04-26 00:00:00+00:00,3271.9,23.75006724,0.99258961,0.98748495,0.00394289,4.512e-05,0.0003319
2025-04-26 01:00:00+00:00,3235.195,23.77892948,0.99232084,0.98786001,0.00337052,3.953e-05,0.00028194
2025-04-26 02:00:00+00:00,3250.0525,24.05023768,0.99457433,0.98989233,0.00355059,3.855e-05,0.00030624
2025-04-26 03:00:00+00:00,3291.2425,24.00891494,0.99408846,0.98874238,0.004187,4.754e-05,0.00038237
2025-04-26 04:00:00+00:00,3346.745,23.99440347,0.99293258,0.98750051,0.00416593,4.638e-05,0.00039252
2025-04-26 05:00:00+00:00,3351.3675,23.7388753,0.99012551,0.98502375,0.00385072,4.401e-05,0.00032919
2025-04-26 06:00:00+00:00,3386.1725,23.49546035,0.98611773,0.98142355,0.00356536,4.487e-05,0.00034301
2025-04-26 07:00:00+00:00,3453.7175,23.46566899,0.9852739,0.9808197,0.00345308,4.545e-05,0.00035045
2025-04-26 08:00:00+00:00,3445.3575,23.44835945,0.98352874,0.97961049,0.00303605,4.484e-05,0.00037313
2025-04-26 09:00:00+00:00,3377.6825,23.19114537,0.97885701,0.97618777,0.00199708,9.209e-05,0.00020356
2025-04-26 10:00:00+00:00,3290.4275,23.82164503,0.97586596,0.97221709,0.00158092,0.00087947,0.00015322
2025-04-26 11:00:00+00:00,3236.745,23.3647453,0.97627318,0.97339871,0.00168913,0.0003543,0.00010295
2025-04-26 12:00:00+00:00,3162.84,22.88479786,0.97631247,0.97428158,0.00150523,3.047e-05,9.835e-05
2025-04-26 13:00:00+00:00,3124.0825,22.74966776,0.97779569,0.97594477,0.00135979,3.055e-05,9.007e-05
2025-04-26 14:00:00+00:00,3114.3275,22.86305203,0.98050778,0.97740253,0.00235227,4.192e-05,0.00029732
2025-04-26 15:00:00+00:00,3157.95,23.20314836,0.98392334,0.97959738,0.00337498,5.696e-05,0.00041992
2025-04-26 16:00:00+00:00,3237.23,24.37678078,0.99499661,0.98943873,0.00443213,6.007e-05,0.00039531
2025-04-26 17:00:00+00:00,3268.5375,24.399708,0.9952807,0.98918672,0.00475358,5.212e-05,0.00032772
2025-04-26 18:00:00+00:00,3292.9175,24.14186939,0.99532164,0.98996494,0.00408436,5.3e-05,0.00032198
2025-04-26 19:00:00+00:00,3369.76,23.93099054,0.99546943,0.99024035,0.00398763,5.282e-05,0.00031334
2025-04-26 20:00:00+00:00,3326.6975,23.6311492,0.99526089,0.98986322,0.00403863,5.978e-05,0.00037022
2025-04-26 21:00:00+00:00,3239.8425,23.3044065,0.99385655,0.98867614,0.00400709,6.664e-05,0.00052409
2025-04-26 22:00:00+00:00,3175.0725,23.66144004,0.99498594,0.98976535,0.00408061,5.428e-05,0.00036973
2025-04-26 23:00:00+00:00,3083.2225,23.60956474,0.99403178,0.98885541,0.00404999,5.511e-05,0.00034412
2025-04-27 00:00:00+00:00,3036.3575,22.97470027,0.99121113,0.98658955,0.0035676,5.495e-05,0.00033557
2025-04-27 01:00:00+00:00,3033.4725,23.38862192,0.99317443,0.98818906,0.00392159,5.684e-05,0.00028489
2025-04-27 02:00:00+00:00,3061.4775,23.38242235,0.99310712,0.98807249,0.00396319,5.792e-05,0.0002941
2025-04-27 03:00:00+00:00,3068.4775,23.06732507,0.99199865,0.9872173,0.00374574,5.073e-05,0.00030306
2025-04-27 04:00:00+00:00,3083.7325,23.76644321,0.99481924,0.98978897,0.00392667,3.036e-05,0.0002149
2025-04-27 05:00:00+00:00,3089.93,23.7314355,0.99469544,0.9897352,0.00390426,2.894e-05,0.00020981
2025-04-27 06:00:00+00:00,3166.43,22.40706618,0.98623457,0.982633,0.00283296,3.852e-05,0.00033836
2025-04-27 07:00:00+00:00,3251.7925,22.11346305,0.9820357,0.97933298,0.00212679,3.112e-05,0.00031884
2025-04-27 08:00:00+00:00,3265.2825,23.02966893,0.97868878,0.97540653,0.00122598,0.00048946,0.00016739
2025-04-27 09:00:00+00:00,3244.895,26.90775046,0.97815806,0.96864381,0.00064112,0.0041126,0.00014497
2025-04-27 10:00:00+00:00,3180.2675,26.59965023,0.972515,0.9635601,0.00022679,0.00383479,0.00012979
2025-04-27 11:00:00+00:00,3138.805,26.13805657,0.97575617,0.96744969,7.828e-05,0.00399783,0.0001008
2025-04-27 12:00:00+00:00,3112.535,24.79049433,0.97666671,0.97018981,3.44e-06,0.00316815,7.698e-05
2025-04-27 13:00:00+00:00,3113.0975,22.71120874,0.9795573,0.9768254,1.1e-07,0.00125933,3.356e-05
2025-04-27 14:00:00+00:00,3159.4525,21.25410594,0.98190799,0.98045828,0.0011037,7.97e-06,0.00013003
2025-04-27 15:00:00+00:00,3225.0025,21.72617938,0.98580093,0.98285881,0.00240704,9e-08,0.00019705
2025-04-27 16:00:00+00:00,3361.3575,23.27872764,0.9949656,0.99036832,0.00382584,1.1e-07,0.00019825
2025-04-27 17:00:00+00:00,3430.74,23.45768512,0.99539559,0.9772039,0.01737989,4e-08,8.253e-05
2025-04-27 18:00:00+00:00,3478.8325,23.35084642,0.99566195,0.98680476,0.00803775,5e-08,8.687e-05
2025-04-27 19:00:00+00:00,3484.94,23.36685892,0.99573002,0.99010654,0.00485384,7e-08,0.00013027
2025-04-27 20:00:00+00:00,3377.3525,23.39666563,0.99536726,0.99045629,0.00410873,1.3e-07,0.00028631
2025-04-27 21:00:00+00:00,3178.3825,23.05952498,0.99262041,0.98797565,0.00387029,1.5e-07,0.00031544
2025-04-27 22:00:00+00:00,3013.1525,22.90965437,0.99178671,0.98823568,0.00279757,1.3e-07,0.00031803
2025-04-27 23:00:00+00:00,2885.9175,22.54911045,0.99062145,0.98733742,0.00258445,1.1e-07,0.00026415
2025-04-28 00:00:00+00:00,2826.7425,22.54797029,0.99035998,0.98696634,0.00268406,1.3e-07,0.0002696
2025-04-28 01:00:00+00:00,2798.46,22.71636279,0.99079906,0.98733834,0.00273816,1.1e-07,0.0002761
2025-04-28 02:00:00+00:00,2805.09,22.99821448,0.99092489,0.98736506,0.0028168,1.3e-07,0.00025852
2025-04-28 03:00:00+00:00,2929.4075,23.34778895,0.99293745,0.9891397,0.00300379,1.3e-07,0.00028915
2025-04-28 04:00:00+00:00,3275.7325,23.41669488,0.99436498,0.98960789,0.00395464,1.2e-07,0.00025485
2025-04-28 05:00:00+00:00,3737.085,23.53358414,0.99577928,0.98689235,0.00784063,7e-08,0.00013761
2025-04-28 06:00:00+00:00,3885.7275,23.3666675,0.99558205,0.98834212,0.00626742,8e-08,0.00015906
2025-04-28 07:00:00+00:00,3863.6725,23.21050159,0.99532272,0.98932759,0.00509373,1.3e-07,0.00021266
2025-04-28 08:00:00+00:00,3872.785,22.1039201,0.98697413,0.98351695,0.00283182,1.3e-07,0.00027834
2025-04-28 09:00:00+00:00,3806.25,22.06832952,0.9875707,0.98395287,0.00299297,1.2e-07,0.00023246
2025-04-28 10:00:00+00:00,3757.78,21.70005083,0.98598526,0.98278296,0.0026326,1.1e-07,0.00016029
2025-04-28 11:00:00+00:00,3692.7475,21.43526802,0.98650499,0.98401362,0.00198037,9e-08,0.0001919
2025-04-28 12:00:00+00:00,3627.4225,21.2690841,0.98575783,0.98318098,0.00202455,1.1e-07,0.00023626
2025-04-28 13:00:00+00:00,3591.88,21.26531516,0.98679054,0.98409342,0.00213128,1e-07,0.00023623
2025-04-28 14:00:00+00:00,3597.3525,21.80086951,0.98995075,0.98678472,0.00251864,1.1e-07,0.00024501
2025-04-28 15:00:00+00:00,3531.125,22.24520578,0.99290121,0.98931284,0.00286395,1.3e-07,0.0002654
2025-04-28 16:00:00+00:00,3497.5575,22.48287781,0.99461774,0.9908001,0.00306085,1.3e-07,0.00026544
2025-04-28 17:00:00+00:00,3477.5725,22.85802374,0.9952726,0.99128013,0.00324095,1e-07,0.00020754
2025-04-28 18:00:00+00:00,3488.5675,22.85041629,0.99513711,0.99118863,0.00320756,1e-07,0.00017534
2025-04-28 19:00:00+00:00,3551.8325,22.73815071,0.99541441,0.99165744,0.00302061,1e-07,0.00021003
2025-04-28 20:00:00+00:00,3462.8675,21.92390848,0.992136,0.98877474,0.00268094,1.2e-07,0.00023857
2025-04-28 21:00:00+00:00,3251.1925,21.67464058,0.99029359,0.9871552,0.00248481,1.4e-07,0.00026079
2025-04-28 22:00:00+00:00,3017.185,21.33693611,0.98787385,0.98514795,0.00209704,1.2e-07,0.00025174
2025-04-28 23:00:00+00:00,2895.675,21.47121549,0.98787152,0.98511108,0.00210844,0.0,0.00027788
2025-04-29 00:00:00+00:00,2844.9975,21.37320612,0.98679408,0.98405574,0.00207077,0.0,0.00033381
2025-04-29 01:00:00+00:00,2812.7875,21.45197589,0.98708057,0.98430886,0.00213454,0.0,0.0002409
2025-04-29 02:00:00+00:00,2853.675,21.85689283,0.98829903,0.9852893,0.00230989,0.0,0.00030073
2025-04-29 03:00:00+00:00,3007.155,23.27221274,0.99372428,0.99003289,0.00288888,0.0,0.00020418
2025-04-29 04:00:00+00:00,3339.835,23.65159855,0.99479036,0.98846923,0.00537716,0.0,0.00013195
2025-04-29 05:00:00+00:00,3659.285,23.99385301,0.99562075,0.98806611,0.00655707,0.0,0.00010408
2025-04-29 06:00:00+00:00,3638.105,24.13107215,0.99625651,0.98758834,0.00763708,0.0,7.899e-05
2025-04-29 07:00:00+00:00,3577.24,23.83435294,0.99511809,0.99107208,0.00320664,0.0,0.00015884
2025-04-29 08:00:00+00:00,3456.7825,22.62404129,0.98341588,0.98021488,0.00246877,0.0,0.00027956
2025-04-29 09:00:00+00:00,3368.38,22.59696933,0.97928924,0.97643512,0.00220987,0.0,0.00012599
2025-04-29 10:00:00+00:00,3327.89,22.66169837,0.97989148,0.97712583,0.00211312,0.0,0.00010466
2025-04-29 11:00:00+00:00,3319.695,22.73050691,0.98010589,0.97728952,0.00210024,2.138e-05,8.585e-05
2025-04-29 12:00:00+00:00,3315.8975,22.5580951,0.98052329,0.97787978,0.00203344,0.0,9.457e-05
2025-04-29 13:00:00+00:00,3325.685,22.73963787,0.98282031,0.97998061,0.0022019,0.0,9.854e-05
2025-04-29 14:00:00+00:00,3406.925,22.96962242,0.98664023,0.98333681,0.00258928,0.0,0.00020943
2025-04-29 15:00:00+00:00,3464.6675,24.0461957,0.99598768,0.99059494,0.00442803,0.0,9.574e-05
2025-04-29 16:00:00+00:00,3498.05,24.0199251,0.99617756,0.98958467,0.00565453,0.0,9.746e-05
2025-04-29 17:00:00+00:00,3517.195,23.76073573,0.9963731,0.98967511,0.00579213,0.0,5.328e-05
2025-04-29 18:00:00+00:00,3522.7325,23.8896276,0.99620453,0.98950947,0.0057875,0.0,7.121e-05
2025-04-29 19:00:00+00:00,3516.5125,23.93331047,0.9964318,0.98923369,0.00625331,0.0,6.345e-05
2025-04-29 20:00:00+00:00,3456.0975,23.62330274,0.99628465,0.98975777,0.00561848,0.0,7.436e-05
2025-04-29 21:00:00+00:00,3271.2425,23.18455396,0.99565762,0.99086824,0.00398009,0.0,0.00012621
2025-04-29 22:00:00+00:00,3019.4375,23.18438388,0.99517533,0.98907219,0.00523328,3.1e-06,8.392e-05
2025-04-29 23:00:00+00:00,2884.595,23.01448414,0.99436007,0.99087254,0.00272776,6.84e-06,0.00016435
2025-04-30 00:00:00+00:00,2833.885,22.86303975,0.99431031,0.99090248,0.00266378,1.039e-05,0.00018678
2025-04-30 01:00:00+00:00,2854.2625,22.78537221,0.99383648,0.99039033,0.00267263,1.916e-05,0.00018796
2025-04-30 02:00:00+00:00,2832.125,22.5058467,0.99163525,0.98850187,0.00239758,1.942e-05,0.00022508
2025-04-30 03:00:00+00:00,2898.4325,23.17673291,0.9937919,0.9902383,0.00277573,9.21e-06,0.00019617
2025-04-30 04:00:00+00:00,3255.12,23.60448099,0.99471194,0.98865661,0.00512198,6.3e-06,0.00015155
2025-04-30 05:00:00+00:00,3645.4825,23.95108016,0.99598733,0.98789143,0.00709639,4.38e-06,0.00012014
2025-04-30 06:00:00+00:00,3665.6075,24.06979035,0.99624478,0.99049196,0.00474316,5.49e-06,0.00016843
2025-04-30 07:00:00+00:00,3597.1225,23.99926266,0.99534959,0.99090418,0.00352626,9.46e-06,0.00023291
2025-04-30 08:00:00+00:00,3501.745,22.9373278,0.98622482,0.98316905,0.00230449,1.244e-05,0.00026161
2025-04-30 09:00:00+00:00,3428.7975,22.8435359,0.98379677,0.98090187,0.00221873,9.07e-06,0.00018595
2025-04-30 10:00:00+00:00,3353.99,22.92297007,0.97924137,0.97631489,0.00199381,0.00013372,0.00019547
2025-04-30 11:00:00+00:00,3307.9425,23.07614126,0.97466333,0.97187132,0.00145116,0.0004092,0.0001904
2025-04-30 12:00:00+00:00,3310.6675,22.59426881,0.9762934,0.97412565,0.00160696,4.916e-05,0.00020434
2025-04-30 13:00:00+00:00,3304.585,22.55121648,0.97761609,0.97558882,0.00158716,0.0,0.00019731
2025-04-30 14:00:00+00:00,3347.6675,22.24963038,0.97776027,0.97613907,0.00124217,0.0,0.00023022
2025-04-30 15:00:00+00:00,3323.035,24.13317565,0.99533835,0.9895575,0.00475506,0.0,0.00014873
2025-04-30 16:00:00+00:00,3314.2275,24.30878894,0.99592182,0.98486657,0.01004076,0.0,0.00011436
2025-04-30 17:00:00+00:00,3312.955,24.31561467,0.99567135,0.9867179,0.00796716,0.0,0.00020285
2025-04-30 18:00:00+00:00,3316.7475,24.32584817,0.99571302,0.9881859,0.00664742,0.0,0.00015469
2025-04-30 19:00:00+00:00,3341.96,24.33513662,0.99623949,0.98548631,0.00981063,0.0,9.533e-05
2025-04-30 20:00:00+00:00,3251.3325,24.34019175,0.99613767,0.98838394,0.00681446,0.0,0.0001125
2025-04-30 21:00:00+00:00,3087.4875,24.24664695,0.99547256,0.9898902,0.00474313,0.0,0.00016758
2025-04-30 22:00:00+00:00,2914.41,24.13548941,0.99505429,0.98191335,0.01237232,0.0,0.00017035
2025-04-30 23:00:00+00:00,2769.9775,24.07277894,0.99498778,0.98968883,0.0045234,0.0,0.00016982
2025-05-01 00:00:00+00:00,2691.16,24.06601343,0.99476703,0.98924899,0.00472922,0.0,0.00016246
2025-05-01 01:00:00+00:00,2663.5425,24.02090902,0.99471132,0.98795975,0.00591889,0.0,0.00012052
2025-05-01 02:00:00+00:00,2667.9875,23.90080912,0.99452818,0.98908166,0.00465631,0.0,0.00010402
2025-05-01 03:00:00+00:00,2649.7225,23.93400434,0.99419119,0.98687269,0.00646821,0.0,0.00012509
2025-05-01 04:00:00+00:00,2705.34,23.94867821,0.99383432,0.98334372,0.00954308,0.0,0.00019591
2025-05-01 05:00:00+00:00,2817.5,24.12550171,0.99371756,0.98156916,0.01107281,0.0,0.00031827
2025-05-01 06:00:00+00:00,2990.995,23.73996138,0.99000915,0.98667514,0.00258525,0.0,0.00046271
2025-05-01 07:00:00+00:00,3115.5975,22.27975536,0.97699706,0.9755106,0.00112828,0.0,0.00037642
2025-05-01 08:00:00+00:00,3115.2275,23.18842204,0.97732398,0.97428038,0.00166258,0.00016649,0.00032457
2025-05-01 09:00:00+00:00,3053.2725,25.58870259,0.97953579,0.97109809,0.00380784,0.00187201,0.00017211
2025-05-01 10:00:00+00:00,3023.46,24.51005029,0.97806275,0.97294063,0.00198224,0.00093301,0.00014385
2025-05-01 11:00:00+00:00,3013.4975,23.95844608,0.97680147,0.97278528,0.00123231,0.00066591,0.00012265
2025-05-01 12:00:00+00:00,3024.3225,24.0497087,0.97422253,0.96974634,0.00086254,0.00091999,0.00013712
2025-05-01 13:00:00+00:00,3050.035,23.00691697,0.97175901,0.96790882,0.00072071,0.00079283,0.00018627
2025-05-01 14:00:00+00:00,3143.4225,20.66104795,0.97401073,0.97289863,0.00080858,0.0,0.00016592
2025-05-01 15:00:00+00:00,3176.4325,20.83553366,0.97973957,0.97817686,0.00120855,0.0,0.00024023
2025-05-01 16:00:00+00:00,3190.8075,23.62972909,0.99381013,0.98959695,0.00346746,0.0,0.00028411
2025-05-01 17:00:00+00:00,3220.8825,23.57898911,0.99488039,0.99061992,0.00352495,0.0,0.00020893
2025-05-01 18:00:00+00:00,3209.51,23.18573184,0.99496244,0.9909847,0.00328529,0.0,0.00021239
2025-05-01 19:00:00+00:00,3190.3825,23.03193615,0.99497934,0.99107652,0.00318549,0.0,9.817e-05
2025-05-01 20:00:00+00:00,3100.1475,22.16444106,0.99168433,0.98832874,0.00271492,0.0,5.196e-05
2025-05-01 21:00:00+00:00,2960.3525,21.45346699,0.98893127,0.985861,0.00232029,0.00019349,0.00013587
2025-05-01 22:00:00+00:00,2810.7975,20.76807791,0.98607872,0.98318583,0.00190842,0.00048127,0.00025151
2025-05-01 23:00:00+00:00,2698.225,19.57432314,0.98233667,0.9801097,0.00162157,0.00017697,0.00032914
2025-05-02 00:00:00+00:00,2656.2,19.30024304,0.98106469,0.9788781,0.00153617,0.00024216,0.00031872
2025-05-02 01:00:00+00:00,2624.4125,19.44188401,0.98006011,0.97751033,0.00117393,0.00099492,0.00027371
2025-05-02 02:00:00+00:00,2621.1275,19.88072634,0.98018571,0.97622745,0.0012115,0.00228822,0.00023561
2025-05-02 03:00:00+00:00,2652.0775,19.99920279,0.98173012,0.97909793,0.00142477,0.00078518,0.0002865
2025-05-02 04:00:00+00:00,2911.9025,21.68639292,0.98722075,0.98406045,0.00232733,0.00025983,0.00029724
2025-05-02 05:00:00+00:00,3242.6325,22.46465254,0.99063363,0.98679983,0.00290062,0.00029655,0.00039248
2025-05-02 06:00:00+00:00,3324.7975,21.98571364,0.98848776,0.98510191,0.00248171,0.00032662,0.00041349
2025-05-02 07:00:00+00:00,3352.125,20.76716784,0.98031914,0.97634701,0.00163132,0.00182225,0.00042207
2025-05-02 08:00:00+00:00,3368.065,20.5799307,0.97665892,0.97323814,0.00113211,0.00184739,0.00051746
2025-05-02 09:00:00+00:00,3327.3825,20.80020926,0.97605263,0.97297307,0.00124953,0.00139356,0.00067599
2025-05-02 10:00:00+00:00,3334.25,21.12225965,0.97803974,0.97616212,0.00098816,0.00052773,0.00051171
2025-05-02 11:00:00+00:00,3286.9,20.64129327,0.97403665,0.97310028,0.00033244,0.00035777,0.00039049
2025-05-02 12:00:00+00:00,3257.8175,20.15355129,0.9691259,0.96842342,0.00025439,0.00023745,0.00038727
2025-05-02 13:00:00+00:00,3231.51,20.42166632,0.97274952,0.97095387,0.00088859,0.00058776,0.00033496
2025-05-02 14:00:00+00:00,3228.8325,20.02098888,0.97511938,0.97337623,0.00107738,0.00032571,0.00027794
2025-05-02 15:00:00+00:00,3231.7225,20.14893152,0.97979816,0.97718497,0.00138881,0.00082343,0.00031526
2025-05-02 16:00:00+00:00,3250.905,20.89073296,0.98575055,0.98289845,0.0018179,0.00055351,0.00025598
2025-05-02 17:00:00+00:00,3253.82,21.37368986,0.98873917,0.98553436,0.00214852,0.00051227,0.00030562
2025-05-02 18:00:00+00:00,3207.2475,21.85368805,0.99082815,0.98740772,0.00254433,0.00029013,0.00026751
2025-05-02 19:00:00+00:00,3202.545,21.96412935,0.99090059,0.987711,0.00253298,8.741e-05,0.00029673
2025-05-02 20:00:00+00:00,3158.1325,21.16146015,0.98809929,0.98539024,0.00206706,0.00016001,0.00028714
2025-05-02 21:00:00+00:00,3066.2225,20.91773539,0.98697761,0.98441582,0.00201182,8.677e-05,0.00030839
2025-05-02 22:00:00+00:00,2948.54,21.28966588,0.98804084,0.98532995,0.00217021,3.842e-05,0.00033214
2025-05-02 23:00:00+00:00,2815.1975,21.64819265,0.98773842,0.98479618,0.00218952,0.00022593,0.00042085
2025-05-03 00:00:00+00:00,2770.07,21.79038464,0.98724691,0.98395274,0.00224551,0.00049777,0.00043709
2025-05-03 01:00:00+00:00,2745.6975,21.788654,0.98642347,0.98287146,0.00220765,0.00078415,0.00045596
2025-05-03 02:00:00+00:00,2761.6325,22.1305816,0.98682971,0.98314953,0.00236961,0.00071753,0.00045398
2025-05-03 03:00:00+00:00,2744.5625,23.08971148,0.98993423,0.98612651,0.00294666,0.00018077,0.00029629
2025-05-03 04:00:00+00:00,2769.4425,23.23298539,0.98978891,0.98597357,0.00290085,0.00024008,0.00031986
2025-05-03 05:00:00+00:00,2814.3625,23.24202306,0.98798158,0.98368723,0.00296752,0.00041389,0.00032358
2025-05-03 06:00:00+00:00,2901.8475,23.19641037,0.98611109,0.98174421,0.00290851,0.00052575,0.00026335
2025-05-03 07:00:00+00:00,3038.895,21.51089608,0.97280717,0.96938944,0.00158585,0.00115992,0.00023892
2025-05-03 08:00:00+00:00,3081.5325,21.8107623,0.97314428,0.96986673,0.00156329,0.00105213,0.00022797
2025-05-03 09:00:00+00:00,3058.185,22.22197758,0.97624353,0.9735248,0.00131359,0.00079393,0.00024321
2025-05-03 10:00:00+00:00,3053.29,22.55067981,0.97893905,0.97630403,0.0014498,0.00054217,0.00024342
2025-05-03 11:00:00+00:00,3104.4325,22.43792649,0.97969677,0.97789291,0.00105961,0.00021382,0.00023492
2025-05-03 12:00:00+00:00,3118.605,21.81470341,0.97607957,0.97504931,0.00057583,0.0,0.0002143
2025-05-03 13:00:00+00:00,3119.0625,21.64774652,0.97719945,0.97586356,0.00079347,1.09e-06,0.00022704
2025-05-03 14:00:00+00:00,3161.805,21.24227431,0.97724046,0.97524424,0.0008499,0.00059106,0.00023643
2025-05-03 15:00:00+00:00,3181.1625,21.69883534,0.98212614,0.978459,0.00197262,0.00056889,0.00032457
2025-05-03 16:00:00+00:00,3206.9325,23.44976424,0.99412622,0.9899419,0.0032188,0.0,0.00024984
2025-05-03 17:00:00+00:00,3237.38,23.38216624,0.99509766,0.99033127,0.00387357,0.0,9.466e-05
2025-05-03 18:00:00+00:00,3241.8325,23.40011307,0.99538792,0.98071654,0.01368868,0.0,0.00010627
2025-05-03 19:00:00+00:00,3232.56,23.40401522,0.99527914,0.98984548,0.00449351,0.0,0.00012824
2025-05-03 20:00:00+00:00,3184.0125,23.32542976,0.99500647,0.99031781,0.0037886,0.0,0.00017018
2025-05-03 21:00:00+00:00,3074.33,23.15850719,0.99433511,0.99006481,0.00339492,0.0,0.0002289
2025-05-03 22:00:00+00:00,2971.4175,21.82182458,0.98923395,0.98573365,0.00241176,0.00029417,0.00034625
2025-05-03 23:00:00+00:00,2889.46,19.85586873,0.98272424,0.98018368,0.00108894,0.0008861,0.00030044
2025-05-04 00:00:00+00:00,2862.85,19.66695726,0.9825138,0.97983132,0.00098086,0.0011488,0.00030754
2025-05-04 01:00:00+00:00,2904.27,19.31565998,0.98256721,0.98040374,0.00034506,0.0013515,0.00031166
2025-05-04 02:00:00+00:00,2957.375,19.24854782,0.98309769,0.98088852,0.00043595,0.00129195,0.00029423
2025-05-04 03:00:00+00:00,2955.1275,19.02690014,0.98231716,0.98053601,0.00032273,0.00102479,0.00029303
2025-05-04 04:00:00+00:00,2978.1225,18.81731591,0.98113268,0.97981244,1.86e-05,0.00097254,0.00023549
2025-05-04 05:00:00+00:00,3014.9,18.87732738,0.97942439,0.97779616,1.787e-05,0.00126565,0.00023526
2025-05-04 06:00:00+00:00,3122.7225,19.49975291,0.9784992,0.97579446,1.797e-05,0.00225732,0.00024242
2025-05-04 07:00:00+00:00,3246.0625,20.33685215,0.97517857,0.97200354,1.423e-05,0.00275351,0.00018793
2025-05-04 08:00:00+00:00,3290.2825,21.72377248,0.97790325,0.97388167,6.535e-05,0.00293474,0.00014506
2025-05-04 09:00:00+00:00,3284.34,22.37686982,0.9766866,0.9723237,0.00010612,0.0025864,0.00015859
2025-05-04 10:00:00+00:00,3263.23,20.99556525,0.97823394,0.97661142,0.00024738,0.00098819,0.00020126
2025-05-04 11:00:00+00:00,3232.4175,21.00218041,0.9809996,0.97921663,0.00047182,0.00088175,0.00020503
2025-05-04 12:00:00+00:00,3227.9875,20.62520664,0.97906667,0.9784322,0.00020292,0.00011272,0.00019122
2025-05-04 13:00:00+00:00,3225.1475,20.34256237,0.97827329,0.97726938,0.0001217,0.00057761,0.00017755
2025-05-04 14:00:00+00:00,3280.0475,19.83145054,0.9768152,0.97437097,0.00018093,0.00187987,0.00021123
2025-05-04 15:00:00+00:00,3296.615,20.34522424,0.98039888,0.9762244,0.00104076,0.00255509,0.00025344
2025-05-04 16:00:00+00:00,3360.3175,22.7281856,0.99303677,0.98913168,0.00291815,0.00016579,0.0002703
2025-05-04 17:00:00+00:00,3407.305,23.34844622,0.99536104,0.99123863,0.00329372,0.0,0.00018489
2025-05-04 18:00:00+00:00,3481.12,23.38642998,0.99545258,0.9911218,0.00350631,0.0,0.00015714
2025-05-04 19:00:00+00:00,3531.205,23.42255789,0.99550362,0.99104829,0.00365234,0.0,0.00011937
2025-05-04 20:00:00+00:00,3528.1325,23.08284822,0.99407226,0.99008814,0.00309748,8.312e-05,0.00014365
2025-05-04 21:00:00+00:00,3404.1375,23.07469027,0.99377098,0.98975294,0.00305952,0.00017599,0.00011234
2025-05-04 22:00:00+00:00,3311.7075,22.67054744,0.9918501,0.98725647,0.00307565,0.00068245,0.00023593
2025-05-04 23:00:00+00:00,3232.2075,22.58993823,0.99106088,0.98610295,0.00326459,0.00082897,0.00029338
2025-05-05 00:00:00+00:00,3171.19,22.78789876,0.99071683,0.98566015,0.00330559,0.00086651,0.00028062
2025-05-05 01:00:00+00:00,3170.615,22.87034671,0.99035266,0.98515251,0.00343757,0.000878,0.00024694
2025-05-05 02:00:00+00:00,3245.19,23.0410195,0.99057373,0.98131952,0.00753396,0.0008336,0.00023228
2025-05-05 03:00:00+00:00,3345.615,23.90041463,0.99469393,0.98522756,0.00860826,1.2e-07,0.0001103
2025-05-05 04:00:00+00:00,3708.7925,23.91735183,0.99543945,0.97493774,0.01968089,9.8e-07,8.577e-05
2025-05-05 05:00:00+00:00,3999.02,23.98212458,0.99626562,0.9656924,0.02966988,1.1e-06,6.549e-05
2025-05-05 06:00:00+00:00,3958.3075,23.99752122,0.99582884,0.97420844,0.02061342,2.1e-06,0.00012621
2025-05-05 07:00:00+00:00,3813.4375,23.93847757,0.99581285,0.97821767,0.01646749,1.92e-06,0.0001027
2025-05-05 08:00:00+00:00,3729.465,23.68170403,0.99424702,0.98682324,0.00634025,3.37e-06,0.00014617
2025-05-05 09:00:00+00:00,3701.5425,22.67650958,0.98584066,0.97984287,0.00499614,0.0001466,0.00020667
2025-05-05 10:00:00+00:00,3648.6925,22.258565,0.9824324,0.97923553,0.00213646,0.00020355,0.0002048
2025-05-05 11:00:00+00:00,3615.0,21.65234958,0.98096465,0.97836759,0.00189026,4.376e-05,0.00020791
2025-05-05 12:00:00+00:00,3571.265,22.02232822,0.98599309,0.98278408,0.00250528,1.98e-06,0.000198
2025-05-05 13:00:00+00:00,3527.7325,21.77927373,0.98659988,0.98345632,0.00239538,1.13e-06,0.00018122
2025-05-05 14:00:00+00:00,3530.9075,21.9880342,0.9898774,0.98654729,0.00258296,0.0,0.00018617
2025-05-05 15:00:00+00:00,3495.3825,22.75676645,0.99438132,0.99057337,0.00300979,0.0,0.00014844
2025-05-05 16:00:00+00:00,3465.33,23.23692032,0.99628149,0.99230722,0.00318196,0.0,0.00010449
2025-05-05 17:00:00+00:00,3520.7775,23.359996,0.99653807,0.99152376,0.00416711,0.0,6.585e-05
2025-05-05 18:00:00+00:00,3552.485,23.34747307,0.99665415,0.99188887,0.00394906,0.0,6.364e-05
2025-05-05 19:00:00+00:00,3601.59,23.27619442,0.99660272,0.98301385,0.01282805,0.0,0.0001045
2025-05-05 20:00:00+00:00,3585.4425,22.81333191,0.99553845,0.98945838,0.00534247,0.0,0.00013075
2025-05-05 21:00:00+00:00,3395.965,21.85347965,0.99219099,0.98900539,0.0024946,0.0,0.00015465
2025-05-05 22:00:00+00:00,3162.32,21.2187669,0.98978565,0.98670951,0.00242608,0.0,0.00016976
2025-05-05 23:00:00+00:00,3004.62,20.95476091,0.9885802,0.98570049,0.00224643,0.0,0.00018552
2025-05-06 00:00:00+00:00,2949.39,20.78349875,0.98750962,0.98464898,0.00221272,0.0,0.00021547
2025-05-06 01:00:00+00:00,2948.9175,20.52569459,0.98632311,0.98366999,0.00186962,0.00018664,0.00022054
2025-05-06 02:00:00+00:00,2974.6275,21.03008333,0.9873598,0.98447105,0.00221561,2.537e-05,0.00020966
2025-05-06 03:00:00+00:00,3063.925,22.06709554,0.99051498,0.98693284,0.00284783,0.0,0.00017204
2025-05-06 04:00:00+00:00,3368.37,23.07423919,0.9953657,0.99113717,0.0034269,0.0,0.00013584
2025-05-06 05:00:00+00:00,3708.195,23.25905517,0.99617517,0.99021575,0.00510475,0.0,0.00014349
2025-05-06 06:00:00+00:00,3712.2475,23.44621818,0.99575671,0.98998456,0.00469696,7.467e-05,8.666e-05
2025-05-06 07:00:00+00:00,3628.66,23.05550589,0.99360963,0.98893485,0.00384369,1.837e-05,0.00018291
2025-05-06 08:00:00+00:00,3519.52,22.95697066,0.99146325,0.9869427,0.00364543,7.369e-05,0.00016507
2025-05-06 09:00:00+00:00,3459.905,23.4398346,0.98829098,0.98279862,0.00342719,0.00071352,0.00020444
2025-05-06 10:00:00+00:00,3389.4,22.41677682,0.98341279,0.97966909,0.00297778,0.0,0.00025613
2025-05-06 11:00:00+00:00,3349.8375,23.49536247,0.9814153,0.97609077,0.00259666,0.00106522,0.000277
2025-05-06 12:00:00+00:00,3329.22,25.07666247,0.98877864,0.98126792,0.00336404,0.00177159,0.00028007
2025-05-06 13:00:00+00:00,3338.515,25.15353936,0.99296875,0.98560815,0.0038264,0.00143577,0.00022703
2025-05-06 14:00:00+00:00,3393.6725,24.35164983,0.99481468,0.98922519,0.00376119,0.00039572,0.0002037
2025-05-06 15:00:00+00:00,3400.72,24.03137482,0.99562988,0.97859618,0.01591058,0.0,0.00015103
2025-05-06 16:00:00+00:00,3387.42,24.08232052,0.99601225,0.97505283,0.01973248,0.0,7.539e-05
2025-05-06 17:00:00+00:00,3416.345,24.10413452,0.99644155,0.97130549,0.02387166,0.0,6.852e-05
2025-05-06 18:00:00+00:00,3472.8425,24.07366221,0.99630914,0.97004465,0.02512294,0.0,6.513e-05
2025-05-06 19:00:00+00:00,3531.8925,24.16214232,0.99643578,0.9690156,0.02618019,0.0,6.988e-05
2025-05-06 20:00:00+00:00,3490.52,23.99763039,0.99591979,0.97168578,0.0232343,0.0,0.00014924
2025-05-06 21:00:00+00:00,3288.35,23.99734956,0.99514221,0.96918216,0.02500652,0.0,0.00020904
2025-05-06 22:00:00+00:00,3097.74,23.77232509,0.99350787,0.97474055,0.01764495,5.328e-05,0.00032612
2025-05-06 23:00:00+00:00,2986.1775,23.57838185,0.99254815,0.97649674,0.01484628,0.000172,0.00035515
2025-05-07 00:00:00+00:00,2904.77,23.77039541,0.99401938,0.97778199,0.0152467,0.0,0.00032805
2025-05-07 01:00:00+00:00,2857.095,23.66698143,0.99282606,0.97644218,0.015284,9.628e-05,0.00037
2025-05-07 02:00:00+00:00,2896.57,23.67354164,0.99282603,0.97162286,0.02004407,3.338e-05,0.00036857
2025-05-07 03:00:00+00:00,2956.7475,23.92366586,0.99370119,0.97117612,0.02131507,0.0,0.00034148
2025-05-07 04:00:00+00:00,3307.7475,24.20893973,0.99481298,0.96834641,0.0251722,0.0,0.0002322
2025-05-07 05:00:00+00:00,3619.265,24.39185377,0.99552581,0.96614276,0.02812505,0.0,0.00017924
2025-05-07 06:00:00+00:00,3611.45,24.5295674,0.99530493,0.96730929,0.02669115,0.0,0.00021128
2025-05-07 07:00:00+00:00,3500.415,24.97303645,0.99009432,0.96504383,0.02240974,0.00041367,0.00033582
2025-05-07 08:00:00+00:00,3418.46,25.87613239,0.99165101,0.96388712,0.02377063,0.00098834,0.0002814
2025-05-07 09:00:00+00:00,3335.55,24.28755113,0.97884629,0.9672042,0.00909032,0.00080603,0.00026239
2025-05-07 10:00:00+00:00,3297.2825,24.62331924,0.97741435,0.97021869,0.003836,0.00130898,0.00028263
2025-05-07 11:00:00+00:00,3253.2675,26.3160095,0.9850687,0.97531229,0.00418229,0.00210848,0.00045478
2025-05-07 12:00:00+00:00,3230.7,24.52957613,0.98370234,0.97699475,0.00425902,0.00075213,0.00030183
2025-05-07 13:00:00+00:00,3251.865,24.16057203,0.98789438,0.97206198,0.01449162,0.00015091,0.0002597
2025-05-07 14:00:00+00:00,3332.32,24.37158192,0.99267003,0.97369758,0.01774377,5.708e-05,0.00020885
2025-05-07 15:00:00+00:00,3291.56,24.48365885,0.99515051,0.96996624,0.02386662,0.0,0.00016432
2025-05-07 16:00:00+00:00,3290.765,24.42749976,0.9955018,0.97135649,0.02287135,0.0,0.00016406
2025-05-07 17:00:00+00:00,3299.1325,24.37822002,0.99578026,0.97224198,0.02235978,0.0,0.00017607
2025-05-07 18:00:00+00:00,3374.3875,24.37017287,0.99575731,0.97078519,0.02378519,0.0,0.00017364
2025-05-07 19:00:00+00:00,3437.55,24.33617817,0.99594201,0.98293065,0.01175993,0.0,0.00013264
2025-05-07 20:00:00+00:00,3415.7025,24.32940424,0.99591873,0.98221688,0.01241227,0.0,0.0001436
2025-05-07 21:00:00+00:00,3233.3525,24.29924393,0.99556056,0.98177756,0.01245371,0.0,0.00015337
2025-05-07 22:00:00+00:00,3014.5675,24.36232473,0.99503246,0.97803753,0.01548174,0.0,0.00014947
2025-05-07 23:00:00+00:00,2899.17,24.39444285,0.99478477,0.9768373,0.01639553,0.0,0.00014637
2025-05-08 00:00:00+00:00,2815.5075,24.40946326,0.9944784,0.97728159,0.01566493,0.0,0.00015105
2025-05-08 01:00:00+00:00,2778.995,24.42227491,0.99449358,0.9772854,0.01568531,0.0,0.00011446
2025-05-08 02:00:00+00:00,2769.4475,24.40546401,0.99439848,0.98106444,0.01193862,0.0,0.000142
2025-05-08 03:00:00+00:00,2829.2675,24.33137917,0.99442965,0.97120467,0.02201639,0.0,0.00016222
2025-05-08 04:00:00+00:00,3183.7625,24.30524886,0.99446114,0.96819898,0.02516506,1.36e-06,0.00017635
2025-05-08 05:00:00+00:00,3577.935,23.87267963,0.99008477,0.96614546,0.02296303,1.122e-05,0.00021545
2025-05-08 06:00:00+00:00,3643.8025,24.24183742,0.99359446,0.95718549,0.03533955,1.801e-05,0.00019496
2025-05-08 07:00:00+00:00,3577.02,24.28235937,0.99263561,0.96681743,0.02462895,0.00011201,0.00018279
2025-05-08 08:00:00+00:00,3430.0075,24.42125883,0.9916068,0.96690814,0.02323386,8.078e-05,0.00022165
2025-05-08 09:00:00+00:00,3337.6175,23.98418719,0.98138775,0.96140367,0.01854008,0.00016708,0.00022153
2025-05-08 10:00:00+00:00,3284.725,24.2481865,0.96717369,0.95769044,0.00638807,0.00076845,0.00029845
2025-05-08 11:00:00+00:00,3235.6575,23.8661277,0.9690977,0.96033895,0.00617448,0.00112549,0.00032304
2025-05-08 12:00:00+00:00,3225.7725,23.54121768,0.97374503,0.96529302,0.00656328,0.00071732,0.00036899
2025-05-08 13:00:00+00:00,3251.845,23.66106438,0.97733583,0.96818155,0.00710515,0.00091089,0.00028615
2025-05-08 14:00:00+00:00,3297.6,23.74373339,0.98023893,0.97054581,0.0074135,0.00097833,0.00030677
2025-05-08 15:00:00+00:00,3299.66,24.12803947,0.99160803,0.96964861,0.02078204,0.00012751,0.00020265
2025-05-08 16:00:00+00:00,3277.9225,24.28855386,0.99502469,0.96870097,0.02523614,1.794e-05,0.00016976
2025-05-08 17:00:00+00:00,3290.1625,25.69590451,0.9955937,0.968773,0.0221803,0.00050418,0.00011702
2025-05-08 18:00:00+00:00,3359.75,25.78626257,0.99539017,0.96533185,0.02490187,0.00055941,0.00016535
2025-05-08 19:00:00+00:00,3351.0825,24.32315742,0.99601858,0.96620749,0.02810916,4.132e-05,0.00013232
2025-05-08 20:00:00+00:00,3292.44,24.24550745,0.99579642,0.97321381,0.0210018,2.317e-05,0.00013861
2025-05-08 21:00:00+00:00,3120.145,24.86150264,0.99556854,0.97436561,0.01836869,0.0002275,9.859e-05
2025-05-08 22:00:00+00:00,2932.4675,24.16227425,0.99539184,0.97274565,0.02147524,1.521e-05,0.00015997
2025-05-08 23:00:00+00:00,2772.4225,24.14840336,0.99435999,0.9742006,0.01906067,2.085e-05,0.00023102
2025-05-09 00:00:00+00:00,2638.07,24.2174835,0.99389661,0.98855618,0.00424448,1.941e-05,0.00026153
2025-05-09 01:00:00+00:00,2579.52,24.31032602,0.99412495,0.98617744,0.00678262,1.445e-05,0.0002162
2025-05-09 02:00:00+00:00,2583.6475,24.29224888,0.99397574,0.98634528,0.00646368,1.597e-05,0.00023541
2025-05-09 03:00:00+00:00,2655.6625,24.30276794,0.99416549,0.98835562,0.00474252,1.599e-05,0.00022554
2025-05-09 04:00:00+00:00,2974.025,24.31413516,0.99427598,0.97273204,0.02044726,1.682e-05,0.00024015
2025-05-09 05:00:00+00:00,3359.7675,24.36511432,0.99462253,0.97328699,0.02024505,2.063e-05,0.00023521
2025-05-09 06:00:00+00:00,3444.015,24.43515588,0.9950247,0.98507713,0.00871976,1.859e-05,0.00021615
2025-05-09 07:00:00+00:00,3401.44,24.48901472,0.99493404,0.9864002,0.0072371,1.901e-05,0.00025659
2025-05-09 08:00:00+00:00,3338.52,24.03867219,0.98265578,0.97650628,0.00372824,0.00079922,0.00043683
2025-05-09 09:00:00+00:00,3273.3275,23.73522589,0.97860768,0.97492994,0.00147375,0.00079378,0.00032089
2025-05-09 10:00:00+00:00,3268.92,25.3272461,0.97525018,0.96879279,0.00123158,0.00221715,0.00046537
2025-05-09 11:00:00+00:00,3233.6125,26.13106673,0.97344425,0.96532045,0.0011702,0.00300995,0.00043206
2025-05-09 12:00:00+00:00,3200.04,24.152167,0.97092552,0.96565865,0.00129796,0.00183237,0.00040632
2025-05-09 13:00:00+00:00,3202.835,23.65368743,0.9747388,0.96912478,0.00302019,0.00105259,0.00053677
2025-05-09 14:00:00+00:00,3227.41,23.43498865,0.97977473,0.97462545,0.00345701,0.0005587,0.0005528
2025-05-09 15:00:00+00:00,3262.8325,24.25940121,0.99244847,0.98614172,0.00519112,3.489e-05,0.00042435
2025-05-09 16:00:00+00:00,3256.3625,24.39725721,0.99435864,0.98547111,0.00777963,1.794e-05,0.00031334
2025-05-09 17:00:00+00:00,3206.7125,24.37425416,0.99519071,0.97140194,0.02267451,1.167e-05,0.00023483
2025-05-09 18:00:00+00:00,3166.0575,24.32462587,0.99525254,0.9703974,0.02383222,1.082e-05,0.00018331
2025-05-09 19:00:00+00:00,3120.3475,24.28686506,0.99486734,0.97577991,0.01806587,1.327e-05,0.00026604
2025-05-09 20:00:00+00:00,3038.615,24.25302946,0.99407167,0.98734179,0.00564516,1.91e-05,0.00034482
2025-05-09 21:00:00+00:00,2907.88,24.281844,0.99373823,0.98808885,0.00452552,2.383e-05,0.00040523
2025-05-09 22:00:00+00:00,2735.6075,24.28510987,0.993794,0.99237761,0.00034097,2.034e-05,0.00034705
2025-05-09 23:00:00+00:00,2573.1475,24.34528475,0.99336905,0.99198605,0.00029058,1.74e-05,0.00032922
2025-05-10 00:00:00+00:00,2490.2,24.31545601,0.99320476,0.99180015,0.00030509,1.709e-05,0.00032929
2025-05-10 01:00:00+00:00,2436.89,24.34983572,0.99310448,0.99169596,0.00029843,1.78e-05,0.00033468
2025-05-10 02:00:00+00:00,2422.4075,24.34756026,0.99315622,0.9918178,0.00026499,1.523e-05,0.00027413
2025-05-10 03:00:00+00:00,2400.65,24.35415496,0.99313029,0.99189366,0.00021201,9.59e-06,0.00021482
2025-05-10 04:00:00+00:00,2452.2475,24.3650504,0.99279428,0.99140391,0.00031737,1.391e-05,0.0003408
2025-05-10 05:00:00+00:00,2579.6975,24.36791379,0.99280714,0.99137881,0.0003508,1.452e-05,0.00039687
2025-05-10 06:00:00+00:00,2754.38,23.31312946,0.98070475,0.97942204,0.0003762,1.743e-05,0.00047058
2025-05-10 07:00:00+00:00,2944.6,22.30759347,0.96827336,0.96732039,0.00028856,1.67e-05,0.00049947
2025-05-10 08:00:00+00:00,2996.7875,22.53056704,0.97082362,0.96966632,0.00033107,5.54e-05,0.00061232
2025-05-10 09:00:00+00:00,2942.425,23.64643318,0.97329873,0.97104986,0.00033321,0.00067803,0.0005533
2025-05-10 10:00:00+00:00,2908.335,23.88843056,0.97131471,0.96846422,0.00034694,0.00109361,0.00059294
2025-05-10 11:00:00+00:00,2861.09,23.72283746,0.97009701,0.96750343,0.00039036,0.00080862,0.00064643
2025-05-10 12:00:00+00:00,2852.2275,23.75000164,0.9677189,0.96488067,0.00028057,0.00110263,0.0005255
2025-05-10 13:00:00+00:00,2797.7075,23.21376597,0.96866818,0.96635486,0.0003536,0.00070324,0.00063648
2025-05-10 14:00:00+00:00,2830.485,22.1113504,0.9692156,0.96819133,0.00033317,1.751e-05,0.0006318
2025-05-10 15:00:00+00:00,2888.79,22.28516942,0.97391571,0.97273641,0.00034034,2.5e-05,0.00064522
2025-05-10 16:00:00+00:00,2904.2775,23.80472153,0.98967166,0.98841452,0.00018168,9.63e-06,0.00051093
2025-05-10 17:00:00+00:00,2896.7425,24.12240194,0.9937579,0.98776578,0.00492199,3.4e-06,0.00019725
2025-05-10 18:00:00+00:00,2903.5275,24.04914371,0.99390904,0.98825912,0.00459496,2.89e-06,0.00021597
2025-05-10 19:00:00+00:00,2897.2925,23.87415648,0.99357713,0.99249971,7.702e-05,3.23e-06,0.00028286
2025-05-10 20:00:00+00:00,2924.68,23.57053237,0.99174237,0.99035559,0.0003149,3.85e-06,0.00047478
2025-05-10 21:00:00+00:00,2777.325,23.53089327,0.99065557,0.98933671,0.00025318,1.31e-06,0.00050417
2025-05-10 22:00:00+00:00,2616.545,23.47255127,0.98952094,0.98833753,6.221e-05,3.836e-05,0.00051772
2025-05-10 23:00:00+00:00,2502.1575,23.55461522,0.99032883,0.98899819,0.00016235,4.168e-05,0.0005522
2025-05-11 00:00:00+00:00,2428.245,23.85259157,0.99209368,0.99083681,8.709e-05,0.0,0.00054888
2025-05-11 01:00:00+00:00,2367.875,23.9411136,0.99214709,0.99078332,0.00020716,0.0,0.00055133
2025-05-11 02:00:00+00:00,2353.0475,23.93384538,0.99203022,0.9904836,0.00038869,0.0,0.00054023
2025-05-11 03:00:00+00:00,2317.585,24.00047807,0.99096263,0.98935729,0.00043073,0.0,0.00053148
2025-05-11 04:00:00+00:00,2341.265,24.07882348,0.99086971,0.98921742,0.00047325,0.0,0.00052702
2025-05-11 05:00:00+00:00,2434.695,22.55390383,0.97779452,0.97678862,0.00011164,0.0,0.00066551
2025-05-11 06:00:00+00:00,2603.475,21.95131572,0.97100941,0.97024107,5.479e-05,0.0,0.00063971
2025-05-11 07:00:00+00:00,2759.96,22.75807335,0.9745063,0.97273812,6.446e-05,0.00085027,0.00070966
2025-05-11 08:00:00+00:00,2840.1825,23.22209922,0.97684195,0.97451202,0.000415,0.00096425,0.00055716
2025-05-11 09:00:00+00:00,2911.7175,24.66419135,0.97750348,0.97321551,0.00039686,0.00199873,0.0004128
2025-05-11 10:00:00+00:00,2929.0925,25.52691763,0.97515049,0.96974359,0.00038633,0.0024711,0.00042767
2025-05-11 11:00:00+00:00,2911.7675,24.70599551,0.972177,0.96768289,0.00033705,0.00207023,0.00037503
2025-05-11 12:00:00+00:00,2872.095,26.4555281,0.97258117,0.96516034,0.00021178,0.00365705,0.00032859
2025-05-11 13:00:00+00:00,2870.23,24.11904662,0.97231691,0.9684662,0.00014303,0.00161336,0.00036781
2025-05-11 14:00:00+00:00,2909.1925,22.72758807,0.97251474,0.97021897,0.0003261,0.00086213,0.00052091
2025-05-11 15:00:00+00:00,2934.7925,21.83678591,0.97279515,0.97206513,3.565e-05,0.0,0.00054096
2025-05-11 16:00:00+00:00,3010.64,23.85080153,0.99216019,0.99058508,0.00047357,0.0,0.00042889
2025-05-11 17:00:00+00:00,3024.0825,23.97766032,0.99445737,0.98498716,0.00848854,0.0,0.00012305
2025-05-11 18:00:00+00:00,3067.3375,23.88998077,0.99474441,0.98808716,0.00568209,0.0,0.00020108
2025-05-11 19:00:00+00:00,3081.37,23.75935107,0.9945395,0.99172575,0.00184529,0.0,0.00023677
2025-05-11 20:00:00+00:00,3054.6325,23.27825258,0.99304875,0.99192905,0.00010515,0.0,0.00034227
2025-05-11 21:00:00+00:00,2886.92,22.81711999,0.98852198,0.98741833,0.00011284,0.0,0.0004471
2025-05-11 22:00:00+00:00,2714.1575,23.26935629,0.99003425,0.98890165,0.00010766,0.0,0.00045275
2025-05-11 23:00:00+00:00,2593.7575,23.74651031,0.99205273,0.99086011,0.00011319,0.0,0.00039602
2025-05-12 00:00:00+00:00,2491.28,23.77379005,0.9906433,0.98942151,0.00010902,0.0,0.00051947
2025-05-12 01:00:00+00:00,2470.0525,23.91588541,0.99127616,0.98990177,0.00023622,0.0,0.00048425
2025-05-12 02:00:00+00:00,2467.75,24.22337553,0.99290244,0.99152666,0.00020449,0.0,0.00045388
2025-05-12 03:00:00+00:00,2550.55,24.23245722,0.99377635,0.98846938,0.00429738,0.0,0.00020447
2025-05-12 04:00:00+00:00,2916.7075,24.39071633,0.99476228,0.97777688,0.01566984,0.00012761,0.00012358
2025-05-12 05:00:00+00:00,3353.615,24.25110153,0.99557512,0.97502019,0.01956227,0.0,0.00020788
2025-05-12 06:00:00+00:00,3480.5575,24.75541179,0.99510084,0.96198448,0.03108315,0.00064331,0.00022227
2025-05-12 07:00:00+00:00,3424.8875,25.91922957,0.99191415,0.98263747,0.00479475,0.00182342,0.00058947
2025-05-12 08:00:00+00:00,3332.975,23.36598643,0.96816655,0.9661919,8.612e-05,0.00072589,0.00058191
2025-05-12 09:00:00+00:00,3258.35,23.80069689,0.96435688,0.96175729,9.399e-05,0.00121027,0.00049085
2025-05-12 10:00:00+00:00,3222.48,23.49059307,0.96428327,0.96214555,8.141e-05,0.00096387,0.00044262
2025-05-12 11:00:00+00:00,3184.7425,24.61664974,0.96710202,0.96318381,0.00010907,0.00184145,0.00050996
2025-05-12 12:00:00+00:00,3152.02,23.63353877,0.96655026,0.96416814,7.892e-05,0.00108925,0.00040019
2025-05-12 13:00:00+00:00,3160.52,23.19088816,0.9672009,0.96527135,7.558e-05,0.00081505,0.00045548
2025-05-12 14:00:00+00:00,3199.165,23.58055118,0.97346332,0.97098957,0.00011352,0.00085838,0.00065578
2025-05-12 15:00:00+00:00,3182.9175,25.01271234,0.98789902,0.98417866,0.0002496,0.00098528,0.00073685
2025-05-12 16:00:00+00:00,3186.515,24.59487651,0.99477154,0.98545311,0.00747726,0.00029154,0.00038577
2025-05-12 17:00:00+00:00,3201.3825,24.3757555,0.99611098,0.9770726,0.0177776,0.0,0.00020038
2025-05-12 18:00:00+00:00,3217.9625,24.31362467,0.99597963,0.98005283,0.01488468,0.0,0.00017247
2025-05-12 19:00:00+00:00,3209.1925,24.30258272,0.99564058,0.98379645,0.0106884,0.0,0.00034032
2025-05-12 20:00:00+00:00,3163.0975,24.21808991,0.99526586,0.98929004,0.00486271,1.207e-05,0.00038726
2025-05-12 21:00:00+00:00,2953.5775,24.00241862,0.99439207,0.99286261,0.0003829,0.0,0.00051844
2025-05-12 22:00:00+00:00,2713.6025,24.14390446,0.99385953,0.99242148,0.0002743,2.79e-06,0.00046324
2025-05-12 23:00:00+00:00,2576.2625,24.11979171,0.99361452,0.99231024,0.00010916,1.525e-05,0.00048771
2025-05-13 00:00:00+00:00,2483.8925,24.04739318,0.99326707,0.99192493,0.00011766,2.338e-05,0.00057435
2025-05-13 01:00:00+00:00,2463.16,24.06026431,0.99295685,0.99157791,0.00012203,3.591e-05,0.00054241
2025-05-13 02:00:00+00:00,2453.5025,23.95847123,0.99225584,0.99082921,0.00012679,4.742e-05,0.00057192
2025-05-13 03:00:00+00:00,2513.86,24.09007786,0.99333743,0.99178701,0.00038098,2.329e-05,0.00044113
2025-05-13 04:00:00+00:00,2868.6275,23.91159582,0.99521751,0.9747417,0.01948747,6.73e-06,0.0001038
2025-05-13 05:00:00+00:00,3226.94,23.73136654,0.99592382,0.97144326,0.02344692,4.17e-06,6.156e-05
2025-05-13 06:00:00+00:00,3252.3775,24.09634809,0.99562344,0.98067491,0.01363439,1.298e-05,0.00022703
2025-05-13 07:00:00+00:00,3166.21,23.19244489,0.98702494,0.97716023,0.008745,2.378e-05,0.00034603
2025-05-13 08:00:00+00:00,3167.925,21.33973738,0.97359041,0.97292802,5.372e-05,2.07e-05,0.00034194
2025-05-13 09:00:00+00:00,3214.39,21.54394947,0.97225081,0.97133834,3.815e-05,9.385e-05,0.00031278
2025-05-13 10:00:00+00:00,3212.48,21.68761382,0.97198606,0.97098409,3.697e-05,0.00018743,0.00025829
2025-05-13 11:00:00+00:00,3192.0425,21.61947879,0.9745466,0.97366629,4.317e-05,0.00016314,0.00010787
2025-05-13 12:00:00+00:00,3192.44,21.3232538,0.97488446,0.97372538,0.00011773,0.00027798,0.00011534
2025-05-13 13:00:00+00:00,3200.5275,21.30851652,0.97772662,0.97623436,0.00026,0.00035536,0.00014445
2025-05-13 14:00:00+00:00,3271.02,20.86886494,0.97971326,0.97889801,6.118e-05,6.565e-05,0.0002175
2025-05-13 15:00:00+00:00,3226.395,21.78592317,0.98617836,0.98526968,7.037e-05,5.58e-06,0.00032566
2025-05-13 16:00:00+00:00,3185.9325,23.37829301,0.99649225,0.98667154,0.00886528,0.0,0.0001015
2025-05-13 17:00:00+00:00,3166.045,23.57020933,0.99711024,0.98612642,0.01011325,0.0,0.0
2025-05-13 18:00:00+00:00,3161.8142,23.51271029,0.99614541,0.99086841,0.0043877,3.04e-06,8.537e-05
2025-05-13 19:00:00+00:00,3152.5075,23.34491252,0.99593416,0.98927737,0.00573693,5.69e-06,9.277e-05
2025-05-13 20:00:00+00:00,3106.6025,23.2378561,0.9952628,0.99253168,0.00174105,1.191e-05,0.00018578
2025-05-13 21:00:00+00:00,2922.9575,23.08632207,0.99515706,0.99242472,0.00172842,1.383e-05,0.00022347
2025-05-13 22:00:00+00:00,2701.55,22.88576582,0.99475415,0.99297758,0.00085669,1.226e-05,0.00017128
2025-05-13 23:00:00+00:00,2599.8,22.59791653,0.99381842,0.99179062,0.00109096,2.399e-05,0.00020048
2025-05-14 00:00:00+00:00,2511.2425,21.6598528,0.99046461,0.98838789,0.001124,0.00010142,0.00021961
2025-05-14 01:00:00+00:00,2494.03,21.70337015,0.98879628,0.98687695,0.00075419,0.00018653,0.00042527
2025-05-14 02:00:00+00:00,2508.2,21.44487224,0.98778687,0.98551973,0.00113243,0.00016223,0.00047354
2025-05-14 03:00:00+00:00,2603.245,21.83882817,0.98899657,0.98704393,0.00096742,1.672e-05,0.00042692
2025-05-14 04:00:00+00:00,2981.625,22.94883696,0.99352261,0.9870296,0.0054155,1.063e-05,0.00032851
2025-05-14 05:00:00+00:00,3395.6425,23.21268562,0.99519064,0.97606278,0.01817779,2.98e-06,0.00014509
2025-05-14 06:00:00+00:00,3489.5225,23.16667706,0.99479671,0.97633347,0.01717043,0.0002836,0.00021633
2025-05-14 07:00:00+00:00,3490.27,20.43179383,0.9803421,0.97861454,0.00095722,7.02e-06,0.00042098
2025-05-14 08:00:00+00:00,3426.085,20.54946541,0.97951509,0.97774312,0.0009394,9.02e-06,0.00043079
2025-05-14 09:00:00+00:00,3326.2275,21.0708651,0.98093303,0.97905068,0.00096516,3.829e-05,0.00035475
2025-05-14 10:00:00+00:00,3278.5675,21.98369299,0.98452228,0.98195475,0.00103667,0.00032659,0.0002637
2025-05-14 11:00:00+00:00,3240.38,21.49150064,0.98377609,0.98174485,0.00101802,5.334e-05,0.00033959
2025-05-14 12:00:00+00:00,3213.9,21.17358987,0.98315185,0.98139245,0.00095257,1.16e-06,0.00031657
2025-05-14 13:00:00+00:00,3256.8925,20.18452287,0.97742809,0.97572456,0.00078889,0.00017014,0.00034315
2025-05-14 14:00:00+00:00,3338.7075,19.16937412,0.9755529,0.97446806,0.00062278,1.66e-06,0.00024532
2025-05-14 15:00:00+00:00,3348.305,18.90053554,0.98009793,0.97899197,0.00055984,4.63e-06,0.00036074
2025-05-14 16:00:00+00:00,3294.8175,21.09288962,0.98897584,0.98724563,0.00088679,1.78e-06,0.00031898
2025-05-14 17:00:00+00:00,3318.4175,22.87822208,0.99591108,0.98901497,0.00590495,1.16e-06,0.00021796
2025-05-14 18:00:00+00:00,3355.48,23.07704964,0.99646989,0.98092161,0.01461823,1.47e-06,9.76e-05
2025-05-14 19:00:00+00:00,3387.085,22.97054053,0.99613392,0.98654946,0.00866323,3.47e-06,9.383e-05
2025-05-14 20:00:00+00:00,3360.76,20.81533575,0.98869039,0.98281306,0.00510386,1.009e-05,0.00024096
2025-05-14 21:00:00+00:00,3199.9475,20.4214925,0.98685424,0.98485483,0.00123129,1.058e-05,0.00033338
2025-05-14 22:00:00+00:00,3016.6875,19.63219036,0.98389427,0.98286475,2.771e-05,0.0002864,0.00038713
2025-05-14 23:00:00+00:00,2907.0725,19.38667784,0.982555,0.98110174,1.991e-05,0.00077675,0.00035486
2025-05-15 00:00:00+00:00,2843.8275,18.88175001,0.98083743,0.97982623,2.039e-05,0.0003949,0.00043165
2025-05-15 01:00:00+00:00,2802.43,18.71601848,0.98083171,0.97995326,2.048e-05,0.00026389,0.00040622
2025-05-15 02:00:00+00:00,2812.0125,18.58354669,0.98059962,0.97998392,2.149e-05,2.153e-05,0.00039546
2025-05-15 03:00:00+00:00,2885.3425,18.92704487,0.98154577,0.98090812,2.34e-05,2.026e-05,0.00040495
2025-05-15 04:00:00+00:00,3182.2625,19.73101205,0.98367813,0.98276793,0.00023773,1.976e-05,0.00035537
2025-05-15 05:00:00+00:00,3512.0225,20.11264005,0.98444648,0.98323437,0.00053919,1.684e-05,0.0002711
2025-05-15 06:00:00+00:00,3562.185,19.80742618,0.98092593,0.97963526,0.00066551,1.651e-05,0.00038263
2025-05-15 07:00:00+00:00,3480.275,19.82339224,0.97825324,0.97695108,0.00072056,1.568e-05,0.00023168
2025-05-15 08:00:00+00:00,3368.5175,20.09318619,0.97520703,0.97387733,0.0007203,1.705e-05,8.161e-05
2025-05-15 09:00:00+00:00,3297.2325,20.41265537,0.97674162,0.97475186,0.00125428,0.00016014,0.00017374
2025-05-15 10:00:00+00:00,3264.495,20.99814005,0.98012635,0.97759152,0.00137506,0.0004887,0.00013921
2025-05-15 11:00:00+00:00,3242.535,22.61164926,0.98112317,0.9769733,0.00132598,0.00110686,0.00014739
2025-05-15 12:00:00+00:00,3175.6,21.95735772,0.97784078,0.97460443,0.00133693,0.00079224,0.0002597
2025-05-15 13:00:00+00:00,3185.8825,20.9033662,0.97408159,0.97166436,0.00107205,0.00065474,0.00035901
2025-05-15 14:00:00+00:00,3264.0225,20.29329127,0.97648106,0.97395358,0.00107597,0.00085661,0.00046465
2025-05-15 15:00:00+00:00,3296.485,19.80907841,0.97834232,0.97585942,0.00104625,0.0008877,0.00041867
2025-05-15 16:00:00+00:00,3252.4625,20.4819017,0.98456715,0.98331232,0.0006025,1.538e-05,0.00038389
2025-05-15 17:00:00+00:00,3191.0475,23.08904758,0.9958939,0.97891948,0.01489435,0.00084995,0.00017813
2025-05-15 18:00:00+00:00,3226.5325,22.92700223,0.99658057,0.97804237,0.01766064,1.49e-06,0.00016199
2025-05-15 19:00:00+00:00,3237.8275,21.38961044,0.9908007,0.98704127,0.00299152,1.119e-05,0.00032603
2025-05-15 20:00:00+00:00,3223.3625,20.42302042,0.98753035,0.98626851,0.00056852,1.867e-05,0.00038624
2025-05-15 21:00:00+00:00,3037.885,19.79470387,0.98472861,0.98368222,0.0004743,1.319e-05,0.00029338
2025-05-15 22:00:00+00:00,2816.87,18.97217728,0.9828748,0.98182339,0.00047616,1.105e-05,0.00031665
2025-05-15 23:00:00+00:00,2664.4575,19.24783404,0.98352041,0.98228942,0.00060513,1.563e-05,0.00022696
2025-05-16 00:00:00+00:00,2579.46,19.35958667,0.98384082,0.98249209,0.00068975,1.703e-05,0.00012633
2025-05-16 01:00:00+00:00,2536.8675,19.13530708,0.98311169,0.98179054,0.00068756,1.768e-05,0.00013151
2025-05-16 02:00:00+00:00,2523.9875,19.22995177,0.98305172,0.98172041,0.00068746,2.05e-05,0.00010793
2025-05-16 03:00:00+00:00,2594.64,19.70579631,0.98393085,0.98239628,0.00082425,2.48e-05,0.00029332
2025-05-16 04:00:00+00:00,2880.2525,21.176036,0.98723977,0.98488392,0.00148188,2.931e-05,0.00044149
2025-05-16 05:00:00+00:00,3251.9975,21.36063503,0.98599356,0.98390108,0.00127837,2.868e-05,0.00042563
2025-05-16 06:00:00+00:00,3343.0775,20.98894256,0.98146627,0.97967441,0.00111772,2.792e-05,0.0003416
2025-05-16 07:00:00+00:00,3324.305,21.00613846,0.97736378,0.97564628,0.00111772,2.689e-05,0.00034789
2025-05-16 08:00:00+00:00,3274.85,20.84880877,0.97344704,0.9717923,0.00106351,2.339e-05,0.00027326
2025-05-16 09:00:00+00:00,3187.2625,21.347713,0.97775863,0.97572831,0.00131851,2.037e-05,0.00027323
2025-05-16 10:00:00+00:00,3153.085,21.26707671,0.97879388,0.97684246,0.00126553,1.779e-05,0.00025637
2025-05-16 11:00:00+00:00,3141.805,21.28883794,0.98030291,0.97834114,0.00128,1.797e-05,0.00029594
2025-05-16 12:00:00+00:00,3133.93,20.90499197,0.97825281,0.97636433,0.00123726,1.793e-05,0.00028724
2025-05-16 13:00:00+00:00,3155.7,20.16551356,0.97517779,0.97372722,0.00094607,1.803e-05,0.00028972
2025-05-16 14:00:00+00:00,3203.075,19.66526577,0.97664373,0.97520641,0.00090298,2.083e-05,0.00035168
2025-05-16 15:00:00+00:00,3151.035,20.06089448,0.98323843,0.98218019,0.00048111,2.425e-05,0.00039955
2025-05-16 16:00:00+00:00,3142.15,20.36717806,0.98595181,0.98485972,0.00044037,2.57e-05,0.00038066
2025-05-16 17:00:00+00:00,3133.145,20.96505254,0.9892177,0.9879412,0.0004901,2.735e-05,0.00043545
2025-05-16 18:00:00+00:00,3114.1875,21.12949017,0.99043681,0.98927482,0.00040315,2.482e-05,0.00040184
2025-05-16 19:00:00+00:00,3104.305,20.88962597,0.98993163,0.98878482,0.00040289,2.615e-05,0.0004225
2025-05-16 20:00:00+00:00,3067.69,20.21996747,0.98771601,0.98659431,0.00039716,2.689e-05,0.00044267
2025-05-16 21:00:00+00:00,2918.2475,19.49361833,0.98373014,0.98171489,0.0003373,0.00106535,0.00039718
2025-05-16 22:00:00+00:00,2691.6125,19.61510319,0.98319392,0.97902221,0.00103589,0.00241632,0.00051326
2025-05-16 23:00:00+00:00,2513.68,19.85202262,0.98219667,0.97647999,0.00114449,0.00381586,0.00054679
2025-05-17 00:00:00+00:00,2421.3575,19.7047929,0.98142514,0.97550567,0.00090548,0.00431379,0.00051579
2025-05-17 01:00:00+00:00,2328.4525,19.82281966,0.98215351,0.97705495,0.00113997,0.00322871,0.00054391
2025-05-17 02:00:00+00:00,2293.195,19.92017538,0.98197329,0.97668137,0.00118161,0.00338625,0.00057808
2025-05-17 03:00:00+00:00,2244.7575,20.06939527,0.98277631,0.97841729,0.00120508,0.00241661,0.00054026
2025-05-17 04:00:00+00:00,2356.165,20.16142126,0.98260364,0.97977596,0.0011797,0.00091925,0.00059597
2025-05-17 05:00:00+00:00,2604.845,19.8643251,0.98099215,0.97887949,0.00143794,2.28e-05,0.00055746
2025-05-17 06:00:00+00:00,2824.96,19.69220156,0.97833138,0.97685985,0.00095348,2.455e-05,0.00041502
2025-05-17 07:00:00+00:00,2831.0375,20.18160955,0.97705747,0.97560223,0.00087921,2.463e-05,0.0004016
2025-05-17 08:00:00+00:00,2702.06,20.47083708,0.97840858,0.97714809,0.00081143,1.41e-05,0.00032734
2025-05-17 09:00:00+00:00,2592.9575,21.54849623,0.97919967,0.97712359,0.00066369,0.00058773,0.00024993
2025-05-17 10:00:00+00:00,2503.6025,21.58061871,0.97791633,0.97550397,0.00082291,0.00064126,0.00026065
2025-05-17 11:00:00+00:00,2474.95,21.44277469,0.9783642,0.97685664,0.00050252,0.00035796,0.00020803
2025-05-17 12:00:00+00:00,2429.28,21.41824624,0.97764315,0.97565127,0.00062392,0.00052539,0.00023733
2025-05-17 13:00:00+00:00,2410.715,20.69215493,0.97682311,0.97465952,0.00067532,0.0008734,0.00037146
2025-05-17 14:00:00+00:00,2418.33,20.10297227,0.97713125,0.97543419,0.00116519,0.0,0.00048132
2025-05-17 15:00:00+00:00,2424.1375,20.38935301,0.98111447,0.97979543,0.00078135,0.0,0.00047792
2025-05-17 16:00:00+00:00,2454.8275,22.77914355,0.99039589,0.98794915,0.00119817,0.00015822,0.00064856
2025-05-17 17:00:00+00:00,2480.565,23.08442618,0.99183522,0.98984427,0.00085568,8.18e-06,0.00066946
2025-05-17 18:00:00+00:00,2530.0625,23.62095873,0.99379853,0.99186307,0.00077767,1.561e-05,0.00057384
2025-05-17 19:00:00+00:00,2555.5175,22.839368,0.99078852,0.98884201,0.00075367,0.00013116,0.00063216
2025-05-17 20:00:00+00:00,2596.945,22.54089907,0.98992432,0.98779053,0.00071283,0.00043233,0.00062873
2025-05-17 21:00:00+00:00,2576.4375,22.10878481,0.9889043,0.98626463,0.00068177,0.00102594,0.00060535
2025-05-17 22:00:00+00:00,2505.2975,21.40005877,0.9863603,0.98333605,0.00061849,0.00155203,0.00020915
2025-05-17 23:00:00+00:00,2478.4275,20.58209611,0.98343709,0.98010582,0.00057604,0.00200178,0.00054526
2025-05-18 00:00:00+00:00,2436.2,20.26441193,0.9832403,0.97981412,0.00055959,0.00215847,0.00055057
2025-05-18 01:00:00+00:00,2402.215,19.98794586,0.98386212,0.98074188,0.00051631,0.00193784,0.00046953
2025-05-18 02:00:00+00:00,2361.7125,19.80861783,0.98382671,0.98084467,0.00053836,0.00179102,0.0005589
2025-05-18 03:00:00+00:00,2319.2925,19.40282544,0.98308585,0.98191635,0.00054694,5.57e-06,0.00058326
2025-05-18 04:00:00+00:00,2323.4575,19.44241961,0.98211156,0.98073551,0.00051033,0.00029075,0.00047795
2025-05-18 05:00:00+00:00,2329.505,19.40680113,0.97999287,0.97870768,0.00049206,0.00025005,0.00045486
2025-05-18 06:00:00+00:00,2393.7075,19.8030375,0.97877302,0.97705017,0.00039871,0.00089473,0.00039173
2025-05-18 07:00:00+00:00,2516.71,20.05250567,0.97863234,0.97771864,0.00042807,7.45e-06,0.00044485
2025-05-18 08:00:00+00:00,2624.53,20.12395528,0.97635827,0.97556813,0.00035033,9.72e-06,0.00040561
2025-05-18 09:00:00+00:00,2675.0125,20.95496006,0.98045623,0.97916225,0.00041978,0.00031028,0.00048516
2025-05-18 10:00:00+00:00,2673.6625,21.60243487,0.98136289,0.97966738,0.00063375,0.00033327,0.0004274
2025-05-18 11:00:00+00:00,2647.64,21.79515825,0.98128899,0.97993682,0.00059795,1.079e-05,0.00027294
2025-05-18 12:00:00+00:00,2624.43,21.68458077,0.97981448,0.97848165,0.0006239,1.407e-05,0.00030233
2025-05-18 13:00:00+00:00,2629.1125,20.85586876,0.97734934,0.97623858,0.00053011,1.463e-05,0.00031983
2025-05-18 14:00:00+00:00,2682.3975,20.30466255,0.9759534,0.97489439,0.00032704,0.00025068,0.00040492
2025-05-18 15:00:00+00:00,2733.2225,20.0444378,0.97971877,0.97897186,0.00023213,1.603e-05,0.0004123
2025-05-18 16:00:00+00:00,2834.4825,20.66457381,0.98393024,0.98206418,0.00099205,1.948e-05,0.00056884
2025-05-18 17:00:00+00:00,2890.0025,21.44871004,0.98699665,0.98478294,0.00110174,2.101e-05,0.00057116
2025-05-18 18:00:00+00:00,2919.6725,21.47840034,0.98748577,0.98530637,0.00109008,1.52e-05,0.00059097
2025-05-18 19:00:00+00:00,2918.32,21.35905305,0.98754129,0.98544563,0.00110018,1.214e-05,0.00052812
2025-05-18 20:00:00+00:00,2908.9175,20.96742743,0.98711378,0.98547716,0.00078674,8.4e-06,0.00053529
2025-05-18 21:00:00+00:00,2757.77,20.32111145,0.98534574,0.98392079,0.00078766,0.0,0.00052632
2025-05-18 22:00:00+00:00,2633.1225,20.024525,0.98555914,0.98435625,0.00054065,0.0,0.00050646
2025-05-18 23:00:00+00:00,2513.0375,19.63861379,0.98449319,0.98328197,0.00047787,4.906e-05,0.00047602
2025-05-19 00:00:00+00:00,2427.15,19.64209352,0.98450572,0.98379788,2.139e-05,0.0,0.00048512
2025-05-19 01:00:00+00:00,2390.4675,19.52122459,0.98457459,0.98396482,1.97e-06,0.0,0.00053111
2025-05-19 02:00:00+00:00,2369.87,19.50860871,0.98470356,0.98412185,1.87e-06,0.0,0.00044577
2025-05-19 03:00:00+00:00,2432.165,20.49990303,0.98617276,0.98466728,0.00046612,0.0,0.00055188
2025-05-19 04:00:00+00:00,2740.5175,22.99748293,0.99229291,0.99008554,0.00058864,0.0,0.00049648
2025-05-19 05:00:00+00:00,3092.3975,23.48661332,0.99282745,0.99074452,0.00050431,0.0,0.00041362
2025-05-19 06:00:00+00:00,3156.69,23.46086079,0.99184773,0.99018678,0.00056665,0.0,0.00044681
2025-05-19 07:00:00+00:00,3118.5875,23.11906,0.98762064,0.98618853,0.00046427,0.0,0.00036354
2025-05-19 08:00:00+00:00,3105.0725,22.42039952,0.98129952,0.97964828,0.0005413,0.0,0.00039325
2025-05-19 09:00:00+00:00,3100.7825,21.70312623,0.97422523,0.97279976,0.00056399,0.0,0.00043979
2025-05-19 10:00:00+00:00,3092.6275,22.3801295,0.97762597,0.97426318,0.00158104,0.0,0.00042851
2025-05-19 11:00:00+00:00,3089.6525,22.14323041,0.98187962,0.98034949,0.00069568,0.0,0.0004663
2025-05-19 12:00:00+00:00,3087.3775,21.63259752,0.97817849,0.97639914,0.00072163,0.0,0.00047762
2025-05-19 13:00:00+00:00,3125.88,21.39640031,0.97805831,0.97612785,0.00065659,1.68e-06,0.00043171
2025-05-19 14:00:00+00:00,3149.1375,21.70223094,0.98501136,0.98341913,0.00066382,0.0,0.00041714
2025-05-19 15:00:00+00:00,3145.5575,22.69831762,0.99205438,0.98953554,0.00143203,0.0,0.00025813
2025-05-19 16:00:00+00:00,3172.09,23.56223756,0.99637234,0.993561,0.00168179,1.01e-06,0.00021833
2025-05-19 17:00:00+00:00,3163.3275,23.56780151,0.99663916,0.99393803,0.00166673,0.0,0.00024023
2025-05-19 18:00:00+00:00,3160.5475,23.54207534,0.99675937,0.9941192,0.00165406,0.0,0.00026136
2025-05-19 19:00:00+00:00,3150.685,23.1044433,0.99603035,0.99338836,0.00167257,0.0,0.00029153
2025-05-19 20:00:00+00:00,3113.77,21.93751448,0.99412286,0.99159023,0.00163676,0.0,0.0003414
2025-05-19 21:00:00+00:00,2885.3575,20.75764452,0.99118802,0.98940517,0.000959,0.0,0.00034682
2025-05-19 22:00:00+00:00,2636.505,20.6459966,0.99024535,0.9886458,6.36e-05,0.00070771,0.00033147
2025-05-19 23:00:00+00:00,2492.8225,20.68320925,0.98872416,0.98526592,4.744e-05,0.0025549,0.0003819
2025-05-20 00:00:00+00:00,2398.96,20.36589971,0.98792037,0.98376785,4.721e-05,0.00326488,0.00038129
2025-05-20 01:00:00+00:00,2361.42,20.4969447,0.98767723,0.98345252,4.869e-05,0.0033221,0.0003839
2025-05-20 02:00:00+00:00,2345.435,21.03679562,0.98806037,0.9841414,5.266e-05,0.00298358,0.00042936
2025-05-20 03:00:00+00:00,2423.6975,21.43296677,0.98885377,0.98548691,0.00033033,0.0020895,0.00052746
2025-05-20 04:00:00+00:00,2715.955,22.14403192,0.99120832,0.98925024,0.00034595,0.00063995,0.00045394
2025-05-20 05:00:00+00:00,3034.03,22.97099351,0.99330867,0.99189183,0.0003549,3.199e-05,0.00042002
2025-05-20 06:00:00+00:00,3110.855,23.05937034,0.99213415,0.99076558,5.332e-05,0.00029703,0.0003642
2025-05-20 07:00:00+00:00,3099.6825,22.52366247,0.98715593,0.9852628,4.482e-05,0.00089739,0.00028146
2025-05-20 08:00:00+00:00,3068.8375,21.99944932,0.9800339,0.97626607,0.00080143,0.00202188,0.00041838
2025-05-20 09:00:00+00:00,3020.54,21.51619616,0.97351295,0.9698324,0.00077468,0.00209157,0.00040388
2025-05-20 10:00:00+00:00,3019.0225,21.35425604,0.97387742,0.97074192,0.0010583,0.00131945,0.00047604
2025-05-20 11:00:00+00:00,2999.9825,21.65199446,0.97796204,0.97516819,0.00106009,0.00098118,0.00045917
2025-05-20 12:00:00+00:00,3007.945,21.24668284,0.97446911,0.9717653,0.0009007,0.00109702,0.00039873
2025-05-20 13:00:00+00:00,3016.2425,20.97369243,0.97449927,0.97207662,0.00069366,0.00105088,0.00040587
2025-05-20 14:00:00+00:00,3040.9525,20.76752459,0.97809538,0.97591043,0.00053235,0.00099202,0.00032457
2025-05-20 15:00:00+00:00,3013.8275,22.03225703,0.98907043,0.98647263,0.00087214,0.00075117,0.00043636
2025-05-20 16:00:00+00:00,3086.92,23.36050726,0.99659475,0.99382994,0.00170301,0.0,0.00028096
2025-05-20 17:00:00+00:00,3050.485,23.38629048,0.99720812,0.99580182,0.00046781,0.0,0.00016909
2025-05-20 18:00:00+00:00,3065.56,23.37293095,0.99727729,0.99428116,0.00204788,0.0,0.0001879
2025-05-20 19:00:00+00:00,3044.91,23.24950603,0.99722836,0.99440397,0.00187395,1.16e-06,0.00022239
2025-05-20 20:00:00+00:00,2985.945,23.07973966,0.99709603,0.9952663,0.00084881,0.0,0.00031279
2025-05-20 21:00:00+00:00,2806.7025,22.95888216,0.99643792,0.99517719,0.00020815,0.0,0.00038493
2025-05-20 22:00:00+00:00,2563.0225,21.70591766,0.99319227,0.99211324,6.46e-06,8.253e-05,0.00048054
2025-05-20 23:00:00+00:00,2432.1825,21.46535024,0.99258689,0.99145469,5.26e-06,0.00016605,0.00047114
2025-05-21 00:00:00+00:00,2376.38,21.1788617,0.99104248,0.98899315,4.52e-06,0.0011223,0.00051891
2025-05-21 01:00:00+00:00,2369.82,20.95063348,0.99015102,0.98807884,3.97e-06,0.00117398,0.00051492
2025-05-21 02:00:00+00:00,2336.96,20.6400147,0.99003157,0.98901314,3.69e-06,0.00018142,0.00047584
2025-05-21 03:00:00+00:00,2391.95,21.27369802,0.99090802,0.98960844,0.00042962,1.5e-06,0.00046155
2025-05-21 04:00:00+00:00,2718.39,23.10637772,0.99521164,0.99404898,1.834e-05,1.29e-06,0.00047761
2025-05-21 05:00:00+00:00,3135.73,23.48103482,0.99636065,0.99525201,7.63e-06,0.0,0.00031789
2025-05-21 06:00:00+00:00,3239.2925,23.42566388,0.9954639,0.99409473,7.84e-06,0.0,0.00065056
2025-05-21 07:00:00+00:00,3239.9025,22.32718532,0.9893409,0.98796932,5.76e-06,0.0,0.00052488
2025-05-21 08:00:00+00:00,3221.72,21.49932371,0.984089,0.98250893,4.17e-06,0.00049996,0.00036545
2025-05-21 09:00:00+00:00,3187.9875,22.09526279,0.98532067,0.98325222,1.201e-05,0.00063132,0.00037145
2025-05-21 10:00:00+00:00,3157.255,21.82800932,0.98400677,0.98263393,2.087e-05,0.00031585,0.00049284
2025-05-21 11:00:00+00:00,3230.9525,24.4692094,0.98458531,0.97804507,0.00045999,0.00232614,0.00036653
2025-05-21 12:00:00+00:00,3267.18,24.41204059,0.98412581,0.97753979,0.0004332,0.00214509,0.00034934
2025-05-21 13:00:00+00:00,3304.655,22.81658607,0.98405735,0.97999838,0.00041541,0.00105214,0.00038618
2025-05-21 14:00:00+00:00,3284.595,22.16339242,0.98725699,0.98408334,0.00044531,0.00107363,0.00037987
2025-05-21 15:00:00+00:00,3251.3,22.10283757,0.98920518,0.98614125,0.00050984,0.001123,0.0004478
2025-05-21 16:00:00+00:00,3254.825,22.69797496,0.9922096,0.98863544,0.00062441,0.00095518,0.00052344
2025-05-21 17:00:00+00:00,3277.0675,22.75667493,0.99354964,0.99079286,0.00065526,0.00033024,0.00054905
2025-05-21 18:00:00+00:00,3309.2025,22.84706431,0.994583,0.99197818,0.00062615,0.0002267,0.0005007
2025-05-21 19:00:00+00:00,3279.015,23.5482705,0.99680908,0.99361935,0.00053282,0.00044514,0.0003816
2025-05-21 20:00:00+00:00,3282.0375,22.94437236,0.99521538,0.9924783,0.00058859,0.00029263,0.00050099
2025-05-21 21:00:00+00:00,3108.8125,21.7442358,0.99097693,0.98815635,0.00054703,0.00103189,0.00045783
2025-05-21 22:00:00+00:00,2922.73,20.91202266,0.98724426,0.98324857,0.00051374,0.00254027,0.00051401
2025-05-21 23:00:00+00:00,2764.185,20.76718585,0.98765291,0.98341254,0.00053318,0.00269671,0.00056202
2025-05-22 00:00:00+00:00,2706.5375,20.48495451,0.98772525,0.98338276,0.00049757,0.00289228,0.00046859
2025-05-22 01:00:00+00:00,2725.1225,20.19349164,0.98641605,0.9823817,4.8e-06,0.0031615,0.00047182
2025-05-22 02:00:00+00:00,2730.99,19.99793849,0.98599069,0.98184771,2.48e-06,0.0033554,0.00051173
2025-05-22 03:00:00+00:00,2800.2625,20.07049397,0.98698856,0.98326254,2.79e-06,0.00293797,0.00048325
2025-05-22 04:00:00+00:00,3110.62,20.36337661,0.98842842,0.98552188,3.47e-06,0.00208955,0.00044862
2025-05-22 05:00:00+00:00,3482.4875,20.81586677,0.99026611,0.98775778,4.12e-06,0.00167717,0.00033696
2025-05-22 06:00:00+00:00,3572.0825,20.41500761,0.98795793,0.98514428,4.65e-06,0.00188284,0.00037488
2025-05-22 07:00:00+00:00,3571.6,20.06341305,0.98536034,0.98180663,4.93e-06,0.00251821,0.00041846
2025-05-22 08:00:00+00:00,3586.245,19.73131697,0.98413221,0.98131246,7.94e-06,0.00177076,0.0003834
2025-05-22 09:00:00+00:00,3557.1,19.93840497,0.98396618,0.9823745,8.24e-06,0.00053917,0.00038942
2025-05-22 10:00:00+00:00,3567.19,20.18202972,0.98394269,0.98212912,0.00012486,0.00064243,0.00047011
2025-05-22 11:00:00+00:00,3540.3525,20.66154151,0.98470137,0.98253312,1.68e-05,0.00081822,0.00036683
2025-05-22 12:00:00+00:00,3544.465,20.22293954,0.98359518,0.98138702,0.0003985,0.00071732,0.00036952
2025-05-22 13:00:00+00:00,3549.1375,19.84197462,0.9827295,0.980802,0.00035678,0.00054822,0.00030753
2025-05-22 14:00:00+00:00,3578.1575,20.04632581,0.98440346,0.98165491,0.0004403,0.00136623,0.00038943
2025-05-22 15:00:00+00:00,3588.24,19.83455505,0.98489806,0.98137642,0.00043375,0.00242525,0.0003929
2025-05-22 16:00:00+00:00,3549.3075,21.02890765,0.99030068,0.98739018,0.0004317,0.00162567,0.00034137
2025-05-22 17:00:00+00:00,3596.445,23.19262909,0.99789884,0.99106781,0.00502804,0.00055307,0.00022601
2025-05-22 18:00:00+00:00,3561.58,23.41528976,0.99864644,0.98976272,0.00714739,0.00055242,8.549e-05
2025-05-22 19:00:00+00:00,3559.405,23.4915692,0.99892543,0.98400919,0.01311957,0.00067248,5.333e-05
2025-05-22 20:00:00+00:00,3535.5075,23.18294863,0.99932,0.9869388,0.01145082,1.2e-06,4.131e-05
2025-05-22 21:00:00+00:00,3363.0775,23.08628357,0.99917009,0.99380122,0.00442593,1.36e-06,9.636e-05
2025-05-22 22:00:00+00:00,3241.6175,22.84888091,0.99822309,0.99598049,0.00114804,6.759e-05,0.00031408
2025-05-22 23:00:00+00:00,3127.8475,22.70314728,0.99722302,0.99563334,0.00039997,0.00017564,0.00040708
2025-05-23 00:00:00+00:00,3025.1275,22.74828466,0.99709691,0.9954373,0.00045012,0.00016083,0.00042902
2025-05-23 01:00:00+00:00,2987.6025,22.91341848,0.99736316,0.99577962,0.00044438,8.968e-05,0.00040639
2025-05-23 02:00:00+00:00,2950.7475,22.97622804,0.99779743,0.99580519,0.0009161,1.153e-05,0.00039988
2025-05-23 03:00:00+00:00,2985.1925,23.19064334,0.99797728,0.99160948,0.0053063,0.0,0.00026838
2025-05-23 04:00:00+00:00,3323.61,23.44837571,0.99862235,0.98551442,0.01209826,0.0,5.323e-05
2025-05-23 05:00:00+00:00,3735.49,23.54028555,0.99908991,0.98199486,0.01618008,0.0,1.316e-05
2025-05-23 06:00:00+00:00,3907.14,23.59853924,0.99932833,0.98004379,0.01831564,0.0,5.323e-05
2025-05-23 07:00:00+00:00,3886.21,23.97636085,0.99825307,0.9816184,0.01453408,0.00074677,0.0001787
2025-05-23 08:00:00+00:00,3839.7425,23.53338713,0.99413188,0.98580452,0.00571996,0.00105935,0.00037808
2025-05-23 09:00:00+00:00,3765.6675,22.95394992,0.9855498,0.97675826,0.00430999,0.00274649,0.00049559
2025-05-23 10:00:00+00:00,3787.575,21.95930463,0.9792833,0.97281297,0.00119733,0.00381326,0.00050379
2025-05-23 11:00:00+00:00,3754.17,22.91907479,0.97796662,0.97034114,0.00074729,0.00451121,0.00050231
2025-05-23 12:00:00+00:00,3679.3975,22.1292569,0.97833429,0.97209903,0.00083568,0.0036855,0.00046262
2025-05-23 13:00:00+00:00,3648.51,21.57798479,0.97539417,0.96893195,0.00074453,0.00432195,0.0004875
2025-05-23 14:00:00+00:00,3640.095,21.58310087,0.97737003,0.97141391,0.00083169,0.00393113,0.00046757
2025-05-23 15:00:00+00:00,3590.455,22.21520934,0.98806402,0.98420065,0.00098372,0.0017937,0.00057635
2025-05-23 16:00:00+00:00,3574.775,24.42874771,0.99739738,0.98131657,0.0136029,0.00089026,0.00026698
2025-05-23 17:00:00+00:00,3521.955,24.58481477,0.99849208,0.97760697,0.01839158,0.00104471,6.944e-05
2025-05-23 18:00:00+00:00,3472.2875,24.26508052,0.99907941,0.97842164,0.01966556,5.7e-07,8.123e-05
2025-05-23 19:00:00+00:00,3408.5725,24.28187271,0.99910193,0.98188408,0.01623505,7.3e-07,0.00010011
2025-05-23 20:00:00+00:00,3328.3275,24.30177566,0.99922741,0.98552527,0.01270136,3.4e-07,0.00015047
2025-05-23 21:00:00+00:00,3197.165,24.39053035,0.99917215,0.98501193,0.01313957,2.6e-07,5.101e-05
2025-05-23 22:00:00+00:00,3061.88,24.34632591,0.99880194,0.9916078,0.00617267,0.0,0.00014457
2025-05-23 23:00:00+00:00,2920.97,24.27438347,0.99846281,0.99060962,0.0067691,1.19e-06,0.0002246
2025-05-24 00:00:00+00:00,2826.3475,24.17836907,0.99811381,0.99662259,0.00035943,1.88e-06,0.00029766
2025-05-24 01:00:00+00:00,2770.33,23.95969561,0.9978235,0.99278681,0.00382549,2.19e-06,0.0003474
2025-05-24 02:00:00+00:00,2748.12,23.74032178,0.99733646,0.99220207,0.00391356,2.54e-06,0.0004534
2025-05-24 03:00:00+00:00,2740.35,23.63140164,0.9968616,0.99298912,0.0026093,8.473e-05,0.00037832
2025-05-24 04:00:00+00:00,2788.93,23.50344392,0.99678938,0.99364805,0.00171207,0.00022911,0.00031457
2025-05-24 05:00:00+00:00,2908.6275,23.55710253,0.99579567,0.99146014,0.00252331,0.00044994,0.00031532
2025-05-24 06:00:00+00:00,3120.02,21.55641167,0.98971485,0.98886732,4.53e-06,2.3e-06,0.00034416
2025-05-24 07:00:00+00:00,3375.475,19.71338347,0.97928803,0.97869677,1.53e-06,2e-06,0.00030194
2025-05-24 08:00:00+00:00,3487.0125,20.22990316,0.98227655,0.98153685,1.96e-06,0.00011567,0.00032002
2025-05-24 09:00:00+00:00,3511.345,20.61238156,0.98449947,0.98341556,2.15e-06,0.00043174,0.00033053
2025-05-24 10:00:00+00:00,3448.4525,21.04413484,0.98792419,0.98669608,0.00032539,0.00020393,0.00029375
2025-05-24 11:00:00+00:00,3478.705,21.05606748,0.98430233,0.98231066,1.157e-05,0.00092832,0.00030411
2025-05-24 12:00:00+00:00,3423.355,19.94418242,0.9818061,0.98118489,1.5e-07,0.000326,0.00024191
2025-05-24 13:00:00+00:00,3352.2875,19.61821178,0.98084681,0.97996295,6.2e-07,0.00047277,0.00032185
2025-05-24 14:00:00+00:00,3337.2675,19.36942984,0.98241981,0.98192018,1.46e-06,2.38e-06,0.00036364
2025-05-24 15:00:00+00:00,3313.355,20.90891142,0.99205359,0.99139593,3.9e-06,2.34e-06,0.00038211
2025-05-24 16:00:00+00:00,3309.3925,22.85912021,0.99820625,0.99739663,6.6e-06,1.42e-06,0.00022285
2025-05-24 17:00:00+00:00,3276.2325,22.94935745,0.99805268,0.99724912,6.7e-06,1.26e-06,0.00019398
2025-05-24 18:00:00+00:00,3240.85,22.86797811,0.99810287,0.99714211,0.00017777,1.16e-06,0.00013848
2025-05-24 19:00:00+00:00,3192.0825,22.81438104,0.99806269,0.99726126,6.71e-06,1.24e-06,0.00018013
2025-05-24 20:00:00+00:00,3169.5025,22.85214334,0.99798657,0.99620223,0.00096382,1.17e-06,0.00016935
2025-05-24 21:00:00+00:00,3079.57,22.87598867,0.99781198,0.99691131,7.1e-06,1.86e-06,0.00027912
2025-05-24 22:00:00+00:00,2953.415,20.00146462,0.98898079,0.98819478,3.71e-06,5.411e-05,0.00053291
2025-05-24 23:00:00+00:00,2850.6225,19.80084098,0.98772245,0.9865946,0.00010295,0.00031716,0.00055886
2025-05-25 00:00:00+00:00,2826.0375,19.85468325,0.98800197,0.98595679,0.00055952,0.00069163,0.00059276
2025-05-25 01:00:00+00:00,2800.355,20.60586664,0.98929256,0.98699492,0.00055989,0.00085211,0.0005473
2025-05-25 02:00:00+00:00,2767.19,20.6344166,0.98928341,0.98728327,0.00028106,0.00085788,0.00055188
2025-05-25 03:00:00+00:00,2730.5375,20.60391662,0.9884857,0.98700852,5.882e-05,0.00057875,0.00046079
2025-05-25 04:00:00+00:00,2771.82,20.34644929,0.98560024,0.9843304,1.135e-05,0.00046449,0.00042352
2025-05-25 05:00:00+00:00,2831.0025,20.4985811,0.98488047,0.98422577,2.25e-06,3.99e-06,0.00046467
2025-05-25 06:00:00+00:00,2998.6575,20.59442681,0.98393911,0.98327741,2.35e-06,3.78e-06,0.00051616
2025-05-25 07:00:00+00:00,3210.405,20.56688743,0.98413859,0.98313762,0.00029868,3.89e-06,0.00061463
2025-05-25 08:00:00+00:00,3406.715,20.34805075,0.9816098,0.98090316,3.962e-05,3.91e-06,0.00058921
2025-05-25 09:00:00+00:00,3478.535,20.80729348,0.9848486,0.98351974,0.00059712,3.55e-06,0.00057069
2025-05-25 10:00:00+00:00,3519.6375,20.65571319,0.98481941,0.98301094,0.00105672,3.35e-06,0.00053756
2025-05-25 11:00:00+00:00,3520.0725,20.67320405,0.98517842,0.9836134,0.0008214,3.838e-05,0.00051086
2025-05-25 12:00:00+00:00,3520.01,20.70844509,0.98567042,0.983768,0.00100085,0.00020015,0.00052071
2025-05-25 13:00:00+00:00,3568.8425,20.76463476,0.98777788,0.98561614,0.00116469,0.00021618,0.00052256
2025-05-25 14:00:00+00:00,3590.445,20.7082706,0.98716872,0.98482785,0.00096145,0.00036557,0.00050168
2025-05-25 15:00:00+00:00,3604.9875,20.67479351,0.98923786,0.98775033,0.00050333,0.00017361,0.00046255
2025-05-25 16:00:00+00:00,3623.27,20.55849441,0.98943541,0.98826368,3.64e-06,0.0002268,0.0004539
2025-05-25 17:00:00+00:00,3572.1375,21.8614053,0.99470901,0.99389176,5.28e-06,2.849e-05,0.00037418
2025-05-25 18:00:00+00:00,3483.815,22.61811343,0.99720091,0.99624164,1.119e-05,5.487e-05,0.00036642
2025-05-25 19:00:00+00:00,3394.585,22.48978454,0.99685673,0.99603198,5.78e-06,3.174e-05,0.000356
2025-05-25 20:00:00+00:00,3359.6775,22.60166721,0.99720486,0.99639598,6.1e-06,1.81e-06,0.00031194
2025-05-25 21:00:00+00:00,3130.035,21.78020782,0.99428606,0.99302472,5.24e-06,0.00046146,0.00042253
2025-05-25 22:00:00+00:00,2935.93,21.59632305,0.99295024,0.9909338,4.95e-06,0.00125178,0.00038321
2025-05-25 23:00:00+00:00,2796.6325,21.32500285,0.99160433,0.98895268,4.73e-06,0.00185363,0.00043774
2025-05-26 00:00:00+00:00,2685.8725,21.49726288,0.99130822,0.98849439,5.03e-06,0.00194892,0.00049786
2025-05-26 01:00:00+00:00,2657.8875,21.79341622,0.99238692,0.98990822,5.07e-06,0.00164825,0.000443
2025-05-26 02:00:00+00:00,2634.665,21.98001267,0.99272318,0.99046396,5.44e-06,0.00136062,0.00051042
2025-05-26 03:00:00+00:00,2734.5625,22.37397073,0.99383019,0.99227321,5.36e-06,0.00071463,0.00048138
2025-05-26 04:00:00+00:00,3097.7,23.5675189,0.9967512,0.99415959,0.00032282,0.00027892,0.00038599
2025-05-26 05:00:00+00:00,3446.51,25.01491856,0.99690547,0.9914543,0.00018591,0.0008193,0.00023553
2025-05-26 06:00:00+00:00,3502.055,24.27452934,0.99740837,0.99370295,0.00020843,0.00056065,0.00023321
2025-05-26 07:00:00+00:00,3429.9925,23.1271072,0.99351217,0.99074219,0.0003169,0.00069595,0.00047307
2025-05-26 08:00:00+00:00,3391.5,21.19972408,0.98072651,0.97774316,0.00030647,0.00187447,0.00054613
2025-05-26 09:00:00+00:00,3372.4925,21.03054085,0.97580145,0.97253517,0.00031146,0.00190906,0.00048408
2025-05-26 10:00:00+00:00,3337.65,20.75313001,0.97317817,0.9705925,7.838e-05,0.00183528,0.0004147
2025-05-26 11:00:00+00:00,3401.01,20.90012811,0.97470581,0.97169198,0.00023329,0.00150318,0.0003496
2025-05-26 12:00:00+00:00,3430.175,20.69382575,0.97547144,0.97313242,0.00022723,0.00128894,0.00035422
2025-05-26 13:00:00+00:00,3333.1175,20.73487516,0.97455181,0.97125832,0.00025064,0.0018868,0.00045997
2025-05-26 14:00:00+00:00,3349.5725,21.01107938,0.9811577,0.97869206,0.0007189,0.00070956,0.000512
2025-05-26 15:00:00+00:00,3373.89,20.71200415,0.98258419,0.9799868,0.00077581,0.00107136,0.00041007
2025-05-26 16:00:00+00:00,3314.225,22.3197382,0.99481945,0.99231615,0.00183656,0.0,0.00026155
2025-05-26 17:00:00+00:00,3375.905,23.34368306,0.99815351,0.99232511,0.00507261,0.0,0.00024174
2025-05-26 18:00:00+00:00,3360.175,23.30352485,0.99820227,0.99118285,0.00628161,0.0,0.00021522
2025-05-26 19:00:00+00:00,3329.285,23.16285686,0.99834969,0.99391643,0.00368269,0.0,0.00018307
2025-05-26 20:00:00+00:00,3314.4475,22.88771419,0.99799612,0.99538937,0.00189155,0.0,0.00023089
2025-05-26 21:00:00+00:00,3109.8075,22.7589893,0.99699502,0.99556101,0.0007148,2.021e-05,0.00025226
2025-05-26 22:00:00+00:00,2924.6,21.62028262,0.99319077,0.99125841,0.00084469,0.00043926,0.00029572
2025-05-26 23:00:00+00:00,2797.1375,21.06883187,0.99055554,0.98822971,0.00093479,0.00082522,0.00044656
2025-05-27 00:00:00+00:00,2757.525,20.99477794,0.99028333,0.98830737,0.00078467,0.00049225,0.0004641
2025-05-27 01:00:00+00:00,2744.4025,21.12775572,0.98988788,0.98761694,0.00055332,0.00073188,0.00045781
2025-05-27 02:00:00+00:00,2775.905,20.6056446,0.98894851,0.98664795,0.0005679,0.00102412,0.00048393
2025-05-27 03:00:00+00:00,2849.65,21.37503768,0.9905452,0.9886921,0.00057947,0.00057078,0.00049999
2025-05-27 04:00:00+00:00,3110.4425,22.44971485,0.99364803,0.99175998,0.00088766,0.00024279,0.00036548
2025-05-27 05:00:00+00:00,3480.145,22.36428345,0.99088406,0.98842902,0.00132063,0.00027915,0.0003247
2025-05-27 06:00:00+00:00,3575.075,22.39442731,0.99018768,0.98719804,0.00164704,0.00035853,0.00028488
2025-05-27 07:00:00+00:00,3576.7325,21.7523208,0.98512102,0.98148788,0.00178769,0.00093336,0.00033646
2025-05-27 08:00:00+00:00,3643.785,21.54630901,0.98305594,0.97903473,0.00142426,0.00159458,0.00038487
2025-05-27 09:00:00+00:00,3683.2625,21.29296855,0.98336554,0.98003081,0.00084877,0.00162253,0.00037475
2025-05-27 10:00:00+00:00,3739.19,21.52756225,0.98539185,0.98152086,0.00092157,0.00194831,0.00034653
2025-05-27 11:00:00+00:00,3760.5075,20.91422268,0.98637365,0.98215522,0.00162046,0.00192076,0.00032441
2025-05-27 12:00:00+00:00,3764.65,21.09113554,0.98842849,0.98472105,0.00150968,0.00143432,0.00030539
2025-05-27 13:00:00+00:00,3745.1425,20.20671854,0.98801313,0.98511013,0.00117975,0.00116617,0.00026914
2025-05-27 14:00:00+00:00,3780.4225,20.28985698,0.98878005,0.98544904,0.00116049,0.0016583,0.00023365
2025-05-27 15:00:00+00:00,3739.915,21.457195,0.99314109,0.99051775,0.0009173,0.00117204,0.00010731
2025-05-27 16:00:00+00:00,3655.0775,21.96468596,0.99560063,0.98963893,0.00511213,0.00020204,0.00018852
2025-05-27 17:00:00+00:00,3620.8375,22.62636668,0.99763517,0.98828688,0.00857425,6.822e-05,0.00023486
2025-05-27 18:00:00+00:00,3618.615,22.60094753,0.99779057,0.99105688,0.00604868,3.241e-05,0.00018156
2025-05-27 19:00:00+00:00,3554.2475,21.95270385,0.99635894,0.99419935,0.00137756,0.00019308,0.00025252
2025-05-27 20:00:00+00:00,3502.8625,21.68737294,0.99543214,0.9933013,0.00134905,0.00018893,0.00029597
2025-05-27 21:00:00+00:00,3357.285,21.32064026,0.99439162,0.99231175,0.00148884,2.35e-06,0.00035537
2025-05-27 22:00:00+00:00,3154.86,22.34482693,0.99614137,0.99385888,0.00149185,7.922e-05,0.00020874
2025-05-27 23:00:00+00:00,3011.29,22.56119568,0.99614194,0.99352839,0.00160067,0.00025392,0.00027678
2025-05-28 00:00:00+00:00,2967.74,22.72347616,0.99638691,0.99372925,0.00167735,0.00019941,0.00025772
2025-05-28 01:00:00+00:00,2929.38,22.6794755,0.9959014,0.99319258,0.00170335,0.00023018,0.00030187
2025-05-28 02:00:00+00:00,2865.1025,23.08200979,0.99645448,0.99381312,0.00172725,8.899e-05,0.00033846
2025-05-28 03:00:00+00:00,2966.5625,23.33133396,0.99705627,0.99439794,0.00181926,2.61e-06,0.00032161
2025-05-28 04:00:00+00:00,3178.8275,23.53533754,0.99735111,0.99504055,0.00150086,2.17e-06,0.00026941
2025-05-28 05:00:00+00:00,3470.5025,23.8626543,0.99771028,0.99423226,0.00262813,0.0,0.00026542
2025-05-28 06:00:00+00:00,3504.1575,24.05235441,0.99773554,0.99155696,0.00531135,0.0,0.00041249
2025-05-28 07:00:00+00:00,3413.88,24.06404503,0.9979362,0.99198796,0.00505367,2.12e-06,0.00027219
2025-05-28 08:00:00+00:00,3334.34,24.0177041,0.99769555,0.99566019,0.00118698,0.0,0.00030266
2025-05-28 09:00:00+00:00,3261.4475,24.06026825,0.99771881,0.99327293,0.00349356,0.0,0.000281
2025-05-28 10:00:00+00:00,3256.8525,23.72821531,0.99553857,0.9931207,0.00143395,0.0001131,0.00036646
2025-05-28 11:00:00+00:00,3232.475,23.50289178,0.99372204,0.99141363,0.00138645,6.052e-05,0.00036743
2025-05-28 12:00:00+00:00,3216.715,23.09849042,0.99038248,0.98759199,0.00136872,0.00059451,0.00026227
2025-05-28 13:00:00+00:00,3206.645,22.78476763,0.98973442,0.98634227,0.00228161,0.00032623,0.00026899
2025-05-28 14:00:00+00:00,3225.475,23.11691859,0.99245138,0.98736083,0.00435526,0.0,0.00031336
2025-05-28 15:00:00+00:00,3209.745,23.69119357,0.99649147,0.99050492,0.00517503,0.0,0.00026639
2025-05-28 16:00:00+00:00,3197.4,23.54298639,0.99728501,0.99120422,0.00527639,1.37e-06,0.00033029
2025-05-28 17:00:00+00:00,3166.4225,23.81175693,0.9979156,0.99184765,0.00527774,0.0,0.00028617
2025-05-28 18:00:00+00:00,3162.87,23.66098981,0.99799469,0.99208158,0.00514603,0.0,0.00028142
2025-05-28 19:00:00+00:00,3153.65,23.64599368,0.99793631,0.99080444,0.00634988,6.5e-07,0.00026029
2025-05-28 20:00:00+00:00,3123.645,23.64858364,0.99793572,0.99025136,0.00689978,1.02e-06,0.00023626
2025-05-28 21:00:00+00:00,3040.0375,23.59822855,0.99738363,0.99060699,0.00598503,1.17e-06,0.00027475
2025-05-28 22:00:00+00:00,2857.0175,23.81528689,0.99707099,0.99022394,0.00597954,3.854e-05,0.00033654
2025-05-28 23:00:00+00:00,2699.45,23.3820017,0.99577019,0.98946032,0.00542509,8.984e-05,0.00034324
2025-05-29 00:00:00+00:00,2648.335,23.43357385,0.99601457,0.98985641,0.00535094,3.322e-05,0.00030484
2025-05-29 01:00:00+00:00,2615.3125,23.47493431,0.99575185,0.98944132,0.00550833,0.0,0.00036614
2025-05-29 02:00:00+00:00,2571.4875,23.6707038,0.99523014,0.98877398,0.00565793,0.0,0.00032101
2025-05-29 03:00:00+00:00,2581.9725,23.77128226,0.99525929,0.98877526,0.0056802,0.0,0.00034148
2025-05-29 04:00:00+00:00,2622.33,23.68032594,0.99570098,0.99177163,0.0031395,0.0,0.00027038
2025-05-29 05:00:00+00:00,2666.2475,23.75241288,0.99566244,0.9891832,0.00574143,0.0,0.00018326
2025-05-29 06:00:00+00:00,2698.13,23.75763337,0.99448931,0.99314281,0.00059183,0.0,0.00030335
2025-05-29 07:00:00+00:00,2788.6375,23.21178337,0.98785665,0.98673114,0.00054143,0.0,0.00038185
2025-05-29 08:00:00+00:00,2864.47,22.55522155,0.97500912,0.97404339,0.00064033,0.0,0.00024937
2025-05-29 09:00:00+00:00,2858.035,22.72891196,0.97431083,0.97319213,0.00070411,6.503e-05,0.0002105
2025-05-29 10:00:00+00:00,2852.85,22.82895674,0.96887773,0.96698768,0.00065883,0.00058909,0.00022221
2025-05-29 11:00:00+00:00,2869.465,23.29477623,0.96668231,0.96366993,0.00044128,0.00136944,0.00021744
2025-05-29 12:00:00+00:00,2858.7925,23.25866106,0.96911207,0.96603113,0.00038074,0.00140657,0.00018627
2025-05-29 13:00:00+00:00,2853.6725,22.71426473,0.97475362,0.97221597,0.00057019,0.00098543,0.00018067
2025-05-29 14:00:00+00:00,2925.1425,22.41304645,0.9807155,0.97898656,0.00045607,0.00059032,0.00022147
2025-05-29 15:00:00+00:00,2964.06,21.86775645,0.98486709,0.98398733,0.0005603,2.986e-05,0.00025327
2025-05-29 16:00:00+00:00,2972.8875,22.63291846,0.9909277,0.98569105,0.00459171,0.0,0.00044786
2025-05-29 17:00:00+00:00,2950.28,23.13884542,0.99365209,0.98731426,0.00559575,1.45e-06,0.00042867
2025-05-29 18:00:00+00:00,2948.9975,23.17355653,0.99445729,0.98830857,0.00539052,2.77e-06,0.00041033
2025-05-29 19:00:00+00:00,2940.52,22.93861854,0.99441865,0.98848382,0.00520537,2.59e-06,0.00042589
2025-05-29 20:00:00+00:00,2925.07,22.04584423,0.99266113,0.98788912,0.00412929,2.93e-06,0.00046393
2025-05-29 21:00:00+00:00,2814.6225,22.17852044,0.99345919,0.98829917,0.00455171,1.58e-06,0.00035789
2025-05-29 22:00:00+00:00,2668.32,21.11147411,0.99137755,0.99053413,0.00037636,0.0,0.00043647
2025-05-29 23:00:00+00:00,2593.94,20.7529268,0.99092083,0.99013792,0.0003898,0.0,0.00044917
2025-05-30 00:00:00+00:00,2526.115,20.94756597,0.99169198,0.99092397,0.0003995,0.0,0.00043857
2025-05-30 01:00:00+00:00,2494.46,20.63155927,0.99115371,0.9904246,0.00039002,0.0,0.00040817
2025-05-30 02:00:00+00:00,2463.8175,20.94060287,0.99197905,0.99122205,0.00041553,0.0,0.00037121
2025-05-30 03:00:00+00:00,2524.6625,21.4003872,0.99294789,0.9921685,0.00041711,0.0,0.00029137
2025-05-30 04:00:00+00:00,2725.9975,21.54538036,0.99177426,0.99085126,0.00045292,0.0,0.00037127
2025-05-30 05:00:00+00:00,3021.4775,22.96449285,0.99459343,0.98951284,0.004418,0.0,0.00038138
2025-05-30 06:00:00+00:00,3195.5175,22.74148955,0.9929736,0.98835204,0.00394557,0.0,0.00044755
2025-05-30 07:00:00+00:00,3199.7075,21.57140363,0.98882588,0.98625287,0.00209747,0.0,0.00037367
2025-05-30 08:00:00+00:00,3198.8525,21.23615342,0.98715666,0.98582093,0.00089515,0.0,0.00037161
2025-05-30 09:00:00+00:00,3124.0975,21.63590627,0.98696017,0.98433085,0.00218841,3e-07,0.00031901
2025-05-30 10:00:00+00:00,3085.2725,21.51267736,0.98518383,0.9824442,0.0021365,5.614e-05,0.00028822
2025-05-30 11:00:00+00:00,3063.87,21.41435681,0.98579495,0.98324762,0.00212724,1.55e-06,0.00026538
2025-05-30 12:00:00+00:00,3053.9675,21.6659607,0.98747406,0.98585227,0.00121943,1.32e-06,0.00020622
2025-05-30 13:00:00+00:00,3040.8475,20.83067208,0.98528914,0.98432811,0.00068505,7.2e-07,0.00013393
2025-05-30 14:00:00+00:00,3058.35,19.9748684,0.98278025,0.98200067,0.00055778,6.2e-07,0.00013752
2025-05-30 15:00:00+00:00,3031.8975,20.25301873,0.98482617,0.98297033,0.0017662,2.6e-07,5.442e-05
2025-05-30 16:00:00+00:00,3027.4625,21.71817439,0.99196661,0.98740934,0.00442759,9.3e-07,0.00020731
2025-05-30 17:00:00+00:00,3007.505,21.61757781,0.99284725,0.9879453,0.00472706,1.7e-06,0.00031939
2025-05-30 18:00:00+00:00,2971.3425,21.53542454,0.99310847,0.9886611,0.00424839,2.01e-06,0.00038384
2025-05-30 19:00:00+00:00,2932.83,21.43042951,0.99334653,0.98900655,0.00415401,1.53e-06,0.0003677
2025-05-30 20:00:00+00:00,2922.5425,20.86814969,0.99275223,0.98856161,0.00408155,9.4e-07,0.00020101
2025-05-30 21:00:00+00:00,2902.33,20.52288173,0.99201583,0.98849316,0.00341011,1.04e-06,0.00020438
2025-05-30 22:00:00+00:00,2722.28,20.36818001,0.99223658,0.98807075,0.00415444,0.0,0.0
2025-05-30 23:00:00+00:00,2636.7325,20.35936937,0.99196769,0.989684,0.00226376,0.0,0.0
2025-05-31 00:00:00+00:00,2553.5225,20.35907605,0.99205511,0.9898232,0.00221968,0.0,0.0
2025-05-31 01:00:00+00:00,2523.115,20.49386497,0.99169995,0.98876081,0.00292883,0.0,0.0
2025-05-31 02:00:00+00:00,2474.9675,20.81703456,0.99211191,0.98797389,0.00412606,0.0,0.0
2025-05-31 03:00:00+00:00,2445.08,20.99291041,0.99166504,0.98743545,0.00421524,0.0,0.0
2025-05-31 04:00:00+00:00,2416.58,21.37312589,0.9905799,0.98957425,0.00089931,8.7e-07,0.0001512
2025-05-31 05:00:00+00:00,2466.6475,21.61355853,0.98892086,0.98792642,0.00084414,9.1e-07,0.00021128
2025-05-31 06:00:00+00:00,2572.54,21.7194945,0.98697028,0.98598976,0.00083898,7.8e-07,0.00015159
2025-05-31 07:00:00+00:00,2707.3975,21.17770876,0.98008102,0.97920094,0.00073133,4.4e-07,0.00014317
2025-05-31 08:00:00+00:00,2776.02,21.52572037,0.97761571,0.97677639,0.00065662,6.8e-07,9.419e-05
2025-05-31 09:00:00+00:00,2794.82,22.06981598,0.98044579,0.97991473,0.00039874,5e-07,7.574e-05
2025-05-31 10:00:00+00:00,2764.755,23.98677784,0.98223166,0.9795897,3.327e-05,0.00137899,1.925e-05
2025-05-31 11:00:00+00:00,2721.4425,22.70886191,0.98212907,0.98158176,0.00026369,4.061e-05,2.823e-05
2025-05-31 12:00:00+00:00,2692.4075,22.37229889,0.9763006,0.97513542,0.00034673,0.00016424,6.57e-05
2025-05-31 13:00:00+00:00,2662.7825,21.70420263,0.97999355,0.97883549,0.00070897,0.00024764,0.00017955
2025-05-31 14:00:00+00:00,2693.625,21.11408736,0.97994364,0.97881956,0.00067732,0.00022387,0.00015007
2025-05-31 15:00:00+00:00,2753.93,21.12826326,0.98539666,0.98452848,0.00069329,8.5e-07,0.00019624
2025-05-31 16:00:00+00:00,2762.19,23.63111654,0.99531241,0.9894517,0.00561154,5.115e-05,0.00039184
2025-05-31 17:00:00+00:00,2786.78,23.9875732,0.99668982,0.99031047,0.00625284,0.0,0.00026188
2025-05-31 18:00:00+00:00,2801.9,23.95157956,0.99673163,0.99021418,0.00634851,0.0,0.00034194
2025-05-31 19:00:00+00:00,2785.6475,23.75622752,0.99673358,0.99055267,0.00604835,0.0,0.00027279
2025-05-31 20:00:00+00:00,2777.185,23.60588877,0.99688988,0.99067787,0.0060737,0.0,0.0002571
2025-05-31 21:00:00+00:00,2721.0925,23.43677558,0.99686529,0.99102724,0.00578345,0.0,9.986e-05
2025-05-31 22:00:00+00:00,2625.695,23.40636608,0.99682279,0.99089643,0.00583515,0.0,0.00017202
2025-05-31 23:00:00+00:00,2508.74,23.26607921,0.99680473,0.99103054,0.00568032,0.0,0.00017702
2025-06-01 00:00:00+00:00,2438.4425,23.17915514,0.99649759,0.99053939,0.00583038,0.0,0.00023003
2025-06-01 01:00:00+00:00,2400.8225,22.87668822,0.99641464,0.9904327,0.00585309,0.0,0.0002562
2025-06-01 02:00:00+00:00,2331.4875,22.86190752,0.99617292,0.99419177,0.00143096,9.186e-05,0.00023421
2025-06-01 03:00:00+00:00,2312.555,23.59716904,0.99618773,0.9910278,0.0021875,0.00063169,0.00019988
2025-06-01 04:00:00+00:00,2336.3475,22.30538959,0.99561573,0.99417666,0.00120123,0.00012848,0.00019505
2025-06-01 05:00:00+00:00,2413.535,22.2516429,0.99449005,0.99323813,0.00104838,0.00012183,0.00012118
2025-06-01 06:00:00+00:00,2568.62,22.34132136,0.99196476,0.99081533,0.00064982,0.00032456,0.00018791
2025-06-01 07:00:00+00:00,2759.3225,25.2502928,0.98574536,0.9773516,0.00024664,0.00283814,2.893e-05
2025-06-01 08:00:00+00:00,2912.6625,21.79863552,0.98629026,0.98536014,0.00071443,0.00011436,1.767e-05
2025-06-01 09:00:00+00:00,3084.6375,21.54406933,0.97972021,0.97872045,0.00037353,0.00025043,5.16e-05
2025-06-01 10:00:00+00:00,3153.98,22.32144127,0.97939496,0.97655152,0.00067646,0.00091535,5.707e-05
2025-06-01 11:00:00+00:00,3169.6275,23.59794537,0.97660688,0.9715234,0.00043776,0.00175637,7.225e-05
2025-06-01 12:00:00+00:00,3179.6725,23.45121453,0.97878697,0.97393393,0.00047266,0.00163853,0.00012373
2025-06-01 13:00:00+00:00,3171.4525,22.06440534,0.98155521,0.97796184,0.0005919,0.00140466,0.00013719
2025-06-01 14:00:00+00:00,3113.4825,21.32001458,0.98665463,0.98374244,0.00080575,0.0010575,0.00030145
2025-06-01 15:00:00+00:00,3134.3,20.87745484,0.98983494,0.98801854,0.00080611,0.00045215,0.00030064
2025-06-01 16:00:00+00:00,3169.9,21.18131892,0.99343785,0.99234097,0.00094321,0.0,0.00023395
2025-06-01 17:00:00+00:00,3158.8675,23.24304324,0.99697744,0.99594953,0.00083569,0.0,0.00038288
2025-06-01 18:00:00+00:00,3150.59,23.294952,0.99710627,0.99631123,0.00061898,0.0,0.0003379
2025-06-01 19:00:00+00:00,3110.1025,23.21666504,0.99745082,0.99653408,0.00071643,0.0,0.00038803
2025-06-01 20:00:00+00:00,3075.03,22.51191193,0.9962566,0.99522857,0.00061545,0.00018418,0.00042551
2025-06-01 21:00:00+00:00,2932.7725,22.14721974,0.99550732,0.9942504,0.00062544,0.00044355,0.00033849
2025-06-01 22:00:00+00:00,2805.4,21.21452906,0.99359598,0.99141144,0.00112259,0.00090727,0.00024643
2025-06-01 23:00:00+00:00,2685.3825,21.07460688,0.99332716,0.99088808,0.00108386,0.00119324,0.00023459
2025-06-02 00:00:00+00:00,2630.79,21.13072611,0.99362089,0.99096784,0.00102871,0.00145911,0.00025012
2025-06-02 01:00:00+00:00,2610.4625,21.1536842,0.99345653,0.99099824,0.00113786,0.00113203,0.00030973
2025-06-02 02:00:00+00:00,2582.99,21.23531234,0.99351085,0.99120058,0.00110053,0.00101434,0.00032046
2025-06-02 03:00:00+00:00,2590.03,22.107067,0.99447867,0.99247157,0.00122298,0.0005399,0.0004615
2025-06-02 04:00:00+00:00,2914.675,23.30720184,0.99666896,0.99568972,0.00074455,4.748e-05,0.00037623
2025-06-02 05:00:00+00:00,3289.9775,23.58939888,0.99752114,0.99632336,0.00102524,0.0,0.00036086
2025-06-02 06:00:00+00:00,3366.0575,23.52962032,0.99773747,0.99668153,0.00090412,0.0,0.00031962
2025-06-02 07:00:00+00:00,3299.7325,22.68738603,0.99300181,0.99160997,0.00094924,0.00021864,0.0003776
2025-06-02 08:00:00+00:00,3277.8925,21.89321127,0.98689978,0.98487759,0.00114445,0.00055262,0.00046917
2025-06-02 09:00:00+00:00,3264.2075,21.50969819,0.98489091,0.9828781,0.00109764,0.00059142,0.00049361
2025-06-02 10:00:00+00:00,3250.3475,21.57558378,0.98593898,0.98417681,0.000974,0.00061807,0.00079029
2025-06-02 11:00:00+00:00,3236.1275,21.5277676,0.98518035,0.98270979,0.00095929,0.00134933,0.00072716
2025-06-02 12:00:00+00:00,3232.0625,21.01257719,0.98306218,0.98084068,0.00100038,0.00109914,0.00067396
2025-06-02 13:00:00+00:00,3210.415,21.38824664,0.98574778,0.9839271,0.00073845,0.00098105,0.00049873
2025-06-02 14:00:00+00:00,3244.17,21.00026706,0.98617038,0.98511085,0.00086716,8.032e-05,0.00063114
2025-06-02 15:00:00+00:00,3233.8075,21.66673156,0.9904226,0.98925709,0.00096537,0.0,0.00098363
2025-06-02 16:00:00+00:00,3195.7025,22.55789599,0.99433961,0.99322827,0.00096761,0.0,0.00091631
2025-06-02 17:00:00+00:00,3216.465,23.37207724,0.99689756,0.99590984,0.00090357,2.9e-07,0.0007769
2025-06-02 18:00:00+00:00,3167.365,23.45868744,0.99710701,0.99622436,0.00079503,0.0,0.00076145
2025-06-02 19:00:00+00:00,3156.59,23.54952977,0.9967664,0.99584237,0.00082184,0.0,0.00080422
2025-06-02 20:00:00+00:00,3100.7425,23.42697767,0.99683724,0.99579016,0.00091998,0.0,0.00094634
2025-06-02 21:00:00+00:00,2949.805,22.8341474,0.99582063,0.99472354,0.00092309,1.17e-05,0.00106313
2025-06-02 22:00:00+00:00,2768.8425,22.74852021,0.99615009,0.9952238,0.00072482,2.503e-05,0.00035624
2025-06-02 23:00:00+00:00,2624.17,22.41206625,0.99527194,0.99406416,0.00095216,5.696e-05,0.00039271
2025-06-03 00:00:00+00:00,2563.7075,22.27961523,0.99397557,0.99243309,0.00117357,9.129e-05,0.00142409
2025-06-03 01:00:00+00:00,2546.225,22.4998319,0.99433277,0.99289955,0.00117492,3.6e-07,0.00135406
2025-06-03 02:00:00+00:00,2528.1425,22.76180381,0.99459506,0.99317972,0.00116111,3.1e-07,0.00136073
2025-06-03 03:00:00+00:00,2609.295,23.67891522,0.99660814,0.9953962,0.00104239,3.8e-07,0.00110224
2025-06-03 04:00:00+00:00,2873.535,23.75771926,0.99686611,0.99532004,0.00120456,3.492e-05,0.00077948
2025-06-03 05:00:00+00:00,3190.3625,24.40862433,0.99679924,0.98926224,0.00504318,0.00032507,0.00070373
2025-06-03 06:00:00+00:00,3250.065,24.34943024,0.99637181,0.99065606,0.00358954,0.00020674,0.0008178
2025-06-03 07:00:00+00:00,3223.965,22.83785449,0.98892367,0.98687139,0.00140697,0.00016807,0.00136812
2025-06-03 08:00:00+00:00,3175.715,22.36333715,0.98144688,0.97959316,0.00099291,0.00030375,0.00120681
2025-06-03 09:00:00+00:00,3130.6025,22.07464286,0.97763077,0.97591237,0.00065324,0.00038649,0.0010622
2025-06-03 10:00:00+00:00,3103.2725,22.14424916,0.97829333,0.97683694,0.00029881,0.00041011,0.00044121
2025-06-03 11:00:00+00:00,3095.8475,22.31014127,0.97766198,0.97593024,1.31e-06,0.00064077,9.97e-06
2025-06-03 12:00:00+00:00,3115.035,21.80593643,0.97649315,0.97506146,7.48e-06,0.00051105,2.022e-05
2025-06-03 13:00:00+00:00,3160.64,21.54722332,0.98241979,0.98096204,0.00048236,0.00030944,0.00055048
2025-06-03 14:00:00+00:00,3306.9025,21.26260801,0.98690043,0.98449357,0.00154816,0.00043724,0.00071639
2025-06-03 15:00:00+00:00,3294.82,21.60982078,0.99260465,0.9893732,0.00266509,0.00022575,0.00098736
2025-06-03 16:00:00+00:00,3271.635,22.55343068,0.99719571,0.99304463,0.00405993,5.43e-06,0.00076693
2025-06-03 17:00:00+00:00,3277.75,22.78585772,0.99743598,0.99326665,0.00410473,5e-08,0.00065739
2025-06-03 18:00:00+00:00,3302.8925,22.8206532,0.99746782,0.99356294,0.00385172,5e-08,0.00056853
2025-06-03 19:00:00+00:00,3238.22,22.72300035,0.99737895,0.99337985,0.00395229,4e-08,0.00061516
2025-06-03 20:00:00+00:00,3195.4125,22.48320208,0.99711504,0.9927655,0.00427928,6e-08,0.00081878
2025-06-03 21:00:00+00:00,2980.81,21.37128506,0.99522744,0.99148098,0.00353375,6.815e-05,0.00101885
2025-06-03 22:00:00+00:00,2754.2575,21.23001364,0.99583887,0.99303818,0.00279491,0.0,1.23e-06
2025-06-03 23:00:00+00:00,2625.28,20.62196468,0.9947334,0.99214222,0.00219573,0.00037653,8.1e-07
2025-06-04 00:00:00+00:00,2553.225,20.46129734,0.99384735,0.99124319,0.00176472,0.00081235,0.00048811
2025-06-04 01:00:00+00:00,2523.0,20.37257028,0.99362414,0.99119132,0.00160731,0.00079843,0.00053126
2025-06-04 02:00:00+00:00,2485.9475,20.20340039,0.99368903,0.99202655,0.00165145,0.0,0.00062864
2025-06-04 03:00:00+00:00,2543.41,20.38809851,0.99379319,0.99131677,0.00245831,1e-08,0.00081994
2025-06-04 04:00:00+00:00,2826.265,22.0218989,0.99521462,0.99123434,0.00383802,1.2e-07,0.0010131
2025-06-04 05:00:00+00:00,3228.7925,22.76088965,0.99677072,0.99242264,0.00424253,1.1e-07,0.00088805
2025-06-04 06:00:00+00:00,3336.685,22.95230527,0.9968108,0.99251633,0.00417895,1.1e-07,0.00085943
2025-06-04 07:00:00+00:00,3337.575,22.27000206,0.99352653,0.98941308,0.00386818,1.981e-05,0.00112066
2025-06-04 08:00:00+00:00,3293.26,21.22334388,0.98950757,0.98625985,0.00302769,4.151e-05,0.0009456
2025-06-04 09:00:00+00:00,3254.6475,20.80066719,0.98607455,0.98389833,0.00181159,0.00011327,0.00084533
2025-06-04 10:00:00+00:00,3184.585,20.4595225,0.98489306,0.98304703,0.00147151,0.00014124,0.00068399
2025-06-04 11:00:00+00:00,3187.4375,20.63691852,0.98595735,0.98374449,0.00180266,0.00017752,0.00070939
2025-06-04 12:00:00+00:00,3248.0925,20.3541143,0.98583791,0.9841644,0.00145511,7.11e-06,0.00068109
2025-06-04 13:00:00+00:00,3257.3475,20.36514585,0.98732998,0.98542301,0.00145999,0.00017742,0.00077603
2025-06-04 14:00:00+00:00,3333.6825,20.87555518,0.99042511,0.9873685,0.00279165,2e-07,0.00102392
2025-06-04 15:00:00+00:00,3314.1875,22.60145287,0.99630491,0.99208514,0.00403909,1.5e-07,0.00095818
2025-06-04 16:00:00+00:00,3293.5,23.08483949,0.99723784,0.99291351,0.00420326,1.6e-07,0.00071837
2025-06-04 17:00:00+00:00,3302.785,23.0576142,0.99714214,0.9928978,0.00413036,1e-07,0.00081825
2025-06-04 18:00:00+00:00,3307.3875,23.05078195,0.99722541,0.99296072,0.00413734,9e-08,0.0007446
2025-06-04 19:00:00+00:00,3273.1775,23.05647872,0.99697861,0.99260493,0.00423042,1.2e-07,0.00093412
2025-06-04 20:00:00+00:00,3270.565,22.89502318,0.99671324,0.99217794,0.00435218,6.26e-06,0.00094692
2025-06-04 21:00:00+00:00,3089.55,22.9644523,0.99673734,0.99205479,0.00451835,1.6e-07,0.00106167
2025-06-04 22:00:00+00:00,2926.695,22.23401732,0.9964853,0.99254512,0.00367067,6.283e-05,0.00025369
2025-06-04 23:00:00+00:00,2774.6175,21.91844986,0.99588115,0.99185531,0.003651,0.00018978,0.00021566
2025-06-05 00:00:00+00:00,2698.8675,21.48694834,0.9940514,0.99020663,0.00319815,0.00044531,0.00120662
2025-06-05 01:00:00+00:00,2658.985,21.40712633,0.99370038,0.98977628,0.00320207,0.00052583,0.0012411
2025-06-05 02:00:00+00:00,2594.605,21.98550567,0.99458963,0.99074953,0.00356159,8.827e-05,0.00119589
2025-06-05 03:00:00+00:00,2669.09,23.05011141,0.99626815,0.99174803,0.00437906,1.2e-07,0.00098648
2025-06-05 04:00:00+00:00,2958.6925,23.26224959,0.99640157,0.99182775,0.00445064,1e-07,0.00074647
2025-06-05 05:00:00+00:00,3289.6725,23.37583844,0.99717613,0.98876752,0.00829862,7e-08,0.00059591
2025-06-05 06:00:00+00:00,3357.165,23.37042618,0.99716835,0.98654419,0.01053392,6e-08,0.00049929
2025-06-05 07:00:00+00:00,3318.115,23.33887316,0.99655464,0.99128208,0.00512494,1e-07,0.00085679
2025-06-05 08:00:00+00:00,3286.345,22.77653565,0.99301186,0.98859187,0.00418714,9.9e-06,0.00096369
2025-06-05 09:00:00+00:00,3316.645,21.59722403,0.98400504,0.98051788,0.0030417,0.00011792,0.00115262
2025-06-05 10:00:00+00:00,3389.57,21.32371987,0.98242653,0.97944023,0.00248345,0.00015632,0.00125262
2025-06-05 11:00:00+00:00,3400.3025,21.18542054,0.98272591,0.97987952,0.00233985,0.00014915,0.00125944
2025-06-05 12:00:00+00:00,3382.24,21.68565883,0.98655184,0.98255366,0.0034992,0.00014869,0.00126701
2025-06-05 13:00:00+00:00,3455.265,21.29755989,0.98651777,0.98288042,0.00320823,0.00010937,0.00121018
2025-06-05 14:00:00+00:00,3475.34,22.80686905,0.99562435,0.99098128,0.00446084,6.29e-06,0.0010684
2025-06-05 15:00:00+00:00,3434.28,23.0474252,0.99712095,0.9926576,0.00432716,0.0,0.00092445
2025-06-05 16:00:00+00:00,3389.6375,22.99318589,0.99715724,0.98944261,0.00758668,0.0,0.00089149
2025-06-05 17:00:00+00:00,3371.455,23.06418546,0.99704803,0.99049971,0.00642276,0.0,0.00090415
2025-06-05 18:00:00+00:00,3412.21,23.07881111,0.99716552,0.99098236,0.0060688,0.0,0.00080812
2025-06-05 19:00:00+00:00,3381.325,23.04838256,0.99716567,0.99168134,0.00536538,0.0,0.00083358
2025-06-05 20:00:00+00:00,3280.7325,22.97023248,0.99720088,0.99280748,0.00426088,0.0,0.00087358
2025-06-05 21:00:00+00:00,3129.43,22.88754772,0.99707246,0.99270199,0.00425845,0.0,0.00086277
2025-06-05 22:00:00+00:00,2931.92,22.15952564,0.99566027,0.99156695,0.00381837,8.168e-05,0.00035374
2025-06-05 23:00:00+00:00,2799.3375,21.77505003,0.99409569,0.98975678,0.00374403,0.00029461,0.00045691
2025-06-06 00:00:00+00:00,2670.765,22.33869617,0.9944365,0.99009599,0.00407234,5.835e-05,0.00124833
2025-06-06 01:00:00+00:00,2599.7025,22.90928877,0.99519822,0.99046155,0.00454062,1.317e-05,0.0012283
2025-06-06 02:00:00+00:00,2564.685,23.00449768,0.99537902,0.9905182,0.00467504,0.0,0.00126708
2025-06-06 03:00:00+00:00,2624.6125,23.2180475,0.99554637,0.99044365,0.00490862,0.0,0.00132163
2025-06-06 04:00:00+00:00,2939.79,23.42211788,0.99597775,0.99081227,0.00496417,0.0,0.00124568
2025-06-06 05:00:00+00:00,3316.28,23.64367757,0.99648837,0.99170795,0.00456539,0.0,0.00130055
2025-06-06 06:00:00+00:00,3480.605,22.96986718,0.99384583,0.98952126,0.00404109,0.0,0.00131179
2025-06-06 07:00:00+00:00,3517.1675,22.07145949,0.98931508,0.9858281,0.00319676,0.0,0.00099292
2025-06-06 08:00:00+00:00,3475.0025,22.33915056,0.98908557,0.98542555,0.00326337,2.89e-06,0.0013556
2025-06-06 09:00:00+00:00,3454.67,22.2679428,0.98842269,0.98476376,0.00309021,0.00015616,0.00131674
2025-06-06 10:00:00+00:00,3390.665,22.18477627,0.98805946,0.9848381,0.00259497,0.00020126,0.00131911
2025-06-06 11:00:00+00:00,3346.855,21.85132098,0.98728828,0.98518368,0.00156742,8.068e-05,0.00128238
2025-06-06 12:00:00+00:00,3318.8225,22.14742968,0.98908233,0.98681444,0.00172694,5.502e-05,0.00170683
2025-06-06 13:00:00+00:00,3301.535,22.16590036,0.99007535,0.98675305,0.00287807,2.68e-06,0.0015848
2025-06-06 14:00:00+00:00,3361.41,21.57177643,0.98878643,0.9859693,0.00233483,3.41e-06,0.00173213
2025-06-06 15:00:00+00:00,3387.005,21.16060005,0.98777359,0.98492305,0.00235049,6.744e-05,0.00144176
2025-06-06 16:00:00+00:00,3381.4375,21.65831763,0.98966267,0.98595429,0.00337377,1.34e-06,0.00129546
2025-06-06 17:00:00+00:00,3394.2075,23.90071689,0.99588582,0.99085167,0.00484571,8.6e-07,0.00108688
2025-06-06 18:00:00+00:00,3260.09,23.9170231,0.99661509,0.99176815,0.00469572,0.0,0.00095122
2025-06-06 19:00:00+00:00,3190.6025,23.69308918,0.99612504,0.99135723,0.00461558,0.0,0.00091438
2025-06-06 20:00:00+00:00,3041.8275,22.57751248,0.99375588,0.98953422,0.00400309,0.0,0.0011039
2025-06-06 21:00:00+00:00,2958.8525,21.63541936,0.99199985,0.98818835,0.00354681,3e-08,0.00123802
2025-06-06 22:00:00+00:00,2828.945,20.32912577,0.9902969,0.98714518,0.00266528,0.00016048,0.00139066
2025-06-06 23:00:00+00:00,2731.635,20.07113756,0.99005791,0.98731025,0.00229065,0.00013388,0.00143525
2025-06-07 00:00:00+00:00,2643.48,20.11370573,0.99042568,0.98800682,0.00205897,5.008e-05,0.00144717
2025-06-07 01:00:00+00:00,2623.965,19.68973586,0.99011692,0.98807642,0.0014749,0.00025252,0.00135281
2025-06-07 02:00:00+00:00,2574.0375,19.64814652,0.99028174,0.98811926,0.00163781,0.00023451,0.00121039
2025-06-07 03:00:00+00:00,2567.15,19.427431,0.9899245,0.98864632,0.00089953,0.00012275,0.0011919
2025-06-07 04:00:00+00:00,2604.3025,19.59055106,0.98874304,0.98719617,0.00114405,9.631e-05,0.00136004
2025-06-07 05:00:00+00:00,2696.62,19.95428525,0.98786867,0.98622891,0.00109624,0.00020882,0.00132325
2025-06-07 06:00:00+00:00,2824.795,20.27707402,0.9874629,0.98574184,0.00096146,0.00041783,0.00128882
2025-06-07 07:00:00+00:00,2995.4425,20.64907036,0.98633307,0.98409722,0.00096741,0.0009089,0.00118205
2025-06-07 08:00:00+00:00,2972.555,20.9193771,0.98459569,0.9823778,0.00076881,0.00108062,0.00111511
2025-06-07 09:00:00+00:00,2941.1375,21.16488691,0.98355895,0.98118243,0.00058921,0.00144328,0.00092015
2025-06-07 10:00:00+00:00,2940.9825,21.15422089,0.98294066,0.98107872,0.00076301,0.00068379,0.00122569
2025-06-07 11:00:00+00:00,2906.095,21.05281516,0.98196924,0.98033127,0.00084355,0.0003695,0.0012787
2025-06-07 12:00:00+00:00,2839.1425,21.02574636,0.98293711,0.9817196,0.00073387,0.0001028,0.00107671
2025-06-07 13:00:00+00:00,2779.995,21.0188134,0.98398473,0.98267316,0.00080527,0.00012811,0.0011508
2025-06-07 14:00:00+00:00,2751.9325,21.39233491,0.98632684,0.98506878,0.00074804,0.00015085,0.00111916
2025-06-07 15:00:00+00:00,2789.6175,21.55324033,0.98743055,0.97266237,0.01439255,6.69e-05,0.00111641
2025-06-07 16:00:00+00:00,2825.86,23.88928601,0.99596248,0.96630628,0.02949951,8e-08,0.0009529
2025-06-07 17:00:00+00:00,2814.5075,23.89696118,0.99701215,0.96823807,0.02865896,7e-08,0.00068712
2025-06-07 18:00:00+00:00,2797.915,23.94304594,0.99684742,0.96410019,0.03265623,6e-08,0.00055492
2025-06-07 19:00:00+00:00,2765.1275,23.94222809,0.99680895,0.96585247,0.03085182,8e-08,0.00066528
2025-06-07 20:00:00+00:00,2754.9225,23.892774,0.99676717,0.96655373,0.03010669,1.2e-07,0.00068268
2025-06-07 21:00:00+00:00,2708.6475,23.92549539,0.99638833,0.97126341,0.02497132,1.6e-07,0.00090055
2025-06-07 22:00:00+00:00,2607.6175,23.90142818,0.99661434,0.97302995,0.02345309,9e-08,0.00080312
2025-06-07 23:00:00+00:00,2492.0425,23.94221337,0.9963869,0.97593663,0.02029197,1.2e-07,0.00094721
2025-06-08 00:00:00+00:00,2415.7075,23.54419302,0.99522764,0.97708171,0.01791782,1.743e-05,0.00116989
2025-06-08 01:00:00+00:00,2370.1525,23.14801306,0.99418807,0.97927743,0.01461647,5.089e-05,0.00124297
2025-06-08 02:00:00+00:00,2319.1275,23.99701403,0.99575498,0.9948353,0.00071505,1.7e-07,0.00124783
2025-06-08 03:00:00+00:00,2310.4925,23.90584835,0.99552343,0.9945156,0.00075256,5.45e-06,0.00147994
2025-06-08 04:00:00+00:00,2347.9375,21.95537084,0.99010105,0.98887412,0.00057528,0.00020466,0.00173844
2025-06-08 05:00:00+00:00,2442.6,21.95092598,0.98801093,0.98599156,0.00029385,0.00069788,0.0008336
2025-06-08 06:00:00+00:00,2551.15,21.92374754,0.98216119,0.97918461,0.00034086,0.00111394,0.00083937
2025-06-08 07:00:00+00:00,2653.25,24.91854403,0.97688014,0.96863234,0.00042041,0.00327081,9.557e-05
2025-06-08 08:00:00+00:00,2711.6875,27.54562907,0.96773196,0.95424115,0.00053721,0.00512366,8.885e-05
2025-06-08 09:00:00+00:00,2728.785,30.39248353,0.96073765,0.94209236,0.00064238,0.00758644,0.00013954
2025-06-08 10:00:00+00:00,2772.9,29.6489141,0.96145815,0.94555162,0.00024948,0.00710784,0.00014084
2025-06-08 11:00:00+00:00,2778.78,29.14375185,0.96219931,0.94729172,0.00033282,0.00677661,0.0001351
2025-06-08 12:00:00+00:00,2788.6425,27.56041539,0.96548937,0.95332525,0.00020351,0.00561313,0.000111
2025-06-08 13:00:00+00:00,2827.3575,27.12403845,0.96961948,0.95847935,0.00014702,0.00529182,0.00011036
2025-06-08 14:00:00+00:00,2822.3725,28.81292001,0.96612403,0.95049079,0.00034556,0.00756753,0.00016983
2025-06-08 15:00:00+00:00,2804.945,28.31564412,0.96927556,0.9534244,0.00038887,0.00724802,0.00043828
2025-06-08 16:00:00+00:00,2820.945,24.27806105,0.98407786,0.97761342,0.0006795,0.00264545,0.00084043
2025-06-08 17:00:00+00:00,2837.7875,22.79474953,0.99232585,0.98980022,0.00125029,0.00065362,0.00114943
2025-06-08 18:00:00+00:00,2860.375,25.62646209,0.99232169,0.98060005,0.00377125,0.00440083,0.00142835
2025-06-08 19:00:00+00:00,2839.69,25.30774403,0.99349209,0.98268787,0.00433744,0.00356676,0.00118268
2025-06-08 20:00:00+00:00,2815.0475,23.30759622,0.99531374,0.99385923,0.00112324,3.8e-06,0.00160506
2025-06-08 21:00:00+00:00,2766.71,22.27885707,0.99290884,0.99143293,0.00099645,0.00010537,0.00164679
2025-06-08 22:00:00+00:00,2724.87,21.19380202,0.99126362,0.98976343,0.00116132,3.1e-07,0.00139638
2025-06-08 23:00:00+00:00,2651.025,21.09291389,0.99129202,0.99017479,0.0006458,0.00011785,0.00088436
2025-06-09 00:00:00+00:00,2599.0575,20.90761499,0.99153046,0.99057013,0.00068068,2.2e-07,0.00045732
2025-06-09 01:00:00+00:00,2550.6275,20.8165344,0.98996333,0.98887859,0.00077519,2.4e-07,0.00048483
2025-06-09 02:00:00+00:00,2475.2325,21.25914065,0.99167286,0.99067945,0.0007382,1.8e-06,0.00039662
2025-06-09 03:00:00+00:00,2464.4675,21.62767473,0.99277951,0.99115968,0.00117692,0.00011851,0.00050861
2025-06-09 04:00:00+00:00,2513.825,21.75611557,0.9919841,0.99053599,0.00112374,2.8e-07,0.00056275
2025-06-09 05:00:00+00:00,2578.54,22.01185666,0.98916204,0.98610871,0.00169006,0.00064464,0.0006354
2025-06-09 06:00:00+00:00,2686.1925,22.014416,0.98464329,0.98148867,0.00158571,0.00070356,0.00068727
2025-06-09 07:00:00+00:00,2782.165,22.84165269,0.98039831,0.9760804,0.00121937,0.00158468,0.00041101
2025-06-09 08:00:00+00:00,2865.34,24.00818478,0.97684232,0.97164898,0.00081885,0.00149836,0.00029828
2025-06-09 09:00:00+00:00,2895.2225,24.25893917,0.9743168,0.96920417,0.00044823,0.0015667,0.00018057
2025-06-09 10:00:00+00:00,2859.96,23.38514602,0.97707609,0.97380806,0.00029201,0.00099463,0.00029761
2025-06-09 11:00:00+00:00,2805.325,22.75547135,0.98246926,0.9802266,0.00069638,0.0006155,0.00058061
2025-06-09 12:00:00+00:00,2829.015,23.07848649,0.97922838,0.97547794,0.00089922,0.00096188,0.00076502
2025-06-09 13:00:00+00:00,2855.585,22.06971382,0.98188672,0.9797553,0.00097156,0.00030377,0.00090504
2025-06-09 14:00:00+00:00,2885.215,21.28748822,0.98449564,0.98293998,0.00122557,0.0,0.00112525
2025-06-09 15:00:00+00:00,2909.65,21.04469427,0.98684977,0.98518786,0.00131217,0.0,0.00113748
2025-06-09 16:00:00+00:00,2947.145,22.12179758,0.9917008,0.9900289,0.00137498,0.0,0.00126852
2025-06-09 17:00:00+00:00,3000.0,22.47559721,0.99355543,0.99195046,0.00133364,0.0,0.00119018
2025-06-09 18:00:00+00:00,3040.56,23.30505185,0.9958273,0.99436146,0.00126251,0.0,0.00102833
2025-06-09 19:00:00+00:00,3021.9325,23.32849272,0.99587017,0.9944509,0.00122618,0.0,0.00102206
2025-06-09 20:00:00+00:00,2972.235,22.4894687,0.99416852,0.99250396,0.00124639,0.0001635,0.00111371
2025-06-09 21:00:00+00:00,2892.09,22.43272101,0.99419476,0.99269043,0.0011927,7.126e-05,0.0010841
2025-06-09 22:00:00+00:00,2711.41,22.25050753,0.99455806,0.9927725,0.00135272,0.00016538,0.00044793
2025-06-09 23:00:00+00:00,2629.995,22.12079011,0.99437633,0.9923842,0.001509,0.00018822,0.00045871
2025-06-10 00:00:00+00:00,2559.675,22.07953779,0.99301265,0.99092114,0.00152738,0.00024908,0.00130295
2025-06-10 01:00:00+00:00,2545.59,21.96364197,0.99251016,0.99046071,0.00154114,0.00018003,0.00134041
2025-06-10 02:00:00+00:00,2527.35,22.08811071,0.99309093,0.99107837,0.00156222,0.00012413,0.00128521
2025-06-10 03:00:00+00:00,2578.985,23.56155535,0.99659142,0.995068,0.0013378,0.0,0.00101947
2025-06-10 04:00:00+00:00,2890.08,24.31413645,0.9928277,0.98992871,0.00089559,0.00031215,0.00066079
2025-06-10 05:00:00+00:00,3301.02,24.31181564,0.99193072,0.98401561,0.00642566,4.443e-05,0.0004924
2025-06-10 06:00:00+00:00,3406.9725,25.02648161,0.9868374,0.97647702,0.00688082,0.00103966,0.0003874
2025-06-10 07:00:00+00:00,3421.3925,25.06945813,0.98962934,0.98462373,0.00147298,0.00140381,0.00095188
2025-06-10 08:00:00+00:00,3389.2775,25.9187657,0.98509934,0.97769462,0.00139607,0.00287728,0.00102993
2025-06-10 09:00:00+00:00,3316.49,26.03726754,0.98498653,0.97712125,0.00159489,0.00296803,0.00125302
2025-06-10 10:00:00+00:00,3323.5675,24.86295874,0.98865266,0.98374542,0.00149402,0.00155484,0.00118126
2025-06-10 11:00:00+00:00,3319.0225,24.81845056,0.98915802,0.98434793,0.00155675,0.00150577,0.00122366
2025-06-10 12:00:00+00:00,3317.4675,24.65405288,0.9880303,0.98303704,0.00141131,0.00172447,0.00112051
2025-06-10 13:00:00+00:00,3358.105,24.71701657,0.98889964,0.98456461,0.00107634,0.00153105,0.00096249
2025-06-10 14:00:00+00:00,3423.9625,24.98315328,0.99212317,0.98733917,0.00091682,0.00188025,0.00089428
2025-06-10 15:00:00+00:00,3415.9375,25.05423127,0.99428863,0.98932914,0.00108542,0.00180061,0.00079139
2025-06-10 16:00:00+00:00,3397.2125,24.39187834,0.99606597,0.99254683,0.00183892,0.00060088,0.00088018
2025-06-10 17:00:00+00:00,3414.065,23.9725071,0.99723435,0.9961128,0.00100535,0.0,0.00075085
2025-06-10 18:00:00+00:00,3407.89,23.97239535,0.99707902,0.99567741,0.0012532,0.0,0.00093265
2025-06-10 19:00:00+00:00,3353.7,23.96860609,0.99740551,0.99626328,0.00102303,0.0,0.00076919
2025-06-10 20:00:00+00:00,3246.45,23.96072102,0.99716589,0.99592445,0.0011108,0.0,0.00082936
2025-06-10 21:00:00+00:00,3094.9,23.97032755,0.99706235,0.99583019,0.00110617,0.0,0.00082301
2025-06-10 22:00:00+00:00,2923.7125,23.68095857,0.99637279,0.99456778,0.0015979,0.0,0.00041815
2025-06-10 23:00:00+00:00,2789.7125,23.60558686,0.99618842,0.99433662,0.00163479,0.0,0.00042992
2025-06-11 00:00:00+00:00,2715.2025,23.59176955,0.99560337,0.99391994,0.00149314,0.0,0.00113867
2025-06-11 01:00:00+00:00,2677.1875,23.42524464,0.99550967,0.99381195,0.00149739,2.05e-06,0.00115721
2025-06-11 02:00:00+00:00,2632.26,23.44679637,0.99526718,0.99360396,0.00146126,0.0,0.00114099
2025-06-11 03:00:00+00:00,2686.8825,23.57484317,0.99652302,0.99529092,0.00111,0.0,0.00080778
2025-06-11 04:00:00+00:00,3002.65,23.38226012,0.99670662,0.99076502,0.00582683,0.0,0.00077534
2025-06-11 05:00:00+00:00,3311.52,23.37402837,0.99727316,0.99142107,0.00575503,0.0,0.00063002
2025-06-11 06:00:00+00:00,3352.4975,23.3126852,0.99732463,0.99135394,0.00586751,0.0,0.00057029
2025-06-11 07:00:00+00:00,3288.14,23.3629038,0.99717648,0.99148521,0.00547056,7.488e-05,0.00034609
2025-06-11 08:00:00+00:00,3255.6575,23.12053354,0.99606263,0.9906684,0.0052746,1.448e-05,0.00050543
2025-06-11 09:00:00+00:00,3214.8275,22.81407771,0.99394298,0.98903252,0.00473956,5.752e-05,0.00027863
2025-06-11 10:00:00+00:00,3219.95,23.06052026,0.99031766,0.98670047,0.00250219,0.00053218,0.00015404
2025-06-11 11:00:00+00:00,3223.2575,22.88286821,0.99018058,0.98686551,0.00240718,0.00044962,0.00010087
2025-06-11 12:00:00+00:00,3184.36,22.65969015,0.99196513,0.98915973,0.0024433,0.00018148,9.252e-05
2025-06-11 13:00:00+00:00,3189.6475,22.78163214,0.99325629,0.98852142,0.00448664,0.00011324,0.00011919
2025-06-11 14:00:00+00:00,3189.4825,22.95739799,0.99504755,0.98981307,0.00516874,1.489e-05,0.00028094
2025-06-11 15:00:00+00:00,3184.5025,23.33363169,0.99645402,0.99045428,0.00588833,7e-08,0.00065646
2025-06-11 16:00:00+00:00,3182.6475,23.62822597,0.99713699,0.99098824,0.00608053,6e-08,0.00046955
2025-06-11 17:00:00+00:00,3172.1775,23.72390509,0.99736034,0.99129317,0.00599682,8e-08,0.00045537
2025-06-11 18:00:00+00:00,3172.755,23.74991256,0.99781513,0.992189,0.00562409,0.0,1.165e-05
2025-06-11 19:00:00+00:00,3168.2,23.71297422,0.9977109,0.99197638,0.00567858,5e-08,0.00033303
2025-06-11 20:00:00+00:00,3125.365,23.64781813,0.99729665,0.99142873,0.0057929,6e-08,0.00050257
2025-06-11 21:00:00+00:00,3011.6875,23.57436206,0.99690518,0.99081656,0.00597738,1e-07,0.00071117
2025-06-11 22:00:00+00:00,2799.89,23.4873173,0.99744254,0.99128584,0.00602618,1.6e-07,0.00026597
2025-06-11 23:00:00+00:00,2643.0475,23.48899119,0.99702541,0.99339477,0.00346949,2.5e-07,0.00025094
2025-06-12 00:00:00+00:00,2587.2075,23.20978195,0.99581209,0.98964065,0.0059799,2.4e-07,0.00100479
2025-06-12 01:00:00+00:00,2553.0575,23.40412311,0.99586234,0.9912579,0.00443404,1.8e-07,0.00094983
2025-06-12 02:00:00+00:00,2543.4675,22.97543571,0.99519832,0.99090916,0.00409849,2.282e-05,0.00095035
2025-06-12 03:00:00+00:00,2641.7625,23.45998366,0.99604673,0.99145526,0.00442452,1.5e-07,0.00097863
2025-06-12 04:00:00+00:00,2889.7875,23.66655319,0.99686962,0.99037661,0.00626359,4.781e-05,0.00042603
2025-06-12 05:00:00+00:00,3225.5425,24.04154225,0.99703763,0.98892146,0.00760466,0.00013725,0.00030224
2025-06-12 06:00:00+00:00,3289.3225,24.06252216,0.99723439,0.98471214,0.01233742,3e-08,0.00022625
2025-06-12 07:00:00+00:00,3230.055,23.79251728,0.99377624,0.99240296,0.00101028,8.391e-05,0.00087025
2025-06-12 08:00:00+00:00,3173.1575,30.65179416,0.96744823,0.95184003,0.00047724,0.00645803,0.00027512
2025-06-12 09:00:00+00:00,3121.025,35.76478914,0.94651175,0.92066094,0.00014978,0.01075175,9.631e-05
2025-06-12 10:00:00+00:00,3087.6775,37.92832915,0.94533077,0.91592436,6.549e-05,0.0118919,0.00011426
2025-06-12 11:00:00+00:00,3054.035,37.13607984,0.94594012,0.91752895,6.111e-05,0.01143465,0.00012174
2025-06-12 12:00:00+00:00,3067.3075,38.4604243,0.94220269,0.9114289,0.00023334,0.01217618,0.00014349
2025-06-12 13:00:00+00:00,3083.1075,32.19207965,0.95796568,0.93827767,0.00034364,0.00777578,0.00033773
2025-06-12 14:00:00+00:00,3107.6825,26.37086516,0.97975131,0.97330208,0.00048851,0.00206967,0.00056932
2025-06-12 15:00:00+00:00,3173.2175,25.76577094,0.98593479,0.9805067,0.00097857,0.00185305,0.00095159
2025-06-12 16:00:00+00:00,3085.2575,24.03884955,0.99419201,0.98987062,0.00400357,5.53e-06,0.00063989
2025-06-12 17:00:00+00:00,3094.6075,23.9895817,0.99530976,0.98680872,0.00835993,4.1e-07,0.00062037
2025-06-12 18:00:00+00:00,3132.6575,23.96013341,0.99549059,0.98753736,0.00784774,7e-08,0.00057314
2025-06-12 19:00:00+00:00,3105.38,23.9562016,0.99512918,0.98815642,0.00683161,1.1e-07,0.00079911
2025-06-12 20:00:00+00:00,3067.635,23.87990119,0.99483143,0.98568033,0.00903248,1.5e-07,0.00071961
2025-06-12 21:00:00+00:00,2963.185,23.68418854,0.99545709,0.98576018,0.00957382,1e-07,0.00074251
2025-06-12 22:00:00+00:00,2752.5225,23.45098345,0.99441841,0.98761303,0.00655996,3.089e-05,0.00037087
2025-06-12 23:00:00+00:00,2587.0575,23.30128047,0.99378821,0.98714479,0.00637182,5.093e-05,0.00032439
2025-06-13 00:00:00+00:00,2533.155,23.32413512,0.99320477,0.98655702,0.00639396,3.823e-05,0.0011742
2025-06-13 01:00:00+00:00,2479.535,23.5234005,0.99464148,0.98747073,0.00697619,3.09e-06,0.00113869
2025-06-13 02:00:00+00:00,2466.1075,23.19804971,0.99351368,0.98651319,0.0067898,1.232e-05,0.00119672
2025-06-13 03:00:00+00:00,2495.57,23.27216711,0.99315975,0.98591396,0.00707737,1.7e-07,0.00113867
2025-06-13 04:00:00+00:00,2745.8925,23.32598788,0.99401597,0.98692889,0.00693991,2.2e-07,0.00097648
2025-06-13 05:00:00+00:00,3052.7875,23.50539501,0.99513991,0.98822377,0.00673415,1.894e-05,0.00093906
2025-06-13 06:00:00+00:00,3102.9975,23.74944263,0.99505918,0.98760103,0.00656084,0.00044703,0.00084035
2025-06-13 07:00:00+00:00,3110.935,23.74650576,0.99432405,0.98713563,0.00620001,0.00031569,0.00112815
2025-06-13 08:00:00+00:00,3064.8,23.73030966,0.993439,0.98675059,0.00486179,0.00068289,0.0007668
2025-06-13 09:00:00+00:00,3048.81,25.28663526,0.98686463,0.97782961,0.00360677,0.0025257,0.00046839
2025-06-13 10:00:00+00:00,3054.7575,25.07247515,0.9819762,0.97370257,0.00320305,0.00209265,0.00053977
2025-06-13 11:00:00+00:00,3022.4075,24.19341462,0.98621246,0.98059297,0.00247184,0.00132949,0.00022679
2025-06-13 12:00:00+00:00,3009.6,23.51771906,0.99109143,0.98585377,0.00371453,0.00073406,0.00024703
2025-06-13 13:00:00+00:00,3146.315,25.85111687,0.98484029,0.97502665,0.00362565,0.00330451,6.47e-05
2025-06-13 14:00:00+00:00,3033.16,25.72386998,0.9908041,0.98405177,0.00038978,0.00368932,0.00046354
2025-06-13 15:00:00+00:00,3018.485,23.51091271,0.99306449,0.99048954,0.00062272,0.00109556,0.00111105
2025-06-13 16:00:00+00:00,2990.69,22.89698635,0.99455044,0.99181751,0.00250225,4.125e-05,0.00092006
2025-06-13 17:00:00+00:00,2954.02,23.12239902,0.99479392,0.99117629,0.00347954,1.2e-07,0.00086797
2025-06-13 18:00:00+00:00,2903.2225,23.20368284,0.99500741,0.99303673,0.001851,1.1e-07,0.00078029
2025-06-13 19:00:00+00:00,2862.7475,23.13785831,0.99449836,0.99367924,0.00068479,0.0,0.00094807
2025-06-13 20:00:00+00:00,2792.2375,23.12013225,0.9941617,0.9931129,0.00088691,0.0,0.00112482
2025-06-13 21:00:00+00:00,2717.6675,23.12338667,0.99484599,0.99320166,0.00148758,0.0,0.00111448
2025-06-13 22:00:00+00:00,2568.4825,23.08396944,0.99420045,0.99278438,0.00124902,0.0,0.00118253
2025-06-13 23:00:00+00:00,2459.4075,23.12146993,0.9940046,0.99246801,0.00135307,0.0,0.00129922
2025-06-14 00:00:00+00:00,2330.99,23.14213172,0.99367847,0.99218901,0.00130184,0.0,0.00128054
2025-06-14 01:00:00+00:00,2260.97,23.13359669,0.99352747,0.99216499,0.00119161,0.0,0.00115201
2025-06-14 02:00:00+00:00,2203.99,23.14803844,0.99380245,0.99246384,0.00116195,0.0,0.00111465
2025-06-14 03:00:00+00:00,2178.405,22.92104458,0.99343648,0.99195136,0.00127686,0.0,0.0013094
2025-06-14 04:00:00+00:00,2188.905,23.01779934,0.99338889,0.99183418,0.00134348,0.0,0.00133763
2025-06-14 05:00:00+00:00,2268.765,23.22451483,0.99409424,0.99251668,0.00134487,0.0,0.00129681
2025-06-14 06:00:00+00:00,2450.345,24.50027975,0.99138728,0.98633511,0.00161483,0.00147833,0.00151348
2025-06-14 07:00:00+00:00,2577.1325,25.71444488,0.98624103,0.97916968,0.00073961,0.00282524,0.00084493
2025-06-14 08:00:00+00:00,2683.18,26.15690785,0.98722939,0.98012446,0.00033774,0.00345726,0.00029684
2025-06-14 09:00:00+00:00,2692.635,27.23198878,0.98085418,0.97214038,0.00010823,0.00381076,8.442e-05
2025-06-14 10:00:00+00:00,2716.195,26.97420036,0.98339018,0.97555713,0.00011016,0.00339335,7.834e-05
2025-06-14 11:00:00+00:00,2679.805,27.6919383,0.98035666,0.97105861,0.00018376,0.0037844,8.26e-05
2025-06-14 12:00:00+00:00,2631.77,27.58219588,0.9803226,0.97132183,0.0001991,0.00391011,8.311e-05
2025-06-14 13:00:00+00:00,2595.2375,25.75228719,0.98578366,0.97875681,0.0006677,0.00284729,0.00044688
2025-06-14 14:00:00+00:00,2618.235,25.16916482,0.98557623,0.97929871,0.00108764,0.00193967,0.00088556
2025-06-14 15:00:00+00:00,2682.805,23.26530377,0.99296918,0.99116389,0.00148941,5.828e-05,0.00143722
2025-06-14 16:00:00+00:00,2723.0425,23.47941724,0.99398144,0.99238431,0.00135124,3.25e-06,0.00145079
2025-06-14 17:00:00+00:00,2716.915,23.58050695,0.9946553,0.99248163,0.002017,0.0,0.00096318
2025-06-14 18:00:00+00:00,2692.39,23.53979779,0.99496948,0.99392387,0.00088656,0.0,0.00097949
2025-06-14 19:00:00+00:00,2647.3825,23.51521412,0.99507479,0.99400369,0.00093029,0.0,0.00092936
2025-06-14 20:00:00+00:00,2629.8075,23.40775756,0.99415856,0.99273995,0.00127402,0.0,0.00098268
2025-06-14 21:00:00+00:00,2540.7,23.2845436,0.9948882,0.99342214,0.00131974,0.0,0.00098224
2025-06-14 22:00:00+00:00,2429.2325,23.32900206,0.99468546,0.99316699,0.00139566,0.0,0.00096635
2025-06-14 23:00:00+00:00,2306.065,23.28190594,0.99499559,0.99352343,0.00134426,0.0,0.00099506
2025-06-15 00:00:00+00:00,2236.0975,23.26636013,0.99512802,0.99355869,0.00145017,0.0,0.00102369
2025-06-15 01:00:00+00:00,2186.3425,23.32736428,0.99475458,0.99315583,0.00149359,0.0,0.0010068
2025-06-15 02:00:00+00:00,2109.6325,23.31445428,0.99486838,0.99314258,0.00161155,0.0,0.00111899
2025-06-15 03:00:00+00:00,2084.76,23.337371,0.9948331,0.99320075,0.00152438,0.0,0.00106214
2025-06-15 04:00:00+00:00,2081.4875,23.21613885,0.99451705,0.99249781,0.00183271,0.0,0.00140181
2025-06-15 05:00:00+00:00,2146.9325,23.50899163,0.99448509,0.99263859,0.0016463,0.0,0.00131845
2025-06-15 06:00:00+00:00,2272.515,23.61928149,0.99443283,0.99267075,0.00156366,0.0,0.00121603
2025-06-15 07:00:00+00:00,2416.825,23.64465287,0.99406206,0.99252787,0.00135278,0.0,0.00102385
2025-06-15 08:00:00+00:00,2518.155,23.49496457,0.99377196,0.99270465,0.00093697,0.0,0.00071508
2025-06-15 09:00:00+00:00,2666.375,23.16993461,0.99330802,0.99194099,0.00112671,6.273e-05,0.00083475
2025-06-15 10:00:00+00:00,2778.4925,26.94172359,0.97899401,0.9715276,0.00027484,0.00307,0.00020865
2025-06-15 11:00:00+00:00,2835.9625,29.85856369,0.96932727,0.95632831,0.00023948,0.00569979,0.00012718
2025-06-15 12:00:00+00:00,2867.3975,28.54399817,0.97199636,0.96090199,0.00022469,0.00467123,0.0001051
2025-06-15 13:00:00+00:00,2901.5275,26.78453462,0.97665785,0.9689359,0.00028958,0.00212909,0.00020214
2025-06-15 14:00:00+00:00,2907.1075,25.32015625,0.98173833,0.97677243,0.00082124,0.00121566,0.00073491
2025-06-15 15:00:00+00:00,2943.585,23.83941611,0.99525082,0.99361625,0.00145219,0.0,0.00112241
2025-06-15 16:00:00+00:00,2961.295,23.82137119,0.99529526,0.99404425,0.00111995,0.0,0.00085946
2025-06-15 17:00:00+00:00,2957.2775,23.72879428,0.99508471,0.99377275,0.00119238,0.0,0.00087703
2025-06-15 18:00:00+00:00,2936.91,23.70944692,0.99506127,0.99381089,0.00113456,0.0,0.00083889
2025-06-15 19:00:00+00:00,2902.31,23.74745881,0.99496488,0.99353085,0.00130521,0.0,0.00094196
2025-06-15 20:00:00+00:00,2834.6375,23.72642019,0.99482302,0.99335274,0.00134416,0.0,0.00094288
2025-06-15 21:00:00+00:00,2697.4925,23.57931334,0.99451362,0.99295152,0.00143699,0.0,0.00092076
2025-06-15 22:00:00+00:00,2505.59,23.55301205,0.99439201,0.99300374,0.00125733,0.0,0.00101495
2025-06-15 23:00:00+00:00,2362.47,23.59766588,0.99381258,0.99228903,0.00136455,0.0,0.00123672
2025-06-16 00:00:00+00:00,2300.3225,23.65910292,0.99300439,0.99147415,0.00137801,0.0,0.00088633
2025-06-16 01:00:00+00:00,2247.79,23.64593599,0.9937462,0.9921452,0.00143769,0.0,0.00092515
2025-06-16 02:00:00+00:00,2210.9375,23.59383859,0.9935924,0.99208206,0.00137956,0.0,0.00081182
2025-06-16 03:00:00+00:00,2305.9025,23.61682796,0.99388377,0.99241312,0.00135334,0.0,0.00075904
2025-06-16 04:00:00+00:00,2626.3375,23.69537668,0.99411692,0.99051241,0.00340821,0.0,0.00081261
2025-06-16 05:00:00+00:00,2957.35,23.77273517,0.99496204,0.9860917,0.00848133,0.0,0.00062078
2025-06-16 06:00:00+00:00,3038.885,23.61406803,0.99467106,0.98564303,0.00868745,0.0,0.0005972
2025-06-16 07:00:00+00:00,3036.93,23.26868843,0.99355535,0.99338106,6.45e-06,0.0,0.00084729
2025-06-16 08:00:00+00:00,3056.59,22.35619184,0.99161921,0.99128587,3.33e-06,1.458e-05,0.00095336
2025-06-16 09:00:00+00:00,3039.8625,22.16918113,0.99111682,0.99078506,3.14e-06,0.0,0.0008244
2025-06-16 10:00:00+00:00,3090.03,21.54768316,0.98850959,0.98768226,9.32e-06,0.00023895,0.00120916
2025-06-16 11:00:00+00:00,3137.7025,21.34587152,0.9760102,0.97484052,2.782e-05,0.00044593,0.00105757
2025-06-16 12:00:00+00:00,3145.115,21.10850407,0.97758495,0.97690807,2.02e-06,0.00023743,0.00095796
2025-06-16 13:00:00+00:00,3117.9925,20.85475219,0.9801054,0.97982956,1.56e-06,5e-08,0.00094996
2025-06-16 14:00:00+00:00,3132.0775,21.07755428,0.98264614,0.98240468,2.45e-06,3e-08,0.00083749
2025-06-16 15:00:00+00:00,3089.205,21.56764238,0.98748033,0.98733868,3.51e-06,3e-08,0.00083423
2025-06-16 16:00:00+00:00,3052.42,21.88626585,0.99005481,0.98984134,4.08e-06,6e-08,0.00114618
2025-06-16 17:00:00+00:00,3022.6375,22.26408406,0.99228916,0.99212565,1.219e-05,5e-08,0.00110315
2025-06-16 18:00:00+00:00,3030.9175,22.49337989,0.99376702,0.99366751,1.313e-05,4e-08,0.00087096
2025-06-16 19:00:00+00:00,3028.425,22.34334039,0.99343348,0.99332665,1.587e-05,3e-08,0.0009315
2025-06-16 20:00:00+00:00,2957.3875,21.80407535,0.99223402,0.99209744,1.357e-05,5e-08,0.00105489
2025-06-16 21:00:00+00:00,2814.34,21.45478463,0.99127476,0.99106893,1.567e-05,9e-08,0.0011466
2025-06-16 22:00:00+00:00,2589.8475,20.92067838,0.98977159,0.98974858,3.11e-06,0.0,0.0005253
2025-06-16 23:00:00+00:00,2441.405,20.59382729,0.98841986,0.98839323,2.59e-06,0.0,0.0005423
2025-06-17 00:00:00+00:00,2326.07,20.78651703,0.9881102,0.98808844,2.74e-06,0.0,0.00101673
2025-06-17 01:00:00+00:00,2270.2475,20.84310481,0.98888846,0.98886637,2.78e-06,0.0,0.00101824
2025-06-17 02:00:00+00:00,2233.2125,21.21351274,0.98834054,0.98817864,3.27e-06,0.00013773,0.00097182
2025-06-17 03:00:00+00:00,2328.6125,21.95877744,0.98899163,0.98887691,9.847e-05,0.0,0.00106169
2025-06-17 04:00:00+00:00,2652.83,23.35706749,0.99243718,0.9919337,0.00045212,3e-08,0.00113521
2025-06-17 05:00:00+00:00,3041.4625,23.45168753,0.99436343,0.99288703,0.00137632,6e-08,0.00092916
2025-06-17 06:00:00+00:00,3170.805,23.57973,0.99423727,0.99261418,0.00146838,7e-08,0.00086657
2025-06-17 07:00:00+00:00,3199.1825,22.4429599,0.98926519,0.98860349,0.00038327,1.5e-07,0.00129682
2025-06-17 08:00:00+00:00,3207.155,21.07986235,0.980764,0.97995909,0.00036307,7.876e-05,0.00120164
2025-06-17 09:00:00+00:00,3231.6,21.40762466,0.97868989,0.9775329,0.00030764,0.00029552,0.00115177
2025-06-17 10:00:00+00:00,3224.3775,21.74502822,0.97764771,0.97556134,0.000285,0.00080034,0.00114574
2025-06-17 11:00:00+00:00,3208.265,21.53773712,0.97734457,0.9754755,0.00028014,0.00076234,0.00107346
2025-06-17 12:00:00+00:00,3198.26,21.16973349,0.98091311,0.97979634,1.499e-05,0.00055023,0.00097825
2025-06-17 13:00:00+00:00,3182.02,21.3627601,0.98264948,0.98098582,1.612e-05,0.00086085,0.00082135
2025-06-17 14:00:00+00:00,3243.835,20.70256201,0.98691269,0.98668936,2.53e-06,3.997e-05,0.00091581
2025-06-17 15:00:00+00:00,3203.0375,20.99691563,0.98782941,0.98774818,3.04e-06,1.4e-07,0.00096443
2025-06-17 16:00:00+00:00,3151.645,20.9757251,0.98943229,0.98938018,3.14e-06,1.6e-07,0.00114912
2025-06-17 17:00:00+00:00,3130.9975,21.50413888,0.99196164,0.99193786,3.8e-06,1e-07,0.00092332
2025-06-17 18:00:00+00:00,3111.3675,21.44712667,0.991868,0.99184923,3.73e-06,7e-08,0.00093906
2025-06-17 19:00:00+00:00,3071.2825,21.59785044,0.99200417,0.99198977,3.77e-06,1e-08,0.00079781
2025-06-17 20:00:00+00:00,3018.81,21.20774449,0.9911915,0.99092394,0.00025084,0.0,0.00074275
2025-06-17 21:00:00+00:00,2912.89,20.71447223,0.99040881,0.99035004,3.653e-05,7e-08,0.00092171
2025-06-17 22:00:00+00:00,2676.5475,20.28205707,0.98897976,0.98872372,7.576e-05,0.00015145,0.00065063
2025-06-17 23:00:00+00:00,2546.385,20.04270158,0.98814446,0.98785241,9.269e-05,0.0001699,0.00066992
2025-06-18 00:00:00+00:00,2473.6525,20.10944787,0.98802099,0.98791311,8.537e-05,8e-08,0.00100363
2025-06-18 01:00:00+00:00,2369.5575,19.96350914,0.98822925,0.98785535,0.00035252,9e-08,0.00106784
2025-06-18 02:00:00+00:00,2298.4225,20.19094816,0.98746139,0.98716301,0.00027713,9e-08,0.00108693
2025-06-18 03:00:00+00:00,2340.09,21.00001371,0.98730153,0.98694021,0.00034018,1.5e-07,0.00126412
2025-06-18 04:00:00+00:00,2601.0225,22.26988706,0.98960903,0.98926691,0.00032517,8e-08,0.00103139
2025-06-18 05:00:00+00:00,2901.73,23.21605772,0.99344376,0.99324286,0.00019682,6e-08,0.00086624
2025-06-18 06:00:00+00:00,2936.6575,23.20162077,0.99354094,0.99346873,5.676e-05,8e-08,0.00096358
2025-06-18 07:00:00+00:00,2893.4925,22.61268399,0.98971083,0.98923967,0.0002828,9e-08,0.00103655
2025-06-18 08:00:00+00:00,2898.7475,21.25185237,0.9794481,0.97899897,0.00021788,6e-08,0.0008901
2025-06-18 09:00:00+00:00,2909.69,21.63944811,0.97540908,0.97444775,0.0002857,0.00022844,0.00097192
2025-06-18 10:00:00+00:00,2943.6725,21.29765146,0.97372671,0.97310192,0.00028725,5.54e-06,0.00110965
2025-06-18 11:00:00+00:00,2973.5075,21.72495502,0.97443545,0.97369863,6.594e-05,0.00018174,0.00092791
2025-06-18 12:00:00+00:00,2995.1275,21.48342666,0.97384562,0.97306537,2.329e-05,0.00026734,0.00051081
2025-06-18 13:00:00+00:00,3028.3075,21.18948235,0.97756295,0.97697806,0.00025526,2.307e-05,0.00069134
2025-06-18 14:00:00+00:00,3151.615,21.32237909,0.98130774,0.98090441,8.582e-05,9e-08,0.00085156
2025-06-18 15:00:00+00:00,3120.61,21.82742731,0.98602115,0.98571328,5.986e-05,1.1e-07,0.00097563
2025-06-18 16:00:00+00:00,3070.625,23.16527887,0.99250379,0.99226062,6.869e-05,1.1e-07,0.00095072
2025-06-18 17:00:00+00:00,3051.6075,23.6701829,0.99399801,0.99377464,5.659e-05,1e-07,0.0010486
2025-06-18 18:00:00+00:00,3027.735,23.59502368,0.99475805,0.99400288,0.00059459,9e-08,0.00085157
2025-06-18 19:00:00+00:00,3022.66,23.60088079,0.99427287,0.9939137,0.00020666,9e-08,0.00089466
2025-06-18 20:00:00+00:00,2969.1975,23.71486291,0.9940797,0.99385369,5.535e-05,1.2e-07,0.00105296
2025-06-18 21:00:00+00:00,2838.1825,22.60795727,0.99425962,0.99399345,4.656e-05,3.26e-05,0.00099702
2025-06-18 22:00:00+00:00,2639.4275,22.0415639,0.99284604,0.99254926,4.992e-05,7.274e-05,0.00035084
2025-06-18 23:00:00+00:00,2510.66,20.99803509,0.98949428,0.98917108,4.733e-05,8.031e-05,0.00025109
2025-06-19 00:00:00+00:00,2418.465,20.56234919,0.98755932,0.98711542,0.00011403,0.00014678,0.00086539
2025-06-19 01:00:00+00:00,2398.2525,20.26983041,0.98843982,0.98807182,0.00010407,9.764e-05,0.00080105
2025-06-19 02:00:00+00:00,2355.0075,20.28298183,0.9875904,0.98726909,0.00010976,5.615e-05,0.00072459
2025-06-19 03:00:00+00:00,2421.055,20.28919261,0.98684713,0.98656527,0.00010292,1.2e-07,0.0007492
2025-06-19 04:00:00+00:00,2680.265,20.65405852,0.98744619,0.98718898,4.238e-05,1.3e-07,0.00086232
2025-06-19 05:00:00+00:00,3003.2875,20.77277303,0.98767402,0.98746231,3.772e-05,1e-07,0.00075413
2025-06-19 06:00:00+00:00,3074.3675,20.56941784,0.98394553,0.98372135,3.095e-05,8e-08,0.00065588
2025-06-19 07:00:00+00:00,3076.175,20.84631371,0.98212849,0.98161893,0.00026512,9e-08,0.00071883
2025-06-19 08:00:00+00:00,3037.4,21.05423335,0.97931236,0.9787666,0.00015161,9.869e-05,0.00086306
2025-06-19 09:00:00+00:00,3031.4875,21.25635129,0.97884585,0.97833314,0.00024374,9.41e-06,0.00080875
2025-06-19 10:00:00+00:00,3033.6425,23.24664035,0.97430209,0.97102843,0.00038985,0.00119053,0.00053414
2025-06-19 11:00:00+00:00,3047.205,22.8366989,0.97465646,0.97200781,0.00028147,0.00096929,0.0003683
2025-06-19 12:00:00+00:00,3075.495,21.88931333,0.97872571,0.97737883,0.00037471,0.00023389,0.0004835
2025-06-19 13:00:00+00:00,3097.9025,21.124104,0.97896162,0.97816573,0.00048267,7.47e-06,0.00076211
2025-06-19 14:00:00+00:00,3145.81,21.02493027,0.98082964,0.97993312,0.00062011,7e-08,0.00082654
2025-06-19 15:00:00+00:00,3143.1725,21.00102666,0.98274161,0.98190372,0.00053091,1.664e-05,0.00108509
2025-06-19 16:00:00+00:00,3094.48,21.77357425,0.98733741,0.98648005,0.00061674,0.0,0.00119754
2025-06-19 17:00:00+00:00,3065.86,23.22863748,0.99225558,0.99135091,0.00072201,0.0,0.00128087
2025-06-19 18:00:00+00:00,3074.12,23.52728917,0.99367502,0.99006892,0.00342932,0.0,0.00102325
2025-06-19 19:00:00+00:00,3032.4775,23.50611118,0.9932956,0.99231036,0.00081381,0.0,0.00118806
2025-06-19 20:00:00+00:00,2993.1325,22.98326946,0.99209076,0.99089791,0.00097609,0.0,0.00130896
2025-06-19 21:00:00+00:00,2869.8725,22.23326988,0.99135056,0.99020423,0.00092372,0.0,0.00125025
2025-06-19 22:00:00+00:00,2680.855,21.17088061,0.98845294,0.98724912,0.00073959,0.00019876,0.0003911
2025-06-19 23:00:00+00:00,2523.1775,20.6919938,0.98742454,0.98583341,0.00102244,0.00027328,0.00046481
2025-06-20 00:00:00+00:00,2415.1,20.31896738,0.98644115,0.98487616,0.00101396,0.00027569,0.00108617
2025-06-20 01:00:00+00:00,2345.4075,20.46789599,0.98711373,0.9854941,0.0010582,0.00028723,0.00103193
2025-06-20 02:00:00+00:00,2348.14,20.76840083,0.98609608,0.98437493,0.00119538,0.00024853,0.00121234
2025-06-20 03:00:00+00:00,2382.8175,20.95507549,0.98514722,0.98359536,0.00113551,0.00011762,0.00118599
2025-06-20 04:00:00+00:00,2645.26,21.72625095,0.98608056,0.98557264,1.52e-05,0.00019471,0.00117088
2025-06-20 05:00:00+00:00,2918.895,23.36913623,0.99134272,0.99113406,0.0,0.0,0.00094373
2025-06-20 06:00:00+00:00,3024.465,23.73179682,0.99276192,0.99260471,0.0,0.0,0.00073347
2025-06-20 07:00:00+00:00,3018.6425,23.83922143,0.99297682,0.99251952,0.00026546,1.798e-05,0.00083158
2025-06-20 08:00:00+00:00,3022.27,24.53817172,0.99142591,0.98966713,0.00021016,0.00081887,0.00074229
2025-06-20 09:00:00+00:00,2974.33,25.13304054,0.98686286,0.9830605,0.00070041,0.00166227,0.00097118
2025-06-20 10:00:00+00:00,2960.01,25.70804601,0.98039828,0.97570528,0.00051118,0.00207387,0.00084374
2025-06-20 11:00:00+00:00,2949.8325,25.99707317,0.97415651,0.9686579,0.0005748,0.00227151,0.00088471
2025-06-20 12:00:00+00:00,2950.37,24.99906211,0.97915979,0.97519501,0.00046607,0.00159066,0.00088483
2025-06-20 13:00:00+00:00,2943.62,23.01595221,0.98840394,0.98783542,0.0003033,1.019e-05,0.00089578
2025-06-20 14:00:00+00:00,2993.3975,23.10104718,0.99155483,0.99125992,5.576e-05,2.452e-05,0.0007649
2025-06-20 15:00:00+00:00,3014.1775,23.21311275,0.99288072,0.99241775,0.00027073,0.0,0.00083494
2025-06-20 16:00:00+00:00,2974.035,23.50677111,0.99628211,0.99618954,2.46e-06,0.0,0.00044213
2025-06-20 17:00:00+00:00,2921.97,23.3542071,0.99678976,0.99651458,0.00017119,0.0,0.00051958
2025-06-20 18:00:00+00:00,2869.275,23.11518932,0.99734825,0.99731117,0.0,0.0,0.00019589
2025-06-20 19:00:00+00:00,2809.9025,23.03573229,0.99618052,0.99599264,7.386e-05,0.0,0.00061432
2025-06-20 20:00:00+00:00,2751.2175,22.93897517,0.99452967,0.99440579,2.4e-07,0.0,0.00067468
2025-06-20 21:00:00+00:00,2680.92,22.699611,0.99401872,0.99389159,1.556e-05,0.0,0.00059701
2025-06-20 22:00:00+00:00,2549.0325,22.16985867,0.99280478,0.99140346,0.00123923,0.0,0.00113364
2025-06-20 23:00:00+00:00,2416.405,21.95009837,0.99178947,0.99030181,0.00129104,0.0,0.00120829
2025-06-21 00:00:00+00:00,2314.18,22.04925745,0.99134261,0.99000622,0.00112575,0.0,0.0011279
2025-06-21 01:00:00+00:00,2225.8225,22.10020559,0.991342,0.99013787,0.00100471,0.0,0.00104795
2025-06-21 02:00:00+00:00,2162.305,21.85302599,0.99048651,0.98877978,0.00144685,2.01e-05,0.0013078
2025-06-21 03:00:00+00:00,2141.1375,21.89037108,0.9906078,0.98904944,0.00138587,0.0,0.00121252
2025-06-21 04:00:00+00:00,2165.8325,21.94921399,0.99047682,0.98890761,0.00140816,0.0,0.00120493
2025-06-21 05:00:00+00:00,2250.6,21.97240784,0.99013214,0.98858544,0.00140487,0.0,0.00115322
2025-06-21 06:00:00+00:00,2371.23,22.06247001,0.98927512,0.98772298,0.00133794,0.0,0.00113375
2025-06-21 07:00:00+00:00,2515.715,22.46806781,0.98974025,0.98825637,0.00126661,0.0,0.00107903
2025-06-21 08:00:00+00:00,2637.2625,22.54970457,0.98800874,0.9863592,0.0013906,0.0,0.00114129
2025-06-21 09:00:00+00:00,2674.4,22.29874891,0.98699034,0.98566208,0.00118094,0.0,0.00089921
2025-06-21 10:00:00+00:00,2636.46,21.99782341,0.98122235,0.98005415,0.00105573,0.0,0.00072429
2025-06-21 11:00:00+00:00,2613.2325,22.21913166,0.98204802,0.98099852,0.00094134,0.0,0.00064277
2025-06-21 12:00:00+00:00,2612.34,22.06472293,0.98067946,0.97951591,0.00102749,0.0,0.00072464
2025-06-21 13:00:00+00:00,2575.7,22.08561042,0.98166343,0.98018624,0.00122446,3e-08,0.00101031
2025-06-21 14:00:00+00:00,2601.8675,22.46839718,0.98571914,0.98434346,0.00112984,0.0,0.00096718
2025-06-21 15:00:00+00:00,2593.61,22.81507883,0.98842766,0.98705199,0.00108501,0.0,0.00111796
2025-06-21 16:00:00+00:00,2599.2575,23.37648078,0.99223849,0.99153918,0.00046538,0.0,0.00093593
2025-06-21 17:00:00+00:00,2612.2525,23.69328883,0.99334572,0.99243345,0.00069599,5.26e-06,0.00086855
2025-06-21 18:00:00+00:00,2603.375,23.62270006,0.99335872,0.99199736,0.00111685,7.39e-06,0.00107752
2025-06-21 19:00:00+00:00,2572.8575,23.60551368,0.99397484,0.99362836,0.0002149,0.0,0.00057406
2025-06-21 20:00:00+00:00,2540.23,23.59155719,0.99431432,0.99424625,1.28e-06,0.0,0.00026669
2025-06-21 21:00:00+00:00,2500.6275,23.55850934,0.99421649,0.9941244,8.97e-06,0.0,0.00032535
2025-06-21 22:00:00+00:00,2432.0975,22.98246115,0.99131044,0.98939623,0.00152089,5.871e-05,0.00150214
2025-06-21 23:00:00+00:00,2315.74,22.94381408,0.99123307,0.98928792,0.00156175,4.902e-05,0.00156617
2025-06-22 00:00:00+00:00,2229.5325,22.81870056,0.99134333,0.99000303,0.00101963,0.0,0.00149069
2025-06-22 01:00:00+00:00,2163.8675,22.84690014,0.99050652,0.98929928,0.00088642,0.0,0.00133464
2025-06-22 02:00:00+00:00,2088.5225,22.85401022,0.98998806,0.98960733,1.007e-05,0.0,0.00148688
2025-06-22 03:00:00+00:00,2061.7075,22.9516479,0.99008569,0.98973389,0.0,0.0,0.00145627
2025-06-22 04:00:00+00:00,2064.565,23.09294534,0.98980455,0.98944541,0.0,0.0,0.00148615
2025-06-22 05:00:00+00:00,2093.05,22.91900117,0.98713756,0.98588955,0.00089274,0.0,0.00147689
2025-06-22 06:00:00+00:00,2195.625,22.98499853,0.98466348,0.9831101,0.0010516,0.00013934,0.00103602
2025-06-22 07:00:00+00:00,2378.7225,24.28376439,0.97749538,0.97396592,0.00051325,0.00102935,0.0004247
2025-06-22 08:00:00+00:00,2532.4725,28.94465064,0.96116128,0.94889227,7.142e-05,0.00405521,7.045e-05
2025-06-22 09:00:00+00:00,2642.0175,26.82642762,0.96955487,0.96159458,2.271e-05,0.00255482,4.42e-05
2025-06-22 10:00:00+00:00,2664.195,24.42519223,0.97710093,0.97343672,0.00059813,0.00115977,0.00044324
2025-06-22 11:00:00+00:00,2684.485,26.05900082,0.97352442,0.9658104,0.00052423,0.00282613,0.00039906
2025-06-22 12:00:00+00:00,2739.4325,27.41688015,0.97576842,0.96499948,0.00044434,0.00357927,0.00034391
2025-06-22 13:00:00+00:00,2780.6225,29.00065101,0.96446038,0.94887008,0.0004866,0.00475825,0.00039602
2025-06-22 14:00:00+00:00,2842.7925,24.20289597,0.981413,0.97544921,0.00118661,0.00188758,0.00110821
2025-06-22 15:00:00+00:00,2860.4675,22.51761122,0.98979361,0.98829733,0.00117101,1.704e-05,0.00128017
2025-06-22 16:00:00+00:00,2880.675,22.82720921,0.99200403,0.99172584,1.527e-05,0.0,0.00124825
2025-06-22 17:00:00+00:00,2870.5775,23.41541143,0.99383198,0.99364092,0.0,0.0,0.00108213
2025-06-22 18:00:00+00:00,2853.4025,23.33958952,0.99420847,0.99399815,2.247e-05,0.0,0.00097184
2025-06-22 19:00:00+00:00,2827.7125,22.6760649,0.9933012,0.99176278,0.00128326,0.0,0.00135031
2025-06-22 20:00:00+00:00,2765.655,22.66876601,0.99364671,0.99337715,2.781e-05,0.0,0.00112961
2025-06-22 21:00:00+00:00,2644.265,22.3492434,0.99325759,0.9925591,0.00046155,0.0,0.00113019
2025-06-22 22:00:00+00:00,2478.1425,22.19233031,0.99287103,0.99149393,0.00109115,0.0,0.00136118
2025-06-22 23:00:00+00:00,2349.8675,22.28530449,0.99297188,0.99153759,0.00116272,0.0,0.00122832
2025-06-23 00:00:00+00:00,2266.5775,22.20707469,0.99233838,0.99069906,0.00130706,2.435e-05,0.00054303
2025-06-23 01:00:00+00:00,2236.695,22.19745873,0.99321617,0.99134301,0.0014574,8.842e-05,0.00060637
2025-06-23 02:00:00+00:00,2225.4875,21.96217648,0.9926587,0.99076087,0.00148229,8.05e-05,0.00060582
2025-06-23 03:00:00+00:00,2303.67,22.04404732,0.99262933,0.99035895,0.00182386,8.625e-05,0.00064129
2025-06-23 04:00:00+00:00,2577.9725,23.1397472,0.99416329,0.99223465,0.00164046,0.0,0.00052328
2025-06-23 05:00:00+00:00,2911.0925,23.19587005,0.99434712,0.99279022,0.00133157,4.8e-07,0.00038303
2025-06-23 06:00:00+00:00,3080.125,24.12265266,0.99350144,0.99050731,0.00088741,0.0005072,0.00030115
2025-06-23 07:00:00+00:00,3176.0,23.25087814,0.99188962,0.98905253,0.00136055,0.00043083,0.00046084
2025-06-23 08:00:00+00:00,3181.7825,28.34267689,0.98302973,0.96873208,0.00132747,0.00466792,0.00034465
2025-06-23 09:00:00+00:00,3205.7425,30.4452351,0.97587043,0.9568166,0.00128781,0.00650294,0.00038745
2025-06-23 10:00:00+00:00,3152.51,32.07607857,0.95407409,0.93287987,0.00062097,0.00707246,0.0006182
2025-06-23 11:00:00+00:00,3147.1725,32.73475337,0.94952401,0.92775857,0.00075064,0.00684807,0.00069007
2025-06-23 12:00:00+00:00,3182.5075,34.73701561,0.94106108,0.91529153,0.00039918,0.00843152,0.00039076
2025-06-23 13:00:00+00:00,3180.8175,36.42793441,0.93999177,0.91066888,0.00014896,0.00964836,0.00020026
2025-06-23 14:00:00+00:00,3216.7975,35.1082071,0.95619285,0.92872388,0.00043324,0.00929973,0.00038224
2025-06-23 15:00:00+00:00,3205.3325,32.0038743,0.98023302,0.95985434,0.00060256,0.00757317,0.000563
2025-06-23 16:00:00+00:00,3149.7925,27.51462311,0.98861307,0.97708284,0.00102154,0.00387883,0.00091449
2025-06-23 17:00:00+00:00,3064.425,23.21530421,0.99105306,0.98914385,0.00149812,0.00011728,0.00151984
2025-06-23 18:00:00+00:00,3023.515,23.09208827,0.99127033,0.989472,0.00134756,0.00017549,0.00143281
2025-06-23 19:00:00+00:00,2977.5475,23.42821041,0.99153559,0.98988933,0.00111519,0.00030497,0.00114102
2025-06-23 20:00:00+00:00,2895.3725,23.19645872,0.99133767,0.98955204,0.00107795,0.00048092,0.00106922
2025-06-23 21:00:00+00:00,2751.5875,23.25217223,0.99182184,0.99064103,0.0008738,0.00014075,0.00087174
2025-06-23 22:00:00+00:00,2574.6625,22.52230175,0.99053817,0.98914695,0.00115731,9.4e-07,0.00043115
2025-06-23 23:00:00+00:00,2460.455,22.39025193,0.98970941,0.98817941,0.00131961,0.0,0.00037849
2025-06-24 00:00:00+00:00,2393.865,22.44624903,0.98931884,0.98783117,0.00126869,0.0,0.00120124
2025-06-24 01:00:00+00:00,2340.4525,22.62908652,0.99039099,0.98843901,0.00167331,2.923e-05,0.00140738
2025-06-24 02:00:00+00:00,2307.0025,22.60508181,0.9894156,0.98738577,0.00173539,3.722e-05,0.00146214
2025-06-24 03:00:00+00:00,2372.1825,22.38559283,0.98854547,0.98697244,0.00132759,0.0,0.00141917
2025-06-24 04:00:00+00:00,2648.6575,22.39628817,0.98944071,0.98822352,0.00098001,0.0,0.00130561
2025-06-24 05:00:00+00:00,2974.0975,22.61866379,0.99104927,0.9896787,0.00112409,0.0,0.00127074
2025-06-24 06:00:00+00:00,3054.5025,22.91004604,0.9919422,0.99074995,0.00107287,0.0,0.00087095
2025-06-24 07:00:00+00:00,3056.0525,22.78326213,0.9911789,0.99011131,0.00094222,0.0,0.00077567
2025-06-24 08:00:00+00:00,3072.985,23.73639477,0.98886217,0.98481105,0.0011116,0.00133826,0.00074447
2025-06-24 09:00:00+00:00,3061.94,25.41978693,0.98673028,0.9787528,0.00103813,0.00342022,0.00066111
2025-06-24 10:00:00+00:00,3054.9325,26.52200303,0.98380084,0.97341812,0.00092546,0.00465738,0.00066613
2025-06-24 11:00:00+00:00,3114.14,25.43653693,0.98495782,0.97767559,0.00086527,0.00304245,0.00065886
2025-06-24 12:00:00+00:00,3119.1925,25.508818,0.9837658,0.97524213,0.00104578,0.00347221,0.00075091
2025-06-24 13:00:00+00:00,3076.96,27.4656915,0.98347909,0.97050064,0.00098539,0.00589159,0.00062161
2025-06-24 14:00:00+00:00,3129.7,24.26963385,0.98743782,0.98286348,0.00082499,0.00180108,0.00066273
2025-06-24 15:00:00+00:00,3175.775,22.96405418,0.98909659,0.98762306,0.00103207,8.528e-05,0.00086585
2025-06-24 16:00:00+00:00,3104.68,23.5305531,0.99185821,0.99064752,0.00099657,0.0,0.00080566
2025-06-24 17:00:00+00:00,3091.89,23.39702119,0.99199408,0.99077195,0.00100147,0.0,0.00086062
2025-06-24 18:00:00+00:00,3059.41,23.27518674,0.99208514,0.99070623,0.00112046,0.0,0.00101961
2025-06-24 19:00:00+00:00,2999.145,23.08846249,0.99155854,0.98993059,0.00134142,1.778e-05,0.00107232
2025-06-24 20:00:00+00:00,2910.04,23.52439597,0.99175896,0.99008883,0.00144044,1.827e-05,0.00097773
2025-06-24 21:00:00+00:00,2761.35,23.33815913,0.99183527,0.99029978,0.00122055,8.874e-05,0.00098879
2025-06-24 22:00:00+00:00,2590.96,22.87734412,0.99050492,0.98870211,0.00114273,0.0003916,0.00027003
2025-06-24 23:00:00+00:00,2423.8275,22.86059326,0.98984945,0.98801451,0.00125388,0.00030318,0.00029686
2025-06-25 00:00:00+00:00,2352.15,22.89910447,0.989561,0.98771463,0.0015851,7.61e-05,0.00093231
2025-06-25 01:00:00+00:00,2302.3175,22.82607399,0.99063102,0.98881157,0.00162959,0.0,0.00098269
2025-06-25 02:00:00+00:00,2259.7325,22.7691387,0.9892812,0.98729297,0.00169146,7e-08,0.00119899
2025-06-25 03:00:00+00:00,2305.5725,22.68315363,0.98861014,0.98700781,0.0013087,1.4e-07,0.00110717
2025-06-25 04:00:00+00:00,2597.2925,23.07371759,0.99018615,0.98890108,0.00102695,1.1e-07,0.0009292
2025-06-25 05:00:00+00:00,2924.1175,23.14030237,0.99189779,0.99029547,0.00134578,1e-07,0.00094001
2025-06-25 06:00:00+00:00,3051.08,23.42073635,0.99236192,0.99075563,0.00133018,1.3e-07,0.00103164
2025-06-25 07:00:00+00:00,3025.6375,23.47369866,0.99214912,0.99108446,0.00079249,1.2e-07,0.00094523
2025-06-25 08:00:00+00:00,3019.43,23.04457473,0.99023315,0.98911161,0.0007852,1.5e-07,0.00101177
2025-06-25 09:00:00+00:00,3010.9725,23.19166561,0.98986372,0.9886558,0.00084354,1.6e-07,0.00102106
2025-06-25 10:00:00+00:00,2990.555,23.13757779,0.98861382,0.98689065,0.00134698,1.6e-07,0.00096332
2025-06-25 11:00:00+00:00,2976.005,23.28861877,0.98883621,0.98704796,0.00134109,8.213e-05,0.00094173
2025-06-25 12:00:00+00:00,2951.2375,23.34183369,0.98913481,0.98740412,0.0013738,1.5e-07,0.0009521
2025-06-25 13:00:00+00:00,2968.655,23.23404013,0.98924967,0.98774406,0.00115188,1.5e-07,0.00095621
2025-06-25 14:00:00+00:00,3019.545,23.03357696,0.98969709,0.98841748,0.00096456,1.3e-07,0.00079609
2025-06-25 15:00:00+00:00,3007.225,22.6247553,0.98892703,0.98742821,0.0011922,1.3e-07,0.00082238
2025-06-25 16:00:00+00:00,2980.35,23.36119047,0.99148714,0.99022866,0.0009774,1.4e-07,0.00090096
2025-06-25 17:00:00+00:00,2961.95,24.00835534,0.99268551,0.99102635,0.00139951,8.6e-07,0.00094477
2025-06-25 18:00:00+00:00,2967.385,24.03215968,0.992977,0.99143548,0.00131441,1e-07,0.00086549
2025-06-25 19:00:00+00:00,2945.705,24.02278478,0.99307659,0.99162337,0.001235,1e-07,0.00080422
2025-06-25 20:00:00+00:00,2877.66,23.9710361,0.99204861,0.99037422,0.00142458,1.4e-07,0.00094213
2025-06-25 21:00:00+00:00,2771.2975,23.06462752,0.9918736,0.98994667,0.00158451,3.757e-05,0.00101848
2025-06-25 22:00:00+00:00,2611.71,21.96677858,0.99083064,0.98871606,0.00162972,0.00013877,0.00023702
2025-06-25 23:00:00+00:00,2477.06,21.76406839,0.99008595,0.98805695,0.00162169,6.969e-05,0.00025766
2025-06-26 00:00:00+00:00,2352.1025,21.59893719,0.98943328,0.98743897,0.00163582,3.8e-07,0.0011735
2025-06-26 01:00:00+00:00,2261.595,22.31604215,0.99052911,0.98824064,0.00177929,0.0001492,0.00122817
2025-06-26 02:00:00+00:00,2211.895,22.36955099,0.98971859,0.98763826,0.00173601,3.1e-07,0.00128219
2025-06-26 03:00:00+00:00,2268.18,22.97716422,0.98904691,0.9869721,0.00174586,3.6e-07,0.00131917
2025-06-26 04:00:00+00:00,2533.8375,22.97737884,0.98942821,0.98746671,0.00164055,3.9e-07,0.00123395
2025-06-26 05:00:00+00:00,2851.69,23.81836106,0.99227469,0.99046784,0.00154878,1.9e-07,0.00108209
2025-06-26 06:00:00+00:00,2977.96,23.87841619,0.99308425,0.99150853,0.0013246,2e-07,0.00095933
2025-06-26 07:00:00+00:00,3015.705,23.49231138,0.98983989,0.98845039,0.00111299,2.2e-07,0.0008434
2025-06-26 08:00:00+00:00,3014.595,23.3712027,0.98815358,0.98658552,0.00125794,2.3e-07,0.00093651
2025-06-26 09:00:00+00:00,2987.7375,23.29517557,0.9876915,0.98595519,0.00132651,8.239e-05,0.00093538
2025-06-26 10:00:00+00:00,2986.2025,23.10017726,0.9870741,0.98552431,0.00123415,1.8e-07,0.00090465
2025-06-26 11:00:00+00:00,2996.625,22.63639454,0.98351766,0.9816844,0.0014168,1.623e-05,0.0011113
2025-06-26 12:00:00+00:00,3035.0675,22.32148443,0.98322688,0.9814149,0.00137705,2.335e-05,0.00106833
2025-06-26 13:00:00+00:00,3043.02,22.34339192,0.9848852,0.9831296,0.00137231,2.3e-07,0.0010874
2025-06-26 14:00:00+00:00,3093.675,22.68946779,0.98625346,0.98469571,0.00120989,3.241e-05,0.00098411
2025-06-26 15:00:00+00:00,3092.91,23.139238,0.99015954,0.98852924,0.00132497,3.367e-05,0.00101187
2025-06-26 16:00:00+00:00,3084.855,23.37690606,0.99357668,0.9880756,0.00522076,0.0,0.00050225
2025-06-26 17:00:00+00:00,3056.1425,23.29584229,0.99397036,0.98882131,0.00497766,0.0,0.00047073
2025-06-26 18:00:00+00:00,3027.0525,23.44097456,0.99357571,0.99165097,0.00174131,0.0,0.00054509
2025-06-26 19:00:00+00:00,2984.4,23.48863581,0.99329021,0.99101461,0.00208323,0.0,0.00062434
2025-06-26 20:00:00+00:00,2904.63,23.54445359,0.99264289,0.98856669,0.00384611,0.0,0.00065996
2025-06-26 21:00:00+00:00,2763.5825,23.51387926,0.99260574,0.99099321,0.0013966,0.0,0.0009396
2025-06-26 22:00:00+00:00,2534.8,23.4880595,0.99133073,0.9898184,0.00124708,0.0,0.00024424
2025-06-26 23:00:00+00:00,2392.695,23.36069414,0.99027144,0.9885315,0.00145049,0.0,0.00028027
2025-06-27 00:00:00+00:00,2312.92,22.61656516,0.98944699,0.98768219,0.00144428,0.0,0.00131314
2025-06-27 01:00:00+00:00,2285.87,21.95260891,0.9902332,0.98840142,0.00148859,0.0,0.00138238
2025-06-27 02:00:00+00:00,2261.545,21.57651193,0.98944209,0.98747933,0.00157897,6.07e-06,0.00151581
2025-06-27 03:00:00+00:00,2307.6425,21.80389205,0.98953116,0.98750289,0.00153277,0.00011295,0.00147327
2025-06-27 04:00:00+00:00,2550.0825,23.11167831,0.99140505,0.98944105,0.0016253,0.0,0.00145204
2025-06-27 05:00:00+00:00,2818.945,23.22997378,0.99327481,0.99155325,0.001423,0.0,0.00127348
2025-06-27 06:00:00+00:00,2930.0025,23.59327041,0.99392381,0.99242117,0.00122497,0.0,0.00109768
2025-06-27 07:00:00+00:00,2958.975,23.62550871,0.99342489,0.9917928,0.001326,2.01e-06,0.00113253
2025-06-27 08:00:00+00:00,2965.5325,23.19444744,0.99296981,0.9914956,0.00116935,0.0,0.00099848
2025-06-27 09:00:00+00:00,2967.0,22.08655958,0.98913515,0.98760714,0.00114469,2.022e-05,0.00099751
2025-06-27 10:00:00+00:00,2943.3475,21.36242943,0.98631812,0.98488654,0.00104491,0.0,0.00100818
2025-06-27 11:00:00+00:00,2960.5,20.91047842,0.98418779,0.98290779,0.0008646,0.0,0.0008874
2025-06-27 12:00:00+00:00,2915.2075,20.79571669,0.98359205,0.98225772,0.00091575,0.0,0.00088152
2025-06-27 13:00:00+00:00,2896.4275,20.86462444,0.98359793,0.9822138,0.00096308,0.0,0.00100556
2025-06-27 14:00:00+00:00,2909.7475,21.05953588,0.985297,0.98417214,0.00069343,0.0,0.00101357
2025-06-27 15:00:00+00:00,2917.635,20.99915856,0.98648816,0.98490956,0.00111532,0.0,0.00123315
2025-06-27 16:00:00+00:00,2905.6125,20.88274689,0.98820932,0.98669949,0.00109802,0.0,0.00122885
2025-06-27 17:00:00+00:00,2864.6225,21.04858231,0.98940059,0.98788858,0.00110182,0.0,0.00132093
2025-06-27 18:00:00+00:00,2846.1,21.07379817,0.99035768,0.98882589,0.00112422,0.0,0.00132612
2025-06-27 19:00:00+00:00,2776.8925,20.969738,0.99036398,0.98928278,0.00068973,0.0,0.00129479
2025-06-27 20:00:00+00:00,2746.45,20.49560101,0.99012146,0.98900649,0.00070339,0.0,0.00131827
2025-06-27 21:00:00+00:00,2681.765,20.39313608,0.9901997,0.9890646,0.00071314,0.0,0.0013328
2025-06-27 22:00:00+00:00,2512.94,20.85085876,0.99031929,0.98873131,0.00117271,0.0,0.00138517
2025-06-27 23:00:00+00:00,2360.5525,21.26818778,0.99041306,0.98897679,0.00101689,0.0,0.00146442
2025-06-28 00:00:00+00:00,2261.5825,21.28029274,0.99018089,0.98871075,0.00102653,0.0,0.0015241
2025-06-28 01:00:00+00:00,2190.73,21.38300164,0.98960119,0.98836022,0.00082309,0.0,0.00136092
2025-06-28 02:00:00+00:00,2139.29,21.29130407,0.98941874,0.987839,0.00116745,0.0,0.00127534
2025-06-28 03:00:00+00:00,2106.9075,21.34425318,0.98927231,0.98775818,0.00112695,0.0,0.00127635
2025-06-28 04:00:00+00:00,2165.5325,21.49953746,0.98834766,0.98705883,0.00088131,0.0,0.00126725
2025-06-28 05:00:00+00:00,2270.0775,21.92945717,0.98792515,0.98631458,0.00119953,0.0,0.00135025
2025-06-28 06:00:00+00:00,2451.3575,21.77298175,0.98754048,0.9859651,0.00114749,0.0,0.00131702
2025-06-28 07:00:00+00:00,2673.695,21.35061632,0.98565308,0.98410519,0.00102155,7.104e-05,0.00109796
2025-06-28 08:00:00+00:00,2885.9825,21.61961374,0.98676733,0.98599178,0.0001578,0.00017608,0.0002161
2025-06-28 09:00:00+00:00,2904.2725,22.50754724,0.98441759,0.9816674,7.05e-06,0.00114824,2.045e-05
2025-06-28 10:00:00+00:00,2880.1,28.14867376,0.97690364,0.96384527,3.391e-05,0.00525073,0.00010547
2025-06-28 11:00:00+00:00,2835.2825,26.1063713,0.98208358,0.97273625,5.232e-05,0.00355701,8.886e-05
2025-06-28 12:00:00+00:00,2742.6475,21.19110224,0.98449165,0.98277159,9.258e-05,0.00069637,0.00010096
2025-06-28 13:00:00+00:00,2700.4875,20.376479,0.98524209,0.98395803,0.00044063,0.00025543,0.00049488
2025-06-28 14:00:00+00:00,2740.915,20.34317397,0.9878816,0.98680263,0.00058306,8.674e-05,0.00091747
2025-06-28 15:00:00+00:00,2694.0725,20.26267267,0.99027921,0.9892256,0.0006643,0.0,0.00100902
2025-06-28 16:00:00+00:00,2689.8725,20.87404536,0.99135691,0.99009455,0.00086289,0.0,0.00128055
2025-06-28 17:00:00+00:00,2697.32,20.81921842,0.99147365,0.99033184,0.00075031,0.0,0.00133882
2025-06-28 18:00:00+00:00,2698.855,20.47342706,0.99135399,0.98976866,0.00120945,0.0,0.00130023
2025-06-28 19:00:00+00:00,2684.465,20.36422232,0.99203486,0.99052262,0.00116366,0.0,0.00120784
2025-06-28 20:00:00+00:00,2649.0575,20.18272259,0.99191224,0.99060194,0.00094496,6.1e-07,0.00120262
2025-06-28 21:00:00+00:00,2615.44,20.05386343,0.99221414,0.99089225,0.00101702,0.0,0.00101544
2025-06-28 22:00:00+00:00,2515.0275,20.21774259,0.99168266,0.99034416,0.00100398,0.0,0.00110368
2025-06-28 23:00:00+00:00,2372.1175,20.7838062,0.99264362,0.99106527,0.00112716,0.00012232,0.00115321
2025-06-29 00:00:00+00:00,2283.5425,20.83434179,0.99294863,0.99126835,0.00111877,0.00022868,0.00117727
2025-06-29 01:00:00+00:00,2228.7975,20.76178418,0.99260446,0.99098478,0.00108713,0.00018294,0.0011543
2025-06-29 02:00:00+00:00,2157.135,20.55325431,0.99249151,0.99093269,0.00114344,9.769e-05,0.00114829
2025-06-29 03:00:00+00:00,2118.0125,20.88839089,0.99221131,0.99060481,0.00123155,7.693e-05,0.00119114
2025-06-29 04:00:00+00:00,2119.6225,21.30046727,0.99143307,0.98984525,0.00124127,5.944e-05,0.00116088
2025-06-29 05:00:00+00:00,2158.94,21.1277347,0.98959137,0.9881703,0.00112446,1.768e-05,0.00103776
2025-06-29 06:00:00+00:00,2227.5375,20.83214485,0.98705816,0.98584344,0.00087825,6.087e-05,0.0007705
2025-06-29 07:00:00+00:00,2361.1225,20.58153309,0.98224515,0.98161401,0.00026148,6.396e-05,0.00055497
2025-06-29 08:00:00+00:00,2484.2825,20.2310002,0.97773149,0.97719908,0.00023202,1.15e-06,0.00020388
2025-06-29 09:00:00+00:00,2536.13,20.57864101,0.97801117,0.9775773,0.00013368,1.22e-06,0.00012318
2025-06-29 10:00:00+00:00,2587.9625,21.14743435,0.97680592,0.9764235,6.478e-05,4.1e-07,5.574e-05
2025-06-29 11:00:00+00:00,2570.4775,21.13488854,0.97663581,0.97629433,0.0,0.0,0.0
2025-06-29 12:00:00+00:00,2549.515,21.62946231,0.97654389,0.97495652,8e-08,4.855e-05,1.349e-05
2025-06-29 13:00:00+00:00,2532.7875,20.71441159,0.98012518,0.97924731,1.3e-07,0.00011737,6.39e-06
2025-06-29 14:00:00+00:00,2544.505,19.94243188,0.98341958,0.9827677,0.00039089,0.0,0.00032569
2025-06-29 15:00:00+00:00,2667.425,19.82382714,0.98618504,0.98507231,0.00078283,3.026e-05,0.00073223
2025-06-29 16:00:00+00:00,2686.1575,19.91488166,0.9886457,0.98742614,0.00088821,2.33e-05,0.00093418
2025-06-29 17:00:00+00:00,2738.2775,20.25962275,0.99061631,0.98933832,0.00097708,1.2e-07,0.00100523
2025-06-29 18:00:00+00:00,2768.705,20.2503904,0.99123651,0.98985026,0.00107387,1.5e-07,0.00114514
2025-06-29 19:00:00+00:00,2805.6175,20.13033606,0.99149157,0.99014612,0.0010352,1.9e-07,0.00109061
2025-06-29 20:00:00+00:00,2788.16,20.42610813,0.99177863,0.99031336,0.00105505,9.662e-05,0.00110572
2025-06-29 21:00:00+00:00,2733.945,20.65475441,0.9919804,0.99054956,0.00116576,2.276e-05,0.00104405
2025-06-29 22:00:00+00:00,2566.4875,20.03932572,0.99132556,0.9896469,0.0011275,0.00018842,0.00120338
2025-06-29 23:00:00+00:00,2415.055,20.32948934,0.99111746,0.98940778,0.00121683,0.00010254,0.00135451
2025-06-30 00:00:00+00:00,2350.2375,20.73606537,0.99119362,0.98935717,0.00130347,0.00013878,0.00056743
2025-06-30 01:00:00+00:00,2294.5575,20.48679245,0.99198002,0.99030003,0.0012223,2.684e-05,0.00060741
2025-06-30 02:00:00+00:00,2222.9625,20.53408153,0.99172886,0.98995561,0.00130435,2.009e-05,0.00049073
2025-06-30 03:00:00+00:00,2269.91,20.94595997,0.99098577,0.98924646,0.00129375,2.8e-07,0.00065959
2025-06-30 04:00:00+00:00,2475.1,21.10637503,0.98955049,0.98809431,0.00101576,2.7e-07,0.00065046
2025-06-30 05:00:00+00:00,2746.2975,21.87274869,0.9892547,0.98825115,0.00057566,2.4e-07,0.00060602
2025-06-30 06:00:00+00:00,2876.0075,21.96551396,0.98770946,0.98670007,0.00056662,2.4e-07,0.00059846
2025-06-30 07:00:00+00:00,2912.03,21.84986755,0.98578967,0.98480223,0.00054663,2.1e-07,0.00058874
2025-06-30 08:00:00+00:00,2943.8975,21.69327525,0.98217234,0.98125257,0.00048253,1.9e-07,0.00052885
2025-06-30 09:00:00+00:00,2955.3375,21.81245387,0.98163829,0.98083789,0.00036085,1.409e-05,0.00049238
2025-06-30 10:00:00+00:00,2936.9875,21.83790352,0.97929029,0.97850517,0.00028728,7.114e-05,0.0010144
2025-06-30 11:00:00+00:00,2927.7125,21.91243154,0.97961226,0.97892828,0.00025561,1.5e-07,0.00093407
2025-06-30 12:00:00+00:00,2935.7625,21.84178858,0.98001804,0.97921325,0.00026692,0.00010648,0.00084646
2025-06-30 13:00:00+00:00,2904.88,21.95958002,0.98154467,0.9807555,0.00029385,8.32e-05,0.00091851
2025-06-30 14:00:00+00:00,2920.91,22.35361576,0.98539017,0.9846532,0.00030972,1.127e-05,0.00107191
2025-06-30 15:00:00+00:00,2910.7075,23.36633953,0.99210311,0.99118627,0.00053413,1.8e-07,0.0011694
2025-06-30 16:00:00+00:00,2887.75,23.83941348,0.99502242,0.99419169,0.00049138,1.6e-07,0.00106492
2025-06-30 17:00:00+00:00,2888.515,23.79486225,0.9951371,0.99442439,0.00042924,1.2e-07,0.00088441
2025-06-30 18:00:00+00:00,2880.0025,23.63930375,0.99541334,0.99325227,0.00184921,1.2e-07,0.00079475
2025-06-30 19:00:00+00:00,2862.4075,23.62785079,0.99470828,0.99179529,0.00255429,1.3e-07,0.00092766
2025-06-30 20:00:00+00:00,2784.35,23.4596662,0.99445928,0.99309866,0.00101886,1.7e-07,0.00113232
2025-06-30 21:00:00+00:00,2662.7625,23.30725548,0.99484524,0.99329941,0.00117813,2.6e-07,0.00129414
2025-06-30 22:00:00+00:00,2483.125,23.17881296,0.9930105,0.99121862,0.00135185,2.691e-05,0.00088325
2025-06-30 23:00:00+00:00,2383.45,22.65682272,0.99100459,0.98912123,0.0012964,0.00014566,0.00102688
2025-07-01 00:00:00+00:00,2284.9075,23.03199622,0.99137049,0.9899429,0.00088248,0.00012566,0.00138366
2025-07-01 01:00:00+00:00,2220.575,22.99197178,0.99228972,0.99081572,0.00097537,7.595e-05,0.00142026
2025-07-01 02:00:00+00:00,2175.9275,22.90397898,0.99107066,0.98930932,0.00133896,2.7e-07,0.00144473
2025-07-01 03:00:00+00:00,2226.245,23.21965764,0.99087966,0.98906995,0.00140138,2.4e-07,0.00150453
2025-07-01 04:00:00+00:00,2458.37,23.45105867,0.99275571,0.99112937,0.00125897,6.2e-07,0.00135627
2025-07-01 05:00:00+00:00,2723.95,23.37196565,0.9946841,0.99361568,0.00072793,1.7e-07,0.00115291
2025-07-01 06:00:00+00:00,2882.7925,23.32888142,0.99452668,0.99319267,0.00095729,2e-07,0.00126021
2025-07-01 07:00:00+00:00,2887.2375,22.95764364,0.99117639,0.98962682,0.00114694,2.1e-07,0.00126987
2025-07-01 08:00:00+00:00,2944.4775,22.35506162,0.986142,0.98478987,0.00093974,1.037e-05,0.00113606
2025-07-01 09:00:00+00:00,3010.46,21.89215125,0.98205769,0.98081143,0.00087024,1.397e-05,0.00086643
2025-07-01 10:00:00+00:00,3052.155,21.77583165,0.98091565,0.97964482,0.00088197,1.9e-07,0.00101242
2025-07-01 11:00:00+00:00,3074.785,21.73678593,0.98121746,0.97982234,0.00096642,1.9e-07,0.00113019
2025-07-01 12:00:00+00:00,3076.48,21.85461497,0.98294058,0.98147233,0.00103118,1.9e-07,0.00113414
2025-07-01 13:00:00+00:00,3058.6675,21.9822438,0.98538669,0.98383319,0.00111216,2.2e-07,0.00135165
2025-07-01 14:00:00+00:00,3042.545,22.03137196,0.98795581,0.98640658,0.00113835,0.0,0.00132357
2025-07-01 15:00:00+00:00,3015.175,22.53444725,0.99237351,0.99073781,0.00123878,0.0,0.00142206
2025-07-01 16:00:00+00:00,2960.1575,23.56207635,0.99634374,0.99497663,0.0010538,0.0,0.00113441
2025-07-01 17:00:00+00:00,2957.165,23.57132526,0.99690618,0.99386706,0.00278416,0.0,0.0008064
2025-07-01 18:00:00+00:00,2931.755,23.73424964,0.99696683,0.99227121,0.004379,0.0,0.00071538
2025-07-01 19:00:00+00:00,2872.655,23.68216805,0.9964247,0.99528179,0.00088598,0.0,0.00088915
2025-07-01 20:00:00+00:00,2788.99,23.67371664,0.99546625,0.99402508,0.00110742,0.0,0.00119313
2025-07-01 21:00:00+00:00,2652.65,23.12229735,0.99453809,0.99306915,0.00110376,0.0,0.00125387
2025-07-01 22:00:00+00:00,2492.735,22.40851225,0.9915386,0.98978365,0.00129936,0.0,0.00150097
2025-07-01 23:00:00+00:00,2343.025,22.32740245,0.9904432,0.98872415,0.00127571,0.0,0.00145341
2025-07-02 00:00:00+00:00,2250.525,22.02057884,0.98971728,0.9880716,0.00118207,0.0,0.00152596
2025-07-02 01:00:00+00:00,2188.2175,22.29426427,0.99121901,0.98953206,0.0012289,0.0,0.00151348
2025-07-02 02:00:00+00:00,2105.79,22.55244123,0.99082856,0.98942157,0.00093393,0.0,0.00157082
2025-07-02 03:00:00+00:00,2156.4775,22.95326097,0.99073686,0.98894653,0.00129193,3.847e-05,0.00160399
2025-07-02 04:00:00+00:00,2400.435,23.72671618,0.99314076,0.99143423,0.00132157,0.0,0.00141569
2025-07-02 05:00:00+00:00,2687.755,23.86469469,0.99516615,0.9936719,0.00115329,0.0,0.0012354
2025-07-02 06:00:00+00:00,2846.88,23.99905655,0.99538844,0.99396813,0.00109345,0.0,0.00120874
2025-07-02 07:00:00+00:00,2902.115,23.94051333,0.99392738,0.99263678,0.00089278,8.61e-06,0.00133395
2025-07-02 08:00:00+00:00,2935.4275,23.40168613,0.98958904,0.98848508,0.00064181,2.744e-05,0.00132085
2025-07-02 09:00:00+00:00,2948.78,23.2023871,0.98614165,0.98480563,0.00075246,0.00012007,0.00121493
2025-07-02 10:00:00+00:00,2929.9875,23.15411991,0.98533967,0.98455831,0.00036943,0.0,0.00105757
2025-07-02 11:00:00+00:00,2903.375,23.24623773,0.98694837,0.98601799,0.00054881,0.0,0.00098447
2025-07-02 12:00:00+00:00,2892.4225,23.33843246,0.98790885,0.98685462,0.00065312,0.0,0.00099583
2025-07-02 13:00:00+00:00,2880.8175,23.24146911,0.98781164,0.9866393,0.00072477,0.0,0.0011147
2025-07-02 14:00:00+00:00,2930.9,23.1800709,0.98883125,0.98762943,0.00074113,0.0,0.00119915
2025-07-02 15:00:00+00:00,2923.3925,23.88463584,0.9942329,0.99281373,0.00103124,0.0,0.00125324
2025-07-02 16:00:00+00:00,2897.2175,24.01044048,0.99570463,0.99452479,0.00087898,0.0,0.00095732
2025-07-02 17:00:00+00:00,2917.9925,23.8875044,0.99613923,0.99328516,0.00262093,0.0,0.00066141
2025-07-02 18:00:00+00:00,2909.855,23.75981493,0.99609875,0.99375839,0.00205694,0.0,0.00079351
2025-07-02 19:00:00+00:00,2869.8725,23.58357305,0.99567921,0.99469807,0.00072283,0.0,0.000839
2025-07-02 20:00:00+00:00,2775.84,23.45958252,0.99483879,0.99370005,0.00081762,9e-08,0.00104614
2025-07-02 21:00:00+00:00,2647.8875,23.15237573,0.99411035,0.99289701,0.00081766,1.086e-05,0.00125625
2025-07-02 22:00:00+00:00,2452.28,22.65825776,0.99241214,0.99151334,0.00052187,0.0,0.00051665
2025-07-02 23:00:00+00:00,2319.8,22.23321541,0.99138954,0.99049658,0.00050312,3.3e-06,0.000536
2025-07-03 00:00:00+00:00,2233.5975,22.31494047,0.99123005,0.99031214,0.00052537,0.0,0.0012555
2025-07-03 01:00:00+00:00,2187.28,21.88573431,0.99192744,0.99101443,0.00050614,0.0,0.00129407
2025-07-03 02:00:00+00:00,2192.975,21.10100969,0.99028036,0.98948473,0.00038756,0.0,0.0011879
2025-07-03 03:00:00+00:00,2303.9775,21.09158112,0.98978583,0.98888035,0.00036133,0.00017986,0.00111753
2025-07-03 04:00:00+00:00,2516.82,21.61396331,0.99053873,0.98928794,0.00080443,5.054e-05,0.00124851
2025-07-03 05:00:00+00:00,2839.2925,21.39966346,0.9914941,0.99030234,0.00077885,4.431e-05,0.00107806
2025-07-03 06:00:00+00:00,3040.045,21.32833428,0.99154804,0.99044275,0.00075246,1.155e-05,0.00094427
2025-07-03 07:00:00+00:00,3146.425,20.89450048,0.98889745,0.98758363,0.00065157,0.0,0.00085219
2025-07-03 08:00:00+00:00,3200.8925,21.08584851,0.98776847,0.98647778,0.00064415,0.0,0.0007616
2025-07-03 09:00:00+00:00,3183.5125,21.05260062,0.98650484,0.98550553,0.0006109,0.0,0.00071356
2025-07-03 10:00:00+00:00,3079.625,21.15490772,0.98469143,0.98354151,0.00069063,6.377e-05,0.00087349
2025-07-03 11:00:00+00:00,3017.3975,20.92918238,0.98316872,0.98204216,0.00068844,4.653e-05,0.00083753
2025-07-03 12:00:00+00:00,2994.9475,20.72735419,0.9819824,0.98082502,0.00074376,0.0,0.00089889
2025-07-03 13:00:00+00:00,3003.38,20.94171886,0.98340745,0.98233214,0.00068649,0.0,0.00087387
2025-07-03 14:00:00+00:00,3035.7775,20.94595238,0.98569324,0.98457429,0.00076172,0.0,0.00090893
2025-07-03 15:00:00+00:00,3056.42,20.80438094,0.98701918,0.98597603,0.00068567,0.0,0.00097993
2025-07-03 16:00:00+00:00,3054.045,20.5898892,0.98861938,0.98747223,0.00078121,0.0,0.00108653
2025-07-03 17:00:00+00:00,3025.97,20.53973847,0.98975681,0.98866418,0.00069448,7.006e-05,0.00106172
2025-07-03 18:00:00+00:00,3024.93,21.04088341,0.99078491,0.98961344,0.00079361,6.159e-05,0.00106626
2025-07-03 19:00:00+00:00,2958.82,21.02444383,0.99083113,0.98916032,0.0007301,0.00068453,0.00084951
2025-07-03 20:00:00+00:00,2927.985,21.22657256,0.99041398,0.98907835,0.00079493,0.0002161,0.00107422
2025-07-03 21:00:00+00:00,2791.06,21.06548857,0.99026436,0.98815615,0.00070439,0.00107656,0.00089042
2025-07-03 22:00:00+00:00,2577.47,21.65708769,0.99082103,0.98948028,0.00065282,0.00037944,0.00026683
2025-07-03 23:00:00+00:00,2443.4975,21.68607426,0.99041048,0.98917006,0.0009209,1.408e-05,0.0003614
2025-07-04 00:00:00+00:00,2382.725,21.39209313,0.9910407,0.98953185,0.00078544,0.00042041,0.00097787
2025-07-04 01:00:00+00:00,2352.9425,21.47818747,0.99199819,0.99065379,0.00046495,0.00060609,0.00087888
2025-07-04 02:00:00+00:00,2300.495,21.35327335,0.99059681,0.98936453,0.00042859,0.00050605,0.00088204
2025-07-04 03:00:00+00:00,2343.5,21.68138884,0.98913088,0.98807567,0.00061751,0.00011512,0.00103831
2025-07-04 04:00:00+00:00,2513.2725,22.81951076,0.9905843,0.98938601,0.00074766,0.00010909,0.00101169
2025-07-04 05:00:00+00:00,2735.555,23.27537938,0.99201191,0.99065639,0.00090122,9.641e-05,0.00109841
2025-07-04 06:00:00+00:00,2854.82,23.18865612,0.99128903,0.98996058,0.00089661,8.286e-05,0.00102908
2025-07-04 07:00:00+00:00,2879.9225,22.47900728,0.98715026,0.98570697,0.00084859,0.00020231,0.00102609
2025-07-04 08:00:00+00:00,2860.2575,22.45013939,0.98604424,0.98472597,0.00080346,0.00011015,0.00093402
2025-07-04 09:00:00+00:00,2831.415,22.32810992,0.98498572,0.98388965,0.00048459,0.00020327,0.00080355
2025-07-04 10:00:00+00:00,2863.99,22.13143023,0.98360235,0.98247933,0.00035273,0.00034063,0.00085356
2025-07-04 11:00:00+00:00,2875.075,21.98968189,0.98326301,0.98250091,0.0003282,1.1e-07,0.00076295
2025-07-04 12:00:00+00:00,2890.8225,21.84635106,0.9839957,0.98339394,0.00020357,7e-08,0.00057123
2025-07-04 13:00:00+00:00,2886.2075,22.00380595,0.98601524,0.9847899,0.00041724,0.00033359,0.00099373
2025-07-04 14:00:00+00:00,2914.0725,21.9312876,0.9864236,0.98508554,0.000422,0.00046076,0.00102166
2025-07-04 15:00:00+00:00,2888.43,21.74526485,0.98784415,0.9870717,0.00036773,1.5e-07,0.00089047
2025-07-04 16:00:00+00:00,2878.0325,22.06165218,0.99021389,0.98934806,0.00045569,1.8e-07,0.00100671
2025-07-04 17:00:00+00:00,2864.745,22.26113807,0.99153119,0.99071021,0.00044887,1.6e-07,0.00096906
2025-07-04 18:00:00+00:00,2809.2425,22.42321794,0.99207171,0.99115024,0.00054748,1.7e-07,0.00101625
2025-07-04 19:00:00+00:00,2751.0075,22.22698254,0.99109551,0.9899525,0.00074728,2.1e-07,0.00116641
2025-07-04 20:00:00+00:00,2710.695,21.87614961,0.99063959,0.98979103,0.00046748,2.4e-07,0.00108819
2025-07-04 21:00:00+00:00,2630.2475,21.85485789,0.99117747,0.9903694,0.00043797,2.3e-07,0.0010686
2025-07-04 22:00:00+00:00,2494.72,21.59414514,0.99081481,0.98985007,0.00057046,4.3e-07,0.00116471
2025-07-04 23:00:00+00:00,2395.005,21.47466278,0.98919132,0.98829742,0.00049107,3.7e-07,0.00124579
2025-07-05 00:00:00+00:00,2309.7275,21.39728689,0.98841635,0.98753494,0.00047316,2.6e-07,0.00122372
2025-07-05 01:00:00+00:00,2247.095,21.56465048,0.98801405,0.9871068,0.00050098,2.4e-07,0.00120604
2025-07-05 02:00:00+00:00,2176.91,21.72872006,0.98799351,0.98701281,0.00053134,3.5e-07,0.00117784
2025-07-05 03:00:00+00:00,2180.6725,21.6581685,0.98769516,0.98699288,0.00027149,3.3e-07,0.00127054
2025-07-05 04:00:00+00:00,2230.3,21.69967792,0.98799255,0.9871627,0.00039866,3.1e-07,0.00126079
2025-07-05 05:00:00+00:00,2314.81,21.70469379,0.9877596,0.98681211,0.0005057,2.7e-07,0.00123333
2025-07-05 06:00:00+00:00,2468.3725,21.98500335,0.98705015,0.98606961,0.00052491,2.5e-07,0.0012513
2025-07-05 07:00:00+00:00,2615.3125,21.65248958,0.985494,0.9845263,0.00051338,0.0,0.00119656
2025-07-05 08:00:00+00:00,2753.2825,21.4074641,0.98469089,0.98345011,0.00077625,0.0,0.00107551
2025-07-05 09:00:00+00:00,2853.2275,21.12992772,0.98305049,0.98222138,0.00031091,1.463e-05,0.0006581
2025-07-05 10:00:00+00:00,2875.455,21.80865552,0.98244008,0.98061428,9.912e-05,0.00056316,0.00014579
2025-07-05 11:00:00+00:00,2856.8125,21.69452286,0.98393259,0.98266755,7.22e-06,0.00029903,5.311e-05
2025-07-05 12:00:00+00:00,2832.3375,21.2320656,0.98327898,0.98210583,1.124e-05,0.0005407,0.00022497
2025-07-05 13:00:00+00:00,2808.38,21.17631578,0.98381021,0.98220794,3.07e-05,0.0007661,0.00076109
2025-07-05 14:00:00+00:00,2837.825,20.83131931,0.98516392,0.98418349,5.039e-05,0.0003113,0.00095974
2025-07-05 15:00:00+00:00,2834.29,21.01669171,0.98716389,0.98613263,0.00045278,9.808e-05,0.00104499
2025-07-05 16:00:00+00:00,2780.885,21.72479202,0.98924137,0.98835817,0.00049251,0.0,0.00111606
2025-07-05 17:00:00+00:00,2747.7275,22.18104321,0.99093509,0.99003801,0.00053,0.0,0.00117467
2025-07-05 18:00:00+00:00,2678.93,22.30266298,0.99037433,0.98944534,0.00056161,0.0,0.00124716
2025-07-05 19:00:00+00:00,2622.26,22.07946274,0.99064487,0.98969521,0.00057643,0.0,0.00128683
2025-07-05 20:00:00+00:00,2589.9325,21.70896554,0.99057768,0.98966663,0.00054162,0.0,0.00124741
2025-07-05 21:00:00+00:00,2536.8,21.71016275,0.99075264,0.98987654,0.00052293,0.0,0.00104434
2025-07-05 22:00:00+00:00,2447.4,21.6623243,0.98998674,0.98914859,0.00047248,0.0,0.00107274
2025-07-05 23:00:00+00:00,2351.49,21.8649464,0.99021868,0.98909502,0.00051134,0.0002205,0.00116025
2025-07-06 00:00:00+00:00,2259.61,21.77683343,0.99004523,0.98910372,0.00046227,7.793e-05,0.00110474
2025-07-06 01:00:00+00:00,2213.065,22.06812788,0.98995029,0.98902553,0.00049715,5.369e-05,0.00112885
2025-07-06 02:00:00+00:00,2149.6075,21.75096543,0.98960721,0.98852604,0.00047741,0.00021732,0.00116637
2025-07-06 03:00:00+00:00,2107.915,21.67971928,0.98953742,0.98859404,0.00045921,0.00011356,0.00111382
2025-07-06 04:00:00+00:00,2116.5225,21.96627751,0.98952241,0.9886143,0.00050495,3.84e-06,0.00120856
2025-07-06 05:00:00+00:00,2170.045,21.91739708,0.98874909,0.98780232,0.0005007,3.5e-07,0.00127234
2025-07-06 06:00:00+00:00,2260.9075,21.79469454,0.98788259,0.98744601,1.654e-05,1.8e-07,0.00099827
2025-07-06 07:00:00+00:00,2366.7225,22.1941418,0.98791853,0.98697689,0.00048699,0.0,0.00107872
2025-07-06 08:00:00+00:00,2471.93,22.23280253,0.98790853,0.98702626,0.00041754,0.0,0.00109027
2025-07-06 09:00:00+00:00,2470.6,22.20632488,0.98692673,0.98593901,0.00049085,0.0,0.00114047
2025-07-06 10:00:00+00:00,2496.8225,21.99085411,0.98552178,0.98459057,0.00043774,0.0,0.00108491
2025-07-06 11:00:00+00:00,2490.765,22.20667384,0.98592577,0.98497739,0.00046346,0.0,0.00115618
2025-07-06 12:00:00+00:00,2512.1875,22.02801168,0.98493801,0.9841483,0.0003162,0.0,0.00103615
2025-07-06 13:00:00+00:00,2543.0325,22.29871205,0.98605356,0.98525474,0.00032815,0.0,0.00109079
2025-07-06 14:00:00+00:00,2573.9825,22.19660307,0.98594378,0.98510076,0.00037336,0.0,0.0011414
2025-07-06 15:00:00+00:00,2587.1725,22.82883937,0.98925584,0.98848024,0.00035056,0.0,0.00116252
2025-07-06 16:00:00+00:00,2636.465,23.61369393,0.99222328,0.99136015,0.00051584,0.0,0.00112199
2025-07-06 17:00:00+00:00,2652.48,23.78432897,0.99331312,0.99254334,0.00047951,0.0,0.00095214
2025-07-06 18:00:00+00:00,2652.2925,23.82949457,0.99343789,0.99273762,0.00043782,0.0,0.00086923
2025-07-06 19:00:00+00:00,2626.85,23.81830642,0.99330351,0.99254274,0.00048727,0.0,0.00094102
2025-07-06 20:00:00+00:00,2600.1425,23.90489842,0.99323416,0.99244506,0.00049159,0.0,0.00097614
2025-07-06 21:00:00+00:00,2522.8775,23.98701531,0.99300782,0.99215764,0.00052826,0.0,0.0011054
2025-07-06 22:00:00+00:00,2412.8375,23.11859856,0.99145038,0.9910736,5.07e-06,0.0,0.00122218
2025-07-06 23:00:00+00:00,2306.33,22.76709014,0.99075422,0.9903436,1.83e-06,0.0,0.00130025
2025-07-07 00:00:00+00:00,2236.5575,22.62167797,0.99027517,0.98982746,1.63e-06,2.651e-05,0.00056431
2025-07-07 01:00:00+00:00,2200.95,22.51470532,0.99077416,0.9903311,1.52e-06,3.274e-05,0.00052171
2025-07-07 02:00:00+00:00,2164.2925,22.56672371,0.99075712,0.99033735,1.54e-06,0.0,0.00056787
2025-07-07 03:00:00+00:00,2217.2725,22.81002179,0.99126677,0.99075798,2.733e-05,7.714e-05,0.00053152
2025-07-07 04:00:00+00:00,2418.4975,22.70976895,0.990955,0.98947071,0.00107525,0.0,0.00049036
2025-07-07 05:00:00+00:00,2664.7425,23.31715408,0.9918014,0.99067837,0.00078281,1.37e-06,0.00040695
2025-07-07 06:00:00+00:00,2825.445,23.23067633,0.99161892,0.99081058,0.00053014,1.47e-06,0.00024831
2025-07-07 07:00:00+00:00,2902.7525,23.47403515,0.99276672,0.99185868,0.0006358,1.48e-06,0.00022287
2025-07-07 08:00:00+00:00,2954.205,23.42735051,0.99220921,0.99117756,0.00073685,1.5e-06,0.00026791
2025-07-07 09:00:00+00:00,2983.185,23.41391296,0.99195076,0.99088326,0.00076123,1.59e-06,0.00028588
2025-07-07 10:00:00+00:00,3017.0525,23.3248577,0.99007524,0.98901953,0.00066533,2.619e-05,0.00098842
2025-07-07 11:00:00+00:00,3016.9275,23.08304287,0.98829662,0.98698921,0.00075061,0.00017126,0.00095585
2025-07-07 12:00:00+00:00,3004.16,23.0816836,0.98643625,0.98512708,0.00052556,0.00021061,0.0008947
2025-07-07 13:00:00+00:00,3002.0325,23.07635756,0.98579203,0.98428729,0.00054391,0.00027915,0.00096488
2025-07-07 14:00:00+00:00,3006.025,23.1444874,0.98721842,0.98528115,0.00088315,0.00033924,0.00115159
2025-07-07 15:00:00+00:00,2999.08,22.98425755,0.98940644,0.98740139,0.00102936,0.0003465,0.00117374
2025-07-07 16:00:00+00:00,2976.38,23.05211916,0.9909374,0.98916729,0.00097454,0.00022968,0.00104279
2025-07-07 17:00:00+00:00,2963.23,22.88787569,0.99080216,0.98917516,0.00090379,0.00014602,0.00100476
2025-07-07 18:00:00+00:00,2909.6425,22.90941136,0.99214027,0.99088815,0.00090733,0.0,0.00106197
2025-07-07 19:00:00+00:00,2838.925,23.20291044,0.99248459,0.99122672,0.00094269,0.0,0.0010595
2025-07-07 20:00:00+00:00,2762.9775,23.45422023,0.99277909,0.99140277,0.00105934,0.0,0.00108045
2025-07-07 21:00:00+00:00,2645.3575,22.84641454,0.99162523,0.99056847,0.00069834,0.0,0.00116522
2025-07-07 22:00:00+00:00,2505.6375,22.18976673,0.98962208,0.98810976,0.00085737,0.00027897,0.00044285
2025-07-07 23:00:00+00:00,2423.5075,22.07742135,0.98963866,0.98794671,0.00102687,0.0002645,0.0004609
2025-07-08 00:00:00+00:00,2374.5625,21.95467209,0.98960126,0.98816423,0.00073614,0.00029154,0.00113396
2025-07-08 01:00:00+00:00,2329.3875,21.81680315,0.99054951,0.98913966,0.00072216,0.00029388,0.00112402
2025-07-08 02:00:00+00:00,2270.12,21.86037058,0.98967002,0.98826251,0.00097489,3.952e-05,0.00114136
2025-07-08 03:00:00+00:00,2311.23,21.87633083,0.98880091,0.98750916,0.00078931,0.00011149,0.00112713
2025-07-08 04:00:00+00:00,2471.875,22.64385631,0.99015913,0.9888872,0.00091209,0.0,0.0010493
2025-07-08 05:00:00+00:00,2691.1125,22.68899431,0.99102346,0.98950021,0.0011584,0.0,0.00096251
2025-07-08 06:00:00+00:00,2814.9825,23.27186669,0.99114905,0.98945869,0.00133841,0.0,0.00100194
2025-07-08 07:00:00+00:00,2874.61,23.21362267,0.99005045,0.98836318,0.00130585,0.0,0.00090946
2025-07-08 08:00:00+00:00,2887.7,23.30362744,0.98954178,0.98774955,0.00133352,4.033e-05,0.00097456
2025-07-08 09:00:00+00:00,2876.97,23.26077368,0.98888857,0.98706287,0.00139998,0.0,0.00094521
2025-07-08 10:00:00+00:00,2898.2125,23.03826326,0.98657138,0.98450052,0.00155714,0.0,0.00119182
2025-07-08 11:00:00+00:00,2864.235,23.03723913,0.98685597,0.9849025,0.00143077,8.1e-06,0.00126847
2025-07-08 12:00:00+00:00,2816.55,23.15645701,0.98743192,0.98509436,0.0015053,0.0003336,0.00104751
2025-07-08 13:00:00+00:00,2775.0525,23.60482791,0.99085458,0.98864571,0.00145866,0.00034228,0.00095952
2025-07-08 14:00:00+00:00,2783.035,23.70561059,0.99183067,0.98959165,0.00154786,0.00029148,0.00094856
2025-07-08 15:00:00+00:00,2781.6275,23.95889016,0.99352876,0.99161974,0.00144772,0.00011613,0.00085644
2025-07-08 16:00:00+00:00,2789.2025,23.9062115,0.99354165,0.99163252,0.00142795,0.00012468,0.00086099
2025-07-08 17:00:00+00:00,2797.0,23.74652229,0.99351298,0.99206322,0.00104567,9.345e-05,0.00081666
2025-07-08 18:00:00+00:00,2791.69,24.01161138,0.99469691,0.99370692,0.00076169,0.0,0.00056605
2025-07-08 19:00:00+00:00,2747.6725,24.01518131,0.99409141,0.99314931,0.00067873,0.0,0.00075206
2025-07-08 20:00:00+00:00,2705.135,23.94966713,0.99375154,0.99262539,0.00084884,0.0,0.00081489
2025-07-08 21:00:00+00:00,2617.2025,23.87087425,0.99378614,0.99206606,0.00139446,7.62e-06,0.00104697
2025-07-08 22:00:00+00:00,2482.4725,23.83656395,0.99256716,0.99133081,0.00086819,0.0,0.00037343
2025-07-08 23:00:00+00:00,2358.125,23.45144362,0.99098582,0.98968512,0.00089018,1.77e-05,0.00041967
2025-07-09 00:00:00+00:00,2287.155,23.41809303,0.9904618,0.98908115,0.00096818,2.48e-06,0.00126058
2025-07-09 01:00:00+00:00,2227.2075,23.29215738,0.99110953,0.98966356,0.00099982,2.07e-05,0.00134502
2025-07-09 02:00:00+00:00,2189.7675,23.04943258,0.98983199,0.98842072,0.00092104,5.655e-05,0.00132299
2025-07-09 03:00:00+00:00,2222.285,23.77181662,0.9900495,0.98872645,0.00093207,0.0,0.00126935
2025-07-09 04:00:00+00:00,2409.165,23.54300288,0.99040502,0.98915418,0.00085841,0.0,0.00123377
2025-07-09 05:00:00+00:00,2592.1775,23.68868206,0.99177183,0.99060113,0.00081448,0.0,0.00107906
2025-07-09 06:00:00+00:00,2701.9175,23.86304461,0.99198326,0.9908525,0.00076878,0.0,0.0011015
2025-07-09 07:00:00+00:00,2754.43,23.97316376,0.99216571,0.99103135,0.00077708,0.0,0.0011266
2025-07-09 08:00:00+00:00,2784.3375,24.04049025,0.99297446,0.99188194,0.00075428,0.0,0.00106665
2025-07-09 09:00:00+00:00,2817.0625,23.97952546,0.99371634,0.99276654,0.00065002,0.0,0.000856
2025-07-09 10:00:00+00:00,2840.38,23.84966691,0.99358768,0.9926024,0.00068425,0.0,0.00090465
2025-07-09 11:00:00+00:00,2886.535,23.58460132,0.99062465,0.98956578,0.00069518,0.0,0.00099224
2025-07-09 12:00:00+00:00,2890.6025,23.21549785,0.98612882,0.98509675,0.00058904,2.065e-05,0.00093648
2025-07-09 13:00:00+00:00,2869.3375,23.31226934,0.99197456,0.99099521,0.00064389,0.0,0.00094116
2025-07-09 14:00:00+00:00,2875.5425,23.51744989,0.99430073,0.99333729,0.00066334,0.0,0.00093336
2025-07-09 15:00:00+00:00,2839.0325,23.79125226,0.99340976,0.99247373,0.00064952,0.0,0.00090876
2025-07-09 16:00:00+00:00,2832.91,23.67112019,0.99294585,0.99184735,0.00076198,0.0,0.00109744
2025-07-09 17:00:00+00:00,2797.4225,23.49783949,0.9925069,0.99139069,0.00076239,7.2e-07,0.0011445
2025-07-09 18:00:00+00:00,2748.3225,23.77891803,0.99389906,0.99313469,0.00052781,1.95e-06,0.00070235
2025-07-09 19:00:00+00:00,2695.415,23.71290512,0.99350343,0.99262204,0.00061719,1.91e-06,0.00082842
2025-07-09 20:00:00+00:00,2661.725,23.62728522,0.99228538,0.99110252,0.00082652,0.0,0.00121294
2025-07-09 21:00:00+00:00,2596.15,23.30176213,0.99203709,0.99079145,0.00086136,0.0,0.0013084
2025-07-09 22:00:00+00:00,2456.5575,22.74588899,0.99135646,0.98998377,0.00096409,0.0,0.00061542
2025-07-09 23:00:00+00:00,2324.8475,22.71399383,0.99081092,0.98966354,0.00075419,0.0,0.00060629
2025-07-10 00:00:00+00:00,2236.52,22.7461271,0.99047815,0.98933899,0.00073942,0.0,0.00125136
2025-07-10 01:00:00+00:00,2195.8925,22.63417753,0.99136837,0.99065612,0.00032877,0.0,0.00119822
2025-07-10 02:00:00+00:00,2153.645,22.71181506,0.9907438,0.99003812,0.00032706,0.0,0.00118059
2025-07-10 03:00:00+00:00,2186.855,22.9702838,0.99030389,0.98914248,0.00076265,0.0,0.0012956
2025-07-10 04:00:00+00:00,2369.74,23.53433727,0.99160078,0.99061292,0.00062269,0.0,0.00117347
2025-07-10 05:00:00+00:00,2583.3075,23.79598346,0.99303661,0.99198532,0.00071158,0.0,0.00111291
2025-07-10 06:00:00+00:00,2705.705,23.75105898,0.99325222,0.99224085,0.00067775,0.0,0.00104359
2025-07-10 07:00:00+00:00,2741.4,23.70663043,0.99296887,0.99162456,0.00095566,0.0,0.00115255
2025-07-10 08:00:00+00:00,2746.7525,23.64414613,0.99323958,0.99228372,0.00059988,0.0,0.00088368
2025-07-10 09:00:00+00:00,2760.09,23.76022006,0.99362974,0.99314068,0.00017137,0.0,0.0007127
2025-07-10 10:00:00+00:00,2803.7,23.42835983,0.99140288,0.99065944,0.0003525,0.0,0.00089614
2025-07-10 11:00:00+00:00,2784.19,23.42667176,0.99149138,0.99045221,0.00063301,0.0,0.00092007
2025-07-10 12:00:00+00:00,2791.44,23.23896159,0.99109032,0.99010795,0.00058194,0.0,0.00089795
2025-07-10 13:00:00+00:00,2753.7375,23.59941882,0.99278439,0.99228521,0.00018524,1.44e-06,0.00071531
2025-07-10 14:00:00+00:00,2761.16,23.56585502,0.99284134,0.99218457,0.00034379,2.02e-06,0.00071822
2025-07-10 15:00:00+00:00,2766.16,23.53904421,0.99191014,0.99085248,0.00068361,3.55e-06,0.0009665
2025-07-10 16:00:00+00:00,2784.1925,23.25011004,0.99217519,0.99072245,0.00104516,4.4e-06,0.00117772
2025-07-10 17:00:00+00:00,2746.8325,23.58724759,0.99278677,0.99151053,0.00095052,3.31e-06,0.00097939
2025-07-10 18:00:00+00:00,2765.6375,23.40492391,0.9924626,0.99110366,0.00101301,3.8e-06,0.00103186
2025-07-10 19:00:00+00:00,2715.74,23.20612537,0.99184329,0.99078561,0.00070331,3.02e-06,0.00098277
2025-07-10 20:00:00+00:00,2682.455,22.67616842,0.99097613,0.98985511,0.00072663,0.0,0.00108645
2025-07-10 21:00:00+00:00,2597.45,22.45933425,0.9910681,0.98994921,0.00072317,1.28e-06,0.00111337
2025-07-10 22:00:00+00:00,2441.51,21.82432238,0.98935911,0.98790777,0.00102651,0.0,0.00049374
2025-07-10 23:00:00+00:00,2364.3625,21.85046098,0.98856911,0.98713618,0.00101113,0.0,0.00054775
2025-07-11 00:00:00+00:00,2294.78,21.73552381,0.98756662,0.98620678,0.00090499,0.0,0.00135764
2025-07-11 01:00:00+00:00,2254.2675,22.05890691,0.98899278,0.98722216,0.00106343,0.00026145,0.00134212
2025-07-11 02:00:00+00:00,2193.715,21.98783424,0.98767459,0.98565673,0.00091252,0.00068064,0.00125465
2025-07-11 03:00:00+00:00,2227.935,21.72317949,0.98682641,0.98559644,0.00071478,0.00013384,0.00111174
2025-07-11 04:00:00+00:00,2362.555,21.9158281,0.98795462,0.98667947,0.00079897,7.944e-05,0.00110438
2025-07-11 05:00:00+00:00,2526.92,22.53994148,0.98968194,0.98822824,0.0010127,1.53e-06,0.00128186
2025-07-11 06:00:00+00:00,2623.31,22.69176632,0.99011562,0.98879484,0.000884,0.0,0.00117719
2025-07-11 07:00:00+00:00,2724.06,22.67868532,0.98978446,0.98830647,0.00091314,0.00013763,0.00113555
2025-07-11 08:00:00+00:00,2751.8,22.69603794,0.99029706,0.98903764,0.0008364,0.0,0.00099684
2025-07-11 09:00:00+00:00,2763.375,22.58404821,0.99089786,0.98979826,0.0006841,0.0,0.00084183
2025-07-11 10:00:00+00:00,2756.39,22.49788871,0.99050758,0.98936713,0.00072657,0.0,0.00090924
2025-07-11 11:00:00+00:00,2744.0075,22.39254519,0.99073275,0.98958841,0.00072053,0.0,0.00094214
2025-07-11 12:00:00+00:00,2734.42,22.28750288,0.99051042,0.98925034,0.00077751,5.185e-05,0.00098557
2025-07-11 13:00:00+00:00,2723.7125,22.53404603,0.99086884,0.98890153,0.0007828,0.0,0.00097401
2025-07-11 14:00:00+00:00,2714.8575,21.9926941,0.99077501,0.98954716,0.0007981,2.34e-06,0.00102938
2025-07-11 15:00:00+00:00,2714.8375,21.91473787,0.98969283,0.98801188,0.00123189,0.0,0.00113976
2025-07-11 16:00:00+00:00,2711.8925,21.98844465,0.98977057,0.98801938,0.00131573,0.0,0.00122194
2025-07-11 17:00:00+00:00,2743.7425,21.51721861,0.98957419,0.98826682,0.00089188,0.0,0.00117048
2025-07-11 18:00:00+00:00,2716.4175,21.03711697,0.98960018,0.98891227,0.00041804,0.0,0.00050377
2025-07-11 19:00:00+00:00,2741.72,21.08848972,0.98930463,0.98791365,0.00100905,0.0,0.00109522
2025-07-11 20:00:00+00:00,2721.0975,21.18641345,0.98873082,0.9865889,0.00127718,0.00042329,0.00128199
2025-07-11 21:00:00+00:00,2641.3275,21.11546506,0.98978631,0.98726083,0.00099282,0.00110179,0.00106103
2025-07-11 22:00:00+00:00,2466.455,21.11948912,0.99001398,0.98756438,0.00119836,0.00083429,0.00108907
2025-07-11 23:00:00+00:00,2328.755,20.75272987,0.98971469,0.98715767,0.00108896,0.00107118,0.00101015
2025-07-12 00:00:00+00:00,2230.8275,20.95762024,0.98967983,0.9875437,0.00117233,0.0005711,0.00100927
2025-07-12 01:00:00+00:00,2164.73,20.81732052,0.98912595,0.98663681,0.0011463,0.00092784,0.0009791
2025-07-12 02:00:00+00:00,2082.4425,20.69543128,0.98882253,0.98595617,0.00113528,0.0013005,0.00101539
2025-07-12 03:00:00+00:00,2043.24,20.85797299,0.98869177,0.98573341,0.0012205,0.00129268,0.00117132
2025-07-12 04:00:00+00:00,2041.7675,20.87048289,0.98889876,0.98642722,0.00114435,0.00090071,0.001076
2025-07-12 05:00:00+00:00,2076.1025,21.00751063,0.9891031,0.98714079,0.0011886,0.00035658,0.00109095
2025-07-12 06:00:00+00:00,2161.74,21.34799318,0.98888229,0.98665399,0.00119194,0.00061686,0.00104261
2025-07-12 07:00:00+00:00,2292.3325,21.39752925,0.988922,0.98659028,0.00116515,0.00074344,0.00104246
2025-07-12 08:00:00+00:00,2388.9275,21.20023039,0.98901707,0.98736958,0.001,0.00023497,0.0008919
2025-07-12 09:00:00+00:00,2413.7825,21.27006226,0.98850798,0.98691957,0.00100064,0.00010987,0.00096584
2025-07-12 10:00:00+00:00,2443.8575,21.43335992,0.98821013,0.98594931,0.00071147,0.00108809,0.00069069
2025-07-12 11:00:00+00:00,2428.285,21.22117418,0.98816925,0.98633911,0.00069977,0.00067361,0.00072049
2025-07-12 12:00:00+00:00,2421.0075,21.54552404,0.98739617,0.98492555,0.00094924,0.0009934,0.00101462
2025-07-12 13:00:00+00:00,2459.5075,21.4218099,0.98817905,0.9864936,0.00117746,0.0,0.00117298
2025-07-12 14:00:00+00:00,2490.57,21.71775742,0.98856717,0.98685144,0.00125086,0.0,0.00123714
2025-07-12 15:00:00+00:00,2533.0375,21.88543351,0.98953275,0.98783335,0.00125663,0.0,0.00124769
2025-07-12 16:00:00+00:00,2539.13,21.85255004,0.98991315,0.98825031,0.00125029,0.0,0.00114935
2025-07-12 17:00:00+00:00,2535.595,21.93370755,0.99018089,0.98864333,0.00114892,0.0,0.00114338
2025-07-12 18:00:00+00:00,2531.3825,21.81423304,0.99002292,0.98837152,0.00110277,0.00015024,0.00114277
2025-07-12 19:00:00+00:00,2561.925,21.59370003,0.98905262,0.98696135,0.00105234,0.00061144,0.00122663
2025-07-12 20:00:00+00:00,2577.9125,21.45505784,0.98880147,0.98576584,0.00092997,0.00166765,0.00112731
2025-07-12 21:00:00+00:00,2515.3925,21.22886987,0.98886488,0.98632461,0.00079077,0.00132358,0.00107186
2025-07-12 22:00:00+00:00,2333.6475,20.96938989,0.98809946,0.98428228,0.00021942,0.00324158,0.00068906
2025-07-12 23:00:00+00:00,2217.9625,21.09960351,0.98786197,0.98265293,0.00026097,0.00455374,0.0007325
2025-07-13 00:00:00+00:00,2129.52,21.17788247,0.98790522,0.98268376,0.00025717,0.00455852,0.00073487
2025-07-13 01:00:00+00:00,2085.835,21.12338692,0.98783802,0.98270913,0.00021936,0.00452663,0.00062851
2025-07-13 02:00:00+00:00,2034.3575,20.99958695,0.98881381,0.98433989,0.00022256,0.00388738,0.00062525
2025-07-13 03:00:00+00:00,1995.205,20.77117567,0.98924212,0.98618794,0.00025532,0.00244386,0.00071725
2025-07-13 04:00:00+00:00,1994.51,20.90429951,0.9899047,0.98834259,0.00021759,0.00103102,0.00061279
2025-07-13 05:00:00+00:00,2011.71,21.14515814,0.99009387,0.98956447,0.00021745,0.0,0.00060393
2025-07-13 06:00:00+00:00,2070.6575,21.61165769,0.99025284,0.98967634,0.00022911,0.0,0.00061093
2025-07-13 07:00:00+00:00,2155.6125,21.9046674,0.98954933,0.98889724,0.0002696,0.0,0.00068178
2025-07-13 08:00:00+00:00,2272.625,21.91344577,0.98826204,0.98757723,0.00022375,7.426e-05,0.00060474
2025-07-13 09:00:00+00:00,2343.9675,21.94574689,0.98702214,0.98643877,0.00018431,0.0,0.00051685
2025-07-13 10:00:00+00:00,2425.68,21.89065273,0.98593869,0.98541714,0.00014081,0.0,0.00037312
2025-07-13 11:00:00+00:00,2424.5275,23.09190695,0.98469298,0.98248224,7.751e-05,0.00040309,0.00022843
2025-07-13 12:00:00+00:00,2444.9075,23.11882255,0.98429354,0.98172404,0.00012604,0.00071764,0.00036024
2025-07-13 13:00:00+00:00,2442.01,22.78080634,0.98459833,0.98253291,0.00013069,0.00035919,0.00034966
2025-07-13 14:00:00+00:00,2531.9125,21.86413355,0.98786792,0.98722902,0.00026023,0.0,0.00061906
2025-07-13 15:00:00+00:00,2512.61,22.72698757,0.99126855,0.99060488,0.00031112,0.0,0.00072101
2025-07-13 16:00:00+00:00,2538.68,22.73069438,0.99167012,0.99095817,0.00034566,0.0,0.00084928
2025-07-13 17:00:00+00:00,2558.7,22.69885287,0.99243113,0.99176527,0.00032903,0.0,0.00080715
2025-07-13 18:00:00+00:00,2536.8975,22.46937243,0.99189019,0.99088579,0.00036157,0.00026943,0.00088079
2025-07-13 19:00:00+00:00,2523.745,22.17640842,0.99211116,0.9911588,0.00034589,0.00026525,0.00081781
2025-07-13 20:00:00+00:00,2512.93,21.96536219,0.99170859,0.9904839,0.00035218,0.0005204,0.00084073
2025-07-13 21:00:00+00:00,2428.5475,21.72962116,0.99115148,0.98872631,0.00031227,0.00174984,0.00074551
2025-07-13 22:00:00+00:00,2300.7425,21.81908469,0.99029763,0.98660315,0.00032729,0.00295218,0.00081406
2025-07-13 23:00:00+00:00,2198.2075,21.75677738,0.98930269,0.98534147,0.00040792,0.00308495,0.00103545
2025-07-14 00:00:00+00:00,2112.7725,21.74737945,0.98836885,0.98401012,0.00041018,0.00346625,0.00047046
2025-07-14 01:00:00+00:00,2062.55,21.58158115,0.98954475,0.98558855,0.00041083,0.00307486,0.00046169
2025-07-14 02:00:00+00:00,2011.0175,21.46886147,0.98940365,0.98593334,0.00039789,0.0026214,0.00043609
2025-07-14 03:00:00+00:00,2018.1675,21.59059565,0.98974563,0.98787397,0.00033303,0.00116909,0.00035389
2025-07-14 04:00:00+00:00,2187.1725,21.80815828,0.99024802,0.98954375,0.00034377,0.0,0.00033527
2025-07-14 05:00:00+00:00,2412.255,22.83826062,0.99096794,0.9902864,0.00032836,0.0,0.00032587
2025-07-14 06:00:00+00:00,2584.8675,23.55191572,0.99203163,0.99181636,3.17e-06,0.0,0.00010544
2025-07-14 07:00:00+00:00,2709.58,23.43781666,0.99236743,0.99197451,0.00015458,0.0,0.00015139
2025-07-14 08:00:00+00:00,2768.1075,23.61230517,0.9926741,0.99247099,1.295e-05,0.0,5.94e-05
2025-07-14 09:00:00+00:00,2815.345,23.55516326,0.99282898,0.99253331,8.52e-05,0.0,7.903e-05
2025-07-14 10:00:00+00:00,2811.2875,23.69987151,0.99228316,0.99207569,1.03e-06,0.0,0.00017412
2025-07-14 11:00:00+00:00,2833.62,22.95337806,0.9905247,0.98978591,0.00033942,0.0,0.000799
2025-07-14 12:00:00+00:00,2859.285,22.77775706,0.9909854,0.9902231,0.00036186,0.0,0.00082805
2025-07-14 13:00:00+00:00,2875.0775,22.8430565,0.99120926,0.99041679,0.00039241,0.0,0.00089093
2025-07-14 14:00:00+00:00,2832.5375,23.48351877,0.99227324,0.99168368,0.00027902,0.0,0.00062781
2025-07-14 15:00:00+00:00,2761.835,23.91199813,0.99415976,0.99400242,1.7e-07,0.0,5.25e-05
2025-07-14 16:00:00+00:00,2751.6575,23.94162527,0.99439334,0.99422975,0.0,0.0,0.00018044
2025-07-14 17:00:00+00:00,2714.575,23.9258346,0.99437751,0.99419617,0.0,0.0,0.00025552
2025-07-14 18:00:00+00:00,2654.9225,23.73183357,0.99502794,0.99487039,0.0,0.0,0.00014527
2025-07-14 19:00:00+00:00,2573.75,23.77124303,0.99420333,0.99404986,0.0,0.0,0.00010905
2025-07-14 20:00:00+00:00,2514.5425,23.69196119,0.9942754,0.99411429,0.0,0.0,0.00012982
2025-07-14 21:00:00+00:00,2416.7475,23.77428423,0.99420417,0.99399557,0.0,0.0,0.00029721
2025-07-14 22:00:00+00:00,2272.925,22.90719774,0.99063293,0.98995125,0.0,0.00019198,0.00069783
2025-07-14 23:00:00+00:00,2203.97,22.88034412,0.98871817,0.9878979,0.0,0.00030404,0.00073492
2025-07-15 00:00:00+00:00,2135.805,22.97992252,0.98831778,0.98755208,0.0,0.000257,0.00164317
2025-07-15 01:00:00+00:00,2074.7775,22.9144304,0.98933644,0.98882584,0.0,0.0,0.00167526
2025-07-15 02:00:00+00:00,2020.32,22.8124892,0.98834191,0.98781308,0.0,0.0,0.00161878
2025-07-15 03:00:00+00:00,1989.6825,22.99850804,0.98774271,0.98729469,0.0,0.0,0.00134526
2025-07-15 04:00:00+00:00,2137.015,23.43354273,0.98879707,0.98834118,0.0,0.0,0.00136896
2025-07-15 05:00:00+00:00,2336.8975,23.79411047,0.99108675,0.99062093,3.008e-05,0.0,0.00118241
2025-07-15 06:00:00+00:00,2485.2975,23.73490366,0.99141248,0.98967042,0.00130497,0.0,0.00106074
2025-07-15 07:00:00+00:00,2577.745,23.56860004,0.99110056,0.98939447,0.001267,0.0,0.00102839
2025-07-15 08:00:00+00:00,2636.5875,23.5049293,0.99137537,0.98972633,0.0012064,0.0,0.00097937
2025-07-15 09:00:00+00:00,2689.4725,23.45061136,0.9910159,0.98934417,0.00120324,0.0,0.00096016
2025-07-15 10:00:00+00:00,2669.7475,23.47476162,0.9914257,0.99012859,0.00083204,0.0,0.00093327
2025-07-15 11:00:00+00:00,2687.9825,23.43504546,0.99187379,0.99074257,0.00070049,0.0,0.00086933
2025-07-15 12:00:00+00:00,2699.3475,23.20521792,0.9909843,0.98988926,0.00065431,0.0,0.00095229
2025-07-15 13:00:00+00:00,2701.385,23.39197217,0.99201688,0.9912373,0.00036687,0.0,0.00108477
2025-07-15 14:00:00+00:00,2717.7025,23.56681832,0.99221657,0.99133569,0.00047341,0.0,0.00116111
2025-07-15 15:00:00+00:00,2708.2275,23.95870432,0.99289758,0.99182344,0.00070239,0.0,0.00120807
2025-07-15 16:00:00+00:00,2669.075,23.97018751,0.99278249,0.99171509,0.00068997,0.0,0.00121111
2025-07-15 17:00:00+00:00,2651.8675,24.04200297,0.99335987,0.9922884,0.00071153,0.0,0.00114435
2025-07-15 18:00:00+00:00,2642.545,24.04349273,0.99324079,0.99283893,2.582e-05,0.0,0.00124733
2025-07-15 19:00:00+00:00,2569.09,24.01622325,0.99269158,0.99228983,2.23e-06,0.0,0.00134849
2025-07-15 20:00:00+00:00,2526.0175,24.03580636,0.99210632,0.99119289,0.00045386,0.0,0.0016079
2025-07-15 21:00:00+00:00,2429.035,23.77678547,0.99178333,0.99075636,0.00046022,0.00010596,0.00158539
2025-07-15 22:00:00+00:00,2269.1075,23.83822158,0.99141942,0.98937536,0.00157223,0.0,0.00059594
2025-07-15 23:00:00+00:00,2140.185,23.53281811,0.99004809,0.98748043,0.00161297,0.00040234,0.0007587
2025-07-16 00:00:00+00:00,2067.695,23.24035056,0.98868434,0.98596747,0.00158276,0.00055535,0.00190845
2025-07-16 01:00:00+00:00,2036.6875,22.95242071,0.98925323,0.98658488,0.00157785,0.00049868,0.00189754
2025-07-16 02:00:00+00:00,1991.195,22.82253268,0.98857076,0.98616704,0.00153787,0.0002944,0.00182016
2025-07-16 03:00:00+00:00,2001.08,22.75571278,0.9874468,0.98518768,0.00162495,5.29e-05,0.00193296
2025-07-16 04:00:00+00:00,2137.7775,23.28980462,0.98900878,0.98683905,0.00162158,0.0,0.00188852
2025-07-16 05:00:00+00:00,2337.345,23.89406483,0.99177405,0.98975286,0.00156477,0.0,0.00169232
2025-07-16 06:00:00+00:00,2470.5775,24.0497883,0.99216735,0.98997329,0.00174686,0.0,0.00152461
2025-07-16 07:00:00+00:00,2558.3775,23.80978608,0.99166814,0.9893717,0.00183648,0.0,0.0015505
2025-07-16 08:00:00+00:00,2637.865,23.75581015,0.99190903,0.98963029,0.00181994,0.0,0.00150658
2025-07-16 09:00:00+00:00,2659.205,23.68690915,0.99191481,0.98964769,0.00180118,0.0,0.00143546
2025-07-16 10:00:00+00:00,2692.75,23.65579608,0.99163018,0.98937632,0.00179914,0.0,0.00150344
2025-07-16 11:00:00+00:00,2747.2025,23.65854503,0.9921399,0.9899349,0.00176716,0.0,0.0014733
2025-07-16 12:00:00+00:00,2717.6025,23.48287101,0.99200318,0.98982419,0.00171102,0.0,0.00155201
2025-07-16 13:00:00+00:00,2736.79,23.51673978,0.99151284,0.98900723,0.00192227,6.762e-05,0.00171087
2025-07-16 14:00:00+00:00,2718.12,23.46101482,0.99165284,0.98929514,0.00187075,0.0,0.00168021
2025-07-16 15:00:00+00:00,2668.6625,23.55800181,0.99212681,0.98986503,0.00181901,0.0,0.00159771
2025-07-16 16:00:00+00:00,2645.09,23.61926772,0.9927942,0.99070231,0.0016741,0.0,0.00152298
2025-07-16 17:00:00+00:00,2630.9175,23.55583751,0.99285688,0.99115247,0.00129901,0.0,0.0014551
2025-07-16 18:00:00+00:00,2615.86,23.16686532,0.99234267,0.9905546,0.00132452,0.0,0.00155167
2025-07-16 19:00:00+00:00,2582.73,22.72762996,0.99125068,0.98927778,0.00136517,0.00011622,0.001665
2025-07-16 20:00:00+00:00,2544.58,22.79045082,0.9909869,0.98849368,0.00145847,0.00055496,0.00162654
2025-07-16 21:00:00+00:00,2502.76,22.25832465,0.99087226,0.9886132,0.00129064,0.00047992,0.00162782
2025-07-16 22:00:00+00:00,2357.8225,21.80726094,0.98899914,0.98603401,0.00100528,0.00144559,0.00073638
2025-07-16 23:00:00+00:00,2232.085,21.65613916,0.98821828,0.98475486,0.00094272,0.00198931,0.00075027
2025-07-17 00:00:00+00:00,2135.755,22.23248609,0.98833714,0.98530738,0.00106091,0.00143779,0.00164508
2025-07-17 01:00:00+00:00,2067.52,22.02843363,0.98929799,0.98574317,0.00100199,0.00201092,0.00147966
2025-07-17 02:00:00+00:00,2006.0975,22.0610189,0.9883572,0.98563155,0.00096909,0.00124079,0.00153347
2025-07-17 03:00:00+00:00,1995.24,22.03882347,0.98756546,0.98597238,0.00100398,0.00010151,0.00153172
2025-07-17 04:00:00+00:00,2137.2175,22.51723224,0.98847328,0.98667378,0.00133149,0.0,0.00155805
2025-07-17 05:00:00+00:00,2279.485,22.95172481,0.9898054,0.98782294,0.00147932,0.0,0.00171187
2025-07-17 06:00:00+00:00,2410.6425,23.36645018,0.98961783,0.98766916,0.00145048,0.0,0.00164911
2025-07-17 07:00:00+00:00,2509.9325,23.48081805,0.98888285,0.98699685,0.0013932,0.0,0.0015205
2025-07-17 08:00:00+00:00,2567.18,23.48932623,0.98764011,0.98586241,0.00129869,0.0,0.00142049
2025-07-17 09:00:00+00:00,2594.945,23.44326515,0.98572243,0.98413902,0.00108687,0.0,0.00124936
2025-07-17 10:00:00+00:00,2623.28,23.42438247,0.98318355,0.98176929,0.00092741,0.0,0.00128299
2025-07-17 11:00:00+00:00,2607.85,23.44063878,0.98301354,0.98182136,0.00071555,0.0,0.00126015
2025-07-17 12:00:00+00:00,2616.7575,23.49850775,0.98437095,0.98324985,0.00062761,0.0,0.00134912
2025-07-17 13:00:00+00:00,2616.02,23.55627788,0.98668577,0.98594005,0.00025526,0.0,0.00145879
2025-07-17 14:00:00+00:00,2647.885,23.60555112,0.9889269,0.98819226,0.00025687,0.0,0.00148168
2025-07-17 15:00:00+00:00,2649.6075,23.75493172,0.99052817,0.98961347,0.00044682,0.0,0.00153821
2025-07-17 16:00:00+00:00,2686.6175,24.0476584,0.99274716,0.99182798,0.00047734,0.0,0.00158885
2025-07-17 17:00:00+00:00,2662.775,24.10155959,0.99275611,0.99185043,0.00046253,0.0,0.00157015
2025-07-17 18:00:00+00:00,2632.4675,24.07968362,0.99331899,0.99236428,0.00051779,0.0,0.00148589
2025-07-17 19:00:00+00:00,2594.43,23.9512379,0.9930162,0.99190227,0.00069087,0.0,0.00145947
2025-07-17 20:00:00+00:00,2605.53,23.64128762,0.99240956,0.99086445,0.00110931,0.0,0.00152575
2025-07-17 21:00:00+00:00,2544.79,23.19843661,0.99249103,0.99081539,0.00120734,3.237e-05,0.00150074
2025-07-17 22:00:00+00:00,2394.8675,23.45501983,0.99255193,0.9907336,0.00130704,6.831e-05,0.00063548
2025-07-17 23:00:00+00:00,2265.24,23.33387771,0.99134077,0.98960988,0.00127791,1.738e-05,0.00061548
2025-07-18 00:00:00+00:00,2150.885,22.9159996,0.9902463,0.9885635,0.00090571,0.00029042,0.00157078
2025-07-18 01:00:00+00:00,2088.95,22.93288365,0.99114956,0.98953552,0.0008628,0.00025662,0.00163088
2025-07-18 02:00:00+00:00,2054.5275,22.77540508,0.98956786,0.98821709,0.00085662,0.0,0.00166944
2025-07-18 03:00:00+00:00,2043.4875,23.09982002,0.9882309,0.98646436,0.00128207,0.0,0.00164885
2025-07-18 04:00:00+00:00,2180.185,23.61537105,0.98985913,0.98848812,0.0009195,0.0,0.00158572
2025-07-18 05:00:00+00:00,2366.43,23.63677292,0.99080393,0.98904504,0.00133601,0.0,0.00150446
2025-07-18 06:00:00+00:00,2487.97,23.86144602,0.99073834,0.9890066,0.00130522,0.0,0.00146167
2025-07-18 07:00:00+00:00,2570.4,23.8204581,0.98873552,0.98715791,0.00112139,0.0,0.00141457
2025-07-18 08:00:00+00:00,2632.7725,23.92966838,0.98927066,0.98784946,0.00100884,0.0,0.00108168
2025-07-18 09:00:00+00:00,2661.0375,23.96802832,0.98897916,0.98771545,0.00085354,0.0,0.0010562
2025-07-18 10:00:00+00:00,2651.1625,23.96522394,0.9881081,0.98683316,0.00086623,0.0,0.00115049
2025-07-18 11:00:00+00:00,2670.7525,23.97207061,0.98934769,0.98806255,0.00091326,0.0,0.00110796
2025-07-18 12:00:00+00:00,2681.5925,23.92793383,0.98883168,0.98735846,0.00107965,0.0,0.001185
2025-07-18 13:00:00+00:00,2657.82,23.87470876,0.98873288,0.98701412,0.00130508,0.0,0.00110563
2025-07-18 14:00:00+00:00,2667.9875,23.92060003,0.9903176,0.98851288,0.00139348,0.0,0.00118039
2025-07-18 15:00:00+00:00,2656.32,24.17618727,0.99267127,0.990938,0.00136188,0.0,0.00113444
2025-07-18 16:00:00+00:00,2649.605,24.15489149,0.99312589,0.99155955,0.00122416,0.0,0.00101609
2025-07-18 17:00:00+00:00,2640.0,24.12448798,0.99354797,0.99227416,0.0009802,0.0,0.00080981
2025-07-18 18:00:00+00:00,2605.86,24.11343375,0.99360387,0.99238746,0.00091793,0.0,0.00077868
2025-07-18 19:00:00+00:00,2548.7525,24.10798911,0.99349792,0.99221405,0.00096169,0.0,0.00083065
2025-07-18 20:00:00+00:00,2509.39,24.11120474,0.99327575,0.99187119,0.0010612,0.0,0.00091676
2025-07-18 21:00:00+00:00,2423.475,23.85813931,0.99331672,0.99192628,0.00101671,0.0,0.00100558
2025-07-18 22:00:00+00:00,2287.685,22.53299988,0.98968311,0.9878665,0.00131911,0.0,0.00134614
2025-07-18 23:00:00+00:00,2164.37,22.6044753,0.98932142,0.98707406,0.00138444,0.00036203,0.00135858
2025-07-19 00:00:00+00:00,2076.6675,22.82105545,0.98875598,0.98570476,0.00138144,0.00113958,0.00137336
2025-07-19 01:00:00+00:00,2019.4375,22.81109724,0.98812377,0.98460755,0.00136858,0.00161029,0.00137602
2025-07-19 02:00:00+00:00,1968.5875,22.84573538,0.98810441,0.9848057,0.0013651,0.00139214,0.00137155
2025-07-19 03:00:00+00:00,1927.9,22.49112327,0.98671781,0.98418065,0.00130229,0.00070387,0.00132218
2025-07-19 04:00:00+00:00,1929.7825,22.63126227,0.98628728,0.98445536,0.00131299,0.0,0.00133244
2025-07-19 05:00:00+00:00,1966.29,23.15030657,0.98667798,0.98480558,0.0013439,0.0,0.00133299
2025-07-19 06:00:00+00:00,2071.865,23.42921372,0.98543705,0.98352782,0.0013499,0.0,0.00136341
2025-07-19 07:00:00+00:00,2187.86,23.60827983,0.98377039,0.98193678,0.0012774,0.0,0.00127058
2025-07-19 08:00:00+00:00,2307.7725,23.25607557,0.97133021,0.97006595,0.00073929,0.0,0.00073012
2025-07-19 09:00:00+00:00,2373.45,23.46991441,0.96786218,0.96673537,0.00061052,0.0,0.00062451
2025-07-19 10:00:00+00:00,2401.35,24.03447792,0.96669652,0.96506607,0.00038261,0.00047098,0.00040072
2025-07-19 11:00:00+00:00,2407.1,24.42082132,0.968925,0.96692927,0.00029087,0.00072388,0.00030225
2025-07-19 12:00:00+00:00,2411.4875,24.19899192,0.96980148,0.96778897,0.00047985,0.00064959,0.00045806
2025-07-19 13:00:00+00:00,2418.845,23.65725414,0.97271088,0.97093276,0.00069882,0.00042838,0.00068785
2025-07-19 14:00:00+00:00,2424.8975,23.38468317,0.97901869,0.97748563,0.0010665,0.0,0.00099331
2025-07-19 15:00:00+00:00,2458.23,24.06437231,0.99005464,0.98818059,0.00142117,0.0,0.00127966
2025-07-19 16:00:00+00:00,2487.145,24.13134004,0.99110602,0.98911996,0.00152785,0.0,0.00136617
2025-07-19 17:00:00+00:00,2513.62,24.15670841,0.99154343,0.98999945,0.00117764,0.0,0.00108764
2025-07-19 18:00:00+00:00,2500.58,24.11666977,0.99196509,0.99030631,0.00131538,0.0,0.00100045
2025-07-19 19:00:00+00:00,2475.84,24.07913218,0.99194989,0.99022073,0.00137515,0.0,0.00103378
2025-07-19 20:00:00+00:00,2451.5675,23.93253442,0.99098027,0.98895261,0.0016,0.0,0.00125171
2025-07-19 21:00:00+00:00,2386.8,23.69981378,0.9900742,0.98788845,0.00172283,0.0,0.00138703
2025-07-19 22:00:00+00:00,2258.5175,24.0212821,0.99092037,0.98942728,0.00105648,0.0,0.00115235
2025-07-19 23:00:00+00:00,2138.66,23.58522897,0.98984994,0.9887449,0.00062579,0.0,0.00111276
2025-07-20 00:00:00+00:00,2037.1225,23.48472056,0.98956231,0.98850438,0.00059464,0.0,0.00106293
2025-07-20 01:00:00+00:00,1977.6825,23.38104344,0.98868071,0.98711994,0.00108775,0.0,0.0010787
2025-07-20 02:00:00+00:00,1922.62,23.43711986,0.98893723,0.98739674,0.00104431,0.0,0.00113684
2025-07-20 03:00:00+00:00,1883.965,23.36716107,0.98835039,0.98676831,0.00104311,0.0,0.00134932
2025-07-20 04:00:00+00:00,1862.9175,23.45167464,0.98789875,0.98623629,0.00112252,0.0,0.00139996
2025-07-20 05:00:00+00:00,1889.335,23.84713042,0.98880249,0.98743391,0.00087936,0.0,0.00130846
2025-07-20 06:00:00+00:00,1954.8875,23.99786845,0.98910826,0.98769183,0.00093519,0.0,0.00134125
2025-07-20 07:00:00+00:00,2048.15,23.89494563,0.98511917,0.98382044,0.00082477,0.0,0.00119846
2025-07-20 08:00:00+00:00,2175.5225,23.67504644,0.97429921,0.97332034,0.00049695,0.0,0.00071557
2025-07-20 09:00:00+00:00,2213.22,23.75963059,0.97283941,0.97203655,0.00036259,0.0,0.00052048
2025-07-20 10:00:00+00:00,2257.33,24.35084295,0.97168043,0.97011352,0.00016332,0.00064533,0.00026403
2025-07-20 11:00:00+00:00,2295.91,24.01487589,0.96644105,0.96503757,0.00023773,0.0004631,0.00037968
2025-07-20 12:00:00+00:00,2304.435,23.44800805,0.96589999,0.96504595,0.00036413,0.0,0.00055872
2025-07-20 13:00:00+00:00,2325.855,23.41464319,0.96859493,0.96741279,0.00034746,0.00028681,0.00049879
2025-07-20 14:00:00+00:00,2352.06,23.79940964,0.98712515,0.9858149,0.00090753,0.0,0.0010817
2025-07-20 15:00:00+00:00,2414.0525,23.97407951,0.99248239,0.99098444,0.00113768,0.0,0.00128681
2025-07-20 16:00:00+00:00,2468.29,23.86123517,0.99276492,0.99109579,0.00132672,0.0,0.00119946
2025-07-20 17:00:00+00:00,2503.4875,23.69756425,0.99271292,0.99137851,0.0009685,0.0,0.00112024
2025-07-20 18:00:00+00:00,2522.485,23.88401778,0.99272934,0.9915967,0.00075255,0.0,0.00107519
2025-07-20 19:00:00+00:00,2517.135,23.84124412,0.99286161,0.99175758,0.00074774,0.0,0.00102836
2025-07-20 20:00:00+00:00,2522.3875,23.46080393,0.99157018,0.99022741,0.00091928,0.0,0.00123519
2025-07-20 21:00:00+00:00,2438.955,23.35233338,0.99100476,0.98950864,0.00084427,0.00020212,0.00125535
2025-07-20 22:00:00+00:00,2283.3775,22.73282904,0.98870128,0.98651371,0.00091502,0.00072727,0.00144402
2025-07-20 23:00:00+00:00,2164.0875,22.5197047,0.98863543,0.98635792,0.00088121,0.00086173,0.00136992
2025-07-21 00:00:00+00:00,2069.76,22.32616873,0.98752904,0.98499074,0.00092007,0.00103838,0.00049908
2025-07-21 01:00:00+00:00,2054.6525,22.51081017,0.98869154,0.98617079,0.00094418,0.0009999,0.0004918
2025-07-21 02:00:00+00:00,1999.005,22.75679613,0.98852348,0.98600762,0.00097553,0.00097054,0.00050452
2025-07-21 03:00:00+00:00,2007.775,22.7643564,0.9885208,0.98706758,0.00093453,0.0,0.00046028
2025-07-21 04:00:00+00:00,2122.435,23.35786908,0.99037397,0.98864999,0.00128815,0.0,0.00034969
2025-07-21 05:00:00+00:00,2334.3,23.81639213,0.99233373,0.98718491,0.00477441,0.0,0.00027712
2025-07-21 06:00:00+00:00,2485.9325,23.8360705,0.99251679,0.98686484,0.00526771,0.0,0.00030198
2025-07-21 07:00:00+00:00,2587.06,23.80175813,0.99312356,0.98796178,0.00475292,0.0,0.00032526
2025-07-21 08:00:00+00:00,2707.5,23.67310598,0.99280162,0.98831671,0.00407642,0.0,0.00031823
2025-07-21 09:00:00+00:00,2731.6025,23.51397202,0.98942712,0.98519007,0.00380057,0.0,0.00032277
2025-07-21 10:00:00+00:00,2743.18,23.55728968,0.98833237,0.98411252,0.00377602,0.0,0.00134816
2025-07-21 11:00:00+00:00,2745.35,23.56534115,0.98799032,0.98355347,0.00396311,0.0,0.00146381
2025-07-21 12:00:00+00:00,2766.1375,23.71169224,0.99041573,0.98620363,0.00377601,0.0,0.00139118
2025-07-21 13:00:00+00:00,2781.365,23.80129737,0.99241405,0.98832839,0.00371411,0.0,0.00125181
2025-07-21 14:00:00+00:00,2765.86,23.83961223,0.99266828,0.98852718,0.00377644,0.0,0.00124225
2025-07-21 15:00:00+00:00,2725.42,23.74711928,0.99336383,0.9891548,0.00385511,0.0,0.00118039
2025-07-21 16:00:00+00:00,2720.1175,23.79215668,0.99362501,0.98935787,0.00397446,0.0,0.00098622
2025-07-21 17:00:00+00:00,2704.145,23.82059287,0.99343697,0.98915004,0.00400156,0.0,0.00090013
2025-07-21 18:00:00+00:00,2679.105,23.88244669,0.99373905,0.98957057,0.00386695,0.0,0.00097172
2025-07-21 19:00:00+00:00,2649.2375,23.88200427,0.99285737,0.98848934,0.00406698,0.0,0.00103806
2025-07-21 20:00:00+00:00,2614.8475,23.77070957,0.99249215,0.98805471,0.00411277,0.0,0.00114513
2025-07-21 21:00:00+00:00,2525.4575,23.68730334,0.99231305,0.98771261,0.00425109,0.0,0.00116778
2025-07-21 22:00:00+00:00,2346.81,23.63634361,0.99139448,0.98673822,0.00426972,0.0,0.00030352
2025-07-21 23:00:00+00:00,2238.045,23.54676002,0.99067868,0.98599885,0.00429889,0.0,0.00029922
2025-07-22 00:00:00+00:00,2146.655,23.45992246,0.99018179,0.98545952,0.00435492,0.0,0.00111655
2025-07-22 01:00:00+00:00,2063.08,23.44133374,0.99147772,0.98663943,0.00447636,0.0,0.0011188
2025-07-22 02:00:00+00:00,2017.9425,23.54720781,0.98986264,0.98499695,0.00447124,0.0,0.00122714
2025-07-22 03:00:00+00:00,2023.6175,23.62681346,0.98908589,0.98421802,0.00451057,0.0,0.00116124
2025-07-22 04:00:00+00:00,2179.5925,23.69740743,0.99012282,0.98521578,0.00454528,0.0,0.00126117
2025-07-22 05:00:00+00:00,2372.6075,23.74170634,0.99117485,0.98641843,0.00439897,0.0,0.00132027
2025-07-22 06:00:00+00:00,2523.0275,23.80338099,0.99147171,0.98676351,0.00433363,0.0,0.00136143
2025-07-22 07:00:00+00:00,2668.0675,23.77527645,0.99171845,0.98680562,0.0045296,0.0,0.00135554
2025-07-22 08:00:00+00:00,2723.4825,23.62707876,0.99099842,0.98644399,0.00412045,0.0,0.00135991
2025-07-22 09:00:00+00:00,2754.2225,23.54982042,0.99029522,0.98599458,0.0038392,0.0,0.00133629
2025-07-22 10:00:00+00:00,2756.185,23.31359644,0.98797869,0.98425743,0.00327796,0.0,0.00112444
2025-07-22 11:00:00+00:00,2765.825,23.18955429,0.98758897,0.98425038,0.00296102,0.0,0.00076325
2025-07-22 12:00:00+00:00,2774.72,23.14193378,0.98691994,0.98406666,0.00245131,0.0,0.00080364
2025-07-22 13:00:00+00:00,2755.835,23.45418687,0.99025534,0.98685198,0.00307689,0.0,0.00069166
2025-07-22 14:00:00+00:00,2753.2525,23.63345875,0.99127798,0.98761561,0.00326951,0.0,0.00106001
2025-07-22 15:00:00+00:00,2779.14,23.86796707,0.99200274,0.98763842,0.00396225,0.0,0.00116644
2025-07-22 16:00:00+00:00,2737.94,23.88005037,0.9927123,0.9882242,0.00412487,0.0,0.00113977
2025-07-22 17:00:00+00:00,2702.3725,23.83394145,0.99277926,0.98833154,0.00408633,0.0,0.00112364
2025-07-22 18:00:00+00:00,2668.9975,23.66641794,0.99277811,0.98842905,0.00399423,0.0,0.00110305
2025-07-22 19:00:00+00:00,2617.2275,23.47111771,0.9926459,0.98808207,0.00420744,0.0,0.00108956
2025-07-22 20:00:00+00:00,2589.7975,23.52418781,0.99233061,0.98749413,0.00446227,0.0,0.00115566
2025-07-22 21:00:00+00:00,2495.76,23.60420926,0.99246535,0.98745683,0.00459264,0.0,0.00129071
2025-07-22 22:00:00+00:00,2363.69,23.69655754,0.99108832,0.98946496,0.00121036,0.0,0.00031961
2025-07-22 23:00:00+00:00,2258.685,23.57956517,0.99011835,0.98844035,0.00121447,0.0,0.00037898
2025-07-23 00:00:00+00:00,2157.3275,23.84016139,0.99022122,0.98876919,0.00104888,0.0,0.00115032
2025-07-23 01:00:00+00:00,2083.78,23.90328667,0.99146138,0.99014194,0.00094167,0.0,0.0010431
2025-07-23 02:00:00+00:00,2045.145,23.87217579,0.99055765,0.98927738,0.00090589,0.0,0.00100837
2025-07-23 03:00:00+00:00,2030.1475,23.85190191,0.98898514,0.98744973,0.00111775,0.0,0.00123575
2025-07-23 04:00:00+00:00,2161.31,23.5681086,0.98760423,0.98555066,0.00146863,0.0,0.00167888
2025-07-23 05:00:00+00:00,2345.235,23.99782814,0.99167377,0.99028023,0.00101311,0.0,0.00111385
2025-07-23 06:00:00+00:00,2495.9025,24.0646081,0.99228491,0.99076774,0.00115078,0.0,0.00113219
2025-07-23 07:00:00+00:00,2595.925,24.00690776,0.99263464,0.99121985,0.00106974,0.0,0.00105279
2025-07-23 08:00:00+00:00,2648.0175,23.98132336,0.99285401,0.99142856,0.00107339,0.0,0.00105483
2025-07-23 09:00:00+00:00,2686.28,23.96458036,0.99323167,0.99191826,0.00095517,0.0,0.00105324
2025-07-23 10:00:00+00:00,2711.82,23.47121166,0.98955372,0.9882135,0.00090578,0.0,0.00117793
2025-07-23 11:00:00+00:00,2766.2375,23.15140949,0.98631485,0.98527373,0.00056244,0.0,0.00114687
2025-07-23 12:00:00+00:00,2759.1475,23.36717018,0.98693787,0.98598293,0.00046176,0.0,0.00124568
2025-07-23 13:00:00+00:00,2746.815,23.9342875,0.99256669,0.99174413,0.00043124,0.0,0.00122147
2025-07-23 14:00:00+00:00,2773.99,23.90417001,0.99330574,0.9924847,0.00042069,0.0,0.00122017
2025-07-23 15:00:00+00:00,2747.7675,23.90973334,0.9934756,0.99288301,0.00031307,0.0,0.00085229
2025-07-23 16:00:00+00:00,2757.5775,23.96028029,0.99358676,0.99292575,0.00035086,0.0,0.00097102
2025-07-23 17:00:00+00:00,2703.7625,24.01316933,0.99384474,0.99316906,0.00036398,0.0,0.00100584
2025-07-23 18:00:00+00:00,2676.0475,23.93920563,0.9940713,0.9934473,0.00032248,0.0,0.00090159
2025-07-23 19:00:00+00:00,2621.46,24.02093102,0.99346338,0.99269142,0.00045125,0.0,0.00100649
2025-07-23 20:00:00+00:00,2585.78,24.05361364,0.9929873,0.99195853,0.0006983,0.0,0.00098046
2025-07-23 21:00:00+00:00,2475.2625,24.03031413,0.99342691,0.99246315,0.00064675,0.0,0.00089885
2025-07-23 22:00:00+00:00,2313.355,24.08209476,0.99111277,0.99035209,0.0003897,0.0,0.00027824
2025-07-23 23:00:00+00:00,2210.3875,24.09732067,0.98999006,0.98915704,0.00041857,0.0,0.00033067
2025-07-24 00:00:00+00:00,2098.25,24.11896595,0.98969573,0.98883871,0.00042857,0.0,0.00124007
2025-07-24 01:00:00+00:00,2034.545,24.11820955,0.991139,0.99024994,0.0004426,0.0,0.00127161
2025-07-24 02:00:00+00:00,2020.02,24.08664243,0.98998073,0.98909154,0.00044922,0.0,0.00125449
2025-07-24 03:00:00+00:00,2022.415,24.0370715,0.98884739,0.9879077,0.00047689,0.0,0.00138431
2025-07-24 04:00:00+00:00,2154.23,23.98514405,0.99021733,0.989354,0.00042974,0.0,0.00125014
2025-07-24 05:00:00+00:00,2326.685,23.98993359,0.99283571,0.99217136,0.00032912,0.0,0.0009295
2025-07-24 06:00:00+00:00,2480.91,24.04254065,0.9926854,0.99136656,0.00095079,0.0,0.00100872
2025-07-24 07:00:00+00:00,2590.03,24.12470284,0.99280044,0.98963169,0.00279977,0.0,0.00103027
2025-07-24 08:00:00+00:00,2668.9475,24.13732049,0.99339644,0.98676453,0.00631288,0.0,0.00085539
2025-07-24 09:00:00+00:00,2693.995,24.13924512,0.99330528,0.98670583,0.00623689,0.0,0.00097644
2025-07-24 10:00:00+00:00,2723.5475,24.13810562,0.9934288,0.98687252,0.0062637,0.0,0.00065533
2025-07-24 11:00:00+00:00,2737.3875,24.12607023,0.99368015,0.98734825,0.00603397,0.0,0.00069076
2025-07-24 12:00:00+00:00,2733.2775,24.12626883,0.99448992,0.98852375,0.00573694,0.0,0.00038911
2025-07-24 13:00:00+00:00,2753.105,24.10570758,0.99407469,0.98811556,0.00570839,0.0,0.00050279
2025-07-24 14:00:00+00:00,2765.3825,24.100156,0.99299825,0.98667483,0.00602963,0.0,0.00066075
2025-07-24 15:00:00+00:00,2762.33,24.07012676,0.99235593,0.98596814,0.00604414,0.0,0.00084805
2025-07-24 16:00:00+00:00,2761.6075,24.01993805,0.99253249,0.98531026,0.00687865,0.0,0.00082895
2025-07-24 17:00:00+00:00,2746.86,23.92306359,0.99329953,0.98448978,0.00844007,0.0,0.00098692
2025-07-24 18:00:00+00:00,2715.2525,23.8681627,0.99326405,0.9851267,0.00775865,0.0,0.00095262
2025-07-24 19:00:00+00:00,2675.9675,23.76501665,0.99266964,0.98621854,0.00610928,3e-08,0.00099062
2025-07-24 20:00:00+00:00,2658.2275,23.79411976,0.99223533,0.9880897,0.003819,0.0,0.00113737
2025-07-24 21:00:00+00:00,2517.5525,23.83754851,0.99282846,0.98634052,0.00616391,0.0,0.00101549
2025-07-24 22:00:00+00:00,2337.665,23.99332362,0.99125027,0.99054808,0.00036337,0.0,0.00023062
2025-07-24 23:00:00+00:00,2203.6875,23.82100643,0.98994893,0.98821544,0.0012361,0.0,0.00040235
2025-07-25 00:00:00+00:00,2150.03,23.92017911,0.98941988,0.98785245,0.00107111,0.0,0.00153471
2025-07-25 01:00:00+00:00,2078.7275,23.99618416,0.99096536,0.9893222,0.00111987,0.0,0.00160643
2025-07-25 02:00:00+00:00,2039.8575,24.04456304,0.9897292,0.98808819,0.00110909,0.0,0.00161844
2025-07-25 03:00:00+00:00,2038.955,24.11702045,0.9888573,0.98726753,0.00107033,0.0,0.00155953
2025-07-25 04:00:00+00:00,2163.2125,24.12783957,0.98992635,0.98827215,0.00111952,0.0,0.0016424
2025-07-25 05:00:00+00:00,2340.6425,24.1091914,0.99226568,0.99105184,0.00080836,0.0,0.00115736
2025-07-25 06:00:00+00:00,2501.5025,24.13135163,0.99296721,0.99181717,0.00080154,0.0,0.00086198
2025-07-25 07:00:00+00:00,2620.805,24.16542238,0.9921651,0.99065632,0.00107594,0.0,0.00117064
2025-07-25 08:00:00+00:00,2696.45,23.85308243,0.98955213,0.98801711,0.00105449,0.0,0.00117262
2025-07-25 09:00:00+00:00,2703.41,23.65648898,0.98706509,0.98538637,0.00113376,0.0,0.00125731
2025-07-25 10:00:00+00:00,2710.635,23.49996788,0.98391184,0.98203117,0.00126929,0.0,0.00143036
2025-07-25 11:00:00+00:00,2716.405,23.41568902,0.98478217,0.98287275,0.0013061,0.0,0.00146968
2025-07-25 12:00:00+00:00,2694.72,23.32216832,0.98499082,0.98322518,0.00119234,0.0,0.00134958
2025-07-25 13:00:00+00:00,2693.3075,23.17813414,0.983981,0.98221032,0.00120901,0.0,0.00136637
2025-07-25 14:00:00+00:00,2708.2625,23.2703623,0.98647363,0.98471166,0.00123888,0.0,0.00137513
2025-07-25 15:00:00+00:00,2694.495,23.67982847,0.98912202,0.98758978,0.00109923,0.0,0.00119082
2025-07-25 16:00:00+00:00,2700.425,23.66277938,0.98959666,0.98811036,0.00108494,0.0,0.00115921
2025-07-25 17:00:00+00:00,2690.32,23.68274254,0.99011812,0.98875284,0.00099431,0.0,0.00105782
2025-07-25 18:00:00+00:00,2647.27,23.49668902,0.98980034,0.98864781,0.00076162,0.0,0.00111035
2025-07-25 19:00:00+00:00,2594.16,23.30350087,0.98998268,0.98885843,0.00073329,0.0,0.00108566
2025-07-25 20:00:00+00:00,2554.105,23.26173681,0.9899318,0.98897507,0.00060509,0.0,0.00090195
2025-07-25 21:00:00+00:00,2442.6825,22.97901635,0.98943405,0.98820258,0.00087608,0.0,0.00085107
2025-07-25 22:00:00+00:00,2292.7525,21.94250389,0.98891589,0.98519946,0.0029803,0.00043053,0.00066117
2025-07-25 23:00:00+00:00,2177.55,21.67856424,0.98775698,0.98383261,0.00268386,0.00090141,0.00075498
2025-07-26 00:00:00+00:00,2082.5325,21.53926175,0.98624574,0.98222588,0.00266855,0.0009025,0.00115216
2025-07-26 01:00:00+00:00,2023.8175,21.64475586,0.98597254,0.9818301,0.00262045,0.00111266,0.00095696
2025-07-26 02:00:00+00:00,1982.5,21.61316537,0.98374052,0.97974024,0.00248118,0.00109511,0.00100867
2025-07-26 03:00:00+00:00,1923.215,22.03505361,0.98354146,0.97882981,0.00288519,0.00137927,0.00103063
2025-07-26 04:00:00+00:00,1922.7425,22.25592982,0.9828982,0.97845526,0.00291647,0.00106508,0.00107678
2025-07-26 05:00:00+00:00,1995.19,21.9108749,0.98126881,0.97785487,0.00261669,0.00027332,0.00128422
2025-07-26 06:00:00+00:00,2069.13,22.18054039,0.97982555,0.97595047,0.00287023,0.00045281,0.00124116
2025-07-26 07:00:00+00:00,2196.8225,22.376026,0.97786976,0.97337347,0.0028441,0.00105214,0.00117743
2025-07-26 08:00:00+00:00,2308.045,22.54948634,0.9762523,0.97194854,0.00283922,0.00086675,0.00112874
2025-07-26 09:00:00+00:00,2345.07,22.68364651,0.97425997,0.96988848,0.00278273,0.00095462,0.00112201
2025-07-26 10:00:00+00:00,2371.2025,22.57823357,0.97348822,0.97014462,0.00268191,6.421e-05,0.00108346
2025-07-26 11:00:00+00:00,2357.905,22.61759473,0.97419498,0.97093118,0.00269467,0.0,0.00102756
2025-07-26 12:00:00+00:00,2360.795,22.57489519,0.97382321,0.97080453,0.00245752,0.0,0.00098485
2025-07-26 13:00:00+00:00,2382.3875,22.39761056,0.9742649,0.97132671,0.00238941,0.0,0.00098228
2025-07-26 14:00:00+00:00,2400.3975,22.41435724,0.97785096,0.97457218,0.00279241,0.0,0.00095449
2025-07-26 15:00:00+00:00,2453.225,22.340735,0.98158596,0.97835392,0.00278252,0.0,0.00094135
2025-07-26 16:00:00+00:00,2438.9375,23.08515162,0.98581653,0.98144841,0.0039357,0.0,0.00107873
2025-07-26 17:00:00+00:00,2428.335,23.96462087,0.9882656,0.983296,0.00456152,0.0,0.00107636
2025-07-26 18:00:00+00:00,2387.15,23.94709462,0.98861529,0.9837104,0.00453083,0.0,0.000977
2025-07-26 19:00:00+00:00,2344.5175,23.90583889,0.98831555,0.98333437,0.00457157,0.0,0.00109802
2025-07-26 20:00:00+00:00,2355.12,23.72044401,0.98807946,0.98325743,0.00440464,0.0,0.00111328
2025-07-26 21:00:00+00:00,2257.05,23.14887059,0.9869297,0.98248624,0.00398014,0.0,0.00125005
2025-07-26 22:00:00+00:00,2144.03,22.88035031,0.98621693,0.9828691,0.00294135,0.0,0.00102465
2025-07-26 23:00:00+00:00,2028.39,22.45816303,0.98538441,0.98246634,0.00249451,0.0,0.00107677
2025-07-27 00:00:00+00:00,1942.19,22.36237288,0.98536018,0.98255843,0.0023641,0.0,0.00113047
2025-07-27 01:00:00+00:00,1890.2975,22.49744457,0.98493305,0.98193335,0.00252038,0.0,0.00132583
2025-07-27 02:00:00+00:00,1882.7575,22.37026623,0.98480347,0.98210014,0.00220303,0.0,0.00142019
2025-07-27 03:00:00+00:00,1841.5625,22.20257292,0.98496528,0.98182522,0.00264113,0.0,0.00139441
2025-07-27 04:00:00+00:00,1835.69,22.4047367,0.98448676,0.98114274,0.0028045,0.0,0.0014569
2025-07-27 05:00:00+00:00,1865.8125,22.65117354,0.98307179,0.97956195,0.00293211,0.0,0.00151544
2025-07-27 06:00:00+00:00,1964.0125,22.59589688,0.98139578,0.97825833,0.00256223,0.0,0.00142098
2025-07-27 07:00:00+00:00,2094.335,22.39722816,0.97828186,0.97570189,0.00200356,0.0,0.00124374
2025-07-27 08:00:00+00:00,2212.5625,22.54370024,0.9766069,0.97389168,0.002124,0.0,0.00127433
2025-07-27 09:00:00+00:00,2296.85,22.57228845,0.9751968,0.97258265,0.00201029,0.0,0.00120803
2025-07-27 10:00:00+00:00,2342.2375,22.50967818,0.97320674,0.97067911,0.0019143,0.0,0.00117672
2025-07-27 11:00:00+00:00,2385.4625,22.84797177,0.97551105,0.97317559,0.00151507,0.00019512,0.00109064
2025-07-27 12:00:00+00:00,2397.32,22.52985989,0.97389984,0.97200059,0.00087876,0.00030116,0.00110838
2025-07-27 13:00:00+00:00,2389.1525,22.22484845,0.97505774,0.97282146,0.00121377,0.00034733,0.00100737
2025-07-27 14:00:00+00:00,2400.5225,22.76125428,0.98175037,0.97915089,0.00204629,0.0,0.00130406
2025-07-27 15:00:00+00:00,2424.6025,23.49702217,0.98623568,0.9828911,0.0028296,0.0,0.00138497
2025-07-27 16:00:00+00:00,2464.6925,24.17956301,0.98928639,0.98527939,0.0035459,0.0,0.0013691
2025-07-27 17:00:00+00:00,2475.5075,24.1316366,0.98970611,0.98558356,0.00374944,0.0,0.00104616
2025-07-27 18:00:00+00:00,2469.0975,24.12850553,0.98966454,0.98568414,0.00357793,0.0,0.00123493
2025-07-27 19:00:00+00:00,2459.2575,24.10677992,0.98976414,0.98573478,0.00364404,0.0,0.00123864
2025-07-27 20:00:00+00:00,2458.655,24.14699412,0.98969151,0.98573858,0.0035309,0.0,0.00134352
2025-07-27 21:00:00+00:00,2342.2675,23.79630983,0.98843808,0.98468571,0.00325888,0.0,0.001524
2025-07-27 22:00:00+00:00,2199.73,23.65526497,0.98810665,0.98399839,0.00361118,0.0,0.00145367
2025-07-27 23:00:00+00:00,2105.525,23.09935956,0.98631414,0.98226042,0.00354381,0.0,0.00142969
2025-07-28 00:00:00+00:00,2029.0625,22.70928005,0.98535176,0.98155605,0.00328165,0.0,0.00030116
2025-07-28 01:00:00+00:00,1998.245,22.85600725,0.98646717,0.98247066,0.0034465,6.019e-05,0.00036016
2025-07-28 02:00:00+00:00,1975.8225,22.77500484,0.98593486,0.98207702,0.0033445,0.0,0.00043046
2025-07-28 03:00:00+00:00,1994.845,22.93580259,0.9868611,0.98326845,0.00310362,0.0,0.00040816
2025-07-28 04:00:00+00:00,2158.47,23.7704409,0.98813894,0.98373768,0.00392697,0.0,0.00040317
2025-07-28 05:00:00+00:00,2386.0,24.18416304,0.98953283,0.98497136,0.00414677,0.0,0.00032416
2025-07-28 06:00:00+00:00,2536.9175,24.13566564,0.99098321,0.98127434,0.0094297,0.0,0.00019123
2025-07-28 07:00:00+00:00,2626.3625,24.0557626,0.99077135,0.98056202,0.00992501,0.0,0.00019197
2025-07-28 08:00:00+00:00,2644.7275,23.7755134,0.98772138,0.97808067,0.00931984,0.0,0.00020791
2025-07-28 09:00:00+00:00,2672.49,23.63674751,0.98464726,0.97550758,0.0086206,9.666e-05,0.00023261
2025-07-28 10:00:00+00:00,2668.91,23.57200897,0.9822257,0.97526463,0.00627217,0.00020348,0.00088134
2025-07-28 11:00:00+00:00,2687.39,23.55315558,0.98136732,0.97468555,0.00592124,0.00022469,0.00097759
2025-07-28 12:00:00+00:00,2692.24,23.47522309,0.98183467,0.97495165,0.00611888,0.00023859,0.00093737
2025-07-28 13:00:00+00:00,2710.6775,23.51923724,0.98340297,0.97628839,0.00635877,0.00023698,0.00100879
2025-07-28 14:00:00+00:00,2718.6275,23.73162819,0.98694978,0.97947542,0.0069329,0.00010933,0.00095976
2025-07-28 15:00:00+00:00,2718.9175,23.7141624,0.98868206,0.9792255,0.00904005,2.981e-05,0.00093694
2025-07-28 16:00:00+00:00,2703.35,24.00113146,0.99112019,0.98094769,0.00984972,1.4e-07,0.0008345
2025-07-28 17:00:00+00:00,2666.8525,24.07451628,0.99082506,0.98057101,0.00992632,1.5e-07,0.00086467
2025-07-28 18:00:00+00:00,2647.45,24.07667696,0.99117697,0.98091117,0.00993658,2.1e-07,0.00086472
2025-07-28 19:00:00+00:00,2626.345,23.74134447,0.99008542,0.98051352,0.00921256,2e-07,0.00096936
2025-07-28 20:00:00+00:00,2614.645,23.28642737,0.98902669,0.97970412,0.0089772,1.9e-07,0.00090198
2025-07-28 21:00:00+00:00,2508.265,23.16529899,0.98786437,0.97821163,0.00927569,2.3e-07,0.00099149
2025-07-28 22:00:00+00:00,2341.2275,22.38276439,0.98697728,0.98327204,0.00335679,1.8e-07,0.00027032
2025-07-28 23:00:00+00:00,2227.2125,22.34186629,0.98615485,0.98244699,0.00339492,1.8e-07,0.00022207
2025-07-29 00:00:00+00:00,2147.7675,22.90609373,0.98688171,0.98268599,0.0038611,2.5e-07,0.00088694
2025-07-29 01:00:00+00:00,2091.1575,22.67140597,0.98724387,0.98306702,0.00383217,2.8e-07,0.00089812
2025-07-29 02:00:00+00:00,2065.9525,21.81074131,0.98630542,0.9826051,0.00337793,2.2e-07,0.00084213
2025-07-29 03:00:00+00:00,2072.69,21.39969994,0.9862401,0.98268299,0.00323531,1.9e-07,0.00081366
2025-07-29 04:00:00+00:00,2239.52,21.96954236,0.98761172,0.98368275,0.00360367,1.8e-07,0.00083377
2025-07-29 05:00:00+00:00,2440.3975,21.96058921,0.98900927,0.98514682,0.0035392,0.0,0.00079012
2025-07-29 06:00:00+00:00,2567.9675,21.66322765,0.98850433,0.9846554,0.00354398,0.0,0.00065593
2025-07-29 07:00:00+00:00,2669.0675,20.8396628,0.98603797,0.98266995,0.00304894,0.0,0.00057492
2025-07-29 08:00:00+00:00,2760.3425,20.14870171,0.98275742,0.97965862,0.00271372,0.0,0.00078248
2025-07-29 09:00:00+00:00,2850.86,20.1917648,0.98227344,0.97954999,0.00232729,0.0,0.00069822
2025-07-29 10:00:00+00:00,2892.035,20.18645559,0.98260358,0.97948613,0.00273349,0.0,0.00071236
2025-07-29 11:00:00+00:00,2925.2375,20.10097809,0.98192722,0.97870311,0.00286705,0.0,0.00067563
2025-07-29 12:00:00+00:00,2938.1025,20.29835736,0.982342,0.97895918,0.00297113,4.238e-05,0.00067052
2025-07-29 13:00:00+00:00,2940.8,20.05654081,0.98309564,0.97967288,0.00279566,0.00020309,0.00074409
2025-07-29 14:00:00+00:00,2926.985,21.4974991,0.98886169,0.98490283,0.00369886,0.0,0.00063404
2025-07-29 15:00:00+00:00,2895.1725,21.58946311,0.98947578,0.98542637,0.00378711,0.0,0.00064026
2025-07-29 16:00:00+00:00,2873.6025,21.49504567,0.99032751,0.986214,0.00385132,0.0,0.00076525
2025-07-29 17:00:00+00:00,2821.1125,21.5692341,0.99079414,0.98661326,0.00389776,0.0,0.00082429
2025-07-29 18:00:00+00:00,2780.8675,21.6125949,0.99100281,0.98677507,0.00395589,0.0,0.00083666
2025-07-29 19:00:00+00:00,2725.9,21.87787754,0.99099928,0.9866573,0.00411413,0.0,0.00069052
2025-07-29 20:00:00+00:00,2669.9425,21.77155182,0.99032897,0.98558138,0.00412978,0.00030474,0.00096345
2025-07-29 21:00:00+00:00,2491.2925,21.80548345,0.99073389,0.98586498,0.00405893,0.00056249,0.00065787
2025-07-29 22:00:00+00:00,2287.24,19.98577803,0.98877843,0.98560257,0.00252429,0.00034814,0.0003009
2025-07-29 23:00:00+00:00,2173.0975,19.9216635,0.98801021,0.98417409,0.00253304,0.00094319,0.00036206
2025-07-30 00:00:00+00:00,2104.0875,21.12125834,0.98806372,0.98334483,0.00333275,0.00102993,0.00092776
2025-07-30 01:00:00+00:00,2040.33,21.22966441,0.98836087,0.9833996,0.00331846,0.00125554,0.00101337
2025-07-30 02:00:00+00:00,2014.665,21.35915815,0.98772717,0.98280353,0.00338098,0.00119686,0.00086913
2025-07-30 03:00:00+00:00,2015.2325,20.61745501,0.98613444,0.98308749,0.00272827,0.0,0.00089897
2025-07-30 04:00:00+00:00,2177.6575,21.65614233,0.98661852,0.98357025,0.00271386,0.0,0.00093638
2025-07-30 05:00:00+00:00,2396.1725,23.03604494,0.9891274,0.98532875,0.00355108,0.0,0.00056812
2025-07-30 06:00:00+00:00,2547.8825,23.05772222,0.9878279,0.98417128,0.00332764,0.0,0.00084405
2025-07-30 07:00:00+00:00,2657.2325,22.90052334,0.98682696,0.98337331,0.00309575,0.0,0.00092518
2025-07-30 08:00:00+00:00,2732.89,22.84365897,0.98612283,0.98279728,0.00299218,0.0,0.00085418
2025-07-30 09:00:00+00:00,2733.6225,22.6995643,0.98355907,0.98042408,0.00278865,0.0,0.00069973
2025-07-30 10:00:00+00:00,2745.8075,22.44160945,0.98076961,0.9781275,0.00218704,0.0,0.0011031
2025-07-30 11:00:00+00:00,2734.7025,22.53696009,0.98194689,0.9791066,0.00239759,0.0,0.00111884
2025-07-30 12:00:00+00:00,2710.4275,22.86192841,0.98492798,0.98181483,0.00270506,0.0,0.00100723
2025-07-30 13:00:00+00:00,2704.0975,22.58501574,0.98462865,0.98161869,0.0026289,0.0,0.00095477
2025-07-30 14:00:00+00:00,2707.2275,22.95877458,0.98773113,0.98448294,0.00290469,0.0,0.00086478
2025-07-30 15:00:00+00:00,2679.1425,23.59987939,0.99005348,0.98637709,0.00332619,0.0,0.00104176
2025-07-30 16:00:00+00:00,2660.54,24.11602176,0.99105646,0.98712495,0.00357436,0.0,0.00110872
2025-07-30 17:00:00+00:00,2643.5875,24.10123469,0.99176649,0.98789419,0.00355974,0.0,0.00100034
2025-07-30 18:00:00+00:00,2637.3225,23.95054654,0.99169766,0.98798666,0.00338394,0.0,0.00105513
2025-07-30 19:00:00+00:00,2601.09,23.73340809,0.9911103,0.98756289,0.00321188,0.0,0.00111166
2025-07-30 20:00:00+00:00,2567.9225,23.33329532,0.98999575,0.98638378,0.00324451,0.0,0.00122632
2025-07-30 21:00:00+00:00,2437.2425,22.83189741,0.98975242,0.98642346,0.00296712,0.0,0.00120971
2025-07-30 22:00:00+00:00,2321.95,22.82848723,0.98921673,0.98199766,0.00675509,0.0,0.00061357
2025-07-30 23:00:00+00:00,2207.8825,23.16673371,0.98877279,0.98040182,0.00789501,0.0,0.00067646
2025-07-31 00:00:00+00:00,2135.5225,23.04261207,0.987685,0.97926446,0.00795595,1.53e-06,0.00157404
2025-07-31 01:00:00+00:00,2066.2125,23.07496203,0.98845982,0.97988705,0.00809028,4.01e-06,0.00161818
2025-07-31 02:00:00+00:00,2050.4225,23.06818961,0.98785171,0.9791684,0.0081964,5.91e-06,0.00162433
2025-07-31 03:00:00+00:00,2059.4725,23.11422236,0.98769443,0.97933518,0.00789553,6.12e-06,0.00150916
2025-07-31 04:00:00+00:00,2221.9575,23.07976883,0.98857589,0.98051192,0.00760406,7.48e-06,0.00148564
2025-07-31 05:00:00+00:00,2429.08,23.30585081,0.98982909,0.98110608,0.00829998,9.09e-06,0.00132471
2025-07-31 06:00:00+00:00,2617.915,23.2879907,0.98954826,0.98167096,0.00748801,6.71e-06,0.00117923
2025-07-31 07:00:00+00:00,2734.14,23.16244525,0.98830053,0.98035847,0.00750097,0.0,0.00132001
2025-07-31 08:00:00+00:00,2780.8925,23.18673781,0.98766114,0.97952607,0.00771828,0.0,0.00118554
2025-07-31 09:00:00+00:00,2817.4175,23.14261871,0.98714199,0.97939841,0.00728192,0.0,0.00122905
2025-07-31 10:00:00+00:00,2859.9675,23.09322925,0.98690433,0.97893158,0.00756515,0.0,0.00113156
2025-07-31 11:00:00+00:00,2880.5575,23.08523607,0.98644034,0.97881711,0.00720309,0.0,0.00116593
2025-07-31 12:00:00+00:00,2886.23,23.04917815,0.98681174,0.97916614,0.00725028,0.0,0.00110334
2025-07-31 13:00:00+00:00,2884.3975,22.82528961,0.98672811,0.97958187,0.00675451,0.0,0.00110266
2025-07-31 14:00:00+00:00,2879.0325,22.95080629,0.98780803,0.98063016,0.00678935,0.0,0.00111264
2025-07-31 15:00:00+00:00,2852.2275,23.52379661,0.99076395,0.98195244,0.00849414,1.56e-06,0.00090203
2025-07-31 16:00:00+00:00,2847.205,23.81968898,0.99147373,0.98208618,0.00905992,5.76e-06,0.00098116
2025-07-31 17:00:00+00:00,2822.4525,23.74384101,0.99155979,0.98261635,0.0086282,0.0,0.000974
2025-07-31 18:00:00+00:00,2771.9775,23.92897407,0.99166151,0.98247209,0.00883326,5.07e-06,0.00113952
2025-07-31 19:00:00+00:00,2720.9175,23.71101205,0.99101615,0.98224804,0.00838215,7e-07,0.00124821
2025-07-31 20:00:00+00:00,2685.235,23.74648034,0.99074553,0.98178767,0.00858724,0.0,0.00121643
2025-07-31 21:00:00+00:00,2534.17,23.19370288,0.99012312,0.98151513,0.00819037,0.0,0.00136512
2025-07-31 22:00:00+00:00,2349.505,23.76388874,0.99074245,0.98151538,0.0088808,0.0,0.00038758
2025-07-31 23:00:00+00:00,2215.645,23.28599399,0.98996312,0.98121766,0.00839134,0.0,0.00041107
2025-08-01 00:00:00+00:00,2119.745,23.40146444,0.98931405,0.98009948,0.0088814,0.0,0.00117525
2025-08-01 01:00:00+00:00,2058.4525,23.39771261,0.99012593,0.98067496,0.00910948,0.0,0.00120546
2025-08-01 02:00:00+00:00,2055.1375,23.39977849,0.98926906,0.9797776,0.00912558,0.0,0.0013024
2025-08-01 03:00:00+00:00,2111.07,23.42765794,0.98869548,0.97924847,0.00908201,0.0,0.00124933
2025-08-01 04:00:00+00:00,2272.8175,23.73217279,0.98952518,0.97958305,0.00961383,0.0,0.00124307
2025-08-01 05:00:00+00:00,2495.9725,23.82045316,0.99141096,0.98209528,0.00904272,0.0,0.00100835
2025-08-01 06:00:00+00:00,2642.68,23.91049051,0.99210084,0.98288032,0.00895448,0.0,0.00095253
2025-08-01 07:00:00+00:00,2735.4025,23.92899388,0.99163454,0.98237768,0.00894265,0.0,0.00109381
2025-08-01 08:00:00+00:00,2754.7525,23.76060064,0.99066569,0.98181875,0.00848443,0.0,0.00113119
2025-08-01 09:00:00+00:00,2801.9975,23.5646345,0.98891043,0.98249656,0.00601967,0.0,0.00110552
2025-08-01 10:00:00+00:00,2780.135,23.65312393,0.98951179,0.98297888,0.00614557,0.0,0.00114707
2025-08-01 11:00:00+00:00,2758.41,23.60779881,0.98955481,0.98092722,0.00828209,0.0,0.00091189
2025-08-01 12:00:00+00:00,2751.895,23.48243619,0.98834695,0.979523,0.00836365,5.931e-05,0.00088574
2025-08-01 13:00:00+00:00,2759.6975,23.54376921,0.99019433,0.98092462,0.00892781,1.107e-05,0.00089134
2025-08-01 14:00:00+00:00,2743.0025,23.72617723,0.99111583,0.98496101,0.00582792,0.0,0.00095283
2025-08-01 15:00:00+00:00,2740.8575,23.99989681,0.99173552,0.98729866,0.00413262,0.0,0.0009461
2025-08-01 16:00:00+00:00,2741.1075,23.97200427,0.99155768,0.98710739,0.0041285,0.0,0.0009983
2025-08-01 17:00:00+00:00,2710.755,23.97748167,0.99208339,0.98776801,0.00407423,0.0,0.00078843
2025-08-01 18:00:00+00:00,2639.8175,23.97844728,0.99165066,0.98730694,0.00408817,0.0,0.0008402
2025-08-01 19:00:00+00:00,2588.34,23.96967207,0.99231935,0.98806902,0.00403468,0.0,0.00068529
2025-08-01 20:00:00+00:00,2543.4325,23.90288002,0.9915354,0.98727187,0.00402604,0.0,0.00075835
2025-08-01 21:00:00+00:00,2411.7325,23.78131964,0.99200037,0.98787021,0.00388946,0.0,0.00077177
2025-08-01 22:00:00+00:00,2252.79,23.72313562,0.991645,0.98754731,0.0039219,0.0,0.00026921
2025-08-01 23:00:00+00:00,2124.995,23.56211418,0.99089406,0.98693281,0.00376535,0.0,0.00031048
2025-08-02 00:00:00+00:00,2049.68,23.06463789,0.99004136,0.98625092,0.00347191,0.00011436,0.00034965
2025-08-02 01:00:00+00:00,1998.755,22.94667308,0.98953662,0.98572601,0.00356715,0.0,0.00053135
2025-08-02 02:00:00+00:00,1965.285,22.68843131,0.98875678,0.98502258,0.00335535,0.0,0.0010896
2025-08-02 03:00:00+00:00,1922.015,22.64676961,0.9884352,0.98463656,0.00341194,0.0,0.00110201
2025-08-02 04:00:00+00:00,1960.5425,22.50325846,0.98848599,0.98495227,0.00315131,0.0,0.00109379
2025-08-02 05:00:00+00:00,2037.6325,22.61526724,0.98839962,0.98484194,0.003161,0.0,0.00109865
2025-08-02 06:00:00+00:00,2191.6225,22.67000749,0.98784072,0.98431535,0.0031487,0.0,0.00096754
2025-08-02 07:00:00+00:00,2354.1925,22.43864212,0.9866037,0.98308899,0.00314162,0.0,0.00084355
2025-08-02 08:00:00+00:00,2521.46,22.06641701,0.98402082,0.98068482,0.00296905,0.0,0.00073008
2025-08-02 09:00:00+00:00,2681.82,21.9965023,0.98205621,0.97887699,0.00280192,0.0,0.00068135
2025-08-02 10:00:00+00:00,2742.6,22.16876828,0.98009493,0.9762047,0.00298389,0.00029073,0.00042929
2025-08-02 11:00:00+00:00,2746.1825,22.70181886,0.97921595,0.97433038,0.00327582,0.00063441,0.00046932
2025-08-02 12:00:00+00:00,2738.8325,22.22549434,0.97715565,0.97332171,0.00263941,0.00033999,0.00040254
2025-08-02 13:00:00+00:00,2734.8575,22.15719738,0.97899402,0.97523617,0.00282543,0.00026826,0.00060786
2025-08-02 14:00:00+00:00,2744.115,22.66278888,0.98517076,0.98120609,0.00352804,0.0,0.00106445
2025-08-02 15:00:00+00:00,2705.7025,23.45165311,0.98950737,0.98558285,0.00353051,0.0,0.00110872
2025-08-02 16:00:00+00:00,2694.22,23.98332673,0.99120332,0.98713029,0.003748,0.0,0.00095329
2025-08-02 17:00:00+00:00,2645.47,23.98363571,0.99078399,0.98688654,0.00362532,0.0,0.00077073
2025-08-02 18:00:00+00:00,2594.3475,23.98090364,0.99107698,0.98702117,0.00377259,0.0,0.00081442
2025-08-02 19:00:00+00:00,2526.98,23.9664308,0.99100649,0.98694768,0.00377967,0.0,0.00078698
2025-08-02 20:00:00+00:00,2495.2075,23.94310305,0.99096281,0.98673242,0.0039373,0.0,0.00083354
2025-08-02 21:00:00+00:00,2388.18,23.97264584,0.99125192,0.98669279,0.00426384,0.0,0.00085325
2025-08-02 22:00:00+00:00,2241.095,23.72201934,0.99041298,0.98674408,0.00347853,0.0,0.00029331
2025-08-02 23:00:00+00:00,2148.55,22.97790056,0.98951557,0.98607926,0.00303502,9.111e-05,0.00083632
2025-08-03 00:00:00+00:00,2070.8775,23.16400731,0.98981335,0.98621275,0.0030012,0.00025201,0.00102335
2025-08-03 01:00:00+00:00,2025.6525,23.20732141,0.9894496,0.98569734,0.00295741,0.00041246,0.00111027
2025-08-03 02:00:00+00:00,1988.555,23.11004912,0.98925319,0.98548596,0.00288137,0.00050814,0.00104643
2025-08-03 03:00:00+00:00,1939.34,22.87485269,0.98872901,0.98515441,0.00319346,4.668e-05,0.00090969
2025-08-03 04:00:00+00:00,1937.7225,23.09686887,0.98869442,0.98499083,0.00344145,0.0,0.00052706
2025-08-03 05:00:00+00:00,1986.3475,23.0831106,0.98767928,0.98393175,0.00339383,0.0,0.00081292
2025-08-03 06:00:00+00:00,2101.99,23.08669023,0.98690474,0.98313451,0.00337356,1.022e-05,0.0007894
2025-08-03 07:00:00+00:00,2250.8275,22.71820738,0.9814836,0.97749746,0.00276776,0.00039611,0.00076957
2025-08-03 08:00:00+00:00,2366.46,22.74484488,0.98346746,0.98014289,0.0027142,0.0002041,0.00081247
2025-08-03 09:00:00+00:00,2426.98,23.03378831,0.98018169,0.9765726,0.00240543,0.00052427,0.00039216
2025-08-03 10:00:00+00:00,2472.845,22.78639187,0.97973535,0.97632606,0.00264146,0.00027357,0.00021674
2025-08-03 11:00:00+00:00,2523.9575,22.81018807,0.97986656,0.97618587,0.00262448,0.00042302,0.00035066
2025-08-03 12:00:00+00:00,2529.8225,22.22615792,0.98101711,0.97757462,0.00291624,4.444e-05,0.00074546
2025-08-03 13:00:00+00:00,2536.16,22.19870713,0.98263928,0.97924879,0.00287363,4.078e-05,0.0006399
2025-08-03 14:00:00+00:00,2586.5175,22.27149613,0.9833041,0.97952655,0.00261975,0.00039699,0.00084965
2025-08-03 15:00:00+00:00,2650.4775,22.3765988,0.98833728,0.98515816,0.00277308,0.0,0.00100991
2025-08-03 16:00:00+00:00,2645.3625,23.25728378,0.99076006,0.98726007,0.00321892,0.0,0.00060663
2025-08-03 17:00:00+00:00,2643.9325,23.82493285,0.99133476,0.98766764,0.00342232,0.0,0.00053694
2025-08-03 18:00:00+00:00,2647.645,23.82699624,0.99160111,0.98793648,0.00342829,0.0,0.00050742
2025-08-03 19:00:00+00:00,2685.425,23.63964909,0.99200508,0.98901587,0.00269217,0.0,0.00070986
2025-08-03 20:00:00+00:00,2611.36,22.62918099,0.99154947,0.98875956,0.00249403,0.0,0.00067839
2025-08-03 21:00:00+00:00,2487.0725,22.29874648,0.99111064,0.98812881,0.00264774,0.0,0.00083063
2025-08-03 22:00:00+00:00,2326.925,22.5411755,0.99076629,0.98771577,0.00269098,0.0,0.00096157
2025-08-03 23:00:00+00:00,2206.6725,22.15582131,0.99002041,0.98710357,0.00250614,0.0,0.00105592
2025-08-04 00:00:00+00:00,2133.9925,22.40203511,0.9900003,0.9868951,0.00271443,0.0,0.00035059
2025-08-04 01:00:00+00:00,2107.0325,22.8068958,0.99117779,0.98811295,0.00263864,0.0,0.00038653
2025-08-04 02:00:00+00:00,2101.715,23.03618386,0.99164531,0.98834246,0.00285379,0.0,0.00042707
2025-08-04 03:00:00+00:00,2119.3375,23.18347322,0.99183173,0.98800431,0.00338217,0.0,0.00040452
2025-08-04 04:00:00+00:00,2383.205,23.86315667,0.99279954,0.9889297,0.00350104,0.0,0.0003094
2025-08-04 05:00:00+00:00,2687.0975,23.89383875,0.99323541,0.99231261,0.00063302,0.0,0.00021508
2025-08-04 06:00:00+00:00,2833.8275,23.83817594,0.99347533,0.99281982,0.00037112,0.0,0.00020648
2025-08-04 07:00:00+00:00,2883.3675,23.8376004,0.99321543,0.99244667,0.00044143,0.0,0.00028884
2025-08-04 08:00:00+00:00,2949.3125,23.90483792,0.99274952,0.99196662,0.00043968,0.0,0.00044778
2025-08-04 09:00:00+00:00,2999.1275,23.60836527,0.9913722,0.99050947,0.00042691,2.526e-05,0.0004879
2025-08-04 10:00:00+00:00,2986.91,23.63111887,0.99035273,0.98958861,0.00035529,2.015e-05,0.00110029
2025-08-04 11:00:00+00:00,2997.5825,23.39662059,0.9872021,0.98619822,0.00018801,0.0001755,0.00068582
2025-08-04 12:00:00+00:00,3016.875,23.21229303,0.98618641,0.98504655,0.00015692,0.0002155,0.00057896
2025-08-04 13:00:00+00:00,3008.29,23.02706475,0.98694324,0.98580121,0.00020337,0.00020441,0.00077054
2025-08-04 14:00:00+00:00,3071.8475,23.05304713,0.98980421,0.9890007,0.00034095,6.084e-05,0.00085881
2025-08-04 15:00:00+00:00,3114.8125,23.30310386,0.99270141,0.99204088,0.00037654,2e-07,0.00086589
2025-08-04 16:00:00+00:00,3051.9225,22.95328072,0.99256758,0.99190562,0.00039767,0.0,0.00088397
2025-08-04 17:00:00+00:00,3012.9775,22.78506712,0.99279933,0.99222597,0.00034793,1.1e-07,0.00076331
2025-08-04 18:00:00+00:00,2947.06,22.01329158,0.99229134,0.99161084,0.00039981,1.808e-05,0.00087563
2025-08-04 19:00:00+00:00,2883.84,22.32212242,0.99189894,0.99137195,0.00028557,5.7e-06,0.00072699
2025-08-04 20:00:00+00:00,2809.1675,21.74910805,0.99152729,0.99127603,8.47e-06,6.9e-07,0.00083516
2025-08-04 21:00:00+00:00,2647.5475,21.54673716,0.99091989,0.99063042,1.93e-06,0.0,0.00088183
2025-08-04 22:00:00+00:00,2456.07,20.80052791,0.98951172,0.98892592,0.00012746,0.00024128,0.00012112
2025-08-04 23:00:00+00:00,2353.885,21.41550792,0.98953655,0.989189,1.51e-06,0.00015907,8.74e-05
2025-08-05 00:00:00+00:00,2280.295,21.12100655,0.98942978,0.98904095,0.0,0.00019856,0.00030289
2025-08-05 01:00:00+00:00,2209.0025,20.7836025,0.989815,0.98947557,0.0,0.0001317,0.00035404
2025-08-05 02:00:00+00:00,2200.525,21.14374804,0.98861426,0.98807465,0.0,0.00034272,0.00032708
2025-08-05 03:00:00+00:00,2239.1975,21.37078228,0.98845075,0.98817455,0.0,7.536e-05,0.0003755
2025-08-05 04:00:00+00:00,2448.265,21.79356672,0.98952121,0.98926221,0.0,0.0,0.00059232
2025-08-05 05:00:00+00:00,2759.4175,21.64832246,0.99075259,0.99046511,0.0,0.0,0.00081927
2025-08-05 06:00:00+00:00,2925.14,21.09500533,0.98980713,0.98902244,0.00044464,0.0,0.00089292
2025-08-05 07:00:00+00:00,2991.0075,21.10454894,0.98781482,0.98729877,0.00023407,0.0,0.00047547
2025-08-05 08:00:00+00:00,3041.74,21.1374409,0.98506555,0.98428816,5.874e-05,0.00026416,0.000127
2025-08-05 09:00:00+00:00,3054.9325,21.52701112,0.98403285,0.98313295,4.512e-05,0.00035007,8.564e-05
2025-08-05 10:00:00+00:00,3095.05,21.71589852,0.98333904,0.98238285,4.598e-05,0.00032403,7.711e-05
2025-08-05 11:00:00+00:00,3150.215,22.15316925,0.98808324,0.98730914,2.757e-05,0.0001011,4.9e-05
2025-08-05 12:00:00+00:00,3146.9075,22.5369281,0.98968288,0.9889675,3.088e-05,9.638e-05,5.381e-05
2025-08-05 13:00:00+00:00,3128.965,22.94076745,0.98682207,0.98514356,5.316e-05,0.00041595,9.355e-05
2025-08-05 14:00:00+00:00,3163.4775,21.37484764,0.98655443,0.98561264,8.3e-05,0.00030358,0.00014984
2025-08-05 15:00:00+00:00,3132.15,20.37232746,0.98715866,0.98667444,9.121e-05,0.0001097,0.00017581
2025-08-05 16:00:00+00:00,3083.27,20.73764678,0.99002208,0.98962622,0.00018478,0.0,0.0003531
2025-08-05 17:00:00+00:00,3055.2775,21.23634537,0.99156203,0.9909933,0.00031088,0.0,0.0006257
2025-08-05 18:00:00+00:00,3030.555,20.8575878,0.99140252,0.99074522,0.00037808,0.0,0.00076037
2025-08-05 19:00:00+00:00,2994.6725,20.45179454,0.99090998,0.99025534,0.00037801,0.0,0.00074708
2025-08-05 20:00:00+00:00,2919.0,20.33572661,0.99026476,0.98968021,0.00031515,0.0,0.00064831
2025-08-05 21:00:00+00:00,2733.4075,20.2974171,0.99055444,0.99004206,0.00021713,8.405e-05,0.00042539
2025-08-05 22:00:00+00:00,2560.3925,20.98637896,0.98958982,0.98942484,1.64e-06,4.4e-07,6.172e-05
2025-08-05 23:00:00+00:00,2440.475,21.17616503,0.98937123,0.98921075,0.0,1.7e-07,5.13e-05
2025-08-06 00:00:00+00:00,2343.77,21.33754053,0.98931188,0.98910043,0.0,5.023e-05,0.00026333
2025-08-06 01:00:00+00:00,2290.8525,21.58818461,0.99055136,0.99011912,0.0,0.00025928,0.00027994
2025-08-06 02:00:00+00:00,2281.35,21.03395031,0.98896809,0.98799615,0.0,0.00075352,0.00048442
2025-08-06 03:00:00+00:00,2317.075,21.65404959,0.98893028,0.98873835,0.0,0.0,0.00041583
2025-08-06 04:00:00+00:00,2545.0725,21.38880051,0.98897218,0.98858336,0.0,0.0001994,0.00042382
2025-08-06 05:00:00+00:00,2852.76,21.3226233,0.98927236,0.98789626,0.0,0.00104543,0.00077881
2025-08-06 06:00:00+00:00,2985.9875,21.33492041,0.98840822,0.98766053,0.0,0.00041339,0.00078685
2025-08-06 07:00:00+00:00,3044.5375,21.35213413,0.98667996,0.98571925,0.0,0.00062404,0.00069412
2025-08-06 08:00:00+00:00,3075.105,21.13228942,0.98397224,0.98366203,0.0,0.0,0.00046624
2025-08-06 09:00:00+00:00,3064.2575,21.22033405,0.98251017,0.98223862,8.5e-07,7.6e-07,0.00021225
2025-08-06 10:00:00+00:00,3007.0925,21.36426098,0.979776,0.97908227,6.373e-05,9.516e-05,0.00020859
2025-08-06 11:00:00+00:00,2960.535,21.97113611,0.98132544,0.97968944,6.7e-07,0.00095476,0.00018126
2025-08-06 12:00:00+00:00,2934.8375,21.57325631,0.98225545,0.98032435,1.9e-07,0.00163871,0.0001412
2025-08-06 13:00:00+00:00,2937.9525,21.20822403,0.98351675,0.98256132,0.0,0.00068811,0.00024355
2025-08-06 14:00:00+00:00,2997.575,21.51166899,0.98626967,0.98543348,0.0,0.00057203,0.00048964
2025-08-06 15:00:00+00:00,2995.9825,21.53243282,0.98839093,0.98773343,0.0,0.0004083,0.00062458
2025-08-06 16:00:00+00:00,2987.31,21.52900738,0.98973191,0.98882416,0.0,0.00064317,0.00071791
2025-08-06 17:00:00+00:00,2946.6725,21.49138881,0.99092451,0.99068037,0.0,0.0,0.00084317
2025-08-06 18:00:00+00:00,2915.84,21.50348896,0.9911615,0.99041844,0.0,0.00049863,0.00085538
2025-08-06 19:00:00+00:00,2911.585,21.40156912,0.99144735,0.9907476,0.0,0.0004804,0.00077442
2025-08-06 20:00:00+00:00,2866.22,21.26475521,0.99173702,0.99094479,0.0,0.00059025,0.00047673
2025-08-06 21:00:00+00:00,2690.4725,20.84254219,0.99196832,0.99141033,0.0,0.00036246,0.00042506
2025-08-06 22:00:00+00:00,2524.1925,21.5352306,0.99125362,0.99028937,0.0,0.00076398,8.727e-05
2025-08-06 23:00:00+00:00,2404.4175,21.76969559,0.99118674,0.99087135,0.0,0.000154,4.52e-05
2025-08-07 00:00:00+00:00,2334.4475,21.95435347,0.99137681,0.99121792,0.0,0.0,0.00020025
2025-08-07 01:00:00+00:00,2290.5375,22.22209998,0.99193011,0.99174636,0.0,0.0,0.00029523
2025-08-07 02:00:00+00:00,2293.71,21.9790366,0.9910047,0.99081767,0.0,0.0,0.00031881
2025-08-07 03:00:00+00:00,2317.0325,22.11256282,0.99011559,0.98991753,0.0,0.0,0.00035151
2025-08-07 04:00:00+00:00,2516.5975,22.17654641,0.99057935,0.99023037,0.0,0.00011859,0.00049233
2025-08-07 05:00:00+00:00,2772.8625,22.69757905,0.99233533,0.99201489,0.0,4.738e-05,0.00084798
2025-08-07 06:00:00+00:00,2907.8775,22.50566776,0.99168538,0.99133733,0.0,8.732e-05,0.00071287
2025-08-07 07:00:00+00:00,2911.31,21.90197945,0.98849962,0.98820675,0.0,0.0,0.00080105
2025-08-07 08:00:00+00:00,2950.47,22.03297648,0.98662573,0.98568017,0.0,0.00063318,0.00067979
2025-08-07 09:00:00+00:00,2923.5475,22.40865113,0.98610035,0.98472047,0.0,0.00108543,0.00038303
2025-08-07 10:00:00+00:00,2937.55,22.22712697,0.98427469,0.9831549,1.8e-07,0.00077345,0.00038278
2025-08-07 11:00:00+00:00,2951.5925,22.04740678,0.98417793,0.98350151,2.9e-07,0.00024466,0.0003695
2025-08-07 12:00:00+00:00,2965.435,22.0176065,0.98599412,0.98431268,1.2e-07,0.00132267,0.00048248
2025-08-07 13:00:00+00:00,3051.865,22.13039795,0.98839182,0.98710532,6.2e-07,0.0008274,0.00044515
2025-08-07 14:00:00+00:00,3145.2575,21.87805063,0.99065017,0.99034582,0.0,0.0,0.00068088
2025-08-07 15:00:00+00:00,3173.3425,22.953072,0.99305775,0.99269398,0.0,0.0,0.00108425
2025-08-07 16:00:00+00:00,3115.1075,23.04022008,0.99417458,0.99386551,0.0,0.0,0.0009198
2025-08-07 17:00:00+00:00,3068.78,23.04881073,0.99479792,0.99455593,0.0,0.0,0.0007426
2025-08-07 18:00:00+00:00,3014.25,22.91583635,0.99464371,0.99441367,0.0,0.0,0.00076068
2025-08-07 19:00:00+00:00,2982.88,22.96762616,0.99430857,0.99407476,0.0,0.0,0.00078196
2025-08-07 20:00:00+00:00,2910.74,22.90051056,0.99358,0.9932977,0.0,0.0,0.00089319
2025-08-07 21:00:00+00:00,2705.62,22.42528811,0.99293471,0.99259848,0.0,0.0,0.00100953
2025-08-07 22:00:00+00:00,2503.54,21.65522916,0.99111978,0.99075242,0.0,0.0,0.00030277
2025-08-07 23:00:00+00:00,2418.055,21.58852291,0.99050876,0.9901627,0.0,0.0,0.00028494
2025-08-08 00:00:00+00:00,2352.5,21.57059291,0.98990611,0.98955804,0.0,0.0,0.00091227
2025-08-08 01:00:00+00:00,2283.605,21.59928972,0.99101377,0.99066199,0.0,0.0,0.00089581
2025-08-08 02:00:00+00:00,2274.2525,21.15703398,0.99014813,0.98980655,0.0,0.0,0.00088199
2025-08-08 03:00:00+00:00,2255.94,21.60437023,0.98975516,0.98942231,0.0,0.0,0.00087446
2025-08-08 04:00:00+00:00,2492.91,22.69569641,0.99134341,0.99093425,0.0,0.0,0.00116904
2025-08-08 05:00:00+00:00,2802.18,23.35440521,0.99354232,0.99321933,0.0,0.0,0.00091916
2025-08-08 06:00:00+00:00,2963.4675,23.45414081,0.99374774,0.99342825,0.0,0.0,0.00090689
2025-08-08 07:00:00+00:00,3000.85,22.86816722,0.99097716,0.9905926,0.0,6.59e-06,0.00103347
2025-08-08 08:00:00+00:00,2985.125,22.77001728,0.989807,0.98943374,0.0,8.34e-06,0.00091287
2025-08-08 09:00:00+00:00,3013.725,22.42767566,0.98717051,0.98680448,0.0,6.94e-06,0.00079934
2025-08-08 10:00:00+00:00,3042.56,22.19236214,0.98513573,0.98475655,0.0,4.62e-06,0.00077322
2025-08-08 11:00:00+00:00,3017.7875,22.26114319,0.98632804,0.98596809,0.0,4.21e-06,0.00076491
2025-08-08 12:00:00+00:00,3007.82,22.12224533,0.98586481,0.98553098,0.0,2.53e-06,0.00072342
2025-08-08 13:00:00+00:00,2975.4425,21.73408337,0.98518373,0.98487232,0.0,9.9e-07,0.00056019
2025-08-08 14:00:00+00:00,2968.935,21.82219751,0.98769777,0.98735604,0.0,1.56e-06,0.00084147
2025-08-08 15:00:00+00:00,2920.22,22.82751127,0.99151227,0.99120811,0.0,6e-08,0.00078758
2025-08-08 16:00:00+00:00,2932.4025,23.05924876,0.9925345,0.99226363,0.0,0.0,0.00073504
2025-08-08 17:00:00+00:00,2898.445,22.8105041,0.9923639,0.99191964,0.00011821,0.0,0.00093963
2025-08-08 18:00:00+00:00,2869.1225,22.93581519,0.99295028,0.99261813,4.455e-05,0.0,0.00075439
2025-08-08 19:00:00+00:00,2801.4575,22.68373971,0.99273426,0.99239345,5.106e-05,0.0,0.00078472
2025-08-08 20:00:00+00:00,2726.28,21.99925718,0.99125936,0.99090828,5.346e-05,0.0,0.00083481
2025-08-08 21:00:00+00:00,2607.16,21.85599738,0.99107691,0.9907207,5.814e-05,0.0,0.00088463
2025-08-08 22:00:00+00:00,2455.48,21.90300337,0.99105538,0.99072699,4.958e-05,0.0,0.0007591
2025-08-08 23:00:00+00:00,2336.3175,21.7519199,0.99080591,0.99042847,4.992e-05,4.663e-05,0.00077378
2025-08-09 00:00:00+00:00,2260.97,21.98896286,0.99062859,0.99016612,4.95e-05,0.00012591,0.00078349
2025-08-09 01:00:00+00:00,2210.305,22.08021926,0.99033114,0.98976623,4.958e-05,0.00021872,0.0007865
2025-08-09 02:00:00+00:00,2177.745,21.92145694,0.99023451,0.98975286,5.391e-05,0.00012141,0.00086855
2025-08-09 03:00:00+00:00,2126.3275,21.90576583,0.98916992,0.98878004,5.345e-05,0.0,0.00092431
2025-08-09 04:00:00+00:00,2144.8475,22.09478847,0.98912169,0.98879358,4.237e-05,0.0,0.00072144
2025-08-09 05:00:00+00:00,2203.2575,22.47950575,0.98878703,0.98844325,4.526e-05,0.0,0.00072389
2025-08-09 06:00:00+00:00,2317.915,22.6854426,0.98729494,0.98693074,4.498e-05,0.0,0.00073568
2025-08-09 07:00:00+00:00,2454.5625,22.93820937,0.98633298,0.98593942,6.675e-05,0.0,0.00071601
2025-08-09 08:00:00+00:00,2576.6925,22.99476835,0.98547203,0.98497552,0.00014997,0.0,0.00070555
2025-08-09 09:00:00+00:00,2616.555,22.76070549,0.9836902,0.98316445,0.00027483,0.0,0.00031805
2025-08-09 10:00:00+00:00,2661.67,22.49522464,0.97730941,0.97627166,0.00017158,0.00028685,0.00025247
2025-08-09 11:00:00+00:00,2641.1775,22.76721546,0.9807385,0.97957732,2.517e-05,0.00032652,0.00023382
2025-08-09 12:00:00+00:00,2657.0675,22.58397254,0.97894066,0.97764829,1.524e-05,0.00034719,0.0002319
2025-08-09 13:00:00+00:00,2691.6775,22.72536266,0.98213878,0.98109227,2.185e-05,0.00025617,0.00028382
2025-08-09 14:00:00+00:00,2769.38,22.47483169,0.98744484,0.98704195,2.46e-05,5.125e-05,0.00045185
2025-08-09 15:00:00+00:00,2804.86,22.18465988,0.98859541,0.98811982,3.064e-05,6.667e-05,0.00060201
2025-08-09 16:00:00+00:00,2801.53,22.69062472,0.99156128,0.99117786,6.938e-05,0.0,0.00082338
2025-08-09 17:00:00+00:00,2825.2575,22.97510213,0.99257586,0.99223844,5.776e-05,0.0,0.00069879
2025-08-09 18:00:00+00:00,2729.415,22.54913083,0.99213283,0.99180155,5.37e-05,0.0,0.00067662
2025-08-09 19:00:00+00:00,2690.9575,22.37614152,0.99215797,0.99184387,5.022e-05,0.0,0.00061249
2025-08-09 20:00:00+00:00,2628.1125,22.19666828,0.99148349,0.9911152,6.117e-05,0.0,0.00076121
2025-08-09 21:00:00+00:00,2530.2975,22.20953868,0.99126603,0.99094918,4.958e-05,0.0,0.00060205
2025-08-09 22:00:00+00:00,2401.12,21.17403795,0.990143,0.98965202,3.896e-05,0.00021033,0.0004917
2025-08-09 23:00:00+00:00,2312.0925,21.46503732,0.99052769,0.98986527,3.885e-05,0.00038065,0.00052976
2025-08-10 00:00:00+00:00,2226.46,21.35100426,0.99061529,0.99009285,3.908e-05,0.00025645,0.00051389
2025-08-10 01:00:00+00:00,2170.0475,21.26996021,0.99030447,0.98995712,4.085e-05,8.364e-05,0.00051982
2025-08-10 02:00:00+00:00,2169.495,21.35080819,0.99040544,0.99005336,4.213e-05,7.338e-05,0.00058765
2025-08-10 03:00:00+00:00,2122.1925,21.04437406,0.99004332,0.98981566,3.038e-05,0.0,0.00042538
2025-08-10 04:00:00+00:00,2137.6225,21.25408466,0.98963249,0.98933864,4.136e-05,0.0,0.00059835
2025-08-10 05:00:00+00:00,2154.155,21.69930317,0.98927088,0.98895128,4.103e-05,0.0,0.00074666
2025-08-10 06:00:00+00:00,2206.5225,21.88916359,0.9897258,0.9893898,4.33e-05,1.02e-06,0.00087614
2025-08-10 07:00:00+00:00,2328.3525,22.14760063,0.98787674,0.98755544,3.687e-05,1.28e-06,0.00065962
2025-08-10 08:00:00+00:00,2439.8825,22.22181518,0.98187484,0.98123121,4.27e-06,0.00022826,8.839e-05
2025-08-10 09:00:00+00:00,2510.77,22.9570669,0.98196621,0.98098252,1.4e-07,0.00033884,4.397e-05
2025-08-10 10:00:00+00:00,2578.2175,23.63466789,0.98565804,0.9846767,1e-07,0.00026566,4.298e-05
2025-08-10 11:00:00+00:00,2604.2825,23.50582296,0.98708677,0.98641953,5.4e-07,0.00022726,3.887e-05
2025-08-10 12:00:00+00:00,2602.0125,23.14902051,0.98090562,0.97972908,1.35e-06,0.00042516,0.00010275
2025-08-10 13:00:00+00:00,2626.3675,23.21004631,0.97690423,0.97435584,1.8e-07,0.00081419,0.00010821
2025-08-10 14:00:00+00:00,2650.2725,21.9750559,0.98455163,0.98414757,5.44e-06,0.00010742,0.00015287
2025-08-10 15:00:00+00:00,2711.8775,21.73469901,0.98843612,0.98812996,0.0,0.0,0.00079607
2025-08-10 16:00:00+00:00,2729.235,22.57501022,0.99293502,0.99270881,0.0,0.0,0.0004765
2025-08-10 17:00:00+00:00,2808.0675,23.77603779,0.9956944,0.99548358,0.0,0.0,0.00041314
2025-08-10 18:00:00+00:00,2815.535,23.81598905,0.99595373,0.99576082,0.0,0.0,0.00035795
2025-08-10 19:00:00+00:00,2849.6825,23.4532251,0.99526994,0.99443889,0.00049426,0.0,0.00122538
2025-08-10 20:00:00+00:00,2803.605,22.89169289,0.99388146,0.99335948,0.0002191,0.0,0.00094102
2025-08-10 21:00:00+00:00,2626.665,21.74685292,0.99153961,0.99117229,7.187e-05,0.0,0.00089702
2025-08-10 22:00:00+00:00,2535.145,21.82257088,0.99196019,0.99096674,0.00064897,0.0,0.00132935
2025-08-10 23:00:00+00:00,2432.89,21.70244242,0.99146638,0.99047444,0.0006443,0.0,0.00130787
2025-08-11 00:00:00+00:00,2401.525,21.86328578,0.99135899,0.99048135,0.00052497,0.0,0.00069332
2025-08-11 01:00:00+00:00,2348.24,21.86374548,0.99188759,0.99068169,0.00067351,0.00013553,0.00060308
2025-08-11 02:00:00+00:00,2335.3975,22.54498053,0.99310122,0.99226239,0.00041424,6.673e-05,0.00059203
2025-08-11 03:00:00+00:00,2389.38,22.80459565,0.99349013,0.99238478,0.00067587,0.0,0.0008074
2025-08-11 04:00:00+00:00,2666.3325,23.92134903,0.99553936,0.99504122,0.00022323,0.0,0.00034991
2025-08-11 05:00:00+00:00,3004.1325,23.92704664,0.9961042,0.99196321,0.00372492,0.0,0.00036582
2025-08-11 06:00:00+00:00,3113.2925,23.97366029,0.9959473,0.99064392,0.00485302,5.3e-07,0.00029288
2025-08-11 07:00:00+00:00,3172.465,23.51490703,0.99334883,0.99259819,0.00040906,3.17e-06,0.00039725
2025-08-11 08:00:00+00:00,3041.51,22.59918871,0.98646336,0.98620117,2.073e-05,9.9e-07,6.485e-05
2025-08-11 09:00:00+00:00,3013.67,22.63622264,0.98536618,0.98498526,1.85e-06,8.434e-05,5.013e-05
2025-08-11 10:00:00+00:00,3020.0925,22.2341234,0.9823958,0.98209825,2e-08,0.0,5.01e-05
2025-08-11 11:00:00+00:00,3106.405,21.9181295,0.98133069,0.9810386,3.33e-06,0.0,5.737e-05
2025-08-11 12:00:00+00:00,3144.4875,21.84452497,0.98198936,0.98160685,1.264e-05,5.371e-05,7.283e-05
2025-08-11 13:00:00+00:00,3112.0725,21.74972705,0.98540237,0.9851351,1.449e-05,0.0,9.193e-05
2025-08-11 14:00:00+00:00,3151.465,21.84939315,0.98872135,0.98850282,2.025e-05,0.0,8.937e-05
2025-08-11 15:00:00+00:00,3140.3575,22.52475483,0.99434504,0.99419244,3.62e-06,0.0,2.314e-05
2025-08-11 16:00:00+00:00,3161.7025,22.22795972,0.99418861,0.99401775,1.884e-05,0.0,6.883e-05
2025-08-11 17:00:00+00:00,3111.975,23.23427787,0.99721189,0.99389649,0.00305881,0.0,3e-08
2025-08-11 18:00:00+00:00,3103.745,23.14419074,0.99718004,0.99704656,2e-08,0.0,3e-08
2025-08-11 19:00:00+00:00,3033.125,22.39264704,0.99501742,0.99486555,9.73e-06,0.0,3.942e-05
2025-08-11 20:00:00+00:00,2945.2375,21.71824349,0.99369535,0.99353257,1.687e-05,0.0,7.014e-05
2025-08-11 21:00:00+00:00,2750.3425,21.21863746,0.99218587,0.99200325,2.723e-05,0.0,0.00011688
2025-08-11 22:00:00+00:00,2534.245,21.29933753,0.99116857,0.990989,1.853e-05,0.0,6.727e-05
2025-08-11 23:00:00+00:00,2418.3075,21.6024558,0.99150019,0.99134118,1.09e-05,0.0,4.889e-05
2025-08-12 00:00:00+00:00,2369.625,21.79770376,0.99164762,0.99148986,9.2e-06,0.0,6.497e-05
2025-08-12 01:00:00+00:00,2316.0425,21.64765187,0.99230686,0.992143,1.1e-05,0.0,7.801e-05
2025-08-12 02:00:00+00:00,2328.2125,21.18780223,0.99088561,0.9907191,1.096e-05,0.0,8.481e-05
2025-08-12 03:00:00+00:00,2379.185,21.74285597,0.99164114,0.99148345,7.05e-06,0.0,5.764e-05
2025-08-12 04:00:00+00:00,2652.7175,23.31178276,0.99396828,0.99381081,3.92e-06,0.0,1.742e-05
2025-08-12 05:00:00+00:00,2952.2825,24.05274084,0.9967375,0.98949799,0.00678895,0.0,3e-08
2025-08-12 06:00:00+00:00,3051.6175,23.95922666,0.99518143,0.99126578,0.00349522,2.403e-05,1.068e-05
2025-08-12 07:00:00+00:00,3002.0825,23.67828458,0.99294376,0.9913302,0.00132467,5.19e-06,3.242e-05
2025-08-12 08:00:00+00:00,3004.335,22.62544402,0.98312339,0.98238648,4.898e-05,0.00018481,0.00013172
2025-08-12 09:00:00+00:00,2996.105,22.58951078,0.98141752,0.98101212,3.462e-05,3.298e-05,0.00011974
2025-08-12 10:00:00+00:00,2987.07,22.82271617,0.98191933,0.98159815,3.204e-05,5.4e-07,9.93e-05
2025-08-12 11:00:00+00:00,2987.38,22.6275993,0.97910946,0.97878456,2.892e-05,0.0,9.935e-05
2025-08-12 12:00:00+00:00,2967.7975,22.69910418,0.98062979,0.98030011,2.702e-05,4.61e-06,9.814e-05
2025-08-12 13:00:00+00:00,3010.895,22.64762942,0.98306716,0.98264286,1.479e-05,7.07e-05,7.029e-05
2025-08-12 14:00:00+00:00,3063.6975,22.59239902,0.98623956,0.98589444,2.341e-05,3.939e-05,9.69e-05
2025-08-12 15:00:00+00:00,3142.785,22.80101102,0.99046452,0.99027747,1.192e-05,0.0,4.112e-05
2025-08-12 16:00:00+00:00,3125.295,22.91333328,0.99232644,0.99213991,1.284e-05,0.0,5.172e-05
2025-08-12 17:00:00+00:00,3116.4875,23.66590451,0.99613982,0.99395118,0.00196233,0.0,5.81e-06
2025-08-12 18:00:00+00:00,3086.26,23.0377442,0.99470313,0.99454935,6.74e-06,0.0,2.071e-05
2025-08-12 19:00:00+00:00,3035.605,22.77024498,0.99380803,0.9936333,1.532e-05,0.0,5.311e-05
2025-08-12 20:00:00+00:00,2928.57,22.47614002,0.99291548,0.99269877,1.627e-05,1.017e-05,4.669e-05
2025-08-12 21:00:00+00:00,2722.895,22.02845618,0.99241566,0.99226015,1.267e-05,0.0,5.841e-05
2025-08-12 22:00:00+00:00,2577.8925,22.77585313,0.99374711,0.99360595,6.05e-06,0.0,1.402e-05
2025-08-12 23:00:00+00:00,2488.5875,23.0416847,0.99417758,0.9940433,2.89e-06,0.0,7.15e-06
2025-08-13 00:00:00+00:00,2412.4025,22.68664009,0.99302032,0.99288005,5.47e-06,0.0,2.419e-05
2025-08-13 01:00:00+00:00,2345.4625,22.69207353,0.99329374,0.99315099,7.04e-06,0.0,2.603e-05
2025-08-13 02:00:00+00:00,2312.0725,22.80213082,0.99217956,0.99203479,6.91e-06,0.0,2.448e-05
2025-08-13 03:00:00+00:00,2332.36,23.6997401,0.99437029,0.99423166,8.2e-07,0.0,3.34e-06
2025-08-13 04:00:00+00:00,2534.4375,23.60422006,0.99404133,0.99390847,2.05e-06,0.0,8.47e-06
2025-08-13 05:00:00+00:00,2852.7175,23.62687044,0.9948286,0.99468599,2.85e-06,1.16e-06,1.098e-05
2025-08-13 06:00:00+00:00,2972.4525,23.65843358,0.99428182,0.99411117,9.95e-06,2.77e-06,3.286e-05
2025-08-13 07:00:00+00:00,2991.4175,23.26789318,0.98972542,0.98947367,1.331e-05,1.504e-05,4.314e-05
2025-08-13 08:00:00+00:00,2983.5475,23.23125106,0.98609216,0.97810893,0.00776628,0.0,3.759e-05
2025-08-13 09:00:00+00:00,2978.955,23.29871969,0.98484782,0.97696322,0.00765131,0.0,4.895e-05
2025-08-13 10:00:00+00:00,2999.1875,23.17797264,0.98251753,0.97499764,0.00725496,0.0,6.603e-05
2025-08-13 11:00:00+00:00,2997.035,23.11517207,0.98288098,0.97527594,0.00735935,0.0,4.268e-05
2025-08-13 12:00:00+00:00,3013.2675,23.07071855,0.98418162,0.97654048,0.0073967,0.0,3.921e-05
2025-08-13 13:00:00+00:00,3022.8325,23.02794221,0.98636841,0.97867934,0.0074587,0.0,4.813e-05
2025-08-13 14:00:00+00:00,3112.715,22.77573224,0.98716807,0.98003323,0.00692341,0.0,3.387e-05
2025-08-13 15:00:00+00:00,3120.8875,22.78756148,0.98910493,0.9815879,0.00732865,0.0,6.281e-05
2025-08-13 16:00:00+00:00,3101.415,22.91067838,0.99201369,0.98415592,0.00769772,0.0,5.398e-05
2025-08-13 17:00:00+00:00,3118.78,23.86291933,0.99691284,0.98760871,0.00918235,0.0,3e-08
2025-08-13 18:00:00+00:00,3070.3425,23.39192562,0.99603915,0.98715447,0.00875149,0.0,1.76e-05
2025-08-13 19:00:00+00:00,3105.0275,23.62753911,0.99668136,0.98707427,0.00948413,0.0,2.23e-06
2025-08-13 20:00:00+00:00,2988.3975,23.51094016,0.99620374,0.98654701,0.0095363,0.0,4.24e-06
2025-08-13 21:00:00+00:00,2777.9675,23.23531629,0.99582511,0.98635482,0.00934413,0.0,1.129e-05
2025-08-13 22:00:00+00:00,2570.64,22.98478892,0.99448548,0.9943481,5e-08,0.0,1.123e-05
2025-08-13 23:00:00+00:00,2435.04,22.69342884,0.99361676,0.99347473,0.0,0.0,2.083e-05
2025-08-14 00:00:00+00:00,2339.7375,22.123302,0.9925381,0.99238199,0.0,0.0,7.234e-05
2025-08-14 01:00:00+00:00,2274.8125,22.05927376,0.99302242,0.99286212,0.0,0.0,9.025e-05
2025-08-14 02:00:00+00:00,2247.1675,22.3271641,0.99272786,0.99257898,0.0,0.0,4.889e-05
2025-08-14 03:00:00+00:00,2278.77,23.79680296,0.99560106,0.99547168,0.0,0.0,4e-08
2025-08-14 04:00:00+00:00,2534.275,23.63149219,0.99608359,0.99005649,0.00590607,0.0,4e-08
2025-08-14 05:00:00+00:00,2870.775,23.59339074,0.9974386,0.98386856,0.01345609,0.0,3e-08
2025-08-14 06:00:00+00:00,2968.7425,23.69703829,0.99752692,0.98295943,0.01445125,0.0,3e-08
2025-08-14 07:00:00+00:00,2996.2475,23.78267425,0.99759787,0.99041374,0.00704733,0.0,3e-08
2025-08-14 08:00:00+00:00,3006.4325,23.94145535,0.99731618,0.99718489,2e-08,0.0,4e-08
2025-08-14 09:00:00+00:00,3029.2375,23.76182892,0.99406194,0.99197376,0.00192536,0.0,9.88e-06
2025-08-14 10:00:00+00:00,3048.625,23.60376083,0.9914054,0.98955925,0.00165785,0.0,2.772e-05
2025-08-14 11:00:00+00:00,3098.4875,23.31591006,0.9875781,0.97907985,0.00828413,0.0,3.752e-05
2025-08-14 12:00:00+00:00,3162.075,23.20421311,0.98850272,0.97952151,0.00876801,0.0,2.043e-05
2025-08-14 13:00:00+00:00,3161.8125,23.2280564,0.99224066,0.98199424,0.01006608,0.0,1.735e-05
2025-08-14 14:00:00+00:00,3220.8925,22.74663347,0.99127875,0.98354495,0.00755328,0.0,2.174e-05
2025-08-14 15:00:00+00:00,3225.9575,23.4241257,0.99718139,0.98792636,0.00910665,0.0,3e-08
2025-08-14 16:00:00+00:00,3192.9075,23.4473417,0.99731947,0.99383475,0.00331838,0.0,3e-08
2025-08-14 17:00:00+00:00,3172.04,23.44457372,0.99705782,0.98635741,0.01058612,0.0,3e-08
2025-08-14 18:00:00+00:00,3126.87,23.33526886,0.99745463,0.99079409,0.00654322,0.0,4e-08
2025-08-14 19:00:00+00:00,3071.725,23.4955796,0.99711147,0.99688343,0.0001134,0.0,4e-08
2025-08-14 20:00:00+00:00,2932.8,23.53376145,0.99682486,0.99670265,5.6e-06,0.0,4e-08
2025-08-14 21:00:00+00:00,2712.3475,23.6544411,0.99671004,0.98574804,0.01083709,0.0,4e-08
2025-08-14 22:00:00+00:00,2505.69,22.83680859,0.99439791,0.98380058,0.01046155,0.0,1.388e-05
2025-08-14 23:00:00+00:00,2380.64,23.07643123,0.99477313,0.9836659,0.01097408,0.0,9e-06
2025-08-15 00:00:00+00:00,2274.545,22.5136885,0.99333125,0.99287769,0.00030791,0.0,5.121e-05
2025-08-15 01:00:00+00:00,2237.2775,22.30584688,0.99374978,0.99355872,3.609e-05,0.0,0.00014694
2025-08-15 02:00:00+00:00,2228.695,22.01154872,0.99274413,0.99255719,2.335e-05,0.0,0.00019619
2025-08-15 03:00:00+00:00,2288.8,22.6533362,0.99413079,0.99397101,2.035e-05,0.0,6.089e-05
2025-08-15 04:00:00+00:00,2529.2075,23.31392521,0.9953886,0.98315165,0.01211479,0.0,4e-08
2025-08-15 05:00:00+00:00,2857.585,23.40795245,0.99640556,0.9857595,0.01053234,0.0,3e-08
2025-08-15 06:00:00+00:00,3028.3625,23.39624142,0.99667901,0.98990937,0.00664386,0.0,4.812e-05
2025-08-15 07:00:00+00:00,3089.915,23.19716839,0.99539735,0.9931354,0.00212233,0.0,7.607e-05
2025-08-15 08:00:00+00:00,3065.8375,22.46472053,0.99035839,0.97974974,0.01040742,0.0,0.0001463
2025-08-15 09:00:00+00:00,3118.635,22.38293994,0.98770732,0.98458575,0.00281605,4.966e-05,9.734e-05
2025-08-15 10:00:00+00:00,3163.725,22.73240541,0.98367431,0.98240461,2.032e-05,0.00034342,6.18e-05
2025-08-15 11:00:00+00:00,3132.1325,22.26597491,0.9825939,0.98164537,2.755e-05,0.00025848,5.716e-05
2025-08-15 12:00:00+00:00,3148.9325,22.0207722,0.98411357,0.98328694,2.613e-05,0.00029627,5.382e-05
2025-08-15 13:00:00+00:00,3112.9825,21.4482773,0.986698,0.98473021,0.00168394,0.0,0.00013886
2025-08-15 14:00:00+00:00,3113.73,21.57217741,0.98914912,0.98886008,5.706e-05,0.0,0.00012237
2025-08-15 15:00:00+00:00,3042.8125,22.10889038,0.9922477,0.99204072,8.72e-06,0.0,8.032e-05
2025-08-15 16:00:00+00:00,2973.6625,22.53190385,0.99405861,0.99390612,9.06e-06,0.0,6.76e-06
2025-08-15 17:00:00+00:00,2924.565,22.56934418,0.9943109,0.98599627,0.00816543,0.0,1.058e-05
2025-08-15 18:00:00+00:00,2876.4275,23.06274632,0.99547605,0.99530192,5.844e-05,0.0,3e-08
2025-08-15 19:00:00+00:00,2837.93,22.68412056,0.99459833,0.99442539,0.0,0.0,3.835e-05
2025-08-15 20:00:00+00:00,2763.9575,21.59940861,0.99248004,0.99219512,0.0,0.0,0.00012775
2025-08-15 21:00:00+00:00,2632.415,21.11349948,0.99202965,0.99172414,0.0,0.0,0.00016433
2025-08-15 22:00:00+00:00,2468.3475,20.36911866,0.99125297,0.99093106,0.0,0.0,0.00027856
2025-08-15 23:00:00+00:00,2341.175,20.24151169,0.99085266,0.99042313,0.0,0.00011328,0.00030641
2025-08-16 00:00:00+00:00,2254.8375,20.53493084,0.99074063,0.99016876,0.0,0.0001107,0.00037123
2025-08-16 01:00:00+00:00,2224.2175,20.6675829,0.99031625,0.98977756,0.0,5.366e-05,0.00039153
2025-08-16 02:00:00+00:00,2216.245,20.72622073,0.99014737,0.98969767,0.0,0.0,0.00037217
2025-08-16 03:00:00+00:00,2188.885,21.04854154,0.98985407,0.98945291,0.0,0.0,0.00037756
2025-08-16 04:00:00+00:00,2201.025,21.5441287,0.99000847,0.98961744,7.632e-05,0.0,0.00032644
2025-08-16 05:00:00+00:00,2284.375,22.1895171,0.99014824,0.9895431,0.00017371,0.0,0.00037503
2025-08-16 06:00:00+00:00,2412.6675,22.14557511,0.98833913,0.98771998,0.00015022,0.0,0.00035234
2025-08-16 07:00:00+00:00,2537.5975,21.77598134,0.9852688,0.9845384,0.00027308,0.0,0.00034056
2025-08-16 08:00:00+00:00,2668.92,21.40841382,0.98098549,0.9801271,0.00027948,0.0,0.00032664
2025-08-16 09:00:00+00:00,2724.185,21.19462477,0.97757804,0.97685412,0.00012928,0.0,0.00028388
2025-08-16 10:00:00+00:00,2732.7625,21.32327736,0.97598798,0.97548826,7.859e-05,0.0,0.00014957
2025-08-16 11:00:00+00:00,2717.5125,21.29693077,0.97663243,0.97618778,4.662e-05,3.97e-06,9.685e-05
2025-08-16 12:00:00+00:00,2684.2525,21.21208618,0.97793605,0.9774749,3.648e-05,1.969e-05,8.325e-05
2025-08-16 13:00:00+00:00,2680.9325,20.60692847,0.97882542,0.97838844,3.277e-05,0.0,0.00013491
2025-08-16 14:00:00+00:00,2759.5075,20.18815884,0.98130064,0.98066251,0.0,0.0,0.00032748
2025-08-16 15:00:00+00:00,2798.5025,20.46404971,0.98633167,0.98571081,0.0,0.0,0.00037592
2025-08-16 16:00:00+00:00,2725.4425,22.17345271,0.99119731,0.99070964,0.0,0.0,0.00039797
2025-08-16 17:00:00+00:00,2708.665,23.02577326,0.99281469,0.99252048,0.0,0.0,0.00028091
2025-08-16 18:00:00+00:00,2675.73,23.02372511,0.99280524,0.9924945,0.0,0.0,0.00027316
2025-08-16 19:00:00+00:00,2672.245,22.99507818,0.99284649,0.99251027,0.0,0.0,0.00029574
2025-08-16 20:00:00+00:00,2623.695,22.0979929,0.9917447,0.99138004,0.0,0.0,0.00032542
2025-08-16 21:00:00+00:00,2512.395,21.52272729,0.990973,0.99052793,0.0,0.0,0.00029175
2025-08-16 22:00:00+00:00,2385.3525,20.60935966,0.98965476,0.98908869,0.0,0.0,0.00040867
2025-08-16 23:00:00+00:00,2301.32,19.62349057,0.98920668,0.98864449,0.0,0.0,0.00042751
2025-08-17 00:00:00+00:00,2208.52,19.62248334,0.98942522,0.98885421,0.0,0.0,0.00040494
2025-08-17 01:00:00+00:00,2188.14,19.29939098,0.98888775,0.98833957,0.0,0.0,0.00035734
2025-08-17 02:00:00+00:00,2175.5925,19.15645091,0.98914348,0.98862901,0.0,0.0,0.00037421
2025-08-17 03:00:00+00:00,2162.915,18.89250112,0.98890348,0.98856136,0.0,0.0,0.00028249
2025-08-17 04:00:00+00:00,2146.9725,19.06992222,0.98841781,0.98808544,0.0,0.0,0.00026155
2025-08-17 05:00:00+00:00,2181.8675,19.67115472,0.98651146,0.98601102,0.0,0.0,0.00032631
2025-08-17 06:00:00+00:00,2253.395,20.37861388,0.98447921,0.98379029,0.0,0.0,0.00039609
2025-08-17 07:00:00+00:00,2382.55,20.75281921,0.9819885,0.98121159,0.0,0.0,0.0004366
2025-08-17 08:00:00+00:00,2539.14,20.50921687,0.97755277,0.97686725,0.0,0.0,0.00030632
2025-08-17 09:00:00+00:00,2593.79,20.75630809,0.97470584,0.97409093,0.0,0.0,0.00023908
2025-08-17 10:00:00+00:00,2612.48,21.11490772,0.97292117,0.97248076,0.0,0.0,0.00010282
2025-08-17 11:00:00+00:00,2611.4825,21.50053102,0.97159553,0.97116459,0.0,0.0,7.127e-05
2025-08-17 12:00:00+00:00,2600.725,22.21221336,0.97137526,0.96994778,2.91e-06,0.00017115,0.00019108
2025-08-17 13:00:00+00:00,2630.575,21.37739367,0.97363461,0.97290373,0.0,0.0,0.00031631
2025-08-17 14:00:00+00:00,2708.45,21.28896238,0.97976732,0.97888369,8e-08,0.00010824,0.0004021
2025-08-17 15:00:00+00:00,2760.76,22.89820854,0.99025426,0.98965519,0.0,0.0,0.00040077
2025-08-17 16:00:00+00:00,2803.055,23.7679368,0.9941723,0.99194489,0.00172226,0.0,0.00030805
2025-08-17 17:00:00+00:00,2859.395,23.82756231,0.99466706,0.99196233,0.00226211,0.0,0.00023894
2025-08-17 18:00:00+00:00,2877.8675,23.75772081,0.99414038,0.99366506,0.0,0.0,0.00034784
2025-08-17 19:00:00+00:00,2937.6125,23.66031626,0.99408095,0.99353543,0.0,0.0,0.00036305
2025-08-17 20:00:00+00:00,2828.0675,23.39322056,0.99314309,0.99253715,0.0,0.0,0.00040935
2025-08-17 21:00:00+00:00,2599.4225,23.80695695,0.99387091,0.99342909,0.0,0.0,0.00033989
2025-08-17 22:00:00+00:00,2438.3575,23.52073029,0.99263925,0.99205215,6.51e-06,0.0,0.00041007
2025-08-17 23:00:00+00:00,2331.2375,23.84978867,0.99285874,0.99230281,7.29e-06,0.0,0.00043584
2025-08-18 00:00:00+00:00,2264.2925,23.93551036,0.99184936,0.99128208,7.41e-06,0.0,0.00012084
2025-08-18 01:00:00+00:00,2194.43,24.03661085,0.99310194,0.99264245,7.67e-06,0.0,0.00010168
2025-08-18 02:00:00+00:00,2189.365,24.04778036,0.99293018,0.99244421,7.55e-06,0.0,0.00010171
2025-08-18 03:00:00+00:00,2262.8875,24.04241353,0.99338639,0.99298022,7.03e-06,0.0,8.388e-05
2025-08-18 04:00:00+00:00,2565.455,24.0531997,0.99333851,0.99293139,6.47e-06,0.0,9.186e-05
2025-08-18 05:00:00+00:00,2938.73,23.97724915,0.99293805,0.99236112,7.396e-05,0.0,0.00011117
2025-08-18 06:00:00+00:00,3043.535,23.85630422,0.99146065,0.99076225,0.00012831,0.0,8.047e-05
2025-08-18 07:00:00+00:00,3020.12,23.56360725,0.98793175,0.98667685,0.00014637,0.00022183,0.00010324
2025-08-18 08:00:00+00:00,2975.9375,23.68673513,0.98515973,0.98353495,0.00013536,0.00046956,0.00014392
2025-08-18 09:00:00+00:00,2986.385,23.52977968,0.98296639,0.98137263,0.0001232,0.00049941,0.00017315
2025-08-18 10:00:00+00:00,3043.07,23.36842877,0.9783311,0.97600847,0.00048886,0.00060591,0.00053616
2025-08-18 11:00:00+00:00,3058.29,23.23713437,0.97792032,0.97239638,0.00365628,0.00061081,0.00052026
2025-08-18 12:00:00+00:00,3081.9775,22.97255166,0.97867265,0.97689399,2.649e-05,0.00061656,0.00050916
2025-08-18 13:00:00+00:00,3110.635,23.00351927,0.9833561,0.98165932,0.00011555,0.00051559,0.00055014
2025-08-18 14:00:00+00:00,3171.4775,22.80031126,0.98570535,0.97536628,0.0088449,0.00046453,0.0005395
2025-08-18 15:00:00+00:00,3155.27,22.9615788,0.98983539,0.97484494,0.01388709,0.00016584,0.00050356
2025-08-18 16:00:00+00:00,3101.4675,23.52252726,0.99407309,0.97628171,0.01727345,0.0,0.00042825
2025-08-18 17:00:00+00:00,3099.995,23.7617104,0.99507652,0.97715689,0.01764576,0.0,0.00016278
2025-08-18 18:00:00+00:00,3081.64,24.20298894,0.99543665,0.97525365,0.01883998,3.22e-06,0.0
2025-08-18 19:00:00+00:00,3087.67,23.62415935,0.99530844,0.97517056,0.01978528,0.0,9.971e-05
2025-08-18 20:00:00+00:00,2959.105,23.51760142,0.99427043,0.97464126,0.01922955,0.0,0.00037573
2025-08-18 21:00:00+00:00,2705.8575,23.48377105,0.99463698,0.97460472,0.0196345,0.0,0.00033535
2025-08-18 22:00:00+00:00,2469.145,23.3552535,0.99276887,0.97091172,0.02146776,0.0,0.00010728
2025-08-18 23:00:00+00:00,2362.81,22.97146491,0.99315254,0.97173934,0.02098565,0.0,0.00012473
2025-08-19 00:00:00+00:00,2294.0975,22.94270892,0.99279092,0.97185493,0.02056797,0.0,0.00036915
2025-08-19 01:00:00+00:00,2231.8475,22.95113688,0.99328643,0.97378063,0.01907366,0.0,0.0004152
2025-08-19 02:00:00+00:00,2251.195,22.86676407,0.99276239,0.96862224,0.02374671,0.0,0.00038765
2025-08-19 03:00:00+00:00,2289.83,22.68144836,0.99218986,0.96980596,0.02191316,0.0,0.00044912
2025-08-19 04:00:00+00:00,2585.46,22.73779801,0.99242598,0.96979698,0.02221813,0.0,0.00038437
2025-08-19 05:00:00+00:00,2941.3275,23.00032196,0.99448048,0.96986616,0.02425914,0.0,1.326e-05
2025-08-19 06:00:00+00:00,3029.97,22.86333181,0.99443937,0.96947316,0.02478237,0.0,1.463e-05
2025-08-19 07:00:00+00:00,3014.77,22.62037017,0.99357769,0.96790189,0.02550588,0.0,1.85e-05
2025-08-19 08:00:00+00:00,2997.205,21.69824572,0.99015932,0.96958426,0.02028352,2.65e-06,7.39e-05
2025-08-19 09:00:00+00:00,2995.555,21.37149256,0.98622683,0.97031635,0.01458203,0.00067371,0.00010156
2025-08-19 10:00:00+00:00,2990.2875,21.34120146,0.98487781,0.97786276,0.00520483,0.00114186,9.253e-05
2025-08-19 11:00:00+00:00,2977.115,21.5104659,0.98423785,0.97868959,0.00335669,0.00142918,8.355e-05
2025-08-19 12:00:00+00:00,2978.0425,21.464649,0.98386389,0.97616643,0.00526629,0.00161681,0.00014111
2025-08-19 13:00:00+00:00,3022.8975,21.36196751,0.98574167,0.97510961,0.00891765,0.00099023,0.00013325
2025-08-19 14:00:00+00:00,3078.6675,21.68291895,0.99072717,0.97311519,0.01729945,6.92e-06,9.383e-05
2025-08-19 15:00:00+00:00,3074.9925,22.53904782,0.99335074,0.97346422,0.01970907,0.0,2.101e-05
2025-08-19 16:00:00+00:00,3054.6625,22.7901097,0.99430614,0.97377719,0.02038647,0.0,7.24e-06
2025-08-19 17:00:00+00:00,3058.165,23.14180131,0.99503343,0.97282089,0.02208733,0.0,3.48e-06
2025-08-19 18:00:00+00:00,3073.145,23.07026064,0.99503823,0.97295377,0.02195558,0.0,4e-06
2025-08-19 19:00:00+00:00,3089.715,22.91325566,0.99481134,0.97318074,0.02150425,0.0,4.15e-06
2025-08-19 20:00:00+00:00,2981.265,22.84396056,0.99436586,0.97256467,0.02165954,0.0,1.28e-05
2025-08-19 21:00:00+00:00,2750.4175,22.76886553,0.99448334,0.97175848,0.02258535,0.0,6.32e-06
2025-08-19 22:00:00+00:00,2531.295,21.48412903,0.99127377,0.97311348,0.01794055,0.0,2.938e-05
2025-08-19 23:00:00+00:00,2422.1325,21.17542895,0.99080634,0.98525072,0.00531333,0.0,4.66e-05
2025-08-20 00:00:00+00:00,2372.0275,21.06870485,0.99086499,0.976937,0.0136499,0.0,8.677e-05
2025-08-20 01:00:00+00:00,2350.0275,20.98248762,0.99127572,0.97480521,0.01609338,0.0,0.00013012
2025-08-20 02:00:00+00:00,2360.37,20.84929571,0.99069765,0.97453407,0.01589221,0.0,8.87e-05
2025-08-20 03:00:00+00:00,2434.395,20.91879603,0.99044489,0.9801338,0.01001814,0.0,9.26e-05
2025-08-20 04:00:00+00:00,2706.97,22.86727438,0.99309655,0.97133272,0.02161624,0.0,9.21e-06
2025-08-20 05:00:00+00:00,3056.22,23.1457099,0.99413156,0.97405218,0.01993573,0.0,1.084e-05
2025-08-20 06:00:00+00:00,3074.53,23.17860415,0.99318124,0.97389117,0.01910826,0.0,2.775e-05
2025-08-20 07:00:00+00:00,3048.515,23.46855334,0.99308405,0.9719055,0.02101534,0.0,1.345e-05
2025-08-20 08:00:00+00:00,2993.51,23.53528824,0.992504,0.97239495,0.01992483,0.0,2.683e-05
2025-08-20 09:00:00+00:00,2967.925,23.52101614,0.99042817,0.97064803,0.01948632,2.364e-05,5.67e-05
2025-08-20 10:00:00+00:00,2984.9175,23.69699325,0.98857831,0.97004217,0.01770718,0.00032773,9.035e-05
2025-08-20 11:00:00+00:00,2992.1525,23.64858852,0.9864022,0.9689084,0.01641176,0.00046298,6.996e-05
2025-08-20 12:00:00+00:00,3033.685,23.63067681,0.98807217,0.97089885,0.01621338,0.00038155,7.571e-05
2025-08-20 13:00:00+00:00,3109.195,23.62959245,0.99354794,0.97493647,0.01826789,4.703e-05,7.511e-05
2025-08-20 14:00:00+00:00,3228.16,23.70565146,0.99523878,0.9753665,0.01964301,0.0,4.024e-05
2025-08-20 15:00:00+00:00,3248.845,23.83769411,0.99665845,0.96864247,0.02785443,0.0,2.127e-05
2025-08-20 16:00:00+00:00,3505.08,23.79789117,0.99772804,0.96823333,0.02925693,0.0,4.65e-06
2025-08-20 17:00:00+00:00,3585.985,23.86567012,0.99734137,0.96875705,0.02838441,0.0,1.101e-05
2025-08-20 18:00:00+00:00,3225.9675,23.9333862,0.99725854,0.96915461,0.02796372,0.0,5.67e-06
2025-08-20 19:00:00+00:00,3203.9775,23.35808192,0.99582954,0.97097164,0.02462592,0.0,5.776e-05
2025-08-20 20:00:00+00:00,3066.4975,23.5366271,0.99581377,0.97042216,0.02520716,0.0,3.251e-05
2025-08-20 21:00:00+00:00,2903.8025,23.84562663,0.99691273,0.96889516,0.02788017,0.0,6.57e-06
2025-08-20 22:00:00+00:00,2639.455,23.41528317,0.99568211,0.97210676,0.02339879,0.0,9.25e-06
2025-08-20 23:00:00+00:00,2529.53,23.29584168,0.99607386,0.97175011,0.02417474,0.0,1.98e-06
2025-08-21 00:00:00+00:00,2460.57,23.24208534,0.99602046,0.97193697,0.02393557,0.0,4.93e-06
2025-08-21 01:00:00+00:00,2407.67,23.24030659,0.99648118,0.97193379,0.02439668,0.0,6.03e-06
2025-08-21 02:00:00+00:00,2405.7775,23.17339843,0.99567672,0.971779,0.02374263,0.0,6.19e-06
2025-08-21 03:00:00+00:00,2513.8675,23.03342495,0.99541702,0.9723648,0.02288786,0.0,1.53e-05
2025-08-21 04:00:00+00:00,2804.1975,22.91893554,0.99557221,0.9744096,0.02099778,0.0,1.858e-05
2025-08-21 05:00:00+00:00,3179.395,22.8465395,0.99583459,0.97553446,0.02009374,0.0,4.472e-05
2025-08-21 06:00:00+00:00,3262.4725,23.32288324,0.9962672,0.97498818,0.02108548,0.0,2.924e-05
2025-08-21 07:00:00+00:00,3182.8675,23.22559259,0.99391684,0.97518101,0.01844297,0.0,7.507e-05
2025-08-21 08:00:00+00:00,3134.0025,23.56719595,0.99468127,0.97348608,0.02088357,3.663e-05,4.507e-05
2025-08-21 09:00:00+00:00,3114.865,23.63438328,0.99444518,0.97384877,0.02022565,7.416e-05,4.732e-05
2025-08-21 10:00:00+00:00,3142.06,23.46775022,0.99147165,0.97093317,0.02005731,0.00010721,8.739e-05
2025-08-21 11:00:00+00:00,3131.5675,23.70244408,0.99329995,0.97241919,0.02029882,0.00011154,0.00029879
2025-08-21 12:00:00+00:00,3101.635,23.48069568,0.99160566,0.97630754,0.014719,0.00010664,0.00030404
2025-08-21 13:00:00+00:00,3101.245,23.50107965,0.99282759,0.97449921,0.01786845,7.511e-05,0.00023632
2025-08-21 14:00:00+00:00,3175.94,23.30522619,0.99097039,0.97158573,0.01863203,0.00021044,0.00017701
2025-08-21 15:00:00+00:00,3187.1725,23.33943546,0.99182933,0.97265893,0.018603,0.00013531,0.00010707
2025-08-21 16:00:00+00:00,3163.725,23.38822686,0.99403953,0.9726517,0.02100222,2.425e-05,0.00022951
2025-08-21 17:00:00+00:00,3194.99,23.36928173,0.99509415,0.97420704,0.02060642,0.0,0.00025685
2025-08-21 18:00:00+00:00,3224.3725,23.38452284,0.99540947,0.97617382,0.0189547,0.0,0.00025005
2025-08-21 19:00:00+00:00,3245.775,23.59926621,0.99598764,0.9752484,0.02045358,0.0,0.00026797
2025-08-21 20:00:00+00:00,3113.3325,23.66668399,0.99601205,0.97402856,0.02169143,0.0,0.00028825
2025-08-21 21:00:00+00:00,2869.3075,23.4331651,0.99576465,0.97777268,0.0176103,0.0,0.00044956
2025-08-21 22:00:00+00:00,2658.7325,23.44862803,0.99510932,0.9745887,0.02008096,0.0,0.00019598
2025-08-21 23:00:00+00:00,2552.81,23.87401226,0.99563313,0.97177886,0.02348815,0.0,0.00014856
2025-08-22 00:00:00+00:00,2483.3125,24.00555868,0.99559518,0.97056226,0.02468255,0.0,0.00037916
2025-08-22 01:00:00+00:00,2449.845,24.09063338,0.99607502,0.97270938,0.02291008,0.0,0.00056061
2025-08-22 02:00:00+00:00,2451.16,24.0138701,0.99547398,0.97470596,0.0203046,0.0,0.00058388
2025-08-22 03:00:00+00:00,2555.5475,23.83971846,0.99616777,0.97210676,0.02374622,0.0,0.00035338
2025-08-22 04:00:00+00:00,2834.77,23.67358277,0.99678224,0.9730026,0.02339215,0.0,0.00029516
2025-08-22 05:00:00+00:00,3235.1225,23.64512979,0.99806941,0.97384816,0.02384272,0.0,0.00012975
2025-08-22 06:00:00+00:00,3380.335,23.58253623,0.99794898,0.9736343,0.0236475,0.00026917,0.00010689
2025-08-22 07:00:00+00:00,3295.305,23.41895918,0.99751681,0.97296162,0.02405178,0.0001375,0.00025278
2025-08-22 08:00:00+00:00,3223.2925,23.039986,0.99246172,0.97266623,0.01928725,8.186e-05,0.00037418
2025-08-22 09:00:00+00:00,3197.175,22.89649168,0.99003347,0.9857947,0.00380044,0.0,0.00036198
2025-08-22 10:00:00+00:00,3178.87,23.51689239,0.98971366,0.98433937,0.00398052,0.00029422,0.0001334
2025-08-22 11:00:00+00:00,3153.1825,24.03801579,0.98689251,0.98178339,0.00243259,0.00065822,8.691e-05
2025-08-22 12:00:00+00:00,3120.8525,23.99922737,0.98532794,0.97997988,0.00218094,0.00081849,9.91e-05
2025-08-22 13:00:00+00:00,3124.6325,23.91038472,0.98475714,0.97835424,0.00290608,0.00094062,0.0001308
2025-08-22 14:00:00+00:00,3153.225,21.82659262,0.98821127,0.98430215,0.00352045,8.73e-06,0.00029593
2025-08-22 15:00:00+00:00,3162.445,22.66395523,0.99162415,0.98551644,0.00545603,2.09e-05,0.00050034
2025-08-22 16:00:00+00:00,3171.7125,23.28547981,0.99615906,0.98663185,0.00875741,0.00010867,0.00028368
2025-08-22 17:00:00+00:00,3173.2925,23.4276464,0.99600938,0.98764566,0.00778453,0.0,0.00033033
2025-08-22 18:00:00+00:00,3132.5075,23.31804033,0.99593397,0.97412848,0.02130843,0.0,0.00027456
2025-08-22 19:00:00+00:00,3097.285,23.15102935,0.99539049,0.97249774,0.02244452,2.4e-07,0.00028265
2025-08-22 20:00:00+00:00,3042.1875,22.95722085,0.99462184,0.97281711,0.02121317,0.0,0.00040877
2025-08-22 21:00:00+00:00,2822.875,22.50759357,0.99392174,0.98701488,0.00624154,0.0,0.0004892
2025-08-22 22:00:00+00:00,2658.8225,22.07132055,0.99369486,0.98740719,0.00570974,0.0,0.00039089
2025-08-22 23:00:00+00:00,2551.3425,21.60539201,0.99282028,0.98650983,0.00546061,0.0,0.00051522
2025-08-23 00:00:00+00:00,2468.325,21.32860276,0.99211894,0.9859993,0.00527261,0.0,0.00052104
2025-08-23 01:00:00+00:00,2436.6925,21.21628735,0.99197207,0.9860161,0.00524382,0.0,0.00047912
2025-08-23 02:00:00+00:00,2418.7125,21.08952343,0.99235063,0.98647555,0.00522642,0.0,0.00042675
2025-08-23 03:00:00+00:00,2415.6925,21.01615232,0.99202473,0.98615287,0.00513572,0.0,0.00050371
2025-08-23 04:00:00+00:00,2454.4575,21.22549893,0.99221391,0.98645269,0.00512142,0.0,0.00049284
2025-08-23 05:00:00+00:00,2511.77,22.08966681,0.9926688,0.98603443,0.00607962,0.0,0.0004265
2025-08-23 06:00:00+00:00,2622.9825,22.49669982,0.99088328,0.98432769,0.00599488,0.0,0.00041578
2025-08-23 07:00:00+00:00,2766.58,22.27891049,0.98823843,0.98287034,0.0045655,0.0,0.00049431
2025-08-23 08:00:00+00:00,2875.7225,21.2324978,0.98243276,0.98155792,0.0001218,0.0,0.00031342
2025-08-23 09:00:00+00:00,2935.3,21.26437536,0.97971007,0.9789228,0.00013408,0.0,0.00031419
2025-08-23 10:00:00+00:00,2891.4175,21.45065165,0.97850102,0.97781208,9.258e-05,0.0,0.00023906
2025-08-23 11:00:00+00:00,2854.5175,21.53110989,0.97827417,0.97759269,5.852e-05,0.0,0.00020298
2025-08-23 12:00:00+00:00,2824.015,21.21752827,0.97579312,0.9748672,8.427e-05,0.00014817,0.0002736
2025-08-23 13:00:00+00:00,2804.2175,20.37774799,0.97903113,0.97834727,7.693e-05,0.0,0.0002693
2025-08-23 14:00:00+00:00,2819.015,20.52609793,0.98434042,0.98357415,0.00011025,0.0,0.00040102
2025-08-23 15:00:00+00:00,2846.9525,20.88318932,0.98837735,0.98444495,0.0033157,0.0,0.00046689
2025-08-23 16:00:00+00:00,2860.7025,22.7954359,0.99361463,0.98631195,0.00686236,0.0,0.00040879
2025-08-23 17:00:00+00:00,2880.1625,23.21597823,0.99523924,0.9874318,0.00751162,0.0,0.0002907
2025-08-23 18:00:00+00:00,2842.4575,23.14603073,0.99512042,0.98689671,0.00791172,0.0,0.00017303
2025-08-23 19:00:00+00:00,2847.5975,23.02350072,0.99481744,0.9879158,0.00662347,0.0,0.00014363
2025-08-23 20:00:00+00:00,2754.9425,22.65532646,0.99415202,0.9875784,0.00613975,0.0,0.00030768
2025-08-23 21:00:00+00:00,2642.5025,21.78597685,0.99292133,0.98683594,0.00543494,0.0,0.00042501
2025-08-23 22:00:00+00:00,2533.63,20.86347281,0.9920644,0.98694222,0.00442908,0.0,0.00041544
2025-08-23 23:00:00+00:00,2443.18,20.16529556,0.99173091,0.9868553,0.00399002,0.0,0.00051621
2025-08-24 00:00:00+00:00,2374.4,20.14260397,0.99146808,0.98657254,0.00398062,0.0,0.00059049
2025-08-24 01:00:00+00:00,2323.1275,20.08619989,0.9909583,0.9857241,0.00432187,0.0,0.00063072
2025-08-24 02:00:00+00:00,2313.6,20.0264794,0.99158777,0.98660773,0.00413643,0.0,0.00060466
2025-08-24 03:00:00+00:00,2335.695,19.96357569,0.99168727,0.9868846,0.00396868,0.0,0.00056173
2025-08-24 04:00:00+00:00,2331.305,20.28617765,0.99167456,0.98656964,0.00420719,0.0,0.00053538
2025-08-24 05:00:00+00:00,2349.39,21.09340031,0.99132255,0.98530601,0.00522591,0.0,0.00067931
2025-08-24 06:00:00+00:00,2425.62,20.8402962,0.98882575,0.98346324,0.00440468,0.0,0.00065987
2025-08-24 07:00:00+00:00,2575.9925,19.80404628,0.98371524,0.98179052,0.00117753,0.0,0.00037452
2025-08-24 08:00:00+00:00,2681.31,20.30094951,0.97893307,0.97812323,7.26e-05,0.0,0.00030839
2025-08-24 09:00:00+00:00,2734.4075,20.48040603,0.97607518,0.97559101,0.0,0.0,4.35e-05
2025-08-24 10:00:00+00:00,2730.3125,21.22432896,0.97367972,0.97222198,1.333e-05,0.00043632,5.327e-05
2025-08-24 11:00:00+00:00,2690.705,23.74943657,0.96807786,0.96241023,6.395e-05,0.00237723,0.00013853
2025-08-24 12:00:00+00:00,2694.6875,21.02213294,0.97700928,0.97619895,5.933e-05,0.0,0.00024438
2025-08-24 13:00:00+00:00,2735.33,20.63566744,0.97782868,0.97685389,9.247e-05,0.0,0.00035742
2025-08-24 14:00:00+00:00,2813.0375,20.17800059,0.98113834,0.98007638,0.00011995,0.0,0.00046229
2025-08-24 15:00:00+00:00,2861.4275,21.52267449,0.98888819,0.98546289,0.00247214,0.0,0.00060503
2025-08-24 16:00:00+00:00,2867.475,23.19571159,0.9947966,0.98722249,0.00683596,0.0,0.00056821
2025-08-24 17:00:00+00:00,2917.3725,23.59780507,0.99589888,0.9885625,0.00688604,0.0,0.00033977
2025-08-24 18:00:00+00:00,2982.9,23.5079988,0.9961532,0.98905288,0.00659346,0.0,0.00031584
2025-08-24 19:00:00+00:00,3009.3775,23.33739369,0.99579438,0.98847706,0.00666319,0.0,0.00047762
2025-08-24 20:00:00+00:00,2888.0975,22.41811289,0.99426985,0.98775902,0.00582612,0.0,0.00054571
2025-08-24 21:00:00+00:00,2686.3275,21.63464337,0.99266833,0.98659909,0.00531154,0.0,0.0005217
2025-08-24 22:00:00+00:00,2534.97,20.64637934,0.99134059,0.98611617,0.00440614,0.0,0.00048163
2025-08-24 23:00:00+00:00,2440.88,20.26551853,0.99084528,0.98581602,0.00419171,0.0,0.00047941
2025-08-25 00:00:00+00:00,2405.81,20.27081549,0.99024264,0.9854316,0.00407851,0.0,0.00020309
2025-08-25 01:00:00+00:00,2387.85,20.37003242,0.99053054,0.98550895,0.0041664,0.0,0.00024026
2025-08-25 02:00:00+00:00,2405.2575,20.64017774,0.99145846,0.98636079,0.00420306,0.0,0.00022963
2025-08-25 03:00:00+00:00,2498.035,21.58033922,0.99323116,0.9873432,0.00503127,0.0,0.00024741
2025-08-25 04:00:00+00:00,2834.9325,23.17877743,0.99534953,0.98820986,0.00642144,0.0,0.00015783
2025-08-25 05:00:00+00:00,3195.2175,23.50187562,0.99658156,0.98319766,0.01287705,0.0,8.849e-05
2025-08-25 06:00:00+00:00,3251.81,23.56365053,0.99647391,0.95541657,0.04093746,0.0,0.0
2025-08-25 07:00:00+00:00,3188.5225,22.23040169,0.99056527,0.96389657,0.02644037,0.0,3.62e-05
2025-08-25 08:00:00+00:00,3119.385,22.32473867,0.98613422,0.97722098,0.00799823,0.00041018,7.243e-05
2025-08-25 09:00:00+00:00,3064.08,22.55158615,0.98345839,0.97505458,0.00724946,0.00059612,6.682e-05
2025-08-25 10:00:00+00:00,3052.065,22.41774843,0.97969368,0.97210045,0.00653037,0.00052118,7.056e-05
2025-08-25 11:00:00+00:00,3027.915,22.11257471,0.97749938,0.97152606,0.0055375,0.0,7.438e-05
2025-08-25 12:00:00+00:00,3030.33,22.24893245,0.97833355,0.97208745,0.00510946,0.00050586,8.91e-05
2025-08-25 13:00:00+00:00,3067.4325,22.35518273,0.97950384,0.97275392,0.00529425,0.00067359,7.776e-05
2025-08-25 14:00:00+00:00,3144.88,22.38126116,0.9860381,0.9740472,0.01097617,0.00048952,5.23e-05
2025-08-25 15:00:00+00:00,3146.25,25.17531647,0.99463112,0.95629817,0.03593432,0.0001058,6.8e-07
2025-08-25 16:00:00+00:00,3168.3675,26.49663434,0.99574465,0.96850881,0.02235992,3.427e-05,0.0
2025-08-25 17:00:00+00:00,3180.365,24.63553142,0.99758535,0.97249477,0.023697,1.9e-06,0.0
2025-08-25 18:00:00+00:00,3172.425,24.28269079,0.99788467,0.97476847,0.02234658,0.0,0.0
2025-08-25 19:00:00+00:00,3185.3075,24.10618232,0.99792482,0.96778127,0.02971312,0.0,0.0
2025-08-25 20:00:00+00:00,3054.295,24.13361778,0.9978902,0.96599987,0.03135895,0.0,0.0
2025-08-25 21:00:00+00:00,2817.8075,24.04590893,0.99790612,0.96429685,0.03312167,6e-07,0.0
2025-08-25 22:00:00+00:00,2591.085,27.83207677,0.99518999,0.97310601,0.0145048,5.013e-05,0.0
2025-08-25 23:00:00+00:00,2468.025,26.28625331,0.99544349,0.97866543,0.01211708,2.413e-05,0.0
2025-08-26 00:00:00+00:00,2411.09,23.79926922,0.99582538,0.97181597,0.02386925,0.0,0.0
2025-08-26 01:00:00+00:00,2399.4475,23.80631886,0.99651048,0.9683321,0.02803504,0.0,0.0
2025-08-26 02:00:00+00:00,2426.56,23.44622528,0.9950878,0.96826019,0.02665813,0.0,9.2e-06
2025-08-26 03:00:00+00:00,2547.0125,23.82870884,0.99599395,0.96929917,0.02655196,0.0,0.0
2025-08-26 04:00:00+00:00,2891.11,23.54171566,0.99541058,0.96928514,0.02597173,0.0,7.34e-06
2025-08-26 05:00:00+00:00,3261.8675,25.89659368,0.99570837,0.9646012,0.02701541,6.605e-05,3.69e-06
2025-08-26 06:00:00+00:00,3304.8325,24.50221403,0.99511685,0.96853311,0.02483201,4.104e-05,6.75e-06
2025-08-26 07:00:00+00:00,3245.02,22.92811534,0.98745278,0.97876991,0.00833954,0.0,9.533e-05
2025-08-26 08:00:00+00:00,3230.745,23.04930735,0.98509699,0.97726024,0.00744956,0.0,0.0001101
2025-08-26 09:00:00+00:00,3095.6675,23.51242855,0.97995531,0.97158269,0.00706888,0.00047154,7.614e-05
2025-08-26 10:00:00+00:00,3053.7375,26.94130677,0.96643389,0.95271146,0.00674176,0.00230272,0.00011817
2025-08-26 11:00:00+00:00,3017.09,30.611711,0.96002682,0.93936264,0.00791041,0.00415439,0.00015084
2025-08-26 12:00:00+00:00,3028.615,24.85259544,0.97557793,0.96517831,0.00700351,0.0008772,0.00010019
2025-08-26 13:00:00+00:00,3062.2875,23.51065836,0.98520986,0.97528071,0.00913915,0.00022673,3.994e-05
2025-08-26 14:00:00+00:00,3124.5625,23.52403006,0.99020843,0.97917696,0.01077952,0.0,4.594e-05
2025-08-26 15:00:00+00:00,3133.7075,30.38828772,0.98746208,0.94345621,0.03192241,3.871e-05,0.0
2025-08-26 16:00:00+00:00,3091.59,29.88078509,0.99126238,0.95406884,0.02588688,1.644e-05,0.0
2025-08-26 17:00:00+00:00,3075.125,24.47758032,0.99589453,0.96907987,0.0256501,2.05e-06,0.0
2025-08-26 18:00:00+00:00,3085.7025,23.99628735,0.99627006,0.96686959,0.02900554,0.0,0.0
2025-08-26 19:00:00+00:00,3164.8925,23.86151151,0.99618972,0.96546959,0.03041699,0.0,0.0
2025-08-26 20:00:00+00:00,2975.145,23.73491004,0.99571493,0.96151907,0.03396242,0.0,0.0
2025-08-26 21:00:00+00:00,2725.65,23.64600537,0.99541908,0.95820217,0.03709677,0.0,0.0
2025-08-26 22:00:00+00:00,2541.1475,23.51996594,0.9936148,0.96010691,0.03331528,3.998e-05,5.18e-06
2025-08-26 23:00:00+00:00,2427.2525,23.17606221,0.99179276,0.97411895,0.01673609,0.00062171,5.249e-05
2025-08-27 00:00:00+00:00,2360.0525,22.79306313,0.99036172,0.97876359,0.00982878,0.00128004,0.00015509
2025-08-27 01:00:00+00:00,2289.125,22.86236344,0.99062295,0.97883558,0.01005283,0.00123741,0.00013821
2025-08-27 02:00:00+00:00,2327.7175,22.94046272,0.99063323,0.96848878,0.02039851,0.00126836,0.00013003
2025-08-27 03:00:00+00:00,2343.375,23.79101493,0.99351008,0.97319299,0.02017426,0.0,0.0
2025-08-27 04:00:00+00:00,2650.3775,23.85088152,0.99370447,0.96790165,0.0256645,0.0,0.0
2025-08-27 05:00:00+00:00,3038.74,23.80350489,0.99551896,0.97052172,0.02476042,0.0,0.0
2025-08-27 06:00:00+00:00,3157.1075,24.59455554,0.99533889,0.96866654,0.02490559,5.14e-06,0.0
2025-08-27 07:00:00+00:00,3177.725,24.12092087,0.99532094,0.96831897,0.02636995,6.2e-07,0.0
2025-08-27 08:00:00+00:00,3162.185,23.50590664,0.98958987,0.97899755,0.01020521,2.346e-05,8.893e-05
2025-08-27 09:00:00+00:00,3151.0775,23.40707269,0.98815118,0.98237056,0.00535903,0.0,8.837e-05
2025-08-27 10:00:00+00:00,3194.715,23.16125306,0.98463177,0.97935068,0.00479396,0.0,0.00012492
2025-08-27 11:00:00+00:00,3185.0575,24.40525268,0.97936416,0.9719596,0.00451189,0.00061215,0.00010281
2025-08-27 12:00:00+00:00,3180.6425,23.00511076,0.98494263,0.97956073,0.00494387,0.0,8.754e-05
2025-08-27 13:00:00+00:00,3222.1,22.88768635,0.98559903,0.98037396,0.00481418,1.06e-06,0.00010704
2025-08-27 14:00:00+00:00,3325.825,23.27223452,0.99045215,0.97825341,0.01161391,0.00016008,9.25e-05
2025-08-27 15:00:00+00:00,3351.71,24.86849156,0.99446182,0.96428981,0.02800291,1.536e-05,0.0
2025-08-27 16:00:00+00:00,3292.805,23.90375495,0.99574967,0.96817997,0.02708182,2.79e-06,0.0
2025-08-27 17:00:00+00:00,3274.675,23.71450208,0.99603793,0.97037877,0.0255348,0.0,0.0
2025-08-27 18:00:00+00:00,3245.05,23.73042031,0.99598525,0.97001041,0.02585281,0.0,0.0
2025-08-27 19:00:00+00:00,3210.0075,23.77878858,0.99580889,0.96997939,0.02570859,0.0,0.0
2025-08-27 20:00:00+00:00,3038.915,23.73961751,0.99510964,0.96751134,0.02747241,0.0,0.0
2025-08-27 21:00:00+00:00,2825.3925,23.64647875,0.99520547,0.9679232,0.02715834,0.0,0.0
2025-08-27 22:00:00+00:00,2630.275,23.50502431,0.99421792,0.97853208,0.01555451,0.0,0.0
2025-08-27 23:00:00+00:00,2491.9175,23.61584034,0.99386793,0.98133323,0.01240173,0.0,0.0
2025-08-28 00:00:00+00:00,2420.32,23.64436054,0.99347122,0.9809027,0.01242729,0.0,0.0
2025-08-28 01:00:00+00:00,2354.745,23.62988558,0.99446005,0.98179858,0.01252551,0.0,0.0
2025-08-28 02:00:00+00:00,2343.6375,23.73925286,0.99366442,0.98121643,0.01231161,0.0,0.0
2025-08-28 03:00:00+00:00,2435.405,23.85209101,0.99354612,0.980908,0.01250183,0.0,0.0
2025-08-28 04:00:00+00:00,2747.6525,23.90212268,0.99433998,0.97991683,0.01429893,0.0,0.0
2025-08-28 05:00:00+00:00,3113.26,23.91737224,0.99600637,0.97095038,0.02490816,0.0,0.0
2025-08-28 06:00:00+00:00,3225.085,23.9513338,0.99603942,0.97052518,0.02538109,0.0,0.0
2025-08-28 07:00:00+00:00,3245.54,23.97711996,0.99602661,0.96835686,0.02754464,0.0,0.0
2025-08-28 08:00:00+00:00,3227.635,24.08463436,0.99604008,0.96762188,0.02813957,8.7e-07,0.0
2025-08-28 09:00:00+00:00,3204.7125,25.18629908,0.99416115,0.96360543,0.02827654,1.322e-05,0.0
2025-08-28 10:00:00+00:00,3192.205,24.05102432,0.99479601,0.96446076,0.03021283,0.0,0.0
2025-08-28 11:00:00+00:00,3202.4,24.1594744,0.99392091,0.96480327,0.02876711,6e-07,0.0
2025-08-28 12:00:00+00:00,3202.1725,24.04591774,0.99553307,0.96652924,0.0288886,0.0,0.0
2025-08-28 13:00:00+00:00,3225.8575,24.96396628,0.99461568,0.96393209,0.02884762,1.762e-05,0.0
2025-08-28 14:00:00+00:00,3265.7125,24.05631931,0.99535477,0.96663132,0.02850115,2.175e-05,8.58e-06
2025-08-28 15:00:00+00:00,3247.0675,25.65890599,0.99335551,0.9617693,0.0284388,3.195e-05,0.0
2025-08-28 16:00:00+00:00,3206.9,26.370013,0.99342786,0.9605742,0.02825231,2.567e-05,0.0
2025-08-28 17:00:00+00:00,3185.2775,23.84755765,0.99535545,0.96720843,0.02802927,0.0,0.0
2025-08-28 18:00:00+00:00,3216.035,23.85962633,0.99551975,0.96789029,0.02739472,0.0,0.0
2025-08-28 19:00:00+00:00,3197.615,23.87339242,0.99490061,0.96928631,0.02541286,0.0,0.0
2025-08-28 20:00:00+00:00,3041.14,23.90246581,0.99419463,0.96615063,0.02791268,0.0,0.0
2025-08-28 21:00:00+00:00,2823.295,23.85291818,0.99412463,0.98057139,0.01341023,0.0,0.0
2025-08-28 22:00:00+00:00,2621.0375,23.15072703,0.99157166,0.98481466,0.00644729,0.0,4.817e-05
2025-08-28 23:00:00+00:00,2483.935,23.89405364,0.9932275,0.98564518,0.00743795,0.0,0.0
2025-08-29 00:00:00+00:00,2453.52,23.82469881,0.9932588,0.98586852,0.00723783,0.0,5.46e-06
2025-08-29 01:00:00+00:00,2357.19,23.85032949,0.99399818,0.98656459,0.00729308,0.0,0.0
2025-08-29 02:00:00+00:00,2335.085,23.73681755,0.99319816,0.98570701,0.00732652,0.0,9.07e-06
2025-08-29 03:00:00+00:00,2407.535,23.75344964,0.99366348,0.98628162,0.00723896,0.0,0.0
2025-08-29 04:00:00+00:00,2683.0575,23.7262121,0.99410311,0.97176059,0.02221046,0.0,0.0
2025-08-29 05:00:00+00:00,3069.535,23.7049117,0.99544509,0.96781298,0.02750963,0.0,0.0
2025-08-29 06:00:00+00:00,3209.935,24.53856434,0.99501964,0.96706722,0.02643271,3.43e-06,0.0
2025-08-29 07:00:00+00:00,3245.09,25.97469882,0.99041582,0.97573848,0.01079145,1.75e-05,0.0
2025-08-29 08:00:00+00:00,3260.345,25.94762174,0.98429168,0.96864858,0.0116164,0.00057221,2.114e-05
2025-08-29 09:00:00+00:00,3270.725,26.75892356,0.97763521,0.96023138,0.01159813,0.00155767,6.118e-05
2025-08-29 10:00:00+00:00,3280.465,26.32037016,0.97791354,0.96119799,0.01126132,0.00159962,6.37e-05
2025-08-29 11:00:00+00:00,3315.105,23.18142719,0.99124728,0.97957663,0.01080968,0.00029873,9.81e-05
2025-08-29 12:00:00+00:00,3308.8625,22.96626104,0.98931911,0.978622,0.00954243,0.00035462,0.00014127
2025-08-29 13:00:00+00:00,3299.7275,23.23192606,0.99169032,0.97915636,0.01161888,0.00033155,8.663e-05
2025-08-29 14:00:00+00:00,3347.9225,23.71943315,0.99435114,0.97029659,0.02314241,0.00011665,0.0004757
2025-08-29 15:00:00+00:00,3319.99,23.86977804,0.99482117,0.97488108,0.01898385,0.0,0.00095125
2025-08-29 16:00:00+00:00,3271.1975,23.91758396,0.99497836,0.97530835,0.01875138,0.0,0.00089532
2025-08-29 17:00:00+00:00,3201.9975,23.83136749,0.9950104,0.97381949,0.02033392,0.0,0.00092636
2025-08-29 18:00:00+00:00,3151.5575,23.74248183,0.99494573,0.97228771,0.02183439,0.0,0.00094471
2025-08-29 19:00:00+00:00,3055.2475,23.71220614,0.99475718,0.97168484,0.02236794,0.0,0.00085789
2025-08-29 20:00:00+00:00,2923.1,23.78593037,0.99356827,0.96935088,0.02308714,0.0,0.00120354
2025-08-29 21:00:00+00:00,2740.2425,23.05523813,0.99158367,0.97359323,0.01671178,0.0,0.00126367
2025-08-29 22:00:00+00:00,2555.04,23.5633349,0.99281116,0.9837323,0.0078571,0.0,0.00124952
2025-08-29 23:00:00+00:00,2427.8475,23.18506064,0.99125773,0.98291808,0.00712059,0.0,0.00123867
2025-08-30 00:00:00+00:00,2346.19,23.1809725,0.99141744,0.98328295,0.00683989,0.0,0.00123069
2025-08-30 01:00:00+00:00,2296.285,23.11335399,0.99023338,0.98188618,0.00675994,0.0,0.00141706
2025-08-30 02:00:00+00:00,2264.4275,23.19979842,0.99033636,0.98190315,0.00677367,0.0,0.00131061
2025-08-30 03:00:00+00:00,2234.32,24.12546254,0.99320281,0.98384382,0.00829172,0.0,0.001132
2025-08-30 04:00:00+00:00,2253.15,24.14228304,0.99336709,0.98412665,0.00821938,0.0,0.00106233
2025-08-30 05:00:00+00:00,2346.2875,24.18187296,0.99335626,0.98373154,0.00855223,0.0,0.00106938
2025-08-30 06:00:00+00:00,2537.5025,24.19403585,0.99325823,0.98377716,0.00840835,0.0,0.00115194
2025-08-30 07:00:00+00:00,2722.13,24.02696168,0.9918589,0.98284258,0.00765958,0.0,0.00129309
2025-08-30 08:00:00+00:00,2836.965,23.71579066,0.98339139,0.97808156,0.00205968,0.00057183,0.00177665
2025-08-30 09:00:00+00:00,2945.0,23.59581267,0.97801679,0.97281397,0.00183467,0.00065762,0.00160026
2025-08-30 10:00:00+00:00,2896.03,24.51426888,0.97126314,0.96439923,0.00184051,0.00120532,0.00147074
2025-08-30 11:00:00+00:00,2873.16,25.03225663,0.96825193,0.96051039,0.0017199,0.00161549,0.0013984
2025-08-30 12:00:00+00:00,2853.55,23.39328739,0.97502807,0.96998331,0.00186218,0.00063042,0.00155917
2025-08-30 13:00:00+00:00,2851.005,23.17529246,0.97673326,0.97118478,0.00208784,0.00078594,0.00170134
2025-08-30 14:00:00+00:00,2882.6225,22.99371934,0.98152873,0.97631043,0.00204044,0.00052683,0.0015697
2025-08-30 15:00:00+00:00,2867.215,23.60777388,0.99139472,0.98811198,0.00175921,0.00010534,0.00128355
2025-08-30 16:00:00+00:00,2904.91,23.75692401,0.99328548,0.98538847,0.00716639,0.0,0.00089993
2025-08-30 17:00:00+00:00,2878.85,23.53991951,0.99315424,0.98469135,0.00786816,1.7e-07,0.0009092
2025-08-30 18:00:00+00:00,2856.0475,23.47747596,0.99326495,0.98510002,0.00758781,6e-07,0.00084154
2025-08-30 19:00:00+00:00,2799.3475,23.43005183,0.99341249,0.98539918,0.00749182,5.3e-07,0.00080968
2025-08-30 20:00:00+00:00,2688.055,23.35195451,0.99304405,0.98474359,0.00769973,3.5e-07,0.00090762
2025-08-30 21:00:00+00:00,2572.6675,23.38384477,0.99264845,0.98410145,0.00775081,1.8e-07,0.00100347
2025-08-30 22:00:00+00:00,2444.3525,23.0450947,0.99110681,0.98328333,0.00660136,2.92e-06,0.00110805
2025-08-30 23:00:00+00:00,2357.54,22.7014158,0.98982458,0.98209876,0.00617431,6.45e-06,0.00131098
2025-08-31 00:00:00+00:00,2292.91,22.78041913,0.9896961,0.98179161,0.00622654,5.219e-05,0.00133632
2025-08-31 01:00:00+00:00,2198.1975,23.03061643,0.98985107,0.98649291,0.00154701,0.00010687,0.00126634
2025-08-31 02:00:00+00:00,2163.1875,23.03901911,0.98972014,0.98624494,0.00154433,0.00013545,0.00129372
2025-08-31 03:00:00+00:00,2176.5875,23.43270126,0.99068575,0.98745165,0.00174107,4.288e-05,0.00139926
2025-08-31 04:00:00+00:00,2168.4,23.82276771,0.9912893,0.98794243,0.00187512,1.788e-05,0.00146434
2025-08-31 05:00:00+00:00,2237.16,23.7315902,0.9900452,0.98606053,0.0021066,1.279e-05,0.0017031
2025-08-31 06:00:00+00:00,2435.8425,23.76545731,0.98806162,0.98341713,0.00211973,0.0001424,0.00171447
2025-08-31 07:00:00+00:00,2627.9325,24.50208688,0.98424351,0.9774837,0.00145578,0.0015923,0.00126827
2025-08-31 08:00:00+00:00,2807.375,25.55809293,0.9759431,0.96663772,0.00141918,0.00239688,0.00155931
2025-08-31 09:00:00+00:00,2853.4225,25.09570008,0.97438774,0.9667129,0.00151739,0.00136349,0.00169749
2025-08-31 10:00:00+00:00,2817.5125,25.74466135,0.97221061,0.96332813,0.00138088,0.00209056,0.00156516
2025-08-31 11:00:00+00:00,2805.2775,25.32986253,0.9735433,0.9656053,0.00152658,0.00143082,0.00182318
2025-08-31 12:00:00+00:00,2841.8725,25.32414508,0.97185366,0.96360801,0.00153393,0.00141653,0.00191113
2025-08-31 13:00:00+00:00,2905.1775,25.00652029,0.9737406,0.96562336,0.00164692,0.00138159,0.00189854
2025-08-31 14:00:00+00:00,2943.92,23.27413522,0.97900555,0.97390605,0.00134777,0.00041464,0.00161688
2025-08-31 15:00:00+00:00,2903.3625,23.8366989,0.99075364,0.98265508,0.00631054,3.276e-05,0.00123668
2025-08-31 16:00:00+00:00,2936.935,24.07189102,0.99357841,0.98171828,0.01068753,4.87e-06,0.00099529
2025-08-31 17:00:00+00:00,2978.3925,23.99805821,0.99394722,0.97115244,0.02174535,3.81e-06,0.00091313
2025-08-31 18:00:00+00:00,3005.47,23.89901965,0.9939844,0.97187571,0.02119503,1.13e-06,0.00081122
2025-08-31 19:00:00+00:00,2975.2275,23.89038372,0.99387948,0.97132368,0.02168552,0.0,0.00077311
2025-08-31 20:00:00+00:00,2828.3875,23.9352993,0.99368721,0.97006046,0.02261491,0.0,0.00085653
2025-08-31 21:00:00+00:00,2637.6675,23.36536643,0.99252894,0.98227555,0.00898762,1.35e-06,0.00107596
2025-08-31 22:00:00+00:00,2505.825,23.13193728,0.99139354,0.98359388,0.00615509,0.0,0.00120291
2025-08-31 23:00:00+00:00,2398.47,22.95353008,0.99110561,0.98371388,0.00573021,1.87e-06,0.00114982
2025-09-01 00:00:00+00:00,2331.64,23.04906292,0.99091055,0.98320738,0.00593203,2.75e-06,0.00044737
2025-09-01 01:00:00+00:00,2280.2875,23.3865674,0.99163045,0.98340583,0.00612795,9.791e-05,0.00046113
2025-09-01 02:00:00+00:00,2279.0825,23.18095612,0.99040573,0.98390781,0.0037217,0.00020489,0.00054614
2025-09-01 03:00:00+00:00,2358.74,23.96943436,0.99339885,0.98499637,0.00721845,0.0,0.00029106
2025-09-01 04:00:00+00:00,2688.5,24.09357555,0.99373376,0.97361583,0.0189591,0.0,0.00029346
2025-09-01 05:00:00+00:00,3066.5725,24.0932808,0.99321924,0.97131289,0.02084883,2.57e-06,0.00025666
2025-09-01 06:00:00+00:00,3197.0225,23.9579761,0.99301282,0.97046561,0.02156593,3.57e-06,0.0002335
2025-09-01 07:00:00+00:00,3254.265,24.00135566,0.99351837,0.98500201,0.00727958,3.76e-06,0.00028714
2025-09-01 08:00:00+00:00,3296.9675,23.88376583,0.99238302,0.98414944,0.00660427,8.62e-06,0.00036296
2025-09-01 09:00:00+00:00,3277.0075,23.3739118,0.98732871,0.98008443,0.00529788,7.12e-06,0.00050377
2025-09-01 10:00:00+00:00,3298.945,23.1133438,0.98217392,0.97510716,0.00443991,0.000209,0.00130033
2025-09-01 11:00:00+00:00,3267.665,22.85562241,0.98176274,0.97641928,0.00260976,0.0002459,0.00137643
2025-09-01 12:00:00+00:00,3237.1825,22.61932632,0.98290543,0.97624784,0.0041136,0.00029945,0.00107562
2025-09-01 13:00:00+00:00,3233.79,22.60429134,0.98770526,0.97767664,0.00821408,5.91e-06,0.00122878
2025-09-01 14:00:00+00:00,3332.4875,22.87550446,0.99187007,0.98073361,0.00965195,1.24e-06,0.00120493
2025-09-01 15:00:00+00:00,3296.09,23.26982654,0.99534902,0.97120269,0.02307854,7.5e-07,0.00098508
2025-09-01 16:00:00+00:00,3215.2275,23.19399268,0.99503462,0.97100661,0.02298167,9.6e-07,0.00097553
2025-09-01 17:00:00+00:00,3206.7375,23.10681418,0.99450748,0.97155413,0.02206905,1.58e-06,0.00088469
2025-09-01 18:00:00+00:00,3228.625,22.95690722,0.99482313,0.97182221,0.02218504,1.66e-06,0.00080278
2025-09-01 19:00:00+00:00,3169.065,22.85489905,0.99446907,0.97171875,0.02197815,0.0,0.00083845
2025-09-01 20:00:00+00:00,3001.795,22.81601632,0.99436118,0.9829555,0.01063025,0.0,0.00086123
2025-09-01 21:00:00+00:00,2780.005,22.80214776,0.99355309,0.98657584,0.00600171,0.0,0.00107159
2025-09-01 22:00:00+00:00,2531.365,22.53009137,0.99294503,0.98610915,0.00573316,0.0,0.00026939
2025-09-01 23:00:00+00:00,2427.575,22.33351255,0.99224225,0.9857689,0.00517931,0.0,0.00032763
2025-09-02 00:00:00+00:00,2351.1075,22.7777509,0.9916465,0.98463699,0.00593492,0.0,0.00117277
2025-09-02 01:00:00+00:00,2320.43,23.01057633,0.99258999,0.98554593,0.00605372,0.0,0.00110692
2025-09-02 02:00:00+00:00,2307.1925,23.40920821,0.99226784,0.98477649,0.00636169,0.0,0.00113396
2025-09-02 03:00:00+00:00,2377.1675,23.73153397,0.99197218,0.9840393,0.00663472,0.0,0.00112057
2025-09-02 04:00:00+00:00,2699.9075,23.91702898,0.99235715,0.98455542,0.00648764,0.0,0.00104679
2025-09-02 05:00:00+00:00,3083.2525,24.04900003,0.99305197,0.98534066,0.00624403,0.0,0.00111959
2025-09-02 06:00:00+00:00,3182.675,24.21352737,0.99272942,0.98465998,0.0064497,0.0,0.0011848
2025-09-02 07:00:00+00:00,3210.7525,24.03712081,0.99132778,0.9832745,0.00588171,0.0,0.00150397
2025-09-02 08:00:00+00:00,3181.905,23.44220551,0.9890759,0.98207429,0.00473481,0.0,0.00146911
2025-09-02 09:00:00+00:00,3131.745,23.48545062,0.98914253,0.98210246,0.00473294,0.0,0.00142105
2025-09-02 10:00:00+00:00,3117.5075,23.23515274,0.98787215,0.98108739,0.00450371,0.0,0.00154727
2025-09-02 11:00:00+00:00,3078.5225,23.61330056,0.98902474,0.98171477,0.00511896,0.0,0.00144319
2025-09-02 12:00:00+00:00,3101.415,23.81774221,0.99030251,0.98268306,0.00549285,0.0,0.00144537
2025-09-02 13:00:00+00:00,3140.57,24.06137961,0.99152763,0.98379554,0.00572384,0.0,0.00144616
2025-09-02 14:00:00+00:00,3217.3375,24.08959405,0.99250286,0.97514224,0.01549183,0.0,0.00136729
2025-09-02 15:00:00+00:00,3206.7025,24.46620164,0.99360174,0.97196017,0.02000714,0.0,0.00124196
2025-09-02 16:00:00+00:00,3164.06,24.43970532,0.99367685,0.97222571,0.01990147,0.0,0.00119806
2025-09-02 17:00:00+00:00,3158.4325,24.32722535,0.99390277,0.97269812,0.01977037,0.0,0.00113754
2025-09-02 18:00:00+00:00,3218.6075,24.25411555,0.99401573,0.97288701,0.0197394,0.0,0.00110582
2025-09-02 19:00:00+00:00,3149.91,24.21624684,0.99395997,0.97264793,0.02003361,0.0,0.00102292
2025-09-02 20:00:00+00:00,2999.995,24.13945536,0.99376549,0.97298362,0.01960367,0.0,0.00099558
2025-09-02 21:00:00+00:00,2747.35,23.64790647,0.99288171,0.9874972,0.00394463,0.0,0.00114769
2025-09-02 22:00:00+00:00,2537.665,23.13175527,0.9919746,0.98713173,0.00322658,0.0,0.00042148
2025-09-02 23:00:00+00:00,2389.545,22.79133747,0.9912516,0.98656942,0.00315121,0.0,0.00043096
2025-09-03 00:00:00+00:00,2357.57,22.65127711,0.99014354,0.9854696,0.00313489,0.0,0.00137675
2025-09-03 01:00:00+00:00,2299.105,22.63076412,0.99048438,0.98563948,0.00312849,0.0,0.00144967
2025-09-03 02:00:00+00:00,2290.015,22.73980195,0.99033987,0.983621,0.00519296,0.0,0.00138188
2025-09-03 03:00:00+00:00,2371.4725,23.41414657,0.99134537,0.98410881,0.00597212,0.0,0.00114448
2025-09-03 04:00:00+00:00,2676.1725,23.81626356,0.99296825,0.98607335,0.00606993,0.0,0.00082667
2025-09-03 05:00:00+00:00,3046.9425,24.01544445,0.99356162,0.98632711,0.00611013,0.0,0.00093784
2025-09-03 06:00:00+00:00,3147.3775,24.02103985,0.99358286,0.9861196,0.0062058,0.0,0.00104116
2025-09-03 07:00:00+00:00,3136.9075,24.11229674,0.9932052,0.98543546,0.00607296,0.0,0.00131474
2025-09-03 08:00:00+00:00,3085.7775,22.65026853,0.98440505,0.98139165,3.222e-05,0.00024557,0.00145033
2025-09-03 09:00:00+00:00,3067.235,22.81268222,0.98213606,0.97890237,0.00016138,0.00050972,0.00106528
2025-09-03 10:00:00+00:00,3101.105,22.58971695,0.97966988,0.97661132,0.00036611,0.00046963,0.00124892
2025-09-03 11:00:00+00:00,3077.6425,23.8907263,0.97728501,0.97259082,6.55e-05,0.00128797,0.00090992
2025-09-03 12:00:00+00:00,3114.4175,22.82225491,0.98129186,0.97824,4.936e-05,0.00098264,0.00113498
2025-09-03 13:00:00+00:00,3174.9875,23.10829266,0.98197587,0.97782294,0.00044506,0.00089168,0.00175769
2025-09-03 14:00:00+00:00,3268.43,22.53365702,0.98509904,0.98235503,0.0002003,0.00034894,0.00145595
2025-09-03 15:00:00+00:00,3297.1,23.31052775,0.99019155,0.98734542,0.00041923,0.00024694,0.00150102
2025-09-03 16:00:00+00:00,3204.895,23.97691135,0.99459412,0.98120938,0.01207099,0.0,0.00105525
2025-09-03 17:00:00+00:00,3199.3975,23.77711952,0.99409838,0.98032805,0.01251408,0.0,0.00102692
2025-09-03 18:00:00+00:00,3230.085,23.11358878,0.99406035,0.97988328,0.01302658,1.12e-06,0.00094663
2025-09-03 19:00:00+00:00,3153.935,21.75254313,0.99236438,0.99074453,0.00032235,3.59e-05,0.0010145
2025-09-03 20:00:00+00:00,3000.9625,21.3611882,0.99201299,0.99050239,9.883e-05,5.321e-05,0.00104238
2025-09-03 21:00:00+00:00,2818.1525,19.82292518,0.9902077,0.98825908,0.00010154,2.045e-05,0.00124979
2025-09-03 22:00:00+00:00,2667.7025,19.56239812,0.99040981,0.98790766,2.18e-06,0.00026915,0.00060097
2025-09-03 23:00:00+00:00,2527.8975,19.60947174,0.99068415,0.98839868,0.0,0.00039034,0.00051815
2025-09-04 00:00:00+00:00,2467.0475,19.47488924,0.98937607,0.98712272,0.0,0.00019127,0.00149109
2025-09-04 01:00:00+00:00,2431.6475,19.6189659,0.98967374,0.98767638,0.0,0.0002061,0.00140621
2025-09-04 02:00:00+00:00,2411.2,19.35808131,0.98918753,0.98759825,0.0,0.0,0.00134244
2025-09-04 03:00:00+00:00,2477.0325,19.44394979,0.98922043,0.98771427,0.0,0.0,0.00136808
2025-09-04 04:00:00+00:00,2741.1775,20.69438053,0.99084334,0.98964455,0.0,0.0,0.00115529
2025-09-04 05:00:00+00:00,3093.9025,22.33790409,0.99380028,0.99288144,6.513e-05,0.0,0.00095315
2025-09-04 06:00:00+00:00,3212.8725,22.48095447,0.99407295,0.9883556,0.00487361,0.0,0.00087331
2025-09-04 07:00:00+00:00,3226.25,22.44550096,0.99338571,0.98740183,0.00483691,0.0,0.00110121
2025-09-04 08:00:00+00:00,3223.3825,20.70516427,0.98775117,0.98627688,1.005e-05,0.0,0.00112509
2025-09-04 09:00:00+00:00,3196.5725,20.34640996,0.98568943,0.98428885,0.0,0.0,0.00116604
2025-09-04 10:00:00+00:00,3220.3875,20.15636096,0.98288321,0.9810895,0.00026486,0.0,0.00131076
2025-09-04 11:00:00+00:00,3183.5825,20.79062007,0.98353828,0.9815997,0.00033113,0.0,0.00126581
2025-09-04 12:00:00+00:00,3107.825,20.77997939,0.98451846,0.9827296,9.439e-05,0.0,0.00126069
2025-09-04 13:00:00+00:00,3136.3375,21.60271246,0.99031003,0.98881391,0.0001501,0.0,0.00118388
2025-09-04 14:00:00+00:00,3193.61,22.57285969,0.99516221,0.98951037,0.00478248,0.0,0.00081198
2025-09-04 15:00:00+00:00,3190.7275,23.22603064,0.99694898,0.99109127,0.00518071,0.0,0.00060534
2025-09-04 16:00:00+00:00,3192.005,23.26814775,0.99724894,0.9914553,0.00519626,0.0,0.00054348
2025-09-04 17:00:00+00:00,3181.3175,23.30056122,0.99723219,0.99152364,0.00515424,0.0,0.00050393
2025-09-04 18:00:00+00:00,3238.505,23.35245372,0.99710315,0.99134452,0.00507128,0.0,0.00063991
2025-09-04 19:00:00+00:00,3184.0175,23.40793469,0.99697817,0.99624805,0.00010925,0.0,0.00057173
2025-09-04 20:00:00+00:00,3007.13,23.49721195,0.99651774,0.99570914,6.715e-05,0.0,0.00067032
2025-09-04 21:00:00+00:00,2770.485,23.57338658,0.9963142,0.99537952,5.504e-05,0.0,0.00078119
2025-09-04 22:00:00+00:00,2596.0475,23.69905982,0.99633383,0.99498757,0.00030645,0.0,0.00029296
2025-09-04 23:00:00+00:00,2471.3825,23.98165222,0.99598978,0.99443766,0.0003279,0.0,0.00034134
2025-09-05 00:00:00+00:00,2400.01,24.04321304,0.99504249,0.99346281,0.00032674,0.0,0.00114634
2025-09-05 01:00:00+00:00,2324.1925,24.14038897,0.99571667,0.99417068,0.00031816,0.0,0.00113499
2025-09-05 02:00:00+00:00,2328.755,24.27205774,0.99458866,0.99297217,0.00033145,0.0,0.00115562
2025-09-05 03:00:00+00:00,2405.2625,24.3299114,0.99526489,0.99377277,0.00023467,0.0,0.00102606
2025-09-05 04:00:00+00:00,2713.515,24.35385042,0.99573964,0.99441997,0.00020937,0.0,0.00086639
2025-09-05 05:00:00+00:00,3083.0025,24.29417682,0.99608854,0.99492529,0.00021816,0.0,0.00075138
2025-09-05 06:00:00+00:00,3214.86,24.35256952,0.99581289,0.99447473,0.00025313,0.0,0.00088135
2025-09-05 07:00:00+00:00,3217.0425,24.36998465,0.99600368,0.99466728,0.00026167,0.0,0.00090424
2025-09-05 08:00:00+00:00,3233.18,24.47987063,0.99687208,0.99537056,0.00027406,0.0,0.00096986
2025-09-05 09:00:00+00:00,3232.8975,24.52438467,0.99698565,0.99542348,0.0002486,0.0,0.00098157
2025-09-05 10:00:00+00:00,3234.6025,24.50932967,0.99585547,0.99429635,0.00024186,0.0,0.00104629
2025-09-05 11:00:00+00:00,3233.525,24.1623549,0.99264214,0.99064124,0.00029218,0.0,0.00124024
2025-09-05 12:00:00+00:00,3203.8425,24.23404816,0.99326754,0.99121949,0.00030507,0.0,0.0012583
2025-09-05 13:00:00+00:00,3205.145,24.57826513,0.99685865,0.99480247,0.00063654,0.0,0.00118221
2025-09-05 14:00:00+00:00,3247.2275,24.54260968,0.99715741,0.99475288,0.0010787,0.0,0.00105632
2025-09-05 15:00:00+00:00,3239.405,24.55668132,0.99693215,0.99440994,0.00120831,0.0,0.00099985
2025-09-05 16:00:00+00:00,3213.1775,24.56829134,0.99679313,0.99429095,0.0011284,0.0,0.0010145
2025-09-05 17:00:00+00:00,3143.815,24.51603995,0.99681272,0.99433042,0.0011554,0.0,0.00106721
2025-09-05 18:00:00+00:00,3104.0375,24.40636965,0.99719932,0.99517534,0.00090005,0.0,0.00094215
2025-09-05 19:00:00+00:00,2987.925,24.4072086,0.99691922,0.99468945,0.00105891,0.0,0.00095448
2025-09-05 20:00:00+00:00,2860.4025,24.46408928,0.99649966,0.99428724,0.00095558,0.0,0.00100709
2025-09-05 21:00:00+00:00,2693.2675,24.50013896,0.99646365,0.99372202,0.001403,0.0,0.00111744
2025-09-05 22:00:00+00:00,2530.58,24.53512633,0.99542829,0.99230361,0.00119621,7.75e-05,0.00142683
2025-09-05 23:00:00+00:00,2398.085,24.34810797,0.99457401,0.99086954,0.00126169,0.00028618,0.0015825
2025-09-06 00:00:00+00:00,2324.5725,24.42400351,0.99470382,0.99130566,0.00118766,0.00014299,0.00155505
2025-09-06 01:00:00+00:00,2275.0725,24.30994995,0.99410813,0.9905599,0.00115555,0.0002551,0.00155807
2025-09-06 02:00:00+00:00,2219.91,24.2804069,0.99433029,0.99094907,0.00114934,0.00019511,0.00142724
2025-09-06 03:00:00+00:00,2246.075,24.28695184,0.99407212,0.99072448,0.00122116,3.172e-05,0.00154456
2025-09-06 04:00:00+00:00,2296.5025,24.46518964,0.99466528,0.99129558,0.00139261,0.0,0.00150647
2025-09-06 05:00:00+00:00,2429.645,24.59682706,0.99514416,0.99208315,0.00121441,0.0,0.00143381
2025-09-06 06:00:00+00:00,2577.935,24.6658852,0.995314,0.99200724,0.00142281,0.0,0.0014162
2025-09-06 07:00:00+00:00,2741.765,24.48428518,0.99389022,0.99061731,0.0013174,0.0,0.00144197
2025-09-06 08:00:00+00:00,2864.12,23.89101249,0.98586628,0.98210853,0.00124464,0.00018062,0.00147336
2025-09-06 09:00:00+00:00,2904.3175,23.88645499,0.97934039,0.97473811,0.00140724,0.00061288,0.00144269
2025-09-06 10:00:00+00:00,2864.64,23.74229078,0.97842765,0.97481259,0.00091191,0.00052549,0.00113285
2025-09-06 11:00:00+00:00,2799.795,23.58800293,0.97760814,0.97468169,0.00062851,0.00048845,0.00082556
2025-09-06 12:00:00+00:00,2758.505,23.49377472,0.97787589,0.97478528,0.00076729,0.00047197,0.00089985
2025-09-06 13:00:00+00:00,2747.02,23.68156677,0.97836423,0.97410121,0.00107921,0.00050904,0.00145041
2025-09-06 14:00:00+00:00,2754.575,23.93189151,0.98765069,0.98371985,0.00141255,6.837e-05,0.00164505
2025-09-06 15:00:00+00:00,2778.46,24.34451702,0.99559942,0.99312721,0.00108642,0.0,0.00109794
2025-09-06 16:00:00+00:00,2814.88,24.42470114,0.99556177,0.99313086,0.00107886,0.0,0.00106139
2025-09-06 17:00:00+00:00,2817.275,24.41189184,0.99543724,0.99309108,0.00105714,0.0,0.00101614
2025-09-06 18:00:00+00:00,2836.1225,24.46343998,0.99506729,0.9925119,0.0011019,0.0,0.00111118
2025-09-06 19:00:00+00:00,2783.2375,24.30288588,0.99509978,0.99263617,0.00111974,0.0,0.00100839
2025-09-06 20:00:00+00:00,2685.3825,24.33102943,0.99495525,0.99242123,0.00122707,0.0,0.00107429
2025-09-06 21:00:00+00:00,2552.835,24.44075638,0.99486582,0.99208103,0.00131536,0.0,0.00107163
2025-09-06 22:00:00+00:00,2430.5175,24.57499089,0.99432929,0.99125857,0.00138051,0.0,0.00119869
2025-09-06 23:00:00+00:00,2312.2925,24.61967574,0.99449034,0.99123493,0.00146383,0.0,0.00127865
2025-09-07 00:00:00+00:00,2261.0625,24.63956579,0.99458153,0.99126413,0.00149205,0.0,0.00131858
2025-09-07 01:00:00+00:00,2258.82,24.7069667,0.99449524,0.99120844,0.00145727,0.0,0.00130748
2025-09-07 02:00:00+00:00,2258.6325,24.73634167,0.99487405,0.99171381,0.00137335,0.0,0.00124711
2025-09-07 03:00:00+00:00,2274.5725,24.74852904,0.99464795,0.99146873,0.00135916,0.0,0.00128044
2025-09-07 04:00:00+00:00,2301.9075,24.74845068,0.99425825,0.99097019,0.00147106,0.0,0.00135196
2025-09-07 05:00:00+00:00,2379.185,24.51874778,0.99219174,0.98843644,0.00162803,0.0,0.00154699
2025-09-07 06:00:00+00:00,2512.6675,23.89610023,0.98823116,0.98451372,0.00129537,0.00014357,0.00120339
2025-09-07 07:00:00+00:00,2663.98,23.8299665,0.9850769,0.9819347,0.00099907,0.0001917,0.0008982
2025-09-07 08:00:00+00:00,2775.1125,24.35761745,0.98116883,0.97670443,0.00156634,0.00029865,0.00143997
2025-09-07 09:00:00+00:00,2774.885,25.97817723,0.97240345,0.96535268,0.00119568,0.00137638,0.00109207
2025-09-07 10:00:00+00:00,2753.6875,30.41756706,0.95051981,0.93530965,0.00012786,0.00558891,8.836e-05
2025-09-07 11:00:00+00:00,2755.1175,30.72843779,0.95386617,0.93868524,0.00010155,0.00629031,0.00011163
2025-09-07 12:00:00+00:00,2734.9175,29.80606076,0.95327984,0.93901494,0.00034493,0.00521639,0.00034269
2025-09-07 13:00:00+00:00,2743.49,25.62656031,0.97424008,0.96775554,0.00127317,0.0012319,0.00118986
2025-09-07 14:00:00+00:00,2811.74,24.28613612,0.98306582,0.97841777,0.00185606,0.00017037,0.00178801
2025-09-07 15:00:00+00:00,2865.63,24.43574177,0.98867855,0.98395566,0.00190254,0.0002248,0.00178107
2025-09-07 16:00:00+00:00,2907.18,24.64918273,0.99493972,0.99196348,0.00135854,0.0,0.00125489
2025-09-07 17:00:00+00:00,2951.2225,24.475924,0.99560342,0.97748558,0.01683541,0.0,0.00097999
2025-09-07 18:00:00+00:00,3027.655,24.41056338,0.99578773,0.97653362,0.01803954,0.0,0.00096732
2025-09-07 19:00:00+00:00,3011.235,24.37290969,0.9957597,0.98273352,0.01175539,0.0,0.00099418
2025-09-07 20:00:00+00:00,2894.4975,24.42668523,0.9955246,0.98113766,0.01298579,0.0,0.00107071
2025-09-07 21:00:00+00:00,2729.075,24.42722126,0.99534032,0.98874632,0.00519119,0.0,0.00113927
2025-09-07 22:00:00+00:00,2584.03,24.43438448,0.99486579,0.979402,0.0139666,0.0,0.00121259
2025-09-07 23:00:00+00:00,2461.635,24.40543665,0.99478601,0.98049385,0.01243746,6.018e-05,0.00116241
2025-09-08 00:00:00+00:00,2399.0925,24.48810617,0.99491806,0.98242861,0.01074589,0.0,0.00050115
2025-09-08 01:00:00+00:00,2351.87,24.38649038,0.99540362,0.98290608,0.0107192,4.93e-06,0.00052007
2025-09-08 02:00:00+00:00,2345.0125,24.36918976,0.99587598,0.9825204,0.01170815,0.0,0.00050134
2025-09-08 03:00:00+00:00,2452.455,24.24407879,0.99566794,0.98797501,0.00624346,7.92e-06,0.00040856
2025-09-08 04:00:00+00:00,2792.4725,24.01750835,0.99525911,0.98303484,0.01080594,8.886e-05,0.0003173
2025-09-08 05:00:00+00:00,3158.9125,24.00248942,0.9953553,0.99159222,0.00245533,5.226e-05,0.00029763
2025-09-08 06:00:00+00:00,3282.7625,24.07112049,0.99569855,0.98890407,0.00560961,2.148e-05,0.00025964
2025-09-08 07:00:00+00:00,3267.95,24.13578773,0.99658517,0.98973892,0.00587639,1.58e-06,0.00017874
2025-09-08 08:00:00+00:00,3213.6025,24.2205783,0.99701584,0.99029956,0.00580116,0.0,0.00010906
2025-09-08 09:00:00+00:00,3193.655,24.2453048,0.99719869,0.99061591,0.00563956,0.0,0.00011655
2025-09-08 10:00:00+00:00,3154.13,24.20680815,0.99387361,0.98715099,0.00538972,0.00011079,0.00079214
2025-09-08 11:00:00+00:00,3095.5175,24.17089373,0.99285872,0.98745271,0.00404089,0.00012414,0.00085834
2025-09-08 12:00:00+00:00,3110.685,24.17102529,0.99500352,0.98968102,0.00425873,5.544e-05,0.00071393
2025-09-08 13:00:00+00:00,3188.4825,24.12068456,0.99555197,0.97620923,0.01843495,6.456e-05,0.00059172
2025-09-08 14:00:00+00:00,3266.6975,24.13651068,0.99662542,0.97666463,0.01919539,1.568e-05,0.00056365
2025-09-08 15:00:00+00:00,3208.105,24.18399439,0.9970724,0.99029791,0.0060704,0.0,0.00051806
2025-09-08 16:00:00+00:00,3177.6375,24.21439103,0.99715171,0.99050639,0.00580664,0.0,0.0006177
2025-09-08 17:00:00+00:00,3187.5375,24.1897167,0.99671919,0.98985681,0.00588238,0.0,0.00072051
2025-09-08 18:00:00+00:00,3267.055,24.06444034,0.99684618,0.98995574,0.00579506,4.252e-05,0.00074224
2025-09-08 19:00:00+00:00,3158.58,23.89562458,0.99670103,0.98980773,0.00586379,0.0,0.00077821
2025-09-08 20:00:00+00:00,2999.8075,23.88990746,0.99607753,0.97685702,0.01807286,0.0,0.00084819
2025-09-08 21:00:00+00:00,2813.945,23.95833498,0.99595636,0.98157993,0.01330419,0.0,0.00083514
2025-09-08 22:00:00+00:00,2578.615,23.89390692,0.99565206,0.98114679,0.01333698,0.0,0.00023439
2025-09-08 23:00:00+00:00,2435.76,23.94454259,0.99510556,0.98059157,0.01324965,0.0,0.00027224
2025-09-09 00:00:00+00:00,2367.1275,24.04060403,0.99450246,0.97974534,0.01346978,0.0,0.00095473
2025-09-09 01:00:00+00:00,2315.6375,24.11999296,0.99514892,0.98024225,0.0135704,0.0,0.00101277
2025-09-09 02:00:00+00:00,2328.3575,24.14035784,0.99404332,0.98067321,0.01198332,0.0,0.00108731
2025-09-09 03:00:00+00:00,2395.03,24.24935329,0.99414895,0.97885653,0.01357338,0.00014664,0.00104419
2025-09-09 04:00:00+00:00,2728.7625,24.27497567,0.99523635,0.9712246,0.02275049,5.335e-05,0.00089907
2025-09-09 05:00:00+00:00,3094.565,24.27152847,0.99691488,0.9716732,0.02432975,7.46e-06,0.00070647
2025-09-09 06:00:00+00:00,3192.1325,24.31852269,0.99709754,0.97250245,0.02364208,8.64e-06,0.00070612
2025-09-09 07:00:00+00:00,3229.1075,24.36516254,0.99679519,0.97567778,0.02006014,0.0,0.00080373
2025-09-09 08:00:00+00:00,3208.5875,24.34330468,0.99729927,0.97596634,0.02038578,0.0,0.00068462
2025-09-09 09:00:00+00:00,3174.105,24.36673538,0.99755181,0.98130729,0.01522712,0.0,0.00070393
2025-09-09 10:00:00+00:00,3138.74,24.42290441,0.99757079,0.98101632,0.01547456,0.0,0.00081115
2025-09-09 11:00:00+00:00,3141.1225,24.36528641,0.99515104,0.97852039,0.01541782,2.79e-06,0.00084391
2025-09-09 12:00:00+00:00,3190.815,24.27043904,0.99334412,0.98014979,0.01176692,0.00013912,0.00076924
2025-09-09 13:00:00+00:00,3195.4775,24.33579824,0.99710665,0.9826876,0.01331692,5.13e-05,0.00070189
2025-09-09 14:00:00+00:00,3267.17,24.29803618,0.99728611,0.97738767,0.01879701,3.18e-05,0.00073159
2025-09-09 15:00:00+00:00,3278.5625,24.27783089,0.99716348,0.97718814,0.01900704,0.0,0.00068035
2025-09-09 16:00:00+00:00,3263.6025,24.35601392,0.99730726,0.97674538,0.01952613,6.4e-07,0.00073339
2025-09-09 17:00:00+00:00,3260.4075,24.32938007,0.99722736,0.97624269,0.01989135,0.0,0.00076362
2025-09-09 18:00:00+00:00,3306.585,24.02642132,0.9962381,0.97698659,0.0180818,0.0,0.00082514
2025-09-09 19:00:00+00:00,3182.9475,24.02628771,0.99612775,0.9765873,0.01848677,0.0,0.0007714
2025-09-09 20:00:00+00:00,3009.64,23.64494407,0.99480304,0.981447,0.01211536,0.0,0.00086167
2025-09-09 21:00:00+00:00,2781.31,23.66953102,0.99588948,0.98218692,0.01254841,0.0,0.00085289
2025-09-09 22:00:00+00:00,2554.9275,23.2101093,0.99391318,0.99032822,0.001811,0.0,0.00043415
2025-09-09 23:00:00+00:00,2451.625,22.89631299,0.99314826,0.98966858,0.00159303,0.0,0.00040776
2025-09-10 00:00:00+00:00,2381.0375,22.68126085,0.9920999,0.98872238,0.00153675,0.0,0.00102278
2025-09-10 01:00:00+00:00,2296.7425,22.84950911,0.99291372,0.98964491,0.00148134,0.0,0.00099466
2025-09-10 02:00:00+00:00,2291.1575,22.76299078,0.99230757,0.98901844,0.00155655,0.0,0.00124996
2025-09-10 03:00:00+00:00,2375.0125,22.88954091,0.9927282,0.98974585,0.00139495,0.0,0.00117819
2025-09-10 04:00:00+00:00,2702.525,23.2440572,0.9946023,0.99265027,0.00077004,0.0,0.00086129
2025-09-10 05:00:00+00:00,3063.01,23.27509381,0.99572439,0.99455231,0.00046299,0.0,0.00052376
2025-09-10 06:00:00+00:00,3157.25,23.38406014,0.9964865,0.9954278,0.00040807,0.0,0.00047959
2025-09-10 07:00:00+00:00,3143.645,23.25425944,0.99482375,0.99328152,0.00061375,0.0,0.00072749
2025-09-10 08:00:00+00:00,3112.7425,23.33119334,0.99393737,0.99232867,0.00064923,0.0,0.00071012
2025-09-10 09:00:00+00:00,3085.5775,23.24727414,0.9924322,0.99101247,0.00060917,0.0,0.00061581
2025-09-10 10:00:00+00:00,3105.29,22.95590983,0.99008194,0.98815692,0.00091362,0.0,0.00088658
2025-09-10 11:00:00+00:00,3124.23,22.77653682,0.99148817,0.98042551,0.0101684,0.0,0.00069921
2025-09-10 12:00:00+00:00,3121.515,22.76082753,0.99267379,0.98066437,0.01114487,0.0,0.00074308
2025-09-10 13:00:00+00:00,3168.3275,22.74175631,0.99398207,0.98151953,0.01163784,0.0,0.00075077
2025-09-10 14:00:00+00:00,3241.54,22.90755043,0.99518059,0.99092762,0.00352973,0.0,0.00062872
2025-09-10 15:00:00+00:00,3228.545,22.7173474,0.99493945,0.99373534,0.0004893,3.16e-06,0.00057452
2025-09-10 16:00:00+00:00,3195.6025,22.37140367,0.99487018,0.99370338,0.00048084,3.28e-06,0.00057265
2025-09-10 17:00:00+00:00,3203.965,22.67811092,0.99609616,0.99533905,0.00029301,1.9e-06,0.00034551
2025-09-10 18:00:00+00:00,3256.1275,22.27026416,0.99557996,0.99439857,0.00052574,0.0,0.0005932
2025-09-10 19:00:00+00:00,3160.7175,22.45480883,0.99561474,0.99434323,0.00061589,0.0,0.00066737
2025-09-10 20:00:00+00:00,3017.0725,21.71403338,0.99319757,0.99081012,0.0008468,0.0005038,0.00098722
2025-09-10 21:00:00+00:00,2799.1225,21.24733422,0.99252266,0.98990293,0.00092259,0.00062515,0.00104289
2025-09-10 22:00:00+00:00,2579.1175,20.90184029,0.99141173,0.98908582,0.00053376,0.00073879,0.00044021
2025-09-10 23:00:00+00:00,2468.635,20.69071962,0.99045766,0.9878723,0.00061283,0.00044863,0.00049654
2025-09-11 00:00:00+00:00,2391.97,20.6267058,0.98972138,0.98743087,0.00051837,0.00029504,0.0012815
2025-09-11 01:00:00+00:00,2342.915,20.27076857,0.98974566,0.98739851,7.305e-05,0.00107887,0.00120793
2025-09-11 02:00:00+00:00,2322.94,20.46214541,0.98969696,0.98711246,0.00054376,0.0009668,0.00115057
2025-09-11 03:00:00+00:00,2423.6425,20.60708594,0.99018796,0.98797295,0.00066343,0.00036782,0.00123489
2025-09-11 04:00:00+00:00,2747.2725,21.5503749,0.99278975,0.99104312,0.00059234,0.0001092,0.00107423
2025-09-11 05:00:00+00:00,3146.745,22.00214672,0.99512467,0.99357329,0.00064815,0.00014235,0.00081731
2025-09-11 06:00:00+00:00,3246.7125,22.11575657,0.99526729,0.9942438,0.00040569,0.00011209,0.00047434
2025-09-11 07:00:00+00:00,3288.0875,21.85896775,0.99373896,0.99244897,0.0005507,9.473e-05,0.00064441
2025-09-11 08:00:00+00:00,3291.6275,21.94012874,0.99319388,0.99178552,0.0005354,9.427e-05,0.000638
2025-09-11 09:00:00+00:00,3316.3975,20.68566174,0.98911226,0.98703578,0.00066268,0.00068079,0.00070952
2025-09-11 10:00:00+00:00,3358.2525,20.84027219,0.98919038,0.98717281,0.00039205,0.00074956,0.00065255
2025-09-11 11:00:00+00:00,3325.635,20.64911614,0.98868487,0.98674247,0.00057319,0.00080059,0.00057339
2025-09-11 12:00:00+00:00,3313.0675,20.58509137,0.98886284,0.98703871,0.0007411,0.00071248,0.00068031
2025-09-11 13:00:00+00:00,3347.5325,20.44985665,0.98788336,0.98580786,0.0007745,0.00085722,0.00072254
2025-09-11 14:00:00+00:00,3409.0875,20.90270107,0.98841034,0.98588484,0.00071931,0.00081254,0.00086333
2025-09-11 15:00:00+00:00,3356.7625,22.07531265,0.99401097,0.99231338,0.00072333,0.00022219,0.00083014
2025-09-11 16:00:00+00:00,3305.4275,22.98328905,0.99609256,0.99518101,0.00035511,0.00014658,0.00053787
2025-09-11 17:00:00+00:00,3277.795,23.30714329,0.99690776,0.99621805,0.00027058,7.599e-05,0.00044087
2025-09-11 18:00:00+00:00,3312.6575,22.79761391,0.99649026,0.99572667,0.00030541,0.00013198,0.00048203
2025-09-11 19:00:00+00:00,3218.8425,22.37237073,0.99538833,0.9945117,0.00034293,0.00018391,0.00054158
2025-09-11 20:00:00+00:00,3059.225,21.56126014,0.99361252,0.99231741,0.00037311,0.00033062,0.00066619
2025-09-11 21:00:00+00:00,2865.6175,20.69762728,0.99176969,0.98970338,0.00042064,0.0007931,0.0008479
2025-09-11 22:00:00+00:00,2652.45,20.43345015,0.99005144,0.98720125,0.00053996,0.00097156,0.00040853
2025-09-11 23:00:00+00:00,2542.1075,20.39918965,0.9890355,0.98497069,0.00090419,0.0013776,0.00046012
2025-09-12 00:00:00+00:00,2463.4475,20.33732405,0.98825612,0.98437669,0.00083344,0.00149451,0.00110996
2025-09-12 01:00:00+00:00,2437.2975,20.61033661,0.98906337,0.98530225,0.00079976,0.00135538,0.00113433
2025-09-12 02:00:00+00:00,2432.035,21.00316838,0.98898163,0.98564145,0.00055907,0.00117944,0.00096782
2025-09-12 03:00:00+00:00,2509.03,21.38190699,0.98980967,0.98691068,0.00056785,0.00095548,0.00088327
2025-09-12 04:00:00+00:00,2787.125,22.23638324,0.99254676,0.99039622,0.00054896,0.00048848,0.00079523
2025-09-12 05:00:00+00:00,3162.505,22.95783894,0.99634559,0.99566535,0.00016835,3.353e-05,0.00031192
2025-09-12 06:00:00+00:00,3234.3725,23.0858538,0.99601389,0.99492471,0.00022502,0.00017039,0.00046585
2025-09-12 07:00:00+00:00,3266.9425,22.46370548,0.99141422,0.98874717,0.00035504,0.00072073,0.00078673
2025-09-12 08:00:00+00:00,3339.73,21.72806826,0.98531031,0.98214657,0.0003922,0.00123313,0.00086743
2025-09-12 09:00:00+00:00,3317.995,21.7701069,0.98409974,0.98163116,0.00022218,0.00115692,0.000495
2025-09-12 10:00:00+00:00,3268.8875,22.00624886,0.98497783,0.98316106,5.969e-05,0.00099072,0.00015525
2025-09-12 11:00:00+00:00,3222.7375,22.00467287,0.98606346,0.98436546,2.06e-06,0.00105698,2.244e-05
2025-09-12 12:00:00+00:00,3231.865,21.75022849,0.98482395,0.9832092,2.63e-05,0.00092907,8.288e-05
2025-09-12 13:00:00+00:00,3249.8525,21.24383927,0.98328434,0.98106243,0.00026319,0.00080299,0.0006024
2025-09-12 14:00:00+00:00,3293.695,21.06583644,0.98689545,0.98453029,0.00040263,0.00059737,0.00092194
2025-09-12 15:00:00+00:00,3270.39,21.47814729,0.99119878,0.98885612,0.00044044,0.00069936,0.00092175
2025-09-12 16:00:00+00:00,3254.74,22.75327335,0.99602292,0.99481914,0.00056323,0.00012827,0.00055081
2025-09-12 17:00:00+00:00,3260.7375,22.59876605,0.99575419,0.99464495,0.00040187,0.00014325,0.00065671
2025-09-12 18:00:00+00:00,3218.305,22.6356588,0.99604873,0.99497223,0.00035876,0.00012805,0.00065991
2025-09-12 19:00:00+00:00,3117.7875,22.54506369,0.99576401,0.99461564,0.00038482,0.00015005,0.00070225
2025-09-12 20:00:00+00:00,2982.0,22.1837318,0.99447544,0.99326078,0.00036332,5.469e-05,0.00073174
2025-09-12 21:00:00+00:00,2807.185,21.98140789,0.99397255,0.99241983,0.00041926,0.00019273,0.00086935
2025-09-12 22:00:00+00:00,2664.48,21.89540848,0.99350995,0.99184368,0.00042574,0.00023901,0.00088731
2025-09-12 23:00:00+00:00,2550.4475,21.68442032,0.99266902,0.99087828,0.00044714,0.00019774,0.00096188
2025-09-13 00:00:00+00:00,2478.425,21.77538638,0.99228864,0.99031861,0.00047834,0.00019717,0.00106457
2025-09-13 01:00:00+00:00,2458.41,21.76322109,0.99304838,0.99122592,0.00043295,0.00013303,0.00097949
2025-09-13 02:00:00+00:00,2433.3175,21.78823219,0.99355558,0.99166581,0.0004831,0.0,0.00101583
2025-09-13 03:00:00+00:00,2447.1675,21.71231574,0.99316205,0.99147201,0.00034685,0.0,0.00105628
2025-09-13 04:00:00+00:00,2520.3775,21.36525274,0.99240309,0.99058423,0.00047529,5.842e-05,0.00101582
2025-09-13 05:00:00+00:00,2570.635,21.72314086,0.99273868,0.99081907,0.00049039,0.00014622,0.00101727
2025-09-13 06:00:00+00:00,2725.85,22.39309349,0.99320291,0.99125075,0.0008643,0.0,0.00095521
2025-09-13 07:00:00+00:00,2931.5925,22.52609766,0.99219957,0.99030283,0.00081128,0.0,0.0009032
2025-09-13 08:00:00+00:00,3156.3875,22.09854701,0.98593274,0.98350558,0.00070978,0.00027934,0.00086562
2025-09-13 09:00:00+00:00,3194.96,21.82990933,0.98249218,0.98078274,0.00050572,0.00015521,0.00058619
2025-09-13 10:00:00+00:00,3188.8975,22.62158886,0.98006394,0.97765727,0.00029255,0.00054327,0.00031217
2025-09-13 11:00:00+00:00,3157.51,22.6127988,0.98069103,0.97862187,0.00014883,0.00054478,0.00023453
2025-09-13 12:00:00+00:00,3068.1375,22.2984438,0.98218133,0.98062365,0.0001353,0.00039301,0.00021962
2025-09-13 13:00:00+00:00,3042.435,21.9009789,0.98379388,0.98161766,0.00060917,0.00031594,0.0006701
2025-09-13 14:00:00+00:00,3047.805,22.3683714,0.98875083,0.98621394,0.00087878,0.00013796,0.00105501
2025-09-13 15:00:00+00:00,3078.1525,22.92673822,0.99384756,0.99247707,0.00024307,1.125e-05,0.00081319
2025-09-13 16:00:00+00:00,3118.035,23.20252035,0.99606634,0.98682697,0.00863127,0.0,0.00042533
2025-09-13 17:00:00+00:00,3128.96,23.05819126,0.9967015,0.98615417,0.01000444,0.0,0.00039684
2025-09-13 18:00:00+00:00,3094.045,22.71434991,0.99656306,0.98646013,0.00968968,0.0,0.00033895
2025-09-13 19:00:00+00:00,2980.3875,22.93948458,0.99644045,0.98608065,0.00993397,0.0,0.00044671
2025-09-13 20:00:00+00:00,2863.7125,22.70190533,0.99508546,0.98559033,0.0087494,8.549e-05,0.00064881
2025-09-13 21:00:00+00:00,2745.76,22.32928001,0.99398836,0.98536997,0.00756861,0.00018466,0.00075625
2025-09-13 22:00:00+00:00,2671.24,21.90997467,0.99277858,0.9907632,0.00069564,0.00027153,0.00097939
2025-09-13 23:00:00+00:00,2573.9,21.90786495,0.99258791,0.99044826,0.00098388,9.694e-05,0.00095221
2025-09-14 00:00:00+00:00,2498.055,21.97662934,0.99286026,0.9908424,0.00098367,2.939e-05,0.00093061
2025-09-14 01:00:00+00:00,2432.29,22.16522746,0.99296454,0.99098123,0.00104559,0.0,0.00091687
2025-09-14 02:00:00+00:00,2415.6075,22.20842545,0.9926906,0.99054497,0.00111122,0.0,0.00106206
2025-09-14 03:00:00+00:00,2397.465,22.43497416,0.99324714,0.99092622,0.00139509,0.0,0.00104492
2025-09-14 04:00:00+00:00,2397.08,22.66295554,0.99420514,0.99196347,0.00138178,0.0,0.0010069
2025-09-14 05:00:00+00:00,2450.7375,22.90510106,0.994793,0.99279308,0.00122847,0.0,0.00089291
2025-09-14 06:00:00+00:00,2614.3725,22.97977846,0.99517093,0.99365978,0.00081286,0.0,0.00074701
2025-09-14 07:00:00+00:00,2794.575,23.02991905,0.99477064,0.99381511,0.00023338,0.0,0.00071817
2025-09-14 08:00:00+00:00,2937.675,22.84787711,0.99291571,0.99150964,0.00055747,0.0,0.00078988
2025-09-14 09:00:00+00:00,3081.74,22.7901049,0.98700222,0.98519816,3.928e-05,0.00041057,0.00088359
2025-09-14 10:00:00+00:00,3164.52,22.84745284,0.9854771,0.98265058,0.00084512,0.00048511,0.00085256
2025-09-14 11:00:00+00:00,3178.2,22.92008643,0.98472302,0.98178329,0.00081238,0.00050623,0.00082807
2025-09-14 12:00:00+00:00,3162.1025,22.90347883,0.98530462,0.98231376,0.00088076,0.00051006,0.00097805
2025-09-14 13:00:00+00:00,3206.33,22.79283582,0.98651616,0.98340727,0.00092825,0.00049395,0.00105193
2025-09-14 14:00:00+00:00,3217.7225,22.69111202,0.99115913,0.98895106,0.00087171,0.00011955,0.00096473
2025-09-14 15:00:00+00:00,3241.7525,23.07945287,0.99527011,0.99388007,0.00055293,2.61e-05,0.00057553
2025-09-14 16:00:00+00:00,3261.175,22.96234958,0.99558028,0.99447629,0.00035159,0.0,0.00052638
2025-09-14 17:00:00+00:00,3274.0275,23.34914752,0.99745414,0.99700491,1.74e-06,0.0,0.00025889
2025-09-14 18:00:00+00:00,3307.1875,23.30300451,0.99649021,0.99540642,0.00030569,0.0,0.00055186
2025-09-14 19:00:00+00:00,3230.2325,22.95931584,0.99599127,0.99483867,0.00040978,0.0,0.00060916
2025-09-14 20:00:00+00:00,3095.1725,22.75015104,0.99506725,0.99341424,0.00068072,2.006e-05,0.00082205
2025-09-14 21:00:00+00:00,2935.8375,22.20903717,0.99248191,0.98938255,0.00130479,0.00021709,0.00106765
2025-09-14 22:00:00+00:00,2802.05,22.42106589,0.9931716,0.99104107,0.00058272,5.562e-05,0.00113029
2025-09-14 23:00:00+00:00,2696.9975,22.2103324,0.99300928,0.99137664,0.00046671,0.0,0.00093705
2025-09-15 00:00:00+00:00,2619.625,22.71808507,0.99370935,0.99297675,0.00012112,6.4e-07,0.00016843
2025-09-15 01:00:00+00:00,2596.505,23.3274375,0.99588996,0.99535355,2.882e-05,7.077e-05,3.879e-05
2025-09-15 02:00:00+00:00,2591.94,23.29348901,0.99593438,0.99536611,6.968e-05,9.594e-05,6.31e-05
2025-09-15 03:00:00+00:00,2697.0,23.00375926,0.99438018,0.99373024,7.048e-05,0.00014644,6.927e-05
2025-09-15 04:00:00+00:00,3033.485,22.67808549,0.99359968,0.99238539,0.00020776,0.00013592,0.00018793
2025-09-15 05:00:00+00:00,3419.55,22.88408044,0.99379816,0.99187997,0.00061688,0.00027989,0.00032087
2025-09-15 06:00:00+00:00,3516.88,22.96014841,0.99301712,0.99084475,0.00082116,0.00026799,0.0008749
2025-09-15 07:00:00+00:00,3492.085,22.88500794,0.99329003,0.99096574,0.00075297,0.00053131,0.00030434
2025-09-15 08:00:00+00:00,3443.155,22.42042546,0.98994316,0.987065,0.00076982,0.00090384,0.00035108
2025-09-15 09:00:00+00:00,3448.285,22.29781105,0.98818117,0.98533811,0.00047965,0.00103802,0.00031898
2025-09-15 10:00:00+00:00,3496.92,22.29573347,0.98879009,0.98696153,0.00039562,0.00047756,0.00078171
2025-09-15 11:00:00+00:00,3507.0625,22.24105428,0.98683622,0.98452666,0.00033745,0.0008109,0.00072501
2025-09-15 12:00:00+00:00,3530.9125,22.11340875,0.98808521,0.98604718,0.00027792,0.00072663,0.0006053
2025-09-15 13:00:00+00:00,3583.4425,21.95468746,0.9896344,0.98760118,0.00040746,0.00042965,0.00091074
2025-09-15 14:00:00+00:00,3720.28,21.86896941,0.99219161,0.990107,0.00023681,0.00093105,0.00050911
2025-09-15 15:00:00+00:00,3724.225,22.71142857,0.99462978,0.99133898,0.00041119,0.00114137,0.00063572
2025-09-15 16:00:00+00:00,3672.5625,22.20676285,0.99480166,0.99244141,0.00052707,0.00063915,0.00102312
2025-09-15 17:00:00+00:00,3637.4625,22.59600006,0.99576363,0.99387203,0.0004743,0.00037263,0.00097846
2025-09-15 18:00:00+00:00,3599.135,22.42341249,0.99580194,0.9938516,0.00048281,0.00046331,0.00094888
2025-09-15 19:00:00+00:00,3528.03,21.92135519,0.99511688,0.9936271,0.00031636,0.0004226,0.00068332
2025-09-15 20:00:00+00:00,3358.405,21.81836915,0.99439928,0.99292697,0.00028119,0.00057479,0.00059156
2025-09-15 21:00:00+00:00,3133.815,21.74873489,0.99443947,0.99341138,0.00012,0.00043779,0.0003977
2025-09-15 22:00:00+00:00,2918.13,21.70515318,0.99317928,0.99254786,0.00010732,0.00020915,7.227e-05
2025-09-15 23:00:00+00:00,2775.8625,20.838366,0.9908819,0.98992268,0.00016075,0.00038873,0.00010896
2025-09-16 00:00:00+00:00,2702.86,21.19757809,0.99069018,0.98865672,0.00013197,0.0010431,0.00028589
2025-09-16 01:00:00+00:00,2658.5075,21.16305821,0.99133758,0.98907557,0.00010007,0.0011011,0.0002189
2025-09-16 02:00:00+00:00,2635.76,21.22944102,0.99099507,0.98934929,8.615e-05,0.00075732,0.00019331
2025-09-16 03:00:00+00:00,2736.865,21.27405631,0.99086203,0.98979887,1.19e-05,0.00051093,3.468e-05
2025-09-16 04:00:00+00:00,3097.6675,21.80265241,0.99162535,0.99035191,0.00021733,0.00028623,0.00051139
2025-09-16 05:00:00+00:00,3445.995,22.39590812,0.99264666,0.98992931,0.00051708,0.00097637,0.00085972
2025-09-16 06:00:00+00:00,3562.91,22.81013569,0.99315051,0.99076564,0.00086648,0.00034738,0.00097018
2025-09-16 07:00:00+00:00,3582.72,22.90693859,0.9914135,0.98890016,0.00095905,0.00024574,0.00101424
2025-09-16 08:00:00+00:00,3508.38,23.53617689,0.99234801,0.99013857,0.00070069,0.00016869,0.00111476
2025-09-16 09:00:00+00:00,3413.59,23.56973367,0.99308059,0.991307,0.00065305,0.00012863,0.00062094
2025-09-16 10:00:00+00:00,3361.0875,24.13626096,0.98627082,0.98361147,0.00051718,0.00059692,0.00048127
2025-09-16 11:00:00+00:00,3321.5075,25.98785728,0.9861836,0.97953266,0.0001959,0.00196257,0.0001271
2025-09-16 12:00:00+00:00,3254.825,25.65243773,0.97702866,0.97054712,9.673e-05,0.00189386,3.701e-05
2025-09-16 13:00:00+00:00,3325.04,23.85537942,0.9857913,0.98283181,0.00042762,0.00082331,0.00041386
2025-09-16 14:00:00+00:00,3466.72,23.04098381,0.99145451,0.98974839,0.00050484,0.00014688,0.00082727
2025-09-16 15:00:00+00:00,3472.785,23.06868782,0.99168432,0.98951989,0.00070409,0.00018441,0.00113378
2025-09-16 16:00:00+00:00,3412.19,23.35739359,0.99406333,0.99226278,0.00071973,7.994e-05,0.00102654
2025-09-16 17:00:00+00:00,3460.855,23.46591956,0.99506096,0.99326562,0.00069265,7.764e-05,0.00105247
2025-09-16 18:00:00+00:00,3494.3575,23.39294726,0.99529771,0.99362016,0.0007283,7.685e-05,0.00092183
2025-09-16 19:00:00+00:00,3392.9275,23.31171027,0.99487101,0.99309876,0.00091582,0.0,0.00095996
2025-09-16 20:00:00+00:00,3239.405,22.65942896,0.99299594,0.99118378,0.00088104,0.0,0.00097937
2025-09-16 21:00:00+00:00,3008.65,22.23926441,0.99225413,0.99050072,0.00086391,0.0,0.00094931
2025-09-16 22:00:00+00:00,2812.78,22.01127094,0.99142134,0.98986363,0.00078959,0.0,0.00029257
2025-09-16 23:00:00+00:00,2702.905,21.74718051,0.99081062,0.98930535,0.00075241,0.0,0.00028134
2025-09-17 00:00:00+00:00,2659.8225,21.45574639,0.99027278,0.98855117,0.00082587,2.075e-05,0.00099757
2025-09-17 01:00:00+00:00,2611.04,21.61809427,0.99127206,0.98936862,0.00091181,0.0,0.00111733
2025-09-17 02:00:00+00:00,2607.8425,21.88974905,0.99109239,0.98919053,0.0009236,0.0,0.00113237
2025-09-17 03:00:00+00:00,2713.3925,22.30821351,0.99157526,0.989768,0.00088918,9.209e-05,0.00100404
2025-09-17 04:00:00+00:00,3042.12,23.09583799,0.99401794,0.9920994,0.00085313,4.086e-05,0.00105395
2025-09-17 05:00:00+00:00,3406.81,23.62578501,0.99771196,0.99681303,0.00030457,0.0,0.00073386
2025-09-17 06:00:00+00:00,3467.9275,23.6925323,0.99764813,0.99670889,0.00028175,0.0,0.00085205
2025-09-17 07:00:00+00:00,3409.1325,23.74786317,0.99728701,0.99631636,0.00029894,7.04e-06,0.00088655
2025-09-17 08:00:00+00:00,3295.6875,23.63254431,0.9963051,0.99516224,0.00032059,2.99e-05,0.00090554
2025-09-17 09:00:00+00:00,3244.785,23.1147087,0.99135785,0.98982867,0.0003317,0.00014907,0.00096438
2025-09-17 10:00:00+00:00,3235.0625,22.87006177,0.98709935,0.98539855,0.00035051,0.00018049,0.00114725
2025-09-17 11:00:00+00:00,3191.165,22.80518517,0.98449457,0.98259187,0.00035183,0.00030621,0.00109409
2025-09-17 12:00:00+00:00,3197.965,22.68287814,0.98548914,0.9839468,0.00032998,0.00015361,0.00101669
2025-09-17 13:00:00+00:00,3225.8125,23.03285663,0.99059901,0.98934251,0.0002686,9.931e-05,0.00097869
2025-09-17 14:00:00+00:00,3281.46,23.57306311,0.99532537,0.99426551,0.0002195,4.088e-05,0.00092405
2025-09-17 15:00:00+00:00,3291.46,23.92091607,0.99845223,0.99819693,3.543e-05,0.0,0.00013904
2025-09-17 16:00:00+00:00,3324.9125,23.83274267,0.99887626,0.99746774,0.00129709,0.0,0.0
2025-09-17 17:00:00+00:00,3378.6825,23.81994078,0.99900661,0.99837869,0.00051063,0.0,0.0
2025-09-17 18:00:00+00:00,3427.0275,23.43374159,0.99779245,0.99754892,3.24e-06,8.9e-06,0.0001288
2025-09-17 19:00:00+00:00,3334.1825,23.58744727,0.99763288,0.9973152,0.0,0.0,0.0002255
2025-09-17 20:00:00+00:00,3180.86,23.40597973,0.9964292,0.99592109,0.0,0.0,0.00043007
2025-09-17 21:00:00+00:00,2973.92,22.84221208,0.99541423,0.99484663,0.0,0.0,0.0005209
2025-09-17 22:00:00+00:00,2747.29,22.39211639,0.99309099,0.99231907,1.2e-06,0.0,0.00028069
2025-09-17 23:00:00+00:00,2669.45,21.99322835,0.99123067,0.98989262,4.8e-07,0.00019536,0.00034789
2025-09-18 00:00:00+00:00,2613.195,22.14779938,0.99155928,0.99033063,0.00019493,1.309e-05,0.00100059
2025-09-18 01:00:00+00:00,2560.65,22.24492062,0.99281692,0.99169997,0.00019432,1e-05,0.00086948
2025-09-18 02:00:00+00:00,2552.34,22.35701751,0.99179397,0.99049799,0.00017204,4.218e-05,0.00101507
2025-09-18 03:00:00+00:00,2652.5775,22.8696488,0.9924919,0.9913042,5.655e-05,6.556e-05,0.00098916
2025-09-18 04:00:00+00:00,2986.515,23.28192914,0.9954648,0.9916037,0.00298626,6.102e-05,0.00062746
2025-09-18 05:00:00+00:00,3357.935,23.48258982,0.99889252,0.99414375,0.00448303,0.0,0.00016263
2025-09-18 06:00:00+00:00,3490.21,23.54484317,0.99905697,0.99310114,0.00567218,0.0,0.00021879
2025-09-18 07:00:00+00:00,3537.3125,23.56495906,0.99918239,0.9927681,0.00604149,0.0,0.00037831
2025-09-18 08:00:00+00:00,3532.695,23.27154516,0.99518338,0.9916804,0.00246028,8.518e-05,0.00093808
2025-09-18 09:00:00+00:00,3515.5175,22.80940003,0.98974265,0.98806706,0.00042504,0.00010702,0.00103444
2025-09-18 10:00:00+00:00,3506.67,22.74749327,0.98838744,0.98699508,0.00017999,0.00018083,0.00076729
2025-09-18 11:00:00+00:00,3436.505,22.53694079,0.98994919,0.98915347,0.00010086,8.383e-05,0.00040058
2025-09-18 12:00:00+00:00,3388.9525,22.09444037,0.9882785,0.98754597,9.131e-05,5.209e-05,0.00039333
2025-09-18 13:00:00+00:00,3407.9925,21.78642455,0.988311,0.98745736,0.00012184,2.746e-05,0.00055925
2025-09-18 14:00:00+00:00,3455.875,21.86863636,0.99066504,0.98965744,0.00013864,9.888e-05,0.0006121
2025-09-18 15:00:00+00:00,3433.185,23.07063156,0.99430532,0.99126818,0.00227102,1.805e-05,0.00078998
2025-09-18 16:00:00+00:00,3402.02,23.27028684,0.99626843,0.9921859,0.00339925,0.0,0.00076131
2025-09-18 17:00:00+00:00,3439.2175,23.45096438,0.99729234,0.9928998,0.00377568,0.0,0.00071168
2025-09-18 18:00:00+00:00,3486.4825,23.27015825,0.99669835,0.99250084,0.00352041,0.0,0.0007977
2025-09-18 19:00:00+00:00,3391.6925,22.8264219,0.99516455,0.99119106,0.00326773,0.0,0.00080533
2025-09-18 20:00:00+00:00,3235.125,22.38537659,0.99363565,0.99012501,0.00269284,0.0,0.00086346
2025-09-18 21:00:00+00:00,3014.3525,22.04689136,0.9930313,0.99170836,0.00049633,0.0,0.00088961
2025-09-18 22:00:00+00:00,2857.5025,21.61598279,0.99162357,0.9904049,0.00026027,0.0,0.00036341
2025-09-18 23:00:00+00:00,2790.615,21.53326173,0.99104659,0.98992683,0.00024097,2.659e-05,0.00030606
2025-09-19 00:00:00+00:00,2697.8325,21.56187354,0.99093538,0.98993433,0.00023231,0.0,0.00078688
2025-09-19 01:00:00+00:00,2632.5875,21.57112981,0.99198,0.99102807,0.00021855,0.0,0.00074492
2025-09-19 02:00:00+00:00,2626.8625,21.67432663,0.99146468,0.99048108,0.00021891,0.0,0.000751
2025-09-19 03:00:00+00:00,2737.0925,22.05245026,0.99091971,0.98967921,0.00026225,0.0,0.00093418
2025-09-19 04:00:00+00:00,3061.6525,22.59170625,0.99334874,0.98931109,0.00302558,6.592e-05,0.00096572
2025-09-19 05:00:00+00:00,3420.1675,23.46206212,0.99633995,0.98145612,0.01428345,0.0,0.00065968
2025-09-19 06:00:00+00:00,3491.22,23.90621252,0.99720758,0.98143396,0.01523516,0.0,0.00060186
2025-09-19 07:00:00+00:00,3440.3975,23.71739911,0.99583189,0.98131178,0.01390734,0.0,0.00061039
2025-09-19 08:00:00+00:00,3360.4,23.24997475,0.99265451,0.98075791,0.01111268,4.292e-05,0.00069874
2025-09-19 09:00:00+00:00,3329.5025,22.81275355,0.98845159,0.98693629,0.00035877,0.00018054,0.00070945
2025-09-19 10:00:00+00:00,3329.09,22.66324291,0.98548583,0.98411781,0.00017093,0.00029018,0.0005778
2025-09-19 11:00:00+00:00,3336.6475,22.5211568,0.98529208,0.98408224,0.00013205,0.00025945,0.00043222
2025-09-19 12:00:00+00:00,3335.6025,22.56490287,0.98848672,0.98744555,0.00010808,0.00023771,0.00034962
2025-09-19 13:00:00+00:00,3384.63,22.26879128,0.98929788,0.9880493,0.00022783,0.00011127,0.00078622
2025-09-19 14:00:00+00:00,3437.665,22.75781156,0.99394878,0.99212852,0.00107487,0.0,0.00079357
2025-09-19 15:00:00+00:00,3440.97,22.95599498,0.99578671,0.99142973,0.00377029,0.0,0.00069504
2025-09-19 16:00:00+00:00,3403.2675,22.86006419,0.99677971,0.99212763,0.00393019,0.0,0.00055436
2025-09-19 17:00:00+00:00,3424.365,22.39233245,0.99603756,0.99167403,0.00359812,0.0,0.00057038
2025-09-19 18:00:00+00:00,3336.255,22.05696409,0.99551525,0.99117156,0.00372284,0.0,0.00059106
2025-09-19 19:00:00+00:00,3200.3275,21.42422096,0.99466698,0.99327391,0.00078642,0.0,0.00064357
2025-09-19 20:00:00+00:00,3065.8275,20.5577126,0.99317253,0.99184475,0.00067312,0.0,0.00075008
2025-09-19 21:00:00+00:00,2931.245,20.15322994,0.99319177,0.99186309,0.00063075,0.0,0.00072429
2025-09-19 22:00:00+00:00,2808.3925,20.78734672,0.99388777,0.9931067,0.0002339,0.0,0.00045051
2025-09-19 23:00:00+00:00,2667.7925,20.85647683,0.99340331,0.99275247,0.00018756,0.0,0.0003632
2025-09-20 00:00:00+00:00,2572.595,20.12983383,0.99186032,0.99114668,2.543e-05,0.0,0.00058565
2025-09-20 01:00:00+00:00,2528.2775,20.27698592,0.99152009,0.99077859,0.0,0.0,0.00060354
2025-09-20 02:00:00+00:00,2477.605,20.37273489,0.99179852,0.99099894,0.0,7.507e-05,0.00061134
2025-09-20 03:00:00+00:00,2494.225,20.64002027,0.99177843,0.99061835,0.0,0.00033393,0.00074966
2025-09-20 04:00:00+00:00,2561.39,20.91467255,0.99210771,0.99084294,0.0,0.00049531,0.00069902
2025-09-20 05:00:00+00:00,2639.5075,21.25470172,0.9927539,0.99169521,8.58e-06,0.00012361,0.00072168
2025-09-20 06:00:00+00:00,2798.59,21.21007305,0.99167505,0.99006863,0.00025563,0.00050992,0.00080602
2025-09-20 07:00:00+00:00,2971.3275,21.08727155,0.98999915,0.98835794,0.00044132,0.00027488,0.00085599
2025-09-20 08:00:00+00:00,3071.455,21.22624903,0.98848449,0.98714047,0.00043521,0.0,0.00082286
2025-09-20 09:00:00+00:00,3090.8075,21.41665261,0.98602748,0.98477759,0.0002851,0.00028953,0.00053649
2025-09-20 10:00:00+00:00,3098.6225,21.87836348,0.98654948,0.98618316,0.0,0.00013146,6.04e-06
2025-09-20 11:00:00+00:00,3070.665,21.88954963,0.98543627,0.98445247,0.00018396,0.00023715,0.00033006
2025-09-20 12:00:00+00:00,3041.445,21.81093252,0.98457228,0.98319808,0.00039871,0.00018159,0.00051005
2025-09-20 13:00:00+00:00,3074.385,21.68681277,0.98536492,0.98403501,0.00037974,4.661e-05,0.00059398
2025-09-20 14:00:00+00:00,3159.3025,21.99655421,0.98892733,0.98765778,0.00039378,0.0,0.00068197
2025-09-20 15:00:00+00:00,3197.925,23.10250667,0.99426819,0.98497088,0.00842685,0.0,0.00068894
2025-09-20 16:00:00+00:00,3218.7525,23.45189894,0.99519764,0.9850873,0.0092196,0.0,0.0007151
2025-09-20 17:00:00+00:00,3212.835,23.21364056,0.99442101,0.98540645,0.0081998,0.0,0.0005815
2025-09-20 18:00:00+00:00,3140.435,22.68509425,0.99394339,0.98590038,0.00741824,0.0,0.00047311
2025-09-20 19:00:00+00:00,3018.8825,22.39535499,0.99377392,0.98593105,0.00731598,0.0,0.0003717
2025-09-20 20:00:00+00:00,2926.935,22.3375834,0.99275425,0.99165635,0.00036538,0.0,0.00052811
2025-09-20 21:00:00+00:00,2813.6775,21.82940591,0.99150889,0.99027753,0.00032188,0.0,0.00062232
2025-09-20 22:00:00+00:00,2719.045,21.32294484,0.99104993,0.99010707,0.00019932,0.0,0.00055573
2025-09-20 23:00:00+00:00,2607.115,22.04497201,0.99350099,0.99336381,0.0,0.0,2.3e-07
2025-09-21 00:00:00+00:00,2520.8775,22.58769125,0.99462766,0.99441861,3.2e-07,4.677e-05,7.2e-07
2025-09-21 01:00:00+00:00,2496.1,23.40201786,0.99584578,0.99569159,0.0,0.0,0.0
2025-09-21 02:00:00+00:00,2482.045,22.83618068,0.99524454,0.99508924,0.0,0.0,0.0
2025-09-21 03:00:00+00:00,2467.36,22.79803886,0.99531733,0.99515669,0.0,1.77e-06,0.0
2025-09-21 04:00:00+00:00,2502.7525,22.31019385,0.99408152,0.99393263,0.0,0.0,0.0
2025-09-21 05:00:00+00:00,2576.365,21.74759133,0.9925649,0.9922065,1.2e-07,0.00011849,1.63e-06
2025-09-21 06:00:00+00:00,2753.88,21.41672291,0.99205254,0.99175502,2.3e-07,7.587e-05,1.22e-06
2025-09-21 07:00:00+00:00,2952.515,21.542328,0.9919145,0.99172795,0.0,0.0,0.0
2025-09-21 08:00:00+00:00,3088.77,21.35279206,0.9904127,0.99020461,0.0,0.0,0.0
2025-09-21 09:00:00+00:00,3139.5575,21.52373688,0.99007929,0.98977872,0.0,7.953e-05,3.56e-06
2025-09-21 10:00:00+00:00,3165.9325,21.73432084,0.98987292,0.98944291,1.02e-06,8.242e-05,4.31e-06
2025-09-21 11:00:00+00:00,3129.055,21.3670869,0.98834125,0.98788468,7.7e-07,0.00010909,4.43e-06
2025-09-21 12:00:00+00:00,3067.3575,21.05397228,0.98783395,0.98725611,4.85e-06,0.00014404,0.00032119
2025-09-21 13:00:00+00:00,3035.0375,21.19184202,0.98793595,0.98637873,0.00025064,0.0003771,0.00078615
2025-09-21 14:00:00+00:00,3078.86,21.41366441,0.99012589,0.98832418,0.00046873,0.00024603,0.00086487
2025-09-21 15:00:00+00:00,3154.925,21.26281708,0.99172187,0.98946224,0.00041663,0.00083243,0.00079812
2025-09-21 16:00:00+00:00,3236.01,21.22965908,0.99285151,0.99050736,0.00031035,0.00119859,0.00076988
2025-09-21 17:00:00+00:00,3350.1525,21.40555095,0.99335424,0.99106415,0.00030251,0.00120819,0.00070558
2025-09-21 18:00:00+00:00,3367.59,21.43278852,0.9934875,0.99149446,0.00028772,0.00109266,0.00061473
2025-09-21 19:00:00+00:00,3289.9775,21.12872489,0.99272335,0.99045131,0.00025828,0.00122549,0.00073085
2025-09-21 20:00:00+00:00,3178.8125,20.79563692,0.99221455,0.98988937,0.00028622,0.00127692,0.00078973
2025-09-21 21:00:00+00:00,3037.245,20.5444384,0.99188303,0.98921112,0.00035587,0.00142716,0.00087653
2025-09-21 22:00:00+00:00,2909.545,19.87269769,0.99152256,0.98936247,0.00038644,0.0010415,0.00079369
2025-09-21 23:00:00+00:00,2824.0875,20.11969606,0.99177302,0.98983901,0.00030228,0.00086722,0.00060878
2025-09-22 00:00:00+00:00,2787.2925,20.2229939,0.99107858,0.9887647,0.00033871,0.00117166,0.00021992
2025-09-22 01:00:00+00:00,2743.8375,20.32956675,0.99202602,0.98974018,0.00029303,0.00128115,0.00019245
2025-09-22 02:00:00+00:00,2769.8625,20.25302502,0.99177161,0.9893601,0.00021978,0.00154509,0.00017192
2025-09-22 03:00:00+00:00,2885.16,20.58389045,0.9927361,0.99066736,0.00035228,0.00106508,0.00017476
2025-09-22 04:00:00+00:00,3285.225,21.51389979,0.99428812,0.99266321,0.00029753,0.00064333,0.00018306
2025-09-22 05:00:00+00:00,3681.62,22.22721747,0.99564788,0.98608868,0.00864807,0.00042858,0.00011979
2025-09-22 06:00:00+00:00,3759.2425,22.65078768,0.99604274,0.98254429,0.0126985,0.00028514,0.00012731
2025-09-22 07:00:00+00:00,3679.0025,22.54842992,0.99515196,0.98566532,0.008426,0.00042606,0.00016239
2025-09-22 08:00:00+00:00,3568.67,22.18504629,0.99174749,0.98866485,0.00175915,0.00065186,0.00015553
2025-09-22 09:00:00+00:00,3485.11,22.04280109,0.98990323,0.98802329,0.00033213,0.00079029,0.00019141
2025-09-22 10:00:00+00:00,3447.5075,21.85104471,0.98781475,0.98630759,1.801e-05,0.00093013,0.00043634
2025-09-22 11:00:00+00:00,3421.5125,21.77680618,0.98624576,0.98439705,0.00022302,0.00096355,0.00056105
2025-09-22 12:00:00+00:00,3377.11,21.59976958,0.98625001,0.98450811,3.091e-05,0.00105805,0.00049854
2025-09-22 13:00:00+00:00,3394.0775,21.8395198,0.98955358,0.98812368,2.505e-05,0.00094827,0.00033916
2025-09-22 14:00:00+00:00,3483.1,22.06867373,0.99208064,0.9906002,7.602e-05,0.00075432,0.00049334
2025-09-22 15:00:00+00:00,3499.78,22.6288921,0.9956704,0.99127817,0.00323773,0.00047623,0.00051827
2025-09-22 16:00:00+00:00,3550.8275,23.26316819,0.99740268,0.99258409,0.00381245,0.00023258,0.00056872
2025-09-22 17:00:00+00:00,3681.3125,22.93072734,0.99676749,0.99220137,0.00355179,0.00025699,0.00052244
2025-09-22 18:00:00+00:00,3720.1875,23.01003257,0.99782386,0.99329423,0.00368399,0.00018442,0.00049558
2025-09-22 19:00:00+00:00,3595.76,22.47672603,0.9972024,0.99294617,0.00330531,0.00030308,0.00047661
2025-09-22 20:00:00+00:00,3457.7525,22.25131192,0.99602628,0.99489991,3.541e-05,0.00044115,0.00046937
2025-09-22 21:00:00+00:00,3267.6925,21.61176626,0.99524063,0.99389969,2.431e-05,0.00067146,0.00041232
2025-09-22 22:00:00+00:00,3185.4725,22.1613213,0.99425339,0.99263274,0.00044828,0.0005931,0.00018592
2025-09-22 23:00:00+00:00,3039.6425,21.35084314,0.99311754,0.99124757,3.902e-05,0.00093862,0.00017921
2025-09-23 00:00:00+00:00,2961.86,21.47380816,0.99315326,0.9914047,3.726e-05,0.00083706,0.00061137
2025-09-23 01:00:00+00:00,2937.25,21.34680209,0.99380104,0.99197724,4.035e-05,0.00086903,0.00073687
2025-09-23 02:00:00+00:00,2995.005,21.44295431,0.99274463,0.99110129,3.009e-05,0.00088813,0.00055171
2025-09-23 03:00:00+00:00,3162.7875,21.64685244,0.99175007,0.98984505,0.00015639,0.00071944,0.00075938
2025-09-23 04:00:00+00:00,3587.295,22.92106967,0.99515475,0.99410866,0.00019139,0.00015938,0.00047703
2025-09-23 05:00:00+00:00,3992.0225,23.37189418,0.9985925,0.97316889,0.02506003,0.0,0.00020775
2025-09-23 06:00:00+00:00,4029.0425,23.50491278,0.99910629,0.97176457,0.02708224,0.0,0.00010985
2025-09-23 07:00:00+00:00,3927.865,23.61092056,0.99746126,0.97142668,0.02527439,7.844e-05,0.00039369
2025-09-23 08:00:00+00:00,3740.585,23.6795252,0.9946926,0.97057169,0.02262523,0.00010162,0.00066442
2025-09-23 09:00:00+00:00,3580.655,23.46610954,0.99455824,0.97158459,0.02185306,0.00014278,0.00043152
2025-09-23 10:00:00+00:00,3479.3075,23.30064287,0.99289335,0.97128384,0.02039093,0.00024711,0.00042887
2025-09-23 11:00:00+00:00,3430.075,23.14568147,0.99176935,0.97194174,0.01858988,0.00046421,0.00043821
2025-09-23 12:00:00+00:00,3420.9675,23.19861443,0.99218084,0.97186898,0.01909513,0.00046802,0.00041204
2025-09-23 13:00:00+00:00,3442.8325,23.50214954,0.99552571,0.97312613,0.02145625,0.00028532,0.00037
2025-09-23 14:00:00+00:00,3540.4825,23.79185522,0.99690797,0.9722394,0.02393367,0.00012303,0.00033778
2025-09-23 15:00:00+00:00,3560.57,24.07888547,0.99802321,0.97077653,0.0267822,0.0,0.00023234
2025-09-23 16:00:00+00:00,3606.89,24.01250327,0.99954922,0.97048689,0.02895997,0.0,0.0
2025-09-23 17:00:00+00:00,3749.225,24.02345114,0.99961915,0.97164728,0.02786862,0.0,0.0
2025-09-23 18:00:00+00:00,3798.9425,24.025644,0.99914397,0.97257803,0.02645907,0.0,0.0
2025-09-23 19:00:00+00:00,3714.99,24.08749547,0.99850065,0.97143749,0.02634037,0.0,0.0005322
2025-09-23 20:00:00+00:00,3548.63,23.84622105,0.99704222,0.97225666,0.02385544,0.0001059,0.0006147
2025-09-23 21:00:00+00:00,3310.235,23.44369542,0.9972412,0.97408591,0.02178185,0.00028264,0.00082263
2025-09-23 22:00:00+00:00,3133.5075,23.55193569,0.99663201,0.98923383,0.00609311,0.00010508,0.000337
2025-09-23 23:00:00+00:00,3034.7675,23.31910026,0.9949951,0.98231925,0.0111851,0.00013434,0.00051679
2025-09-24 00:00:00+00:00,2966.1975,23.25090838,0.99436694,0.99138273,0.00163553,0.00013578,0.00105444
2025-09-24 01:00:00+00:00,2883.4925,23.3518133,0.99609326,0.99164607,0.00311382,8.709e-05,0.00032775
2025-09-24 02:00:00+00:00,2938.87,22.79184596,0.99357917,0.99035821,0.00158476,0.00022955,0.00115062
2025-09-24 03:00:00+00:00,3035.1175,23.61592068,0.99494322,0.98707358,0.00675762,4.187e-05,0.00092735
2025-09-24 04:00:00+00:00,3475.8875,23.91514744,0.995778,0.98755097,0.00711893,4.808e-05,0.00075141
2025-09-24 05:00:00+00:00,3918.0175,24.04401917,0.99775252,0.98885595,0.00841842,0.0,0.00030206
2025-09-24 06:00:00+00:00,4013.8525,24.00365442,0.99730444,0.9890095,0.0073954,2.223e-05,0.00063703
2025-09-24 07:00:00+00:00,3865.23,23.85700216,0.99607904,0.98828189,0.00671856,0.0,0.00079852
2025-09-24 08:00:00+00:00,3716.285,23.54085947,0.99326883,0.98650466,0.00572116,0.0,0.00069
2025-09-24 09:00:00+00:00,3585.1075,23.51048381,0.99241397,0.98597933,0.0054298,0.0,0.00063036
2025-09-24 10:00:00+00:00,3484.6625,22.96919578,0.98660192,0.98194325,0.00327843,0.0,0.0008529
2025-09-24 11:00:00+00:00,3438.835,22.65631539,0.98380341,0.98178275,0.00050082,0.0,0.00096445
2025-09-24 12:00:00+00:00,3415.1475,22.63565489,0.98492063,0.98296393,0.00058391,0.0,0.00088194
2025-09-24 13:00:00+00:00,3421.11,22.81987947,0.98879207,0.9840779,0.00337692,0.0,0.00083206
2025-09-24 14:00:00+00:00,3507.5025,23.33159756,0.99332291,0.98719504,0.00491794,0.0,0.00086569
2025-09-24 15:00:00+00:00,3567.4225,23.82559077,0.99642095,0.98899557,0.00678671,0.0,0.00039478
2025-09-24 16:00:00+00:00,3637.3925,24.02998753,0.99766652,0.98894921,0.00861114,0.0,0.0
2025-09-24 17:00:00+00:00,3767.82,23.99825726,0.99748904,0.98856679,0.00882233,0.0,0.0
2025-09-24 18:00:00+00:00,3834.2725,23.98969424,0.99799514,0.98896068,0.00893088,0.0,0.0
2025-09-24 19:00:00+00:00,3785.63,23.22766353,0.99478535,0.98766946,0.00643313,1.22e-06,0.00044464
2025-09-24 20:00:00+00:00,3633.015,23.1853839,0.99372409,0.98697007,0.00592264,0.0,0.00055014
2025-09-24 21:00:00+00:00,3388.825,23.29866922,0.99496303,0.98811048,0.00600916,0.0,0.00057292
2025-09-24 22:00:00+00:00,3222.55,22.60575976,0.99230848,0.98704034,0.00421683,0.0,0.00027518
2025-09-24 23:00:00+00:00,3115.9425,23.00501269,0.99262761,0.98806159,0.00340941,0.0,0.00028448
2025-09-25 00:00:00+00:00,3045.22,23.45841724,0.99341087,0.98838523,0.00395179,0.0,0.00074685
2025-09-25 01:00:00+00:00,3003.58,23.16919948,0.99418819,0.98802587,0.00503742,0.0,0.00078877
2025-09-25 02:00:00+00:00,3046.1725,23.12255581,0.99329782,0.98698241,0.00520969,0.0,0.00075626
2025-09-25 03:00:00+00:00,3220.6525,22.56236293,0.99106865,0.98542815,0.0045773,0.0,0.0007118
2025-09-25 04:00:00+00:00,3641.8675,22.96543026,0.99355143,0.98710322,0.00604425,2.2e-07,0.00021618
2025-09-25 05:00:00+00:00,4041.6825,23.81974456,0.99835301,0.98319431,0.0150534,0.0,0.0
2025-09-25 06:00:00+00:00,4106.715,23.7611211,0.99835796,0.98510506,0.0131488,0.0,0.0
2025-09-25 07:00:00+00:00,3994.6325,23.43702386,0.99494072,0.98666593,0.00769396,0.0,0.00036551
2025-09-25 08:00:00+00:00,3811.5,23.46731744,0.99245841,0.98437961,0.00707089,0.0,0.00065519
2025-09-25 09:00:00+00:00,3668.06,23.70449977,0.99229806,0.98411584,0.00711561,0.0,0.00070422
2025-09-25 10:00:00+00:00,3603.9075,23.28960716,0.98679217,0.98059144,0.0050755,0.0,0.00069389
2025-09-25 11:00:00+00:00,3537.99,23.05818236,0.98468271,0.98004314,0.00353123,0.0,0.00066834
2025-09-25 12:00:00+00:00,3488.9875,22.8851452,0.98450985,0.98071089,0.00270399,0.0,0.00064505
2025-09-25 13:00:00+00:00,3475.95,23.25085706,0.98961279,0.98380821,0.00480837,0.0,0.0006075
2025-09-25 14:00:00+00:00,3544.4625,23.28138446,0.99234529,0.98604078,0.00557291,0.0,0.00044899
2025-09-25 15:00:00+00:00,3560.605,23.5700481,0.99445983,0.98686829,0.00695209,0.0,0.00041077
2025-09-25 16:00:00+00:00,3610.9925,23.5643506,0.99640847,0.98854781,0.00750626,6.627e-05,0.00014367
2025-09-25 17:00:00+00:00,3704.3,23.35120661,0.99649533,0.98849759,0.0075944,0.00011248,0.0001521
2025-09-25 18:00:00+00:00,3781.345,23.61313951,0.99771102,0.98904621,0.00855302,0.0,0.0
2025-09-25 19:00:00+00:00,3741.38,23.60470026,0.99694272,0.98885658,0.00778361,3.508e-05,0.00012056
2025-09-25 20:00:00+00:00,3615.945,23.47248991,0.99501848,0.98716767,0.00699999,9.238e-05,0.00051424
2025-09-25 21:00:00+00:00,3376.74,23.51942577,0.99544037,0.98759573,0.00691353,5.571e-05,0.00061052
2025-09-25 22:00:00+00:00,3176.8025,23.46382342,0.99354347,0.98581213,0.00631553,0.00011702,0.00034008
2025-09-25 23:00:00+00:00,3050.9375,23.3786666,0.99232985,0.9849442,0.00574124,0.0001613,0.00038049
2025-09-26 00:00:00+00:00,2971.175,23.38678098,0.99183683,0.98466729,0.00552542,0.00014083,0.00103409
2025-09-26 01:00:00+00:00,2929.0175,23.26902519,0.99262001,0.98578542,0.00527756,3.473e-05,0.001041
2025-09-26 02:00:00+00:00,2954.525,23.47380187,0.99186054,0.98479788,0.00567672,0.0,0.00092855
2025-09-26 03:00:00+00:00,3069.87,23.50912684,0.99157039,0.9841353,0.00617231,0.0,0.00082313
2025-09-26 04:00:00+00:00,3455.7625,23.76631615,0.99428794,0.98610339,0.00737656,0.0,0.00049271
2025-09-26 05:00:00+00:00,3851.125,23.98406773,0.99763533,0.97681375,0.0206672,0.0,3.275e-05
2025-09-26 06:00:00+00:00,3973.6075,23.91216214,0.99800094,0.97510383,0.02275145,2.9e-07,5.587e-05
2025-09-26 07:00:00+00:00,3972.1925,23.94043931,0.99849779,0.97574958,0.02260986,1.6e-07,5.755e-05
2025-09-26 08:00:00+00:00,3854.585,24.03142707,0.99833082,0.97688988,0.02117272,5.8e-07,0.00021068
2025-09-26 09:00:00+00:00,3723.83,24.09817232,0.99819323,0.97705153,0.02078342,1.1e-06,0.00033686
2025-09-26 10:00:00+00:00,3619.1125,24.08222718,0.9970436,0.97612194,0.02054388,1.22e-06,0.0003697
2025-09-26 11:00:00+00:00,3479.2325,24.02282227,0.99642439,0.97566117,0.02042527,1.29e-06,0.00035707
2025-09-26 12:00:00+00:00,3413.2925,23.8874711,0.99385788,0.97522854,0.01821566,1.63e-06,0.00043555
2025-09-26 13:00:00+00:00,3352.4425,23.79912605,0.9947789,0.9761418,0.01827911,0.0,0.00041188
2025-09-26 14:00:00+00:00,3379.115,23.818484,0.99595085,0.97758278,0.01798537,0.0,0.00044265
2025-09-26 15:00:00+00:00,3427.72,23.68856096,0.9947937,0.98599742,0.00829364,0.0,0.00043245
2025-09-26 16:00:00+00:00,3542.515,23.76129,0.99720754,0.98573621,0.01136455,0.0,0.0
2025-09-26 17:00:00+00:00,3634.7475,23.75634142,0.99736009,0.98519247,0.01206672,0.0,0.0
2025-09-26 18:00:00+00:00,3573.3225,23.9354562,0.99720276,0.98771638,0.00936941,0.0,0.0
2025-09-26 19:00:00+00:00,3465.905,23.82928247,0.99644971,0.98714901,0.00916119,0.0,5.87e-06
2025-09-26 20:00:00+00:00,3379.2175,23.28113478,0.99366591,0.98587862,0.0073111,0.0,0.00042104
2025-09-26 21:00:00+00:00,3225.8275,23.19728642,0.99386122,0.98634606,0.0069937,0.0,0.00056132
2025-09-26 22:00:00+00:00,3081.1825,23.01427375,0.99436314,0.99379459,6.062e-05,0.0,0.00050854
2025-09-26 23:00:00+00:00,2968.5275,23.03775803,0.99451486,0.99401252,4.886e-05,0.0,0.00063581
2025-09-27 00:00:00+00:00,2889.4,23.19331256,0.99395687,0.99348609,4.848e-05,0.0,0.0006209
2025-09-27 01:00:00+00:00,2839.5875,23.19727028,0.99367078,0.99311195,5.559e-05,0.0,0.00074473
2025-09-27 02:00:00+00:00,2828.925,23.23728476,0.99323476,0.99254999,5.698e-05,0.0,0.00077828
2025-09-27 03:00:00+00:00,2886.4175,23.39748583,0.99292619,0.99222678,5.669e-05,0.0,0.00079182
2025-09-27 04:00:00+00:00,2987.1525,23.42469883,0.99253372,0.99180043,6.796e-05,0.0,0.00067955
2025-09-27 05:00:00+00:00,3093.1725,23.40831338,0.99372003,0.99310126,0.00012834,0.0,0.00038839
2025-09-27 06:00:00+00:00,3253.7925,23.34888693,0.99236412,0.99168873,0.00016308,0.0,0.00050906
2025-09-27 07:00:00+00:00,3377.37,23.44379678,0.99109129,0.99051125,0.0001115,0.0,0.00041564
2025-09-27 08:00:00+00:00,3426.085,23.47257941,0.99091695,0.99038818,0.00011683,0.0,0.00041644
2025-09-27 09:00:00+00:00,3363.8,23.47871001,0.98823077,0.98773008,7.02e-05,0.0,0.00026353
2025-09-27 10:00:00+00:00,3267.6875,23.41231017,0.98543827,0.98481909,9.64e-05,0.0,0.00037462
2025-09-27 11:00:00+00:00,3185.195,23.31540908,0.98580636,0.98513682,0.00011581,0.0,0.0004398
2025-09-27 12:00:00+00:00,3095.7925,23.31643194,0.98587943,0.98517119,0.00011314,0.0,0.00043021
2025-09-27 13:00:00+00:00,3064.0575,23.4665192,0.98990482,0.98937402,7.774e-05,0.0,0.00029066
2025-09-27 14:00:00+00:00,3091.68,23.65513171,0.99282245,0.9924625,7.228e-05,0.0,0.00014418
2025-09-27 15:00:00+00:00,3181.07,23.94803887,0.99503407,0.98981111,0.00468434,0.0,0.00042067
2025-09-27 16:00:00+00:00,3258.9225,23.89306484,0.99565198,0.98989857,0.00562242,0.0,5.18e-06
2025-09-27 17:00:00+00:00,3320.1925,23.86573386,0.99471638,0.98953866,0.00505694,0.0,0.0
2025-09-27 18:00:00+00:00,3310.9125,23.64249444,0.99521729,0.99503222,4.61e-05,0.0,3.22e-06
2025-09-27 19:00:00+00:00,3189.9175,23.06113549,0.99272466,0.99186691,4.348e-05,0.0,0.00050699
2025-09-27 20:00:00+00:00,3106.1125,22.70452239,0.99193913,0.99077891,5.392e-05,0.0,0.00074594
2025-09-27 21:00:00+00:00,3013.4225,22.37218258,0.99121947,0.99002654,5.132e-05,0.0,0.0007116
2025-09-27 22:00:00+00:00,2929.0975,22.17064199,0.99126831,0.98990836,6.182e-05,0.0,0.00092543
2025-09-27 23:00:00+00:00,2838.0125,22.08353147,0.99145579,0.99005358,6.43e-05,0.0,0.00099947
2025-09-28 00:00:00+00:00,2754.51,22.16910708,0.99092965,0.98917898,0.00031675,0.0,0.00113409
2025-09-28 01:00:00+00:00,2710.9525,22.18995655,0.99081481,0.98894971,0.0003252,0.0,0.00118737
2025-09-28 02:00:00+00:00,2730.1875,22.31856001,0.99122439,0.98933888,0.00032344,0.0,0.00119528
2025-09-28 03:00:00+00:00,2745.365,22.30752336,0.99118748,0.98924047,0.00034752,0.0,0.00126457
2025-09-28 04:00:00+00:00,2813.885,22.50660219,0.99131344,0.9894039,0.00032597,0.0,0.0012072
2025-09-28 05:00:00+00:00,2847.0325,22.57427603,0.99138811,0.98956749,0.00026627,0.0,0.00117448
2025-09-28 06:00:00+00:00,2965.1675,22.62553178,0.99128014,0.98924836,0.00054875,0.0,0.00108263
2025-09-28 07:00:00+00:00,3065.3925,22.7249103,0.99066641,0.98906015,0.00030244,0.0,0.00098304
2025-09-28 08:00:00+00:00,3113.06,22.89113718,0.98926764,0.98764523,0.00030173,0.0,0.00105376
2025-09-28 09:00:00+00:00,3189.5025,22.80948832,0.98817318,0.98645894,0.00030688,0.0,0.00109435
2025-09-28 10:00:00+00:00,3261.615,22.52061183,0.98466529,0.98270058,0.00032515,0.0,0.00120039
2025-09-28 11:00:00+00:00,3239.77,22.39502179,0.98321252,0.9806414,0.00083659,0.0,0.00133372
2025-09-28 12:00:00+00:00,3204.7675,22.32896043,0.98486915,0.98284862,0.0003873,0.0,0.00128305
2025-09-28 13:00:00+00:00,3199.3525,23.2229904,0.99151638,0.9901436,0.00029518,0.0,0.00093443
2025-09-28 14:00:00+00:00,3236.095,23.28455061,0.99178421,0.99025881,0.00037708,0.0,0.00082655
2025-09-28 15:00:00+00:00,3292.385,23.33023324,0.99373044,0.9929005,0.00011202,0.0,0.000513
2025-09-28 16:00:00+00:00,3373.505,23.55105696,0.99561857,0.99547052,2.471e-05,0.0,1.87e-06
2025-09-28 17:00:00+00:00,3497.98,22.84403968,0.9942557,0.99410594,2.285e-05,0.0,0.0
2025-09-28 18:00:00+00:00,3492.1575,22.09840306,0.99301933,0.99265256,1.798e-05,0.0,0.00018401
2025-09-28 19:00:00+00:00,3419.1475,22.10375847,0.99292915,0.99234366,1.778e-05,0.0,0.00038908
2025-09-28 20:00:00+00:00,3279.255,21.46522714,0.99165436,0.99086101,1.421e-05,0.0,0.00052744
2025-09-28 21:00:00+00:00,3070.085,21.08213069,0.99102326,0.99031873,1.33e-05,0.0,0.00058053
2025-09-28 22:00:00+00:00,2883.86,21.1977039,0.99118105,0.98988713,0.00010534,0.00020005,0.00074874
2025-09-28 23:00:00+00:00,2764.3925,21.0874288,0.99085841,0.9893045,0.00011867,0.0002717,0.00087762
2025-09-29 00:00:00+00:00,2688.1925,20.99932606,0.9900151,0.98862683,0.00011517,2.119e-05,0.00033424
2025-09-29 01:00:00+00:00,2623.77,21.02035566,0.99016809,0.98869951,0.00022971,0.0,0.00033301
2025-09-29 02:00:00+00:00,2618.35,21.3146659,0.99000312,0.98856152,0.00013542,0.0,0.0003586
2025-09-29 03:00:00+00:00,2750.95,21.99130062,0.99159691,0.99023851,0.00022902,0.0,0.00030506
2025-09-29 04:00:00+00:00,3088.585,22.56731077,0.99289574,0.99255847,0.00013288,0.0,1.989e-05
2025-09-29 05:00:00+00:00,3438.7825,23.37155292,0.99495221,0.99096221,0.0038689,0.0,0.0
2025-09-29 06:00:00+00:00,3612.6925,23.39635684,0.99455383,0.99085108,0.00358551,0.0,0.0
2025-09-29 07:00:00+00:00,3693.2175,22.95564037,0.99265203,0.99030215,0.00183336,0.0,0.00031516
2025-09-29 08:00:00+00:00,3718.6375,22.7925666,0.99013674,0.98716276,0.00157382,0.0,0.00104894
2025-09-29 09:00:00+00:00,3658.34,23.03471508,0.99149615,0.98892417,0.00175819,0.0,0.00054768
2025-09-29 10:00:00+00:00,3637.1475,23.16292246,0.99068075,0.98761356,0.00195201,0.0,0.00075291
2025-09-29 11:00:00+00:00,3565.59,23.28824288,0.99098386,0.98781898,0.00207844,0.0,0.00074243
2025-09-29 12:00:00+00:00,3544.785,23.16527136,0.98997697,0.98682605,0.00207095,0.0,0.00072732
2025-09-29 13:00:00+00:00,3576.055,23.21029966,0.99268283,0.98937205,0.00298452,0.0,0.00013796
2025-09-29 14:00:00+00:00,3651.7625,23.18898746,0.99371425,0.98838129,0.00511122,0.0,6.635e-05
2025-09-29 15:00:00+00:00,3649.6325,23.76154971,0.99598264,0.98111409,0.01473256,0.0,0.0
2025-09-29 16:00:00+00:00,3679.29,23.77543582,0.9965213,0.97970414,0.01663112,0.0,0.0
2025-09-29 17:00:00+00:00,3718.4275,23.79312772,0.99659059,0.97922913,0.0172121,0.0,0.0
2025-09-29 18:00:00+00:00,3666.215,23.79451513,0.99631206,0.98833742,0.00783524,0.0,0.0
2025-09-29 19:00:00+00:00,3549.4175,23.343873,0.99470287,0.99052806,0.00391487,0.0,0.00011581
2025-09-29 20:00:00+00:00,3397.5675,22.81677556,0.99348574,0.98930012,0.00354031,0.0,0.00044849
2025-09-29 21:00:00+00:00,3176.0825,22.64709324,0.99265313,0.98920066,0.00223338,0.0,0.00088632
2025-09-29 22:00:00+00:00,2990.9125,22.60893439,0.9925785,0.9908715,0.00051709,6.791e-05,0.00078698
2025-09-29 23:00:00+00:00,2873.735,22.80629189,0.99327778,0.99130555,0.00062354,0.00012716,0.00086891
2025-09-30 00:00:00+00:00,2827.085,22.72589089,0.99277544,0.99080634,0.00062785,9.897e-05,0.00088917
2025-09-30 01:00:00+00:00,2770.42,22.56523241,0.99260009,0.99098914,0.00052715,0.0,0.00075807
2025-09-30 02:00:00+00:00,2783.1375,22.83984599,0.99302961,0.99095307,0.00073825,0.0,0.00100134
2025-09-30 03:00:00+00:00,2906.0925,23.13522762,0.99354852,0.99141844,0.00087138,0.0,0.00096039
2025-09-30 04:00:00+00:00,3256.9575,23.71847914,0.99627796,0.99219417,0.00382809,0.0,0.00012443
2025-09-30 05:00:00+00:00,3610.86,23.73306463,0.99655429,0.99133317,0.00508633,0.0,0.0
2025-09-30 06:00:00+00:00,3714.6975,23.792994,0.99628819,0.99081958,0.00502845,0.0,0.00027489
2025-09-30 07:00:00+00:00,3722.2375,23.85744781,0.99650709,0.99161686,0.00463223,0.0,0.00011935
2025-09-30 08:00:00+00:00,3694.7575,23.96390915,0.99495956,0.99013953,0.00398252,5e-08,0.00059021
2025-09-30 09:00:00+00:00,3632.62,23.89407201,0.99409621,0.98974116,0.00369014,4e-08,0.00040693
2025-09-30 10:00:00+00:00,3586.855,23.8716759,0.9931669,0.98877297,0.00361991,6e-08,0.00049415
2025-09-30 11:00:00+00:00,3577.3225,23.89136146,0.99455659,0.99030903,0.0037394,3e-08,0.000303
2025-09-30 12:00:00+00:00,3526.195,23.94453959,0.99477779,0.99026702,0.00387522,4e-08,0.00040053
2025-09-30 13:00:00+00:00,3572.9475,23.82370781,0.99490161,0.99122572,0.00327733,3e-08,0.00021737
2025-09-30 14:00:00+00:00,3663.22,24.02644387,0.99672069,0.99229908,0.00418136,0.0,0.00011338
2025-09-30 15:00:00+00:00,3697.455,23.8762143,0.99774818,0.99092316,0.00671339,0.0,0.0
2025-09-30 16:00:00+00:00,3729.575,23.77923664,0.99772528,0.9787896,0.01881975,0.0,0.0
2025-09-30 17:00:00+00:00,3814.195,23.69824981,0.9977443,0.97864025,0.01899772,0.0,0.0
2025-09-30 18:00:00+00:00,3739.01,23.64546862,0.99763059,0.99184503,0.00567453,0.0,0.0
2025-09-30 19:00:00+00:00,3637.485,23.64722999,0.99736595,0.99331328,0.00394399,0.0,0.0
2025-09-30 20:00:00+00:00,3508.075,23.44988588,0.99656189,0.9927152,0.00373831,0.0,0.0
2025-09-30 21:00:00+00:00,3343.355,23.09464108,0.99531833,0.99518275,2.057e-05,0.0,5.01e-06
2025-09-30 22:00:00+00:00,3159.035,23.14918573,0.99529084,0.99443551,0.00026698,0.0,0.00037716
2025-09-30 23:00:00+00:00,3063.945,23.36545885,0.9949208,0.9939464,0.00025083,0.0,0.00047977
2025-10-01 00:00:00+00:00,2973.5975,23.32516926,0.99456984,0.99369095,0.00020754,0.0,0.00045414
2025-10-01 01:00:00+00:00,2941.505,23.52087732,0.99467079,0.99349121,0.00031119,0.0,0.0006335
2025-10-01 02:00:00+00:00,2970.4525,23.59395372,0.99495685,0.99382635,0.00031054,0.0,0.00061226
2025-10-01 03:00:00+00:00,3098.51,23.8892127,0.99520971,0.99434828,0.00020073,0.0,0.00046467
2025-10-01 04:00:00+00:00,3439.305,23.95787736,0.99647877,0.98036595,0.01600385,0.0,0.0
2025-10-01 05:00:00+00:00,3784.6925,23.88566795,0.99724779,0.98018607,0.01685457,0.0,0.0
2025-10-01 06:00:00+00:00,3931.7175,23.82563644,0.99692384,0.98012552,0.0166889,0.0,0.0
2025-10-01 07:00:00+00:00,3957.31,23.69662193,0.99622547,0.97991413,0.01615873,0.0,3.579e-05
2025-10-01 08:00:00+00:00,3958.99,23.63699158,0.99476005,0.99034172,0.0041139,0.0,0.00016314
2025-10-01 09:00:00+00:00,3923.45,23.5370096,0.99291941,0.98873327,0.00363388,0.0,0.00037224
2025-10-01 10:00:00+00:00,3899.4975,23.4599784,0.99236064,0.98836533,0.00347775,0.0,0.00031311
2025-10-01 11:00:00+00:00,3852.595,23.3895876,0.99267969,0.99020008,0.00220497,0.0,9.487e-05
2025-10-01 12:00:00+00:00,3810.445,23.31700354,0.99338096,0.99073705,0.00231105,0.0,0.00014778
2025-10-01 13:00:00+00:00,3829.025,23.25912888,0.99308512,0.98964795,0.00329588,0.0,4.75e-06
2025-10-01 14:00:00+00:00,3919.7275,23.28991488,0.99428651,0.99084918,0.00330949,0.0,5.58e-06
2025-10-01 15:00:00+00:00,3900.2025,23.63350027,0.99573318,0.99191763,0.00371791,0.0,0.0
2025-10-01 16:00:00+00:00,3886.27,23.52245151,0.99673148,0.99134833,0.00518243,0.0,0.0
2025-10-01 17:00:00+00:00,3923.1075,23.4572894,0.99724019,0.99143396,0.00558376,0.0,0.0
2025-10-01 18:00:00+00:00,3866.9175,23.40644311,0.99674847,0.99212899,0.00446018,0.0,0.0
2025-10-01 19:00:00+00:00,3730.7325,23.26005051,0.9964532,0.99254531,0.00380196,0.0,0.0
2025-10-01 20:00:00+00:00,3573.815,23.09687569,0.99644526,0.99251827,0.00382002,0.0,0.0
2025-10-01 21:00:00+00:00,3390.685,22.55464756,0.99526537,0.99236723,0.00278159,0.0,2.06e-06
2025-10-01 22:00:00+00:00,3228.66,22.19111823,0.99462534,0.99436471,1.814e-05,0.0,8.24e-05
2025-10-01 23:00:00+00:00,3110.5875,22.16858727,0.99497791,0.9948325,1.801e-05,0.0,5.03e-06
2025-10-02 00:00:00+00:00,3023.88,22.0356174,0.99446176,0.99428791,1.787e-05,0.0,3.394e-05
2025-10-02 01:00:00+00:00,2990.135,22.13759055,0.99472928,0.99459054,1.819e-05,0.0,7.88e-06
2025-10-02 02:00:00+00:00,2961.15,22.52307296,0.99543113,0.98839314,0.00692508,0.0,0.0
2025-10-02 03:00:00+00:00,3062.9925,23.03910036,0.99664572,0.98485488,0.01167874,0.0,0.0
2025-10-02 04:00:00+00:00,3380.0675,23.17381394,0.99666978,0.98548126,0.01108751,0.0,0.0
2025-10-02 05:00:00+00:00,3705.9375,23.1402188,0.9970571,0.98570176,0.01125275,0.0,0.0
2025-10-02 06:00:00+00:00,3839.605,23.25416726,0.99621173,0.98513123,0.01097673,0.0,0.0
2025-10-02 07:00:00+00:00,3811.2,22.9896071,0.99525828,0.98524163,0.00990091,0.0,3.7e-07
2025-10-02 08:00:00+00:00,3721.25,22.66798952,0.99421197,0.9849575,0.00909773,0.0,8.29e-06
2025-10-02 09:00:00+00:00,3720.325,22.66864179,0.99314538,0.98419977,0.0085924,0.0,0.0001443
2025-10-02 10:00:00+00:00,3739.4325,22.4473516,0.99215963,0.98160926,0.01001659,0.0,0.00028858
2025-10-02 11:00:00+00:00,3704.1625,22.372812,0.99185213,0.98106843,0.01020735,0.0,0.0003187
2025-10-02 12:00:00+00:00,3680.5775,22.4666282,0.99380343,0.98310714,0.01025648,0.0,0.00022505
2025-10-02 13:00:00+00:00,3698.8375,22.33918923,0.99265174,0.98185555,0.00995348,0.0,0.00058888
2025-10-02 14:00:00+00:00,3787.69,22.19192968,0.99362648,0.98196,0.01091443,0.0,0.00052112
2025-10-02 15:00:00+00:00,3824.2325,23.14683544,0.99741579,0.98301642,0.01427326,0.0,0.00013983
2025-10-02 16:00:00+00:00,3811.6025,23.20475428,0.99753553,0.98195742,0.01548505,0.0,1.861e-05
2025-10-02 17:00:00+00:00,3864.44,23.19599253,0.99746368,0.9823725,0.01500236,0.0,1.037e-05
2025-10-02 18:00:00+00:00,3771.905,23.07389191,0.99719799,0.9819707,0.01513247,0.0,8.192e-05
2025-10-02 19:00:00+00:00,3659.985,22.07267894,0.99547004,0.98275531,0.01255969,1e-07,0.00037986
2025-10-02 20:00:00+00:00,3499.27,21.99761301,0.99505069,0.98710994,0.00777221,6e-08,0.0004335
2025-10-02 21:00:00+00:00,3293.2025,21.55837023,0.99456348,0.99164438,0.00242528,0.0,0.00059027
2025-10-02 22:00:00+00:00,3096.3475,21.58781483,0.99425621,0.99318752,0.00033883,5.53e-05,0.00065756
2025-10-02 23:00:00+00:00,2999.34,21.54782714,0.99380811,0.99242883,0.00038811,5.826e-05,0.00079092
2025-10-03 00:00:00+00:00,2919.22,21.61191551,0.99348491,0.99255505,7.26e-05,6.517e-05,0.00076772
2025-10-03 01:00:00+00:00,2873.1625,21.61078332,0.99357322,0.99211325,0.00036767,9.968e-05,0.00085804
2025-10-03 02:00:00+00:00,2873.885,21.64272866,0.99404795,0.99269011,0.00037452,7.209e-05,0.00082648
2025-10-03 03:00:00+00:00,2970.505,21.72780676,0.99418868,0.99289979,0.00037939,0.0,0.00085392
2025-10-03 04:00:00+00:00,3287.6625,21.7351003,0.99415057,0.99052926,0.00283562,0.0,0.00075057
2025-10-03 05:00:00+00:00,3639.5775,21.66616917,0.99443897,0.99105233,0.00261277,1.1e-07,0.0006654
2025-10-03 06:00:00+00:00,3785.0575,22.29763557,0.99502399,0.99169195,0.00279191,0.0,0.00044629
2025-10-03 07:00:00+00:00,3800.9575,22.12242474,0.99317759,0.98997104,0.00252627,0.0,0.00054301
2025-10-03 08:00:00+00:00,3768.0075,21.74184223,0.99020998,0.98683093,0.00235145,0.0,0.00075918
2025-10-03 09:00:00+00:00,3758.9875,21.57768782,0.98848998,0.98524039,0.00217957,0.0,0.00077508
2025-10-03 10:00:00+00:00,3752.2725,21.3680272,0.98814786,0.98690493,0.00024697,0.0,0.0007024
2025-10-03 11:00:00+00:00,3717.7925,20.99360491,0.98773247,0.98649763,0.00024006,0.0,0.00068168
2025-10-03 12:00:00+00:00,3649.155,21.16295394,0.98953993,0.98823104,0.00026357,0.0,0.00074702
2025-10-03 13:00:00+00:00,3624.855,21.38394539,0.99085128,0.98963688,0.00025647,0.0,0.00077512
2025-10-03 14:00:00+00:00,3671.72,21.66474066,0.99289011,0.99151836,0.00028829,0.0,0.00090033
2025-10-03 15:00:00+00:00,3695.2925,21.70434524,0.99362552,0.99237613,0.00027159,0.0,0.00084147
2025-10-03 16:00:00+00:00,3751.2725,21.58177151,0.99449714,0.99346122,0.00024889,0.0,0.00069531
2025-10-03 17:00:00+00:00,3766.2175,21.15747412,0.99362623,0.99260952,0.00028256,0.0,0.00066897
2025-10-03 18:00:00+00:00,3648.4025,20.74281616,0.99356212,0.99277489,0.0002435,8.82e-06,0.00065835
2025-10-03 19:00:00+00:00,3544.51,20.26488302,0.99243098,0.99105432,8.011e-05,0.00053822,0.00073769
2025-10-03 20:00:00+00:00,3434.585,19.59155857,0.99247945,0.99098462,1.662e-05,0.00074203,0.0006172
2025-10-03 21:00:00+00:00,3283.195,19.05848942,0.992294,0.9904617,1.489e-05,0.0012068,0.00044145
2025-10-03 22:00:00+00:00,3143.0525,18.57804326,0.99359622,0.99317454,0.0,0.0,0.00023989
2025-10-03 23:00:00+00:00,3010.77,18.98816737,0.99362193,0.99291097,0.0,0.00011705,0.00034973
2025-10-04 00:00:00+00:00,2937.685,18.56133704,0.99344141,0.99269724,0.0,0.0001355,0.00036696
2025-10-04 01:00:00+00:00,2898.3575,18.37411281,0.99347209,0.99303974,0.0,0.00012382,0.00014416
2025-10-04 02:00:00+00:00,2908.52,18.63905739,0.99321511,0.9926792,0.0,8.179e-05,0.00027668
2025-10-04 03:00:00+00:00,2933.4925,18.70604723,0.99348748,0.99333712,0.0,1.936e-05,3.1e-07
2025-10-04 04:00:00+00:00,3021.795,18.80555452,0.9934212,0.99300862,0.0,8.69e-05,0.00017332
2025-10-04 05:00:00+00:00,3184.3925,18.44176605,0.99353792,0.99286294,0.0,0.00012306,0.00029604
2025-10-04 06:00:00+00:00,3339.03,19.59252382,0.99378412,0.99279658,1.061e-05,0.00020597,0.00051151
2025-10-04 07:00:00+00:00,3576.4675,19.54351964,0.99324862,0.99144429,0.00040079,0.00069594,7.941e-05
2025-10-04 08:00:00+00:00,3763.495,20.35891207,0.99288689,0.98986449,0.00041813,0.00098019,0.00023978
2025-10-04 09:00:00+00:00,3855.96,21.17324293,0.98953744,0.9849306,0.00034868,0.00156577,0.0002443
2025-10-04 10:00:00+00:00,3871.4325,21.72479041,0.98659634,0.98099661,0.00019174,0.00201634,0.0001348
2025-10-04 11:00:00+00:00,3885.7775,20.81431705,0.98854304,0.98507192,9.461e-05,0.00097903,0.00044841
2025-10-04 12:00:00+00:00,3894.1125,20.87049093,0.98611089,0.98305914,0.00010265,0.00069651,0.00047659
2025-10-04 13:00:00+00:00,3877.4175,20.71642406,0.98828823,0.98561825,6.594e-05,0.00068579,0.000426
2025-10-04 14:00:00+00:00,3905.0225,21.02157977,0.99165443,0.98839339,0.00022434,0.00097391,0.00027621
2025-10-04 15:00:00+00:00,3889.615,20.81765822,0.99462074,0.99288964,0.00016114,0.00029866,0.00059352
2025-10-04 16:00:00+00:00,3912.49,20.73670985,0.99464154,0.99288086,0.00067249,0.00016601,0.00059121
2025-10-04 17:00:00+00:00,3871.93,20.31551686,0.99402109,0.99195661,0.00051759,0.00075491,0.00052228
2025-10-04 18:00:00+00:00,3747.1125,20.10011252,0.99386762,0.99199579,0.00057961,0.00052961,0.00057845
2025-10-04 19:00:00+00:00,3595.93,20.00049882,0.99343076,0.99118794,0.00072773,0.00050086,0.0007287
2025-10-04 20:00:00+00:00,3447.395,20.1676425,0.99361344,0.99174502,0.0005753,0.0004265,0.00059035
2025-10-04 21:00:00+00:00,3307.15,20.31947566,0.99425948,0.99250036,0.00042682,0.0006744,0.00044403
2025-10-04 22:00:00+00:00,3174.1,19.89635213,0.99399845,0.99280548,6.666e-05,0.00079229,0.00015812
2025-10-04 23:00:00+00:00,3054.0925,20.46125226,0.99341988,0.99101841,8e-06,0.00136363,1.908e-05
2025-10-05 00:00:00+00:00,2967.2775,21.89143709,0.99304865,0.98786053,3.05e-05,0.00190738,2.03e-05
2025-10-05 01:00:00+00:00,2915.26,22.86636716,0.99264282,0.98525791,5.744e-05,0.00209298,2.133e-05
2025-10-05 02:00:00+00:00,2911.445,22.36627179,0.99260752,0.98600062,0.00018843,0.00191074,2.116e-05
2025-10-05 03:00:00+00:00,2913.1525,22.37712535,0.99214934,0.98537345,0.00018763,0.00233461,2.748e-05
2025-10-05 04:00:00+00:00,2950.1775,22.26724705,0.99172913,0.98475768,5.233e-05,0.00269726,3.19e-05
2025-10-05 05:00:00+00:00,3034.95,22.95344081,0.99136383,0.98265885,0.00021679,0.00309872,3.565e-05
2025-10-05 06:00:00+00:00,3180.3,22.14669503,0.99165627,0.98518049,9.905e-05,0.00260526,3.176e-05
2025-10-05 07:00:00+00:00,3319.71,22.32909868,0.99090342,0.98463678,4.564e-05,0.00253512,0.00011701
2025-10-05 08:00:00+00:00,3443.64,21.94303081,0.98980415,0.98507914,3.351e-05,0.00213012,0.00024921
2025-10-05 09:00:00+00:00,3462.59,22.87425329,0.98858509,0.98280306,3.672e-05,0.00239959,0.00011914
2025-10-05 10:00:00+00:00,3461.13,21.41803655,0.98929346,0.98670565,0.00014832,0.00129365,0.00031293
2025-10-05 11:00:00+00:00,3470.965,23.01016245,0.98787199,0.98247393,7.677e-05,0.0022611,0.00014066
2025-10-05 12:00:00+00:00,3486.8,21.33712974,0.98919877,0.98725014,0.00021199,0.00111441,0.00040391
2025-10-05 13:00:00+00:00,3549.9025,22.50688445,0.98819292,0.98378003,0.00019335,0.00211764,0.00034749
2025-10-05 14:00:00+00:00,3594.7575,22.33186312,0.99041442,0.98676385,0.00027554,0.00174376,0.00041539
2025-10-05 15:00:00+00:00,3606.47,22.62800474,0.99334875,0.98978746,0.00042417,0.00158778,0.00058824
2025-10-05 16:00:00+00:00,3650.7225,23.58295113,0.99514686,0.99363934,0.00047945,0.0002789,0.00063952
2025-10-05 17:00:00+00:00,3712.395,23.53574931,0.99519277,0.99345747,0.00056851,0.00031279,0.00073569
2025-10-05 18:00:00+00:00,3679.2375,23.85297365,0.99510187,0.99282335,0.00116874,0.00011257,0.00094785
2025-10-05 19:00:00+00:00,3622.97,22.86490543,0.99445752,0.9926421,0.00041988,0.00053705,0.00068857
2025-10-05 20:00:00+00:00,3486.8975,22.94959935,0.994591,0.99309726,0.00028404,0.0004472,0.00062675
2025-10-05 21:00:00+00:00,3292.785,23.21034219,0.99487931,0.99348613,0.00043542,1.823e-05,0.00070288
2025-10-05 22:00:00+00:00,3114.935,22.93075463,0.9943048,0.99259439,0.00033837,4.714e-05,0.00088876
2025-10-05 23:00:00+00:00,3036.0575,22.56249418,0.99404695,0.99228179,0.00027498,0.00014597,0.0008016
2025-10-06 00:00:00+00:00,2979.57,22.7289447,0.9945331,0.99294182,0.00026954,6.494e-05,0.0007833
2025-10-06 01:00:00+00:00,2952.5725,23.06472969,0.9950308,0.99354255,0.00028048,7.87e-06,0.00079867
2025-10-06 02:00:00+00:00,2961.28,22.87748877,0.99392346,0.99207633,0.00034144,7.421e-05,0.00091588
2025-10-06 03:00:00+00:00,3097.365,22.77608878,0.99258051,0.99047842,0.00037477,0.00015302,0.00098264
2025-10-06 04:00:00+00:00,3481.665,23.33787913,0.99386627,0.9920359,0.00032114,0.00011299,0.00098273
2025-10-06 05:00:00+00:00,3901.7775,23.79170515,0.99541449,0.99155607,0.00263683,8.186e-05,0.00077223
2025-10-06 06:00:00+00:00,4031.3275,24.13852382,0.99715637,0.99333037,0.00322462,0.0,0.0004284
2025-10-06 07:00:00+00:00,3991.2525,24.15999473,0.99691901,0.99313658,0.00318728,0.0,0.00042573
2025-10-06 08:00:00+00:00,3884.83,23.92578113,0.99509698,0.98776815,0.00638091,3.24e-06,0.00083081
2025-10-06 09:00:00+00:00,3779.7425,23.80002406,0.99315101,0.98506384,0.00682305,9.245e-05,0.00092846
2025-10-06 10:00:00+00:00,3736.475,23.93569203,0.99300036,0.98438041,0.00709571,0.00025076,0.00097978
2025-10-06 11:00:00+00:00,3683.1,24.01156424,0.99418823,0.97646499,0.01644253,0.00014236,0.00098081
2025-10-06 12:00:00+00:00,3651.7775,24.04540448,0.99490444,0.97634136,0.01728996,0.00014619,0.00091508
2025-10-06 13:00:00+00:00,3657.8775,24.08863162,0.99621148,0.97839873,0.01671385,8.755e-05,0.00091271
2025-10-06 14:00:00+00:00,3782.8075,24.05921017,0.99719944,0.97489067,0.02160992,0.0,0.00068205
2025-10-06 15:00:00+00:00,3829.75,24.0071387,0.99732989,0.96924889,0.02763092,0.0,0.00044876
2025-10-06 16:00:00+00:00,3869.1025,23.91548373,0.99736383,0.96734686,0.02967928,0.0,0.00030738
2025-10-06 17:00:00+00:00,3915.1825,23.77081578,0.99748414,0.96693238,0.0304,0.0,8.165e-05
2025-10-06 18:00:00+00:00,3837.77,23.60069206,0.99755865,0.97115317,0.02623446,0.0,0.00011228
2025-10-06 19:00:00+00:00,3708.5825,23.44864728,0.9972409,0.98370599,0.01334456,0.0,0.00013839
2025-10-06 20:00:00+00:00,3547.13,23.38534527,0.99697744,0.98899701,0.00770531,0.0,0.00021176
2025-10-06 21:00:00+00:00,3309.82,22.83954464,0.99541112,0.98852973,0.00638434,0.0,0.00046746
2025-10-06 22:00:00+00:00,3091.085,22.6709508,0.9952071,0.99176251,0.00299807,0.0,0.0005739
2025-10-06 23:00:00+00:00,2943.2075,22.39634712,0.99408581,0.99096338,0.00253057,0.0,0.00068976
2025-10-07 00:00:00+00:00,2871.0525,22.51140877,0.99389527,0.99072036,0.00259478,0.0,0.00065433
2025-10-07 01:00:00+00:00,2828.72,22.30178634,0.99302013,0.98999606,0.00238073,0.0,0.00067186
2025-10-07 02:00:00+00:00,2823.6625,22.28467209,0.99342477,0.99040897,0.00240562,0.0,0.00064237
2025-10-07 03:00:00+00:00,2957.96,22.24546243,0.99359173,0.99060339,0.00251746,0.0,0.00052942
2025-10-07 04:00:00+00:00,3314.88608,23.33093005,0.99623949,0.98914685,0.00696658,0.0,0.0
2025-10-07 05:00:00+00:00,3745.2629085,23.48985929,0.99798954,0.972534,0.02530321,0.0,0.0
2025-10-07 06:00:00+00:00,3864.55211625,23.52430229,0.99758985,0.97225636,0.0252116,0.0,0.0
2025-10-07 07:00:00+00:00,3825.86433775,23.52280186,0.99729926,0.96955595,0.02751458,0.0,0.00018511
2025-10-07 08:00:00+00:00,3772.9871455,23.39188736,0.99695607,0.9717312,0.02501009,0.0,0.00018637
2025-10-07 09:00:00+00:00,3833.865036,23.35235851,0.99665302,0.96915578,0.02729207,0.0,0.00017815
2025-10-07 10:00:00+00:00,3835.0101135,23.24235394,0.99704055,0.96695338,0.02989482,0.0,0.00021471
2025-10-07 11:00:00+00:00,3802.2528685,23.25657082,0.99715766,0.97869846,0.01825989,2.7e-07,0.00019781
2025-10-07 12:00:00+00:00,3795.7871805,23.29782766,0.99757105,0.97929237,0.01811151,4.2e-07,0.0001397
2025-10-07 13:00:00+00:00,3823.0782675,23.29794351,0.9971088,0.9798515,0.01704624,7.2e-07,0.00022384
2025-10-07 14:00:00+00:00,3895.8692515,23.29478321,0.99679703,0.9779013,0.01858997,2.218e-05,0.00027231
2025-10-07 15:00:00+00:00,3882.94321975,23.48272735,0.9970408,0.97771,0.01899263,1.667e-05,0.00027566
2025-10-07 16:00:00+00:00,3867.788109,23.25600196,0.99689213,0.9773627,0.01913845,0.00011776,0.00020543
2025-10-07 17:00:00+00:00,3874.9813545,23.32032857,0.99708406,0.97710709,0.01962126,7.34e-05,0.00022847
2025-10-07 18:00:00+00:00,3826.67438375,22.929749,0.99554392,0.97823372,0.01654675,0.00025544,0.00049525
2025-10-07 19:00:00+00:00,3709.60322375,22.72019404,0.9945097,0.98709533,0.00624081,0.00041846,0.0006775
2025-10-07 20:00:00+00:00,3538.515737,22.594572,0.9941792,0.98697572,0.0058806,0.00054734,0.0007248
2025-10-07 21:00:00+00:00,3311.1227455,22.21738127,0.99344886,0.98913076,0.00269075,0.00078873,0.00076903
2025-10-07 22:00:00+00:00,3076.0663595,22.03601391,0.99292958,0.98898807,0.00192522,0.0008848,0.00092334
2025-10-07 23:00:00+00:00,2939.849192,22.10661844,0.99279792,0.98881262,0.00198712,0.00092951,0.00093887
2025-10-08 00:00:00+00:00,2851.882128,22.1440653,0.99260225,0.98857603,0.00197473,0.00095057,0.00096405
2025-10-08 01:00:00+00:00,2787.45177275,22.13803488,0.99199617,0.98803363,0.00193747,0.00093106,0.00094894
2025-10-08 02:00:00+00:00,2806.97804925,22.29420369,0.99252904,0.98859594,0.00209427,0.0008103,0.00093526
2025-10-08 03:00:00+00:00,2924.750566,22.56526313,0.99313917,0.9801676,0.01134461,0.00060326,0.00093502
2025-10-08 04:00:00+00:00,3313.79682175,23.33476902,0.99483939,0.97986465,0.01370604,0.00029423,0.00090542
2025-10-08 05:00:00+00:00,3736.355652,23.77409885,0.99700059,0.98073825,0.01555455,3.508e-05,0.00071759
2025-10-08 06:00:00+00:00,3829.87352425,23.82093237,0.99701248,0.98111733,0.01543023,1.5e-07,0.00048796
2025-10-08 07:00:00+00:00,3790.15252025,23.94494757,0.99601524,0.98010883,0.01511159,4e-08,0.00076916
2025-10-08 08:00:00+00:00,3676.629018,23.93115075,0.9966636,0.98040095,0.01532508,2.167e-05,0.00085438
2025-10-08 09:00:00+00:00,3513.982965,23.75563017,0.99609217,0.9803493,0.01469623,7.237e-05,0.00094546
2025-10-08 10:00:00+00:00,3422.6415455,23.52558482,0.9953847,0.97919132,0.01522631,0.00011795,0.00092328
2025-10-08 11:00:00+00:00,3383.243864,23.23473595,0.99481438,0.97946561,0.01447487,0.00012754,0.00088049
2025-10-08 12:00:00+00:00,3417.72831925,22.77767149,0.9935381,0.98085389,0.01187981,0.00012181,0.00081284
2025-10-08 13:00:00+00:00,3485.22525625,22.75134658,0.99389094,0.98198433,0.01107891,4.1e-05,0.00083966
2025-10-08 14:00:00+00:00,3603.290687,22.807009,0.99515691,0.98193055,0.01249799,7.947e-05,0.00080174
2025-10-08 15:00:00+00:00,3658.932777,22.94598548,0.99635503,0.98278394,0.01308346,9.657e-05,0.00067387
2025-10-08 16:00:00+00:00,3765.9878565,23.14388701,0.99744144,0.98303581,0.01422828,1.82e-06,0.00036876
2025-10-08 17:00:00+00:00,3826.6003955,23.23797936,0.99766191,0.98322593,0.01431614,6e-07,0.00023591
2025-10-08 18:00:00+00:00,3779.61970725,23.11270177,0.99678213,0.98286962,0.01362089,1.948e-05,0.00041779
2025-10-08 19:00:00+00:00,3692.12886425,22.57645699,0.99471277,0.98166496,0.01257567,8.84e-06,0.00062191
2025-10-08 20:00:00+00:00,3609.4567505,22.48170366,0.99418381,0.98072294,0.01283829,1.015e-05,0.00078746
2025-10-08 21:00:00+00:00,3391.149855,22.43210612,0.99438843,0.98157259,0.01216222,8.45e-06,0.00086322
2025-10-08 22:00:00+00:00,3221.826641,22.61759672,0.99435277,0.99104904,0.00286392,4.89e-06,0.0007242
2025-10-08 23:00:00+00:00,3119.4899755,22.67299494,0.99409778,0.99085888,0.00281644,2.6e-06,0.00080896
2025-10-09 00:00:00+00:00,3043.89383825,22.66272644,0.99437582,0.99095558,0.0029771,1.21e-06,0.00087084
2025-10-09 01:00:00+00:00,3012.22751725,22.51799881,0.99400235,0.99070928,0.00293125,1.04e-06,0.00085739
2025-10-09 02:00:00+00:00,3037.25692175,22.04089319,0.9943546,0.99165105,0.00260611,0.0,0.00070409
2025-10-09 03:00:00+00:00,3175.62232425,21.73000274,0.9941354,0.9916322,0.00240734,0.0,0.00057722
2025-10-09 04:00:00+00:00,3564.05408475,22.76957914,0.99662018,0.9831989,0.01332828,0.0,0.00037083
2025-10-09 05:00:00+00:00,3983.24881225,23.0131098,0.99691198,0.98297853,0.01384608,0.0,8.223e-05
2025-10-09 06:00:00+00:00,4102.89174475,22.98372216,0.99732806,0.98392447,0.01331593,0.0,0.00019857
2025-10-09 07:00:00+00:00,4109.89594025,22.63143931,0.9956922,0.9827926,0.01272283,1.03e-06,0.00026996
2025-10-09 08:00:00+00:00,4085.43179,22.16458671,0.99489104,0.98990522,0.00474479,2.33e-06,0.00048423
2025-10-09 09:00:00+00:00,4008.411774,21.78782632,0.99370506,0.9911657,0.00223937,1.32e-06,0.00057337
2025-10-09 10:00:00+00:00,3971.184988,22.03918975,0.99447489,0.99170367,0.00230768,0.0,0.00065385
2025-10-09 11:00:00+00:00,3948.20311275,22.07531031,0.99422535,0.99117677,0.00230317,0.0,0.00077796
2025-10-09 12:00:00+00:00,3898.72586975,22.13284733,0.99512151,0.99198411,0.0023232,0.0,0.00079483
2025-10-09 13:00:00+00:00,3913.5364675,22.14794834,0.99491704,0.99187217,0.00220402,6.31e-06,0.00079725
2025-10-09 14:00:00+00:00,3910.39572725,22.19459349,0.99503834,0.99204349,0.00225594,2.052e-05,0.00073942
2025-10-09 15:00:00+00:00,3925.0060335,22.06663439,0.99508709,0.99187857,0.00223888,0.00031232,0.00075435
2025-10-09 16:00:00+00:00,3970.9004375,21.92282253,0.99490295,0.99147699,0.00216312,0.0005325,0.00075602
2025-10-09 17:00:00+00:00,4031.75949875,22.11593381,0.99556549,0.99219829,0.00230701,0.00046265,0.00067517
2025-10-09 18:00:00+00:00,3997.92007175,22.0257574,0.99455493,0.99117824,0.00215354,0.00052538,0.0007521
2025-10-09 19:00:00+00:00,3937.4144575,21.70438326,0.99403625,0.99060949,0.00215963,0.0004417,0.00081781
2025-10-09 20:00:00+00:00,3819.91478375,21.34582438,0.99352322,0.99043847,0.00200344,0.00030142,0.00079999
2025-10-09 21:00:00+00:00,3641.8347615,21.14878272,0.9931844,0.99047193,0.00189177,0.00016031,0.00072797
2025-10-09 22:00:00+00:00,3503.404275,20.74537186,0.99272607,0.99190557,0.0,0.0,0.00071285
2025-10-09 23:00:00+00:00,3388.91807325,20.52331251,0.99153487,0.99074829,0.0,0.0,0.00068927
2025-10-10 00:00:00+00:00,3322.39464925,20.40022197,0.99191721,0.99109957,0.0,0.0,0.00072016
2025-10-10 01:00:00+00:00,3264.227362,20.32672592,0.99200559,0.99124491,0.0,0.0,0.00068261
2025-10-10 02:00:00+00:00,3227.037331,20.64000362,0.99240937,0.99163806,0.0,0.0,0.00073052
2025-10-10 03:00:00+00:00,3317.47275825,21.05798671,0.99262677,0.99184503,0.0,0.0,0.00084455
2025-10-10 04:00:00+00:00,3669.75430825,21.96034633,0.99451,0.99379617,0.0,0.0,0.00079441
2025-10-10 05:00:00+00:00,4081.6714255,22.36306329,0.99537495,0.99492295,0.0,4.716e-05,0.00063993
2025-10-10 06:00:00+00:00,4193.7451005,22.36851233,0.99522521,0.99473166,0.0,6.061e-05,0.00066315
2025-10-10 07:00:00+00:00,4188.67494125,22.73410456,0.99500856,0.99421773,0.0,0.0,0.00081767
2025-10-10 08:00:00+00:00,4138.2884415,22.59893072,0.99295213,0.99195968,0.0,4.28e-06,0.00086512
2025-10-10 09:00:00+00:00,4041.0545755,22.84367896,0.99312581,0.99210105,0.0,0.0,0.00086351
2025-10-10 10:00:00+00:00,3941.18695175,22.74934461,0.99307027,0.99203204,0.0,9.28e-06,0.00086782
2025-10-10 11:00:00+00:00,3831.34246075,22.19545888,0.99220367,0.9912224,0.0,4.924e-05,0.00083281
2025-10-10 12:00:00+00:00,3751.04587425,21.76640867,0.99269759,0.99186216,0.0,0.0,0.00078451
2025-10-10 13:00:00+00:00,3766.9912065,21.71671682,0.99346851,0.99259384,0.0,0.0,0.00080097
2025-10-10 14:00:00+00:00,3817.755388,21.65608651,0.9945683,0.99375281,0.0,0.0,0.00082354
2025-10-10 15:00:00+00:00,3850.92149675,21.52252659,0.99467009,0.99379705,0.0,9.005e-05,0.00082055
2025-10-10 16:00:00+00:00,3888.24139125,21.35259993,0.99454458,0.99362978,0.0,0.00024984,0.00077495
2025-10-10 17:00:00+00:00,3861.35519725,21.1297875,0.99375104,0.99249473,0.0,0.00056811,0.00081533
2025-10-10 18:00:00+00:00,3732.90217125,20.76400129,0.99275479,0.99134173,0.0,0.00053317,0.00084643
2025-10-10 19:00:00+00:00,3596.67633525,20.62358119,0.99265542,0.99165344,0.0,0.0,0.00087435
2025-10-10 20:00:00+00:00,3466.942079,20.47787764,0.99232375,0.9910429,0.0,0.00017636,0.00091151
2025-10-10 21:00:00+00:00,3314.4022135,20.36940754,0.99230197,0.99107678,0.0,0.00018319,0.00088069
2025-10-10 22:00:00+00:00,3169.82103825,19.83972851,0.99214365,0.99132027,0.0,4.984e-05,0.00081196
2025-10-10 23:00:00+00:00,3032.543391,19.97596757,0.99207935,0.99097414,0.0,0.00011661,0.00076843
2025-10-11 00:00:00+00:00,2925.89588375,20.14169227,0.99139753,0.9902238,0.0,0.00012911,0.00079916
2025-10-11 01:00:00+00:00,2832.81552125,20.11659305,0.99125464,0.99019671,0.0,2.142e-05,0.00077436
2025-10-11 02:00:00+00:00,2812.15720375,20.01375149,0.99157067,0.99051412,0.0,0.00010019,0.00078877
2025-10-11 03:00:00+00:00,2827.67740325,19.91974384,0.99142928,0.99028857,0.0,0.00022809,0.00076325
2025-10-11 04:00:00+00:00,2894.92490725,20.08300787,0.99131648,0.98956317,0.0,0.00089867,0.0007507
2025-10-11 05:00:00+00:00,2981.31512875,20.42628803,0.9912258,0.98897507,0.0,0.00134241,0.00086677
2025-10-11 06:00:00+00:00,3143.5730795,20.79354931,0.991607,0.98984596,0.0,0.00108382,0.00086167
2025-10-11 07:00:00+00:00,3324.65141575,21.44205235,0.99115332,0.989491,0.0,0.0009685,0.00079747
2025-10-11 08:00:00+00:00,3339.758375,21.90742299,0.99067788,0.98892137,0.0,0.00094125,0.00075612
2025-10-11 09:00:00+00:00,3330.4804975,21.8447498,0.98926296,0.98756075,0.0,0.00103831,0.00072312
2025-10-11 10:00:00+00:00,3296.75899825,22.01553399,0.98857372,0.98673719,0.0,0.00098724,0.00079045
2025-10-11 11:00:00+00:00,3274.58622175,22.1106364,0.98894406,0.98736343,0.0,0.00067414,0.00079846
2025-10-11 12:00:00+00:00,3277.11678725,22.20069066,0.98951331,0.98778086,0.0,0.00075047,0.00081893
2025-10-11 13:00:00+00:00,3272.20940975,22.53183558,0.99170524,0.99021902,0.0,0.0006314,0.00077666
2025-10-11 14:00:00+00:00,3323.865288,23.03143149,0.9940772,0.99285089,0.0,0.00037733,0.00074886
2025-10-11 15:00:00+00:00,3454.98976875,22.76946602,0.99388769,0.99230022,0.0,0.00033461,0.00088691
2025-10-11 16:00:00+00:00,3531.610319,22.83074059,0.99436917,0.99287298,0.0,0.00026219,0.00087208
2025-10-11 17:00:00+00:00,3517.132356,22.50300448,0.99423738,0.99287067,0.0,0.00014584,0.00084578
2025-10-11 18:00:00+00:00,3421.780906,21.63899202,0.99309601,0.991928,0.0,4.567e-05,0.00081529
2025-10-11 19:00:00+00:00,3298.25569925,21.02959587,0.99200467,0.99064294,0.0,0.00018991,0.00084704
2025-10-11 20:00:00+00:00,3210.00726475,20.35177337,0.99151861,0.99024426,0.0,0.00011733,0.00081584
2025-10-11 21:00:00+00:00,3089.69671075,20.21855028,0.99208298,0.99101557,0.0,0.0,0.00069337
2025-10-11 22:00:00+00:00,2992.03437525,19.9544889,0.99105294,0.98991602,0.0,2.19e-05,0.00062031
2025-10-11 23:00:00+00:00,2900.05479675,19.85649694,0.9910929,0.98993536,0.0,9.512e-05,0.00062342
2025-10-12 00:00:00+00:00,2832.427028,19.54269448,0.99065865,0.98968224,0.0,3.528e-05,0.00058404
2025-10-12 01:00:00+00:00,2767.4948445,19.45238051,0.99043463,0.98953329,0.0,0.0,0.00055792
2025-10-12 02:00:00+00:00,2740.040641,19.40733588,0.99038929,0.98933211,0.0,0.00014428,0.00057578
2025-10-12 03:00:00+00:00,2737.257821,19.65764255,0.99029752,0.98891145,0.0,0.00025912,0.00065192
2025-10-12 04:00:00+00:00,2800.476664,19.93246096,0.99061543,0.98908112,0.0,0.00026213,0.00074469
2025-10-12 05:00:00+00:00,2916.962913,20.01323988,0.99038149,0.98882581,0.0,0.0002297,0.00082566
2025-10-12 06:00:00+00:00,3041.5516775,20.65559083,0.99070646,0.98894328,0.0,0.00026016,0.00095263
2025-10-12 07:00:00+00:00,3178.8870185,21.02568021,0.98873657,0.98608615,0.0,0.00096068,0.00087332
2025-10-12 08:00:00+00:00,3221.7840865,21.65210484,0.98829889,0.98574544,0.0,0.00097759,0.00092791
2025-10-12 09:00:00+00:00,3227.06835475,21.81091603,0.9864352,0.98342353,0.0,0.00129638,0.00098496
2025-10-12 10:00:00+00:00,3233.38741875,21.9828487,0.98556486,0.98233146,0.0,0.00137074,0.00100971
2025-10-12 11:00:00+00:00,3215.22715725,22.03621507,0.98557583,0.98222971,0.0,0.00147015,0.0010254
2025-10-12 12:00:00+00:00,3233.43634075,21.93360721,0.98587159,0.98265394,0.0,0.00143582,0.00098343
2025-10-12 13:00:00+00:00,3257.4963525,21.95874463,0.98649152,0.98270687,0.0,0.00193407,0.00099448
2025-10-12 14:00:00+00:00,3326.219998,22.34245596,0.98944133,0.98608249,0.0,0.00155547,0.00100725
2025-10-12 15:00:00+00:00,3443.71355875,22.64413174,0.9918006,0.98895766,2.1e-06,0.00114414,0.0009998
2025-10-12 16:00:00+00:00,3665.80590275,22.50310751,0.99258503,0.99022816,2.07e-06,0.00093118,0.00084762
2025-10-12 17:00:00+00:00,3777.28292975,22.69495824,0.99270746,0.99039364,2.27e-06,0.00074198,0.00095057
2025-10-12 18:00:00+00:00,3784.38490725,22.57965548,0.99244601,0.98998642,2.2e-06,0.00090274,0.00093462
2025-10-12 19:00:00+00:00,3707.9503585,22.54754901,0.99237945,0.98982327,2.07e-06,0.00098764,0.0009154
2025-10-12 20:00:00+00:00,3567.627452,22.3623662,0.99129508,0.98812861,1.85e-06,0.00142479,0.00098201
2025-10-12 21:00:00+00:00,3392.67067075,22.08562283,0.99044646,0.98717305,1.63e-06,0.00165138,0.00094269
2025-10-12 22:00:00+00:00,3240.39837675,22.01501547,0.99134896,0.98830066,1.69e-06,0.00175556,0.00100513
2025-10-12 23:00:00+00:00,3191.56737225,22.03316294,0.99144109,0.98836984,1.67e-06,0.00176953,0.00102684
2025-10-13 00:00:00+00:00,3122.27994975,22.07591126,0.99119157,0.98801507,1.63e-06,0.00181532,0.00105795
2025-10-13 01:00:00+00:00,3079.2933935,22.21011706,0.99123846,0.98824629,1.7e-06,0.00169275,0.00101611
2025-10-13 02:00:00+00:00,3056.44960825,22.35957072,0.99064519,0.98780022,1.78e-06,0.00153893,0.00106035
2025-10-13 03:00:00+00:00,3188.510336,22.90473529,0.99240851,0.99048513,2.15e-06,0.00070887,0.00107079
2025-10-13 04:00:00+00:00,3619.7127965,22.59827802,0.99101118,0.989197,2.09e-06,0.00098541,0.00083864
2025-10-13 05:00:00+00:00,4099.47647375,23.37199447,0.99508911,0.99101884,0.00345446,0.0004597,0.0002085
2025-10-13 06:00:00+00:00,4228.51234375,23.29124341,0.99442296,0.99021196,0.00333542,0.00055875,0.00040679
2025-10-13 07:00:00+00:00,4191.20555775,23.00996146,0.99202532,0.98819963,0.00259161,0.00080456,0.00057475
2025-10-13 08:00:00+00:00,4113.81149,23.25851701,0.99288097,0.98938772,0.00225194,0.00070682,0.00064424
2025-10-13 09:00:00+00:00,4025.7290985,23.25983586,0.99166955,0.98832111,0.00206546,0.00065011,0.00073573
2025-10-13 10:00:00+00:00,3981.14366475,23.11091644,0.9904844,0.98762483,0.00198353,0.00015183,0.00078735
2025-10-13 11:00:00+00:00,3901.5871625,23.16812359,0.99082199,0.98800682,0.00206461,0.00011201,0.00074489
2025-10-13 12:00:00+00:00,3857.509109,23.07386863,0.98996244,0.98720846,0.00196894,0.00011965,0.00076936
2025-10-13 13:00:00+00:00,3883.04121325,23.22819321,0.99164846,0.98871669,0.00208591,0.00017515,0.00077796
2025-10-13 14:00:00+00:00,3999.53671475,23.49498128,0.99327399,0.99007479,0.00221095,0.00031826,0.00071418
2025-10-13 15:00:00+00:00,4012.657371,23.88265794,0.9961885,0.99243981,0.00305497,0.00014739,0.00061332
2025-10-13 16:00:00+00:00,4061.645564,24.00232246,0.99818612,0.99296259,0.00501127,0.0,0.00027583
2025-10-13 17:00:00+00:00,4055.22338425,23.95637403,0.99816009,0.99285119,0.00507497,0.0,0.00032351
2025-10-13 18:00:00+00:00,3999.137248,23.58835574,0.99398216,0.99090847,0.00210478,0.0003503,0.00065272
2025-10-13 19:00:00+00:00,3875.38388,23.4068689,0.99205231,0.99078101,8.17e-06,0.00031439,0.00084136
2025-10-13 20:00:00+00:00,3702.50033825,23.2893414,0.99317646,0.99222697,2.23e-06,0.00011243,0.00087207
2025-10-13 21:00:00+00:00,3465.62519325,23.16537232,0.99253653,0.99160414,2.811e-05,3.402e-05,0.00090674
2025-10-13 22:00:00+00:00,3231.73460825,23.17594447,0.9932965,0.99157283,0.0008592,0.0,0.00096235
2025-10-13 23:00:00+00:00,3111.57859075,23.11373007,0.99251296,0.99062832,0.00092186,0.0,0.00099977
2025-10-14 00:00:00+00:00,3032.437735,23.11534718,0.99187294,0.99004974,0.00089169,0.0,0.00098912
2025-10-14 01:00:00+00:00,2977.8509335,22.99065369,0.99072711,0.98881641,0.00091899,0.0,0.00105817
2025-10-14 02:00:00+00:00,2955.004568,22.9751914,0.99091124,0.9890361,0.00090876,0.0,0.00104265
2025-10-14 03:00:00+00:00,3091.5912855,23.03351603,0.9908284,0.98901109,0.00093505,0.0,0.00098418
2025-10-14 04:00:00+00:00,3511.02993075,23.65242462,0.99730009,0.99088129,0.00582982,0.0,0.0007949
2025-10-14 05:00:00+00:00,3939.5497035,23.58219084,0.99808266,0.9819285,0.01608327,0.0,0.0002115
2025-10-14 06:00:00+00:00,4049.67751025,23.59982535,0.99822221,0.98080842,0.01727753,1e-08,0.00025596
2025-10-14 07:00:00+00:00,3990.66400575,23.6054188,0.99822423,0.98106451,0.01696476,2e-08,0.00041576
2025-10-14 08:00:00+00:00,3861.72357425,23.72151508,0.99816242,0.98632909,0.01149072,4e-08,0.00049536
2025-10-14 09:00:00+00:00,3749.27475125,23.66867982,0.99570856,0.98988868,0.00524566,5e-08,0.00074902
2025-10-14 10:00:00+00:00,3660.378618,23.65353919,0.99515945,0.98925493,0.00534474,4e-08,0.00079381
2025-10-14 11:00:00+00:00,3579.90540875,23.47426226,0.99249776,0.9867846,0.00506612,6e-08,0.00078914
2025-10-14 12:00:00+00:00,3529.08248375,23.40017,0.99263762,0.98559148,0.0064585,4e-08,0.00069715
2025-10-14 13:00:00+00:00,3533.38801175,23.43088243,0.99362287,0.98570542,0.00735688,6e-08,0.00070195
2025-10-14 14:00:00+00:00,3622.45365025,23.77884385,0.99785792,0.98939689,0.00833774,0.0,0.0004622
2025-10-14 15:00:00+00:00,3664.2563255,23.78923734,0.9981024,0.98935646,0.00857686,0.0,0.00050924
2025-10-14 16:00:00+00:00,3772.38723025,23.73702188,0.9983084,0.98986267,0.00832081,3.5e-07,0.0004558
2025-10-14 17:00:00+00:00,3817.27174525,23.66989984,0.99844315,0.99006117,0.00831272,8.9e-07,0.00040065
2025-10-14 18:00:00+00:00,3804.9122515,23.03745819,0.99550096,0.98830736,0.0070957,1.9e-07,0.00046198
2025-10-14 19:00:00+00:00,3731.3941245,22.26601523,0.99223366,0.98571749,0.0064114,0.0,0.0005211
2025-10-14 20:00:00+00:00,3611.54975575,21.04560478,0.98711679,0.98469393,0.00201801,0.0,0.00066754
2025-10-14 21:00:00+00:00,3372.243176,21.24005569,0.98888203,0.98645597,0.00212706,0.0,0.00065919
2025-10-14 22:00:00+00:00,3177.6783915,21.84532946,0.99232284,0.9892866,0.00236597,0.0,0.00087351
2025-10-14 23:00:00+00:00,3085.8925425,21.81208513,0.99184158,0.98876705,0.00235877,0.0,0.00091492
2025-10-15 00:00:00+00:00,3057.97960075,21.91544636,0.99149937,0.98830175,0.00242283,0.0,0.0009351
2025-10-15 01:00:00+00:00,3011.224109,21.95848493,0.99129664,0.98809704,0.00248164,0.0,0.00094982
2025-10-15 02:00:00+00:00,3005.9652655,21.9596138,0.99111062,0.98810443,0.00257398,0.0,0.00086359
2025-10-15 03:00:00+00:00,3147.9749725,22.10762144,0.99103257,0.98819451,0.00254624,3.21e-06,0.00079198
2025-10-15 04:00:00+00:00,3564.52934625,22.26014753,0.99113544,0.97995038,0.01088114,6.14e-06,0.00061285
2025-10-15 05:00:00+00:00,4030.662575,23.23223964,0.99526666,0.97484285,0.02041177,0.0,0.0
2025-10-15 06:00:00+00:00,4141.61636875,23.27055735,0.99491298,0.97341009,0.02146444,1e-07,2.084e-05
2025-10-15 07:00:00+00:00,4126.26230525,22.67114226,0.99202501,0.97151165,0.02026388,7.5e-07,0.00042052
2025-10-15 08:00:00+00:00,4010.8675665,22.37992319,0.99002028,0.97113821,0.01859974,0.0,0.00044249
2025-10-15 09:00:00+00:00,3863.62378175,22.31637279,0.98922777,0.96996309,0.01888239,0.0,0.00058686
2025-10-15 10:00:00+00:00,3746.4633825,22.1923155,0.98911536,0.97156534,0.0171587,0.0,0.000583
2025-10-15 11:00:00+00:00,3657.6714485,22.41887,0.99032494,0.97572625,0.01399039,0.0,0.0007325
2025-10-15 12:00:00+00:00,3662.4681,22.35863044,0.99078344,0.97680569,0.01339299,0.00014016,0.00067625
2025-10-15 13:00:00+00:00,3630.16588725,22.45387323,0.99201186,0.97693414,0.01483672,0.0,0.00056566
2025-10-15 14:00:00+00:00,3716.6719675,22.49069773,0.99222762,0.97511302,0.01675963,0.00015469,0.00045922
2025-10-15 15:00:00+00:00,3783.1236815,22.99506995,0.99435721,0.97522334,0.01852444,0.00040856,0.00037394
2025-10-15 16:00:00+00:00,3910.09882875,23.11315441,0.99553237,0.97644501,0.01863045,0.00038389,0.00040846
2025-10-15 17:00:00+00:00,3975.41699625,22.89084824,0.99564668,0.97623646,0.01885353,0.00039815,0.00052004
2025-10-15 18:00:00+00:00,3949.88406675,23.01872125,0.99719645,0.98336124,0.01347456,0.00012197,0.00056889
2025-10-15 19:00:00+00:00,3859.4809585,23.15587826,0.99785199,0.98948812,0.00809004,1.17e-06,0.00065225
2025-10-15 20:00:00+00:00,3726.6923805,22.95267749,0.99705413,0.98988801,0.00670972,0.00010835,0.00081852
2025-10-15 21:00:00+00:00,3505.5670405,22.24361073,0.9950314,0.99131431,0.00285126,0.00035009,0.00090871
2025-10-15 22:00:00+00:00,3324.103816,21.68539696,0.99349961,0.9899905,0.00260785,0.00019858,0.00093675
2025-10-15 23:00:00+00:00,3225.0591405,21.48259411,0.99339189,0.99028359,0.00229967,0.00010036,0.00093995
2025-10-16 00:00:00+00:00,3141.7141345,21.55105984,0.99393762,0.99068287,0.00240097,0.00020328,0.00094
2025-10-16 01:00:00+00:00,3111.48599625,21.3188887,0.99328629,0.99008722,0.00225737,0.00024861,0.00094217
2025-10-16 02:00:00+00:00,3116.430625,21.38769095,0.99311767,0.98988237,0.00226833,0.00027866,0.00093072
2025-10-16 03:00:00+00:00,3244.22581175,21.48900829,0.99270626,0.98220387,0.00947661,0.00029897,0.00091095
2025-10-16 04:00:00+00:00,3653.64974525,21.7306195,0.99229072,0.97964837,0.01112789,0.00077206,0.00089434
2025-10-16 05:00:00+00:00,4105.77138275,22.23931968,0.99260745,0.97481327,0.01543792,0.00140802,0.00078136
2025-10-16 06:00:00+00:00,4193.6990775,22.37141182,0.99393842,0.97633353,0.01631455,0.00072073,0.00067302
2025-10-16 07:00:00+00:00,4171.19507725,22.37723289,0.99387574,0.97634541,0.0164983,0.00045054,0.0006748
2025-10-16 08:00:00+00:00,4025.9765035,22.02944401,0.99165385,0.9755486,0.01448595,0.00085089,0.00073638
2025-10-16 09:00:00+00:00,3929.75758025,21.94613384,0.99067042,0.9747125,0.01438389,0.00074829,0.0007592
2025-10-16 10:00:00+00:00,3858.5927915,22.03256581,0.98990593,0.97421534,0.01400036,0.00082786,0.00075276
2025-10-16 11:00:00+00:00,3831.42404525,22.08538978,0.9896276,0.97821134,0.00982446,0.00076839,0.000792
2025-10-16 12:00:00+00:00,3884.42700525,22.1497977,0.9906753,0.97798989,0.01080196,0.00101616,0.00080474
2025-10-16 13:00:00+00:00,3955.697319,22.18651402,0.99132946,0.97807459,0.01130025,0.00112777,0.00077085
2025-10-16 14:00:00+00:00,4051.885141,22.07724585,0.99136225,0.9786024,0.01087821,0.00105917,0.00077412
2025-10-16 15:00:00+00:00,4121.1873645,22.44120588,0.99371046,0.98011178,0.01252521,0.00059045,0.00057697
2025-10-16 16:00:00+00:00,4215.51397625,22.24656969,0.9934566,0.98044882,0.01211862,0.00059224,0.00041768
2025-10-16 17:00:00+00:00,4230.616994,22.54168811,0.99439112,0.98091206,0.01277064,0.00049616,0.00035466
2025-10-16 18:00:00+00:00,4221.93577475,22.63884821,0.99446535,0.98077925,0.01279523,0.00053933,0.00048744
2025-10-16 19:00:00+00:00,4138.45213575,22.18531677,0.99336698,0.97233388,0.02007153,0.00044086,0.00064033
2025-10-16 20:00:00+00:00,4021.58530575,22.16027121,0.99295013,0.97331608,0.01867418,0.00028825,0.00074806
2025-10-16 21:00:00+00:00,3816.65413425,22.39270144,0.9936145,0.97433364,0.01848666,0.00011492,0.0007825
2025-10-16 22:00:00+00:00,3659.46727325,22.65793633,0.99437966,0.97735024,0.01643394,0.0,0.00084029
2025-10-16 23:00:00+00:00,3566.4990755,22.87119697,0.99490042,0.98223381,0.01216611,0.0,0.0008217
2025-10-17 00:00:00+00:00,3497.12499825,22.85159086,0.99457584,0.98165066,0.01232634,0.0,0.00093014
2025-10-17 01:00:00+00:00,3436.399257,22.71799442,0.99413106,0.98107205,0.01241876,0.0,0.00094814
2025-10-17 02:00:00+00:00,3416.801137,23.16348476,0.99535996,0.9820174,0.01272846,0.0,0.00085019
2025-10-17 03:00:00+00:00,3535.25653025,22.95263559,0.99423296,0.98154373,0.01207499,0.0,0.00081751
2025-10-17 04:00:00+00:00,3959.8619835,23.18425054,0.99487915,0.97805774,0.01618012,3.646e-05,0.00076957
2025-10-17 05:00:00+00:00,4461.50763325,23.22496586,0.99565479,0.97481989,0.02015938,0.00021579,0.00052542
2025-10-17 06:00:00+00:00,4605.60849,23.29033249,0.99614477,0.96931998,0.02615934,0.00020906,0.00047027
2025-10-17 07:00:00+00:00,4591.01116425,23.31277824,0.99677607,0.97756362,0.01873901,9.947e-05,0.00044668
2025-10-17 08:00:00+00:00,4431.601345,23.20008578,0.9967766,0.97727892,0.01903547,6.891e-05,0.00047498
2025-10-17 09:00:00+00:00,4189.87832525,23.25813927,0.99586411,0.97740983,0.01784201,5.254e-05,0.00065302
2025-10-17 10:00:00+00:00,4080.91176875,23.26788038,0.99599015,0.9778786,0.01752559,3.214e-05,0.00067531
2025-10-17 11:00:00+00:00,3987.3391055,23.07974226,0.9946701,0.9683912,0.02566468,1.17e-05,0.00070193
2025-10-17 12:00:00+00:00,3943.6285075,22.94177742,0.99394956,0.96836015,0.02497739,6.3e-06,0.00068826
2025-10-17 13:00:00+00:00,3955.8445715,23.0321265,0.99466498,0.96825172,0.02580987,0.0,0.0006694
2025-10-17 14:00:00+00:00,4042.30419325,23.05520996,0.99520191,0.96796603,0.02663506,3.082e-05,0.00065265
2025-10-17 15:00:00+00:00,4149.6342475,23.00787999,0.99570316,0.96854938,0.0265948,3.351e-05,0.00062462
2025-10-17 16:00:00+00:00,4306.94774475,22.90426542,0.99637824,0.97052124,0.02538356,1.756e-05,0.00051068
2025-10-17 17:00:00+00:00,4336.50556,22.51757719,0.9955539,0.96968133,0.02546109,0.0,0.00052143
2025-10-17 18:00:00+00:00,4257.29032375,22.40755236,0.9949557,0.9706627,0.02385953,0.0,0.00056852
2025-10-17 19:00:00+00:00,4160.600516,21.99280869,0.99354731,0.97625876,0.01683551,0.0,0.00057807
2025-10-17 20:00:00+00:00,4050.22376425,22.00069526,0.99351829,0.98138974,0.01161989,0.0,0.00060925
2025-10-17 21:00:00+00:00,3918.66693,22.08131824,0.99318928,0.98575751,0.00687397,0.0,0.00070291
2025-10-17 22:00:00+00:00,3836.69972625,21.73445384,0.99154795,0.9885647,0.00244655,0.0,0.00077434
2025-10-17 23:00:00+00:00,3738.00110625,21.9897008,0.99205809,0.98898563,0.00256386,0.0,0.00077861
2025-10-18 00:00:00+00:00,3678.6951055,21.99906646,0.99188573,0.98874327,0.00256968,0.0,0.00084383
2025-10-18 01:00:00+00:00,3640.1909445,22.07784149,0.99191275,0.98861666,0.00283573,0.0,0.00084208
2025-10-18 02:00:00+00:00,3639.2277645,22.32653476,0.9927789,0.98934097,0.00303485,0.0,0.00082737
2025-10-18 03:00:00+00:00,3680.7109955,22.39856614,0.99318929,0.98966601,0.00312184,0.0,0.00085756
2025-10-18 04:00:00+00:00,3798.63424525,22.6017905,0.99423315,0.99059768,0.00329218,0.0,0.0008076
2025-10-18 05:00:00+00:00,3983.0078445,22.66629495,0.99464875,0.98672389,0.00750546,0.0,0.00076565
2025-10-18 06:00:00+00:00,4188.0538215,22.75750167,0.99519933,0.98727097,0.007503,0.0,0.00072132
2025-10-18 07:00:00+00:00,4330.4379615,22.81106544,0.99452108,0.97739554,0.01671829,0.0,0.00066222
2025-10-18 08:00:00+00:00,4293.76014925,23.09069577,0.99505741,0.97731866,0.01733742,1.413e-05,0.00068959
2025-10-18 09:00:00+00:00,4166.7325715,23.01092456,0.99352954,0.97637419,0.01676608,0.0,0.00069092
2025-10-18 10:00:00+00:00,3985.28784825,22.88708626,0.99192741,0.97499038,0.01647397,0.0,0.00075437
2025-10-18 11:00:00+00:00,3865.22419675,22.77073675,0.9912284,0.97321371,0.01750025,0.0,0.00081326
2025-10-18 12:00:00+00:00,3805.9383225,22.84348758,0.99231977,0.97481041,0.01707743,0.0,0.00073771
2025-10-18 13:00:00+00:00,3814.18067575,23.00448541,0.99429318,0.9764151,0.01751596,0.0,0.00070391
2025-10-18 14:00:00+00:00,3908.3053425,23.05571802,0.99495485,0.97728868,0.01725496,0.0,0.00069787
2025-10-18 15:00:00+00:00,4048.6058055,23.22418953,0.99592426,0.97671054,0.01874033,6.065e-05,0.00066278
2025-10-18 16:00:00+00:00,4271.84851175,23.29506988,0.99616798,0.97734297,0.01833827,0.00011599,0.00058648
2025-10-18 17:00:00+00:00,4315.318705,23.41159669,0.99700501,0.97760623,0.01898667,7.395e-05,0.00063089
2025-10-18 18:00:00+00:00,4261.86116125,23.24527045,0.99646635,0.97734409,0.01864995,0.00010947,0.00070466
2025-10-18 19:00:00+00:00,4193.3495115,23.20152185,0.99640211,0.97960525,0.01635597,5.694e-05,0.00074048
2025-10-18 20:00:00+00:00,4102.19099175,23.0486285,0.99597626,0.97704363,0.01853223,0.0,0.00077756
2025-10-18 21:00:00+00:00,4005.91266175,22.59797465,0.99453878,0.97825171,0.01586116,0.0,0.00079721
2025-10-18 22:00:00+00:00,3921.589864,22.59447511,0.99457601,0.97711961,0.01699531,4.734e-05,0.00078534
2025-10-18 23:00:00+00:00,3842.22888475,22.2877505,0.99343839,0.97616545,0.01656521,0.0002475,0.00081396
2025-10-19 00:00:00+00:00,3763.01899875,22.12375897,0.99330875,0.97665825,0.01593063,0.00026543,0.00082373
2025-10-19 01:00:00+00:00,3739.79895975,22.22442578,0.99364082,0.97644851,0.01638987,0.00034929,0.00087215
2025-10-19 02:00:00+00:00,3763.146365,22.16132562,0.99352421,0.97809366,0.01457762,0.00034543,0.00091576
2025-10-19 03:00:00+00:00,3793.734895,22.21272317,0.99359,0.97901033,0.01370715,0.00036352,0.00091531
2025-10-19 04:00:00+00:00,3875.51261225,22.50853108,0.9945035,0.97799206,0.01588387,0.0001808,0.00088957
2025-10-19 05:00:00+00:00,3993.91466725,22.67574329,0.994906,0.97563781,0.01866805,0.00011709,0.0008931
2025-10-19 06:00:00+00:00,4133.6376415,22.8273636,0.99505861,0.97494758,0.01951048,6.878e-05,0.00088239
2025-10-19 07:00:00+00:00,4281.11599925,22.45863429,0.99330661,0.97581204,0.01666922,0.00023477,0.00085076
2025-10-19 08:00:00+00:00,4297.9080425,22.53036989,0.9923549,0.9742801,0.0171724,0.00031233,0.0008113
2025-10-19 09:00:00+00:00,4213.7340055,22.30823062,0.98931552,0.97501561,0.01283783,0.0007181,0.00090956
2025-10-19 10:00:00+00:00,4179.08911525,21.91713689,0.98676197,0.98432473,0.00060434,0.00101531,0.00081199
2025-10-19 11:00:00+00:00,4109.25529225,21.98782441,0.98578157,0.98267378,0.00057681,0.00148929,0.0007679
2025-10-19 12:00:00+00:00,4037.74583775,21.9792409,0.98856118,0.98638748,0.00062397,0.0007304,0.0008157
2025-10-19 13:00:00+00:00,3976.8956155,22.6709968,0.99208775,0.98334961,0.00778634,0.00023886,0.00085743
2025-10-19 14:00:00+00:00,4069.12796775,23.2922889,0.99449599,0.97756569,0.01618203,0.00016962,0.00074766
2025-10-19 15:00:00+00:00,4250.097127,23.3182135,0.99509657,0.97535185,0.01904811,0.00021176,0.00065611
2025-10-19 16:00:00+00:00,4472.09003275,23.21442425,0.99506741,0.97604241,0.01825708,0.00026756,0.00062675
2025-10-19 17:00:00+00:00,4529.1710215,22.93407513,0.99416807,0.97534087,0.01810089,0.00022739,0.00064606
2025-10-19 18:00:00+00:00,4511.49726875,22.67072259,0.99340524,0.97565528,0.01697876,0.00016371,0.00014894
2025-10-19 19:00:00+00:00,4411.510871,22.81356951,0.99401796,0.97607453,0.01725381,0.00011826,0.00014732
2025-10-19 20:00:00+00:00,4253.0349785,22.76199051,0.99400793,0.97630624,0.01693605,0.00019866,0.00013922
2025-10-19 21:00:00+00:00,4056.06204125,22.63139027,0.99350851,0.9790837,0.01336879,0.00041389,0.00015168
2025-10-19 22:00:00+00:00,3869.93418125,22.57630961,0.99296934,0.97878941,0.01302791,0.00039134,0.00019494
2025-10-19 23:00:00+00:00,3768.9788915,22.35540799,0.99293719,0.98449481,0.00748523,0.00012475,0.00020555
2025-10-20 00:00:00+00:00,3698.030324,22.21821957,0.99209784,0.98790666,0.00335572,0.0,0.00021805
2025-10-20 01:00:00+00:00,3667.39879775,22.38431422,0.99200831,0.9877619,0.00340889,0.0,0.00020999
2025-10-20 02:00:00+00:00,3661.4553995,22.74558078,0.99240078,0.98634212,0.00519734,0.0,0.00021348
2025-10-20 03:00:00+00:00,3816.1557725,22.71789315,0.99100402,0.97483354,0.01530922,0.0,0.00022469
2025-10-20 04:00:00+00:00,4277.321681,22.90738619,0.99106562,0.97303779,0.01720401,0.0,0.0002123
2025-10-20 05:00:00+00:00,4759.2765825,23.36861682,0.99360831,0.97428609,0.018528,0.00015579,0.00016016
2025-10-20 06:00:00+00:00,4861.789161,23.7861421,0.99650672,0.97454101,0.02134475,5.691e-05,0.0001124
2025-10-20 07:00:00+00:00,4835.0211625,23.3764352,0.99440607,0.97328473,0.02038466,4.252e-05,0.00013138
2025-10-20 08:00:00+00:00,4773.46576575,23.25539879,0.99315432,0.97411214,0.01832416,0.0,0.00013054
2025-10-20 09:00:00+00:00,4741.2887125,23.10280073,0.9910606,0.97267602,0.01760013,0.0,0.00015023
2025-10-20 10:00:00+00:00,4711.8802845,22.80970784,0.98764097,0.97154872,0.01527623,0.0,0.00015661
2025-10-20 11:00:00+00:00,4685.69965125,22.89167548,0.98817786,0.97190748,0.01544887,0.0,0.00012522
2025-10-20 12:00:00+00:00,4682.2750125,22.94958254,0.98953056,0.97230153,0.01646521,0.0,0.00010302
2025-10-20 13:00:00+00:00,4678.081731,23.2926183,0.99262655,0.97367686,0.01825036,0.0,0.00010356
2025-10-20 14:00:00+00:00,4757.09662075,23.37334738,0.99308851,0.97375868,0.01854814,0.0,9.512e-05
2025-10-20 15:00:00+00:00,4776.86274175,23.22382821,0.99344131,0.97394287,0.01872243,0.0,0.00015912
2025-10-20 16:00:00+00:00,4786.510364,22.81830383,0.99260241,0.9743072,0.01753413,0.0,0.00015662
2025-10-20 17:00:00+00:00,4728.44736225,22.4222878,0.9921044,0.97512258,0.01627192,0.0,0.00013619
2025-10-20 18:00:00+00:00,4620.1404425,22.04772852,0.99122891,0.97472437,0.01576491,0.0,0.0001513
2025-10-20 19:00:00+00:00,4490.1317515,21.97022883,0.99151394,0.9750704,0.01569711,0.0,0.00015756
2025-10-20 20:00:00+00:00,4308.4458465,21.50867797,0.98997919,0.97569488,0.01350602,0.0,0.00016285
2025-10-20 21:00:00+00:00,4050.4781445,20.83278566,0.98890831,0.9856151,0.00247408,0.0,0.00016081
2025-10-20 22:00:00+00:00,3834.57617325,20.65097203,0.98866709,0.98668585,0.00064482,0.00049706,0.00018702
2025-10-20 23:00:00+00:00,3709.16053675,20.33371837,0.98771295,0.98612993,1.307e-05,0.00077106,0.00018249
2025-10-21 00:00:00+00:00,3610.75192025,20.19359186,0.9869863,0.98519664,0.0,0.00098063,0.00018786
2025-10-21 01:00:00+00:00,3564.682743,20.21602325,0.98672689,0.98450532,0.0,0.00141097,0.00019369
2025-10-21 02:00:00+00:00,3575.02687375,20.27262858,0.98677088,0.98442889,0.0,0.00148394,0.00017547
2025-10-21 03:00:00+00:00,3645.575262,20.89943011,0.98759984,0.98514021,0.0005082,0.00107096,0.00019595
2025-10-21 04:00:00+00:00,4071.724158,21.78490184,0.99001503,0.97686203,0.01178766,0.00064922,0.00017503
2025-10-21 05:00:00+00:00,4506.0970545,22.67201022,0.99269179,0.97409998,0.01752169,0.00040427,0.00015156
2025-10-21 06:00:00+00:00,4576.49610425,22.79851781,0.99339594,0.97455521,0.01783938,0.00036124,0.00014351
2025-10-21 07:00:00+00:00,4583.4085705,22.58885633,0.99279045,0.97450265,0.01717595,0.00045403,0.00013329
2025-10-21 08:00:00+00:00,4557.05658075,22.70747632,0.99310179,0.9750771,0.01688246,0.00041876,0.00014982
2025-10-21 09:00:00+00:00,4524.83480325,22.79055316,0.99293075,0.97658216,0.01510529,0.00052548,0.00013754
2025-10-21 10:00:00+00:00,4509.62314075,22.6933905,0.99201749,0.97830694,0.01243231,0.0004935,0.00015443
2025-10-21 11:00:00+00:00,4490.69592875,23.2982153,0.99159494,0.97861164,0.01048599,0.00075572,0.00014397
2025-10-21 12:00:00+00:00,4489.0371935,23.05975932,0.9928359,0.97943568,0.01161224,0.00061624,0.00015618
2025-10-21 13:00:00+00:00,4530.09347125,22.64601606,0.99276211,0.97697399,0.01437181,0.00063854,0.00015575
2025-10-21 14:00:00+00:00,4631.75186275,22.63985687,0.99308693,0.97517474,0.01651106,0.00067085,0.00016522
2025-10-21 15:00:00+00:00,4631.62468275,22.77038382,0.99366398,0.97627244,0.01597989,0.00073308,0.00015054
2025-10-21 16:00:00+00:00,4622.355882,22.50781674,0.99325489,0.97559945,0.01614057,0.00081435,0.00014916
2025-10-21 17:00:00+00:00,4553.48762475,22.27666899,0.99287085,0.97540462,0.01578203,0.00099385,0.00014742
2025-10-21 18:00:00+00:00,4469.233918,21.76395432,0.99175857,0.97517354,0.01452472,0.00136587,0.00012582
2025-10-21 19:00:00+00:00,4316.016403,21.47022705,0.99133012,0.97525703,0.01397031,0.00147638,0.00012
2025-10-21 20:00:00+00:00,4122.793169,21.33964274,0.99093846,0.97515953,0.013593,0.00151792,0.00012672
2025-10-21 21:00:00+00:00,3835.8348865,21.41594596,0.99142566,0.97522241,0.01415322,0.00138874,0.00013337
2025-10-21 22:00:00+00:00,3619.885738,20.88169861,0.99043856,0.97875529,0.00970164,0.0011586,0.00016144
2025-10-21 23:00:00+00:00,3462.53987,20.90092207,0.99052553,0.97924952,0.00969349,0.00075399,0.00017056
2025-10-22 00:00:00+00:00,3328.1353325,20.68126954,0.98987269,0.97901565,0.00920354,0.00083507,0.0001618
2025-10-22 01:00:00+00:00,3250.606081,20.60559691,0.98949402,0.97899708,0.00874142,0.00091566,0.00016338
2025-10-22 02:00:00+00:00,3209.382766,20.74747798,0.99012178,0.97973332,0.00882119,0.00073415,0.00013334
2025-10-22 03:00:00+00:00,3300.06312325,21.07877881,0.99003116,0.97909125,0.00889891,0.00126262,0.00013964
2025-10-22 04:00:00+00:00,3688.76957425,21.96585598,0.99174635,0.97483575,0.01568827,0.00052137,0.00014543
2025-10-22 05:00:00+00:00,4130.43512925,22.70069012,0.99419614,0.97680272,0.01652131,0.00024971,9.635e-05
2025-10-22 06:00:00+00:00,4216.001985,22.66051683,0.99413565,0.97705287,0.0162727,0.00020987,0.00010522
2025-10-22 07:00:00+00:00,4218.189873,22.82674549,0.99466396,0.97717319,0.01680398,0.00015828,8.543e-05
2025-10-22 08:00:00+00:00,4186.08668425,22.71752631,0.9940755,0.97767111,0.01566499,0.00017872,8.067e-05
2025-10-22 09:00:00+00:00,4154.716493,22.93953395,0.99450549,0.97605694,0.01778779,0.00014077,7.452e-05
2025-10-22 10:00:00+00:00,4117.9632365,22.85165318,0.99394206,0.9757979,0.01745338,0.00016652,9.05e-05
2025-10-22 11:00:00+00:00,4069.871336,22.80377693,0.99356955,0.97524605,0.01744568,0.00030227,6.75e-05
2025-10-22 12:00:00+00:00,4071.50180125,22.87417523,0.9937172,0.96498673,0.02781566,0.00031385,8.401e-05
2025-10-22 13:00:00+00:00,4110.90315,22.88139704,0.99318679,0.96448581,0.02772704,0.00035626,8.906e-05
2025-10-22 14:00:00+00:00,4216.334654,23.0762956,0.99426989,0.96471056,0.02868635,0.00023621,0.00012909
2025-10-22 15:00:00+00:00,4224.8769995,23.34754099,0.99497951,0.96359439,0.03053932,0.00026612,0.00010807
2025-10-22 16:00:00+00:00,4239.79713925,23.46261593,0.99587465,0.96459954,0.03049687,0.0001946,0.00010071
2025-10-22 17:00:00+00:00,4176.87455475,23.28993261,0.99470532,0.96778057,0.02598151,0.00018567,0.00012362
2025-10-22 18:00:00+00:00,4096.91324225,23.12801506,0.99404183,0.97686169,0.01629629,0.00011634,0.00011549
2025-10-22 19:00:00+00:00,3976.4061035,23.04267539,0.99383616,0.97672659,0.01618979,0.0001412,0.0001293
2025-10-22 20:00:00+00:00,3810.81208975,22.51311008,0.99139804,0.97476895,0.01503669,0.00071102,0.00017227
2025-10-22 21:00:00+00:00,3543.43998775,22.45664217,0.99011649,0.97472929,0.01337267,0.00109787,0.0001883
2025-10-22 22:00:00+00:00,3308.73959175,22.51564806,0.98976408,0.97440126,0.01327437,0.0011573,0.00018703
2025-10-22 23:00:00+00:00,3175.68781425,22.43711777,0.98965032,0.97705673,0.01033448,0.00129311,0.00021804
2025-10-23 00:00:00+00:00,3112.46918925,22.50391451,0.98946604,0.97689197,0.01031487,0.00130832,0.00021839
2025-10-23 01:00:00+00:00,3084.83899075,22.47098465,0.98838363,0.97752853,0.00862925,0.0012736,0.00020317
2025-10-23 02:00:00+00:00,3080.2233265,22.73450145,0.98912661,0.97798261,0.00893468,0.00128327,0.0001936
2025-10-23 03:00:00+00:00,3202.513891,22.89844678,0.98943751,0.97639249,0.01096292,0.00115485,0.0002237
2025-10-23 04:00:00+00:00,3590.010335,23.43409521,0.99209571,0.97492676,0.0158246,0.00050828,0.00017625
2025-10-23 05:00:00+00:00,4026.02427275,23.65834294,0.99365083,0.97488311,0.01770393,0.00035497,0.00014719
2025-10-23 06:00:00+00:00,4126.67936875,23.8066892,0.994341,0.97701875,0.01630912,0.00031986,0.00013342
2025-10-23 07:00:00+00:00,4128.987333,23.87902465,0.99420114,0.97619993,0.01697088,0.00028091,0.00013921
2025-10-23 08:00:00+00:00,4071.099652,23.93336165,0.99439343,0.97602481,0.01733497,0.00024817,0.00016066
2025-10-23 09:00:00+00:00,4027.0176685,24.15500994,0.99612978,0.97768552,0.01764641,6.734e-05,0.00013265
2025-10-23 10:00:00+00:00,3996.7050095,24.18102712,0.99623562,0.97727114,0.018197,3.037e-05,0.00014078
2025-10-23 11:00:00+00:00,3972.3489995,24.02713726,0.99504236,0.97698145,0.01731761,0.0,9.76e-05
2025-10-23 12:00:00+00:00,3975.58340775,23.94015524,0.9942836,0.97471466,0.01877523,0.0,0.00011877
2025-10-23 13:00:00+00:00,4001.769288,23.8849079,0.99416394,0.97559756,0.01771025,4.49e-05,0.00013152
2025-10-23 14:00:00+00:00,4121.777907,23.39594427,0.99200435,0.97601987,0.0151501,0.0,0.00017928
2025-10-23 15:00:00+00:00,4196.61263275,23.32096041,0.99260426,0.97671297,0.01500605,8.234e-05,0.00017818
2025-10-23 16:00:00+00:00,4260.7815455,23.08799885,0.99194561,0.97654519,0.014532,4.341e-05,0.00016376
2025-10-23 17:00:00+00:00,4251.234946,22.7303495,0.99067376,0.97647303,0.01338718,0.0,0.00015966
2025-10-23 18:00:00+00:00,4122.845275,22.67452054,0.99148387,0.97772329,0.01302576,0.0,0.00015825
2025-10-23 19:00:00+00:00,3994.30568075,22.49023003,0.99181376,0.97820235,0.01294498,0.0,0.00013608
2025-10-23 20:00:00+00:00,3848.79872625,22.30566183,0.99078029,0.97694462,0.01309231,0.0,0.00014961
2025-10-23 21:00:00+00:00,3646.374806,21.77532084,0.98882023,0.98121279,0.00682063,0.0,0.00015798
2025-10-23 22:00:00+00:00,3428.42456125,21.11512251,0.9866571,0.98507725,0.00074271,0.0,0.00017273
2025-10-23 23:00:00+00:00,3301.48478,21.12363753,0.98625529,0.98445071,0.00059071,0.00028922,0.00010709
2025-10-24 00:00:00+00:00,3203.60653075,20.99364044,0.98428639,0.98179011,0.00031915,0.00090057,8.944e-05
2025-10-24 01:00:00+00:00,3155.42599475,20.96265148,0.98286204,0.9801431,0.0001983,0.0010563,7.879e-05
2025-10-24 02:00:00+00:00,3139.38663425,21.10929639,0.98487929,0.98280034,4.96e-05,0.00088018,4.057e-05
2025-10-24 03:00:00+00:00,3235.11370625,21.02439107,0.98562439,0.98381942,0.00021033,0.00064483,7.505e-05
2025-10-24 04:00:00+00:00,3580.50537225,21.87994469,0.99013629,0.98858667,0.00079488,0.0,0.00017764
2025-10-24 05:00:00+00:00,4012.7873165,22.38338271,0.99102189,0.97302502,0.0172307,0.0,0.00016494
2025-10-24 06:00:00+00:00,4134.30024725,22.6677455,0.99190309,0.96673403,0.02442899,0.0,0.00016067
2025-10-24 07:00:00+00:00,4173.92014575,22.48287987,0.98994201,0.96675356,0.02227375,0.0,0.00016775
2025-10-24 08:00:00+00:00,4181.80512075,21.94133332,0.98776893,0.9726028,0.01440287,0.0,0.00016337
2025-10-24 09:00:00+00:00,4174.79876225,22.01412919,0.98896185,0.98601531,0.00226205,0.0,0.00013237
2025-10-24 10:00:00+00:00,4185.74741725,22.88688348,0.98594953,0.9821744,0.0009444,0.00095993,0.0001171
2025-10-24 11:00:00+00:00,4171.9953235,22.87488098,0.98533769,0.98182599,0.00050652,0.00102729,9.367e-05
2025-10-24 12:00:00+00:00,4179.45450725,22.59530226,0.98600725,0.98282808,0.00036446,0.00094773,0.00032133
2025-10-24 13:00:00+00:00,4190.98195725,22.68484282,0.98667986,0.98342517,0.00029468,0.00106169,0.00032326
2025-10-24 14:00:00+00:00,4268.06062475,21.68303476,0.98783417,0.98627372,0.00071647,0.0,0.00054112
2025-10-24 15:00:00+00:00,4299.709478,21.9544674,0.98745209,0.97456943,0.01173098,0.0,0.00073205
2025-10-24 16:00:00+00:00,4288.158531,22.40956246,0.99017279,0.96703549,0.02207528,0.0,0.00071415
2025-10-24 17:00:00+00:00,4169.637554,22.36314777,0.98995636,0.97064116,0.0182931,0.0,0.000681
2025-10-24 18:00:00+00:00,4016.65692175,22.20292084,0.98985324,0.98576292,0.00306302,0.0,0.00067446
2025-10-24 19:00:00+00:00,3879.34921,22.06070956,0.98980572,0.98735006,0.00139891,0.0,0.00068021
2025-10-24 20:00:00+00:00,3769.64051175,21.56463165,0.98895296,0.9880199,3.634e-05,0.0,0.00052726
2025-10-24 21:00:00+00:00,3616.20539825,20.89163487,0.98593609,0.98502689,2.195e-05,0.0,0.00050984
2025-10-24 22:00:00+00:00,3439.9094325,20.61861602,0.98658029,0.98558349,0.0,0.0,0.00058242
2025-10-24 23:00:00+00:00,3277.9191905,21.00862126,0.98733167,0.98619991,0.0,0.0,0.00062512
2025-10-25 00:00:00+00:00,3165.4334055,21.00733489,0.98649995,0.98553577,0.0,0.0,0.00051456
2025-10-25 01:00:00+00:00,3120.96284,20.59957801,0.98532275,0.98484205,0.0,0.0,0.00023962
2025-10-25 02:00:00+00:00,3088.21426775,20.55221348,0.98496747,0.98441314,3.8e-07,5.616e-05,0.0001965
2025-10-25 03:00:00+00:00,3099.042976,20.62526343,0.98486626,0.984317,1.23e-06,5.769e-05,0.00020813
2025-10-25 04:00:00+00:00,3185.09300075,20.68493963,0.98447267,0.98383268,0.0,0.0,0.00035068
2025-10-25 05:00:00+00:00,3322.6343445,21.15546411,0.98614964,0.98511497,0.0,0.0,0.00060331
2025-10-25 06:00:00+00:00,3508.576379,21.0874972,0.98602959,0.98502592,0.0,0.0,0.00062515
2025-10-25 07:00:00+00:00,3716.85742475,20.83699805,0.98494331,0.98387666,4.129e-05,0.00012705,0.00055245
2025-10-25 08:00:00+00:00,3837.9515705,21.14420448,0.98618852,0.984774,0.00030225,0.00028767,0.0005154
2025-10-25 09:00:00+00:00,3841.47052775,21.12416355,0.98607933,0.98473314,0.00023828,0.00029418,0.00050158
2025-10-25 10:00:00+00:00,3838.92905575,22.61773024,0.98915219,0.98641885,0.00021556,0.00095227,0.00044235
2025-10-25 11:00:00+00:00,3824.20035075,20.84434559,0.98474125,0.98384529,0.00018004,0.0001201,0.00045037
2025-10-25 12:00:00+00:00,3831.7833935,21.39935239,0.98618919,0.98461658,0.00022541,0.00056258,0.00054527
2025-10-25 13:00:00+00:00,3855.66422825,21.61586949,0.98743635,0.98582326,0.00024285,0.00062925,0.0005921
2025-10-25 14:00:00+00:00,3904.74996025,21.69055011,0.98752655,0.98567148,0.00025926,0.00084058,0.00061699
2025-10-25 15:00:00+00:00,3995.83712075,21.98648887,0.98798731,0.98518753,0.00039593,0.00140383,0.00062308
2025-10-25 16:00:00+00:00,4042.0142755,22.40081304,0.99011914,0.98812618,0.00027717,0.00093557,0.00061216
2025-10-25 17:00:00+00:00,3956.3711765,22.3655277,0.98947703,0.98724035,0.00025697,0.00121902,0.00061116
2025-10-25 18:00:00+00:00,3821.138678,22.39845208,0.99001807,0.98783578,0.00023252,0.00128555,0.00053231
2025-10-25 19:00:00+00:00,3709.20028875,22.90181241,0.98962891,0.98539872,0.00076912,0.00222135,0.00051202
2025-10-25 20:00:00+00:00,3586.91575375,22.42724654,0.98938443,0.98722327,0.00018984,0.00144111,0.00043542
2025-10-25 21:00:00+00:00,3478.18117075,22.50445495,0.98884728,0.9864635,0.0001766,0.00171258,0.00020163
2025-10-25 22:00:00+00:00,3347.3899145,21.74912412,0.98792807,0.9853106,0.00012167,0.002071,0.00027555
2025-10-25 23:00:00+00:00,3248.54684825,21.67787257,0.98757086,0.98443833,8.143e-05,0.00268235,0.00018157
2025-10-26 00:00:00+00:00,3173.4195625,21.50276361,0.98695146,0.98403998,1.968e-05,0.00266149,3.146e-05
2025-10-26 01:00:00+00:00,3126.4047025,21.39879118,0.98623436,0.98333362,0.0,0.00269512,0.0
2025-10-26 02:00:00+00:00,3115.117289,21.45999243,0.98549069,0.98259445,3.62e-06,0.00239644,6.45e-06
2025-10-26 03:00:00+00:00,3122.92337325,22.21961574,0.98407608,0.97824475,3.141e-05,0.00431143,2.766e-05
2025-10-26 04:00:00+00:00,3159.155613,22.22348254,0.98430097,0.97888788,6.19e-06,0.00405075,2.101e-05
2025-10-26 05:00:00+00:00,3236.33815325,21.5563892,0.98624877,0.98353335,0.0,0.00251016,0.0
2025-10-26 06:00:00+00:00,3357.702448,21.62379582,0.98637485,0.98384337,1.204e-05,0.00211584,0.00016354
2025-10-26 07:00:00+00:00,3539.10014475,21.64414565,0.98539929,0.98281693,2.652e-05,0.00183505,0.00039816
2025-10-26 08:00:00+00:00,3684.355749,22.04895819,0.98528428,0.98247974,0.00028307,0.00141943,0.00047724
2025-10-26 09:00:00+00:00,3755.83895,22.08629193,0.98497979,0.98283627,0.00018645,0.00087898,0.00047517
2025-10-26 10:00:00+00:00,3762.7690035,22.05568976,0.98452568,0.98260151,0.0001797,0.00078391,0.0004123
2025-10-26 11:00:00+00:00,3764.99561225,22.36656114,0.98563304,0.98355322,0.00018064,0.00084238,0.00047562
2025-10-26 12:00:00+00:00,3765.87223425,22.23659043,0.98619158,0.9840993,0.00014966,0.00104877,0.00045082
2025-10-26 13:00:00+00:00,3805.053064,22.34537433,0.98725696,0.98477059,2.166e-05,0.00168873,0.00040568
2025-10-26 14:00:00+00:00,3861.6988805,22.55671546,0.9878965,0.9852324,2.395e-05,0.00167231,0.00042634
2025-10-26 15:00:00+00:00,4009.25730025,23.05572898,0.99049174,0.98858361,0.00012666,0.00088521,0.00065425
2025-10-26 16:00:00+00:00,4107.130276,23.46814102,0.99196685,0.98999766,0.00035045,0.00066606,0.00072809
2025-10-26 17:00:00+00:00,4122.42918225,23.31672075,0.99132957,0.98944785,0.00026238,0.00080019,0.00059908
2025-10-26 18:00:00+00:00,4091.10039075,23.87271534,0.99109092,0.98663281,0.00101978,0.00180775,0.00058778
2025-10-26 19:00:00+00:00,4033.936302,24.10330876,0.9894019,0.98313718,0.0007845,0.00322261,0.00049472
2025-10-26 20:00:00+00:00,3955.924119,22.85364379,0.9898829,0.98792704,0.0003875,0.00072653,0.00057441
2025-10-26 21:00:00+00:00,3881.62359575,22.3422599,0.98738472,0.98455267,0.00026928,0.00153523,0.00045765
2025-10-26 22:00:00+00:00,3715.12888875,22.19197677,0.98758994,0.98568419,0.00026014,0.00096675,0.00042861
2025-10-26 23:00:00+00:00,3518.62849025,22.28583653,0.98829083,0.98710212,0.00012619,6.633e-05,0.00060074
2025-10-27 00:00:00+00:00,3440.63858075,22.36149513,0.98660286,0.98369998,0.00013084,0.00124021,0.00050177
2025-10-27 01:00:00+00:00,3364.39003325,22.47501293,0.98661931,0.98348395,0.00014176,0.00132875,0.00045547
2025-10-27 02:00:00+00:00,3335.0918985,22.57894952,0.98608756,0.98259728,0.00014076,0.00149546,0.00047325
2025-10-27 03:00:00+00:00,3349.295532,22.48386288,0.98600206,0.98309502,0.00012869,0.00103374,0.00046099
2025-10-27 04:00:00+00:00,3494.9959935,22.25486107,0.98416838,0.98269589,0.00029155,0.00012704,0.00059282
2025-10-27 05:00:00+00:00,3925.282868,23.14771332,0.98570592,0.98311816,0.00081603,0.00044542,0.00076834
2025-10-27 06:00:00+00:00,4363.04364425,23.46927764,0.9888781,0.9667072,0.02071657,0.00042033,0.000815
2025-10-27 07:00:00+00:00,4473.665822,23.75232635,0.99157611,0.96322682,0.02714069,0.00033699,0.0007035
2025-10-27 08:00:00+00:00,4478.7549095,23.71314304,0.99114126,0.96093675,0.02890934,0.00046738,0.00063621
2025-10-27 09:00:00+00:00,4401.9187335,23.69752875,0.99133252,0.96145274,0.02857814,0.00044807,0.00062032
2025-10-27 10:00:00+00:00,4311.087521,23.69518795,0.99061573,0.96072093,0.02849489,0.0004618,0.00072023
2025-10-27 11:00:00+00:00,4255.68609975,23.82881875,0.99164103,0.96010765,0.03020575,0.00042819,0.0006976
2025-10-27 12:00:00+00:00,4212.5745065,23.76456063,0.99123642,0.9604059,0.0293058,0.00050493,0.00080544
2025-10-27 13:00:00+00:00,4261.34207675,23.74381558,0.99107194,0.96084768,0.02846718,0.00073821,0.00075261
2025-10-27 14:00:00+00:00,4301.4129595,23.69715613,0.99133405,0.96157804,0.02802909,0.00077353,0.00072314
2025-10-27 15:00:00+00:00,4487.60215525,23.65954203,0.9913283,0.96233606,0.02709053,0.00095472,0.00069064
2025-10-27 16:00:00+00:00,4614.68593075,23.643934,0.99066749,0.96210389,0.02611468,0.00141024,0.00071233
2025-10-27 17:00:00+00:00,4562.887449,23.58716471,0.99147125,0.96251379,0.02717642,0.00091812,0.00069031
2025-10-27 18:00:00+00:00,4499.17402275,23.55036067,0.99128151,0.96112668,0.02838236,0.000851,0.00072746
2025-10-27 19:00:00+00:00,4420.2876605,23.51089304,0.99059347,0.96115894,0.02757256,0.00086705,0.00079824
2025-10-27 20:00:00+00:00,4287.783886,23.50149256,0.99081771,0.96264297,0.02638864,0.0008013,0.00079393
2025-10-27 21:00:00+00:00,4126.257808,23.32247078,0.9900799,0.96499044,0.02347936,0.0005738,0.00087672
2025-10-27 22:00:00+00:00,3901.44366375,23.19594224,0.98952134,0.98448277,0.00348151,0.00040555,0.00098866
2025-10-27 23:00:00+00:00,3752.97411725,22.89437706,0.990043,0.98840746,0.00055785,4.772e-05,0.00087665
2025-10-28 00:00:00+00:00,3660.2952865,22.56590104,0.98852641,0.98666915,0.00029191,0.00039173,0.00078
2025-10-28 01:00:00+00:00,3639.58099525,22.32818928,0.9860874,0.98297036,0.00032553,0.00121517,0.00068374
2025-10-28 02:00:00+00:00,3616.6718745,22.12855516,0.98778822,0.98632811,0.00030793,0.00015137,0.00070466
2025-10-28 03:00:00+00:00,3655.63191475,22.17410791,0.98799751,0.98641364,0.00023919,0.0004238,0.00059642
2025-10-28 04:00:00+00:00,3790.692279,22.39928836,0.98754522,0.98506319,0.00057557,0.00068806,0.00066541
2025-10-28 05:00:00+00:00,4256.042443,22.76972867,0.98780923,0.98556412,0.00094762,0.0001559,0.00083828
2025-10-28 06:00:00+00:00,4736.10244675,23.03560617,0.98790279,0.96117991,0.02530013,0.00034416,0.00065356
2025-10-28 07:00:00+00:00,4841.71474725,23.14191018,0.98940499,0.9615686,0.02695657,0.0,0.00060054
2025-10-28 08:00:00+00:00,4790.71559275,23.19626238,0.98924857,0.96247238,0.02586192,0.0,0.00062464
2025-10-28 09:00:00+00:00,4700.18079475,23.12062713,0.98802381,0.9668439,0.0201191,0.0,0.00069303
2025-10-28 10:00:00+00:00,4589.09209025,23.2656706,0.98862995,0.96544293,0.02220381,4.96e-06,0.00065767
2025-10-28 11:00:00+00:00,4545.2488815,23.41830917,0.98831477,0.96566157,0.02109041,0.00044248,0.0006487
2025-10-28 12:00:00+00:00,4514.59696575,23.80101888,0.98917577,0.96815691,0.01849596,0.00100561,0.00066927
2025-10-28 13:00:00+00:00,4505.22366325,23.89894167,0.98963447,0.96570188,0.0213294,0.00094515,0.00066036
2025-10-28 14:00:00+00:00,4578.567872,23.7757004,0.98982007,0.96348131,0.023771,0.00117368,0.00064687
2025-10-28 15:00:00+00:00,4743.9395495,23.78331243,0.99022419,0.95989021,0.02797099,0.00107751,0.00059887
2025-10-28 16:00:00+00:00,4843.885947,23.74919021,0.98987354,0.96294727,0.02457395,0.00109644,0.00058765
2025-10-28 17:00:00+00:00,4837.27041275,23.33342633,0.99041149,0.96241808,0.02716505,0.0,0.00059579
2025-10-28 18:00:00+00:00,4772.819082,23.27736979,0.99012635,0.96150208,0.02768002,0.0,0.00071085
2025-10-28 19:00:00+00:00,4716.82407325,23.2628874,0.98955864,0.96123741,0.0272227,0.0,0.00072874
2025-10-28 20:00:00+00:00,4585.57265275,23.25689376,0.98873182,0.9618772,0.02560027,0.0,0.0007756
2025-10-28 21:00:00+00:00,4394.413517,23.30050696,0.98936956,0.96175161,0.02640057,0.0,0.00081772
2025-10-28 22:00:00+00:00,4135.32793875,23.36889738,0.9897731,0.96971888,0.0187549,0.0,0.00088939
2025-10-28 23:00:00+00:00,3966.01404025,23.20632323,0.98880756,0.97579421,0.01131056,0.00015127,0.00099323
2025-10-29 00:00:00+00:00,3849.56708575,23.32038272,0.98940907,0.97731033,0.01055822,7.3e-06,0.00107031
2025-10-29 01:00:00+00:00,3757.8846235,23.35472829,0.98883361,0.97697148,0.01021353,0.0,0.00110413
2025-10-29 02:00:00+00:00,3697.3672215,23.51804749,0.98969693,0.97754997,0.01051012,0.0,0.00110421
2025-10-29 03:00:00+00:00,3715.291903,23.41731303,0.98871808,0.9757695,0.01088803,0.00045604,0.00105416
2025-10-29 04:00:00+00:00,3867.35837275,23.6309572,0.9899594,0.97530935,0.01261102,0.00058947,0.00097954
2025-10-29 05:00:00+00:00,4352.9240895,23.7780217,0.9903998,0.97034997,0.01792152,0.0007134,0.00081846
2025-10-29 06:00:00+00:00,4833.79974425,23.84950937,0.99142812,0.97134298,0.01851646,0.00026003,0.00076501
2025-10-29 07:00:00+00:00,4891.1531645,23.95792643,0.99325643,0.97379518,0.01844439,0.0,0.00064385
2025-10-29 08:00:00+00:00,4847.7436455,23.92296984,0.99260523,0.97353308,0.0180045,5.121e-05,0.00065719
2025-10-29 09:00:00+00:00,4759.357632,23.97637987,0.99289092,0.97321922,0.01863074,0.0,0.00068401
2025-10-29 10:00:00+00:00,4653.52617625,24.27799866,0.99577851,0.9643439,0.03047027,0.0,0.00064579
2025-10-29 11:00:00+00:00,4544.33517625,24.25443833,0.99521057,0.9627112,0.03150098,0.0,0.00068562
2025-10-29 12:00:00+00:00,4515.53180425,24.29300038,0.99720505,0.96137315,0.03510316,0.0,0.00047632
2025-10-29 13:00:00+00:00,4563.1233435,24.13960461,0.9951361,0.96062571,0.03362333,6.119e-05,0.00043957
2025-10-29 14:00:00+00:00,4696.51395825,24.185539,0.99486485,0.96025159,0.03339815,0.00027572,0.00036837
2025-10-29 15:00:00+00:00,4891.2142895,24.2392671,0.99496581,0.95682241,0.03671232,0.00036273,0.00033421
2025-10-29 16:00:00+00:00,4927.5000695,24.05360438,0.99411697,0.9576968,0.03506602,0.00038411,0.00036803
2025-10-29 17:00:00+00:00,4872.25006825,23.84924707,0.99406102,0.95823788,0.0350534,0.0,0.00036354
2025-10-29 18:00:00+00:00,4842.889015,23.88236546,0.99479402,0.95926053,0.03482557,0.0,0.00034268
2025-10-29 19:00:00+00:00,4713.70431575,23.85163633,0.99422387,0.95771947,0.03565525,0.0,0.00047894
2025-10-29 20:00:00+00:00,4568.9883325,23.84913699,0.99399805,0.95881521,0.03432594,0.0,0.00056379
2025-10-29 21:00:00+00:00,4381.556715,23.79697273,0.99275543,0.96549092,0.02621072,0.0,0.00068521
2025-10-29 22:00:00+00:00,4146.11387925,23.66960682,0.99129798,0.9653569,0.02478328,0.0,0.00074983
2025-10-29 23:00:00+00:00,3951.8539105,23.64659917,0.99108443,0.96592486,0.02396304,0.0,0.0007756
2025-10-30 00:00:00+00:00,3816.42191025,23.60412435,0.99074684,0.96729151,0.02220705,0.0,0.00079703
2025-10-30 01:00:00+00:00,3732.613362,23.58847972,0.99068054,0.96620145,0.02320654,0.0,0.0008616
2025-10-30 02:00:00+00:00,3689.12376525,23.48957442,0.98980888,0.97131708,0.0172237,0.0,0.0008419
2025-10-30 03:00:00+00:00,3686.47263675,23.47981845,0.98985982,0.97371095,0.01482033,0.0,0.00083424
2025-10-30 04:00:00+00:00,3801.64362375,23.60581043,0.99064328,0.97029849,0.01904137,0.0,0.00086803
2025-10-30 05:00:00+00:00,4218.56530125,23.59169147,0.99136595,0.96900637,0.02131933,0.0,0.00069005
2025-10-30 06:00:00+00:00,4628.7309145,23.69551566,0.99328576,0.96960951,0.02275759,7.86e-05,0.00052805
2025-10-30 07:00:00+00:00,4727.20813075,23.60548641,0.99351193,0.97129284,0.02138335,1.543e-05,0.00050284
2025-10-30 08:00:00+00:00,4751.71424325,23.47678751,0.99230227,0.97903811,0.01211992,9.54e-05,0.00062172
2025-10-30 09:00:00+00:00,4791.54840075,23.55603815,0.99389228,0.98698632,0.00581895,0.0,0.00071548
2025-10-30 10:00:00+00:00,4782.06083625,24.3593553,0.99252339,0.98830457,0.00098772,0.00098691,0.00075183
2025-10-30 11:00:00+00:00,4774.54405375,24.86381785,0.99410675,0.98911161,0.00093834,0.00147888,0.00067298
2025-10-30 12:00:00+00:00,4767.15761275,23.51998966,0.99159368,0.98835293,0.00092924,0.00057216,0.00061388
2025-10-30 13:00:00+00:00,4761.97443375,22.52400619,0.98916311,0.98427959,0.00361884,4.358e-05,0.00061003
2025-10-30 14:00:00+00:00,4757.29045275,22.87288517,0.9923618,0.97329422,0.01800916,0.0,0.00054006
2025-10-30 15:00:00+00:00,4893.82591875,22.99027645,0.99400271,0.97269454,0.02045166,0.0,0.00046911
2025-10-30 16:00:00+00:00,5010.340655,23.03110039,0.99365793,0.97140477,0.02138815,0.0,0.00052834
2025-10-30 17:00:00+00:00,5008.34491075,22.70335607,0.99242241,0.97264492,0.01896605,0.0,0.00047505
2025-10-30 18:00:00+00:00,4989.7756885,22.10821552,0.99011037,0.9742616,0.01498665,0.0,0.00048708
2025-10-30 19:00:00+00:00,4956.35929075,21.84248968,0.98888957,0.9751875,0.01281214,0.0,0.00048281
2025-10-30 20:00:00+00:00,4850.93269275,21.75342538,0.98863225,0.9755302,0.01225409,0.0,0.00047979
2025-10-30 21:00:00+00:00,4707.11195125,21.97219368,0.9911009,0.97886882,0.01123118,0.0,0.00056834
2025-10-30 22:00:00+00:00,4499.02581425,22.08202061,0.99207877,0.98385681,0.00720051,0.0,0.00058457
2025-10-30 23:00:00+00:00,4301.57212325,22.00639004,0.99179168,0.98376579,0.00705206,0.0,0.00053814
2025-10-31 00:00:00+00:00,4174.4911455,21.92757755,0.99120229,0.98692893,0.00321681,0.0,0.00060726
2025-10-31 01:00:00+00:00,4106.17687925,21.96517099,0.99086957,0.98913345,0.00067745,0.0,0.00061634
2025-10-31 02:00:00+00:00,4078.53092975,22.0598618,0.99058122,0.98882697,0.00070024,0.0,0.00062076
2025-10-31 03:00:00+00:00,4117.9704555,22.15005188,0.9898862,0.98810957,0.00072656,0.0,0.00059744
2025-10-31 04:00:00+00:00,4277.2219825,22.62698012,0.99061775,0.98206369,0.00745094,0.0,0.00066076
2025-10-31 05:00:00+00:00,4715.295453,23.69391189,0.99392457,0.9834747,0.00837297,0.00024432,0.00062976
2025-10-31 06:00:00+00:00,5228.76783725,23.60687221,0.99351113,0.98233066,0.00935117,0.0002739,0.00051728
2025-10-31 07:00:00+00:00,5343.408813,23.41894571,0.99320707,0.9829948,0.00920629,4.394e-05,0.00054447
2025-10-31 08:00:00+00:00,5336.45211725,23.45754387,0.9917796,0.97134276,0.01943851,0.0,0.00063195
2025-10-31 09:00:00+00:00,5252.820597,23.49091196,0.99046849,0.97049362,0.01883433,0.0,0.00072258
2025-10-31 10:00:00+00:00,5101.87808025,23.53724551,0.99034889,0.9762261,0.01299094,1.07e-05,0.00067944
2025-10-31 11:00:00+00:00,5055.867809,23.52537234,0.98940724,0.98000735,0.00803756,0.00014942,0.00075559
2025-10-31 12:00:00+00:00,5028.631569,23.51289782,0.99007371,0.97882622,0.01010571,2.581e-05,0.00071155
2025-10-31 13:00:00+00:00,5061.2249375,23.62151529,0.98928538,0.97762917,0.00983374,0.00048888,0.00071302
2025-10-31 14:00:00+00:00,5039.5841355,23.61931451,0.98950929,0.97748597,0.01002045,0.00069782,0.0006871
2025-10-31 15:00:00+00:00,5199.87864425,23.68933358,0.99094238,0.96995873,0.01915298,0.00062806,0.00066186
2025-10-31 16:00:00+00:00,5200.59348875,23.53497433,0.98872133,0.96820938,0.01838414,0.00080735,0.00067427
2025-10-31 17:00:00+00:00,5095.01224175,23.34119813,0.9886109,0.96835765,0.0184475,0.00068577,0.000704
2025-10-31 18:00:00+00:00,4993.10109475,23.20444302,0.98809323,0.96869989,0.01765654,0.00064448,0.00071691
2025-10-31 19:00:00+00:00,4886.62220275,23.28382732,0.98923581,0.9696111,0.01786813,0.00060661,0.00069992
2025-10-31 20:00:00+00:00,4706.71257725,23.24217199,0.98952521,0.96786869,0.01990333,0.00062359,0.00074091
2025-10-31 21:00:00+00:00,4538.4828225,23.29796712,0.99040262,0.96799077,0.02105126,0.00018307,0.00080076
2025-10-31 22:00:00+00:00,4354.80006875,23.37466745,0.99175674,0.98332807,0.00722126,0.0,0.00086531
2025-10-31 23:00:00+00:00,4170.433011,23.36806295,0.99279382,0.98910301,0.00240872,0.0,0.00088768
2025-11-01 00:00:00+00:00,4092.50152775,23.53773607,0.99274641,0.9887816,0.00195555,0.00022735,0.00094627
2025-11-01 01:00:00+00:00,4024.898973,24.17207782,0.99278949,0.98669049,0.00171484,0.00111851,0.00087159
2025-11-01 02:00:00+00:00,3968.882112,24.52687629,0.99251059,0.98550658,0.00120175,0.00163473,0.00073013
2025-11-01 03:00:00+00:00,3909.6059345,25.15595115,0.99170413,0.98463483,2.75e-06,0.00174384,0.00063742
2025-11-01 04:00:00+00:00,3915.75727325,26.19604185,0.98866567,0.97904692,2.21e-06,0.00232653,0.0005228
2025-11-01 05:00:00+00:00,3992.8414195,26.54720724,0.98883463,0.97818564,2.76e-06,0.00267181,0.00049996
2025-11-01 06:00:00+00:00,4082.7097825,25.54678537,0.98810969,0.97891379,6.87e-06,0.00241813,0.00043658
2025-11-01 07:00:00+00:00,4235.30543625,25.56615053,0.98450358,0.97510864,9.117e-05,0.00207126,0.00062937
2025-11-01 08:00:00+00:00,4462.04065725,24.83216653,0.98620861,0.9774676,0.00012411,0.00351711,0.00060522
2025-11-01 09:00:00+00:00,4604.8043115,24.22296648,0.98520369,0.97799002,6.693e-05,0.00316696,0.00049019
2025-11-01 10:00:00+00:00,4671.02572125,23.62500826,0.98696136,0.98138664,2.52e-06,0.00209799,0.0003952
2025-11-01 11:00:00+00:00,4657.00526125,22.85453845,0.98846706,0.98457167,1.96e-06,0.00140212,0.00056361
2025-11-01 12:00:00+00:00,4615.67191125,23.69193201,0.98835057,0.98378635,0.00013198,0.00106479,0.00060242
2025-11-01 13:00:00+00:00,4516.42978125,22.52929017,0.99029273,0.98842681,0.0002799,0.00014967,0.0007804
2025-11-01 14:00:00+00:00,4527.62672875,22.58846353,0.99243264,0.99105826,0.00038257,0.0,0.00078701
2025-11-01 15:00:00+00:00,4594.79819225,22.56622733,0.99273668,0.97965837,0.01214227,0.0,0.00071477
2025-11-01 16:00:00+00:00,4628.09041275,22.48380605,0.99255866,0.97978889,0.01185424,0.0,0.00066119
2025-11-01 17:00:00+00:00,4537.60774,22.20551368,0.99142254,0.97891154,0.01149283,0.0,0.00072901
2025-11-01 18:00:00+00:00,4384.3576755,21.91048903,0.99043416,0.97867483,0.01068158,0.0,0.00073889
2025-11-01 19:00:00+00:00,4227.0245825,21.60195982,0.9892473,0.97851004,0.0096469,0.0,0.00072715
2025-11-01 20:00:00+00:00,4080.10934,21.30724095,0.98818364,0.97970576,0.00737987,0.0,0.00073683
2025-11-01 21:00:00+00:00,3934.1106705,21.06490633,0.98701825,0.9842461,0.00172095,0.0,0.00071567
2025-11-01 22:00:00+00:00,3828.66870825,21.18917458,0.98665925,0.98550985,0.00019749,0.0,0.00069866
2025-11-01 23:00:00+00:00,3715.45263775,21.56427088,0.98711996,0.98547791,0.0,0.0005642,0.00070969
2025-11-02 00:00:00+00:00,3579.875761,21.92085474,0.98733648,0.98488679,0.0,0.00136055,0.00074773
2025-11-02 01:00:00+00:00,3503.422188,21.86223647,0.98711092,0.98415167,0.0,0.00184389,0.00070179
2025-11-02 02:00:00+00:00,3418.22032775,21.6890351,0.98584086,0.98267462,0.0,0.00211104,0.00070359
2025-11-02 03:00:00+00:00,3390.51483525,21.88155218,0.98599843,0.9825925,0.0,0.00230046,0.00072962
2025-11-02 04:00:00+00:00,3377.07941475,22.16053244,0.98602445,0.9828132,0.0,0.00209979,0.00073414
2025-11-02 05:00:00+00:00,3422.9194415,22.25317705,0.98493172,0.98135479,0.0001913,0.00215281,0.00077676
2025-11-02 06:00:00+00:00,3483.216213,22.52701735,0.98569942,0.9825589,4.932e-05,0.0018668,0.00073405
2025-11-02 07:00:00+00:00,3606.36899875,22.66775455,0.98621091,0.98331234,2.91e-05,0.00172337,0.00071757
2025-11-02 08:00:00+00:00,3773.79828825,22.85428187,0.98635952,0.98360885,0.0,0.00158861,0.00072685
2025-11-02 09:00:00+00:00,3853.70420175,22.82218604,0.98622912,0.98341704,0.0,0.0015773,0.00071456
2025-11-02 10:00:00+00:00,3893.33662125,23.05564142,0.98722832,0.98461456,0.0,0.00135196,0.0007527
2025-11-02 11:00:00+00:00,3941.88777025,23.24853305,0.98759054,0.98486628,0.0,0.00128399,0.00085899
2025-11-02 12:00:00+00:00,3989.7879275,23.28524096,0.98794387,0.98534502,0.0,0.00118357,0.00084454
2025-11-02 13:00:00+00:00,4051.40635975,23.48818556,0.99039167,0.98886168,0.0,0.00026131,0.0007714
2025-11-02 14:00:00+00:00,4109.94188625,23.57545773,0.99145672,0.9902362,3.86e-06,1.385e-05,0.00083613
2025-11-02 15:00:00+00:00,4246.6338625,23.82494812,0.99319598,0.9823118,0.00975628,0.0,0.0007355
2025-11-02 16:00:00+00:00,4377.89089,24.00208688,0.99499189,0.98295683,0.01111108,3.271e-05,0.00053374
2025-11-02 17:00:00+00:00,4400.9516845,23.85496123,0.99438527,0.98263141,0.01080395,2.239e-05,0.0006004
2025-11-02 18:00:00+00:00,4376.7325945,23.82660168,0.99429812,0.98254245,0.01077573,0.0,0.00066014
2025-11-02 19:00:00+00:00,4324.904231,23.63261377,0.99300687,0.98229647,0.00961483,0.0,0.00073027
2025-11-02 20:00:00+00:00,4203.56828825,23.49794812,0.99221056,0.98104104,0.01006615,0.0,0.00077391
2025-11-02 21:00:00+00:00,4091.219449,23.08403465,0.9902772,0.98063432,0.00848498,0.0,0.00079558
2025-11-02 22:00:00+00:00,3895.78203675,22.98140792,0.98973625,0.98805597,0.00049816,0.0,0.00080196
2025-11-02 23:00:00+00:00,3706.17438175,22.89776799,0.98974588,0.98847944,5.329e-05,0.0,0.0007878
2025-11-03 00:00:00+00:00,3582.9779775,22.76083037,0.989092,0.98781909,0.0,0.0,0.00081177
2025-11-03 01:00:00+00:00,3495.0038125,22.57006877,0.98834719,0.98707501,0.0,0.0,0.00080314
2025-11-03 02:00:00+00:00,3458.11845675,22.70376243,0.98914556,0.98788964,0.0,0.0,0.00079069
2025-11-03 03:00:00+00:00,3450.12316425,22.70102942,0.98951782,0.98829294,0.0,0.0,0.00078159
2025-11-03 04:00:00+00:00,3590.72341925,22.92082933,0.98984631,0.98855667,0.0,0.0,0.00080836
2025-11-03 05:00:00+00:00,4026.9157905,22.88096864,0.99027588,0.98921051,0.0,0.0,0.00069866
2025-11-03 06:00:00+00:00,4494.76440925,22.70254299,0.98995016,0.98937275,0.0,0.0,0.00032002
2025-11-03 07:00:00+00:00,4606.563889,22.60767068,0.98947377,0.98874673,1.794e-05,0.00026157,0.00022025
2025-11-03 08:00:00+00:00,4612.48300675,22.8177852,0.99087502,0.98936232,0.00099138,9.975e-05,0.00020988
2025-11-03 09:00:00+00:00,4524.5939485,22.92629788,0.990128,0.97984712,0.00920824,0.00025796,0.00043045
2025-11-03 10:00:00+00:00,4461.31807425,22.86249453,0.98910491,0.9801016,0.00766289,0.00035387,0.00052272
2025-11-03 11:00:00+00:00,4398.676249,22.88739584,0.98831346,0.9794406,0.00750371,0.0003654,0.00052885
2025-11-03 12:00:00+00:00,4348.2564465,22.9436773,0.98982152,0.98130869,0.00759458,0.00011708,0.00049137
2025-11-03 13:00:00+00:00,4372.61110675,22.93527555,0.9902453,0.98026349,0.00921984,4.178e-05,0.00042745
2025-11-03 14:00:00+00:00,4456.934712,22.95413443,0.99118604,0.98176553,0.00872198,2.683e-05,0.00045676
2025-11-03 15:00:00+00:00,4678.42186725,22.79877211,0.99142494,0.98066641,0.0099957,6.149e-05,0.00049576
2025-11-03 16:00:00+00:00,4714.38873875,22.67238709,0.9916612,0.98136303,0.00963925,2.709e-05,0.00043062
2025-11-03 17:00:00+00:00,4636.1173705,22.58603052,0.99185949,0.97992059,0.0112058,0.0,0.00055489
2025-11-03 18:00:00+00:00,4586.58213225,22.47441801,0.99223644,0.98099078,0.01054641,0.0,0.00053471
2025-11-03 19:00:00+00:00,4472.13724975,22.10769682,0.99085072,0.98244174,0.00766937,0.00011469,0.00053839
2025-11-03 20:00:00+00:00,4320.8300545,21.50397003,0.98917329,0.98643017,0.0019746,0.00018996,0.00050774
2025-11-03 21:00:00+00:00,4135.53436375,20.76502895,0.98685391,0.98451356,0.00155196,0.00019457,0.00047291
2025-11-03 22:00:00+00:00,3864.21771525,20.18015159,0.98555786,0.98422645,0.00086103,0.00014124,0.00021969
2025-11-03 23:00:00+00:00,3654.09063825,19.84057979,0.98658537,0.98646485,0.0,0.0,0.0
2025-11-04 00:00:00+00:00,3501.33575525,19.96293331,0.98648244,0.98635979,0.0,0.0,0.0
2025-11-04 01:00:00+00:00,3403.251376,19.97735114,0.98656057,0.98641463,0.0,3.164e-05,8e-07
2025-11-04 02:00:00+00:00,3322.19181375,19.98415452,0.9865044,0.98635639,0.0,3.362e-05,8.6e-07
2025-11-04 03:00:00+00:00,3298.490156,20.099049,0.98734338,0.98719178,0.0,3.316e-05,8.5e-07
2025-11-04 04:00:00+00:00,3408.072555,19.96040788,0.987235,0.98706544,0.0,0.0,8.96e-06
2025-11-04 05:00:00+00:00,3792.83744875,20.50553917,0.98772283,0.98611628,0.00086046,0.0,0.00036762
2025-11-04 06:00:00+00:00,4206.4205235,20.28104056,0.98550326,0.98308312,0.0012667,0.00028755,0.0005223
2025-11-04 07:00:00+00:00,4311.6217725,20.66535862,0.98639891,0.98369125,0.00174838,0.0,0.0005745
2025-11-04 08:00:00+00:00,4314.94021975,20.96306299,0.98676935,0.98368458,0.00202901,0.0,0.00063047
2025-11-04 09:00:00+00:00,4243.791841,21.12414031,0.98740657,0.98427062,0.00205004,0.0,0.00062054
2025-11-04 10:00:00+00:00,4208.08321675,21.00842823,0.98683223,0.98378461,0.00188808,8.358e-05,0.00060341
2025-11-04 11:00:00+00:00,4153.2850485,21.03377727,0.98717793,0.98397767,0.00186196,0.00024652,0.00065386
2025-11-04 12:00:00+00:00,4074.01857225,21.05705213,0.98774063,0.98454507,0.00202098,0.00027577,0.00057605
2025-11-04 13:00:00+00:00,4062.380583,20.88548594,0.98693792,0.98461206,0.00146377,5.213e-05,0.00061482
2025-11-04 14:00:00+00:00,4169.1460155,21.09686217,0.98771208,0.98633167,0.00030649,0.00024801,0.00064402
2025-11-04 15:00:00+00:00,4368.38060525,21.11712842,0.98783132,0.98638348,0.00028924,0.00039095,0.00062236
2025-11-04 16:00:00+00:00,4411.5093175,21.25959674,0.98779785,0.98566735,0.00027273,0.00111108,0.00063485
2025-11-04 17:00:00+00:00,4354.9431165,20.99219483,0.98690888,0.98463175,0.00028295,0.00123615,0.0006664
2025-11-04 18:00:00+00:00,4280.61958975,20.79979986,0.9861891,0.98393113,0.00028741,0.00117171,0.00067468
2025-11-04 19:00:00+00:00,4203.50715025,20.91169575,0.98751426,0.98622535,0.00028763,0.0001106,0.00065952
2025-11-04 20:00:00+00:00,4074.92536375,20.92929881,0.98747972,0.98583898,0.00026986,0.00042939,0.00063815
2025-11-04 21:00:00+00:00,3889.57844375,20.88794733,0.98721317,0.98557784,0.00025187,0.00032089,0.00065972
2025-11-04 22:00:00+00:00,3638.902343,20.75750578,0.98655958,0.98489132,0.00021263,0.0002914,0.00068517
2025-11-04 23:00:00+00:00,3392.0794865,20.90633395,0.98706813,0.98573011,2.16e-06,5.952e-05,0.0006842
2025-11-05 00:00:00+00:00,3271.17839875,20.79912758,0.98631456,0.98493826,0.0,8.536e-05,0.00070304
2025-11-05 01:00:00+00:00,3176.0970555,20.6559824,0.98615771,0.98486562,0.0,2.43e-06,0.00073401
2025-11-05 02:00:00+00:00,3118.99219625,20.57528621,0.98545698,0.98402825,0.0,0.00023863,0.0006326
2025-11-05 03:00:00+00:00,3095.76892625,20.68787311,0.98565048,0.98421631,0.0,0.00027304,0.00058701
2025-11-05 04:00:00+00:00,3206.4566275,20.73701029,0.9860413,0.9847117,0.0,0.0,0.00070317
2025-11-05 05:00:00+00:00,3572.16258525,21.012447,0.98692164,0.98559585,0.0,0.0,0.00074505
2025-11-05 06:00:00+00:00,3998.7180045,21.4570456,0.98774444,0.98618277,0.0,0.00035418,0.00070153
2025-11-05 07:00:00+00:00,4089.6336845,21.14073018,0.98770111,0.98671255,0.0,7.15e-05,0.00061642
2025-11-05 08:00:00+00:00,4107.46899775,21.46105137,0.98847732,0.9874043,0.0,0.00016204,0.00059857
2025-11-05 09:00:00+00:00,4082.964813,21.54359838,0.98939473,0.98830624,0.0,0.00013646,0.00062145
2025-11-05 10:00:00+00:00,4057.5746195,21.76402769,0.98958011,0.98822137,0.0,0.00041395,0.00060783
2025-11-05 11:00:00+00:00,4008.51441725,21.78901468,0.99025454,0.98896946,0.0,0.00036341,0.00063716
2025-11-05 12:00:00+00:00,3979.11942725,21.77189435,0.99019906,0.98883526,0.0,0.00042038,0.00065849
2025-11-05 13:00:00+00:00,4015.1663455,21.87225592,0.99048437,0.98903253,0.0,0.00055291,0.00067146
2025-11-05 14:00:00+00:00,4094.3102095,21.93300712,0.99059848,0.97990997,0.00927626,0.00057677,0.00062116
2025-11-05 15:00:00+00:00,4276.22274525,22.45635884,0.99226067,0.97905814,0.0119282,0.00043664,0.00062229
2025-11-05 16:00:00+00:00,4297.22243975,22.70548363,0.99303132,0.986462,0.00534034,0.00039229,0.00065076
2025-11-05 17:00:00+00:00,4252.009077,22.38107286,0.99200212,0.9850291,0.00557033,0.00051091,0.00064332
2025-11-05 18:00:00+00:00,4167.9219325,22.20847297,0.99128375,0.98390448,0.00575054,0.00068026,0.0007
2025-11-05 19:00:00+00:00,4102.464257,22.14281587,0.99081469,0.98319946,0.0057917,0.000839,0.00066261
2025-11-05 20:00:00+00:00,3978.69785025,22.04270241,0.98979141,0.98340688,0.00448657,0.00088091,0.0006663
2025-11-05 21:00:00+00:00,3811.47905625,21.86496901,0.98897645,0.98495704,0.00184873,0.00111136,0.00068609
2025-11-05 22:00:00+00:00,3584.006811,21.7978988,0.98791255,0.98385512,0.00177084,0.001225,0.00066864
2025-11-05 23:00:00+00:00,3375.69248425,21.60364083,0.9876401,0.98397381,0.00161573,0.00109405,0.00060297
2025-11-06 00:00:00+00:00,3241.5766995,21.62655808,0.9878918,0.98449637,0.00163078,0.00083062,0.00060007
2025-11-06 01:00:00+00:00,3134.59484575,21.56250197,0.98748809,0.98409759,0.00167071,0.00084838,0.00056003
2025-11-06 02:00:00+00:00,3090.69771575,21.58104013,0.98650919,0.98240459,0.0015579,0.00172296,0.00052912
2025-11-06 03:00:00+00:00,3100.94306725,21.39577445,0.98647362,0.98282224,0.00148771,0.0013781,0.0003573
2025-11-06 04:00:00+00:00,3214.07119375,21.74874827,0.98751138,0.98407932,0.00179923,0.00080592,0.00053862
2025-11-06 05:00:00+00:00,3583.3078115,22.64255721,0.99064664,0.98212094,0.00762113,2.755e-05,0.0006216
2025-11-06 06:00:00+00:00,4024.03092925,23.31216522,0.99297473,0.97306594,0.01911269,0.0,0.00059345
2025-11-06 07:00:00+00:00,4094.36892825,23.43978698,0.99305581,0.96867843,0.02362114,0.0,0.00056842
2025-11-06 08:00:00+00:00,4120.1053875,23.45296699,0.99325905,0.96854005,0.02400063,0.0,0.00053409
2025-11-06 09:00:00+00:00,4096.127397,23.56376305,0.99346367,0.96841139,0.02424942,0.0,0.00057372
2025-11-06 10:00:00+00:00,4088.61511675,23.60571004,0.99306615,0.96389528,0.028318,0.0,0.00055919
2025-11-06 11:00:00+00:00,4085.93570575,23.77478192,0.99299552,0.96348598,0.02830976,0.0,0.00064973
2025-11-06 12:00:00+00:00,4092.856899,23.78661173,0.9935019,0.96357713,0.02891487,0.0,0.0005313
2025-11-06 13:00:00+00:00,4118.32474775,23.90114111,0.99411809,0.96440998,0.02877819,0.0,0.00048092
2025-11-06 14:00:00+00:00,4185.556752,23.99287641,0.99446821,0.97517754,0.01828913,0.0,0.00052596
2025-11-06 15:00:00+00:00,4341.930197,23.9029993,0.99464399,0.9774663,0.0162598,0.0,0.00045149
2025-11-06 16:00:00+00:00,4338.285974,24.00477226,0.99514605,0.97731122,0.0169566,0.0,0.00046481
2025-11-06 17:00:00+00:00,4275.06919775,23.89919343,0.99459091,0.97940777,0.01419218,0.0,0.00053094
2025-11-06 18:00:00+00:00,4208.10637725,23.89754213,0.99443136,0.98056237,0.01266048,0.0,0.00065085
2025-11-06 19:00:00+00:00,4140.8029935,23.70907089,0.99353299,0.97953272,0.01275412,0.0,0.00066497
2025-11-06 20:00:00+00:00,4012.63383775,23.48400873,0.9928726,0.97866007,0.01296639,0.0,0.00068392
2025-11-06 21:00:00+00:00,3861.0481545,23.05652494,0.9912321,0.98021007,0.00960255,0.0,0.00077888
2025-11-06 22:00:00+00:00,3633.24964275,22.73608341,0.98976144,0.9856145,0.00269808,0.0,0.00079741
2025-11-06 23:00:00+00:00,3409.10003775,22.77169806,0.98996935,0.9864321,0.00220435,0.0,0.00075671
2025-11-07 00:00:00+00:00,3277.3379265,22.78134267,0.9899013,0.98584558,0.00263283,0.0,0.00085448
2025-11-07 01:00:00+00:00,3174.512321,22.83590352,0.98992205,0.98547734,0.00301343,0.0,0.00086747
2025-11-07 02:00:00+00:00,3105.41921675,22.78534125,0.98941163,0.98508625,0.00288304,0.0,0.0008472
2025-11-07 03:00:00+00:00,3067.3457995,22.89490164,0.98978819,0.98534427,0.00303299,0.0,0.00083931
2025-11-07 04:00:00+00:00,3159.07121625,23.36347454,0.99103516,0.9862084,0.00338219,0.0,0.00089444
2025-11-07 05:00:00+00:00,3541.17192175,23.80434498,0.99286767,0.98075504,0.01075022,0.0,0.00083563
2025-11-07 06:00:00+00:00,3995.569022,23.97236728,0.99435845,0.97914029,0.01405683,0.0,0.00065157
2025-11-07 07:00:00+00:00,4111.7147455,23.99246258,0.99396424,0.9787047,0.01409029,0.0,0.00072104
2025-11-07 08:00:00+00:00,4173.926218,24.07843048,0.99382359,0.97833452,0.01413175,0.0,0.00086277
2025-11-07 09:00:00+00:00,4146.83691125,24.0871558,0.99379102,0.9782235,0.01415782,0.0,0.00077116
2025-11-07 10:00:00+00:00,4109.22176025,24.13323014,0.99337878,0.97754271,0.01442726,0.0,0.00083041
2025-11-07 11:00:00+00:00,4103.23878975,24.18992537,0.9933152,0.97719012,0.0147186,0.0,0.0008129
2025-11-07 12:00:00+00:00,4064.499815,24.32705691,0.99449215,0.97794063,0.01512826,0.0,0.00082454
2025-11-07 13:00:00+00:00,4066.07462925,24.3831856,0.9947348,0.97805978,0.01523045,0.0,0.00082494
2025-11-07 14:00:00+00:00,4146.87268075,24.4334545,0.99514098,0.97845374,0.01523642,0.0,0.00081124
2025-11-07 15:00:00+00:00,4275.67704975,24.41230106,0.99605754,0.97968488,0.01527914,0.0,0.00058075
2025-11-07 16:00:00+00:00,4274.3794755,24.54880634,0.99569989,0.97920177,0.01500309,0.0,0.00080441
2025-11-07 17:00:00+00:00,4210.89524475,24.39835961,0.99519959,0.98446035,0.00938062,0.0,0.00074041
2025-11-07 18:00:00+00:00,4085.44289475,24.22121864,0.99368996,0.9890097,0.00324334,0.0,0.00077638
2025-11-07 19:00:00+00:00,3955.24759575,24.04155466,0.99218667,0.98744067,0.00316995,0.0,0.00085489
2025-11-07 20:00:00+00:00,3812.0265885,23.99997451,0.99198973,0.98708185,0.0033058,0.0,0.00087927
2025-11-07 21:00:00+00:00,3680.6040945,23.84386595,0.99074553,0.98594066,0.00306346,0.0,0.00094499
2025-11-07 22:00:00+00:00,3515.65461175,23.69427557,0.98996549,0.98524052,0.00303041,0.0,0.00092684
2025-11-07 23:00:00+00:00,3383.65851375,23.70589929,0.99079567,0.98599945,0.00319979,0.0,0.00088746
2025-11-08 00:00:00+00:00,3285.61098625,23.64141179,0.99068591,0.98589095,0.00315463,0.0,0.00089182
2025-11-08 01:00:00+00:00,3215.08221725,23.62432238,0.99054183,0.98570684,0.00317383,0.0,0.00092269
2025-11-08 02:00:00+00:00,3126.9683655,23.56625091,0.99021909,0.98558705,0.00312971,0.0,0.00084829
2025-11-08 03:00:00+00:00,3095.0106515,23.55628101,0.99043326,0.98585927,0.00312748,0.0,0.00082809
2025-11-08 04:00:00+00:00,3095.674192,23.50460119,0.9899327,0.98537869,0.00314448,0.0,0.00083814
2025-11-08 05:00:00+00:00,3169.27856875,23.75228994,0.99049357,0.9856763,0.00340141,0.0,0.00086404
2025-11-08 06:00:00+00:00,3277.72330975,23.97817755,0.9909086,0.98591584,0.00345548,0.0,0.00090647
2025-11-08 07:00:00+00:00,3467.09258775,24.12900484,0.99166922,0.98671916,0.00341315,0.0,0.00088372
2025-11-08 08:00:00+00:00,3691.97203725,24.24561849,0.99257625,0.98754632,0.00355914,0.0,0.00086144
2025-11-08 09:00:00+00:00,3854.608059,24.34383106,0.99340959,0.9886467,0.00334249,0.0,0.00082087
2025-11-08 10:00:00+00:00,3903.84746975,24.29862364,0.99299991,0.98822899,0.00334456,0.0,0.00080789
2025-11-08 11:00:00+00:00,3931.922647,24.29106783,0.99322928,0.98832376,0.00350879,0.0,0.00082335
2025-11-08 12:00:00+00:00,3948.75994925,24.28666419,0.99316059,0.9881546,0.00360164,0.0,0.00082635
2025-11-08 13:00:00+00:00,3956.604177,24.28210491,0.99358046,0.98904516,0.00321521,0.0,0.00076417
2025-11-08 14:00:00+00:00,4002.3946365,24.20824109,0.9933782,0.98873638,0.0033739,0.0,0.00073561
2025-11-08 15:00:00+00:00,4117.42608,24.25590035,0.99352693,0.98857615,0.00360262,0.0,0.00078709
2025-11-08 16:00:00+00:00,4177.88561925,24.3864014,0.9953166,0.99071888,0.00352362,0.0,0.00061958
2025-11-08 17:00:00+00:00,4132.55614475,24.2931998,0.99481977,0.99037205,0.00339835,0.0,0.00059936
2025-11-08 18:00:00+00:00,4041.8099895,24.13131493,0.99360024,0.98909023,0.00338122,0.0,0.00065278
2025-11-08 19:00:00+00:00,3886.180163,24.03264407,0.99328628,0.98868132,0.00347965,0.0,0.00066882
2025-11-08 20:00:00+00:00,3770.83788825,23.88921829,0.99263147,0.98803792,0.003372,0.0,0.00073022
2025-11-08 21:00:00+00:00,3688.42204325,23.73291259,0.99174977,0.98743468,0.00301803,0.0,0.00077076
2025-11-08 22:00:00+00:00,3569.20002725,23.57544165,0.99126714,0.98705076,0.00295641,0.0,0.00074459
2025-11-08 23:00:00+00:00,3561.76410425,23.89416844,0.99292088,0.98858921,0.00296754,0.0,0.00073288
2025-11-09 00:00:00+00:00,3446.91270725,23.81123313,0.99272392,0.98840371,0.00290654,0.0,0.00079749
2025-11-09 01:00:00+00:00,3351.02702975,23.45170851,0.99142558,0.9872179,0.002739,0.0,0.00081876
2025-11-09 02:00:00+00:00,3244.9585565,23.06313614,0.99023143,0.98635984,0.00258901,0.0,0.00075973
2025-11-09 03:00:00+00:00,3224.53813325,22.95652841,0.99000602,0.98618159,0.00257044,0.0,0.00074111
2025-11-09 04:00:00+00:00,3224.12704725,23.12855214,0.99053249,0.98663719,0.00267137,0.0,0.00072203
2025-11-09 05:00:00+00:00,3303.5594055,23.26164278,0.99059817,0.98661634,0.00269464,0.0,0.00073242
2025-11-09 06:00:00+00:00,3439.848999,23.39614744,0.99086719,0.98692687,0.00260623,0.0,0.00075264
2025-11-09 07:00:00+00:00,3626.9804825,23.74344129,0.99197408,0.9878551,0.00278331,0.0,0.0007593
2025-11-09 08:00:00+00:00,3821.70119925,23.94533306,0.99298646,0.98880152,0.00296249,0.0,0.00071055
2025-11-09 09:00:00+00:00,3945.67877375,24.16266056,0.99406126,0.98984448,0.00305483,0.0,0.00068752
2025-11-09 10:00:00+00:00,3970.69650975,24.23805126,0.99441183,0.99015644,0.00307973,0.0,0.00068141
2025-11-09 11:00:00+00:00,3998.24846275,24.14213462,0.99398644,0.98987831,0.00299438,0.0,0.00065048
2025-11-09 12:00:00+00:00,4028.63698425,24.1238982,0.99397419,0.98991089,0.00297362,0.0,0.00062712
2025-11-09 13:00:00+00:00,4076.350945,24.07973067,0.99403724,0.99006341,0.00296712,0.0,0.00057799
2025-11-09 14:00:00+00:00,4197.78471375,24.07356273,0.9947235,0.99097658,0.002941,0.0,0.00046902
2025-11-09 15:00:00+00:00,4343.77566825,24.19699319,0.99573601,0.99199977,0.00297651,0.0,0.0004503
2025-11-09 16:00:00+00:00,4378.90895025,24.16370758,0.99579284,0.99218091,0.0029913,0.0,0.00035065
2025-11-09 17:00:00+00:00,4368.558792,24.17376651,0.99570129,0.99195891,0.00302085,0.0,0.00041074
2025-11-09 18:00:00+00:00,4356.587635,24.1316973,0.99557203,0.99170841,0.00303438,0.0,0.000486
2025-11-09 19:00:00+00:00,4301.12975725,24.00995603,0.99448677,0.99061714,0.00292568,0.0,0.0005454
2025-11-09 20:00:00+00:00,4216.38130325,23.9432336,0.99357533,0.98938908,0.00312301,0.0,0.00063229
2025-11-09 21:00:00+00:00,4076.57077375,24.00203961,0.99346342,0.98918729,0.00314734,0.0,0.00070293
2025-11-09 22:00:00+00:00,3904.71926075,23.85457607,0.9923003,0.98798375,0.00313759,0.0,0.0007226
2025-11-09 23:00:00+00:00,3722.1197765,23.95676352,0.99220094,0.98798055,0.00291156,0.0,0.00078943
2025-11-10 00:00:00+00:00,3598.82474875,23.94051006,0.99233521,0.98817383,0.00291062,0.0,0.00076662
2025-11-10 01:00:00+00:00,3535.62587925,23.92210364,0.99224061,0.9880791,0.00287588,0.0,0.00079406
2025-11-10 02:00:00+00:00,3504.1669515,23.91520838,0.99194692,0.98779232,0.00286392,0.0,0.00079781
2025-11-10 03:00:00+00:00,3538.36271325,23.86902504,0.99176859,0.98762709,0.00286177,0.0,0.00078886
2025-11-10 04:00:00+00:00,3675.39470325,24.10893551,0.99302461,0.98896319,0.00294877,0.0,0.0006856
2025-11-10 05:00:00+00:00,4092.693681,24.24167331,0.9944808,0.9882844,0.00532507,0.0,0.00053006
2025-11-10 06:00:00+00:00,4617.2435865,24.30693347,0.99547874,0.98009227,0.01457448,0.0,0.00049144
2025-11-10 07:00:00+00:00,4661.69414875,24.19950142,0.99571255,0.97017218,0.02504078,0.0,0.00030637
2025-11-10 08:00:00+00:00,4714.1775075,24.21038243,0.99606167,0.97096497,0.02458248,0.0,0.00032384
2025-11-10 09:00:00+00:00,4694.243161,24.18101819,0.99642697,0.97122217,0.02475656,0.0,0.00026325
2025-11-10 10:00:00+00:00,4658.7450655,24.12512525,0.99637375,0.97125984,0.02477984,0.0,0.00017457
2025-11-10 11:00:00+00:00,4663.55031175,24.12817238,0.99636189,0.96983163,0.02619442,1.55e-06,0.00014759
2025-11-10 12:00:00+00:00,4635.798974,24.17499671,0.99657225,0.96743196,0.0286914,9.79e-06,0.00011343
2025-11-10 13:00:00+00:00,4659.6060425,24.26121143,0.99648062,0.9768604,0.01896587,1.8e-05,0.00013295
2025-11-10 14:00:00+00:00,4740.68092525,24.08950335,0.99672148,0.97877387,0.01761839,2.91e-06,0.00012861
2025-11-10 15:00:00+00:00,4827.933038,24.00204603,0.99701991,0.97879926,0.01801517,0.0,4.962e-05
2025-11-10 16:00:00+00:00,4794.04249025,24.04885894,0.99687967,0.97755547,0.0191532,0.0,5.761e-05
2025-11-10 17:00:00+00:00,4707.87391925,24.05212531,0.99691138,0.9755327,0.02115481,0.0,0.00010519
2025-11-10 18:00:00+00:00,4659.921426,24.19494097,0.996631,0.97943699,0.016652,0.0,0.00039428
2025-11-10 19:00:00+00:00,4578.738852,24.15786247,0.9966384,0.98061255,0.01553029,0.0,0.00038033
2025-11-10 20:00:00+00:00,4424.64079575,24.16324772,0.99640996,0.9829498,0.01289144,0.0,0.00043782
2025-11-10 21:00:00+00:00,4202.188204,24.25715967,0.99604224,0.9820012,0.01319287,0.0,0.00065501
2025-11-10 22:00:00+00:00,3945.11837825,24.24940857,0.99452141,0.9802446,0.01310109,0.0,0.00086323
2025-11-10 23:00:00+00:00,3734.8116735,24.1932124,0.99369582,0.98066789,0.01176656,0.0,0.00089207
2025-11-11 00:00:00+00:00,3604.522592,24.06944418,0.99254575,0.97985915,0.01135244,0.0,0.000961
2025-11-11 01:00:00+00:00,3546.1675105,24.12385468,0.9929286,0.98012652,0.01149036,0.0,0.00097244
2025-11-11 02:00:00+00:00,3499.31494575,24.02682429,0.99210828,0.97924013,0.01155275,0.0,0.00098983
2025-11-11 03:00:00+00:00,3494.25807,23.98105605,0.99194408,0.9698904,0.02069878,0.0,0.00085524
2025-11-11 04:00:00+00:00,3618.7600685,24.17391246,0.9937897,0.97094114,0.02154741,0.0,0.00089846
2025-11-11 05:00:00+00:00,4092.690982,24.18770158,0.9953702,0.9741107,0.02025731,0.0,0.00072336
2025-11-11 06:00:00+00:00,4500.29368075,24.03392162,0.99583599,0.9743563,0.02081079,0.0,0.00041693
2025-11-11 07:00:00+00:00,4575.04036375,23.86792143,0.99610527,0.97757162,0.01817691,0.0,0.00020407
2025-11-11 08:00:00+00:00,4577.31735975,23.8467169,0.99638068,0.97813881,0.01796628,0.0,0.00013827
2025-11-11 09:00:00+00:00,4549.73687875,23.92218186,0.99659968,0.9779901,0.01819244,0.0,0.00023112
2025-11-11 10:00:00+00:00,4524.119301,23.94741202,0.99645433,0.97806335,0.01785085,0.0,0.00028339
2025-11-11 11:00:00+00:00,4522.23134475,23.82469172,0.99470888,0.97703688,0.01679479,0.00017724,0.00030824
2025-11-11 12:00:00+00:00,4516.7378615,23.85550324,0.99644624,0.97740456,0.01848635,3.183e-05,0.00025087
2025-11-11 13:00:00+00:00,4535.23825475,23.82455866,0.9969488,0.97308367,0.02346992,0.0,0.00020205
2025-11-11 14:00:00+00:00,4556.4397165,23.77876493,0.99695859,0.97708514,0.01961449,0.0,0.00010957
2025-11-11 15:00:00+00:00,4702.8677885,23.69372336,0.9971831,0.97877108,0.01830894,0.0,1.447e-05
2025-11-11 16:00:00+00:00,4700.52325,23.70116615,0.99733102,0.97700647,0.02017522,0.0,4.701e-05
2025-11-11 17:00:00+00:00,4614.18091075,23.6991974,0.99733782,0.97979479,0.01712233,0.0,0.00022332
2025-11-11 18:00:00+00:00,4547.62701725,23.75882655,0.99715137,0.97522685,0.0213037,0.0,0.00039931
2025-11-11 19:00:00+00:00,4478.221818,23.59690834,0.9963531,0.9735831,0.02205817,0.00010394,0.00039421
2025-11-11 20:00:00+00:00,4343.13540375,23.29339606,0.99439816,0.97383303,0.01955895,0.00035792,0.00042456
2025-11-11 21:00:00+00:00,4154.0033665,22.8757194,0.9914555,0.97160779,0.01835394,0.00075813,0.00048775
2025-11-11 22:00:00+00:00,3896.65813075,22.39435013,0.98864587,0.97276623,0.01382515,0.0011837,0.00058802
2025-11-11 23:00:00+00:00,3645.0196255,22.10465599,0.98803783,0.97961467,0.00624653,0.001398,0.0005276
2025-11-12 00:00:00+00:00,3510.13740525,21.80983443,0.98646883,0.98399996,4.74e-06,0.0016392,0.00058192
2025-11-12 01:00:00+00:00,3392.59917,21.48273074,0.98505355,0.9823937,3.96e-06,0.00182947,0.00056483
2025-11-12 02:00:00+00:00,3365.32506675,21.10478866,0.98401013,0.98127039,2.68e-06,0.0020245,0.00048373
2025-11-12 03:00:00+00:00,3365.90976275,20.78439453,0.9833805,0.98062249,0.0,0.00214676,0.00038863
2025-11-12 04:00:00+00:00,3477.45598075,20.89939898,0.98403418,0.9814155,0.0,0.00194843,0.00042718
2025-11-12 05:00:00+00:00,3839.157927,21.6062432,0.9868246,0.98481322,0.0,0.00133223,0.00046179
2025-11-12 06:00:00+00:00,4279.51732675,21.85340532,0.98850455,0.98668624,4.859e-05,0.00111728,0.00043697
2025-11-12 07:00:00+00:00,4372.625598,21.70532899,0.98818097,0.98448533,0.00197286,0.00114568,0.00040749
2025-11-12 08:00:00+00:00,4399.06347625,21.66029786,0.98837593,0.98478858,0.00203168,0.00113606,0.00023218
2025-11-12 09:00:00+00:00,4410.7438155,21.72254932,0.98831874,0.98452605,0.00207697,0.00115182,0.00034967
2025-11-12 10:00:00+00:00,4383.6205415,21.60319186,0.98849424,0.98484799,0.00211026,0.00112594,0.00025861
2025-11-12 11:00:00+00:00,4363.24175325,21.09512204,0.98652054,0.98297703,0.00167948,0.0013625,0.00032692
2025-11-12 12:00:00+00:00,4330.235893,21.08212779,0.98666409,0.9830454,0.00168804,0.00135809,0.00036846
2025-11-12 13:00:00+00:00,4321.275272,21.18027837,0.98662551,0.9829899,0.00172851,0.00128531,0.00042062
2025-11-12 14:00:00+00:00,4375.15221075,21.24325355,0.98704381,0.98336632,0.00180472,0.00123203,0.00045356
2025-11-12 15:00:00+00:00,4535.59665875,21.38238504,0.98676074,0.98295852,0.0017866,0.00122456,0.00057704
2025-11-12 16:00:00+00:00,4525.991166,21.59969275,0.98758681,0.98371992,0.00194833,0.0010539,0.00066579
2025-11-12 17:00:00+00:00,4458.25442425,21.29865855,0.98653749,0.98277673,0.00177386,0.00119058,0.00062207
2025-11-12 18:00:00+00:00,4385.2618275,21.19269441,0.98626885,0.9824096,0.00172609,0.00132454,0.00059429
2025-11-12 19:00:00+00:00,4316.542208,21.08958312,0.98676197,0.98271794,0.00170343,0.00151211,0.0006149
2025-11-12 20:00:00+00:00,4194.51957675,20.97069223,0.98740227,0.9837781,0.00171633,0.00116051,0.00060267
2025-11-12 21:00:00+00:00,4030.26494025,20.8431354,0.9872366,0.98426379,0.0015208,0.00072328,0.00052643
2025-11-12 22:00:00+00:00,3794.4243915,20.62935849,0.98650401,0.98400611,0.00098091,0.00071984,0.00054932
2025-11-12 23:00:00+00:00,3596.65513,20.35161749,0.98575654,0.98432813,0.0,0.00101363,0.00030236
2025-11-13 00:00:00+00:00,3457.60647675,20.18837318,0.98475729,0.98308669,0.0,0.00139683,0.00019999
2025-11-13 01:00:00+00:00,3353.60382475,20.04288486,0.98346186,0.98179724,0.0,0.0014291,0.00015391
2025-11-13 02:00:00+00:00,3343.21663725,19.85645858,0.98321142,0.98181615,0.0,0.00121039,9.401e-05
2025-11-13 03:00:00+00:00,3375.7324285,19.73748142,0.98441352,0.98378726,0.0,0.00047833,4.078e-05
2025-11-13 04:00:00+00:00,3513.583414,20.27932068,0.98559326,0.98477474,0.0,0.00048584,0.00022213
2025-11-13 05:00:00+00:00,3942.5090535,20.66855368,0.98621367,0.98540655,0.0,0.00012508,0.00052904
2025-11-13 06:00:00+00:00,4453.726458,21.04279621,0.98640491,0.98382792,0.00149897,0.00045485,0.00044774
2025-11-13 07:00:00+00:00,4567.85635525,21.24152264,0.98788398,0.98560454,0.00175834,0.0,0.00039246
2025-11-13 08:00:00+00:00,4596.58142525,21.75051921,0.98924879,0.98681621,0.00190792,0.0,0.00040233
2025-11-13 09:00:00+00:00,4609.15419275,21.66088115,0.9879073,0.98715204,6.947e-05,0.0,0.00046194
2025-11-13 10:00:00+00:00,4596.49250375,22.55213916,0.98739454,0.98491592,7.73e-06,0.00087144,0.00043232
2025-11-13 11:00:00+00:00,4630.26687325,22.58005572,0.98845276,0.98679867,2.729e-05,0.00042504,0.00039952
2025-11-13 12:00:00+00:00,4642.01911375,22.27090281,0.98970671,0.98828479,0.00092875,0.0,0.00034741
2025-11-13 13:00:00+00:00,4711.82303175,22.34682791,0.99037216,0.98966175,0.0002928,0.0,0.00027657
2025-11-13 14:00:00+00:00,4864.4962815,22.21404995,0.99033559,0.9899223,5.7e-06,0.0,0.0002617
2025-11-13 15:00:00+00:00,5057.020168,22.41340518,0.991309,0.99089427,5.84e-06,0.0,0.00025542
2025-11-13 16:00:00+00:00,5057.201416,22.56453389,0.99160531,0.99104714,5.91e-06,0.00016505,0.00023753
2025-11-13 17:00:00+00:00,5003.83955275,22.60963618,0.99148947,0.99082364,5.94e-06,0.00023557,0.00026854
2025-11-13 18:00:00+00:00,4966.931839,22.60972826,0.99160677,0.99081686,0.0,0.00037626,0.00027784
2025-11-13 19:00:00+00:00,4951.9677245,22.42971969,0.98999296,0.9888251,0.0,0.00074619,0.00028943
2025-11-13 20:00:00+00:00,4908.54144325,22.5931592,0.99033399,0.98922797,0.0,0.00069173,0.00030736
2025-11-13 21:00:00+00:00,4766.0454685,22.47874912,0.98954745,0.98837132,0.0,0.00077313,0.00029815
2025-11-13 22:00:00+00:00,4576.33286975,22.41995669,0.98891337,0.98749881,0.0,0.0009487,0.00035691
2025-11-13 23:00:00+00:00,4428.6847795,22.19494377,0.98792316,0.98615565,5.1e-06,0.00123312,0.00035722
2025-11-14 00:00:00+00:00,4316.9854995,22.27155796,0.98759582,0.98581892,5.66e-06,0.00123779,0.0003691
2025-11-14 01:00:00+00:00,4257.28281325,22.15793138,0.98667114,0.98477774,0.0,0.00132736,0.00039817
2025-11-14 02:00:00+00:00,4247.9864515,22.10026243,0.98606386,0.98416925,0.0,0.0013128,0.00040343
2025-11-14 03:00:00+00:00,4265.455723,22.50418458,0.98852413,0.98692677,5.56e-06,0.00098681,0.00040587
2025-11-14 04:00:00+00:00,4455.00705375,22.72839127,0.98981251,0.98875837,6.35e-06,0.00041192,0.00042912
2025-11-14 05:00:00+00:00,4959.91751625,23.64240894,0.99495469,0.98819002,0.0063164,6.76e-06,0.00029491
2025-11-14 06:00:00+00:00,5458.8925755,23.90307577,0.99607252,0.98288973,0.012629,1.882e-05,0.0001291
2025-11-14 07:00:00+00:00,5612.41216975,23.99985839,0.99620508,0.97908282,0.01629306,3.214e-05,0.00012586
2025-11-14 08:00:00+00:00,5547.5390275,23.62824106,0.99638398,0.97045802,0.0257188,0.0,0.00012013
2025-11-14 09:00:00+00:00,5350.32173325,23.65628741,0.99636634,0.96758236,0.02852327,1.18e-06,0.00012108
2025-11-14 10:00:00+00:00,5157.1754,23.63617497,0.99618314,0.96603631,0.02990083,0.0,0.00012595
2025-11-14 11:00:00+00:00,5018.71031675,23.53433439,0.99544871,0.9662121,0.02893857,0.0,0.00017566
2025-11-14 12:00:00+00:00,4909.52065825,23.5385383,0.99573281,0.96705464,0.02844978,0.0,0.00010517
2025-11-14 13:00:00+00:00,4931.01926875,23.49638284,0.99568808,0.9673848,0.02815655,0.0,4.424e-05
2025-11-14 14:00:00+00:00,5076.71602825,23.49435789,0.99611052,0.9681242,0.02790092,0.0,0.0
2025-11-14 15:00:00+00:00,5354.25782325,23.51703675,0.99634582,0.96794566,0.02821123,3.14e-06,3.808e-05
2025-11-14 16:00:00+00:00,5434.0971285,23.49836779,0.99648608,0.97161524,0.02467899,0.0,8.834e-05
2025-11-14 17:00:00+00:00,5387.7433515,23.54322082,0.99656022,0.97364149,0.02263792,0.0,0.0001402
2025-11-14 18:00:00+00:00,5340.43802325,23.36548066,0.99523153,0.98026141,0.01437516,0.0,0.00035049
2025-11-14 19:00:00+00:00,5256.6854535,23.14989314,0.99358782,0.97924809,0.01364516,0.0,0.00042059
2025-11-14 20:00:00+00:00,5115.9852875,22.88214735,0.99240811,0.98751834,0.00416463,0.0,0.00044305
2025-11-14 21:00:00+00:00,4992.11356275,22.36439702,0.98988965,0.98557565,0.00355908,0.0,0.00045928
2025-11-14 22:00:00+00:00,4856.82296175,22.0101368,0.98805431,0.98570716,0.00124326,0.00033264,0.00049004
2025-11-14 23:00:00+00:00,4689.3300495,21.93082838,0.98827372,0.98660362,3.165e-05,0.00082525,0.00050745
2025-11-15 00:00:00+00:00,4555.85851625,21.7254367,0.98697832,0.98500724,4.25e-06,0.00106882,0.00058484
2025-11-15 01:00:00+00:00,4475.11433475,21.81296256,0.98667574,0.98478786,4.27e-06,0.00104717,0.00055446
2025-11-15 02:00:00+00:00,4444.9577065,21.86625748,0.98630617,0.98435206,4.33e-06,0.00115031,0.00058206
2025-11-15 03:00:00+00:00,4455.376948,22.07451348,0.98660023,0.98465947,4.59e-06,0.00112285,0.00057513
2025-11-15 04:00:00+00:00,4499.81020875,22.35996617,0.98701636,0.9844513,0.00012053,0.00137727,0.00061497
2025-11-15 05:00:00+00:00,4612.753434,22.86483232,0.98825938,0.98529215,0.00056453,0.00128119,0.00063245
2025-11-15 06:00:00+00:00,4781.97264175,23.45853794,0.99205662,0.98985013,0.00098589,0.00040106,0.00057892
2025-11-15 07:00:00+00:00,4960.28456225,23.60042251,0.9943141,0.98985608,0.003823,4.083e-05,0.00050068
2025-11-15 08:00:00+00:00,5162.50418825,23.59847282,0.99430936,0.97911312,0.0145205,9.84e-05,0.00047678
2025-11-15 09:00:00+00:00,5125.69847825,23.4820294,0.99381432,0.97878854,0.01421986,0.00016627,0.00048514
2025-11-15 10:00:00+00:00,5050.8427875,23.11934504,0.9915823,0.97712468,0.01345771,0.00037456,0.00048754
2025-11-15 11:00:00+00:00,4991.8043345,23.20623703,0.9922194,0.97776612,0.01352186,0.00030277,0.00050205
2025-11-15 12:00:00+00:00,5001.88053725,23.18614155,0.99259819,0.978524,0.01318455,0.00027118,0.00053377
2025-11-15 13:00:00+00:00,5024.66653875,23.25888712,0.99322164,0.97864507,0.01373325,0.00021633,0.00051408
2025-11-15 14:00:00+00:00,5080.7009945,23.54310162,0.99504715,0.97959904,0.0147932,3.389e-05,0.0004907
2025-11-15 15:00:00+00:00,5231.303589,23.60838376,0.99553753,0.98014452,0.01475455,0.0,0.00049759
2025-11-15 16:00:00+00:00,5306.1333205,23.47120035,0.99532792,0.98095572,0.01372488,3.361e-05,0.00047666
2025-11-15 17:00:00+00:00,5307.11658375,23.24461869,0.99445964,0.9794428,0.01425813,0.00013546,0.00047224
2025-11-15 18:00:00+00:00,5213.20262175,22.89049724,0.99264677,0.97822879,0.01340646,0.00035933,0.00049609
2025-11-15 19:00:00+00:00,5100.3663355,22.49401209,0.99116096,0.97989375,0.01007503,0.00057982,0.00049227
2025-11-15 20:00:00+00:00,5008.438844,22.11052056,0.98943318,0.98359968,0.00438798,0.00083717,0.00048679
2025-11-15 21:00:00+00:00,4871.071014,21.90108869,0.98893826,0.98627126,0.0010717,0.00098713,0.0004891
2025-11-15 22:00:00+00:00,4716.76368775,21.59759808,0.98750703,0.98398194,0.0016607,0.001267,0.00049144
2025-11-15 23:00:00+00:00,4616.39642525,21.38009853,0.98614735,0.98400196,2.385e-05,0.00148588,0.00049854
2025-11-16 00:00:00+00:00,4513.646614,21.35950367,0.98599529,0.9837652,2.058e-05,0.00152473,0.0005097
2025-11-16 01:00:00+00:00,4422.0404845,21.32494225,0.98528532,0.98279933,2.262e-05,0.00167739,0.00055493
2025-11-16 02:00:00+00:00,4397.38730125,21.38826979,0.98487706,0.98234501,2.485e-05,0.0016845,0.00061346
2025-11-16 03:00:00+00:00,4371.0419625,21.33990166,0.9848952,0.97730502,0.00516345,0.00161371,0.00062457
2025-11-16 04:00:00+00:00,4395.833071,21.32061301,0.9850869,0.97764223,0.00553131,0.00108976,0.00059997
2025-11-16 05:00:00+00:00,4500.53737025,21.47476014,0.98626904,0.9794289,0.00603848,0.0,0.0006262
2025-11-16 06:00:00+00:00,4612.00914775,21.88513974,0.98812762,0.97821516,0.00909525,0.0,0.00061978
2025-11-16 07:00:00+00:00,4759.38399525,22.23890912,0.98894232,0.97351773,0.01467918,0.0,0.00056345
2025-11-16 08:00:00+00:00,4903.37650075,22.4497767,0.98873427,0.9727985,0.01521393,0.0,0.00061533
2025-11-16 09:00:00+00:00,4852.04151275,22.8474611,0.98978943,0.97250573,0.01649131,0.0,0.00061761
2025-11-16 10:00:00+00:00,4743.60197075,23.33903421,0.99150078,0.97204099,0.01866377,0.0,0.00057433
2025-11-16 11:00:00+00:00,4621.61966025,23.84692847,0.99377084,0.97267377,0.02026557,0.0,0.00055454
2025-11-16 12:00:00+00:00,4596.460581,23.56203306,0.99291278,0.98113521,0.01095306,0.0,0.00060717
2025-11-16 13:00:00+00:00,4638.46500675,23.48749511,0.99302015,0.98194497,0.01030577,0.0,0.0005653
2025-11-16 14:00:00+00:00,4813.7739485,23.48506537,0.99249031,0.98028435,0.01146381,0.0,0.00052475
2025-11-16 15:00:00+00:00,5048.03343175,23.28505343,0.99176307,0.97199062,0.01906791,4.883e-05,0.00038397
2025-11-16 16:00:00+00:00,5151.4849705,23.46324538,0.9915494,0.96920357,0.02117987,0.00024036,0.00035913
2025-11-16 17:00:00+00:00,5178.6325645,23.4554421,0.99184294,0.97785704,0.01295913,0.0002018,0.00041637
2025-11-16 18:00:00+00:00,5186.30364925,23.55745015,0.99368083,0.96930363,0.02377003,5.68e-06,0.00039818
2025-11-16 19:00:00+00:00,5162.2022515,23.42912717,0.9927723,0.97021793,0.0218627,0.0,0.00049768
2025-11-16 20:00:00+00:00,5085.168982,23.45404634,0.99346133,0.97222798,0.02061086,0.0,0.00044571
2025-11-16 21:00:00+00:00,4934.88685875,23.61016636,0.99466245,0.97438994,0.01950498,0.0,0.00056632
2025-11-16 22:00:00+00:00,4759.32124225,23.42817915,0.99342854,0.98248399,0.01005021,0.0,0.00061281
2025-11-16 23:00:00+00:00,4583.947736,23.19127493,0.99218186,0.98901367,0.00218779,0.0,0.00067458
2025-11-17 00:00:00+00:00,4460.933627,22.91263863,0.99119129,0.98901637,0.00109664,0.0,0.00077552
2025-11-17 01:00:00+00:00,4418.18165325,23.01770437,0.99142362,0.98999435,0.00026707,0.0,0.000801
2025-11-17 02:00:00+00:00,4425.059718,23.3355094,0.9910949,0.98950864,0.00029374,0.0,0.00088502
2025-11-17 03:00:00+00:00,4480.32031275,23.45070505,0.99111794,0.98949469,0.00029322,0.0,0.00080883
2025-11-17 04:00:00+00:00,4677.9994545,23.63994122,0.99146817,0.98980338,0.00038115,0.0,0.00082411
2025-11-17 05:00:00+00:00,5182.98537075,23.71426499,0.99484629,0.98732846,0.00646055,0.0,0.00065222
2025-11-17 06:00:00+00:00,5739.3037465,23.52479556,0.99580381,0.98337024,0.01178291,0.0,0.00036123
2025-11-17 07:00:00+00:00,5803.019291,23.29211991,0.99545127,0.98334663,0.01179901,6.581e-05,6.706e-05
2025-11-17 08:00:00+00:00,5719.2405175,23.95967494,0.99443141,0.98103665,0.01186486,0.0001401,3.234e-05
2025-11-17 09:00:00+00:00,5584.43197775,25.41725282,0.99276178,0.97607021,0.0129302,0.00023859,3.345e-05
2025-11-17 10:00:00+00:00,5526.489751,26.47123006,0.98768455,0.96752507,0.01446162,0.00043795,1.695e-05
2025-11-17 11:00:00+00:00,5446.0760225,25.88885742,0.98739522,0.96958564,0.01307203,0.00041629,1.492e-05
2025-11-17 12:00:00+00:00,5392.495014,25.71229208,0.98715455,0.97069049,0.01197545,0.00046529,4.283e-05
2025-11-17 13:00:00+00:00,5376.18394775,26.45735682,0.99115764,0.97334601,0.01278871,0.00030239,6.774e-05
2025-11-17 14:00:00+00:00,5501.10869175,25.30673808,0.99268122,0.97767751,0.01158852,0.00025169,8.682e-05
2025-11-17 15:00:00+00:00,5777.8572785,24.06190897,0.99237583,0.98047693,0.01022442,0.0003347,9.097e-05
2025-11-17 16:00:00+00:00,5694.4427055,23.57159729,0.98911299,0.97968528,0.00778858,0.00062508,0.00010561
2025-11-17 17:00:00+00:00,5616.30810125,23.51218922,0.98930302,0.97976294,0.00806467,0.00058497,0.00010057
2025-11-17 18:00:00+00:00,5547.0713875,23.71038029,0.99142684,0.98193708,0.00827293,0.00039548,0.00010618
2025-11-17 19:00:00+00:00,5473.0607095,23.69755355,0.99265475,0.98359993,0.00817086,0.00029343,0.00010552
2025-11-17 20:00:00+00:00,5441.74269175,23.67200829,0.99400895,0.98025224,0.01316101,0.00018183,9.008e-05
2025-11-17 21:00:00+00:00,5250.7266655,24.15307379,0.99543505,0.97460161,0.01985346,6.663e-05,4.747e-05
2025-11-17 22:00:00+00:00,5006.52840025,23.8310327,0.99627014,0.97631379,0.01982468,0.0,3.437e-05
2025-11-17 23:00:00+00:00,4770.75081525,24.69194437,0.99477779,0.97614321,0.01677289,0.00011595,2.465e-05
2025-11-18 00:00:00+00:00,4641.03195725,24.30136601,0.99515738,0.97657093,0.01739875,7.728e-05,2.528e-05
2025-11-18 01:00:00+00:00,4584.84070575,23.53805917,0.99328221,0.97739334,0.01562545,5.49e-06,4.867e-05
2025-11-18 02:00:00+00:00,4583.2986625,24.95998846,0.99355803,0.97339853,0.01726726,0.00024244,3.542e-05
2025-11-18 03:00:00+00:00,4600.9558375,23.89243649,0.99550955,0.97660568,0.01814214,5.401e-05,2.397e-05
2025-11-18 04:00:00+00:00,4790.13276975,25.73349087,0.99414578,0.97715274,0.01284001,0.00027343,3.546e-05
2025-11-18 05:00:00+00:00,5349.280498,28.83278462,0.99335431,0.96875886,0.01475097,0.0004436,2.744e-05
2025-11-18 06:00:00+00:00,5821.01633225,30.01153905,0.99361667,0.9674376,0.0144574,0.00040078,4.032e-05
2025-11-18 07:00:00+00:00,5906.572386,28.65486011,0.99426604,0.97007557,0.01518379,0.0002985,3.792e-05
2025-11-18 08:00:00+00:00,5883.19069675,29.6358116,0.99304619,0.96712135,0.01524296,0.00035085,2.979e-05
2025-11-18 09:00:00+00:00,5825.94354375,27.34134552,0.99398279,0.97205604,0.01542033,0.00022056,3.235e-05
2025-11-18 10:00:00+00:00,5714.82645975,25.46649189,0.99520822,0.97619371,0.01597086,0.00010561,3.334e-05
2025-11-18 11:00:00+00:00,5604.14957225,30.41990466,0.99068158,0.9618592,0.01628899,0.00089841,1.552e-05
2025-11-18 12:00:00+00:00,5478.1735695,30.94020808,0.99094518,0.96188385,0.01595175,0.00047184,2.52e-05
2025-11-18 13:00:00+00:00,5479.284858,30.18188145,0.99279664,0.96539177,0.01590071,0.00038737,2.868e-05
2025-11-18 14:00:00+00:00,5610.18278425,28.12036448,0.99440908,0.97085732,0.01575173,0.00027018,2.885e-05
2025-11-18 15:00:00+00:00,5831.287173,30.51029836,0.99344323,0.96533869,0.01585966,0.0005146,2.606e-05
2025-11-18 16:00:00+00:00,5844.2328715,26.58926088,0.99493751,0.97290617,0.01674359,0.00065355,3.751e-05
2025-11-18 17:00:00+00:00,5757.43613375,26.95950434,0.99465384,0.97332496,0.01544144,0.00062046,3.65e-05
2025-11-18 18:00:00+00:00,5685.10708625,27.05208827,0.99494325,0.97428799,0.01485822,0.00024577,2.526e-05
2025-11-18 19:00:00+00:00,5597.1119655,25.60570227,0.9958628,0.97749243,0.01521429,0.00010529,2.702e-05
2025-11-18 20:00:00+00:00,5517.764239,27.11797227,0.99517584,0.97327507,0.01598505,0.00020903,3.034e-05
2025-11-18 21:00:00+00:00,5383.24859925,24.29513222,0.99657966,0.98021399,0.01555201,5.121e-05,3.236e-05
2025-11-18 22:00:00+00:00,5170.0701405,25.03805428,0.99598375,0.97836368,0.01551264,8.33e-05,3.263e-05
2025-11-18 23:00:00+00:00,4965.563939,25.89385549,0.99497606,0.97605007,0.01517817,0.00017698,1.026e-05
2025-11-19 00:00:00+00:00,4830.03094875,24.55092581,0.99578711,0.9793548,0.01502764,6.883e-05,4.46e-06
2025-11-19 01:00:00+00:00,4729.10120925,26.86157981,0.99362167,0.97295253,0.01476196,0.00034775,4.27e-06
2025-11-19 02:00:00+00:00,4677.09104125,27.90385023,0.99380083,0.96831887,0.01596125,0.00199035,2e-08
2025-11-19 03:00:00+00:00,4690.73080875,27.84577951,0.99429523,0.9691124,0.01565321,0.00210979,2.92e-06
2025-11-19 04:00:00+00:00,4854.764608,26.64081376,0.99581785,0.97216929,0.01535647,0.00312868,2.267e-05
2025-11-19 05:00:00+00:00,5343.22624325,29.27835014,0.99548095,0.96542058,0.01586503,0.00400467,2.837e-05
2025-11-19 06:00:00+00:00,5835.90899275,32.44554213,0.99592093,0.95911814,0.01512563,0.00461128,3.001e-05
2025-11-19 07:00:00+00:00,5957.51763425,31.67565721,0.99498333,0.96003263,0.01603361,0.00333772,2.993e-05
2025-11-19 08:00:00+00:00,5938.31660475,28.23516682,0.99619737,0.96250162,0.02321653,0.00175968,3.217e-05
2025-11-19 09:00:00+00:00,5843.1132935,26.00743023,0.99706128,0.96800621,0.0239149,0.00085154,1.945e-05
2025-11-19 10:00:00+00:00,5749.5318235,26.45747997,0.99708407,0.97367682,0.01725918,0.00103995,2.459e-05
2025-11-19 11:00:00+00:00,5661.7071285,27.31584202,0.99705532,0.97173301,0.01712624,0.00142104,2.418e-05
2025-11-19 12:00:00+00:00,5600.597853,30.12175521,0.99651967,0.96600619,0.01601552,0.00232174,2.519e-05
2025-11-19 13:00:00+00:00,5676.311486,35.30420193,0.99459357,0.95366995,0.01571675,0.0033121,2.629e-05
2025-11-19 14:00:00+00:00,5845.91427675,38.66156117,0.99291677,0.94498092,0.01594075,0.00379265,2.407e-05
2025-11-19 15:00:00+00:00,6100.497773,40.11329495,0.9922728,0.94226951,0.01525338,0.00371234,2.106e-05
2025-11-19 16:00:00+00:00,6114.6437095,36.78388981,0.99172245,0.94940437,0.01554399,0.00241584,4.3e-06
2025-11-19 17:00:00+00:00,6079.48404225,31.87382599,0.99281857,0.95383264,0.02333038,0.00091632,2.14e-05
2025-11-19 18:00:00+00:00,6035.2337355,30.02773938,0.99326009,0.95749456,0.02442794,0.00035008,1.589e-05
2025-11-19 19:00:00+00:00,5991.49591,30.67348373,0.99331883,0.95787242,0.02287781,0.0003931,2.558e-05
2025-11-19 20:00:00+00:00,5949.7936085,31.5052161,0.99309098,0.95559455,0.02315253,0.00044129,3.591e-05
2025-11-19 21:00:00+00:00,5799.47833225,31.13800472,0.99329861,0.95654831,0.02304495,0.00043859,3.729e-05
2025-11-19 22:00:00+00:00,5638.2510835,31.13454258,0.99367934,0.95683168,0.02329368,0.00053511,3.758e-05
2025-11-19 23:00:00+00:00,5437.96067275,32.38075286,0.99329173,0.95679586,0.02045602,0.00060014,1.41e-05
2025-11-20 00:00:00+00:00,5296.1487435,31.7502762,0.9933887,0.95006569,0.02777099,0.00065139,1.882e-05
2025-11-20 01:00:00+00:00,5208.1619915,31.64224476,0.99305859,0.94902485,0.02823455,0.0007139,3.1e-07
2025-11-20 02:00:00+00:00,5184.950171,28.64090443,0.9943935,0.95656445,0.02785221,0.00044555,2.57e-06
2025-11-20 03:00:00+00:00,5200.37281525,25.68377087,0.99560398,0.96274151,0.02876723,0.00016722,2.73e-05
2025-11-20 04:00:00+00:00,5368.5056775,24.39317038,0.99636695,0.96626145,0.02806864,0.00064364,1.489e-05
2025-11-20 05:00:00+00:00,5830.305558,27.03281638,0.99640895,0.96416435,0.02322443,0.00242327,1.28e-05
2025-11-20 06:00:00+00:00,6242.43682025,34.23839837,0.99550631,0.95017862,0.02083545,0.00360405,1.23e-06
2025-11-20 07:00:00+00:00,6375.67085325,37.92541312,0.99521359,0.94677322,0.01588733,0.00398498,6.06e-06
2025-11-20 08:00:00+00:00,6373.28423275,38.10598037,0.99438143,0.94656877,0.01555831,0.00368377,1.448e-05
2025-11-20 09:00:00+00:00,6254.3963635,34.54959709,0.99616419,0.95001521,0.0210868,0.00316021,1.472e-05
2025-11-20 10:00:00+00:00,6181.9870875,34.73529599,0.99656979,0.95492904,0.01595028,0.00348005,1.695e-05
2025-11-20 11:00:00+00:00,6092.394887,34.27006359,0.99671084,0.950179,0.02190802,0.00349101,1.723e-05
2025-11-20 12:00:00+00:00,6019.400777,33.64121066,0.99657063,0.95181803,0.02150253,0.00336584,1.669e-05
2025-11-20 13:00:00+00:00,6030.077064,34.73197941,0.99640125,0.94943671,0.02102338,0.00360398,1.826e-05
2025-11-20 14:00:00+00:00,6132.5495315,35.37913671,0.99637105,0.9494307,0.01933066,0.00367364,1.634e-05
2025-11-20 15:00:00+00:00,6364.99331,34.62164519,0.99644495,0.95526292,0.01515793,0.00341788,1.5e-07
2025-11-20 16:00:00+00:00,6393.88200175,31.07581531,0.99595832,0.96305525,0.01521694,0.00231556,1.8e-07
2025-11-20 17:00:00+00:00,6331.59029275,26.72768117,0.99629226,0.9748867,0.01388999,0.00094392,6.1e-06
2025-11-20 18:00:00+00:00,6277.12488975,23.69446444,0.99704829,0.98349583,0.01321547,3.111e-05,1.332e-05
2025-11-20 19:00:00+00:00,6248.40151975,23.61221322,0.99694872,0.9842543,0.01260182,0.0,1.795e-05
2025-11-20 20:00:00+00:00,6199.393419,23.28553775,0.99341667,0.9815315,0.01141361,0.00023014,4.414e-05
2025-11-20 21:00:00+00:00,6049.025281,23.03957518,0.99100096,0.97661392,0.01371933,0.00036276,4.635e-05
2025-11-20 22:00:00+00:00,5821.76792475,22.82582879,0.99035389,0.97157412,0.01838191,0.00019563,2.333e-05
2025-11-20 23:00:00+00:00,5555.53584825,23.27358947,0.99320113,0.97494723,0.01812795,0.0,2.515e-05
2025-11-21 00:00:00+00:00,5457.12357325,23.29400706,0.99333954,0.96733414,0.02583363,0.0,5.74e-05
2025-11-21 01:00:00+00:00,5370.387546,23.21667621,0.99310369,0.96516728,0.02775667,0.0,5.999e-05
2025-11-21 02:00:00+00:00,5303.9099125,22.98513899,0.99174971,0.96490054,0.02665361,0.0,6.326e-05
2025-11-21 03:00:00+00:00,5303.46596725,23.11935176,0.99231661,0.96462904,0.02743791,1.079e-05,4.389e-05
2025-11-21 04:00:00+00:00,5427.298371,26.24697544,0.99612819,0.96983282,0.02018019,0.00089003,2.642e-05
2025-11-21 05:00:00+00:00,5866.551067,31.01566979,0.99628549,0.96394713,0.01521044,0.00237469,2.473e-05
2025-11-21 06:00:00+00:00,6416.8335855,33.95709956,0.99570604,0.95718383,0.01501339,0.00295752,1.718e-05
2025-11-21 07:00:00+00:00,6565.871389,28.83543204,0.99630935,0.96832474,0.01639908,0.00144334,1.43e-05
2025-11-21 08:00:00+00:00,6562.93441575,25.43863291,0.99677828,0.97814702,0.0153521,0.00025696,1.795e-05
2025-11-21 09:00:00+00:00,6448.05708275,31.30419177,0.99235466,0.95419667,0.02453147,0.0003811,1.912e-05
2025-11-21 10:00:00+00:00,6310.5668865,33.02771081,0.99161745,0.95778509,0.01603478,0.00095405,1.608e-05
2025-11-21 11:00:00+00:00,6269.77343575,39.33521709,0.98893182,0.94207999,0.01575268,0.0022282,2.045e-05
2025-11-21 12:00:00+00:00,6123.9746505,43.09511233,0.98875238,0.93449415,0.01438922,0.00375222,2.211e-05
2025-11-21 13:00:00+00:00,6122.782251,43.27381129,0.99064541,0.93312806,0.01621984,0.0044265,1.532e-05
2025-11-21 14:00:00+00:00,6209.87785225,39.41845276,0.99433112,0.9434564,0.01642709,0.00395538,1.87e-05
2025-11-21 15:00:00+00:00,6344.738425,35.2218386,0.99573537,0.95367186,0.01583058,0.00333993,2.811e-05
2025-11-21 16:00:00+00:00,6275.02407975,29.78908798,0.99574522,0.96550498,0.01595229,0.00188174,4.07e-06
2025-11-21 17:00:00+00:00,6156.01919775,26.17322113,0.99532734,0.97462376,0.01444808,0.00087478,7.54e-06
2025-11-21 18:00:00+00:00,5999.91367825,23.81387953,0.99335646,0.97897259,0.01283117,0.00039601,2.347e-05
2025-11-21 19:00:00+00:00,5861.0799395,23.24396379,0.99215927,0.97938059,0.01188595,0.00016335,2.808e-05
2025-11-21 20:00:00+00:00,5747.75077025,23.00020323,0.99279953,0.98469269,0.00797189,0.0,1.71e-05
2025-11-21 21:00:00+00:00,5558.39113425,23.19992661,0.99485437,0.9852666,0.00948455,0.0,9.05e-06
2025-11-21 22:00:00+00:00,5459.5629505,22.74997581,0.99249816,0.98423317,0.00814068,0.0,1.871e-05
2025-11-21 23:00:00+00:00,5244.03585,22.89059597,0.99375802,0.97878261,0.01487451,0.0,8.21e-06
2025-11-22 00:00:00+00:00,5096.1480735,22.4668312,0.99232114,0.97833764,0.01387388,0.0,1.221e-05
2025-11-22 01:00:00+00:00,4967.3452735,22.26101483,0.99177802,0.98276993,0.008903,0.0,6.78e-06
2025-11-22 02:00:00+00:00,4882.178678,21.99996416,0.99077654,0.98690601,0.00376763,0.0,3.44e-06
2025-11-22 03:00:00+00:00,4864.74510075,21.72218191,0.98987923,0.98678797,0.0029928,0.0,1.11e-06
2025-11-22 04:00:00+00:00,4891.920211,21.40132334,0.98858278,0.98573902,0.00274902,0.0,0.0
2025-11-22 05:00:00+00:00,4951.9457275,21.18492427,0.98703633,0.98464972,0.00218375,0.00010422,6.8e-07
2025-11-22 06:00:00+00:00,5056.57630825,21.2741184,0.98656359,0.98388942,0.00249677,6.356e-05,3.16e-06
2025-11-22 07:00:00+00:00,5235.58289575,21.74445796,0.98800222,0.98411017,0.00328876,0.00046541,4.61e-06
2025-11-22 08:00:00+00:00,5415.19944875,21.73277442,0.98770822,0.98281635,0.00390049,0.00084544,5.4e-06
2025-11-22 09:00:00+00:00,5473.53742575,21.94515737,0.98814789,0.98300625,0.0039941,0.00098446,8.15e-06
2025-11-22 10:00:00+00:00,5462.88653125,21.70042513,0.98685194,0.98139952,0.00414683,0.00109716,9.89e-06
2025-11-22 11:00:00+00:00,5407.576997,21.81809279,0.98706711,0.98119574,0.00454565,0.00111754,8.87e-06
2025-11-22 12:00:00+00:00,5343.33188825,21.72465899,0.98713608,0.98123485,0.00466792,0.00106861,7.65e-06
2025-11-22 13:00:00+00:00,5328.36178475,21.87769561,0.98718174,0.980849,0.00461385,0.00138652,9.68e-06
2025-11-22 14:00:00+00:00,5375.171228,21.80415999,0.98819087,0.98244296,0.00465237,0.00093316,8.17e-06
2025-11-22 15:00:00+00:00,5414.237539,22.10029806,0.98918485,0.98231467,0.00587765,0.00080201,9.69e-06
2025-11-22 16:00:00+00:00,5405.66146125,22.32430367,0.98963863,0.98240622,0.00625212,0.00076352,8.66e-06
2025-11-22 17:00:00+00:00,5327.03900175,22.01000963,0.98833588,0.98309288,0.00469367,0.00040942,1.073e-05
2025-11-22 18:00:00+00:00,5188.1428545,21.88923904,0.98698725,0.98262899,0.00368019,0.00047504,9.62e-06
2025-11-22 19:00:00+00:00,5013.76901325,22.0337457,0.98710726,0.98265496,0.00370106,0.00047472,7.4e-06
2025-11-22 20:00:00+00:00,4835.29140225,21.08498406,0.9830245,0.98090873,0.00200231,0.0,3.6e-06
2025-11-22 21:00:00+00:00,4684.51907725,20.65035904,0.98092948,0.9790715,0.00174193,1.2e-07,3.14e-06
2025-11-22 22:00:00+00:00,4518.776589,20.7889486,0.98191705,0.97993929,0.0018687,4e-08,3.79e-06
2025-11-22 23:00:00+00:00,4371.61809675,20.72088691,0.98076942,0.97745271,0.00167876,0.00142605,2.043e-05
2025-11-23 00:00:00+00:00,4248.455491,20.41599284,0.97971185,0.97655646,0.00157758,0.0013971,1.513e-05
2025-11-23 01:00:00+00:00,4144.420992,20.32399158,0.97854523,0.97544335,0.00131655,0.00158606,1.616e-05
2025-11-23 02:00:00+00:00,4077.76613025,20.08778778,0.97681149,0.97416495,0.00080597,0.00161745,2.121e-05
2025-11-23 03:00:00+00:00,4042.4973625,19.9547788,0.97722462,0.97568684,0.00066768,0.00068452,1.395e-05
2025-11-23 04:00:00+00:00,4079.826857,20.01248611,0.97653716,0.9756647,0.0007156,0.0,1.138e-05
2025-11-23 05:00:00+00:00,4136.412437,20.16116249,0.97558116,0.9745104,0.00093047,0.0,6.78e-06
2025-11-23 06:00:00+00:00,4221.2874505,21.03789733,0.97779268,0.97503665,0.00167334,0.00086557,5.165e-05
2025-11-23 07:00:00+00:00,4350.9850985,21.17025405,0.97725344,0.97415932,0.00188072,0.00093942,0.00010991
2025-11-23 08:00:00+00:00,4547.56129525,21.22320154,0.97793661,0.97579694,0.00191392,0.0,5.403e-05
2025-11-23 09:00:00+00:00,4698.90512,21.33924862,0.97839096,0.9761072,0.00208766,0.0,4.522e-05
2025-11-23 10:00:00+00:00,4831.7373215,21.40433018,0.97776366,0.97522013,0.00210816,0.00021542,6.069e-05
2025-11-23 11:00:00+00:00,4853.03173175,21.8694433,0.97848733,0.97471186,0.00222324,0.00126151,0.00014317
2025-11-23 12:00:00+00:00,4890.105955,21.28413191,0.97630833,0.97416366,0.00193747,0.0,4.053e-05
2025-11-23 13:00:00+00:00,4890.82835725,22.86610857,0.98579146,0.98153546,0.00324292,0.00071509,9.586e-05
2025-11-23 14:00:00+00:00,4974.823652,23.90278445,0.99245962,0.98205986,0.00917299,0.00059626,0.00015109
2025-11-23 15:00:00+00:00,5071.66935925,23.53761371,0.99162262,0.97828514,0.01270132,0.00035439,0.0001694
2025-11-23 16:00:00+00:00,5076.340125,23.76032851,0.99496889,0.98057464,0.01411734,4.038e-05,0.00014269
2025-11-23 17:00:00+00:00,5064.54549325,24.04759389,0.99525493,0.98035338,0.01387245,0.00040299,0.00012322
2025-11-23 18:00:00+00:00,5023.99863625,24.08963182,0.99513733,0.9776942,0.01620788,0.00052496,0.00012252
2025-11-23 19:00:00+00:00,4968.1013545,24.20307769,0.99500456,0.98298362,0.01013784,0.00092517,0.0001455
2025-11-23 20:00:00+00:00,4883.702336,24.20019533,0.99495776,0.98614105,0.0072498,0.00075975,0.00017428
2025-11-23 21:00:00+00:00,4763.87824475,23.60275465,0.99233062,0.98738286,0.00432405,0.0003106,0.00024664
2025-11-23 22:00:00+00:00,4573.488064,23.53412027,0.99214519,0.98749675,0.00421753,0.00014051,0.00024163
2025-11-23 23:00:00+00:00,4425.79278325,23.77156166,0.9936987,0.98450565,0.00872688,9.49e-05,0.00029315
2025-11-24 00:00:00+00:00,4348.033256,23.77586144,0.99338943,0.9848454,0.00813131,5.567e-05,0.00032223
2025-11-24 01:00:00+00:00,4282.76752875,23.66321102,0.99226897,0.98409455,0.00771305,8.612e-05,0.0003324
2025-11-24 02:00:00+00:00,4207.019705,23.85644954,0.99397911,0.9847943,0.00877279,3.759e-05,0.00032321
2025-11-24 03:00:00+00:00,4217.12705225,23.85315144,0.99438633,0.98353659,0.0105015,0.0,0.00028875
2025-11-24 04:00:00+00:00,4391.90985075,23.76136898,0.99491291,0.97675603,0.01783538,0.0,0.00017397
2025-11-24 05:00:00+00:00,4904.8550825,23.87151881,0.99512456,0.97015247,0.02465063,0.0,0.00018553
2025-11-24 06:00:00+00:00,5486.90322325,24.67583577,0.99601856,0.96550594,0.0280607,0.00046981,4.432e-05
2025-11-24 07:00:00+00:00,5606.28206975,27.77678167,0.99604242,0.95875382,0.0275407,0.00148437,6e-08
2025-11-24 08:00:00+00:00,5609.225476,29.71064357,0.99597058,0.95489501,0.02697626,0.00202445,1e-07
2025-11-24 09:00:00+00:00,5560.83149625,28.73001389,0.99629352,0.95845741,0.02618057,0.00163308,8e-08
2025-11-24 10:00:00+00:00,5518.61541225,26.28566769,0.99633364,0.96279914,0.02775845,0.00079849,4e-08
2025-11-24 11:00:00+00:00,5498.365318,26.18128719,0.99633759,0.96166911,0.02915443,0.00076112,3e-08
2025-11-24 12:00:00+00:00,5499.856491,26.29773091,0.99657923,0.96163724,0.0292445,0.00078458,3e-08
2025-11-24 13:00:00+00:00,5551.73276675,26.60317091,0.99659718,0.96005833,0.03010259,0.00086776,5e-08
2025-11-24 14:00:00+00:00,5562.22969025,26.58743173,0.99679831,0.96026988,0.03010942,0.00087274,5e-08
2025-11-24 15:00:00+00:00,5688.60297125,28.12694496,0.9965639,0.95836761,0.02808083,0.00143624,4.667e-05
2025-11-24 16:00:00+00:00,5686.17397425,31.3305612,0.99617923,0.95079146,0.02759213,0.00253178,2.996e-05
2025-11-24 17:00:00+00:00,5696.67183675,30.93540118,0.99585268,0.95044679,0.02856939,0.00239158,1.5e-07
2025-11-24 18:00:00+00:00,5630.274918,31.07411514,0.99608179,0.95000563,0.02884783,0.00248922,1.5e-07
2025-11-24 19:00:00+00:00,5575.56239975,31.18000281,0.9960505,0.95009878,0.0284332,0.00260365,1.6e-07
2025-11-24 20:00:00+00:00,5505.426017,28.82136653,0.9966501,0.95781086,0.02685512,0.00192354,6e-08
2025-11-24 21:00:00+00:00,5323.3844635,26.33239815,0.99672368,0.95420835,0.03641628,0.00116078,5e-08
2025-11-24 22:00:00+00:00,5061.7587325,25.3283912,0.99642469,0.95927047,0.03340523,0.00089733,8e-08
2025-11-24 23:00:00+00:00,4865.27152975,24.06706335,0.9960561,0.97137724,0.02427015,3.725e-05,8.835e-05
2025-11-25 00:00:00+00:00,4707.1355225,23.98424267,0.99491659,0.97187361,0.02266264,5.963e-05,0.00014014
2025-11-25 01:00:00+00:00,4599.77488775,23.89846364,0.99394051,0.97250961,0.02103528,0.00013265,7.229e-05
2025-11-25 02:00:00+00:00,4554.47672625,23.82073865,0.99057848,0.9703983,0.01912305,0.00047783,0.00014909
2025-11-25 03:00:00+00:00,4583.3520955,24.19033727,0.99309349,0.96997659,0.02169206,0.00044719,6.524e-05
2025-11-25 04:00:00+00:00,4764.57327425,25.85860424,0.99552554,0.96538881,0.02466291,0.0017487,8.2e-07
2025-11-25 05:00:00+00:00,5260.57431225,28.36814515,0.99575079,0.95744118,0.02610435,0.00362668,3.4e-07
2025-11-25 06:00:00+00:00,5612.3178635,32.13338421,0.99592011,0.94738931,0.02825792,0.00380675,2e-07
2025-11-25 07:00:00+00:00,5731.6534775,33.09758528,0.99546474,0.94685733,0.02683317,0.00310444,2.53e-06
2025-11-25 08:00:00+00:00,5732.310359,34.04770223,0.99576887,0.94500282,0.02718888,0.00293844,1.337e-05
2025-11-25 09:00:00+00:00,5695.49674575,33.2189494,0.99611057,0.94663402,0.02808219,0.00259853,1.2e-07
2025-11-25 10:00:00+00:00,5642.39177,33.30191794,0.99618324,0.94722996,0.02748307,0.00266109,1.3e-07
2025-11-25 11:00:00+00:00,5629.9659175,34.22870635,0.99622678,0.9449348,0.02768375,0.00304828,1.6e-07
2025-11-25 12:00:00+00:00,5624.3186005,33.36070835,0.99618942,0.94793061,0.02662434,0.00281807,1.6e-07
2025-11-25 13:00:00+00:00,5674.63080525,32.36821516,0.99611123,0.95100813,0.02571145,0.00254692,1.4e-07
2025-11-25 14:00:00+00:00,5825.516452,34.24798463,0.99608835,0.93822157,0.03406206,0.00300768,1.8e-07
2025-11-25 15:00:00+00:00,5976.03584825,29.1216776,0.99419784,0.94575753,0.03604298,0.0018071,1.594e-05
2025-11-25 16:00:00+00:00,5977.9616155,26.63135852,0.99026411,0.94875609,0.03391504,0.0018558,4.747e-05
2025-11-25 17:00:00+00:00,5943.1481805,25.16778585,0.98700796,0.94954777,0.03241791,0.00196731,9.485e-05
2025-11-25 18:00:00+00:00,5920.53379725,24.78235144,0.986253,0.95097889,0.03079362,0.00200867,0.00010132
2025-11-25 19:00:00+00:00,5937.208868,24.32153763,0.98718406,0.95455799,0.02919337,0.00163106,7.877e-05
2025-11-25 20:00:00+00:00,6025.2130815,23.87043479,0.98682432,0.95547844,0.02885018,0.00117204,5.99e-05
2025-11-25 21:00:00+00:00,5819.2034995,23.49132269,0.98737157,0.965437,0.02025924,0.00098143,6.183e-05
2025-11-25 22:00:00+00:00,5588.17499125,23.92263956,0.98469109,0.96437987,0.01687303,0.00161694,7.066e-05
2025-11-25 23:00:00+00:00,5356.49116025,24.00665855,0.9859695,0.97598243,0.00646511,0.00157113,3.974e-05
2025-11-26 00:00:00+00:00,5204.9407965,22.83006272,0.98644575,0.97965874,0.00602214,0.00052094,7.067e-05
2025-11-26 01:00:00+00:00,5094.03844025,22.68192474,0.98570238,0.97909068,0.00592875,0.00046426,0.00011205
2025-11-26 02:00:00+00:00,5049.78062,22.39761902,0.98321003,0.97662992,0.0056652,0.0006846,0.00014056
2025-11-26 03:00:00+00:00,5051.4275545,22.77449736,0.98603601,0.97786987,0.00733462,0.00050292,0.00013135
2025-11-26 04:00:00+00:00,5190.74790625,25.39335662,0.99112036,0.97274559,0.01325619,0.00109609,1.22e-05
2025-11-26 05:00:00+00:00,5674.72156275,29.81771988,0.9954896,0.95672427,0.02455694,0.00222033,5.4e-07
2025-11-26 06:00:00+00:00,6065.56137875,33.28292859,0.99549511,0.94256474,0.03068857,0.00294008,0.00017899
2025-11-26 07:00:00+00:00,6148.12453175,33.64147932,0.99483971,0.93914064,0.03288259,0.00268294,0.00017135
2025-11-26 08:00:00+00:00,6121.055103,33.35492448,0.9952156,0.93983484,0.03327996,0.00251867,0.00018368
2025-11-26 09:00:00+00:00,6071.9360475,32.10707336,0.9956977,0.9486561,0.02777763,0.00220328,0.00021057
2025-11-26 10:00:00+00:00,6013.1335795,32.14596153,0.99586736,0.94842661,0.02814333,0.00226012,0.00018098
2025-11-26 11:00:00+00:00,6003.80360725,32.21137335,0.99620293,0.94909731,0.02765458,0.00229918,0.00016814
2025-11-26 12:00:00+00:00,5974.2064905,32.42425389,0.9963358,0.94866909,0.02758014,0.00243418,0.00015543
2025-11-26 13:00:00+00:00,6002.161617,32.28873543,0.99649069,0.94736541,0.02919378,0.00243979,0.00015543
2025-11-26 14:00:00+00:00,6133.696254,32.92857001,0.99617328,0.94249738,0.0321873,0.00259754,0.00012056
2025-11-26 15:00:00+00:00,6268.361984,30.92697583,0.99615272,0.94187486,0.03730617,0.00209736,0.00016063
2025-11-26 16:00:00+00:00,6213.278953,30.69348489,0.99558155,0.94099482,0.03806509,0.00206507,0.00015566
2025-11-26 17:00:00+00:00,6107.67526125,28.77746803,0.99554547,0.94843186,0.0349414,0.00152394,0.00014841
2025-11-26 18:00:00+00:00,6053.27829375,26.36372191,0.99637291,0.95580142,0.03385564,0.0008294,0.00017155
2025-11-26 19:00:00+00:00,6108.71154325,23.97635934,0.99674536,0.96643664,0.02915715,0.00013106,0.00015647
2025-11-26 20:00:00+00:00,5973.505677,23.55453876,0.99657068,0.96984358,0.02654817,0.0,0.00012174
2025-11-26 21:00:00+00:00,5752.25071225,23.38010645,0.99545804,0.97434915,0.02091369,0.0,0.00013603
2025-11-26 22:00:00+00:00,5459.1508105,21.96727037,0.9883432,0.97799773,0.01012666,0.0,0.00018182
2025-11-26 23:00:00+00:00,5190.37754325,21.81905332,0.98816533,0.97864145,0.0093488,0.0,0.00013938
2025-11-27 00:00:00+00:00,5005.934446,21.58822477,0.98785995,0.97853095,0.00907797,5.913e-05,0.00019365
2025-11-27 01:00:00+00:00,4883.18582575,21.91317789,0.98955252,0.97923173,0.01008014,4.432e-05,0.00021082
2025-11-27 02:00:00+00:00,4786.79368675,21.27334429,0.98713481,0.97741127,0.00941212,6.965e-05,0.00027277
2025-11-27 03:00:00+00:00,4786.253056,20.63353539,0.98440211,0.9776149,0.00635164,0.00014151,0.00022638
2025-11-27 04:00:00+00:00,4836.22202225,21.30922438,0.98713849,0.97859595,0.00837069,0.0,0.0001939
2025-11-27 05:00:00+00:00,5179.015842,21.22259374,0.98598439,0.97587991,0.00935532,0.00039084,0.00015596
2025-11-27 06:00:00+00:00,5544.35276775,22.22672262,0.99079261,0.97654944,0.01386084,0.00016279,3.4e-05
2025-11-27 07:00:00+00:00,5633.72852525,22.06124415,0.9897021,0.97507011,0.01429485,0.00013377,2.203e-05
2025-11-27 08:00:00+00:00,5609.102123,21.60498346,0.98714596,0.97644293,0.01030218,0.00016215,7.568e-05
2025-11-27 09:00:00+00:00,5599.7300075,21.36721975,0.98605733,0.97664142,0.00928431,5.55e-06,6.348e-05
2025-11-27 10:00:00+00:00,5584.59253725,21.52049287,0.98609481,0.97648054,0.00910097,0.00038079,5.4e-05
2025-11-27 11:00:00+00:00,5602.30210275,21.61280498,0.98540441,0.97501488,0.0093838,0.00082455,7.006e-05
2025-11-27 12:00:00+00:00,5570.73504,21.73270605,0.98574405,0.97514694,0.00947897,0.00093149,4.43e-05
2025-11-27 13:00:00+00:00,5566.10246975,21.20232386,0.9826288,0.97267919,0.00862135,0.00114864,9.787e-05
2025-11-27 14:00:00+00:00,5624.70104175,21.24675671,0.98262715,0.97270369,0.0086225,0.00110231,0.00011579
2025-11-27 15:00:00+00:00,5634.4255615,21.42054793,0.98442895,0.97501917,0.00899485,0.0001326,0.00019112
2025-11-27 16:00:00+00:00,5561.095314,21.43332219,0.98458774,0.97502924,0.00904768,0.00016258,0.00024155
2025-11-27 17:00:00+00:00,5450.3600645,21.46616273,0.98577844,0.97654213,0.00879294,9.427e-05,0.00020762
2025-11-27 18:00:00+00:00,5355.36921375,21.45443406,0.9857537,0.9783885,0.00700898,2.141e-05,0.00024547
2025-11-27 19:00:00+00:00,5229.10428625,21.20528192,0.98522032,0.97772465,0.00716301,1.744e-05,0.00026206
2025-11-27 20:00:00+00:00,5071.093032,21.16380353,0.9863755,0.97743213,0.00851866,0.00015042,0.00027794
2025-11-27 21:00:00+00:00,4866.6245675,20.87103073,0.98636211,0.97912106,0.0068691,0.00010077,0.00032055
2025-11-27 22:00:00+00:00,4574.21413375,20.44944757,0.98455516,0.97909925,0.0036468,0.00156768,0.00024535
2025-11-27 23:00:00+00:00,4337.3575865,19.97598572,0.98511801,0.98159733,0.00189225,0.00143951,0.00023887
2025-11-28 00:00:00+00:00,4146.04955725,19.90825761,0.98567149,0.9831986,0.00127197,0.001062,0.00023972
2025-11-28 01:00:00+00:00,3998.843606,19.72558619,0.9850691,0.98370631,0.0002517,0.00097396,0.00022454
2025-11-28 02:00:00+00:00,3898.693291,19.45618474,0.98389913,0.98266149,0.00011075,0.00097714,0.00017677
2025-11-28 03:00:00+00:00,3839.653618,19.37321296,0.98473612,0.98424648,7.106e-05,0.00027184,0.00013795
2025-11-28 04:00:00+00:00,3952.57664725,19.30971677,0.9842688,0.98399211,9.107e-05,0.0,0.00018929
2025-11-28 05:00:00+00:00,4341.84412375,19.75091595,0.98437881,0.9799512,0.00419523,0.0,0.00027468
2025-11-28 06:00:00+00:00,4809.65130275,20.30430166,0.98449571,0.97949173,0.00468669,0.0,0.00032335
2025-11-28 07:00:00+00:00,4962.637596,20.78226305,0.98572629,0.97661942,0.00877241,5.944e-05,0.00030144
2025-11-28 08:00:00+00:00,4983.52749675,21.08078536,0.98707022,0.97811573,0.00850365,0.00016108,0.00032036
2025-11-28 09:00:00+00:00,4928.83213475,20.74229393,0.98582432,0.97745376,0.00791224,0.00016718,0.00027969
2025-11-28 10:00:00+00:00,4874.499535,20.86554232,0.9862885,0.97708362,0.00868445,0.00020541,0.0002925
2025-11-28 11:00:00+00:00,4829.8704345,20.97259659,0.98595361,0.97750509,0.00770433,0.00023903,0.0005192
2025-11-28 12:00:00+00:00,4811.65272525,21.11446998,0.98628734,0.97808097,0.00739243,0.00030577,0.00050491
2025-11-28 13:00:00+00:00,4850.3500775,21.05898686,0.98583636,0.97663298,0.00845568,0.0002543,0.00055432
2025-11-28 14:00:00+00:00,4949.2743415,20.92151887,0.98548804,0.97744209,0.00763338,9.13e-06,0.0004261
2025-11-28 15:00:00+00:00,5051.88623525,21.33856691,0.98734749,0.97718203,0.00895861,0.00080487,0.00049059
2025-11-28 16:00:00+00:00,5028.3099975,21.1992114,0.9881246,0.97784986,0.00925866,0.00068462,0.00053459
2025-11-28 17:00:00+00:00,4985.95319975,20.7959172,0.98738874,0.97746572,0.00872661,0.00081996,0.00057829
2025-11-28 18:00:00+00:00,4872.2305805,20.63231935,0.98784637,0.97794053,0.00875893,0.00088016,0.00055593
2025-11-28 19:00:00+00:00,4714.5628075,20.54708504,0.98720369,0.97780409,0.00804635,0.00109232,0.00050831
2025-11-28 20:00:00+00:00,4563.57465525,20.55518533,0.98707198,0.97758567,0.00833786,0.00091502,0.00046763
2025-11-28 21:00:00+00:00,4389.0097615,20.61696843,0.9873209,0.97770282,0.00855586,0.00086172,0.00043364
2025-11-28 22:00:00+00:00,4232.786884,20.41943184,0.98682566,0.97807422,0.00760137,0.00097771,0.0004321
2025-11-28 23:00:00+00:00,4102.05176325,19.86442269,0.9865983,0.98021987,0.00498173,0.00119525,0.00047979
2025-11-29 00:00:00+00:00,3963.81090725,20.04160066,0.98678422,0.98045573,0.0049572,0.00121003,0.00039548
2025-11-29 01:00:00+00:00,3831.4444395,19.86351331,0.98591884,0.97979926,0.00460682,0.00130913,0.00040636
2025-11-29 02:00:00+00:00,3755.93723575,19.92186907,0.98628419,0.98032222,0.00447259,0.00132322,0.00038605
2025-11-29 03:00:00+00:00,3721.721784,19.77597502,0.98602247,0.9799692,0.0044392,0.00144745,0.00038863
2025-11-29 04:00:00+00:00,3730.9321325,19.75844258,0.9856938,0.97975097,0.00431787,0.00141335,0.00042388
2025-11-29 05:00:00+00:00,3827.27646425,20.11250108,0.98673066,0.98006772,0.00527385,0.0012715,0.00040386
2025-11-29 06:00:00+00:00,3990.92445075,20.13573277,0.98685225,0.98025406,0.00530024,0.00117631,0.00040411
2025-11-29 07:00:00+00:00,4223.0331585,20.36877424,0.9879583,0.9811625,0.00573311,0.00093888,0.00042537
2025-11-29 08:00:00+00:00,4410.1700635,20.71022437,0.98902789,0.98240537,0.00588003,0.00064136,0.00039909
2025-11-29 09:00:00+00:00,4505.5653145,20.76253941,0.98884947,0.98238113,0.00575896,0.00060791,0.00040087
2025-11-29 10:00:00+00:00,4516.09587625,20.87631159,0.98844062,0.98227342,0.00548061,0.00058332,0.00039768
2025-11-29 11:00:00+00:00,4512.9499765,20.54875724,0.98720516,0.98173805,0.00470373,0.00065732,0.0004291
2025-11-29 12:00:00+00:00,4479.75366225,20.52223714,0.9869999,0.98162762,0.00458185,0.00066477,0.00043131
2025-11-29 13:00:00+00:00,4505.21204975,20.69822017,0.98757853,0.98227798,0.0045668,0.00061909,0.00042931
2025-11-29 14:00:00+00:00,4668.21787725,21.06856831,0.98856804,0.98000574,0.00790411,0.00054434,0.00038918
2025-11-29 15:00:00+00:00,4836.493136,21.30013188,0.98851145,0.97883156,0.00845353,0.00109263,0.00043417
2025-11-29 16:00:00+00:00,4912.414732,21.54473232,0.98897213,0.97909605,0.00869025,0.00103832,0.00040998
2025-11-29 17:00:00+00:00,4921.6042215,21.87035712,0.98991606,0.97985622,0.00901743,0.00089466,0.00045015
2025-11-29 18:00:00+00:00,4900.429433,21.86039306,0.98898425,0.97862585,0.0092023,0.00097437,0.00047841
2025-11-29 19:00:00+00:00,4842.31269875,21.99086314,0.98871364,0.97824565,0.00926913,0.00101866,0.00049074
2025-11-29 20:00:00+00:00,4780.74444775,22.08562174,0.98872211,0.97823123,0.00929597,0.00100358,0.00052813
2025-11-29 21:00:00+00:00,4680.56029275,21.91040808,0.98764039,0.97724988,0.00912161,0.00115396,0.00052646
2025-11-29 22:00:00+00:00,4602.7825115,22.19713293,0.98806131,0.98022524,0.00661082,0.00110119,0.0004632
2025-11-29 23:00:00+00:00,4579.0837855,22.06752541,0.9872755,0.97920981,0.00654662,0.00127899,0.00049339
2025-11-30 00:00:00+00:00,4457.45230625,22.10734098,0.98737751,0.97912828,0.00659328,0.00131926,0.00052509
2025-11-30 01:00:00+00:00,4364.4617365,22.08148858,0.98691293,0.97858543,0.00656522,0.00143654,0.00053884
2025-11-30 02:00:00+00:00,4296.73136675,22.13777919,0.98588568,0.97764341,0.0063136,0.00151857,0.00051532
2025-11-30 03:00:00+00:00,4258.54523875,22.18575221,0.98569149,0.97732533,0.00653407,0.00143813,0.000477
2025-11-30 04:00:00+00:00,4256.77745125,21.91498426,0.98511675,0.97818466,0.00503016,0.00155822,0.00061771
2025-11-30 05:00:00+00:00,4393.412228,21.78127606,0.98415946,0.97580156,0.00613035,0.00175807,0.00057745
2025-11-30 06:00:00+00:00,4553.0765095,22.02623264,0.98576576,0.97746559,0.00631522,0.00139167,0.00066247
2025-11-30 07:00:00+00:00,4727.416814,22.13448502,0.98606903,0.97775857,0.00618891,0.00135281,0.0007396
2025-11-30 08:00:00+00:00,4916.45267525,22.28444801,0.98729455,0.97881216,0.00658153,0.00114629,0.00069504
2025-11-30 09:00:00+00:00,5041.781886,22.28980039,0.98700976,0.97901381,0.00612372,0.00112355,0.0005784
2025-11-30 10:00:00+00:00,5130.71614575,22.45912481,0.98749925,0.97965664,0.00607912,0.00099329,0.00061513
2025-11-30 11:00:00+00:00,5160.67381925,22.50348992,0.98744951,0.978521,0.00722684,0.00093171,0.00060687
2025-11-30 12:00:00+00:00,5197.28309,22.60840362,0.98776251,0.97751471,0.00854796,0.00084282,0.00063787
2025-11-30 13:00:00+00:00,5210.27719175,22.76883184,0.98854714,0.97831473,0.00878856,0.00052759,0.00068049
2025-11-30 14:00:00+00:00,5255.686206,22.87178171,0.98880035,0.97816332,0.0091594,0.00032798,0.00079248
2025-11-30 15:00:00+00:00,5309.07845375,22.94572602,0.9888875,0.97795441,0.00937713,0.00033771,0.00081174
2025-11-30 16:00:00+00:00,5270.92361225,22.94224385,0.98901006,0.97801594,0.009533,0.00026472,0.00077208
2025-11-30 17:00:00+00:00,5212.8257015,23.17046461,0.99027701,0.97922141,0.00984956,0.00015682,0.00076021
2025-11-30 18:00:00+00:00,5194.48052425,22.72284719,0.9872732,0.97735114,0.00866809,0.00020719,0.00074984
2025-11-30 19:00:00+00:00,5147.15228375,22.45463542,0.98612484,0.97794818,0.0070756,0.00024564,0.00069044
2025-11-30 20:00:00+00:00,5052.890026,22.12914284,0.98516414,0.97871731,0.00560162,0.00013764,0.00064129
2025-11-30 21:00:00+00:00,4877.820436,21.62816555,0.9837036,0.97775783,0.00540943,0.0,0.00057148
2025-11-30 22:00:00+00:00,4652.3911505,21.46506349,0.98329206,0.97760924,0.00500087,0.00015483,0.00054507
2025-11-30 23:00:00+00:00,4455.6199615,21.58619663,0.98321361,0.97653699,0.00514967,0.00081813,0.00065798
2025-12-01 00:00:00+00:00,4304.210346,21.45644944,0.98134431,0.974018,0.00478754,0.00185093,0.00062964
2025-12-01 01:00:00+00:00,4200.2394025,21.41813309,0.98065801,0.97362705,0.00433047,0.0020802,0.0005469
2025-12-01 02:00:00+00:00,4142.52949025,21.42115767,0.9797893,0.97281595,0.0041893,0.00225466,0.00047169
2025-12-01 03:00:00+00:00,4142.050871,21.80612227,0.98055176,0.97333717,0.00459072,0.00200509,0.00049454
2025-12-01 04:00:00+00:00,4311.5701965,22.10801127,0.98148975,0.97340276,0.00588113,0.00153152,0.00059127
2025-12-01 05:00:00+00:00,4815.32577125,22.78588731,0.98532028,0.9671523,0.01674512,0.00065645,0.00063476
2025-12-01 06:00:00+00:00,5335.88701375,23.54342729,0.98932663,0.9688456,0.01918043,0.00044961,0.0006297
2025-12-01 07:00:00+00:00,5502.3614935,23.67699172,0.99066321,0.96892475,0.02042719,0.00054151,0.00056807
2025-12-01 08:00:00+00:00,5508.81961425,23.51733999,0.99007689,0.96855915,0.0202497,0.00063331,0.00052251
2025-12-01 09:00:00+00:00,5471.612257,23.52360678,0.99069849,0.96996155,0.01965632,0.0004522,0.00055587
2025-12-01 10:00:00+00:00,5440.570695,23.64717336,0.99192711,0.97060787,0.02052121,0.0002141,0.00051138
2025-12-01 11:00:00+00:00,5479.376682,23.53194226,0.99128832,0.97002483,0.02059507,0.00011685,0.00048048
2025-12-01 12:00:00+00:00,5502.65081075,23.76143627,0.9927084,0.9702881,0.02180887,7.53e-05,0.00046484
2025-12-01 13:00:00+00:00,5525.5415085,24.00956035,0.99543881,0.97094969,0.02399061,0.0,0.00036537
2025-12-01 14:00:00+00:00,5597.13988925,23.94892727,0.99553776,0.96987219,0.0250677,8.943e-05,0.00032123
2025-12-01 15:00:00+00:00,5713.98502975,23.86446197,0.99568233,0.96904496,0.02578167,0.00026161,0.00030552
2025-12-01 16:00:00+00:00,5684.5988405,23.7832277,0.99575553,0.96836997,0.02666439,0.00017213,0.00031419
2025-12-01 17:00:00+00:00,5615.6011015,23.86920306,0.99552566,0.97136022,0.02320342,0.00022651,0.00055158
2025-12-01 18:00:00+00:00,5527.87483925,23.08752434,0.99066064,0.96991367,0.02002273,0.0,0.00070085
2025-12-01 19:00:00+00:00,5406.93009575,22.53323999,0.98830643,0.96863846,0.01904275,0.0,0.0006921
2025-12-01 20:00:00+00:00,5199.78963575,22.51847526,0.98948438,0.97011141,0.01872917,0.0,0.00074854
2025-12-01 21:00:00+00:00,4978.8749885,22.27288344,0.98895862,0.9694167,0.01905233,0.0,0.00066126
2025-12-01 22:00:00+00:00,4704.933028,21.78617901,0.98671033,0.97112385,0.01524525,0.0,0.00056925
2025-12-01 23:00:00+00:00,4439.98610325,21.52010685,0.98658566,0.98003433,0.00631624,0.0,0.00047505
2025-12-02 00:00:00+00:00,4256.7323395,21.18526589,0.98579003,0.97954567,0.00604512,0.0,0.00043232
2025-12-02 01:00:00+00:00,4153.02810025,21.06546516,0.98569489,0.97988864,0.0056393,1.5e-07,0.00036669
2025-12-02 02:00:00+00:00,4070.041087,20.84323733,0.9854991,0.98106932,0.00428214,0.0,0.00039788
2025-12-02 03:00:00+00:00,4041.904305,20.75248532,0.98543734,0.98090418,0.00439103,0.0,0.00039112
2025-12-02 04:00:00+00:00,4181.97578525,20.81901503,0.98557606,0.97973676,0.00569167,0.0,0.00046777
2025-12-02 05:00:00+00:00,4576.00403075,21.32254177,0.98652336,0.97651349,0.00979696,0.0,0.00053966
2025-12-02 06:00:00+00:00,5036.15508275,21.68900742,0.98789952,0.97250998,0.01511217,0.0,0.00056095
2025-12-02 07:00:00+00:00,5166.99788575,21.71721091,0.98777019,0.97201398,0.01540531,0.0,0.00055141
2025-12-02 08:00:00+00:00,5146.678375,21.70134739,0.98812506,0.97227151,0.01557736,0.0,0.0005529
2025-12-02 09:00:00+00:00,5143.78573125,21.80646691,0.98873495,0.97291349,0.01560331,0.0,0.0005361
2025-12-02 10:00:00+00:00,5144.402769,21.48652504,0.98706332,0.97225509,0.01457048,0.0,0.00053616
2025-12-02 11:00:00+00:00,5170.56028,21.8891875,0.98928254,0.97281318,0.0162647,0.0,0.00050815
2025-12-02 12:00:00+00:00,5165.30644325,21.87125742,0.9894345,0.97327577,0.01591105,0.0,0.00049976
2025-12-02 13:00:00+00:00,5181.7507865,22.20770696,0.99091902,0.9741457,0.01651448,0.0,0.00047318
2025-12-02 14:00:00+00:00,5274.4958525,22.19211642,0.99068444,0.97400359,0.01647778,0.0,0.00038822
2025-12-02 15:00:00+00:00,5370.252841,22.41307278,0.99177146,0.9746368,0.01687608,1.288e-05,0.00043646
2025-12-02 16:00:00+00:00,5330.22022,22.69963462,0.99338934,0.97523494,0.01794353,4.9e-06,0.00042636
2025-12-02 17:00:00+00:00,5219.45785375,22.73935648,0.99369293,0.97544077,0.01805598,3.252e-05,0.0004103
2025-12-02 18:00:00+00:00,5144.19168725,22.40322781,0.99175083,0.97480708,0.01666799,8.343e-05,0.00042257
2025-12-02 19:00:00+00:00,5036.756509,22.25039089,0.99083706,0.97397256,0.01646527,0.00016285,0.00043293
2025-12-02 20:00:00+00:00,4893.9812385,22.01660468,0.98917308,0.97260783,0.01597641,0.00023003,0.00052731
2025-12-02 21:00:00+00:00,4697.4106925,21.82541212,0.98779395,0.9712692,0.01579221,0.00031283,0.00056331
2025-12-02 22:00:00+00:00,4434.5794115,21.48839723,0.985839,0.9789804,0.00592582,0.00040486,0.0006187
2025-12-02 23:00:00+00:00,4190.80219825,21.95840718,0.98784636,0.96807313,0.01862266,0.00071544,0.0005952
2025-12-03 00:00:00+00:00,4010.24058325,21.87520153,0.98819631,0.96753745,0.01934287,0.00080627,0.00066569
2025-12-03 01:00:00+00:00,3865.960621,21.97021827,0.98834298,0.96682011,0.0201574,0.00079289,0.00068656
2025-12-03 02:00:00+00:00,3829.1979315,21.970129,0.98842763,0.96666768,0.02039815,0.00074802,0.00072475
2025-12-03 03:00:00+00:00,3838.7060475,22.02512344,0.98861584,0.96753789,0.02004005,0.00048857,0.00069335
2025-12-03 04:00:00+00:00,3985.88217425,22.53802485,0.99010983,0.96834565,0.02099277,0.0002164,0.00065688
2025-12-03 05:00:00+00:00,4434.0632575,23.51501185,0.99482111,0.97012262,0.02419523,3.828e-05,0.00056968
2025-12-03 06:00:00+00:00,4908.21093825,23.54236345,0.99532799,0.97186389,0.02311423,5.44e-06,0.00044537
2025-12-03 07:00:00+00:00,5035.010517,23.5664776,0.99551125,0.96391798,0.03122449,2.45e-06,0.00045524
2025-12-03 08:00:00+00:00,5032.114708,23.7241445,0.99574174,0.96376434,0.03165759,1.81e-06,0.00037858
2025-12-03 09:00:00+00:00,5013.95556775,23.80062078,0.99574714,0.97157261,0.02381727,3.31e-06,0.00039519
2025-12-03 10:00:00+00:00,4988.469517,23.80990496,0.99592895,0.97083934,0.02483017,1.26e-06,0.00023346
2025-12-03 11:00:00+00:00,4980.45688575,23.82644909,0.99602683,0.97063342,0.02520361,6.7e-07,0.00019134
2025-12-03 12:00:00+00:00,5053.504616,24.02718728,0.9961094,0.97049881,0.02508304,3.622e-05,0.00020805
2025-12-03 13:00:00+00:00,5095.28202975,23.90155944,0.9961135,0.9704434,0.02536563,4.04e-06,0.0002555
2025-12-03 14:00:00+00:00,5186.60343575,24.14538813,0.99594068,0.97009709,0.02493956,6.456e-05,0.00030829
2025-12-03 15:00:00+00:00,5233.08640375,23.89909564,0.9960433,0.97024402,0.02547177,1.2e-06,0.00026123
2025-12-03 16:00:00+00:00,5229.4724395,23.91922916,0.99604761,0.97109665,0.02456637,2.17e-06,0.00030972
2025-12-03 17:00:00+00:00,5122.89087975,24.04716748,0.99599286,0.97118077,0.02419347,3.43e-06,0.00049372
2025-12-03 18:00:00+00:00,5029.847537,24.14996153,0.99590619,0.97163145,0.0235008,3.96e-06,0.00061191
2025-12-03 19:00:00+00:00,4960.25602575,24.2201649,0.99566593,0.97211629,0.02262337,4.3e-07,0.00061974
2025-12-03 20:00:00+00:00,4855.90712425,24.19235459,0.99556098,0.97217859,0.02247892,0.0,0.00073243
2025-12-03 21:00:00+00:00,4708.0764315,24.18476503,0.99515413,0.97057,0.02355175,0.0,0.00085995
2025-12-03 22:00:00+00:00,4484.23755725,24.09560759,0.99477054,0.97056512,0.02316417,3.99e-06,0.000864
2025-12-03 23:00:00+00:00,4261.2593685,23.87718797,0.99288406,0.97209566,0.01966696,6.415e-05,0.00089651
2025-12-04 00:00:00+00:00,4093.65188625,23.80845993,0.99194465,0.97269103,0.01805535,8.778e-05,0.00095412
2025-12-04 01:00:00+00:00,4015.0389795,23.82994582,0.99135687,0.97194507,0.01809089,0.00014842,0.00099534
2025-12-04 02:00:00+00:00,3939.783174,24.04024311,0.99181608,0.97206245,0.01822926,0.00027281,0.00102093
2025-12-04 03:00:00+00:00,3942.2031855,24.07699558,0.99188582,0.97183389,0.01848219,0.00029694,0.00100672
2025-12-04 04:00:00+00:00,4089.183726,24.33605416,0.99465565,0.97162982,0.02183612,0.0,0.00099593
2025-12-04 05:00:00+00:00,4534.31046125,24.21839233,0.99499749,0.96302851,0.03116283,1.9e-07,0.00069802
2025-12-04 06:00:00+00:00,5011.74729425,24.53127289,0.9957568,0.95973315,0.03424924,0.00036862,0.00029473
2025-12-04 07:00:00+00:00,5160.83801575,26.3085791,0.99563154,0.9558715,0.03375271,0.00096522,0.0003315
2025-12-04 08:00:00+00:00,5198.4176055,26.51979054,0.99564996,0.95513824,0.03411189,0.0009473,0.00033766
2025-12-04 09:00:00+00:00,5161.38522025,26.02061184,0.99557389,0.9564342,0.03456946,0.00036939,0.00027346
2025-12-04 10:00:00+00:00,5173.00496025,25.27989357,0.99527915,0.95679085,0.03571434,7.272e-05,0.00030685
2025-12-04 11:00:00+00:00,5211.7811395,27.65528049,0.99315487,0.95066175,0.03518205,0.00018838,0.00026284
2025-12-04 12:00:00+00:00,5203.714489,26.72441585,0.99410261,0.95239156,0.03625318,0.00013903,0.00022141
2025-12-04 13:00:00+00:00,5248.9584935,27.19015248,0.9940601,0.95203301,0.03575262,0.00012616,0.00019814
2025-12-04 14:00:00+00:00,5335.91750375,23.93584445,0.99640702,0.96076499,0.03545812,0.0,0.00016366
2025-12-04 15:00:00+00:00,5414.4446625,23.89943618,0.99656744,0.96062414,0.03580366,0.0,0.00012953
2025-12-04 16:00:00+00:00,5335.136994,23.92156721,0.9965164,0.9591574,0.03721708,0.0,0.00012949
2025-12-04 17:00:00+00:00,5210.65893875,23.95983738,0.99641314,0.9596843,0.03644856,0.0,0.00025437
2025-12-04 18:00:00+00:00,5146.00084575,24.01597869,0.99696499,0.96065577,0.03595798,0.0,0.00031117
2025-12-04 19:00:00+00:00,5062.847437,24.05128406,0.99739427,0.96254742,0.03447467,0.0,0.00032468
2025-12-04 20:00:00+00:00,4938.675133,24.01091639,0.99729688,0.96551901,0.03150218,0.0,0.00024568
2025-12-04 21:00:00+00:00,4777.41630775,24.10937682,0.99698504,0.96377631,0.03276562,0.0,0.00039198
2025-12-04 22:00:00+00:00,4588.37795025,24.22753098,0.99661178,0.96330755,0.03265499,0.0,0.00057091
2025-12-04 23:00:00+00:00,4427.29677075,24.24206908,0.99649841,0.96353973,0.03229176,0.0,0.00059366
2025-12-05 00:00:00+00:00,4269.2013185,24.32296415,0.9963656,0.96307063,0.03245394,0.0,0.00074699
2025-12-05 01:00:00+00:00,4190.27682075,24.33625471,0.99615675,0.96356401,0.03170702,0.0,0.00077684
2025-12-05 02:00:00+00:00,4119.51657425,24.33216202,0.99615911,0.96491742,0.03034914,0.0,0.00078317
2025-12-05 03:00:00+00:00,4111.03467675,24.30421963,0.99609766,0.96480462,0.030428,0.0,0.00073624
2025-12-05 04:00:00+00:00,4267.097458,24.22540534,0.9962167,0.96414785,0.03139319,0.0,0.00058499
2025-12-05 05:00:00+00:00,4739.45154225,24.05239262,0.99651627,0.96530143,0.0308151,0.0,0.00037931
2025-12-05 06:00:00+00:00,5140.393933,23.88038603,0.99669562,0.97627759,0.02020394,0.0,0.00020238
2025-12-05 07:00:00+00:00,5341.052797,24.60329878,0.99661182,0.97537553,0.01927802,0.00023505,0.00018135
2025-12-05 08:00:00+00:00,5344.54739825,24.75587693,0.996949,0.97561956,0.01893256,0.00029517,0.00014637
2025-12-05 09:00:00+00:00,5348.3664865,23.85353138,0.99714677,0.97798362,0.01876135,3.272e-05,0.00017054
2025-12-05 10:00:00+00:00,5336.1371225,25.37933314,0.99670993,0.97372901,0.01895334,0.00050473,0.00016734
2025-12-05 11:00:00+00:00,5329.754703,26.16629094,0.99661902,0.97193871,0.01876218,0.00083345,0.00018489
2025-12-05 12:00:00+00:00,5316.32193775,25.16549794,0.99679801,0.97393812,0.0192347,0.00053689,0.00023296
2025-12-05 13:00:00+00:00,5341.04367375,25.09138122,0.99678494,0.97383225,0.01955643,0.00054525,0.00029049
2025-12-05 14:00:00+00:00,5461.1608175,24.53268856,0.99688985,0.97519687,0.01965957,0.00031684,0.00027543
2025-12-05 15:00:00+00:00,5536.62820425,25.50153855,0.99666269,0.9731763,0.01896079,0.00075853,0.00030642
2025-12-05 16:00:00+00:00,5443.51318475,25.5113073,0.99659436,0.97302079,0.01907338,0.00072641,0.00028221
2025-12-05 17:00:00+00:00,5296.043274,25.06499787,0.99658127,0.97349053,0.01955171,0.00056154,0.00029156
2025-12-05 18:00:00+00:00,5146.0086825,23.83168412,0.99677436,0.97638503,0.01978777,3.698e-05,0.00034867
2025-12-05 19:00:00+00:00,4987.529338,23.85144567,0.99647779,0.97613077,0.01982168,0.0,0.00048293
2025-12-05 20:00:00+00:00,4822.5780555,23.93471479,0.99619262,0.97548418,0.02014415,0.0,0.00054193
2025-12-05 21:00:00+00:00,4631.96623225,24.00389155,0.99588561,0.97510392,0.02004543,0.0,0.00069055
2025-12-05 22:00:00+00:00,4464.097521,23.64440968,0.99256443,0.97442804,0.01726013,0.0,0.00082108
2025-12-05 23:00:00+00:00,4285.8028195,23.29301308,0.98977907,0.97800249,0.01079876,3.986e-05,0.00088667
2025-12-06 00:00:00+00:00,4188.70724725,23.09624185,0.98871094,0.98122366,0.00650079,4.013e-05,0.00085866
2025-12-06 01:00:00+00:00,4132.76059375,23.10157918,0.9893501,0.98220598,0.00621398,4.073e-05,0.00081978
2025-12-06 02:00:00+00:00,4074.64597825,22.93768038,0.98852236,0.98193636,0.00571522,2.022e-05,0.0007878
2025-12-06 03:00:00+00:00,4051.7267845,23.07418356,0.99020458,0.98468155,0.00466578,2.121e-05,0.00080278
2025-12-06 04:00:00+00:00,4083.04240975,22.96059356,0.98965586,0.98442041,0.00449593,2.167e-05,0.00076953
2025-12-06 05:00:00+00:00,4212.65914275,23.14249517,0.99018007,0.98466492,0.00462481,2.371e-05,0.00088261
2025-12-06 06:00:00+00:00,4324.43173225,23.71264318,0.99216227,0.9843255,0.00610277,0.00052167,0.00077123
2025-12-06 07:00:00+00:00,4484.804085,23.67776457,0.99472815,0.98689006,0.0070313,0.00015261,0.00060625
2025-12-06 08:00:00+00:00,4675.5706195,23.76565069,0.99565345,0.98811773,0.00699761,1.994e-05,0.00048206
2025-12-06 09:00:00+00:00,4887.760366,23.74159058,0.99627976,0.98857719,0.00731621,1.87e-05,0.00036752
2025-12-06 10:00:00+00:00,4922.2499,23.77014492,0.9964413,0.97751549,0.01851767,1.814e-05,0.00037923
2025-12-06 11:00:00+00:00,4966.4932095,23.79837224,0.9964631,0.97624212,0.01976366,3.607e-05,0.00039241
2025-12-06 12:00:00+00:00,4956.36697275,23.73641969,0.99666737,0.97559096,0.02070602,3.502e-05,0.00031684
2025-12-06 13:00:00+00:00,4977.28066075,23.76620545,0.99665297,0.97503494,0.02124331,3.486e-05,0.0003143
2025-12-06 14:00:00+00:00,5034.32844725,23.81965193,0.99691722,0.97726512,0.01930771,3.431e-05,0.00025869
2025-12-06 15:00:00+00:00,5083.09826775,23.82885465,0.99700644,0.97696239,0.01973045,3.391e-05,0.00022755
2025-12-06 16:00:00+00:00,5056.76004025,23.88152401,0.99679484,0.97457765,0.02191831,3.488e-05,0.00020751
2025-12-06 17:00:00+00:00,4974.87630025,23.9158806,0.99654553,0.97543298,0.02072782,3.608e-05,0.00029443
2025-12-06 18:00:00+00:00,4857.712924,23.88756042,0.9960873,0.97537557,0.02024618,3.844e-05,0.00035906
2025-12-06 19:00:00+00:00,4713.529662,23.91587261,0.99530295,0.97670793,0.01812525,4.065e-05,0.00034906
2025-12-06 20:00:00+00:00,4588.8560475,23.90664602,0.9946653,0.98463785,0.00957498,2.132e-05,0.00035798
2025-12-06 21:00:00+00:00,4452.357181,23.72547573,0.99193002,0.98427541,0.006818,0.00027598,0.00040687
2025-12-06 22:00:00+00:00,4322.6186615,23.61241114,0.9904331,0.98336973,0.00591182,0.00042158,0.00047141
2025-12-06 23:00:00+00:00,4215.91150025,23.14719723,0.98957619,0.96928235,0.01922617,0.00076565,0.00047939
2025-12-07 00:00:00+00:00,4097.75332875,23.10679711,0.9894925,0.96584051,0.02247552,0.0008525,0.00045903
2025-12-07 01:00:00+00:00,3993.0404265,23.0977389,0.98938091,0.96620199,0.02195349,0.00090404,0.0004166
2025-12-07 02:00:00+00:00,3915.326516,23.07793686,0.98908342,0.96613349,0.02178002,0.00089779,0.00045385
2025-12-07 03:00:00+00:00,3886.21663325,22.99270886,0.9884816,0.96464777,0.02246319,0.00108326,0.00039138
2025-12-07 04:00:00+00:00,3903.8711725,22.93868106,0.98783551,0.9648982,0.02156787,0.00112232,0.00039302
2025-12-07 05:00:00+00:00,3964.9471635,22.81258266,0.9866536,0.96418854,0.02102143,0.00119741,0.00048836
2025-12-07 06:00:00+00:00,4037.35055225,22.94082488,0.98681971,0.96383519,0.02168173,0.00103793,0.00048661
2025-12-07 07:00:00+00:00,4231.20709575,23.18389313,0.98860822,0.96527801,0.02222875,0.00078094,0.00053054
2025-12-07 08:00:00+00:00,4414.19431275,23.53275962,0.99081704,0.96611715,0.0237439,0.00049015,0.00054598
2025-12-07 09:00:00+00:00,4584.88743525,23.82724796,0.99323489,0.96796111,0.0245811,0.0001754,0.000532
2025-12-07 10:00:00+00:00,4671.22807325,23.98760405,0.99445137,0.96552475,0.02833951,1.047e-05,0.00054679
2025-12-07 11:00:00+00:00,4729.25063675,24.011543,0.9946233,0.96638018,0.02764573,0.0,0.00055189
2025-12-07 12:00:00+00:00,4777.5140665,23.99958377,0.99481001,0.96631877,0.02793485,0.0,0.00053446
2025-12-07 13:00:00+00:00,4817.1823645,23.99991949,0.99486117,0.96461737,0.02966896,0.0,0.0005458
2025-12-07 14:00:00+00:00,4897.27257875,23.9934008,0.99502981,0.96622899,0.02828108,0.0,0.00049218
2025-12-07 15:00:00+00:00,4970.29353425,23.99666414,0.9951938,0.96533806,0.02935542,0.0,0.00046445
2025-12-07 16:00:00+00:00,4975.7300855,23.97949412,0.99516774,0.96487664,0.02983485,0.0,0.00042901
2025-12-07 17:00:00+00:00,4951.41467825,23.96466093,0.99520452,0.96515486,0.02956554,0.0,0.00047431
2025-12-07 18:00:00+00:00,4922.090595,23.98790133,0.99487606,0.96431519,0.02997835,0.0,0.00057202
2025-12-07 19:00:00+00:00,4846.0006395,23.80942667,0.99216326,0.96381018,0.02735179,0.00027825,0.00067695
2025-12-07 20:00:00+00:00,4727.87679625,23.67956287,0.99044344,0.97146262,0.01764018,0.00040712,0.0007738
2025-12-07 21:00:00+00:00,4579.12970725,24.5354214,0.9841901,0.97014624,0.00925289,0.00170664,0.00067822
2025-12-07 22:00:00+00:00,4362.8351165,26.29567848,0.97383045,0.95927335,0.00252039,0.00507897,0.00057099
2025-12-07 23:00:00+00:00,4235.58832075,23.05544611,0.97631483,0.96608303,0.00427945,0.00345824,0.00036316
2025-12-08 00:00:00+00:00,4159.15338375,23.2459196,0.97218675,0.96145551,0.00068178,0.0057632,0.00028033
2025-12-08 01:00:00+00:00,4067.17602175,25.1129097,0.96904139,0.9535715,0.00012279,0.0072227,0.00013972
2025-12-08 02:00:00+00:00,4018.228404,23.70317964,0.97011018,0.95836801,0.00016434,0.0054969,0.00015381
2025-12-08 03:00:00+00:00,4023.547461,23.46383076,0.97032405,0.95875115,0.00015393,0.00571425,0.00013615
2025-12-08 04:00:00+00:00,4164.14785225,23.74656701,0.9740367,0.96411332,0.00083752,0.00419624,0.00028511
2025-12-08 05:00:00+00:00,4529.359292,23.10387606,0.9859616,0.97573158,0.00668137,0.0021965,0.00064502
2025-12-08 06:00:00+00:00,4944.09332425,23.19266578,0.98817394,0.97916117,0.00826871,0.0,0.00062038
2025-12-08 07:00:00+00:00,5105.3617565,23.1119951,0.98870359,0.96994628,0.0181025,3.205e-05,0.00050233
2025-12-08 08:00:00+00:00,5117.04341025,23.2110662,0.98989998,0.97073469,0.01859225,0.0,0.00043902
2025-12-08 09:00:00+00:00,5115.36462825,22.91474484,0.98801343,0.97096831,0.01645178,0.0,0.00047117
2025-12-08 10:00:00+00:00,5140.047406,22.53580031,0.98454968,0.96915615,0.01460416,7.926e-05,0.00049463
2025-12-08 11:00:00+00:00,5138.49895675,22.58920682,0.98516639,0.96993133,0.01454063,2.83e-06,0.00046901
2025-12-08 12:00:00+00:00,5115.33038225,22.54040544,0.98440594,0.96873928,0.01493998,0.0,0.00053118
2025-12-08 13:00:00+00:00,5122.91728025,22.685858,0.98513431,0.97549542,0.00890128,0.0,0.00050814
2025-12-08 14:00:00+00:00,5234.8937655,22.51274109,0.98343213,0.97579626,0.00685185,0.0,0.0005392
2025-12-08 15:00:00+00:00,5288.59814375,22.80155863,0.98515759,0.97720357,0.00706277,0.00015503,0.00050379
2025-12-08 16:00:00+00:00,5249.742029,22.9622854,0.98620316,0.97781756,0.00726641,0.0003624,0.00052448
2025-12-08 17:00:00+00:00,5194.88517075,22.85492896,0.98611381,0.97791946,0.0072566,9.468e-05,0.00054579
2025-12-08 18:00:00+00:00,5136.7484565,22.82271008,0.98568894,0.97768269,0.00706283,0.00012678,0.00055517
2025-12-08 19:00:00+00:00,5035.0657995,22.70784518,0.98447018,0.97687348,0.00660479,0.00022063,0.00054178
2025-12-08 20:00:00+00:00,4887.53708875,22.45948179,0.98354847,0.97632046,0.006493,7.666e-05,0.00047449
2025-12-08 21:00:00+00:00,4708.16045525,22.34992506,0.98308874,0.9758285,0.00623799,0.00036752,0.000488
2025-12-08 22:00:00+00:00,4465.081022,22.11739594,0.98103683,0.9740642,0.00557419,0.00082717,0.00046335
2025-12-08 23:00:00+00:00,4273.56038075,22.12604486,0.98013923,0.97425241,0.00361841,0.00166979,0.00048818
2025-12-09 00:00:00+00:00,4133.862164,22.32031596,0.97975133,0.97141447,0.00549544,0.00207602,0.00061116
2025-12-09 01:00:00+00:00,4046.0589685,22.66959677,0.98284815,0.96946971,0.01120649,0.00134483,0.00063474
2025-12-09 02:00:00+00:00,4017.81922025,22.50180523,0.98201183,0.97010644,0.01007204,0.00099579,0.00063793
2025-12-09 03:00:00+00:00,4016.36073275,22.4413514,0.98087256,0.9690856,0.00994824,0.00092402,0.0006235
2025-12-09 04:00:00+00:00,4188.159519,22.48830563,0.98137448,0.97053849,0.0099223,0.0,0.00069296
2025-12-09 05:00:00+00:00,4694.246004,23.37110024,0.98644827,0.96669929,0.01877141,0.0,0.00073536
2025-12-09 06:00:00+00:00,5214.0928035,24.21988094,0.99472405,0.96966616,0.02444265,2.74e-06,0.00042168
2025-12-09 07:00:00+00:00,5366.055414,24.17659471,0.9950944,0.96986992,0.02473596,0.0,0.00034942
2025-12-09 08:00:00+00:00,5393.031676,24.14057439,0.99518382,0.9702665,0.02454639,0.0,0.00024308
2025-12-09 09:00:00+00:00,5343.044399,24.05993879,0.9955174,0.97070926,0.02459862,0.0,0.00012102
2025-12-09 10:00:00+00:00,5328.8879685,24.03693423,0.99564048,0.97015064,0.02525857,0.0,0.0001413
2025-12-09 11:00:00+00:00,5367.41583275,24.0243801,0.99566977,0.96961909,0.02580651,0.0,0.00015737
2025-12-09 12:00:00+00:00,5334.33205225,24.01853384,0.99571944,0.97046176,0.02498574,0.0,0.00015998
2025-12-09 13:00:00+00:00,5421.69403025,23.95359404,0.99607186,0.97160596,0.02427604,0.0,0.00011553
2025-12-09 14:00:00+00:00,5553.0603905,23.88460122,0.99622898,0.97143455,0.02463449,0.0,8.904e-05
2025-12-09 15:00:00+00:00,5661.221463,23.86427153,0.99625484,0.97003211,0.02604408,0.0,0.00010329
2025-12-09 16:00:00+00:00,5635.35746,23.82304125,0.99634676,0.96209999,0.03407079,0.0,0.00010258
2025-12-09 17:00:00+00:00,5578.26358775,23.84612409,0.99630836,0.96170665,0.03438358,0.0,0.00013707
2025-12-09 18:00:00+00:00,5558.02714275,23.80481263,0.9963707,0.96204607,0.03410004,0.0,0.00014228
2025-12-09 19:00:00+00:00,5477.7200865,23.82566795,0.99622903,0.96634573,0.02962022,0.0,0.00017634
2025-12-09 20:00:00+00:00,5312.44901275,23.8925455,0.99560158,0.97377651,0.02135051,0.0,0.00036009
2025-12-09 21:00:00+00:00,5073.66194525,24.02719445,0.9945546,0.97181074,0.02120752,0.00060551,0.0006678
2025-12-09 22:00:00+00:00,4839.8199245,25.66435273,0.98535773,0.97356123,0.00298711,0.00404885,0.00065461
2025-12-09 23:00:00+00:00,4690.27005775,25.93838565,0.98034791,0.96745514,0.00122821,0.00440863,0.00054798
2025-12-10 00:00:00+00:00,4568.17954375,25.89605691,0.98357954,0.97062936,0.00020768,0.00492314,0.0004389
2025-12-10 01:00:00+00:00,4517.694392,26.52632324,0.98790944,0.97298629,3.634e-05,0.00576131,0.00033218
2025-12-10 02:00:00+00:00,4442.36238325,26.16275243,0.98880533,0.97417893,2.697e-05,0.00622546,0.00032465
2025-12-10 03:00:00+00:00,4407.367216,24.76595645,0.98728912,0.97606821,1.051e-05,0.00478764,0.00035396
2025-12-10 04:00:00+00:00,4528.38887625,23.53897001,0.98586482,0.97794713,2.96e-06,0.00345003,0.00038283
2025-12-10 05:00:00+00:00,4919.7888135,22.58394785,0.98741893,0.98109004,0.00385434,0.00113905,0.00055995
2025-12-10 06:00:00+00:00,5322.25365125,22.76104623,0.9914229,0.9807493,0.01011266,5.73e-05,0.00055992
2025-12-10 07:00:00+00:00,5390.46418925,22.74084831,0.99109482,0.98018118,0.01035802,0.0,0.000573
2025-12-10 08:00:00+00:00,5327.567256,22.50585022,0.99013261,0.98007126,0.00952137,0.0,0.00055009
2025-12-10 09:00:00+00:00,5292.66889425,22.26004539,0.98905908,0.97949679,0.00897662,0.0,0.00061028
2025-12-10 10:00:00+00:00,5237.16509525,22.21283824,0.9885959,0.97932582,0.0086966,0.0,0.00055767
2025-12-10 11:00:00+00:00,5188.81503975,22.0612412,0.98779448,0.97907034,0.00815175,0.0,0.00055462
2025-12-10 12:00:00+00:00,5166.481124,21.853495,0.98691874,0.97770839,0.00862002,0.0,0.0005299
2025-12-10 13:00:00+00:00,5162.9927915,22.02307079,0.98823894,0.97751454,0.01015209,0.0,0.00056302
2025-12-10 14:00:00+00:00,5291.64220775,21.97487315,0.98499451,0.96715071,0.01720928,0.0,0.00060052
2025-12-10 15:00:00+00:00,5410.9316285,21.89407928,0.98494111,0.96806131,0.0162683,0.0,0.00060863
2025-12-10 16:00:00+00:00,5401.34108575,21.739884,0.98470482,0.96901131,0.01512302,0.0,0.00060112
2025-12-10 17:00:00+00:00,5331.40785875,21.31088723,0.98334582,0.9751219,0.00762372,0.0,0.00061945
2025-12-10 18:00:00+00:00,5239.16776425,21.05940331,0.98150689,0.97372271,0.0072598,0.0,0.00056736
2025-12-10 19:00:00+00:00,5132.83802075,20.96012463,0.98100385,0.97680352,0.00372852,0.0,0.00048307
2025-12-10 20:00:00+00:00,4948.9205045,20.92189199,0.98183692,0.97746485,0.00395717,0.0,0.00045632
2025-12-10 21:00:00+00:00,4768.5475395,21.15456701,0.98260717,0.97786109,0.00427506,0.0,0.00055805
2025-12-10 22:00:00+00:00,4483.980852,21.03215204,0.98133225,0.97839659,0.00245458,3.4e-07,0.00052399
2025-12-10 23:00:00+00:00,4293.12785975,20.52566768,0.97715954,0.97468244,0.00180059,0.0,0.00052279
2025-12-11 00:00:00+00:00,4160.21686775,20.47986165,0.97649787,0.97407201,0.00174333,1.6e-06,0.00052073
2025-12-11 01:00:00+00:00,4063.72135175,20.3806816,0.9747467,0.97241877,0.00169807,0.0,0.00047925
2025-12-11 02:00:00+00:00,4018.44037075,20.09331684,0.97392918,0.97213346,0.00127693,0.0,0.00037926
2025-12-11 03:00:00+00:00,4008.57915275,20.15860233,0.9738968,0.97180022,0.00157181,2e-08,0.00042346
2025-12-11 04:00:00+00:00,4134.601572,20.68116861,0.97599509,0.97336005,0.00197136,0.0,0.00057209
2025-12-11 05:00:00+00:00,4548.070509,21.8478755,0.98218753,0.97561815,0.0056032,0.0,0.0008532
2025-12-11 06:00:00+00:00,4967.66879375,22.45969819,0.98640634,0.97483746,0.01071366,4.464e-05,0.00071129
2025-12-11 07:00:00+00:00,5092.965691,23.02115893,0.989022,0.97380436,0.01428115,0.00010413,0.00066414
2025-12-11 08:00:00+00:00,5092.72345475,23.12666565,0.98783567,0.96453033,0.02207132,0.00020049,0.00069122
2025-12-11 09:00:00+00:00,5063.089076,23.23054644,0.98760302,0.9633084,0.02296975,0.00021983,0.00070578
2025-12-11 10:00:00+00:00,5023.96321675,23.25181491,0.98770113,0.96311898,0.02331153,0.00024482,0.00062511
2025-12-11 11:00:00+00:00,5000.941441,23.24738479,0.98750788,0.96596949,0.02046484,0.00010973,0.00063068
2025-12-11 12:00:00+00:00,5001.03410525,23.29830108,0.98667118,0.96462018,0.02055164,0.0002549,0.0006057
2025-12-11 13:00:00+00:00,4998.19858,23.28134888,0.98811725,0.96569206,0.02123519,0.00017834,0.00063533
2025-12-11 14:00:00+00:00,5111.9924325,23.35135395,0.98870646,0.96702961,0.02074119,1.574e-05,0.00066506
2025-12-11 15:00:00+00:00,5229.075723,23.47467664,0.99083435,0.96881453,0.0210452,1.591e-05,0.00070422
2025-12-11 16:00:00+00:00,5212.1787885,23.65438239,0.99234658,0.97005828,0.02132809,1.611e-05,0.00073176
2025-12-11 17:00:00+00:00,5155.72004625,23.66601227,0.99283455,0.97001647,0.02190044,1.658e-05,0.00070153
2025-12-11 18:00:00+00:00,5087.951363,23.71194455,0.9928305,0.97895543,0.01290029,4e-08,0.00078528
2025-12-11 19:00:00+00:00,5012.09929275,23.66452176,0.99213518,0.9787196,0.01239568,0.0,0.00078693
2025-12-11 20:00:00+00:00,4898.5525065,23.83717034,0.9929344,0.97921519,0.01265063,0.0,0.00083896
2025-12-11 21:00:00+00:00,4764.278337,23.91462739,0.99341362,0.97924298,0.01318125,0.0,0.00083259
2025-12-11 22:00:00+00:00,4516.90644025,23.65349522,0.99161112,0.97758733,0.01318166,5.3e-07,0.00083226
2025-12-11 23:00:00+00:00,4369.02581425,23.68424383,0.99080842,0.97952819,0.01016272,1.745e-05,0.00094541
2025-12-12 00:00:00+00:00,4186.53064575,23.91029298,0.99261106,0.98070277,0.01076419,1.857e-05,0.0010445
2025-12-12 01:00:00+00:00,4074.324279,23.95124563,0.99293643,0.98092789,0.01086765,1.894e-05,0.00106161
2025-12-12 02:00:00+00:00,4015.91235225,23.96156723,0.99227325,0.98033728,0.0106474,1.858e-05,0.00109652
2025-12-12 03:00:00+00:00,4008.68200775,24.10362333,0.99423981,0.98220007,0.01094736,1.887e-05,0.00098178
2025-12-12 04:00:00+00:00,4169.66576425,24.07562944,0.99462723,0.98094456,0.01278445,1.728e-05,0.00082601
2025-12-12 05:00:00+00:00,4646.256193,24.06850797,0.99510007,0.96980192,0.02462457,1.557e-05,0.00056964
2025-12-12 06:00:00+00:00,5097.94867325,24.05166826,0.99552771,0.96919807,0.02579823,1.519e-05,0.00045589
2025-12-12 07:00:00+00:00,5274.47584175,24.01949205,0.99583078,0.97047262,0.02489569,1.461e-05,0.00039702
2025-12-12 08:00:00+00:00,5272.423942,24.00125643,0.99578625,0.96952609,0.02567114,1.503e-05,0.0004978
2025-12-12 09:00:00+00:00,5237.62939675,23.9430401,0.99599675,0.97166922,0.02380687,1.481e-05,0.00044748
2025-12-12 10:00:00+00:00,5195.7985035,23.90580508,0.99586205,0.97104553,0.02433138,1.506e-05,0.00043181
2025-12-12 11:00:00+00:00,5178.10303075,23.93246368,0.99592633,0.96991885,0.02545636,1.481e-05,0.00049324
2025-12-12 12:00:00+00:00,5137.4364555,23.92925806,0.99612714,0.97087227,0.02473475,1.482e-05,0.00047705
2025-12-12 13:00:00+00:00,5132.761993,23.90009431,0.99619436,0.97032482,0.02545945,1.491e-05,0.00041357
2025-12-12 14:00:00+00:00,5176.1573395,23.91931831,0.99612523,0.97030029,0.02537145,1.491e-05,0.00043187
2025-12-12 15:00:00+00:00,5239.8548485,23.87798979,0.99607557,0.9728905,0.02275095,1.476e-05,0.00045731
2025-12-12 16:00:00+00:00,5171.26209375,23.82906604,0.99602809,0.97311349,0.02253371,1.524e-05,0.00048686
2025-12-12 17:00:00+00:00,5071.0731315,23.81254228,0.99611839,0.97326656,0.02254536,1.538e-05,0.0004348
2025-12-12 18:00:00+00:00,4960.67849075,23.89200866,0.99612934,0.97383955,0.02185126,1.532e-05,0.00049185
2025-12-12 19:00:00+00:00,4847.6509605,23.8982075,0.99606766,0.97549909,0.02009839,1.521e-05,0.00050316
2025-12-12 20:00:00+00:00,4701.34987775,23.89100514,0.99590309,0.98113913,0.01426202,1.554e-05,0.0005619
2025-12-12 21:00:00+00:00,4526.5163365,23.92130563,0.99524753,0.98493488,0.00964528,1.73e-05,0.00068449
2025-12-12 22:00:00+00:00,4369.083177,23.9793925,0.99479653,0.98426883,0.009807,1.817e-05,0.00073965
2025-12-12 23:00:00+00:00,4190.03102925,24.01769785,0.99476575,0.99316312,0.00077515,3.633e-05,0.00080532
2025-12-13 00:00:00+00:00,4038.061139,23.97969578,0.9946329,0.99310692,0.00063761,3.73e-05,0.00088733
2025-12-13 01:00:00+00:00,3933.76487125,23.95739155,0.99441966,0.99268533,0.00069648,3.876e-05,0.0009604
2025-12-13 02:00:00+00:00,3844.30955225,24.08698844,0.99440806,0.99248691,0.0006921,3.742e-05,0.00101222
2025-12-13 03:00:00+00:00,3848.61100675,24.0762016,0.99473341,0.99286023,0.00067874,3.731e-05,0.00096625
2025-12-13 04:00:00+00:00,3832.98369525,24.05253937,0.99424872,0.99230088,0.00081899,3.83e-05,0.00095443
2025-12-13 05:00:00+00:00,3913.59499525,24.0106277,0.9939415,0.99200783,0.00077805,3.711e-05,0.000913
2025-12-13 06:00:00+00:00,4028.31445775,23.96591036,0.9938739,0.99193557,0.00076438,3.6e-05,0.00086025
2025-12-13 07:00:00+00:00,4209.322021,23.93883903,0.99426564,0.9887843,0.00446784,3.474e-05,0.00081335
2025-12-13 08:00:00+00:00,4444.3823415,23.86804319,0.99474382,0.98002437,0.01389782,3.241e-05,0.00066306
2025-12-13 09:00:00+00:00,4600.2326375,23.96454865,0.99493498,0.98064349,0.01342701,3.201e-05,0.0006677
2025-12-13 10:00:00+00:00,4675.8883925,24.0086978,0.99505024,0.98064658,0.01359395,3.146e-05,0.00063988
2025-12-13 11:00:00+00:00,4678.53265625,24.0592304,0.99487361,0.98045998,0.01354716,3.231e-05,0.00070963
2025-12-13 12:00:00+00:00,4677.532417,24.11045548,0.99482596,0.98021077,0.0137241,3.262e-05,0.00075127
2025-12-13 13:00:00+00:00,4689.16271675,24.08991627,0.99502173,0.97393664,0.02024219,3.211e-05,0.00071164
2025-12-13 14:00:00+00:00,4806.0005905,24.0952993,0.99534243,0.97145273,0.02310143,3.107e-05,0.00064247
2025-12-13 15:00:00+00:00,4927.8099475,24.11525946,0.9955833,0.97069675,0.024077,3.063e-05,0.00064643
2025-12-13 16:00:00+00:00,4960.63954075,24.12423163,0.99556421,0.97128931,0.0233973,3.085e-05,0.00068215
2025-12-13 17:00:00+00:00,4925.99754925,24.11036537,0.99535162,0.97114986,0.02324718,3.15e-05,0.00075945
2025-12-13 18:00:00+00:00,4839.33252,23.93598235,0.99436134,0.98605791,0.00729737,3.406e-05,0.00081819
2025-12-13 19:00:00+00:00,4701.51756625,23.54383248,0.9921589,0.99061253,0.00054623,3.484e-05,0.0008383
2025-12-13 20:00:00+00:00,4621.00597125,23.28894362,0.99093012,0.98961585,0.0002846,3.461e-05,0.00084124
2025-12-13 21:00:00+00:00,4517.44362875,22.87416149,0.98794846,0.98650653,0.00029059,3.307e-05,0.00087471
2025-12-13 22:00:00+00:00,4395.347234,22.5873017,0.98594318,0.98388114,0.00028803,0.00072343,0.00088386
2025-12-13 23:00:00+00:00,4251.4827005,22.2707155,0.98538301,0.98361024,0.00030005,0.00063433,0.00086746
2025-12-14 00:00:00+00:00,4115.948662,22.11178034,0.98456878,0.98261396,0.00030457,0.00088667,0.00085968
2025-12-14 01:00:00+00:00,4010.7143015,21.96225068,0.98434499,0.98239476,0.00027838,0.00106452,0.00074726
2025-12-14 02:00:00+00:00,3926.552541,21.63643409,0.98316422,0.98128393,0.00012461,0.00115508,0.00074274
2025-12-14 03:00:00+00:00,3873.1361055,21.65660301,0.98429962,0.98258268,0.00019265,0.00092484,0.00067167
2025-12-14 04:00:00+00:00,3844.437647,21.45246411,0.9838988,0.98232089,0.00016087,0.00084083,0.00067189
2025-12-14 05:00:00+00:00,3877.132851,20.97121093,0.98209472,0.98027279,8.278e-05,0.00127035,0.00061006
2025-12-14 06:00:00+00:00,3921.9822695,20.77370571,0.9813502,0.97936945,6.748e-05,0.00157014,0.0005667
2025-12-14 07:00:00+00:00,4036.39346575,20.95384056,0.98295538,0.98117975,4.347e-05,0.00135981,0.00055066
2025-12-14 08:00:00+00:00,4193.54662825,21.14312315,0.98429323,0.98295744,3.847e-05,0.0009481,0.00050462
2025-12-14 09:00:00+00:00,4329.51454125,21.10428145,0.98409583,0.98281493,4.217e-05,0.0008631,0.00055876
2025-12-14 10:00:00+00:00,4428.354769,20.93806742,0.98392083,0.98267712,4.234e-05,0.00082557,0.00056911
2025-12-14 11:00:00+00:00,4445.49855675,21.09451526,0.98457984,0.98354346,4.06e-05,0.00063734,0.00055041
2025-12-14 12:00:00+00:00,4428.212169,21.23517549,0.98450258,0.98331696,4.44e-05,0.00071575,0.00061879
2025-12-14 13:00:00+00:00,4450.09989375,21.50968869,0.98543075,0.98424735,4.215e-05,0.00066647,0.00060474
2025-12-14 14:00:00+00:00,4555.1073875,22.07363583,0.98750514,0.98638773,4.061e-05,0.00051292,0.00058979
2025-12-14 15:00:00+00:00,4668.387531,22.20185558,0.98836587,0.98717953,4.227e-05,0.00046098,0.00064014
2025-12-14 16:00:00+00:00,4686.68960625,22.48549498,0.9890698,0.98794214,8.826e-05,0.00034913,0.00065916
2025-12-14 17:00:00+00:00,4610.68949425,22.3966113,0.98849506,0.98717474,0.00025889,0.00035396,0.00071023
2025-12-14 18:00:00+00:00,4573.59695,22.2751889,0.9876226,0.98632684,0.00023477,0.00040233,0.00067045
2025-12-14 19:00:00+00:00,4515.8727305,21.86682967,0.98505302,0.98391766,7.119e-05,0.00039027,0.00064367
2025-12-14 20:00:00+00:00,4396.648257,21.2168526,0.98268617,0.98183716,0.00018634,3.895e-05,0.00059546
2025-12-14 21:00:00+00:00,4236.89306225,20.81747826,0.98135314,0.98069013,5.615e-05,4.041e-05,0.00061137
2025-12-14 22:00:00+00:00,4055.39688025,20.24007133,0.98055951,0.98014101,0.0,4.021e-05,0.0005236
2025-12-14 23:00:00+00:00,3881.94397275,20.0826428,0.98070275,0.98041442,0.0,2.025e-05,0.00054303
2025-12-15 00:00:00+00:00,3766.58314075,19.8778957,0.98116266,0.98081875,0.0,2.06e-05,0.00059385
2025-12-15 01:00:00+00:00,3649.65196925,20.01313799,0.98237184,0.98211486,0.0,2.061e-05,0.00056719
2025-12-15 02:00:00+00:00,3577.898097,20.22615818,0.98274571,0.98248309,0.0,2.053e-05,0.00054756
2025-12-15 03:00:00+00:00,3577.35159575,19.99456176,0.98198568,0.98171811,0.0,2.071e-05,0.00053243
2025-12-15 04:00:00+00:00,3712.194809,19.89297536,0.98209173,0.98173345,0.0,1.905e-05,0.0005715
2025-12-15 05:00:00+00:00,4110.00654175,20.78411322,0.98429815,0.98386394,0.0,1.712e-05,0.00054362
2025-12-15 06:00:00+00:00,4570.74163175,21.58910534,0.9871692,0.98666041,0.0,1.874e-05,0.00059654
2025-12-15 07:00:00+00:00,4701.03393825,21.63065283,0.98720961,0.98640214,3.5e-07,0.00012699,0.00062497
2025-12-15 08:00:00+00:00,4708.41192925,21.59427675,0.98689686,0.98613512,0.0,8.361e-05,0.00058966
2025-12-15 09:00:00+00:00,4682.41859125,21.57063,0.98665938,0.98585569,0.0,0.00011119,0.00058574
2025-12-15 10:00:00+00:00,4663.21990325,21.90917621,0.98835581,0.98773732,0.0,1.789e-05,0.00056286
2025-12-15 11:00:00+00:00,4650.4934925,22.30666175,0.98990718,0.98947294,0.0,1.759e-05,0.00047857
2025-12-15 12:00:00+00:00,4609.05371225,23.1607948,0.99407441,0.99377529,0.0,1.842e-05,0.00034735
2025-12-15 13:00:00+00:00,4621.69070875,23.37309479,0.99501409,0.99464422,0.0,1.861e-05,0.00034975
2025-12-15 14:00:00+00:00,4732.08632375,23.46958109,0.99521498,0.99482601,0.0,1.789e-05,0.00033492
2025-12-15 15:00:00+00:00,4823.3779655,23.61248989,0.99536569,0.99498038,0.0,1.799e-05,0.00032126
2025-12-15 16:00:00+00:00,4808.812263,23.68851346,0.99550641,0.99507634,0.0,1.671e-05,0.00037616
2025-12-15 17:00:00+00:00,4731.38859025,23.70668936,0.99576718,0.99528569,0.0,1.664e-05,0.00040374
2025-12-15 18:00:00+00:00,4655.51077875,23.78546179,0.99573825,0.99518653,0.0,1.668e-05,0.0004511
2025-12-15 19:00:00+00:00,4591.90472425,23.83380176,0.99553903,0.99476412,8.486e-05,1.721e-05,0.00054492
2025-12-15 20:00:00+00:00,4471.72199075,23.88835437,0.99505133,0.99406405,0.00020114,1.848e-05,0.00062239
2025-12-15 21:00:00+00:00,4296.244565,23.37752635,0.99158124,0.99041392,0.00018512,1.851e-05,0.00076837
2025-12-15 22:00:00+00:00,4048.7989655,22.86527688,0.98877584,0.98757524,0.00011748,1.888e-05,0.00081581
2025-12-15 23:00:00+00:00,3845.58066575,22.55252748,0.98696614,0.98568571,0.00010756,1.743e-05,0.00087458
2025-12-16 00:00:00+00:00,3700.59659425,22.44947822,0.98639078,0.98498847,0.00019483,1.797e-05,0.00092959
2025-12-16 01:00:00+00:00,3567.65154725,22.61988615,0.98712071,0.98563285,0.0002541,1.862e-05,0.0009481
2025-12-16 02:00:00+00:00,3489.64440475,22.63992685,0.98701915,0.98551944,0.00025575,1.884e-05,0.00085646
2025-12-16 03:00:00+00:00,3461.90942875,22.793592,0.98874535,0.98753,0.00015557,1.918e-05,0.00074926
2025-12-16 04:00:00+00:00,3587.7544855,23.583634,0.99371149,0.99270382,0.00023467,2.075e-05,0.00063674
2025-12-16 05:00:00+00:00,4006.823966,23.59327558,0.99418883,0.99300165,0.00061964,1.868e-05,0.00048377
2025-12-16 06:00:00+00:00,4519.15420525,23.54977635,0.99547018,0.99498306,0.00026436,1.599e-05,0.00017179
2025-12-16 07:00:00+00:00,4705.45919275,23.57540367,0.99569774,0.99516296,0.00027601,1.514e-05,0.00018995
2025-12-16 08:00:00+00:00,4695.29223475,23.63553234,0.99584114,0.99495219,0.00043521,1.55e-05,0.00031235
2025-12-16 09:00:00+00:00,4701.937311,23.5963238,0.99597575,0.99544642,0.00026301,1.518e-05,0.0001866
2025-12-16 10:00:00+00:00,4689.88100625,23.59650927,0.99596078,0.99543223,0.00026781,1.521e-05,0.00018717
2025-12-16 11:00:00+00:00,4692.9636485,23.61427545,0.99593136,0.99533791,0.00030828,1.531e-05,0.00021275
2025-12-16 12:00:00+00:00,4696.644283,23.63878928,0.99599305,0.99535635,0.00032673,1.527e-05,0.00023195
2025-12-16 13:00:00+00:00,4729.42085325,23.66486419,0.99610208,0.99557628,0.00026595,1.475e-05,0.00018425
2025-12-16 14:00:00+00:00,4791.34555075,23.7416566,0.99600041,0.99535069,0.00034794,1.502e-05,0.00023218
2025-12-16 15:00:00+00:00,4862.612048,23.76298741,0.99603132,0.99527838,0.00040539,1.498e-05,0.00027542
2025-12-16 16:00:00+00:00,4813.7993715,23.80752937,0.99600075,0.98468045,0.01091026,1.501e-05,0.00034173
2025-12-16 17:00:00+00:00,4735.9327425,23.83079929,0.99610611,0.98173154,0.0139702,1.522e-05,0.00034378
2025-12-16 18:00:00+00:00,4666.22577625,23.83522291,0.99621801,0.97301939,0.02276417,1.49e-05,0.00034293
2025-12-16 19:00:00+00:00,4618.3320535,23.87454309,0.99599586,0.9764721,0.01903961,1.488e-05,0.00039315
2025-12-16 20:00:00+00:00,4528.34666275,23.84071329,0.99561963,0.97823055,0.01690097,1.538e-05,0.00040114
2025-12-16 21:00:00+00:00,4369.56538975,23.91109118,0.99502024,0.97425446,0.02001742,1.665e-05,0.00059368
2025-12-16 22:00:00+00:00,4110.4892465,23.9911809,0.99423995,0.98105216,0.01211645,1.899e-05,0.00081517
2025-12-16 23:00:00+00:00,3886.77693125,23.72812664,0.99198431,0.98186197,0.00876402,1.957e-05,0.00092345
2025-12-17 00:00:00+00:00,3742.70985225,23.43624449,0.99027809,0.9886204,0.00026428,1.956e-05,0.00096013
2025-12-17 01:00:00+00:00,3643.9086075,23.2110057,0.98867287,0.98691367,0.00026856,1.972e-05,0.00100118
2025-12-17 02:00:00+00:00,3590.29895425,23.16227424,0.98832361,0.98658679,0.00026499,1.955e-05,0.00101102
2025-12-17 03:00:00+00:00,3559.16067,23.18675972,0.98879062,0.98713729,0.00026319,1.977e-05,0.000982
2025-12-17 04:00:00+00:00,3678.37545875,23.67415632,0.99084504,0.98901422,0.00053108,2.041e-05,0.00091957
2025-12-17 05:00:00+00:00,4149.85980525,24.249972,0.99417139,0.98818902,0.00489083,1.818e-05,0.00079571
2025-12-17 06:00:00+00:00,4739.3754805,24.16490744,0.99537918,0.99008425,0.00456966,1.559e-05,0.00053911
2025-12-17 07:00:00+00:00,4938.97493825,24.12169771,0.99565304,0.99033309,0.00466177,1.651e-05,0.00049022
2025-12-17 08:00:00+00:00,4984.41014425,24.01715607,0.99563739,0.99019685,0.00476482,1.616e-05,0.00050535
2025-12-17 09:00:00+00:00,4978.55718075,23.94223317,0.99587964,0.99066013,0.00460236,1.599e-05,0.0004507
2025-12-17 10:00:00+00:00,4976.96075175,23.92242681,0.99573989,0.99051681,0.00468586,3.242e-05,0.00046902
2025-12-17 11:00:00+00:00,4931.728255,23.91760396,0.99586954,0.99080873,0.00461449,3.376e-05,0.0004371
2025-12-17 12:00:00+00:00,4954.26922325,23.89914433,0.99593795,0.9909733,0.00456049,3.276e-05,0.00039275
2025-12-17 13:00:00+00:00,5025.217945,23.88243496,0.99594823,0.99100867,0.0045349,3.266e-05,0.00040003
2025-12-17 14:00:00+00:00,5219.19984025,23.80886064,0.99603011,0.99113515,0.00450159,3.049e-05,0.00037027
2025-12-17 15:00:00+00:00,5376.84369225,23.73809644,0.9962013,0.98182144,0.01401368,2.969e-05,0.00035517
2025-12-17 16:00:00+00:00,5312.6538,23.66131331,0.99643098,0.98166474,0.0144436,2.86e-05,0.00031502
2025-12-17 17:00:00+00:00,5233.21144075,23.56111665,0.99651088,0.98147991,0.01472384,3.054e-05,0.00033895
2025-12-17 18:00:00+00:00,5201.5365955,23.56688501,0.99657442,0.98108571,0.01522921,2.934e-05,0.00029809
2025-12-17 19:00:00+00:00,5146.81805225,23.61775639,0.99648712,0.98121764,0.01499841,3.01e-05,0.00030553
2025-12-17 20:00:00+00:00,4987.1043195,23.60178057,0.99629284,0.98089525,0.0151191,3.057e-05,0.00033892
2025-12-17 21:00:00+00:00,4781.48720625,23.42573721,0.99573097,0.98789666,0.00746678,3.377e-05,0.00047238
2025-12-17 22:00:00+00:00,4516.16629875,22.49692954,0.99042242,0.98623083,0.00363026,3.603e-05,0.00067472
2025-12-17 23:00:00+00:00,4246.50266525,21.65676107,0.98622445,0.98519177,4.822e-05,0.000518,0.00043019
2025-12-18 00:00:00+00:00,4050.504252,21.18546915,0.98352547,0.98232587,0.0,0.00071598,0.00040361
2025-12-18 01:00:00+00:00,3921.6329195,20.65493413,0.98251541,0.98155982,0.0,0.00054489,0.00043282
2025-12-18 02:00:00+00:00,3925.5935285,20.31776028,0.98137543,0.98053661,1e-08,0.00042884,0.00040179
2025-12-18 03:00:00+00:00,3931.3517495,20.2649652,0.98291382,0.98257026,0.0,0.00012219,0.00031978
2025-12-18 04:00:00+00:00,4060.13558125,20.15691226,0.98273038,0.98243765,0.0,0.00011311,0.00029336
2025-12-18 05:00:00+00:00,4468.18131175,20.2860497,0.98240474,0.98164131,8.8e-07,0.0003529,0.00036524
2025-12-18 06:00:00+00:00,4875.14236225,21.16969348,0.98526854,0.98405532,5.85e-06,0.00073049,0.00028916
2025-12-18 07:00:00+00:00,4993.10549025,21.46585035,0.9870553,0.98602305,1.434e-05,0.00055353,0.00019781
2025-12-18 08:00:00+00:00,5048.94748525,21.05214923,0.98474691,0.98350794,8.8e-06,0.00063895,0.00029466
2025-12-18 09:00:00+00:00,5053.11334,21.00603617,0.98445276,0.98331695,4.24e-06,0.00054602,0.00024387
2025-12-18 10:00:00+00:00,5070.18141775,20.50968485,0.98281108,0.98205151,8.4e-07,0.00030301,0.00031875
2025-12-18 11:00:00+00:00,5056.459732,20.43075677,0.9827308,0.98203491,7e-08,0.00024833,0.00030132
2025-12-18 12:00:00+00:00,5046.2239245,20.43695291,0.98261279,0.98227767,0.0,4.035e-05,0.00027725
2025-12-18 13:00:00+00:00,4982.51479875,20.67416766,0.98297516,0.98270703,0.0,3.382e-05,0.0002331
2025-12-18 14:00:00+00:00,4993.68862025,21.41030678,0.98695107,0.98666088,0.0,3.525e-05,0.00028229
2025-12-18 15:00:00+00:00,5067.1964355,22.30322058,0.99130606,0.99106317,0.0,3.508e-05,0.00024441
2025-12-18 16:00:00+00:00,5033.37905625,23.0085282,0.99473776,0.98962522,0.00494287,3.591e-05,0.00018206
2025-12-18 17:00:00+00:00,4990.4536055,21.71659619,0.98942186,0.98451366,0.0045249,0.00015784,0.00030572
2025-12-18 18:00:00+00:00,4931.55663475,21.05492614,0.98481441,0.98319138,7.06e-06,0.00092527,0.00043235
2025-12-18 19:00:00+00:00,4881.40369475,20.42165317,0.98166481,0.97978341,1.39e-06,0.00115877,0.00058097
2025-12-18 20:00:00+00:00,4748.041411,19.94096984,0.97990657,0.97935251,8e-08,9.493e-05,0.00049796
2025-12-18 21:00:00+00:00,4589.72181575,20.15478063,0.97915839,0.97735927,0.0,0.00131674,0.00043743
2025-12-18 22:00:00+00:00,4377.3782465,21.0887297,0.98325618,0.98127348,9.1e-07,0.00128123,0.00030049
2025-12-18 23:00:00+00:00,4170.00150275,20.84860911,0.98155159,0.97879249,6.4e-07,0.00190548,0.00028228
2025-12-19 00:00:00+00:00,3989.551581,21.29256939,0.98125149,0.97790467,4.53e-06,0.00216896,0.00020039
2025-12-19 01:00:00+00:00,3864.19669625,20.54364085,0.98102415,0.9780953,1.2e-07,0.00223633,0.00010806
2025-12-19 02:00:00+00:00,3794.4707295,20.80274082,0.98158075,0.9782351,8.9e-07,0.00247896,0.00013019
2025-12-19 03:00:00+00:00,3763.58449775,20.15060719,0.98224956,0.98010705,6e-08,0.00174243,0.00016294
2025-12-19 04:00:00+00:00,3878.965612,19.48927749,0.9811847,0.97922568,0.0,0.00168753,0.00022056
2025-12-19 05:00:00+00:00,4236.21558625,19.50632057,0.98293047,0.98256116,0.0,6.457e-05,0.00041532
2025-12-19 06:00:00+00:00,4620.49216325,20.09322063,0.9849985,0.98452364,0.0,4.428e-05,0.00053957
2025-12-19 07:00:00+00:00,4788.27771,20.06420657,0.98457922,0.98413116,0.0,5.974e-05,0.00050783
2025-12-19 08:00:00+00:00,4812.4136315,20.23925786,0.9854246,0.98503667,1e-08,4.167e-05,0.00052374
2025-12-19 09:00:00+00:00,4804.73588675,20.30845476,0.98565599,0.98526587,1e-08,5.748e-05,0.0005001
2025-12-19 10:00:00+00:00,4728.31573875,20.26444638,0.98533413,0.9849324,1e-08,4.312e-05,0.00051031
2025-12-19 11:00:00+00:00,4683.311707,20.08838749,0.9845914,0.98415836,1e-08,4.465e-05,0.00050814
2025-12-19 12:00:00+00:00,4676.81381925,20.25893134,0.98456095,0.98410262,0.0,4.533e-05,0.00049142
2025-12-19 13:00:00+00:00,4727.8269545,20.48774717,0.98534312,0.98486837,0.0,4.531e-05,0.00051039
2025-12-19 14:00:00+00:00,4850.11401275,20.58650539,0.98516131,0.98463676,0.0,7.758e-05,0.00050815
2025-12-19 15:00:00+00:00,4980.066017,20.70485354,0.98682796,0.98624131,0.0,0.00012927,0.0004984
2025-12-19 16:00:00+00:00,4962.76638975,20.84947229,0.98807452,0.98747899,0.0,0.00019565,0.00044448
2025-12-19 17:00:00+00:00,4890.17361,20.6934579,0.98753219,0.98678818,0.0,0.00030545,0.00049267
2025-12-19 18:00:00+00:00,4753.542906,20.51958712,0.98784427,0.98718239,0.0,0.00016718,0.0004778
2025-12-19 19:00:00+00:00,4635.91151075,20.45145256,0.98782688,0.98721945,0.0,0.00013345,0.00048407
2025-12-19 20:00:00+00:00,4499.69332875,20.13271518,0.98707677,0.98654523,0.0,6.034e-05,0.00047991
2025-12-19 21:00:00+00:00,4350.431723,19.99846268,0.98590404,0.98439557,0.0,0.00106828,0.0004346
2025-12-19 22:00:00+00:00,4207.613966,19.8239654,0.98627707,0.98563247,0.0,0.00028778,0.00038814
2025-12-19 23:00:00+00:00,4015.1093855,20.10681762,0.98678695,0.98562217,0.0,0.00063411,0.00051832
2025-12-20 00:00:00+00:00,3842.7858415,19.90970054,0.98654187,0.98527117,0.0,0.00075267,0.00051284
2025-12-20 01:00:00+00:00,3736.20454425,20.16712778,0.98691397,0.98548458,0.0,0.00089165,0.0005372
2025-12-20 02:00:00+00:00,3672.80635325,19.81144287,0.98594556,0.98450454,0.0,0.0009315,0.00052088
2025-12-20 03:00:00+00:00,3637.8060925,19.96354213,0.9860526,0.98447272,0.0,0.00105173,0.0005392
2025-12-20 04:00:00+00:00,3653.13487075,19.98394236,0.98619393,0.98475232,0.0,0.00091399,0.00053337
2025-12-20 05:00:00+00:00,3754.158264,19.84776316,0.98601714,0.98480217,0.0,0.00070289,0.00053032
2025-12-20 06:00:00+00:00,3887.19049275,20.22470275,0.98676537,0.98575858,0.0,0.0004697,0.00054282
2025-12-20 07:00:00+00:00,4130.495838,20.52206579,0.98696165,0.98376352,0.00191593,0.00058699,0.0006111
2025-12-20 08:00:00+00:00,4358.49185475,20.83265121,0.98749402,0.98394271,0.002349,0.00050918,0.0006274
2025-12-20 09:00:00+00:00,4518.873422,20.74074494,0.98777355,0.98518366,0.00166828,0.00030197,0.00059923
2025-12-20 10:00:00+00:00,4553.95856075,20.74928219,0.98815322,0.98558438,0.00178114,0.00022484,0.0005487
2025-12-20 11:00:00+00:00,4515.63155375,20.71175737,0.98818429,0.98522802,0.00242746,2.97e-05,0.00052619
2025-12-20 12:00:00+00:00,4502.94821475,20.71185046,0.98794097,0.9844168,0.00300369,2.436e-05,0.00054137
2025-12-20 13:00:00+00:00,4548.3798635,20.72591038,0.9881137,0.98456168,0.00309706,2.297e-05,0.0005103
2025-12-20 14:00:00+00:00,4737.7605365,20.61390409,0.98806047,0.98553413,0.00211989,2.405e-05,0.00053262
2025-12-20 15:00:00+00:00,4880.8990455,20.89197733,0.98811011,0.9844856,0.00321755,2.401e-05,0.0005344
2025-12-20 16:00:00+00:00,4933.76600675,21.11238478,0.9875189,0.98243111,0.00469403,2.335e-05,0.00047751
2025-12-20 17:00:00+00:00,4921.83263675,21.20033271,0.98772573,0.98246142,0.00493091,2.141e-05,0.0004216
2025-12-20 18:00:00+00:00,4872.21113875,21.11658328,0.98751203,0.98221047,0.00501642,2.009e-05,0.00040211
2025-12-20 19:00:00+00:00,4789.28209225,20.87147146,0.9867967,0.98156343,0.00487191,2.137e-05,0.0004931
2025-12-20 20:00:00+00:00,4706.346196,20.75861424,0.98676806,0.98171696,0.00467089,2.16e-05,0.00047522
2025-12-20 21:00:00+00:00,4626.46961675,20.58163065,0.98640751,0.98147252,0.00455189,2.17e-05,0.00049814
2025-12-20 22:00:00+00:00,4507.7727235,20.62873351,0.9861306,0.98118643,0.00454227,2.29e-05,0.00051643
2025-12-20 23:00:00+00:00,4423.13226475,20.69443824,0.98615288,0.98080494,0.00481235,0.00018275,0.00057852
2025-12-21 00:00:00+00:00,4311.699248,20.75956839,0.98548265,0.97990187,0.00475823,0.00042711,0.00058327
2025-12-21 01:00:00+00:00,4229.15721625,20.71722511,0.98524024,0.97995201,0.0047349,5.854e-05,0.00063961
2025-12-21 02:00:00+00:00,4186.92932225,20.71761958,0.98461228,0.97932044,0.00459098,0.00010926,0.00064722
2025-12-21 03:00:00+00:00,4281.071698,20.93843958,0.98544463,0.97994069,0.00464074,0.00020571,0.00069312
2025-12-21 04:00:00+00:00,4330.32052425,20.91778151,0.98386631,0.97857517,0.00457537,3.461e-05,0.00067133
2025-12-21 05:00:00+00:00,4417.52168375,21.21959997,0.98311574,0.97756469,0.00494159,3.234e-05,0.00057242
2025-12-21 06:00:00+00:00,4473.4309835,21.49558709,0.98423268,0.97845943,0.00519189,4.919e-05,0.00052068
2025-12-21 07:00:00+00:00,4653.8502465,21.76137033,0.98510909,0.97927649,0.0052681,4.978e-05,0.00045845
2025-12-21 08:00:00+00:00,4880.027459,22.22664646,0.98676017,0.97681722,0.00959466,3.431e-05,0.00025646
2025-12-21 09:00:00+00:00,5037.76103425,22.56295776,0.98882945,0.97337758,0.01516081,3.494e-05,0.00019879
2025-12-21 10:00:00+00:00,5088.634242,22.75829864,0.98981016,0.97369573,0.01581907,3.636e-05,0.00020266
2025-12-21 11:00:00+00:00,5100.9949205,22.94424836,0.99065796,0.9718757,0.01849431,3.693e-05,0.00019693
2025-12-21 12:00:00+00:00,5100.61035775,22.81754179,0.98955561,0.97067024,0.01852493,3.797e-05,0.0002709
2025-12-21 13:00:00+00:00,5161.59027925,22.76042618,0.98921193,0.96952986,0.01933222,3.817e-05,0.00027174
2025-12-21 14:00:00+00:00,5290.71889325,23.23552319,0.99171832,0.97109256,0.02030783,5.647e-05,0.00022146
2025-12-21 15:00:00+00:00,5405.65321925,23.89527101,0.9955768,0.97345323,0.02185539,5.693e-05,0.00016986
2025-12-21 16:00:00+00:00,5448.605423,23.90679554,0.99541876,0.97341647,0.02169631,3.758e-05,0.00022934
2025-12-21 17:00:00+00:00,5458.84723075,23.67334939,0.99369666,0.97241389,0.02093252,5.474e-05,0.0002712
2025-12-21 18:00:00+00:00,5445.80459775,23.53928807,0.99227076,0.97132256,0.0205047,5.506e-05,0.00035825
2025-12-21 19:00:00+00:00,5404.51462825,22.66024243,0.98720855,0.9717534,0.01492296,5.338e-05,0.00043029
2025-12-21 20:00:00+00:00,5326.6419835,22.45942094,0.98574766,0.97159,0.01353299,5.067e-05,0.00052544
2025-12-21 21:00:00+00:00,5230.3147115,22.30823536,0.98460628,0.97442307,0.00953706,5.123e-05,0.00058291
2025-12-21 22:00:00+00:00,5117.5081865,22.14051136,0.98350784,0.97777511,0.00506427,5.323e-05,0.00058698
2025-12-21 23:00:00+00:00,4951.589274,22.13737801,0.98063005,0.97459951,0.00509726,0.00018712,0.00068229
2025-12-22 00:00:00+00:00,4819.880566,22.25511736,0.98116481,0.97512196,0.00524676,5.385e-05,0.00074142
2025-12-22 01:00:00+00:00,4756.4588595,22.24849562,0.98025475,0.9742281,0.0051642,3.52e-05,0.00081246
2025-12-22 02:00:00+00:00,4707.48789,22.39665557,0.98009113,0.97369696,0.00518789,0.00027572,0.00085661
2025-12-22 03:00:00+00:00,4717.07380775,22.71352029,0.98062746,0.97370201,0.00538064,0.00048238,0.00087929
2025-12-22 04:00:00+00:00,4881.92725825,22.89779351,0.98080754,0.97048355,0.008839,0.00038887,0.00091932
2025-12-22 05:00:00+00:00,5229.85051775,23.38381411,0.98504171,0.96682939,0.01708545,0.00016607,0.00087251
2025-12-22 06:00:00+00:00,5546.6722165,24.24936903,0.99510708,0.97268618,0.02175689,5.033e-05,0.00061505
2025-12-22 07:00:00+00:00,5835.999384,24.12850869,0.99596357,0.97555224,0.01986914,4.448e-05,0.00042465
2025-12-22 08:00:00+00:00,5950.1363105,24.06016057,0.99622679,0.97543665,0.02031778,4.265e-05,0.00036662
2025-12-22 09:00:00+00:00,5970.1979325,24.06224546,0.9964114,0.97470428,0.02124444,2.864e-05,0.00035888
2025-12-22 10:00:00+00:00,5940.886337,24.0346785,0.99624849,0.97462761,0.02114594,2.868e-05,0.00037602
2025-12-22 11:00:00+00:00,5871.2840965,24.01722003,0.99621822,0.97612004,0.01956045,4.37e-05,0.00044938
2025-12-22 12:00:00+00:00,5854.5963215,23.98825675,0.99646668,0.97590575,0.02009287,2.88e-05,0.00040604
2025-12-22 13:00:00+00:00,5904.8410395,23.96780923,0.99650524,0.97379136,0.02227146,4.24e-05,0.00033159
2025-12-22 14:00:00+00:00,6014.6420635,23.92901877,0.99658408,0.97287117,0.02324955,4.131e-05,0.00033913
2025-12-22 15:00:00+00:00,6085.27637675,23.85822688,0.99670131,0.97346877,0.02277103,4.128e-05,0.00037108
2025-12-22 16:00:00+00:00,6045.025793,23.78175621,0.99684526,0.97365777,0.0227716,4.08e-05,0.00034245
2025-12-22 17:00:00+00:00,6002.02930325,23.74441052,0.99693579,0.97566188,0.02085136,4.111e-05,0.0003421
2025-12-22 18:00:00+00:00,5954.60184325,23.74868816,0.99682977,0.97631037,0.02008108,2.879e-05,0.00040742
2025-12-22 19:00:00+00:00,5871.0033635,23.76826073,0.99659371,0.9754178,0.0206519,3.11e-05,0.00051289
2025-12-22 20:00:00+00:00,5712.5376765,23.83429731,0.99619101,0.97429487,0.02133255,4.783e-05,0.00053338
2025-12-22 21:00:00+00:00,5568.93999975,23.92127133,0.99577492,0.97406634,0.0210873,5.224e-05,0.0006429
2025-12-22 22:00:00+00:00,5345.49787675,23.31055599,0.98837752,0.97060652,0.01707382,4.818e-05,0.00067277
2025-12-22 23:00:00+00:00,5166.98275575,23.05008811,0.98646705,0.96831847,0.01744949,4.813e-05,0.00070354
2025-12-23 00:00:00+00:00,5012.50113425,22.80969854,0.98438921,0.96771737,0.01594169,3.541e-05,0.00078683
2025-12-23 01:00:00+00:00,4883.63284975,22.9322771,0.98515467,0.96765232,0.01674286,3.53e-05,0.00078339
2025-12-23 02:00:00+00:00,4772.0527255,22.99913367,0.98507876,0.96740868,0.0169086,5.936e-05,0.00081132
2025-12-23 03:00:00+00:00,4740.611592,22.84762981,0.98357033,0.96767314,0.01511383,5.949e-05,0.0008199
2025-12-23 04:00:00+00:00,4826.611312,22.76717286,0.98183784,0.96668823,0.01404479,0.00020934,0.00084604
2025-12-23 05:00:00+00:00,5128.399781,22.86375693,0.97984484,0.96386489,0.0147076,0.00031247,0.00079268
2025-12-23 06:00:00+00:00,5387.5700605,23.42141635,0.98718041,0.96828381,0.01816824,4.837e-05,0.00067403
2025-12-23 07:00:00+00:00,5602.705321,24.08842536,0.99547781,0.97394527,0.02096656,5.027e-05,0.00051545
2025-12-23 08:00:00+00:00,5751.15978625,24.08406559,0.99618457,0.97466703,0.02108895,4.823e-05,0.00036566
2025-12-23 09:00:00+00:00,5850.5943375,24.04396484,0.99499669,0.97392108,0.0205551,4.925e-05,0.00044982
2025-12-23 10:00:00+00:00,5869.4434175,23.51380048,0.98845697,0.96995484,0.01790702,3.033e-05,0.00050466
2025-12-23 11:00:00+00:00,5867.27323525,23.49442998,0.98832122,0.96981762,0.01792558,4.531e-05,0.00048983
2025-12-23 12:00:00+00:00,5876.94639975,23.38853668,0.98717637,0.96880016,0.01776716,4.449e-05,0.0005091
2025-12-23 13:00:00+00:00,5890.6415395,23.4241612,0.9876511,0.96901798,0.01800173,4.781e-05,0.00052553
2025-12-23 14:00:00+00:00,5950.20356075,24.15025234,0.99607578,0.97479218,0.02078203,4.962e-05,0.00041847
2025-12-23 15:00:00+00:00,5960.49458475,23.9833539,0.99421775,0.97376489,0.0199221,4.727e-05,0.00045722
2025-12-23 16:00:00+00:00,5856.38469075,23.82632943,0.99265075,0.97270102,0.01940051,4.769e-05,0.00047229
2025-12-23 17:00:00+00:00,5747.59389875,24.15067998,0.99639227,0.97505679,0.02083464,5.182e-05,0.00044632
2025-12-23 18:00:00+00:00,5642.6692045,23.2007092,0.98616432,0.96902358,0.01646852,3.048e-05,0.00061873
2025-12-23 19:00:00+00:00,5533.904905,23.06881921,0.98524202,0.96859232,0.01594349,2.973e-05,0.00063662
2025-12-23 20:00:00+00:00,5452.24804875,22.41709401,0.97937783,0.96548149,0.01315083,3.398e-05,0.00067242
2025-12-23 21:00:00+00:00,5426.16057175,22.33020873,0.97920545,0.9665186,0.01189927,3.018e-05,0.00070942
2025-12-23 22:00:00+00:00,5279.86146325,22.16112878,0.97832688,0.97129394,0.00606297,0.00013372,0.00075409
2025-12-23 23:00:00+00:00,5118.122619,21.8282361,0.98023727,0.97737701,0.00207161,5.257e-05,0.00079079
2025-12-24 00:00:00+00:00,5010.63243575,21.31731565,0.98073631,0.97813702,0.0018419,3.874e-05,0.00077287
2025-12-24 01:00:00+00:00,4898.83871425,20.87353904,0.97971875,0.97753313,0.00144281,4.012e-05,0.0006916
2025-12-24 02:00:00+00:00,4828.1803005,21.29638996,0.9792967,0.97608217,0.00139345,0.00058078,0.00067879
2025-12-24 03:00:00+00:00,4832.01318475,21.06046017,0.97880002,0.97580174,0.00135341,0.00050525,0.00068824
2025-12-24 04:00:00+00:00,4904.50704675,21.60704567,0.97921321,0.97547362,0.00156307,0.00076684,0.00070505
2025-12-24 05:00:00+00:00,5167.89717675,20.94962882,0.97741645,0.97346676,0.00326284,5.565e-05,0.00071834
2025-12-24 06:00:00+00:00,5356.82678475,21.23253641,0.97942006,0.97162369,0.00714885,4.947e-05,0.00072608
2025-12-24 07:00:00+00:00,5607.38447525,21.70369479,0.98273798,0.96969591,0.01246066,4.427e-05,0.00064752
2025-12-24 08:00:00+00:00,5852.4933245,21.91847286,0.98443629,0.96543466,0.01845802,4.186e-05,0.00059749
2025-12-24 09:00:00+00:00,6041.4825875,21.75071737,0.98269881,0.9628971,0.01911746,7.914e-05,0.00068693
2025-12-24 10:00:00+00:00,6111.15920425,21.76467957,0.98051967,0.9647765,0.01502939,0.00018038,0.00066658
2025-12-24 11:00:00+00:00,6091.135801,21.51003432,0.97928004,0.96547301,0.01312773,7.489e-05,0.00064454
2025-12-24 12:00:00+00:00,6086.94999475,21.27016428,0.9788122,0.96534773,0.01282941,4.803e-05,0.00070101
2025-12-24 13:00:00+00:00,6140.43502875,21.48550131,0.98077574,0.96408201,0.01608959,5.179e-05,0.00066909
2025-12-24 14:00:00+00:00,6299.28047725,21.57639048,0.98144905,0.95998709,0.02082413,6.591e-05,0.00063596
2025-12-24 15:00:00+00:00,6284.263906,22.0135796,0.98376846,0.96172696,0.02140765,8.941e-05,0.00057456
2025-12-24 16:00:00+00:00,5903.09626675,22.08292502,0.9847706,0.96436202,0.01984635,4.353e-05,0.00059617
2025-12-24 17:00:00+00:00,5618.11924825,21.72416952,0.98321448,0.96747983,0.01509925,4.405e-05,0.00065331
2025-12-24 18:00:00+00:00,5495.27755275,21.21619016,0.9813167,0.96969073,0.01078455,0.00010252,0.00079795
2025-12-24 19:00:00+00:00,5415.698858,21.30340857,0.98272073,0.97041096,0.01141423,0.00018503,0.00080564
2025-12-24 20:00:00+00:00,5343.35630475,21.1022226,0.98244127,0.96976476,0.01200848,5.395e-05,0.0007467
2025-12-24 21:00:00+00:00,5313.34864775,21.06054394,0.98222801,0.96976774,0.01150026,0.00029019,0.00079723
2025-12-24 22:00:00+00:00,5357.6857345,20.95010688,0.98221146,0.97345954,0.00778103,0.00028392,0.00083813
2025-12-24 23:00:00+00:00,5320.32940525,20.83669059,0.98496443,0.97931775,0.00457384,0.00051626,0.00078467
2025-12-25 00:00:00+00:00,5224.2725505,20.89002003,0.98522652,0.97950755,0.00443655,0.00067375,0.00086013
2025-12-25 01:00:00+00:00,5102.24405775,20.49372512,0.98424971,0.97937236,0.00385552,0.00055813,0.00082366
2025-12-25 02:00:00+00:00,5023.22908975,20.3288883,0.98322921,0.97772325,0.00388993,0.00122383,0.00084426
2025-12-25 03:00:00+00:00,4994.306286,20.27386846,0.98294925,0.97761569,0.00367178,0.00127945,0.00083493
2025-12-25 04:00:00+00:00,4966.584014,20.62888003,0.983288,0.97739167,0.00339433,0.00187281,0.00085204
2025-12-25 05:00:00+00:00,5095.73716675,21.79703516,0.9822842,0.9743614,0.00291241,0.0029687,0.00079099
2025-12-25 06:00:00+00:00,5224.61094525,20.97925226,0.98293185,0.97658892,0.00332195,0.00202362,0.00078681
2025-12-25 07:00:00+00:00,5319.5842275,20.71582557,0.98441949,0.97855618,0.0046241,0.00071035,0.00079223
2025-12-25 08:00:00+00:00,5455.9751,20.60792951,0.9841931,0.97863527,0.00444928,0.00062289,0.00073492
2025-12-25 09:00:00+00:00,5644.70470775,21.7889174,0.98208381,0.97426875,0.0034096,0.00215395,0.0007753
2025-12-25 10:00:00+00:00,5760.4675605,21.69133851,0.98189332,0.97427107,0.00321454,0.0021188,0.00080959
2025-12-25 11:00:00+00:00,5772.59487425,21.70751133,0.98220619,0.97470097,0.00342142,0.00189752,0.00076958
2025-12-25 12:00:00+00:00,5736.12579,20.51835758,0.98384481,0.9766348,0.00586501,0.00076116,0.00077861
2025-12-25 13:00:00+00:00,5671.4166985,20.69742461,0.98529885,0.97724509,0.00660161,0.00083796,0.00078532
2025-12-25 14:00:00+00:00,5695.34826225,21.23213727,0.98725648,0.97384293,0.01208337,0.00068816,0.00072719
2025-12-25 15:00:00+00:00,5665.8243605,21.2195979,0.98719846,0.97131834,0.01460294,0.00060652,0.00073241
2025-12-25 16:00:00+00:00,5557.48255925,21.03559431,0.98668025,0.9709859,0.0144705,0.00055934,0.00070864
2025-12-25 17:00:00+00:00,5423.35002025,21.01337119,0.98757411,0.97267216,0.01373797,0.00051898,0.00073394
2025-12-25 18:00:00+00:00,5315.499167,20.98023114,0.98663971,0.97184898,0.01356139,0.00060384,0.00072092
2025-12-25 19:00:00+00:00,5236.037417,21.03328359,0.98697301,0.97112394,0.01467566,0.00057934,0.00071278
2025-12-25 20:00:00+00:00,5126.827898,20.97121392,0.98662897,0.9725714,0.01291968,0.00056955,0.0007064
2025-12-25 21:00:00+00:00,5027.14768025,20.94408356,0.98597562,0.97233644,0.0122753,0.00077279,0.00077466
2025-12-25 22:00:00+00:00,4873.38464375,20.73024797,0.98550644,0.97913282,0.00506899,0.0007144,0.0008044
2025-12-25 23:00:00+00:00,4763.76076625,20.79316296,0.98580831,0.98004957,0.00443487,0.00065025,0.000785
2025-12-26 00:00:00+00:00,4640.07127575,20.69746727,0.98605042,0.98053502,0.00435709,0.00049075,0.00079192
2025-12-26 01:00:00+00:00,4578.454272,20.66301753,0.98584973,0.98031824,0.00435242,0.00044485,0.00081439
2025-12-26 02:00:00+00:00,4541.50324575,20.72104331,0.98530172,0.97963813,0.00439019,0.00048311,0.00083584
2025-12-26 03:00:00+00:00,4560.5370795,20.76197679,0.98493556,0.97915149,0.00428433,0.00063544,0.00089144
2025-12-26 04:00:00+00:00,4615.699575,21.11261485,0.98523229,0.97937266,0.00443484,0.0005893,0.00088167
2025-12-26 05:00:00+00:00,4777.466829,21.37089163,0.98502552,0.97363599,0.01007404,0.00054492,0.00078799
2025-12-26 06:00:00+00:00,4940.56197125,21.41782502,0.98534178,0.97119691,0.01299343,0.00044489,0.00063335
2025-12-26 07:00:00+00:00,5129.1443325,21.4742049,0.98482446,0.97103883,0.01282958,0.00031394,0.00062858
2025-12-26 08:00:00+00:00,5287.74403975,21.59179561,0.9833167,0.96955402,0.01306077,0.00012887,0.00059584
2025-12-26 09:00:00+00:00,5373.0839305,21.85635784,0.98258802,0.96851349,0.01350417,0.00012685,0.0005047
2025-12-26 10:00:00+00:00,5383.3345305,21.89462428,0.98185741,0.96553804,0.01551829,0.00021523,0.00060601
2025-12-26 11:00:00+00:00,5343.5325935,22.08869528,0.98249004,0.96552192,0.01617713,0.00024984,0.00055645
2025-12-26 12:00:00+00:00,5312.1930375,22.07759444,0.98197533,0.96503778,0.01617228,0.00016781,0.00060142
2025-12-26 13:00:00+00:00,5317.68451775,22.36883343,0.98414176,0.96655784,0.01697559,5.22e-05,0.00054524
2025-12-26 14:00:00+00:00,5497.00443325,22.7626386,0.98720143,0.9687288,0.01794125,3.643e-05,0.00046902
2025-12-26 15:00:00+00:00,5579.19844525,22.85729162,0.98770728,0.96889454,0.01829065,3.15e-05,0.0004709
2025-12-26 16:00:00+00:00,5497.427563,22.99819528,0.98918197,0.96982199,0.01885731,3.141e-05,0.00048595
2025-12-26 17:00:00+00:00,5398.98400425,22.62662893,0.98808791,0.96963232,0.01791038,3.015e-05,0.00056052
2025-12-26 18:00:00+00:00,5327.61226625,22.14519008,0.98586359,0.9689395,0.01633853,2.964e-05,0.00063521
2025-12-26 19:00:00+00:00,5352.78848575,21.72994731,0.98461982,0.96911492,0.01489663,2.855e-05,0.00064861
2025-12-26 20:00:00+00:00,5298.2873,21.20676691,0.98302351,0.9697932,0.01257581,2.89e-05,0.00071802
2025-12-26 21:00:00+00:00,5244.12807025,20.80885947,0.98377503,0.97099982,0.0121928,2.924e-05,0.00066687
2025-12-26 22:00:00+00:00,5067.5241005,20.90735114,0.98670334,0.97347172,0.01275079,3.009e-05,0.00060418
2025-12-26 23:00:00+00:00,4886.85792525,20.49005017,0.98709506,0.97555349,0.01117401,3.015e-05,0.00060347
2025-12-27 00:00:00+00:00,4761.51280825,20.53608681,0.98786703,0.97621664,0.01104725,0.00029161,0.00060111
2025-12-27 01:00:00+00:00,4681.51949625,20.12942546,0.98698794,0.97571052,0.01087617,9.728e-05,0.00059227
2025-12-27 02:00:00+00:00,4667.612494,20.46960123,0.98759572,0.97530469,0.01151707,0.00041161,0.00063576
2025-12-27 03:00:00+00:00,4652.01419625,20.31247231,0.98720981,0.97531227,0.01103217,0.00051365,0.00063944
2025-12-27 04:00:00+00:00,4665.882535,20.10908784,0.98645102,0.97779707,0.0084242,3.288e-05,0.00051271
2025-12-27 05:00:00+00:00,4738.965576,20.31659455,0.98582256,0.97620894,0.00828596,0.00121946,0.00055242
2025-12-27 06:00:00+00:00,4867.6962925,20.34347394,0.985918,0.9762968,0.00818734,0.00131835,0.00054693
2025-12-27 07:00:00+00:00,4967.69842475,20.17939136,0.98561966,0.97346152,0.01076384,0.00125397,0.00057391
2025-12-27 08:00:00+00:00,5128.83157025,20.21934781,0.98582442,0.97453001,0.01006742,0.00106413,0.00054537
2025-12-27 09:00:00+00:00,5237.4024015,20.41582635,0.98661015,0.9753577,0.01000764,0.00106824,0.00054498
2025-12-27 10:00:00+00:00,5229.54549075,20.24710871,0.98591276,0.97525586,0.00935835,0.00108312,0.0005809
2025-12-27 11:00:00+00:00,5205.920069,20.18069695,0.98606795,0.97575046,0.00927582,0.00084103,0.00057158
2025-12-27 12:00:00+00:00,5159.639706,20.1507664,0.98685312,0.97443136,0.01198831,0.00021369,0.00053984
2025-12-27 13:00:00+00:00,5128.15925375,20.63980936,0.98835263,0.97375263,0.01381086,0.00035762,0.00062614
2025-12-27 14:00:00+00:00,5236.83149175,21.26249408,0.98929927,0.97260489,0.01575995,0.00048204,0.00060068
2025-12-27 15:00:00+00:00,5332.9222645,21.12805873,0.98884266,0.97256425,0.01516849,0.00055161,0.00064334
2025-12-27 16:00:00+00:00,5370.44589075,21.05855565,0.98875014,0.973906,0.01384844,0.00040447,0.00061399
2025-12-27 17:00:00+00:00,5338.14260175,20.91459839,0.98878067,0.97373023,0.01415168,0.00038332,0.00059562
2025-12-27 18:00:00+00:00,5273.25321175,21.09255276,0.98905166,0.97376942,0.01440794,0.00028706,0.00059794
2025-12-27 19:00:00+00:00,5172.25807825,20.80963236,0.98846744,0.97900205,0.0087878,0.00016225,0.0005667
2025-12-27 20:00:00+00:00,5067.45586625,20.71647723,0.9881767,0.98027117,0.00721213,0.00018933,0.00057504
2025-12-27 21:00:00+00:00,4988.14029925,20.47055204,0.9874459,0.97991426,0.00686871,0.00020117,0.00059737
2025-12-27 22:00:00+00:00,4861.7127615,20.68096098,0.98763033,0.98196332,0.00470779,0.00043948,0.00066341
2025-12-27 23:00:00+00:00,4822.6570225,20.47705121,0.98710987,0.97631953,0.01009187,0.0004052,0.00058702
2025-12-28 00:00:00+00:00,4772.83981325,20.43622884,0.98717933,0.9761975,0.01017968,0.00053285,0.00059513
2025-12-28 01:00:00+00:00,4715.178633,20.45826676,0.98724372,0.97623372,0.01026799,0.00047905,0.00058208
2025-12-28 02:00:00+00:00,4684.16508575,20.42926678,0.98664865,0.97505305,0.01091435,0.00046873,0.00057321
2025-12-28 03:00:00+00:00,4645.85354,20.68832802,0.98712088,0.97481369,0.01156905,0.00048167,0.0005814
2025-12-28 04:00:00+00:00,4652.27621125,20.94279729,0.98767018,0.97564197,0.01134053,0.00030645,0.00065615
2025-12-28 05:00:00+00:00,4724.0614505,20.90452997,0.98733514,0.97529943,0.01112323,0.00035282,0.00076316
2025-12-28 06:00:00+00:00,4830.4064025,20.95471901,0.98790931,0.97588143,0.01140325,6.252e-05,0.00076607
2025-12-28 07:00:00+00:00,4914.83974625,20.85131076,0.98763494,0.97632561,0.01076827,1.505e-05,0.00071982
2025-12-28 08:00:00+00:00,5031.34477075,20.89945988,0.9871749,0.97308408,0.01367563,1.465e-05,0.00064986
2025-12-28 09:00:00+00:00,5175.72769125,20.94376889,0.98713738,0.97300715,0.01377393,1.454e-05,0.00060755
2025-12-28 10:00:00+00:00,5274.6446205,20.97010208,0.98618283,0.97183783,0.01407113,1.593e-05,0.00054982
2025-12-28 11:00:00+00:00,5348.42087275,21.16068001,0.98641434,0.97085368,0.01513646,1.916e-05,0.00058541
2025-12-28 12:00:00+00:00,5394.66303875,21.13902591,0.98646004,0.96493464,0.02110549,1.884e-05,0.00057132
2025-12-28 13:00:00+00:00,5469.69366575,21.06906693,0.98660918,0.96434608,0.02172844,2.223e-05,0.00063461
2025-12-28 14:00:00+00:00,5611.09103375,20.9887867,0.98635434,0.97091708,0.01503442,1.956e-05,0.0006053
2025-12-28 15:00:00+00:00,5709.3926175,20.9600907,0.98583932,0.9707213,0.01478414,1.622e-05,0.00055446
2025-12-28 16:00:00+00:00,5739.0718335,20.76363194,0.98604088,0.97224171,0.01355506,1.391e-05,0.00055511
2025-12-28 17:00:00+00:00,5691.818019,20.77856517,0.98501664,0.97122368,0.01357965,1.472e-05,0.00054495
2025-12-28 18:00:00+00:00,5693.9474735,20.57633302,0.98460017,0.97347862,0.01075564,1.524e-05,0.00062114
2025-12-28 19:00:00+00:00,5655.72945925,20.56833603,0.98515685,0.97365046,0.01111967,1.503e-05,0.00063298
2025-12-28 20:00:00+00:00,5560.25202325,20.48206304,0.98691439,0.97515288,0.01140285,1.557e-05,0.00062884
2025-12-28 21:00:00+00:00,5434.20477075,20.48155257,0.9882234,0.97623607,0.01161521,2.882e-05,0.00063479
2025-12-28 22:00:00+00:00,5284.42339875,20.13250175,0.98682523,0.97578787,0.01070246,1.752e-05,0.00062866
2025-12-28 23:00:00+00:00,5172.32265325,20.05232677,0.98630072,0.96829622,0.01697796,0.00077263,0.00059036
2025-12-29 00:00:00+00:00,5050.57484575,20.27331141,0.98664178,0.96784338,0.01762592,0.00098765,0.00054095
2025-12-29 01:00:00+00:00,4950.9571,20.12538025,0.9860946,0.96738897,0.01755423,0.00097427,0.00054456
2025-12-29 02:00:00+00:00,4915.03404475,20.06814983,0.9860676,0.96745486,0.0174396,0.00098472,0.00054592
2025-12-29 03:00:00+00:00,4907.4698705,20.25935596,0.98635173,0.96721461,0.017953,0.00098903,0.00057976
2025-12-29 04:00:00+00:00,5009.76215675,20.37649953,0.98608823,0.96667279,0.01823531,0.0010118,0.00055823
2025-12-29 05:00:00+00:00,5231.066042,20.28277651,0.98500611,0.96340059,0.02059158,0.00082754,0.00053937
2025-12-29 06:00:00+00:00,5546.50540075,20.36184993,0.98556756,0.96623711,0.01903528,1.514e-05,0.00052241
2025-12-29 07:00:00+00:00,5743.192727,20.41464788,0.98503661,0.96723405,0.0174953,2e-08,0.00051027
2025-12-29 08:00:00+00:00,5949.6176075,20.72286973,0.98603271,0.96575431,0.01991653,0.0,0.0005335
2025-12-29 09:00:00+00:00,6025.6321035,20.71367955,0.98653804,0.96567929,0.02056361,0.0,0.00047944
2025-12-29 10:00:00+00:00,5997.55882025,20.61671978,0.98555611,0.96519111,0.02006267,0.0,0.00046425
2025-12-29 11:00:00+00:00,5932.93863175,20.4799224,0.98550402,0.9657496,0.01944475,0.0,0.0004708
2025-12-29 12:00:00+00:00,5887.49350575,20.37813551,0.98610541,0.96662888,0.01906047,0.0,0.00053315
2025-12-29 13:00:00+00:00,5873.6699635,20.45287198,0.98632805,0.9670174,0.01893956,0.0,0.00050338
2025-12-29 14:00:00+00:00,5967.5812785,20.57597292,0.98650452,0.96723243,0.0188907,1.494e-05,0.00045598
2025-12-29 15:00:00+00:00,6075.0356475,20.60449298,0.98638807,0.9732755,0.0126812,2.958e-05,0.00046344
2025-12-29 16:00:00+00:00,6023.16557425,20.60234505,0.98641969,0.97110222,0.01488023,2.989e-05,0.00047787
2025-12-29 17:00:00+00:00,6002.21989725,20.67130574,0.98739931,0.96979459,0.01719945,2.961e-05,0.00048752
2025-12-29 18:00:00+00:00,5918.31233325,20.55320194,0.98725426,0.97069208,0.0161381,2.928e-05,0.00050646
2025-12-29 19:00:00+00:00,5850.68397925,20.49359183,0.98733874,0.97088721,0.01605962,2.916e-05,0.00050425
2025-12-29 20:00:00+00:00,5680.58175575,20.45006591,0.98768255,0.971081,0.01615758,7.66e-05,0.00052929
2025-12-29 21:00:00+00:00,5530.63571125,20.53701683,0.98820283,0.96987048,0.0176656,0.00025513,0.00056651
2025-12-29 22:00:00+00:00,5410.48695125,20.51267732,0.98842432,0.96994807,0.01777213,0.00030367,0.00057941
2025-12-29 23:00:00+00:00,5165.09476425,20.44489886,0.98901647,0.97100135,0.01765628,9.401e-05,0.0005206
2025-12-30 00:00:00+00:00,5081.91050525,20.38347032,0.98892049,0.97184383,0.01675677,3.768e-05,0.00052501
2025-12-30 01:00:00+00:00,5011.9698675,20.14269505,0.98819206,0.97382605,0.01404931,3.906e-05,0.00053016
2025-12-30 02:00:00+00:00,4952.6464055,20.00126574,0.9863257,0.9754677,0.00933125,0.00123671,0.00057499
2025-12-30 03:00:00+00:00,4949.35735675,20.02037628,0.98638267,0.97586344,0.0088641,0.00142368,0.00053298
2025-12-30 04:00:00+00:00,5065.5224635,20.10426874,0.98789301,0.97199901,0.01555246,1.663e-05,0.00051074
2025-12-30 05:00:00+00:00,5273.4890925,20.35322595,0.98738141,0.96882863,0.01816199,3.124e-05,0.00052168
2025-12-30 06:00:00+00:00,5516.96004775,20.48027452,0.98671044,0.96766622,0.01865197,1.56e-05,0.00050942
2025-12-30 07:00:00+00:00,5741.080953,20.59033089,0.98626049,0.96726423,0.01861031,1.552e-05,0.00046469
2025-12-30 08:00:00+00:00,5926.5495515,20.61983802,0.98550088,0.96651666,0.0182032,0.00035919,0.00053548
2025-12-30 09:00:00+00:00,6047.32863575,20.99472326,0.98609847,0.96806945,0.0172717,0.00043686,0.00048405
2025-12-30 10:00:00+00:00,6057.75488025,20.94417188,0.98573705,0.97322709,0.01189822,0.00022003,0.0005315
2025-12-30 11:00:00+00:00,6029.01937725,20.97523373,0.98578462,0.97275043,0.01258599,3.757e-05,0.00053518
2025-12-30 12:00:00+00:00,6028.55088675,21.20092341,0.98614844,0.97286915,0.01284273,3.21e-05,0.0005155
2025-12-30 13:00:00+00:00,5937.371024,21.83333385,0.98700797,0.97174352,0.01482264,3.362e-05,0.0005272
2025-12-30 14:00:00+00:00,5999.1812615,22.66373274,0.99041268,0.97112627,0.01879193,3.334e-05,0.00055582
2025-12-30 15:00:00+00:00,6048.024621,23.11873053,0.99215074,0.97095758,0.02060671,3.307e-05,0.00056843
2025-12-30 16:00:00+00:00,5995.06261,23.48002674,0.99349655,0.97112987,0.0217765,3.336e-05,0.00057414
2025-12-30 17:00:00+00:00,5891.969648,23.46716917,0.99340252,0.97106208,0.02168464,3.394e-05,0.00063904
2025-12-30 18:00:00+00:00,5773.5911315,23.17239277,0.99011634,0.96971813,0.01957111,3.464e-05,0.00080467
2025-12-30 19:00:00+00:00,5652.5910115,22.99341758,0.98903544,0.96983804,0.01835933,3.538e-05,0.00085753
2025-12-30 20:00:00+00:00,5479.17094875,22.83870777,0.98869148,0.96908683,0.01880363,3.65e-05,0.00079998
2025-12-30 21:00:00+00:00,5325.74220975,22.78284902,0.98817054,0.96858343,0.01867824,3.755e-05,0.00084991
2025-12-30 22:00:00+00:00,5173.284301,23.00820725,0.98913788,0.96943018,0.01872357,3.866e-05,0.00089062
2025-12-30 23:00:00+00:00,5042.836659,22.93339398,0.98885026,0.97031455,0.01774913,6e-08,0.00074505
2025-12-31 00:00:00+00:00,5004.6704685,22.86491859,0.98696936,0.96950305,0.01662689,0.0,0.00079568
2025-12-31 01:00:00+00:00,4960.886785,22.83304533,0.98698053,0.96996958,0.01614637,0.0,0.00079668
2025-12-31 02:00:00+00:00,4937.80723275,22.90691184,0.98709854,0.96852699,0.01769924,2.9e-07,0.00079565
2025-12-31 03:00:00+00:00,4945.86462475,22.93120649,0.98707542,0.96825515,0.01767645,0.00011574,0.0008192
2025-12-31 04:00:00+00:00,4998.7241795,23.4747095,0.98929289,0.96871284,0.01887153,0.00042833,0.00072369
2025-12-31 05:00:00+00:00,5187.94517175,23.97037603,0.99237708,0.96910795,0.02125654,0.00069274,0.00059381
2025-12-31 06:00:00+00:00,5314.11321125,24.08885281,0.99459777,0.96843292,0.02489086,0.00039225,0.00045298
2025-12-31 07:00:00+00:00,5407.51746275,24.17961155,0.99510627,0.96636003,0.02759489,0.00035356,0.00039143
2025-12-31 08:00:00+00:00,5578.758256,23.87901608,0.99556801,0.9660365,0.02920407,0.0,0.0002909
2025-12-31 09:00:00+00:00,5759.49958025,23.92245226,0.99556702,0.96423869,0.03102939,0.0,0.00026389
2025-12-31 10:00:00+00:00,5848.7978185,23.91071171,0.99557798,0.96381912,0.03145654,0.0,0.00028051
2025-12-31 11:00:00+00:00,5848.36062225,23.82853977,0.99563377,0.96602207,0.02929722,0.0,0.00030293
2025-12-31 12:00:00+00:00,5839.84879575,24.28735869,0.99528084,0.96433901,0.0293353,0.00057363,0.00033877
2025-12-31 13:00:00+00:00,5909.96270725,23.87790307,0.99570952,0.96537605,0.02964072,0.00016971,0.00028928
2025-12-31 14:00:00+00:00,6107.45062975,23.69260257,0.99622635,0.9668909,0.02905442,0.0,0.00027743
2025-12-31 15:00:00+00:00,6219.449004,23.62543149,0.99628785,0.96209768,0.03396501,0.0,0.0001991
2025-12-31 16:00:00+00:00,6108.834881,23.54717603,0.99626624,0.9592012,0.03684816,0.0,0.00017565
2025-12-31 17:00:00+00:00,5869.62148925,23.47456326,0.9961604,0.95983666,0.0361079,0.0,0.00017109
2025-12-31 18:00:00+00:00,5605.3836415,23.43811215,0.99554187,0.96749801,0.02764276,0.0,0.00036881
2025-12-31 19:00:00+00:00,5401.4364195,22.59338543,0.98669352,0.96876592,0.01724688,0.0,0.00062926
2025-12-31 20:00:00+00:00,5165.6570495,22.08409943,0.9843644,0.96761386,0.01612415,3.88e-06,0.00063856
2025-12-31 21:00:00+00:00,4970.7629365,21.94078443,0.98501106,0.96971567,0.01461442,7.462e-05,0.00060836
2025-12-31 22:00:00+00:00,4882.66686175,21.13677322,0.98198223,0.97015614,0.01148913,5.08e-06,0.00054747
2025-12-31 23:00:00+00:00,4776.3656645,22.04133155,0.98589043,0.97687409,0.00650252,0.00086757,0.00066494
