datetime_utc,consumption_mw,ci_lifecycle_gco2eq_per_kwh,included_share_lifecycle,carbon_free_share,share_hydro_pumped_storage,share_biomass,share_other_renewable
2025-01-01 00:00:00+00:00,3670.525,25.93487101,0.9916216,0.97284597,0.01115843,4.201e-05,0.00723142
2025-01-01 01:00:00+00:00,3677.3025,26.28455213,0.99180045,0.97238945,0.01112294,2.23e-05,0.00730998
2025-01-01 02:00:00+00:00,3664.1025,26.22714092,0.99153742,0.97225598,0.0111384,7.139e-05,0.00733309
2025-01-01 03:00:00+00:00,3672.7275,26.24913595,0.99196846,0.97373718,0.01054094,0.0,0.00711319
2025-01-01 04:00:00+00:00,3687.4425,25.78625842,0.99208828,0.97495323,0.01044951,1.664e-05,0.00696362
2025-01-01 05:00:00+00:00,3751.72,26.253961,0.9916624,0.97377931,0.00998836,0.0,0.00720968
2025-01-01 06:00:00+00:00,3826.35,25.73881722,0.99116618,0.97368135,0.01032345,8.748e-05,0.00735253
2025-01-01 07:00:00+00:00,3888.615,26.12870442,0.99180572,0.97376285,0.010117,1.871e-05,0.0071778
2025-01-01 08:00:00+00:00,3963.5825,26.26050801,0.99209692,0.97418025,0.0097384,0.0,0.00698826
2025-01-01 09:00:00+00:00,4002.2975,25.95576642,0.99184808,0.97305812,0.01100906,0.0,0.00712542
2025-01-01 10:00:00+00:00,4032.4125,26.12402939,0.99225273,0.97361897,0.01086378,0.0,0.00685245
2025-01-01 11:00:00+00:00,4042.2225,26.36586645,0.99289399,0.97524338,0.00974208,0.0,0.00636011
2025-01-01 12:00:00+00:00,4042.615,26.41063181,0.99306337,0.97573156,0.00942462,7.341e-05,0.00621669
2025-01-01 13:00:00+00:00,4076.1425,26.58711062,0.99263611,0.97435145,0.00968319,0.00011427,0.0063402
2025-01-01 14:00:00+00:00,4144.1975,26.49455134,0.99294236,0.97515608,0.00941776,0.0,0.00575252
2025-01-01 15:00:00+00:00,4166.46,25.81898105,0.99267901,0.9757049,0.00959615,0.0,0.00579017
2025-01-01 16:00:00+00:00,4142.0375,25.52332944,0.992639,0.97556972,0.01007695,0.0,0.00585697
2025-01-01 17:00:00+00:00,4097.4375,25.33808975,0.9929007,0.97586886,0.01018046,0.0,0.00588018
2025-01-01 18:00:00+00:00,4070.4725,24.75433944,0.99285985,0.97636521,0.01006828,0.0,0.00584452
2025-01-01 19:00:00+00:00,4037.965,24.43087295,0.99266522,0.97716655,0.00947471,0.0,0.00606264
2025-01-01 20:00:00+00:00,3975.02,23.53189378,0.9925429,0.97945127,0.00811803,0.0,0.00618299
2025-01-01 21:00:00+00:00,3894.67,23.20472698,0.99257764,0.97922223,0.00815417,0.0,0.00625075
2025-01-01 22:00:00+00:00,3835.5975,22.67547132,0.99273632,0.97974136,0.0081344,0.0,0.00620872
2025-01-01 23:00:00+00:00,3805.9575,23.95059583,0.99330164,0.97885327,0.00814476,0.0,0.00628433
2025-01-02 00:00:00+00:00,3738.4375,22.67967972,0.99364321,0.98005324,0.00879465,0.0,0.00608189
2025-01-02 01:00:00+00:00,3693.3025,21.79831067,0.99387137,0.98247096,0.00733549,0.0,0.00588519
2025-01-02 02:00:00+00:00,3657.315,21.0105431,0.99366037,0.98362653,0.00627527,0.0,0.00603007
2025-01-02 03:00:00+00:00,3632.235,20.57315206,0.99373935,0.98258818,0.00778204,0.0,0.00609284
2025-01-02 04:00:00+00:00,3679.9525,21.56586604,0.99389901,0.98119756,0.00826085,0.0,0.006088
2025-01-02 05:00:00+00:00,3814.4725,21.31851432,0.99423905,0.98223923,0.00793448,0.0,0.00576095
2025-01-02 06:00:00+00:00,3988.105,20.81160145,0.99427899,0.98345669,0.0075347,0.0,0.00564431
2025-01-02 07:00:00+00:00,4019.16,20.78722886,0.99424414,0.9833344,0.0074996,0.0,0.00566726
2025-01-02 08:00:00+00:00,4076.765,20.43674363,0.99430881,0.98348077,0.00810861,4.446e-05,0.00564688
2025-01-02 09:00:00+00:00,4120.785,20.47828617,0.99409911,0.98288254,0.00825398,7.576e-05,0.00573808
2025-01-02 10:00:00+00:00,4126.6525,20.66682919,0.99406541,0.98207721,0.00854258,9.359e-05,0.005851
2025-01-02 11:00:00+00:00,4148.675,20.57947203,0.9942525,0.98496922,0.00624275,5.125e-05,0.00569447
2025-01-02 12:00:00+00:00,4165.7825,20.4763077,0.99407214,0.98474216,0.00710863,0.0,0.00562903
2025-01-02 13:00:00+00:00,4205.3825,20.19916068,0.99375597,0.98522588,0.00691703,0.0,0.00552365
2025-01-02 14:00:00+00:00,4241.3225,20.48603484,0.99369335,0.98357335,0.00828905,2.308e-05,0.00543117
2025-01-02 15:00:00+00:00,4230.8075,20.54350488,0.99325954,0.98224024,0.00889811,0.0,0.00557957
2025-01-02 16:00:00+00:00,4194.35,21.30068545,0.99311688,0.97980316,0.01027864,1.078e-05,0.00578516
2025-01-02 17:00:00+00:00,4173.0575,21.86539867,0.99344022,0.97986663,0.01005232,0.0,0.00590158
2025-01-02 18:00:00+00:00,4117.7225,22.35498618,0.99335008,0.97911288,0.0104751,0.0,0.00598657
2025-01-02 19:00:00+00:00,4095.8075,21.93699967,0.99317037,0.9798885,0.00963285,0.0,0.00599079
2025-01-02 20:00:00+00:00,4052.6225,21.60062589,0.99323302,0.98089477,0.00936724,0.0,0.00569973
2025-01-02 21:00:00+00:00,4002.16,21.31718705,0.99337407,0.98046737,0.00964743,0.0,0.00587673
2025-01-02 22:00:00+00:00,3920.175,21.46873419,0.99371846,0.9799988,0.00949997,0.0,0.00596996
2025-01-02 23:00:00+00:00,3880.895,21.0626719,0.99391161,0.98036577,0.00989521,0.0,0.00608617
2025-01-03 00:00:00+00:00,3846.0,21.95719027,0.99367606,0.97914938,0.00999826,0.0,0.00632394
2025-01-03 01:00:00+00:00,3814.8625,23.11260216,0.99336038,0.97763028,0.01022453,0.0,0.00658169
2025-01-03 02:00:00+00:00,3771.5775,22.78958202,0.99298666,0.97719503,0.01011587,0.0,0.0065169
2025-01-03 03:00:00+00:00,3772.9375,22.07570263,0.99315632,0.97806929,0.00961877,0.0,0.00621786
2025-01-03 04:00:00+00:00,3818.9425,22.37583077,0.99330869,0.97809313,0.00957644,0.0,0.00616487
2025-01-03 05:00:00+00:00,3925.4575,24.12364291,0.99328367,0.97702224,0.00965493,0.0,0.00632737
2025-01-03 06:00:00+00:00,4104.3575,25.26069935,0.99282633,0.97610002,0.00956134,0.0,0.00652122
2025-01-03 07:00:00+00:00,4194.0875,25.69847674,0.99260863,0.97636588,0.00933075,0.0,0.00630543
2025-01-03 08:00:00+00:00,4236.15,26.22063558,0.9922552,0.97587051,0.00869452,0.0,0.00663647
2025-01-03 09:00:00+00:00,4299.825,26.34384996,0.99241342,0.97669325,0.00841215,0.0,0.00649785
2025-01-03 10:00:00+00:00,4312.245,26.03053464,0.9923666,0.97647098,0.00923071,0.0,0.00640327
2025-01-03 11:00:00+00:00,4285.6925,25.5849907,0.99224492,0.97745321,0.00891241,0.0,0.00632991
2025-01-03 12:00:00+00:00,4255.3675,24.88306513,0.99220519,0.97812843,0.00893453,8.89e-06,0.00632915
2025-01-03 13:00:00+00:00,4307.945,24.05405265,0.99258958,0.97867605,0.00950145,4.228e-05,0.00600861
2025-01-03 14:00:00+00:00,4273.7625,22.8230115,0.99310514,0.97976962,0.01012479,4.894e-05,0.00585277
2025-01-03 15:00:00+00:00,4214.1675,21.96087054,0.99279113,0.97821014,0.01228789,4.255e-05,0.00595766
2025-01-03 16:00:00+00:00,4264.925,21.37409435,0.99335219,0.98050616,0.01098677,4.373e-05,0.00569297
2025-01-03 17:00:00+00:00,4237.2375,21.36422192,0.99355314,0.98108769,0.01062917,5.015e-05,0.00563405
2025-01-03 18:00:00+00:00,4168.02,20.93552678,0.99343818,0.98082772,0.01127433,4.121e-05,0.00572498
2025-01-03 19:00:00+00:00,4091.1425,22.96440693,0.99286144,0.97899736,0.01119547,8.748e-05,0.00597992
2025-01-03 20:00:00+00:00,4037.1775,22.56764979,0.99283827,0.97758506,0.01228517,7.91e-05,0.00607766
2025-01-03 21:00:00+00:00,3987.5275,21.52376136,0.99294375,0.98043142,0.0103166,5.745e-05,0.00584427
2025-01-03 22:00:00+00:00,3900.775,21.37558005,0.99333505,0.98153805,0.00974668,4.597e-05,0.00586324
2025-01-03 23:00:00+00:00,3845.87,22.33620172,0.99355994,0.97869881,0.01081507,6.885e-05,0.00638133
2025-01-04 00:00:00+00:00,3790.27,21.60285908,0.9939152,0.98125968,0.0096244,5.033e-05,0.00605536
2025-01-04 01:00:00+00:00,3759.55,21.49288969,0.99408995,0.98185925,0.00947607,4.568e-05,0.0058838
2025-01-04 02:00:00+00:00,3719.3825,21.47598682,0.99409724,0.98192506,0.00946388,4.241e-05,0.00587806
2025-01-04 03:00:00+00:00,3712.9675,21.30567822,0.99412263,0.982095,0.00954802,2.427e-05,0.00586332
2025-01-04 04:00:00+00:00,3723.1575,21.39245392,0.99409422,0.98191137,0.00947105,3.398e-05,0.00588647
2025-01-04 05:00:00+00:00,3730.9125,21.31193571,0.99390028,0.98164766,0.00992106,4.343e-05,0.00607364
2025-01-04 06:00:00+00:00,3786.3675,22.49894634,0.9931851,0.97784536,0.0107227,9.558e-05,0.0067455
2025-01-04 07:00:00+00:00,3833.18,23.17146601,0.99304233,0.97649823,0.01112587,0.00010905,0.00681838
2025-01-04 08:00:00+00:00,3949.21,23.58713975,0.99335429,0.97791955,0.00967609,4.044e-05,0.00660951
2025-01-04 09:00:00+00:00,3985.66,24.34947865,0.99341969,0.97751096,0.00936811,0.0,0.00658031
2025-01-04 10:00:00+00:00,3971.7675,24.98281682,0.9931652,0.97642144,0.00948643,0.0,0.00682325
2025-01-04 11:00:00+00:00,3928.0275,25.13956152,0.99327602,0.97647044,0.00935419,0.0,0.0067104
2025-01-04 12:00:00+00:00,3996.13,25.39371686,0.99336031,0.97709988,0.00902766,0.0,0.00663735
2025-01-04 13:00:00+00:00,4006.255,24.97771216,0.99362526,0.97863852,0.00857648,0.0,0.00637474
2025-01-04 14:00:00+00:00,4060.1975,25.38449443,0.99359002,0.97818834,0.0085612,0.0,0.00640998
2025-01-04 15:00:00+00:00,4060.0425,24.5567105,0.99406542,0.97892589,0.00932252,0.0,0.00593458
2025-01-04 16:00:00+00:00,4081.97,24.50113286,0.99397807,0.97869184,0.00955579,0.0,0.00602193
2025-01-04 17:00:00+00:00,4080.68,24.80117579,0.99393567,0.97851215,0.00966953,0.0,0.00603954
2025-01-04 18:00:00+00:00,4041.2425,24.53083298,0.99398395,0.978831,0.0096206,0.0,0.00599337
2025-01-04 19:00:00+00:00,3984.4975,24.38142151,0.99386408,0.97872296,0.00968056,0.0,0.00605041
2025-01-04 20:00:00+00:00,3838.185,24.67822674,0.99386541,0.97858365,0.00999536,0.0,0.00611754
2025-01-04 21:00:00+00:00,3797.1925,24.55933001,0.99388843,0.97869899,0.00979222,0.0,0.00610736
2025-01-04 22:00:00+00:00,3751.53,24.36699064,0.99390095,0.97883184,0.00980929,0.0,0.00609905
2025-01-04 23:00:00+00:00,3696.0175,24.79799528,0.9939034,0.97819212,0.00981636,0.0,0.0060966
2025-01-05 00:00:00+00:00,3650.01,23.92318903,0.9941452,0.97951842,0.00948455,0.0,0.0058548
2025-01-05 01:00:00+00:00,3602.2575,23.86686852,0.99420329,0.97964565,0.00953931,0.0,0.00579671
2025-01-05 02:00:00+00:00,3570.14,24.21751367,0.99402359,0.97905623,0.0098783,0.0,0.00597641
2025-01-05 03:00:00+00:00,3567.97,24.34503013,0.99400725,0.9792204,0.00974047,0.0,0.00599275
2025-01-05 04:00:00+00:00,3581.3025,24.43372705,0.99397076,0.98141126,0.00758168,0.0,0.00602924
2025-01-05 05:00:00+00:00,3602.8425,25.08783747,0.99370398,0.98025588,0.0078051,0.0,0.00629602
2025-01-05 06:00:00+00:00,3653.89,24.89110319,0.99374243,0.98014828,0.00814812,0.0,0.00624366
2025-01-05 07:00:00+00:00,3739.345,24.95701495,0.99390182,0.98014974,0.00827785,0.0,0.00608626
2025-01-05 08:00:00+00:00,3826.7625,24.77788784,0.99397182,0.97905941,0.0092104,0.0,0.00602594
2025-01-05 09:00:00+00:00,3905.265,24.74838567,0.99407263,0.97951894,0.00919193,0.0,0.00591899
2025-01-05 10:00:00+00:00,3951.2575,24.64072421,0.994079,0.97947965,0.0093377,0.0,0.00586773
2025-01-05 11:00:00+00:00,3948.0125,24.84668443,0.99408808,0.97928918,0.0093481,0.0,0.00589585
2025-01-05 12:00:00+00:00,3950.25,25.22282197,0.99397381,0.97866918,0.00961012,0.0,0.00598551
2025-01-05 13:00:00+00:00,3980.5525,25.78821075,0.99385309,0.97700862,0.01073664,0.0,0.00609402
2025-01-05 14:00:00+00:00,4050.475,26.35209072,0.99366411,0.97666628,0.0101709,0.0,0.00626667
2025-01-05 15:00:00+00:00,4134.1325,26.64210073,0.99351228,0.97578183,0.01066505,0.0,0.00627436
2025-01-05 16:00:00+00:00,4150.46,26.56278673,0.99358488,0.97595809,0.01074206,0.0,0.00614767
2025-01-05 17:00:00+00:00,4143.3675,26.68559505,0.99344938,0.97650034,0.00990978,0.0,0.00627929
2025-01-05 18:00:00+00:00,4138.2325,26.73072866,0.99354229,0.97655099,0.00986731,0.0,0.00626952
2025-01-05 19:00:00+00:00,4149.275,27.02605504,0.99348947,0.97596515,0.01007119,0.0,0.00637737
2025-01-05 20:00:00+00:00,4116.965,27.13100324,0.99350638,0.9757974,0.01016569,0.0,0.0063778
2025-01-05 21:00:00+00:00,4063.125,27.06577626,0.99347944,0.97558233,0.01042481,0.0,0.00644117
2025-01-05 22:00:00+00:00,3995.0175,27.06874352,0.99327882,0.97603203,0.00941551,0.0,0.00657905
2025-01-05 23:00:00+00:00,3906.48,26.89079097,0.99253089,0.97492586,0.00973846,0.0,0.00681632
2025-01-06 00:00:00+00:00,3883.57,26.67676437,0.99314728,0.97590613,0.0093573,0.0,0.00651967
2025-01-06 01:00:00+00:00,3861.875,26.4233226,0.99333562,0.9766325,0.00925553,0.0,0.00636198
2025-01-06 02:00:00+00:00,3859.6825,26.4853665,0.99326114,0.97651367,0.00923367,0.0,0.00641741
2025-01-06 03:00:00+00:00,3879.9325,26.34932029,0.99322033,0.97637462,0.00930711,0.0,0.00646138
2025-01-06 04:00:00+00:00,3951.925,26.0064761,0.99319329,0.97657331,0.00914103,0.0,0.0063453
2025-01-06 05:00:00+00:00,4142.48,25.91703527,0.99326502,0.97725298,0.00864073,0.0,0.00589875
2025-01-06 06:00:00+00:00,4348.175,25.34159129,0.99346343,0.97834157,0.00863173,0.0,0.00569252
2025-01-06 07:00:00+00:00,4392.2975,24.82819777,0.99373222,0.97918815,0.00864768,0.0,0.0056139
2025-01-06 08:00:00+00:00,4418.875,24.37438142,0.99374352,0.97967344,0.00856665,0.0,0.00556115
2025-01-06 09:00:00+00:00,4430.6025,23.99923727,0.9937576,0.98010595,0.00841767,0.0,0.00545384
2025-01-06 10:00:00+00:00,4436.645,23.64182056,0.99390056,0.98064081,0.00822782,0.0,0.00531014
2025-01-06 11:00:00+00:00,4458.3375,23.5386683,0.99370968,0.98036411,0.00819616,0.0,0.00530909
2025-01-06 12:00:00+00:00,4412.8225,23.23041818,0.99367929,0.98056823,0.00822287,0.0,0.00529006
2025-01-06 13:00:00+00:00,4446.9375,23.20235002,0.99353793,0.98023002,0.00826338,0.0,0.00528636
2025-01-06 14:00:00+00:00,4480.555,23.09786319,0.99359209,0.98041935,0.00821119,0.0,0.00524328
2025-01-06 15:00:00+00:00,4498.6625,23.07603012,0.99364292,0.98058125,0.00815742,0.0,0.00520625
2025-01-06 16:00:00+00:00,4444.9775,22.87505915,0.9937295,0.98101081,0.00806361,0.0,0.00512782
2025-01-06 17:00:00+00:00,4355.215,22.68215297,0.99372929,0.98105484,0.00798102,0.0,0.0053162
2025-01-06 18:00:00+00:00,4327.23,22.38233476,0.99380275,0.98114002,0.00813204,0.0,0.00527675
2025-01-06 19:00:00+00:00,4282.595,22.21623583,0.99367586,0.98110484,0.00800674,0.0,0.00520136
2025-01-06 20:00:00+00:00,4238.71,21.99244388,0.99340473,0.97995744,0.0085653,0.0,0.00535974
2025-01-06 21:00:00+00:00,4144.365,22.22570984,0.99342979,0.97888741,0.00893601,0.0,0.00535874
2025-01-06 22:00:00+00:00,4056.4175,21.95242519,0.99325416,0.97903248,0.00897758,0.0,0.00544882
2025-01-06 23:00:00+00:00,3996.3375,21.92002689,0.99337459,0.97907259,0.0089719,0.0,0.00531955
2025-01-07 00:00:00+00:00,3924.55,21.97291902,0.99323487,0.97877013,0.00900365,0.0,0.00543406
2025-01-07 01:00:00+00:00,3894.28,22.13989831,0.99318601,0.97849792,0.00914143,0.0,0.00551841
2025-01-07 02:00:00+00:00,3860.305,22.03957935,0.99329888,0.97865569,0.00943277,0.0,0.00558209
2025-01-07 03:00:00+00:00,3864.4725,22.13399155,0.9934219,0.97891487,0.00937757,0.0,0.00552045
2025-01-07 04:00:00+00:00,3863.2625,22.13844501,0.99371845,0.97959026,0.00905841,0.0,0.00534134
2025-01-07 05:00:00+00:00,3904.085,22.06422664,0.99363593,0.97966837,0.00912586,0.0,0.0053512
2025-01-07 06:00:00+00:00,4100.43,21.96300219,0.99326936,0.97933291,0.00935003,0.0,0.00555152
2025-01-07 07:00:00+00:00,4117.8625,22.18251577,0.99350184,0.97980665,0.00911015,0.0,0.00547186
2025-01-07 08:00:00+00:00,4176.7925,22.23546131,0.99360679,0.98032806,0.00884529,0.0,0.00535576
2025-01-07 09:00:00+00:00,4180.1325,22.30532215,0.99344579,0.97995553,0.00884824,1.594e-05,0.00542888
2025-01-07 10:00:00+00:00,4133.455,22.55284565,0.99344522,0.97939845,0.00888872,4.14e-05,0.00550615
2025-01-07 11:00:00+00:00,4090.275,22.31790649,0.99328795,0.97934951,0.00897046,5.055e-05,0.0055364
2025-01-07 12:00:00+00:00,4086.555,22.35747239,0.9928155,0.97758062,0.00959029,0.00010281,0.00592546
2025-01-07 13:00:00+00:00,4121.575,22.38644182,0.99273822,0.97711843,0.0097321,0.00015564,0.00600748
2025-01-07 14:00:00+00:00,4169.7075,22.36552612,0.99281421,0.97752827,0.00948486,0.00016966,0.00591455
2025-01-07 15:00:00+00:00,4201.8025,22.46430933,0.99266297,0.97731647,0.00938492,0.00014732,0.00589349
2025-01-07 16:00:00+00:00,4166.895,22.55966235,0.99262294,0.97701679,0.00954554,0.00014957,0.0059664
2025-01-07 17:00:00+00:00,4132.54,22.46837018,0.99247648,0.97673298,0.00966568,0.0001652,0.00608765
2025-01-07 18:00:00+00:00,4111.43,22.45137564,0.99239121,0.97629188,0.00968976,0.00020113,0.0061594
2025-01-07 19:00:00+00:00,4120.25,22.28310861,0.99221485,0.97640754,0.00957845,0.00019915,0.00611496
2025-01-07 20:00:00+00:00,4078.8325,22.236838,0.9923078,0.97701312,0.0095145,0.00013252,0.00603175
2025-01-07 21:00:00+00:00,4004.5,22.49719191,0.99224171,0.97684099,0.00962294,0.00013121,0.00604528
2025-01-07 22:00:00+00:00,3865.6375,22.39222019,0.99184745,0.97619987,0.01014598,0.00014144,0.00642584
2025-01-07 23:00:00+00:00,3786.3025,22.90921342,0.99264418,0.97748626,0.00991074,0.00011813,0.00623228
2025-01-08 00:00:00+00:00,3747.655,22.91103545,0.99262676,0.97724011,0.00977041,0.0001316,0.00624077
2025-01-08 01:00:00+00:00,3741.7075,23.10110247,0.99274191,0.97724474,0.00968718,0.00010258,0.00618693
2025-01-08 02:00:00+00:00,3750.2925,23.23919355,0.9925646,0.97664737,0.00987445,8.428e-05,0.00629635
2025-01-08 03:00:00+00:00,3761.6525,23.24256434,0.9931931,0.97735434,0.0098097,3.176e-05,0.00628246
2025-01-08 04:00:00+00:00,3833.615,23.37876266,0.99332719,0.9771673,0.00974462,4.189e-05,0.0063195
2025-01-08 05:00:00+00:00,4044.72,23.73541214,0.99371139,0.97794367,0.00927691,4.74e-06,0.00599112
2025-01-08 06:00:00+00:00,4285.3375,23.97784259,0.99382903,0.97933941,0.00846509,4.25e-05,0.0054686
2025-01-08 07:00:00+00:00,4384.1975,24.26602008,0.99384299,0.97902946,0.00843597,0.00010196,0.00549561
2025-01-08 08:00:00+00:00,4420.3975,24.65059182,0.99352392,0.97827215,0.00852345,0.00015976,0.00556397
2025-01-08 09:00:00+00:00,4428.835,24.92521081,0.99334668,0.97783438,0.00852525,0.00015155,0.00556623
2025-01-08 10:00:00+00:00,4413.4825,24.61472602,0.9934752,0.97847582,0.00859615,2.672e-05,0.00561158
2025-01-08 11:00:00+00:00,4352.465,24.67003983,0.99337729,0.97837832,0.0086514,0.0,0.00569288
2025-01-08 12:00:00+00:00,4350.9525,25.03079442,0.99323963,0.97776269,0.00880921,8.395e-05,0.005755
2025-01-08 13:00:00+00:00,4354.6875,25.01323983,0.99323111,0.97797659,0.00884095,7.196e-05,0.00582084
2025-01-08 14:00:00+00:00,4423.83,24.63291276,0.99307981,0.97833924,0.00881501,4.91e-05,0.00574901
2025-01-08 15:00:00+00:00,4475.4525,24.98002629,0.99320732,0.97828409,0.00861568,2.743e-05,0.00557731
2025-01-08 16:00:00+00:00,4431.3375,25.17535445,0.99310672,0.97802109,0.008732,5.67e-06,0.00566053
2025-01-08 17:00:00+00:00,4400.3225,25.56468962,0.99300862,0.9776066,0.00879525,0.0,0.00585746
2025-01-08 18:00:00+00:00,4376.265,25.59365395,0.99283972,0.97740055,0.00882614,0.0,0.00591652
2025-01-08 19:00:00+00:00,4334.93,25.6020487,0.9929018,0.97742403,0.00871775,0.0,0.00586531
2025-01-08 20:00:00+00:00,4278.45,25.82135267,0.99276388,0.97738957,0.00859517,0.0,0.00601193
2025-01-08 21:00:00+00:00,4232.4425,26.18196676,0.99295053,0.97714044,0.00878379,0.0,0.00615225
2025-01-08 22:00:00+00:00,4134.885,26.39268472,0.99293421,0.97682313,0.00895965,0.0,0.00617548
2025-01-08 23:00:00+00:00,4064.8625,26.47245098,0.9931941,0.97625418,0.00934796,0.0,0.00584469
2025-01-09 00:00:00+00:00,4009.4025,26.42688093,0.99306103,0.97615479,0.00941106,0.0,0.00592076
2025-01-09 01:00:00+00:00,3969.6025,26.462612,0.99329041,0.97626032,0.00944888,0.0,0.00583012
2025-01-09 02:00:00+00:00,3950.7475,26.45754471,0.9929357,0.97573051,0.00965099,0.0,0.00602519
2025-01-09 03:00:00+00:00,3953.07,26.50951475,0.99266493,0.97537732,0.00986401,0.0,0.00627166
2025-01-09 04:00:00+00:00,3988.11,26.34757292,0.99272071,0.97538761,0.01030802,0.0,0.00625897
2025-01-09 05:00:00+00:00,4106.7875,26.04057608,0.99298077,0.97559399,0.0109711,0.0,0.0059452
2025-01-09 06:00:00+00:00,4338.4475,26.20032407,0.99269281,0.97450189,0.01157562,0.0,0.00598589
2025-01-09 07:00:00+00:00,4384.585,26.27313305,0.99299634,0.97570584,0.01051274,0.0,0.00589538
2025-01-09 08:00:00+00:00,4383.635,26.21635419,0.99302833,0.9765186,0.00983947,0.0,0.00583563
2025-01-09 09:00:00+00:00,4424.32,26.29857324,0.99277672,0.97580997,0.01013114,0.0,0.00594106
2025-01-09 10:00:00+00:00,4386.3825,26.50289968,0.99295789,0.97558398,0.01038277,0.0,0.00570694
2025-01-09 11:00:00+00:00,4302.4725,26.35563025,0.99318999,0.97651839,0.01006013,0.0,0.00547291
2025-01-09 12:00:00+00:00,4281.4775,26.45843471,0.99312232,0.97597534,0.0107274,0.0,0.00551619
2025-01-09 13:00:00+00:00,4321.475,26.16948487,0.99323488,0.97644021,0.01061843,0.0,0.00543512
2025-01-09 14:00:00+00:00,4349.76,25.85233678,0.99338198,0.97687578,0.01043536,0.0,0.00531779
2025-01-09 15:00:00+00:00,4377.15,26.17152436,0.99332686,0.97663866,0.01016595,0.0,0.00536531
2025-01-09 16:00:00+00:00,4330.6875,26.37275157,0.9932176,0.97621928,0.01031827,0.0,0.00545714
2025-01-09 17:00:00+00:00,4251.3125,26.4812587,0.99322953,0.97644642,0.00992502,0.0,0.00546901
2025-01-09 18:00:00+00:00,4220.25,26.5156198,0.99322763,0.97609756,0.01028407,0.0,0.00545629
2025-01-09 19:00:00+00:00,4210.715,26.59213411,0.99316368,0.97623822,0.00992553,0.0,0.00563928
2025-01-09 20:00:00+00:00,4149.3125,26.49084767,0.99279905,0.97609028,0.00985724,0.0,0.00601817
2025-01-09 21:00:00+00:00,4088.27,26.52320713,0.99256086,0.97571943,0.00999645,0.0,0.00617166
2025-01-09 22:00:00+00:00,4005.9625,26.38518954,0.99277385,0.97613264,0.00985486,0.0,0.00616288
2025-01-09 23:00:00+00:00,3955.75,26.59013246,0.99339563,0.97606191,0.01017047,0.0,0.00632032
2025-01-10 00:00:00+00:00,3867.57,26.52587888,0.99346343,0.97589578,0.01057276,0.0,0.00638888
2025-01-10 01:00:00+00:00,3844.795,26.55748411,0.99358584,0.97599857,0.01051355,0.0,0.00637864
2025-01-10 02:00:00+00:00,3844.895,26.57563531,0.99353146,0.97585832,0.01051786,0.0,0.00638
2025-01-10 03:00:00+00:00,3832.6525,26.67888906,0.9934073,0.97535379,0.01097814,0.0,0.00656778
2025-01-10 04:00:00+00:00,3884.5425,26.76070631,0.9936619,0.97606534,0.01037378,0.0,0.00632912
2025-01-10 05:00:00+00:00,4056.27,26.66569969,0.9937978,0.97684872,0.00992355,0.0,0.00613312
2025-01-10 06:00:00+00:00,4251.665,26.69639558,0.99381876,0.97618474,0.01065276,0.0,0.00602892
2025-01-10 07:00:00+00:00,4337.9375,26.6249549,0.9937597,0.97556675,0.01143536,0.0,0.006011
2025-01-10 08:00:00+00:00,4338.045,26.51310157,0.99376321,0.97570644,0.01134533,0.0,0.00592971
2025-01-10 09:00:00+00:00,4313.9775,26.42219188,0.99339977,0.9755793,0.01119485,0.0,0.00593312
2025-01-10 10:00:00+00:00,4291.1875,26.44472992,0.99395749,0.97634958,0.01085592,0.0,0.00548726
2025-01-10 11:00:00+00:00,4264.505,26.50905052,0.99335684,0.97658829,0.00983631,0.0,0.00609689
2025-01-10 12:00:00+00:00,4249.02,26.38610761,0.99322137,0.97611522,0.01043033,0.0,0.00600064
2025-01-10 13:00:00+00:00,4251.2225,26.51433065,0.99323499,0.9762303,0.01021519,0.0,0.00603402
2025-01-10 14:00:00+00:00,4244.455,26.48796328,0.99306056,0.9754994,0.01070295,0.0,0.00612904
2025-01-10 15:00:00+00:00,4279.2775,26.79024853,0.99298139,0.9747735,0.01071849,0.0,0.00632726
2025-01-10 16:00:00+00:00,4251.9625,26.7849587,0.99315865,0.9758936,0.01008335,0.0,0.00620664
2025-01-10 17:00:00+00:00,4208.4525,26.70103357,0.99322181,0.97600163,0.00999689,0.0,0.00618852
2025-01-10 18:00:00+00:00,4142.7175,26.57175642,0.99297662,0.97579793,0.0100672,0.0,0.00623186
2025-01-10 19:00:00+00:00,4097.3375,26.67819645,0.99270612,0.9746994,0.01067526,0.0,0.00644337
2025-01-10 20:00:00+00:00,4034.855,26.62720072,0.99314964,0.9756652,0.01026793,0.0,0.0063471
2025-01-10 21:00:00+00:00,3963.18,26.69117576,0.99320488,0.97535067,0.01031202,0.0,0.00648994
2025-01-10 22:00:00+00:00,3933.5125,26.66045105,0.99311049,0.97497808,0.01029732,0.0,0.00648559
2025-01-10 23:00:00+00:00,3889.275,26.6291373,0.99387187,0.97651524,0.00923643,0.0,0.00596935
2025-01-11 00:00:00+00:00,3840.165,26.36426415,0.99372129,0.97668119,0.00916281,0.0,0.00607691
2025-01-11 01:00:00+00:00,3794.7575,26.05742465,0.99315894,0.97602354,0.00936149,0.0,0.00655499
2025-01-11 02:00:00+00:00,3762.3,25.95371302,0.99295084,0.97586074,0.00963536,0.0,0.00668106
2025-01-11 03:00:00+00:00,3750.0675,26.02324583,0.99293003,0.97557085,0.00962206,0.0,0.0066489
2025-01-11 04:00:00+00:00,3745.865,26.02268597,0.99292951,0.97545699,0.00969367,0.0,0.00669609
2025-01-11 05:00:00+00:00,3755.525,25.79058933,0.99287558,0.97551124,0.00971747,0.0,0.00674943
2025-01-11 06:00:00+00:00,3831.8475,25.64814396,0.99290474,0.97587172,0.00956643,0.0,0.00671487
2025-01-11 07:00:00+00:00,3924.855,25.6849832,0.99303409,0.97613018,0.0094496,0.0,0.00658133
2025-01-11 08:00:00+00:00,4006.7075,25.41136519,0.993282,0.97702278,0.00921007,0.0,0.00639987
2025-01-11 09:00:00+00:00,4036.2525,24.98739373,0.99343763,0.97789122,0.00927229,0.0,0.00636873
2025-01-11 10:00:00+00:00,4005.7775,24.7263232,0.99335997,0.97807454,0.00951222,0.0,0.00643493
2025-01-11 11:00:00+00:00,4008.145,24.25172329,0.99359692,0.97896467,0.00943811,0.0,0.0061985
2025-01-11 12:00:00+00:00,4003.55,24.12270422,0.99365233,0.97941248,0.00933747,0.0,0.0061912
2025-01-11 13:00:00+00:00,4005.5775,24.14883085,0.99374145,0.9792197,0.00949639,0.0,0.00608208
2025-01-11 14:00:00+00:00,4019.045,24.2418566,0.9936519,0.97906441,0.00986173,0.0,0.00617348
2025-01-11 15:00:00+00:00,4061.1275,24.40603253,0.99351706,0.97797976,0.0109078,0.0,0.0063843
2025-01-11 16:00:00+00:00,4073.73,25.53387466,0.99334962,0.97701265,0.01012431,0.0,0.00662453
2025-01-11 17:00:00+00:00,4062.6525,25.9808214,0.99331803,0.97648663,0.01016027,0.0,0.00663703
2025-01-11 18:00:00+00:00,4033.44,25.92651428,0.99366809,0.97687857,0.00991083,0.0,0.00632261
2025-01-11 19:00:00+00:00,3979.6925,25.9168171,0.99388201,0.97687736,0.00997665,0.0,0.00611184
2025-01-11 20:00:00+00:00,3923.7175,25.61632272,0.99390639,0.97706137,0.00992351,0.0,0.00609361
2025-01-11 21:00:00+00:00,3888.885,25.57262995,0.99383644,0.97665527,0.00966903,0.0,0.00613638
2025-01-11 22:00:00+00:00,3835.285,25.03887139,0.99351151,0.97651944,0.00955422,0.0,0.00632201
2025-01-11 23:00:00+00:00,3761.98,24.11685063,0.99328515,0.97660677,0.0098279,0.0,0.00648548
2025-01-12 00:00:00+00:00,3712.42,23.61427168,0.99335086,0.97705865,0.01021187,0.0,0.00640991
2025-01-12 01:00:00+00:00,3697.965,23.61222402,0.99316101,0.97634031,0.00994239,0.0,0.0066232
2025-01-12 02:00:00+00:00,3683.975,23.77303537,0.99297203,0.97571766,0.01003651,0.0,0.00676501
2025-01-12 03:00:00+00:00,3643.7575,23.28871839,0.99305996,0.97654366,0.01012389,0.0,0.00669268
2025-01-12 04:00:00+00:00,3665.475,22.81247971,0.99321148,0.97699397,0.01025501,0.0,0.00657239
2025-01-12 05:00:00+00:00,3693.3825,22.40087962,0.99334116,0.97772235,0.01022794,0.0,0.00642053
2025-01-12 06:00:00+00:00,3738.205,22.02578584,0.99345035,0.97827802,0.01035793,0.0,0.00640728
2025-01-12 07:00:00+00:00,3813.06,22.5874198,0.99386473,0.97881523,0.00990395,0.0,0.00611727
2025-01-12 08:00:00+00:00,3898.0025,22.79693832,0.99412717,0.97948937,0.00941373,0.0,0.00586971
2025-01-12 09:00:00+00:00,3940.955,22.51744934,0.99415989,0.97949005,0.00951543,0.0,0.0058342
2025-01-12 10:00:00+00:00,3950.81,21.86987651,0.99462095,0.98073331,0.00960221,0.0,0.00536277
2025-01-12 11:00:00+00:00,3943.0925,21.84226796,0.99474352,0.98098151,0.00936778,0.0,0.00524211
2025-01-12 12:00:00+00:00,3935.5425,21.86572684,0.99475427,0.98110307,0.00937649,0.0,0.00523433
2025-01-12 13:00:00+00:00,3931.12,22.59972748,0.99405857,0.97780657,0.01047286,0.0,0.00586944
2025-01-12 14:00:00+00:00,4010.9975,23.29147914,0.99421234,0.97699127,0.01048604,0.0,0.0057654
2025-01-12 15:00:00+00:00,4050.7925,22.92886913,0.99453232,0.97807091,0.01034132,0.0,0.00545634
2025-01-12 16:00:00+00:00,4058.845,22.89587656,0.99458018,0.97858735,0.00978162,0.0,0.0054177
2025-01-12 17:00:00+00:00,4046.355,23.14709887,0.99426553,0.9776234,0.01012782,0.0,0.0057281
2025-01-12 18:00:00+00:00,4037.635,23.91992322,0.99339885,0.9759723,0.01018409,0.0,0.00659824
2025-01-12 19:00:00+00:00,4011.125,24.38992507,0.99303854,0.97415882,0.01118885,0.0,0.00694239
2025-01-12 20:00:00+00:00,3926.49,24.18850452,0.99328472,0.97535766,0.01091976,0.0,0.00670313
2025-01-12 21:00:00+00:00,3900.85,23.68879399,0.99361429,0.97732824,0.00986358,0.0,0.00638571
2025-01-12 22:00:00+00:00,3799.0625,22.94820953,0.99358874,0.97799147,0.00985659,0.0,0.00641126
2025-01-12 23:00:00+00:00,3684.3,22.73759262,0.99331974,0.97881494,0.00885899,0.0,0.00668026
2025-01-13 00:00:00+00:00,3636.995,22.8046606,0.99295211,0.97794165,0.00888975,0.0,0.00704442
2025-01-13 01:00:00+00:00,3582.555,22.78885852,0.99234123,0.97640198,0.00938277,0.0,0.00751454
2025-01-13 02:00:00+00:00,3554.925,22.02596334,0.99252289,0.97777376,0.00949917,0.0,0.00729611
2025-01-13 03:00:00+00:00,3574.8375,21.66126547,0.99292514,0.9789812,0.00941527,0.0,0.00692707
2025-01-13 04:00:00+00:00,3613.125,21.5703204,0.99301499,0.98029234,0.00921501,0.0,0.00688317
2025-01-13 05:00:00+00:00,3778.0175,20.55397073,0.9936435,0.9843559,0.00736595,7.55e-06,0.0063149
2025-01-13 06:00:00+00:00,3974.485,21.13011123,0.99384222,0.98309486,0.00741559,4.23e-06,0.00602719
2025-01-13 07:00:00+00:00,4058.855,20.389782,0.99442059,0.98697944,0.00555667,2.565e-05,0.00555802
2025-01-13 08:00:00+00:00,4025.155,20.41647431,0.99438704,0.98667465,0.00555283,5.912e-05,0.00557521
2025-01-13 09:00:00+00:00,3983.455,20.3582227,0.99430786,0.98657463,0.00560887,3.153e-05,0.00566854
2025-01-13 10:00:00+00:00,4018.345,20.39565361,0.99418288,0.98627876,0.00583779,0.0,0.0058031
2025-01-13 11:00:00+00:00,4011.1375,20.59464031,0.99391575,0.98527432,0.0064931,0.0,0.00604868
2025-01-13 12:00:00+00:00,3965.6775,21.47961384,0.99367408,0.98402112,0.00646075,0.0,0.00624006
2025-01-13 13:00:00+00:00,3982.4525,21.5657809,0.99405477,0.9849751,0.00560633,0.0,0.00586034
2025-01-13 14:00:00+00:00,3976.9475,21.20629178,0.99419304,0.98544857,0.00542593,0.0,0.00562686
2025-01-13 15:00:00+00:00,3963.895,20.22076393,0.99439072,0.98712247,0.00561906,7.49e-06,0.00552846
2025-01-13 16:00:00+00:00,3743.59,19.4345705,0.99426317,0.98805252,0.00589081,3.1e-06,0.00558521
2025-01-13 17:00:00+00:00,3638.785,18.96783706,0.99420203,0.98809571,0.00610633,0.0,0.00572826
2025-01-13 18:00:00+00:00,3603.9225,19.87588484,0.99396349,0.9863757,0.00592226,3.823e-05,0.0058599
2025-01-13 19:00:00+00:00,3566.285,20.18922882,0.99381907,0.98595112,0.0056104,8.15e-05,0.00588089
2025-01-13 20:00:00+00:00,3502.1475,20.91990016,0.99345986,0.98447395,0.00526749,0.00025443,0.0061212
2025-01-13 21:00:00+00:00,3414.9675,20.55840679,0.99339233,0.98427755,0.00528207,0.00033454,0.00623233
2025-01-13 22:00:00+00:00,3291.9325,20.07056614,0.99331196,0.98564121,0.00557427,0.00010632,0.00641379
2025-01-13 23:00:00+00:00,3192.09,19.16798585,0.99328001,0.99105209,0.00064799,0.00026459,0.00635224
2025-01-14 00:00:00+00:00,3103.9325,19.16775729,0.99308684,0.99154163,0.00013086,0.00028896,0.00654316
2025-01-14 01:00:00+00:00,3066.9775,19.31969368,0.99291268,0.99131418,0.0,0.00038106,0.00663045
2025-01-14 02:00:00+00:00,3051.87,20.10323056,0.99239407,0.98922253,0.0,0.00060927,0.00695389
2025-01-14 03:00:00+00:00,3054.5825,20.05599776,0.99235316,0.98914074,0.0,0.00032564,0.00711057
2025-01-14 04:00:00+00:00,3088.205,20.09094527,0.99261833,0.98955832,0.0,0.00012431,0.00696918
2025-01-14 05:00:00+00:00,3275.4925,20.66227504,0.99325103,0.98950565,0.0,1.834e-05,0.00644412
2025-01-14 06:00:00+00:00,3483.4,20.55217973,0.99376414,0.99057293,0.0,0.0,0.00598029
2025-01-14 07:00:00+00:00,3589.6175,19.33388307,0.993997,0.99245881,0.0003124,0.0,0.00579145
2025-01-14 08:00:00+00:00,3495.1125,19.10183917,0.99395769,0.9911384,0.00230865,0.0,0.00585019
2025-01-14 09:00:00+00:00,3501.235,20.282446,0.99371057,0.98933507,0.00218707,1.536e-05,0.00599737
2025-01-14 10:00:00+00:00,3557.7075,20.82227527,0.99352797,0.98926656,0.00228713,2.522e-05,0.00613958
2025-01-14 11:00:00+00:00,3547.93,21.1840092,0.99357695,0.98933799,0.00234767,3.078e-05,0.0061153
2025-01-14 12:00:00+00:00,3528.3275,21.68339004,0.99356487,0.98907482,0.00237923,4.88e-05,0.00619868
2025-01-14 13:00:00+00:00,3535.805,22.03998083,0.99329536,0.98796304,0.00233269,0.00011074,0.00636238
2025-01-14 14:00:00+00:00,3564.7,21.44432175,0.9936731,0.98958336,0.00226937,7.584e-05,0.00609322
2025-01-14 15:00:00+00:00,3616.95,21.5063405,0.99379425,0.98997616,0.00236469,5.098e-05,0.00610713
2025-01-14 16:00:00+00:00,3589.6175,21.83561599,0.99380732,0.98961905,0.00224983,6.287e-05,0.006126
2025-01-14 17:00:00+00:00,3518.9075,21.3546261,0.99334148,0.98968539,0.00251409,3.534e-05,0.00656278
2025-01-14 18:00:00+00:00,3514.1275,24.05484032,0.99248718,0.98441115,0.00253336,0.00015586,0.00718929
2025-01-14 19:00:00+00:00,3493.3225,25.04179319,0.99203253,0.98317697,0.00132078,0.00011059,0.00758826
2025-01-14 20:00:00+00:00,3497.345,24.576601,0.99246234,0.98392935,0.00069172,0.0,0.00726314
2025-01-14 21:00:00+00:00,3437.93,24.37147217,0.9923649,0.98354815,0.00067423,0.0,0.00735835
2025-01-14 22:00:00+00:00,3329.4425,25.40948654,0.99192056,0.9822139,0.00058315,0.0,0.00776334
2025-01-14 23:00:00+00:00,3294.0625,24.8857828,0.99172733,0.98248317,0.00057862,0.0,0.00790631
2025-01-15 00:00:00+00:00,3257.3375,24.83619136,0.99152027,0.9823468,0.00061485,0.0,0.00816126
2025-01-15 01:00:00+00:00,3239.505,24.65269725,0.99160562,0.98229563,0.00064093,0.0,0.00818058
2025-01-15 02:00:00+00:00,3239.18,24.99288802,0.99176923,0.98238927,0.00066127,0.0,0.00802928
2025-01-15 03:00:00+00:00,3264.7725,23.50262535,0.99224145,0.98436287,0.00058587,0.0,0.00755466
2025-01-15 04:00:00+00:00,3309.0825,22.09789722,0.9929934,0.98821164,0.00055394,0.0,0.00662384
2025-01-15 05:00:00+00:00,3456.9325,21.60333255,0.99329443,0.98883619,0.0005161,0.0,0.00627358
2025-01-15 06:00:00+00:00,3659.88,21.40650937,0.99380289,0.98954883,0.00047776,0.0,0.00590327
2025-01-15 07:00:00+00:00,3672.445,20.91772678,0.99360313,0.98888508,0.00168824,0.0,0.00586808
2025-01-15 08:00:00+00:00,3685.7275,21.07154477,0.99257328,0.98672512,0.00310799,2e-06,0.00672479
2025-01-15 09:00:00+00:00,3631.0675,23.48086277,0.99134941,0.98033432,0.0065911,1.199e-05,0.00738005
2025-01-15 10:00:00+00:00,3606.995,23.25358871,0.99160368,0.98198277,0.00535936,0.0,0.00730347
2025-01-15 11:00:00+00:00,3592.34,22.91795969,0.99155886,0.98436564,0.00340077,0.0,0.00730061
2025-01-15 12:00:00+00:00,3580.86,23.53351513,0.99159391,0.98194121,0.00423346,0.0,0.00746597
2025-01-15 13:00:00+00:00,3646.49,23.80779227,0.99173625,0.98141622,0.00447633,0.0,0.00734154
2025-01-15 14:00:00+00:00,3679.5525,22.10157366,0.99206914,0.98280237,0.0049795,0.0,0.00705672
2025-01-15 15:00:00+00:00,3715.5225,21.25757977,0.9923923,0.98552318,0.00308138,0.0,0.00685843
2025-01-15 16:00:00+00:00,3647.84,20.98198736,0.99232506,0.98612154,0.00269363,0.0,0.00691081
2025-01-15 17:00:00+00:00,3592.675,20.73727804,0.99289419,0.98745669,0.00243659,0.0,0.00666454
2025-01-15 18:00:00+00:00,3564.7925,21.15928946,0.9932553,0.98726834,0.00228801,1.052e-05,0.00636733
2025-01-15 19:00:00+00:00,3516.6175,20.99461064,0.99299392,0.98692125,0.00229224,0.00010201,0.00643229
2025-01-15 20:00:00+00:00,3492.89,19.46287644,0.99341399,0.98918272,0.00214742,2.883e-05,0.00599747
2025-01-15 21:00:00+00:00,3376.0525,20.30307488,0.99317065,0.98789988,0.00218598,2.797e-05,0.00627691
2025-01-15 22:00:00+00:00,3321.56,20.8718692,0.99277728,0.98625526,0.00236575,0.00019557,0.00673122
2025-01-15 23:00:00+00:00,3216.8025,20.31689477,0.99225715,0.98589578,0.00254798,0.0002796,0.00673846
2025-01-16 00:00:00+00:00,3145.39,20.31991751,0.99202797,0.98559058,0.00269743,0.00018105,0.00689911
2025-01-16 01:00:00+00:00,3130.1,20.06938111,0.99197104,0.98598772,0.00272603,5.805e-05,0.00698466
2025-01-16 02:00:00+00:00,3124.5875,20.28691604,0.99149085,0.98551969,0.00286985,0.0,0.00733352
2025-01-16 03:00:00+00:00,3130.7425,20.43381722,0.99148604,0.98550813,0.00280057,0.0,0.00720152
2025-01-16 04:00:00+00:00,3168.1525,21.38697734,0.99134573,0.98380312,0.00272281,0.00012324,0.0072988
2025-01-16 05:00:00+00:00,3327.155,21.30775609,0.99197512,0.98479154,0.00260095,0.0,0.00703557
2025-01-16 06:00:00+00:00,3531.45,19.65820029,0.99310625,0.98856376,0.00244893,0.0,0.00625786
2025-01-16 07:00:00+00:00,3560.0425,19.21376241,0.99356374,0.99004868,0.00245209,4.91e-06,0.00609922
2025-01-16 08:00:00+00:00,3557.78,20.01463859,0.9932135,0.9883806,0.00236814,1.926e-05,0.00618507
2025-01-16 09:00:00+00:00,3555.625,20.43455075,0.99235698,0.98716101,0.00239355,0.0,0.00617143
2025-01-16 10:00:00+00:00,3559.9975,20.34171597,0.99255983,0.98732923,0.00236387,2.914e-05,0.00613275
2025-01-16 11:00:00+00:00,3564.9875,20.76868679,0.99230938,0.98611296,0.00233364,0.00020712,0.00620942
2025-01-16 12:00:00+00:00,3550.0625,21.69721732,0.99206396,0.98412975,0.0023902,0.00042652,0.00637068
2025-01-16 13:00:00+00:00,3529.345,21.41907325,0.99243289,0.98501124,0.00238994,0.00038425,0.00640371
2025-01-16 14:00:00+00:00,3552.14,21.51641744,0.99226515,0.98479978,0.00245544,0.00018342,0.00654849
2025-01-16 15:00:00+00:00,3621.13,21.04882686,0.99258677,0.9859262,0.00233866,7.149e-05,0.00629729
2025-01-16 16:00:00+00:00,3595.3475,21.1805215,0.99244164,0.98608332,0.00241936,7.76e-05,0.00636577
2025-01-16 17:00:00+00:00,3580.2225,21.85493622,0.99190953,0.98485546,0.00245919,9.504e-05,0.00663467
2025-01-16 18:00:00+00:00,3551.7925,22.10356524,0.9918338,0.98421948,0.00240123,0.00022374,0.00662126
2025-01-16 19:00:00+00:00,3526.725,21.93680079,0.99170321,0.98402639,0.00236578,0.00063458,0.00642299
2025-01-16 20:00:00+00:00,3481.4975,21.3453775,0.99191398,0.98507087,0.00237706,0.00049441,0.00636047
2025-01-16 21:00:00+00:00,3413.5375,21.30021312,0.99203785,0.985285,0.00242398,0.00050571,0.0064416
2025-01-16 22:00:00+00:00,3342.4525,21.51541957,0.99169638,0.98410599,0.00242247,0.00088213,0.00656897
2025-01-16 23:00:00+00:00,3288.605,21.58464914,0.99131025,0.98292891,0.00253109,0.00078189,0.00688695
2025-01-17 00:00:00+00:00,3230.1425,21.28775346,0.9914433,0.98335163,0.00254028,0.0004987,0.0069881
2025-01-17 01:00:00+00:00,3172.2125,21.3709798,0.99137229,0.98321543,0.00257157,0.00020421,0.00706434
2025-01-17 02:00:00+00:00,3141.7025,21.27166106,0.99141307,0.98373731,0.00263639,0.0,0.00711322
2025-01-17 03:00:00+00:00,3156.6925,21.53642304,0.9915085,0.98376482,0.0026117,0.0,0.00710659
2025-01-17 04:00:00+00:00,3202.2325,22.46567107,0.99162659,0.98310914,0.00251874,0.0,0.00702338
2025-01-17 05:00:00+00:00,3325.6225,23.5549642,0.99159515,0.98208164,0.00243319,0.0,0.00699894
2025-01-17 06:00:00+00:00,3556.8875,24.3307642,0.9920278,0.98185286,0.00235761,0.0,0.00681763
2025-01-17 07:00:00+00:00,3619.38,24.67496497,0.99196061,0.98128495,0.00240812,0.0,0.00712868
2025-01-17 08:00:00+00:00,3638.7075,24.98658719,0.99175338,0.98096471,0.00239002,1.08e-06,0.00698735
2025-01-17 09:00:00+00:00,3635.065,24.19084417,0.99208759,0.98232621,0.00233058,8e-07,0.00661661
2025-01-17 10:00:00+00:00,3635.575,22.61674187,0.99267315,0.98486132,0.00227852,6.1e-07,0.00626251
2025-01-17 11:00:00+00:00,3627.665,22.72405656,0.99240766,0.98401813,0.00221517,6.6e-07,0.00630234
2025-01-17 12:00:00+00:00,3600.7425,22.67719873,0.99231466,0.98358086,0.00224117,0.0,0.0063076
2025-01-17 13:00:00+00:00,3581.815,22.7342888,0.99246524,0.98442896,0.00234481,0.0,0.00674426
2025-01-17 14:00:00+00:00,3518.5825,23.99245654,0.99121199,0.98261895,0.00243584,0.0,0.00759337
2025-01-17 15:00:00+00:00,3529.88,24.34625536,0.99073461,0.98200218,0.00245408,0.0,0.00763491
2025-01-17 16:00:00+00:00,3517.4675,23.94132193,0.99069129,0.98268355,0.00247642,3.946e-05,0.00743323
2025-01-17 17:00:00+00:00,3371.46,23.0997959,0.99092245,0.98335686,0.00250761,0.0,0.00742824
2025-01-17 18:00:00+00:00,3344.875,22.52307864,0.99114579,0.98392055,0.0025992,0.00017707,0.00743099
2025-01-17 19:00:00+00:00,3321.8225,22.1713326,0.99142808,0.98441365,0.00255383,0.00046547,0.00715407
2025-01-17 20:00:00+00:00,3291.395,23.28919577,0.99103016,0.98265151,0.00249203,0.00061938,0.00741817
2025-01-17 21:00:00+00:00,3242.335,22.64556373,0.99116162,0.98325693,0.00255419,0.00052633,0.00744033
2025-01-17 22:00:00+00:00,3190.445,22.56465663,0.99097763,0.98310892,0.00255799,0.00047667,0.0074843
2025-01-17 23:00:00+00:00,3094.94,21.48096175,0.9921721,0.98572473,0.00251678,0.00043655,0.00698889
2025-01-18 00:00:00+00:00,3101.205,21.0788244,0.99282748,0.98748826,0.00251955,0.00025009,0.00678686
2025-01-18 01:00:00+00:00,3066.075,21.66665822,0.99242388,0.98586677,0.00257158,0.00026781,0.00727852
2025-01-18 02:00:00+00:00,3062.9525,22.05513419,0.99230211,0.98525283,0.00256901,0.00036463,0.00734564
2025-01-18 03:00:00+00:00,3048.8725,22.43347352,0.99178411,0.98368081,0.00259041,0.00075994,0.00753683
2025-01-18 04:00:00+00:00,3052.185,22.81439421,0.99127504,0.98226778,0.00267504,0.00085755,0.00792744
2025-01-18 05:00:00+00:00,3110.6625,23.80989994,0.9907903,0.98053028,0.00268844,0.00110206,0.00823507
2025-01-18 06:00:00+00:00,3169.4675,24.19780073,0.991585,0.98273646,0.00267901,0.00042555,0.00795369
2025-01-18 07:00:00+00:00,3258.81,25.23861469,0.99144732,0.98171534,0.0026443,0.00014797,0.00832215
2025-01-18 08:00:00+00:00,3296.4525,25.39775226,0.99152691,0.98191271,0.00259424,0.00010646,0.00813177
2025-01-18 09:00:00+00:00,3366.985,25.45837311,0.9914424,0.98202482,0.00256249,0.0,0.00808188
2025-01-18 10:00:00+00:00,3428.1475,25.65120504,0.99149439,0.98161818,0.00250049,0.0,0.00810966
2025-01-18 11:00:00+00:00,3459.2,25.77365011,0.99146145,0.98110033,0.00246068,0.0,0.00813279
2025-01-18 12:00:00+00:00,3423.845,25.31963724,0.99142875,0.98140872,0.00252245,0.0,0.0081884
2025-01-18 13:00:00+00:00,3422.795,24.46066764,0.99153459,0.98228498,0.00252485,0.0,0.00794303
2025-01-18 14:00:00+00:00,3484.6025,23.58361323,0.99159609,0.98305683,0.00253629,0.0,0.00774985
2025-01-18 15:00:00+00:00,3565.28,22.49455634,0.99266776,0.98587522,0.00228154,0.0,0.00674275
2025-01-18 16:00:00+00:00,3613.1025,22.40047492,0.99238436,0.98524584,0.00216534,0.0,0.0068389
2025-01-18 17:00:00+00:00,3610.7025,22.12484107,0.99208667,0.98645239,0.00057581,0.0,0.00695806
2025-01-18 18:00:00+00:00,3602.91,22.25255349,0.99247984,0.98477856,0.00232668,0.0,0.00681801
2025-01-18 19:00:00+00:00,3548.9325,22.61388714,0.99191995,0.98365513,0.00243599,0.0,0.0073821
2025-01-18 20:00:00+00:00,3499.11,23.13111799,0.9918159,0.9827795,0.00238496,0.0,0.00757002
2025-01-18 21:00:00+00:00,3416.7925,23.63796387,0.99144877,0.98164432,0.00244542,0.0,0.00789448
2025-01-18 22:00:00+00:00,3386.9725,23.37980913,0.99152458,0.98210353,0.00244026,0.0,0.00787175
2025-01-18 23:00:00+00:00,3347.4725,23.43275819,0.99154314,0.98167696,0.00243062,5.668e-05,0.00800914
2025-01-19 00:00:00+00:00,3283.155,24.12964189,0.99101973,0.98020635,0.00257782,0.00014216,0.00848372
2025-01-19 01:00:00+00:00,3252.685,24.25495234,0.99060406,0.97943849,0.00263427,0.00021429,0.00869893
2025-01-19 02:00:00+00:00,3226.7725,24.38867704,0.9905561,0.97958965,0.00264559,0.00019116,0.00865817
2025-01-19 03:00:00+00:00,3194.69,24.86215863,0.98997912,0.97816802,0.00269778,0.00025493,0.0090529
2025-01-19 04:00:00+00:00,3169.2075,24.72475816,0.99025422,0.97894832,0.00271836,0.00022241,0.00892934
2025-01-19 05:00:00+00:00,3154.4375,24.06472055,0.99052845,0.98039783,0.00273703,0.00017003,0.00860808
2025-01-19 06:00:00+00:00,3200.215,23.58666024,0.99047282,0.98079061,0.00275789,7.285e-05,0.00851225
2025-01-19 07:00:00+00:00,3299.2175,23.85932813,0.99072478,0.98064834,0.00274938,0.0,0.00865282
2025-01-19 08:00:00+00:00,3392.35,22.62798999,0.99166405,0.98280386,0.00252362,0.0,0.00801755
2025-01-19 09:00:00+00:00,3452.6275,21.46720835,0.99230736,0.98509613,0.00239359,0.0,0.00726199
2025-01-19 10:00:00+00:00,3458.995,22.2677436,0.99204002,0.98407702,0.00241564,0.0,0.00751784
2025-01-19 11:00:00+00:00,3466.2575,22.78978932,0.9921489,0.98418389,0.0024382,1.087e-05,0.00755134
2025-01-19 12:00:00+00:00,3442.12,24.19389951,0.99117587,0.98175193,0.00252171,4.271e-05,0.00817156
2025-01-19 13:00:00+00:00,3456.0575,25.23281445,0.99067374,0.98023086,0.00257818,3.436e-05,0.00859467
2025-01-19 14:00:00+00:00,3538.66,25.67214084,0.99085524,0.98067503,0.00252179,0.0,0.00841279
2025-01-19 15:00:00+00:00,3574.29,25.98347086,0.99121132,0.98118461,0.0024392,0.0,0.00819098
2025-01-19 16:00:00+00:00,3595.0075,25.84730369,0.99154714,0.98150554,0.0032323,0.0,0.00776426
2025-01-19 17:00:00+00:00,3544.5725,26.04397712,0.99138957,0.9809621,0.00354557,0.0,0.00786406
2025-01-19 18:00:00+00:00,3540.3525,26.21011414,0.99163041,0.98235915,0.00230498,0.0,0.00775062
2025-01-19 19:00:00+00:00,3578.87,26.1866679,0.99174623,0.98242816,0.0022124,0.0,0.0075865
2025-01-19 20:00:00+00:00,3563.5375,25.80097625,0.99197383,0.98309743,0.00215454,0.0,0.00730583
2025-01-19 21:00:00+00:00,3521.6325,26.22664443,0.9916285,0.98200686,0.00219137,0.0,0.0076892
2025-01-19 22:00:00+00:00,3432.355,26.40030588,0.99160798,0.98182311,0.00228322,0.0,0.00787425
2025-01-19 23:00:00+00:00,3372.9675,26.13573253,0.9910851,0.97951738,0.00415868,0.0,0.00772894
2025-01-20 00:00:00+00:00,3328.605,26.10617508,0.99079433,0.97544901,0.00735425,0.0,0.00824225
2025-01-20 01:00:00+00:00,3310.0475,25.92429181,0.99090442,0.97226688,0.01023292,0.0,0.00840798
2025-01-20 02:00:00+00:00,3302.71,25.42073167,0.9908659,0.97325972,0.00935105,0.0,0.00850632
2025-01-20 03:00:00+00:00,3296.175,24.83690913,0.99087878,0.97497411,0.00825926,0.0,0.00834571
2025-01-20 04:00:00+00:00,3375.3225,23.80996767,0.99161516,0.97701028,0.00838695,0.0,0.00768956
2025-01-20 05:00:00+00:00,3540.9075,23.48131444,0.99193774,0.97873334,0.00760512,0.0,0.00716285
2025-01-20 06:00:00+00:00,3779.525,23.44793956,0.99173333,0.97633551,0.00902459,0.0,0.00729051
2025-01-20 07:00:00+00:00,3870.085,22.76101955,0.99248536,0.97888208,0.00892888,0.0,0.00658154
2025-01-20 08:00:00+00:00,3874.225,22.71391223,0.99267768,0.97935304,0.00923018,0.0,0.00645016
2025-01-20 09:00:00+00:00,3858.4725,23.11510978,0.99273655,0.97956474,0.00884765,0.0,0.00637738
2025-01-20 10:00:00+00:00,3850.28,22.99111916,0.99252794,0.97916697,0.00913883,0.0,0.00629458
2025-01-20 11:00:00+00:00,3838.29,23.68294606,0.99215626,0.97766058,0.00966767,0.0,0.00650454
2025-01-20 12:00:00+00:00,3837.4475,24.46666651,0.99143324,0.97514457,0.01035661,0.0,0.00717348
2025-01-20 13:00:00+00:00,3846.5475,24.84027406,0.99134031,0.97493187,0.01024188,0.0,0.00723332
2025-01-20 14:00:00+00:00,3890.37,25.06606376,0.99122085,0.97542426,0.00945051,0.0,0.00718455
2025-01-20 15:00:00+00:00,3934.9775,25.61816402,0.99082541,0.97506639,0.00874141,0.0,0.00766793
2025-01-20 16:00:00+00:00,3868.7075,25.87875255,0.99047916,0.97375601,0.00933423,0.0,0.00801099
2025-01-20 17:00:00+00:00,3834.2575,25.86235714,0.990591,0.97407061,0.00927738,0.0,0.00791993
2025-01-20 18:00:00+00:00,3837.625,25.88518828,0.99074022,0.97436073,0.0091642,0.0,0.00779554
2025-01-20 19:00:00+00:00,3788.0,25.66451796,0.9909216,0.97484656,0.00921601,0.0,0.00762565
2025-01-20 20:00:00+00:00,3750.7675,25.3692414,0.99127522,0.97458764,0.01036027,0.0,0.00730948
2025-01-20 21:00:00+00:00,3682.9525,25.18824254,0.99110529,0.97400793,0.01070259,0.0,0.0075003
2025-01-20 22:00:00+00:00,3616.2275,25.1602162,0.99064407,0.97242868,0.01120518,0.0,0.00795847
2025-01-20 23:00:00+00:00,3539.835,24.79690007,0.99140882,0.97394155,0.01059915,0.0,0.00757028
2025-01-21 00:00:00+00:00,3451.1625,24.54103332,0.9916747,0.97445628,0.01067776,0.0,0.00744492
2025-01-21 01:00:00+00:00,3413.53,24.41372062,0.99184221,0.97468255,0.01068805,1.233e-05,0.00746776
2025-01-21 02:00:00+00:00,3421.9075,24.11703538,0.99206071,0.97513348,0.01077661,3.761e-05,0.00750081
2025-01-21 03:00:00+00:00,3444.3425,23.89974594,0.99227308,0.97586203,0.01064055,0.0,0.00731907
2025-01-21 04:00:00+00:00,3481.0625,23.76804134,0.99219838,0.97621877,0.01067279,3.975e-05,0.00719351
2025-01-21 05:00:00+00:00,3660.84,23.79988409,0.99240007,0.97687467,0.0102158,4.02e-05,0.00695064
2025-01-21 06:00:00+00:00,3859.785,23.82032711,0.99323537,0.97781807,0.01015031,9.198e-05,0.00672339
2025-01-21 07:00:00+00:00,3978.3825,23.95151142,0.99301869,0.97681642,0.01043158,0.00013514,0.00691549
2025-01-21 08:00:00+00:00,3929.8875,24.24434045,0.99289717,0.9765642,0.01030355,0.00019001,0.00701822
2025-01-21 09:00:00+00:00,3946.835,24.3707916,0.99314518,0.97714784,0.01016228,0.00016579,0.00678452
2025-01-21 10:00:00+00:00,3960.07,24.03217672,0.99337403,0.97842062,0.00972665,0.00010593,0.00658004
2025-01-21 11:00:00+00:00,3969.64,23.8760465,0.99342899,0.97875862,0.00963799,0.00010024,0.00652772
2025-01-21 12:00:00+00:00,3968.2575,24.10278367,0.99348446,0.97895949,0.00937161,8.665e-05,0.0064795
2025-01-21 13:00:00+00:00,3981.43,24.15909995,0.99330872,0.97850069,0.00951811,6.219e-05,0.00666631
2025-01-21 14:00:00+00:00,4012.21,24.1929363,0.9932927,0.97843682,0.0095232,4.05e-05,0.00669126
2025-01-21 15:00:00+00:00,4056.315,24.16427091,0.9934013,0.97865942,0.00932626,5.11e-06,0.00659661
2025-01-21 16:00:00+00:00,4039.3025,24.31009487,0.99332613,0.97816487,0.00931146,0.0,0.00667387
2025-01-21 17:00:00+00:00,4013.0925,24.3626217,0.99321458,0.97785319,0.00940942,0.0,0.00678542
2025-01-21 18:00:00+00:00,3984.8525,24.38567312,0.9932108,0.9779048,0.00954395,0.0,0.0067892
2025-01-21 19:00:00+00:00,3952.3825,24.54033605,0.9930134,0.97723394,0.00976603,0.0,0.0069866
2025-01-21 20:00:00+00:00,3904.59,24.69553877,0.99297802,0.97708217,0.00982669,0.0,0.00702198
2025-01-21 21:00:00+00:00,3834.1975,25.10830843,0.99246557,0.9751983,0.01038593,0.0,0.00753443
2025-01-21 22:00:00+00:00,3725.1225,25.07324727,0.99244377,0.97522683,0.0106832,0.0,0.00755623
2025-01-21 23:00:00+00:00,3628.75,25.32192432,0.99278224,0.97623353,0.01006661,0.0,0.00721776
2025-01-22 00:00:00+00:00,3551.5425,25.29923407,0.99282219,0.97646901,0.01010105,0.0,0.00717781
2025-01-22 01:00:00+00:00,3510.945,25.43887364,0.99281944,0.9765126,0.01010542,0.0,0.00718056
2025-01-22 02:00:00+00:00,3491.2575,25.77439587,0.99241446,0.97567767,0.01034253,0.0,0.00758554
2025-01-22 03:00:00+00:00,3490.675,25.85929686,0.99247827,0.97580849,0.01033049,0.0,0.00752173
2025-01-22 04:00:00+00:00,3528.4475,25.91287797,0.99262248,0.97620092,0.01011611,0.0,0.00737752
2025-01-22 05:00:00+00:00,3641.2675,26.05599295,0.9926226,0.97600639,0.01006692,0.0,0.0073774
2025-01-22 06:00:00+00:00,3836.92,26.1052116,0.99278633,0.97628241,0.00998997,0.0,0.00721202
2025-01-22 07:00:00+00:00,3910.3575,26.14322891,0.99286037,0.97665563,0.00968107,0.0,0.00713963
2025-01-22 08:00:00+00:00,3889.805,26.37381262,0.99278041,0.97629407,0.00977531,0.0,0.00721959
2025-01-22 09:00:00+00:00,3881.7475,26.5179454,0.99259496,0.97541812,0.01038813,0.0,0.00739433
2025-01-22 10:00:00+00:00,3880.8375,26.7221119,0.99264404,0.97553506,0.01025418,0.0,0.00735596
2025-01-22 11:00:00+00:00,3877.54,26.80075675,0.99264976,0.97542963,0.01042251,0.0,0.00734296
2025-01-22 12:00:00+00:00,3855.41,26.93012006,0.99250076,0.97496103,0.01063166,0.0,0.00748854
2025-01-22 13:00:00+00:00,3864.0,26.99880734,0.99234767,0.97337322,0.01199072,0.0,0.00758133
2025-01-22 14:00:00+00:00,3900.0725,26.95917119,0.99242211,0.97180399,0.01383576,0.0,0.00746334
2025-01-22 15:00:00+00:00,3908.185,26.90484077,0.99259591,0.9727673,0.0133476,0.0,0.00730385
2025-01-22 16:00:00+00:00,3882.5625,27.02194794,0.9926241,0.97410006,0.01185696,0.0,0.00732472
2025-01-22 17:00:00+00:00,3874.1575,27.05803894,0.99263463,0.97441109,0.01147238,0.0,0.00732613
2025-01-22 18:00:00+00:00,3851.6325,26.99054361,0.99261679,0.9742168,0.01175066,0.0,0.00733485
2025-01-22 19:00:00+00:00,3840.6475,27.08951532,0.99255393,0.97454838,0.01109755,0.0,0.00742447
2025-01-22 20:00:00+00:00,3799.955,27.20719655,0.99241311,0.97453911,0.01069989,0.0,0.00758148
2025-01-22 21:00:00+00:00,3694.0375,27.1606298,0.99235126,0.97430739,0.01092736,0.0,0.00764874
2025-01-22 22:00:00+00:00,3609.6575,27.14059227,0.99220394,0.97291532,0.01217108,0.0,0.00776533
2025-01-22 23:00:00+00:00,3576.2025,26.91025005,0.99088918,0.97229653,0.01175278,0.0,0.00775986
2025-01-23 00:00:00+00:00,3511.8775,26.89586391,0.99093998,0.97262497,0.01139892,0.0,0.00779163
2025-01-23 01:00:00+00:00,3486.56,26.87148483,0.99099544,0.972628,0.0113698,0.0,0.00780449
2025-01-23 02:00:00+00:00,3478.2975,26.73889085,0.99100005,0.97270045,0.01122891,0.0,0.00777266
2025-01-23 03:00:00+00:00,3492.0775,26.4194921,0.99112019,0.9730801,0.01115129,0.0,0.00770168
2025-01-23 04:00:00+00:00,3539.1575,26.47451449,0.99126671,0.97309612,0.01107387,0.0,0.00769121
2025-01-23 05:00:00+00:00,3690.085,26.43807939,0.99141698,0.97358483,0.01090675,0.0,0.00747717
2025-01-23 06:00:00+00:00,3946.42,26.12849851,0.99150957,0.97369316,0.01116317,0.0,0.00712083
2025-01-23 07:00:00+00:00,4016.3725,26.0717455,0.99168287,0.97455787,0.01028215,0.0,0.00695307
2025-01-23 08:00:00+00:00,4019.4025,25.92098916,0.99157877,0.97365386,0.01106846,0.0,0.0070385
2025-01-23 09:00:00+00:00,4046.2,25.51698872,0.99172608,0.9747978,0.01030846,0.0,0.00694147
2025-01-23 10:00:00+00:00,4014.76,24.93202208,0.99201305,0.9758845,0.010055,0.0,0.00670258
2025-01-23 11:00:00+00:00,3977.445,24.38288202,0.99203264,0.97584598,0.01008215,0.0,0.0067363
2025-01-23 12:00:00+00:00,4007.3425,23.86739854,0.99201246,0.9756917,0.01024135,0.0,0.00681984
2025-01-23 13:00:00+00:00,4027.9375,23.58462853,0.99244021,0.97741946,0.00961996,0.0,0.00634499
2025-01-23 14:00:00+00:00,4107.1725,23.24373636,0.99265128,0.97847946,0.00938313,0.0,0.00612667
2025-01-23 15:00:00+00:00,4166.0725,23.01210999,0.99280092,0.97903004,0.00925267,0.0,0.00598781
2025-01-23 16:00:00+00:00,4151.19,22.80072316,0.99282845,0.97920235,0.00928412,0.0,0.00595616
2025-01-23 17:00:00+00:00,4116.2625,22.80926219,0.99282103,0.97918725,0.00936401,0.0,0.00595817
2025-01-23 18:00:00+00:00,4085.19,22.63150598,0.99281533,0.97928785,0.0094083,0.0,0.00595455
2025-01-23 19:00:00+00:00,4051.09,22.77976462,0.99281196,0.97898152,0.00946041,0.0,0.00595314
2025-01-23 20:00:00+00:00,3998.755,22.75868421,0.99275353,0.97882518,0.00947546,0.0,0.00600834
2025-01-23 21:00:00+00:00,3940.08,22.82195128,0.99268201,0.97841835,0.00951381,0.0,0.00607433
2025-01-23 22:00:00+00:00,3845.4025,22.57722474,0.99235194,0.97748576,0.0099934,0.0,0.0063444
2025-01-23 23:00:00+00:00,3776.9025,22.77427038,0.99249425,0.97773024,0.00971947,0.0,0.00623939
2025-01-24 00:00:00+00:00,3718.5375,22.63924679,0.99204916,0.9764676,0.010224,0.0,0.006617
2025-01-24 01:00:00+00:00,3677.625,22.50773397,0.99195975,0.97623271,0.01061489,0.0,0.00682195
2025-01-24 02:00:00+00:00,3636.2025,22.80246194,0.99183869,0.97575062,0.01069357,0.0,0.00689258
2025-01-24 03:00:00+00:00,3636.945,22.77586059,0.99188247,0.97597975,0.01056547,0.0,0.00683369
2025-01-24 04:00:00+00:00,3643.3825,22.54442543,0.99215592,0.97719972,0.01034525,0.0,0.00653971
2025-01-24 05:00:00+00:00,3774.4175,22.60189655,0.99250249,0.9784153,0.00995626,0.0,0.0062142
2025-01-24 06:00:00+00:00,4013.1875,23.00603272,0.99248814,0.97812112,0.00983636,0.0,0.00623785
2025-01-24 07:00:00+00:00,4091.9675,23.22031676,0.99244217,0.97791751,0.00969512,0.0,0.00629073
2025-01-24 08:00:00+00:00,4078.7025,23.14833716,0.99248262,0.97818924,0.00959509,0.0,0.00625135
2025-01-24 09:00:00+00:00,4078.875,22.85491733,0.99268281,0.97875835,0.00960498,0.0,0.00607112
2025-01-24 10:00:00+00:00,4039.0775,22.75256268,0.9926049,0.97855571,0.00971389,0.0,0.00613412
2025-01-24 11:00:00+00:00,4013.475,22.62093444,0.99264132,0.97863025,0.00961328,0.0,0.00610846
2025-01-24 12:00:00+00:00,3964.515,22.46102269,0.99223428,0.97731376,0.00993827,0.0,0.00646648
2025-01-24 13:00:00+00:00,3998.08,22.13980843,0.99278345,0.97893061,0.00947719,0.0,0.00598378
2025-01-24 14:00:00+00:00,4045.315,21.72997701,0.9930951,0.98010525,0.00920055,0.0,0.00571349
2025-01-24 15:00:00+00:00,4087.725,21.59561896,0.99314045,0.9802178,0.00910143,0.0,0.00567904
2025-01-24 16:00:00+00:00,4055.8925,21.45034757,0.99303086,0.98000145,0.00922387,0.0,0.00576562
2025-01-24 17:00:00+00:00,4019.2625,21.42055424,0.99276134,0.97952436,0.00901138,0.0,0.00599865
2025-01-24 18:00:00+00:00,3951.595,21.37669245,0.99232732,0.97835143,0.00931778,0.0,0.00635871
2025-01-24 19:00:00+00:00,3808.5175,21.57383961,0.99175791,0.97675807,0.00978499,2.865e-05,0.00652341
2025-01-24 20:00:00+00:00,3700.475,22.49389814,0.99120151,0.97486238,0.01035962,0.0,0.00685163
2025-01-24 21:00:00+00:00,3640.8125,21.67143238,0.99150282,0.97592342,0.01053397,0.0,0.00674882
2025-01-24 22:00:00+00:00,3568.985,21.30729817,0.9916573,0.97642681,0.01059348,1.767e-05,0.00673685
2025-01-24 23:00:00+00:00,3501.405,20.72542681,0.99230983,0.9772528,0.01064799,2.25e-06,0.00691746
2025-01-25 00:00:00+00:00,3414.24,20.68823924,0.99200115,0.97644999,0.01076848,0.00014827,0.00710878
2025-01-25 01:00:00+00:00,3373.1425,21.11997416,0.9918934,0.97613146,0.01041133,0.00027727,0.00707545
2025-01-25 02:00:00+00:00,3357.315,22.15661129,0.99150491,0.97452428,0.01051126,0.00031212,0.00732811
2025-01-25 03:00:00+00:00,3337.4025,22.15703935,0.99151733,0.97471197,0.01084292,0.00022747,0.00738427
2025-01-25 04:00:00+00:00,3336.9275,21.72480382,0.99174223,0.97582723,0.01096812,4.544e-05,0.007287
2025-01-25 05:00:00+00:00,3362.5025,21.57559279,0.99158673,0.97595453,0.01085582,7.455e-05,0.00720053
2025-01-25 06:00:00+00:00,3408.9275,21.82915906,0.99129882,0.97498184,0.01087868,0.00013781,0.00734504
2025-01-25 07:00:00+00:00,3495.04,22.19601125,0.99157281,0.97518392,0.01064004,0.00017729,0.00719948
2025-01-25 08:00:00+00:00,3560.3775,22.37004753,0.99187752,0.975489,0.01068575,4.551e-05,0.00729343
2025-01-25 09:00:00+00:00,3604.41,22.14774148,0.99199347,0.97599099,0.01071062,0.0,0.00719878
2025-01-25 10:00:00+00:00,3621.4,21.95881223,0.99193142,0.9761867,0.01086625,0.0,0.00720727
2025-01-25 11:00:00+00:00,3632.7825,22.20226807,0.99183861,0.97590602,0.0107666,0.0,0.0072911
2025-01-25 12:00:00+00:00,3617.4875,22.05166118,0.9918131,0.97654918,0.01033617,3.782e-05,0.00692936
2025-01-25 13:00:00+00:00,3630.5,22.06910057,0.99208391,0.97678571,0.01037915,7.238e-05,0.00694938
2025-01-25 14:00:00+00:00,3641.105,21.75688118,0.99206891,0.97723409,0.01057912,5.77e-06,0.00688967
2025-01-25 15:00:00+00:00,3700.27,21.21588745,0.99287527,0.97884257,0.0104349,0.0,0.00666844
2025-01-25 16:00:00+00:00,3727.3425,21.18805582,0.99298442,0.97944262,0.00992391,0.0,0.00635684
2025-01-25 17:00:00+00:00,3666.1675,21.18068782,0.9922066,0.9778583,0.0100074,1.014e-05,0.00669412
2025-01-25 18:00:00+00:00,3671.8225,20.60782678,0.99255032,0.97857406,0.00998841,6.597e-05,0.00604313
2025-01-25 19:00:00+00:00,3603.8325,19.75752943,0.99212681,0.97894612,0.01011788,0.00022528,0.00618435
2025-01-25 20:00:00+00:00,3527.6825,19.19303616,0.99261116,0.98025586,0.01034458,8.988e-05,0.00609363
2025-01-25 21:00:00+00:00,3462.1475,19.40797939,0.99283832,0.98010586,0.01034826,0.00013957,0.00622753
2025-01-25 22:00:00+00:00,3409.4725,20.30858049,0.99215521,0.97773668,0.0106424,0.00023069,0.00672268
2025-01-25 23:00:00+00:00,3314.61,21.04878931,0.99198093,0.97606833,0.01062295,0.0003617,0.00715217
2025-01-26 00:00:00+00:00,3292.0125,21.12716519,0.99162427,0.97557505,0.01068914,0.00043364,0.00729507
2025-01-26 01:00:00+00:00,3280.62,20.95048309,0.99123128,0.97570644,0.01000582,0.00036891,0.00767223
2025-01-26 02:00:00+00:00,3267.595,20.9985519,0.9913944,0.97670555,0.00955813,0.00015023,0.0076719
2025-01-26 03:00:00+00:00,3260.1175,21.45423736,0.99125253,0.97588755,0.00950697,0.00012018,0.00781554
2025-01-26 04:00:00+00:00,3290.72,21.77235418,0.99141166,0.97445258,0.01091736,0.00012474,0.00769004
2025-01-26 05:00:00+00:00,3307.1975,21.91634659,0.99158831,0.9746595,0.01071657,0.0002884,0.00751857
2025-01-26 06:00:00+00:00,3321.67,21.58898292,0.99158569,0.97445727,0.0111922,0.00016607,0.0076833
2025-01-26 07:00:00+00:00,3351.5825,21.91978745,0.99123193,0.97440916,0.01045447,0.00014207,0.00801237
2025-01-26 08:00:00+00:00,3464.3875,22.54557784,0.99170246,0.9746646,0.01041893,8.15e-06,0.00798567
2025-01-26 09:00:00+00:00,3488.9575,22.59254815,0.99175089,0.97433555,0.01133306,0.0,0.00776716
2025-01-26 10:00:00+00:00,3489.4775,22.78211303,0.99163609,0.97419344,0.01190895,0.0,0.00773523
2025-01-26 11:00:00+00:00,3488.31,23.81960534,0.99176045,0.97459502,0.0109481,0.0,0.00770911
2025-01-26 12:00:00+00:00,3505.8975,23.82639568,0.99215032,0.97640908,0.01007236,0.0,0.00707606
2025-01-26 13:00:00+00:00,3575.5725,22.86548928,0.99215872,0.97721362,0.00976036,0.0,0.00676645
2025-01-26 14:00:00+00:00,3605.6925,23.45423986,0.99138658,0.97459488,0.01063238,0.0,0.00753953
2025-01-26 15:00:00+00:00,3657.19,23.72128909,0.9909553,0.97312181,0.01151559,0.0,0.00798716
2025-01-26 16:00:00+00:00,3671.3075,23.93802571,0.99048917,0.97117163,0.01346687,0.0,0.00810045
2025-01-26 17:00:00+00:00,3661.695,24.07132238,0.99026648,0.96960772,0.0146745,0.0,0.00817112
2025-01-26 18:00:00+00:00,3674.43,23.31626569,0.99083325,0.97250084,0.01303043,0.0,0.0077204
2025-01-26 19:00:00+00:00,3672.3125,23.43601713,0.99094242,0.97333956,0.01205735,0.0,0.0076433
2025-01-26 20:00:00+00:00,3647.2175,22.95219846,0.99156341,0.97581386,0.01085717,0.0,0.00728047
2025-01-26 21:00:00+00:00,3601.7675,22.70717024,0.99226643,0.97702636,0.01071572,0.0,0.00708694
2025-01-26 22:00:00+00:00,3538.425,22.67736626,0.99170185,0.97499752,0.01115955,0.0,0.00758849
2025-01-26 23:00:00+00:00,3490.59,22.14694875,0.9923986,0.97829191,0.00974083,0.0,0.00656892
2025-01-27 00:00:00+00:00,3469.3225,23.16235011,0.99152902,0.97506578,0.01039689,0.0,0.007546
2025-01-27 01:00:00+00:00,3396.0575,23.48247563,0.98993272,0.97186435,0.0109256,4.978e-05,0.00815568
2025-01-27 02:00:00+00:00,3382.3175,23.77322157,0.98980969,0.97157773,0.01102826,2.645e-05,0.00806849
2025-01-27 03:00:00+00:00,3393.44,23.64060762,0.98962922,0.9717148,0.01064674,2.364e-05,0.00793692
2025-01-27 04:00:00+00:00,3440.885,23.8602017,0.98936959,0.97117269,0.01115035,6.445e-05,0.00810787
2025-01-27 05:00:00+00:00,3596.42,24.75476182,0.98926105,0.97046205,0.01216821,4.237e-05,0.00841053
2025-01-27 06:00:00+00:00,3824.5,24.71344983,0.99048148,0.96879576,0.01585817,5.397e-05,0.00786809
2025-01-27 07:00:00+00:00,3902.565,23.6968088,0.99128228,0.97124944,0.01480003,3.278e-05,0.00722707
2025-01-27 08:00:00+00:00,3893.725,23.40956813,0.99144968,0.97179721,0.01483319,5.463e-05,0.00708032
2025-01-27 09:00:00+00:00,3877.1025,23.74901763,0.99100122,0.97106926,0.01448181,7.345e-05,0.00745894
2025-01-27 10:00:00+00:00,3852.385,23.67344239,0.99089894,0.97269402,0.01258535,0.00010635,0.00753964
2025-01-27 11:00:00+00:00,3844.755,23.69235228,0.99058252,0.97303458,0.01139884,0.00011007,0.00777142
2025-01-27 12:00:00+00:00,3799.2825,23.75157523,0.99069642,0.97355096,0.01099179,9.74e-05,0.00761361
2025-01-27 13:00:00+00:00,3821.8175,23.69399057,0.9909979,0.97403898,0.01109689,6.157e-05,0.00754247
2025-01-27 14:00:00+00:00,3849.895,22.71768333,0.99186273,0.97695105,0.01055931,1.046e-05,0.00672849
2025-01-27 15:00:00+00:00,3898.1625,22.53378586,0.99245882,0.97902957,0.00955064,0.0,0.00622998
2025-01-27 16:00:00+00:00,3891.3675,22.04911014,0.99269375,0.97961959,0.00992854,0.0,0.00600158
2025-01-27 17:00:00+00:00,3867.6125,21.56424055,0.9927728,0.98052389,0.0093176,0.0,0.00592716
2025-01-27 18:00:00+00:00,3834.7625,21.65710554,0.99279969,0.98025511,0.00922201,0.0,0.00592734
2025-01-27 19:00:00+00:00,3835.955,22.24038358,0.99222545,0.97810644,0.00954297,0.0,0.00645469
2025-01-27 20:00:00+00:00,3782.405,22.357451,0.99211444,0.97780068,0.0097773,0.0,0.00654382
2025-01-27 21:00:00+00:00,3742.0175,22.50414483,0.99179277,0.97676045,0.01016096,0.0,0.00681616
2025-01-27 22:00:00+00:00,3631.5675,22.4627983,0.99107231,0.97547767,0.0108099,0.0,0.00722719
2025-01-27 23:00:00+00:00,3532.92,23.28734264,0.99141618,0.97498133,0.01062668,0.0,0.00737787
2025-01-28 00:00:00+00:00,3462.795,23.56908282,0.99154047,0.97524929,0.01048457,0.0,0.00729612
2025-01-28 01:00:00+00:00,3412.45,24.04382673,0.99131827,0.97420711,0.01059857,0.0,0.00755305
2025-01-28 02:00:00+00:00,3381.415,24.29508451,0.99103981,0.97404253,0.01061563,0.0,0.00761495
2025-01-28 03:00:00+00:00,3369.47,25.50515761,0.99049103,0.97143123,0.01157426,0.0,0.00846025
2025-01-28 04:00:00+00:00,3420.815,25.83551111,0.99046525,0.97092073,0.0118373,0.0,0.00873679
2025-01-28 05:00:00+00:00,3578.1475,26.17858821,0.99042347,0.9703281,0.01187662,0.0,0.00870837
2025-01-28 06:00:00+00:00,3804.5575,26.05529478,0.99064546,0.97226924,0.01095722,0.0,0.00803403
2025-01-28 07:00:00+00:00,3884.275,25.94002162,0.99108413,0.9745251,0.00975738,0.0,0.00762839
2025-01-28 08:00:00+00:00,3828.7875,26.11459898,0.99116318,0.97428328,0.01020648,0.0,0.00757536
2025-01-28 09:00:00+00:00,3824.1725,26.63371923,0.9909735,0.97307012,0.01047986,0.0,0.00774743
2025-01-28 10:00:00+00:00,3807.285,26.94778317,0.99129636,0.97296462,0.01063412,0.0,0.00785041
2025-01-28 11:00:00+00:00,3803.16,27.20185086,0.99104358,0.9723446,0.01083054,0.0,0.00801409
2025-01-28 12:00:00+00:00,3803.9025,27.17421705,0.99083911,0.97213078,0.01094723,0.0,0.00808036
2025-01-28 13:00:00+00:00,3820.925,27.33143551,0.99057398,0.97131057,0.01091019,0.0,0.00821089
2025-01-28 14:00:00+00:00,3853.4775,27.32848575,0.99070448,0.97097744,0.01148683,0.0,0.00814781
2025-01-28 15:00:00+00:00,3915.8625,27.18275602,0.99087755,0.9711622,0.01180235,0.0,0.00786662
2025-01-28 16:00:00+00:00,3904.795,27.03372738,0.99106481,0.97273136,0.01073213,0.0,0.00769414
2025-01-28 17:00:00+00:00,3876.2125,26.82636625,0.99118538,0.9730829,0.01073538,0.0,0.00765639
2025-01-28 18:00:00+00:00,3860.4625,26.83239255,0.99124689,0.97325276,0.01040808,0.0,0.00762973
2025-01-28 19:00:00+00:00,3845.815,26.36229781,0.99126265,0.97382862,0.01032786,0.0,0.00742731
2025-01-28 20:00:00+00:00,3829.03,25.31704701,0.99175026,0.97537301,0.01001993,0.0,0.00707459
2025-01-28 21:00:00+00:00,3779.5025,24.53456197,0.99210305,0.97649935,0.00962022,0.0,0.00680814
2025-01-28 22:00:00+00:00,3723.7225,23.32376539,0.99261735,0.97824021,0.00929765,0.0,0.00641218
2025-01-28 23:00:00+00:00,3619.13,22.8578645,0.99302457,0.97880015,0.0095865,0.0,0.00647944
2025-01-29 00:00:00+00:00,3581.2825,23.02297362,0.99309189,0.97859436,0.0094367,0.0,0.00651247
2025-01-29 01:00:00+00:00,3556.9375,22.93421321,0.99278801,0.97783878,0.00968366,0.0,0.00666617
2025-01-29 02:00:00+00:00,3549.6525,23.12004213,0.99240987,0.9769743,0.00985549,0.0,0.00680871
2025-01-29 03:00:00+00:00,3559.2825,23.12471801,0.99255394,0.97717055,0.00979683,0.0,0.00680019
2025-01-29 04:00:00+00:00,3596.36,22.91884346,0.9926918,0.97742708,0.01003056,0.0,0.00684857
2025-01-29 05:00:00+00:00,3744.1025,22.59585202,0.99299673,0.97871766,0.00979599,0.0,0.00652332
2025-01-29 06:00:00+00:00,3960.41,22.67434547,0.9927497,0.97920814,0.00913779,0.0,0.00618494
2025-01-29 07:00:00+00:00,3953.405,22.78084021,0.99271012,0.97826827,0.00950301,0.0,0.00643324
2025-01-29 08:00:00+00:00,3945.8825,22.94029704,0.99282065,0.97866569,0.00924014,0.0,0.00620143
2025-01-29 09:00:00+00:00,3927.2675,22.99726135,0.99260894,0.97841866,0.00932519,0.0,0.00623935
2025-01-29 10:00:00+00:00,3910.1275,23.30263815,0.99226835,0.97755896,0.00951165,0.0,0.00647615
2025-01-29 11:00:00+00:00,3859.09,23.96529539,0.99223311,0.9767729,0.00962088,0.0,0.00659317
2025-01-29 12:00:00+00:00,3787.61,23.96748848,0.99206986,0.97653655,0.00965362,0.0,0.00670684
2025-01-29 13:00:00+00:00,3748.2975,24.0021721,0.99196261,0.97637655,0.01007315,0.0,0.00671302
2025-01-29 14:00:00+00:00,3835.69,23.95594636,0.99202455,0.9765809,0.01001697,0.0,0.00669095
2025-01-29 15:00:00+00:00,3960.54,24.03868165,0.99189575,0.97643365,0.009938,0.0,0.00679188
2025-01-29 16:00:00+00:00,3980.9275,24.07912182,0.99211985,0.97685511,0.00984747,0.0,0.00658081
2025-01-29 17:00:00+00:00,3944.3425,24.20206081,0.99201001,0.9766639,0.00991186,0.0,0.00666619
2025-01-29 18:00:00+00:00,3933.51,24.23376542,0.99200725,0.97656901,0.00983687,0.0,0.00667951
2025-01-29 19:00:00+00:00,3902.44,24.30982257,0.99134135,0.97469684,0.01041846,0.0,0.00727471
2025-01-29 20:00:00+00:00,3861.875,24.66508025,0.99102556,0.97267094,0.01151401,0.0,0.00768503
2025-01-29 21:00:00+00:00,3815.0175,25.03925313,0.99122792,0.97326299,0.01087239,3.205e-05,0.00761806
2025-01-29 22:00:00+00:00,3732.9025,25.58375817,0.9909247,0.9727179,0.01024061,0.00023005,0.00783071
2025-01-29 23:00:00+00:00,3659.085,26.28263479,0.9908038,0.97223736,0.01028806,0.00018258,0.00760998
2025-01-30 00:00:00+00:00,3609.9125,26.79968219,0.99041693,0.97161028,0.00978938,0.00028036,0.00771591
2025-01-30 01:00:00+00:00,3578.2475,27.18371411,0.98988092,0.97041848,0.00968616,0.00054374,0.007796
2025-01-30 02:00:00+00:00,3556.2275,27.43625572,0.98934166,0.96918698,0.00987396,0.00074897,0.00795889
2025-01-30 03:00:00+00:00,3572.53,27.35029382,0.98913198,0.96927448,0.00988227,0.00065091,0.00794494
2025-01-30 04:00:00+00:00,3628.2775,27.08605289,0.98929971,0.97017956,0.01001225,4.806e-05,0.0079601
2025-01-30 05:00:00+00:00,3783.235,27.14790041,0.98988614,0.97053693,0.01072951,0.0,0.00794038
2025-01-30 06:00:00+00:00,3987.5925,27.18390826,0.99033608,0.97102317,0.01119601,0.0,0.00794189
2025-01-30 07:00:00+00:00,4054.4725,26.95235074,0.99036228,0.97011789,0.01255362,0.0,0.00775656
2025-01-30 08:00:00+00:00,4051.71,26.94073909,0.990066,0.96895704,0.01317109,0.0,0.00783752
2025-01-30 09:00:00+00:00,4021.1525,26.93486955,0.98971285,0.96796505,0.01387007,0.0,0.00791382
2025-01-30 10:00:00+00:00,3998.7575,27.06507704,0.98985073,0.96805778,0.01360664,1.847e-05,0.00797245
2025-01-30 11:00:00+00:00,3991.15,26.98292449,0.99003368,0.96910266,0.01254395,2.011e-05,0.0079182
2025-01-30 12:00:00+00:00,3964.0475,27.09531075,0.98999426,0.96843861,0.01290143,0.0,0.00802677
2025-01-30 13:00:00+00:00,3968.6975,27.22044175,0.98983804,0.96759394,0.0137076,8.224e-05,0.00801333
2025-01-30 14:00:00+00:00,3962.22,27.23021449,0.98997404,0.96795027,0.01345727,0.00010105,0.00813337
2025-01-30 15:00:00+00:00,3992.2175,26.9380396,0.99004978,0.9681162,0.01384984,0.0,0.00802318
2025-01-30 16:00:00+00:00,3956.2575,26.59725928,0.99008499,0.96775057,0.01479174,0.0,0.00798782
2025-01-30 17:00:00+00:00,3922.5975,26.42747532,0.98999041,0.96760103,0.01512544,0.0,0.0080051
2025-01-30 18:00:00+00:00,3905.7825,26.65738707,0.99000325,0.9686958,0.01372227,0.0,0.00803796
2025-01-30 19:00:00+00:00,3870.975,26.39474449,0.98991425,0.9690508,0.01325501,0.0,0.00812004
2025-01-30 20:00:00+00:00,3861.8625,26.18697942,0.99003919,0.96987328,0.0126331,0.0,0.0080401
2025-01-30 21:00:00+00:00,3799.765,25.9942467,0.99016451,0.97257315,0.00962407,0.0,0.00800896
2025-01-30 22:00:00+00:00,3760.055,25.26367692,0.9908177,0.97352581,0.00980669,0.0,0.00744326
2025-01-30 23:00:00+00:00,3611.0025,25.4670663,0.99018437,0.97133519,0.01074533,0.0,0.00819151
2025-01-31 00:00:00+00:00,3546.64,25.69825464,0.99101399,0.97279104,0.0103041,6.8e-07,0.0078867
2025-01-31 01:00:00+00:00,3514.1275,25.10127545,0.99110933,0.97310439,0.01049787,0.0,0.00785238
2025-01-31 02:00:00+00:00,3505.8575,25.23843624,0.99086089,0.97394922,0.00921769,0.0,0.00792158
2025-01-31 03:00:00+00:00,3494.91,25.81790889,0.99083439,0.97373473,0.00930564,0.0,0.00805752
2025-01-31 04:00:00+00:00,3531.945,25.27143955,0.99109564,0.97326065,0.01078557,0.0,0.00786679
2025-01-31 05:00:00+00:00,3694.4275,25.27866076,0.99079945,0.97228045,0.0116504,0.0,0.00795309
2025-01-31 06:00:00+00:00,3943.9825,24.71502185,0.99108978,0.9741425,0.01062154,0.0,0.00753321
2025-01-31 07:00:00+00:00,4024.81,24.28561453,0.9912981,0.97519561,0.01005942,0.0,0.00719989
2025-01-31 08:00:00+00:00,4029.815,24.65782751,0.99070388,0.9735371,0.01028361,3.234e-05,0.00743096
2025-01-31 09:00:00+00:00,4024.4475,24.39826116,0.9907862,0.97447916,0.01027486,0.0001017,0.00718974
2025-01-31 10:00:00+00:00,3977.5475,24.61274946,0.99078091,0.97448095,0.01018325,0.0,0.00725169
2025-01-31 11:00:00+00:00,3895.8775,25.32533101,0.9907296,0.97376732,0.01033341,0.0,0.00748049
2025-01-31 12:00:00+00:00,3873.315,25.37653967,0.99110775,0.97443831,0.0102568,0.0,0.00734795
2025-01-31 13:00:00+00:00,3866.4175,25.3380139,0.990916,0.97425164,0.01025252,0.0,0.00736025
2025-01-31 14:00:00+00:00,3885.54,25.03020897,0.99081888,0.9740047,0.0103743,0.0,0.00738619
2025-01-31 15:00:00+00:00,3928.915,25.3449249,0.99073215,0.97364427,0.01054517,0.0,0.00757302
2025-01-31 16:00:00+00:00,3908.6825,25.7226506,0.99071364,0.97204206,0.01202301,0.0,0.00772459
2025-01-31 17:00:00+00:00,3885.505,26.10023849,0.99031314,0.97088577,0.01233918,0.0,0.00791681
2025-01-31 18:00:00+00:00,3853.59,25.66485241,0.98995129,0.96902334,0.01457321,0.00013389,0.00782531
2025-01-31 19:00:00+00:00,3812.77,25.23758366,0.9898559,0.9693578,0.01452401,0.00014749,0.00773181
2025-01-31 20:00:00+00:00,3746.5375,25.3599801,0.98962483,0.97016393,0.01310293,0.00012245,0.00789512
2025-01-31 21:00:00+00:00,3698.15,25.56810072,0.9897231,0.97195247,0.01113583,0.00012205,0.00789979
2025-01-31 22:00:00+00:00,3596.45,25.86629805,0.98990661,0.97191263,0.01122073,8.378e-05,0.00787885
2025-01-31 23:00:00+00:00,3604.3525,26.01998785,0.99108773,0.97284279,0.01187589,6.072e-05,0.0079747
2025-02-01 00:00:00+00:00,3561.2925,26.19752809,0.99128169,0.97296687,0.01184752,4.045e-05,0.00802924
2025-02-01 01:00:00+00:00,3563.2575,26.27064214,0.99118914,0.97285815,0.01163992,5.02e-05,0.00802422
2025-02-01 02:00:00+00:00,3560.3025,26.15521678,0.99097358,0.97268978,0.01128265,0.00011394,0.00795276
2025-02-01 03:00:00+00:00,3545.3125,26.38163365,0.99076265,0.97200149,0.01132498,0.00014203,0.00805772
2025-02-01 04:00:00+00:00,3561.3175,26.23334339,0.99084098,0.97230645,0.01155016,0.00010583,0.00803682
2025-02-01 05:00:00+00:00,3600.005,26.23166009,0.99100013,0.97238833,0.01148251,0.00012099,0.0079571
2025-02-01 06:00:00+00:00,3663.695,26.48361508,0.99102003,0.97228665,0.01147761,8.161e-05,0.00797469
2025-02-01 07:00:00+00:00,3762.645,26.32955583,0.99047137,0.97139725,0.01168668,8.151e-05,0.00809411
2025-02-01 08:00:00+00:00,3847.3175,25.90040352,0.99042168,0.97009773,0.01312059,3.923e-05,0.00798804
2025-02-01 09:00:00+00:00,3880.4175,25.78856929,0.99026178,0.96904256,0.01389916,7.085e-05,0.00801041
2025-02-01 10:00:00+00:00,3842.12,25.5635614,0.99055868,0.97031824,0.01306249,9.335e-05,0.00795858
2025-02-01 11:00:00+00:00,3798.5175,25.46205053,0.99037532,0.96909445,0.01398722,0.00011385,0.00811697
2025-02-01 12:00:00+00:00,3808.11,25.33943965,0.99025386,0.96911103,0.0139049,0.00013821,0.00810548
2025-02-01 13:00:00+00:00,3807.7925,25.42183046,0.9904606,0.96978243,0.01330935,7.65e-05,0.00813537
2025-02-01 14:00:00+00:00,3852.6675,25.66621953,0.99050104,0.97081913,0.01153384,0.0,0.008193
2025-02-01 15:00:00+00:00,3934.9675,25.19382073,0.99091442,0.97270301,0.01108629,9.854e-05,0.00771487
2025-02-01 16:00:00+00:00,3986.7775,24.58211614,0.99081513,0.97288718,0.01149003,0.00011243,0.00753836
2025-02-01 17:00:00+00:00,3990.78,24.95386906,0.99041085,0.97237351,0.01103974,3.53e-05,0.00766715
2025-02-01 18:00:00+00:00,3954.295,25.45899647,0.99045125,0.97149269,0.01146053,0.0,0.00787687
2025-02-01 19:00:00+00:00,3897.0175,25.8231439,0.99007818,0.96942418,0.01259582,0.0,0.0082175
2025-02-01 20:00:00+00:00,3835.5975,25.96905473,0.98994115,0.96861198,0.0130595,0.0,0.00840321
2025-02-01 21:00:00+00:00,3788.0025,25.86059576,0.98986271,0.96855068,0.01288066,0.0,0.00850284
2025-02-01 22:00:00+00:00,3731.1,25.75620164,0.99018635,0.96889127,0.01286418,0.0,0.00861191
2025-02-01 23:00:00+00:00,3672.3225,25.41190065,0.99106802,0.97180352,0.01157586,0.0,0.00825493
2025-02-02 00:00:00+00:00,3639.585,24.57650588,0.99167974,0.97374074,0.01116698,0.0,0.00774058
2025-02-02 01:00:00+00:00,3631.0075,23.6354624,0.99198726,0.97477879,0.01079698,0.0,0.00746134
2025-02-02 02:00:00+00:00,3609.6175,22.92613671,0.99207305,0.97517135,0.0109021,0.0,0.00738668
2025-02-02 03:00:00+00:00,3604.97,22.54538602,0.99250133,0.97618836,0.01057898,0.0,0.00713797
2025-02-02 04:00:00+00:00,3593.6825,22.03006017,0.99235708,0.97612485,0.01102953,0.0,0.00723727
2025-02-02 05:00:00+00:00,3605.805,21.91938455,0.99174286,0.97434574,0.01180614,0.0,0.00764075
2025-02-02 06:00:00+00:00,3638.295,21.3776099,0.99179565,0.97423153,0.01288339,0.0,0.00729822
2025-02-02 07:00:00+00:00,3715.895,21.57412786,0.99182094,0.97501995,0.01157821,0.0,0.00720709
2025-02-02 08:00:00+00:00,3774.7725,21.31268189,0.99196692,0.97493316,0.01245168,0.0,0.00698834
2025-02-02 09:00:00+00:00,3809.3225,21.42520356,0.99186769,0.97470823,0.01234754,0.0,0.00694977
2025-02-02 10:00:00+00:00,3805.1175,21.47065432,0.99177568,0.97361937,0.01311376,0.0,0.0070434
2025-02-02 11:00:00+00:00,3778.92,21.27922711,0.99174718,0.97366647,0.01303948,0.0,0.00708451
2025-02-02 12:00:00+00:00,3778.42,21.41544922,0.99196646,0.9761277,0.01061165,0.0,0.00694691
2025-02-02 13:00:00+00:00,3774.1375,21.48941568,0.99197516,0.97642262,0.01037328,0.0,0.00688705
2025-02-02 14:00:00+00:00,3770.14,21.41035081,0.99187154,0.97508726,0.01165043,0.0,0.00706532
2025-02-02 15:00:00+00:00,3857.975,21.59524516,0.99219357,0.97616978,0.01097806,0.0,0.00678056
2025-02-02 16:00:00+00:00,3898.3675,21.59706115,0.99217187,0.97618982,0.01103067,0.0,0.00676989
2025-02-02 17:00:00+00:00,3919.02,21.67970122,0.9918296,0.97566629,0.01123684,0.0,0.0067651
2025-02-02 18:00:00+00:00,3931.7075,21.82848712,0.99121262,0.97362931,0.01191994,0.0,0.00729483
2025-02-02 19:00:00+00:00,3916.9875,21.88868475,0.99117444,0.97407878,0.01141059,0.0,0.00733982
2025-02-02 20:00:00+00:00,3838.2725,21.9227133,0.99120803,0.97417148,0.01157004,0.0,0.00729508
2025-02-02 21:00:00+00:00,3767.7525,22.02391761,0.99106474,0.97457722,0.01072608,0.0,0.00755354
2025-02-02 22:00:00+00:00,3704.32,22.31220529,0.99098423,0.97415116,0.01073715,0.0,0.00773885
2025-02-02 23:00:00+00:00,3642.0875,22.45342108,0.99044518,0.97525836,0.00889503,0.0,0.00795791
2025-02-03 00:00:00+00:00,3575.6625,22.7905841,0.99075391,0.97769166,0.00672124,0.0,0.00773393
2025-02-03 01:00:00+00:00,3556.615,22.87721282,0.99060186,0.97730254,0.00675929,0.0,0.0078649
2025-02-03 02:00:00+00:00,3540.265,22.38169033,0.99096307,0.97842535,0.00655952,0.0,0.00753936
2025-02-03 03:00:00+00:00,3556.46,22.01653382,0.99090013,0.97584689,0.00925022,0.0,0.00759225
2025-02-03 04:00:00+00:00,3591.1825,22.06589978,0.99044031,0.97265553,0.01187432,0.0,0.00792872
2025-02-03 05:00:00+00:00,3762.765,22.3562828,0.99091025,0.97286973,0.01213682,0.0,0.00754908
2025-02-03 06:00:00+00:00,3993.115,22.55924992,0.99129213,0.97374986,0.01152209,0.0,0.00725465
2025-02-03 07:00:00+00:00,4062.51,22.36137796,0.99169052,0.97589521,0.0102663,0.0,0.00692205
2025-02-03 08:00:00+00:00,4045.8075,22.0924207,0.99192684,0.97685043,0.00994583,0.0,0.00672352
2025-02-03 09:00:00+00:00,4040.4575,21.91482746,0.99232082,0.97855062,0.00937526,0.0,0.00637355
2025-02-03 10:00:00+00:00,3994.08,21.95149834,0.99230079,0.97856757,0.00933727,0.0,0.00638719
2025-02-03 11:00:00+00:00,3962.4175,21.98156966,0.99213345,0.97772153,0.00974996,0.0,0.00652771
2025-02-03 12:00:00+00:00,3975.655,21.89040277,0.99204107,0.97732792,0.00987423,0.0,0.00662809
2025-02-03 13:00:00+00:00,3995.3775,21.81628955,0.9919933,0.97749041,0.00947388,0.0,0.00667562
2025-02-03 14:00:00+00:00,4035.375,21.73081384,0.99203011,0.97723947,0.00970967,0.0,0.00663126
2025-02-03 15:00:00+00:00,4065.0975,21.97871198,0.99208842,0.97695443,0.01005807,0.0,0.00658485
2025-02-03 16:00:00+00:00,4048.6125,22.16098993,0.99178211,0.97617029,0.01022569,4.25e-06,0.00682939
2025-02-03 17:00:00+00:00,3997.4825,22.12470032,0.99186636,0.9760044,0.0105442,9.63e-06,0.00675048
2025-02-03 18:00:00+00:00,3949.2275,21.99631665,0.99157924,0.97619838,0.00976167,8.04e-06,0.00699927
2025-02-03 19:00:00+00:00,3918.7375,21.94773248,0.99150202,0.97629912,0.00934009,2.2e-07,0.00709115
2025-02-03 20:00:00+00:00,3850.3,21.72210133,0.99157609,0.97576356,0.0102265,0.0,0.00700194
2025-02-03 21:00:00+00:00,3731.5375,21.40595672,0.99180965,0.97781978,0.00917042,0.0,0.00679521
2025-02-03 22:00:00+00:00,3602.73,21.90078592,0.99172793,0.97764287,0.00882009,0.0,0.00688963
2025-02-03 23:00:00+00:00,3494.7975,22.87263002,0.99110005,0.97586722,0.00955982,0.0,0.0074583
2025-02-04 00:00:00+00:00,3419.4775,23.91834958,0.99074341,0.9747856,0.00980879,0.0,0.00772578
2025-02-04 01:00:00+00:00,3392.6625,24.15791081,0.99122279,0.97628543,0.00923133,0.0,0.00731697
2025-02-04 02:00:00+00:00,3362.5025,24.16060849,0.99137321,0.97678064,0.00907541,0.0,0.00718653
2025-02-04 03:00:00+00:00,3372.935,24.08487769,0.9913993,0.97537302,0.01063086,0.0,0.00715899
2025-02-04 04:00:00+00:00,3416.12,24.04999855,0.99135348,0.97513805,0.01088721,0.0,0.00719183
2025-02-04 05:00:00+00:00,3572.845,23.81026677,0.99179356,0.97649299,0.01047873,0.0,0.00681279
2025-02-04 06:00:00+00:00,3785.705,23.6797265,0.99180201,0.97598489,0.0108984,0.0,0.00679458
2025-02-04 07:00:00+00:00,3846.4725,23.76684421,0.99173724,0.98009462,0.00632264,0.0,0.00688525
2025-02-04 08:00:00+00:00,3828.5075,23.3455309,0.99199114,0.98092384,0.00616239,0.0,0.00665978
2025-02-04 09:00:00+00:00,3824.9075,22.88378044,0.99297872,0.98251024,0.00605432,0.0,0.00639505
2025-02-04 10:00:00+00:00,3818.435,22.29774577,0.99393619,0.98426039,0.00581627,0.0,0.00606381
2025-02-04 11:00:00+00:00,3794.3825,22.07193395,0.99394362,0.98422935,0.00573287,0.0,0.00605638
2025-02-04 12:00:00+00:00,3804.7975,22.02690728,0.99401763,0.98438451,0.00571015,0.0,0.00598237
2025-02-04 13:00:00+00:00,3816.9375,22.31096996,0.99398151,0.98182521,0.00792095,0.0,0.00601849
2025-02-04 14:00:00+00:00,3838.8,22.82014969,0.99373479,0.9795395,0.0092292,0.0,0.00626521
2025-02-04 15:00:00+00:00,3843.3175,22.9177567,0.99360967,0.97917434,0.0097203,0.0,0.00639033
2025-02-04 16:00:00+00:00,3827.845,23.23536725,0.99325481,0.9779951,0.01018401,0.0,0.00674519
2025-02-04 17:00:00+00:00,3795.8425,23.38074963,0.9932034,0.97772669,0.01004549,0.0,0.0067966
2025-02-04 18:00:00+00:00,3759.6625,23.40240784,0.99320336,0.97767298,0.00993557,0.0,0.00679664
2025-02-04 19:00:00+00:00,3727.1425,23.73268908,0.99300684,0.97691069,0.01014834,0.0,0.00699316
2025-02-04 20:00:00+00:00,3662.0475,24.1088825,0.99278185,0.97625215,0.01049961,8.42e-06,0.00713354
2025-02-04 21:00:00+00:00,3615.6925,24.30072635,0.99236803,0.97544104,0.01065703,6.659e-05,0.00729587
2025-02-04 22:00:00+00:00,3497.125,24.16452088,0.99168434,0.97439873,0.01131858,0.00021382,0.00752145
2025-02-04 23:00:00+00:00,3385.1625,23.43583591,0.99168886,0.97460979,0.01154985,0.00019437,0.00751314
2025-02-05 00:00:00+00:00,3322.46,23.38914123,0.99127794,0.97419896,0.01161909,0.0003282,0.00755719
2025-02-05 01:00:00+00:00,3273.4875,23.20387099,0.99123937,0.97453826,0.01151554,0.00037594,0.00744433
2025-02-05 02:00:00+00:00,3275.8975,22.32424652,0.99124352,0.97507408,0.01161124,0.00032623,0.00727018
2025-02-05 03:00:00+00:00,3282.07,21.68131806,0.9915306,0.97613039,0.0115388,0.00022873,0.00713353
2025-02-05 04:00:00+00:00,3339.395,21.52855332,0.99166856,0.97659266,0.01158118,8.84e-05,0.00705062
2025-02-05 05:00:00+00:00,3525.2425,22.18759951,0.99241758,0.97669211,0.01087523,0.0,0.00705244
2025-02-05 06:00:00+00:00,3744.08,21.95988181,0.99299802,0.97789651,0.0104297,2.38e-06,0.00672906
2025-02-05 07:00:00+00:00,3768.15,21.57989509,0.99287206,0.9780437,0.0104384,4.945e-05,0.00669211
2025-02-05 08:00:00+00:00,3760.96,21.7191126,0.99318315,0.97834473,0.01027015,4.56e-05,0.00657762
2025-02-05 09:00:00+00:00,3800.1,22.05024184,0.99280716,0.9774995,0.01038499,5.466e-05,0.00676825
2025-02-05 10:00:00+00:00,3763.285,21.95841806,0.99307167,0.97779924,0.01039774,6.339e-05,0.00674987
2025-02-05 11:00:00+00:00,3774.2975,21.85862504,0.9928546,0.97791138,0.01026989,4.116e-05,0.00663363
2025-02-05 12:00:00+00:00,3758.9575,22.03513612,0.9926474,0.9776867,0.01033907,7.313e-05,0.00666924
2025-02-05 13:00:00+00:00,3803.7575,22.28945977,0.9925063,0.97752884,0.01002288,0.00010553,0.00656177
2025-02-05 14:00:00+00:00,3829.5075,22.27006529,0.99256314,0.9774239,0.00995989,5.674e-05,0.00666573
2025-02-05 15:00:00+00:00,3852.255,21.81438831,0.99256462,0.97808919,0.01017875,0.0,0.00652457
2025-02-05 16:00:00+00:00,3851.94,21.60136066,0.99309298,0.97848789,0.01053521,0.0,0.00666024
2025-02-05 17:00:00+00:00,3833.625,21.62481586,0.9929433,0.97810624,0.0106934,0.0,0.00672203
2025-02-05 18:00:00+00:00,3814.2575,21.46020936,0.99298371,0.97881369,0.01016601,0.0,0.0064828
2025-02-05 19:00:00+00:00,3788.4975,21.47784534,0.99277228,0.97843954,0.01034644,0.0,0.00651626
2025-02-05 20:00:00+00:00,3760.9225,21.56481963,0.99228759,0.97709531,0.01058484,0.0,0.00676779
2025-02-05 21:00:00+00:00,3708.7975,21.49435143,0.99204858,0.9765303,0.01055029,0.0,0.00685457
2025-02-05 22:00:00+00:00,3641.8225,21.46846153,0.99196579,0.9762364,0.01068906,0.0,0.00697067
2025-02-05 23:00:00+00:00,3567.0575,21.15528267,0.99203638,0.97652653,0.01078686,0.0,0.0069299
2025-02-06 00:00:00+00:00,3484.495,20.84728312,0.99214089,0.97660502,0.01103209,0.0,0.00696485
2025-02-06 01:00:00+00:00,3448.0025,20.61553258,0.99277345,0.97728377,0.01137315,0.0,0.00700948
2025-02-06 02:00:00+00:00,3363.4775,20.56525451,0.99881576,0.9831206,0.01168353,0.0,0.00107508
2025-02-06 03:00:00+00:00,3366.855,20.67483541,0.99893835,0.98402139,0.01108287,0.0,0.00103775
2025-02-06 04:00:00+00:00,3411.5575,21.19693665,0.99876811,0.98317952,0.0110008,0.0,0.00122949
2025-02-06 05:00:00+00:00,3571.715,21.35055768,0.99862001,0.98300407,0.01079029,0.0,0.00129323
2025-02-06 06:00:00+00:00,3787.6125,21.15598699,0.99857557,0.98134359,0.01223155,0.0,0.0013311
2025-02-06 07:00:00+00:00,3842.115,21.06420666,0.99873994,0.98210777,0.01197457,0.0,0.00124211
2025-02-06 08:00:00+00:00,3826.0975,20.8948292,0.99886877,0.98289765,0.01179491,0.0,0.0011143
2025-02-06 09:00:00+00:00,3803.69,20.73793051,0.9990007,0.98386185,0.01153385,0.0,0.0009609
2025-02-06 10:00:00+00:00,3773.71,20.6001385,0.99904503,0.98416505,0.01132921,0.0,0.00095157
2025-02-06 11:00:00+00:00,3765.9775,20.81595207,0.99894116,0.98396626,0.01102386,0.0,0.00105884
2025-02-06 12:00:00+00:00,3703.765,21.45987853,0.99847814,0.982049,0.01136207,0.0,0.00135793
2025-02-06 13:00:00+00:00,3715.2225,22.2852374,0.99776067,0.97931588,0.0120712,0.0,0.00170806
2025-02-06 14:00:00+00:00,3736.1375,22.42749833,0.997779,0.97869297,0.01242765,0.0,0.00178301
2025-02-06 15:00:00+00:00,3775.945,22.74071311,0.99791766,0.97747249,0.01368861,0.0,0.00181596
2025-02-06 16:00:00+00:00,3788.9275,23.10726751,0.99773999,0.97618608,0.0144034,0.0,0.00195121
2025-02-06 17:00:00+00:00,3780.3075,23.78879894,0.99728236,0.97536943,0.01380444,0.0,0.00219512
2025-02-06 18:00:00+00:00,3780.715,23.60163442,0.99752858,0.97556843,0.01400568,0.0,0.00213524
2025-02-06 19:00:00+00:00,3739.0525,23.46797742,0.997721,0.97716155,0.01298212,0.0,0.00202509
2025-02-06 20:00:00+00:00,3710.2075,23.21800063,0.99749115,0.97806855,0.01178191,0.0,0.0020642
2025-02-06 21:00:00+00:00,3668.3925,22.96159315,0.99754747,0.97854571,0.01128081,0.0,0.00210374
2025-02-06 22:00:00+00:00,3580.2425,22.47033916,0.99784289,0.97963634,0.01111194,7.98e-06,0.0019285
2025-02-06 23:00:00+00:00,3475.4825,23.0001735,0.99711899,0.97827289,0.01087669,3.413e-05,0.00220415
2025-02-07 00:00:00+00:00,3413.6075,24.18895119,0.9969601,0.97737931,0.0104753,2.263e-05,0.00245808
2025-02-07 01:00:00+00:00,3387.81,24.04124704,0.99689339,0.97647854,0.01115206,0.00011511,0.00244646
2025-02-07 02:00:00+00:00,3384.91,25.04079909,0.99624582,0.9745121,0.01135352,0.00031245,0.00273972
2025-02-07 03:00:00+00:00,3413.335,25.42536368,0.99627883,0.97413539,0.01152836,0.0001948,0.00284944
2025-02-07 04:00:00+00:00,3471.73,25.67940212,0.99614828,0.97374106,0.01199562,0.0,0.00281044
2025-02-07 05:00:00+00:00,3658.885,25.51102704,0.9959962,0.9724696,0.01383111,0.0,0.00262078
2025-02-07 06:00:00+00:00,3904.505,26.02870303,0.99629324,0.97189517,0.01460751,0.0,0.00261796
2025-02-07 07:00:00+00:00,3998.6025,26.1638158,0.99657691,0.97409704,0.01298592,0.0,0.00258893
2025-02-07 08:00:00+00:00,4014.1775,26.33943895,0.99121878,0.96965032,0.01248269,0.0,0.00826708
2025-02-07 09:00:00+00:00,4006.9225,26.30223598,0.99189625,0.97263093,0.01154714,0.0,0.00790102
2025-02-07 10:00:00+00:00,3935.2825,26.18141923,0.99237487,0.97341323,0.01208845,0.0,0.00758755
2025-02-07 11:00:00+00:00,3872.81,26.77786676,0.9920332,0.97293157,0.01112141,0.0,0.00796312
2025-02-07 12:00:00+00:00,3839.38,27.19257208,0.9916857,0.97180636,0.01119944,0.0,0.00822155
2025-02-07 13:00:00+00:00,3856.81,26.95619638,0.9919522,0.97270686,0.01097935,0.0,0.00798261
2025-02-07 14:00:00+00:00,3860.935,26.79376661,0.99210281,0.97310433,0.01090695,0.0,0.00789491
2025-02-07 15:00:00+00:00,3890.9125,26.59208832,0.99212524,0.97365493,0.01075301,0.0,0.0077085
2025-02-07 16:00:00+00:00,3918.5175,26.28535692,0.9922401,0.97415717,0.01087962,0.0,0.00761517
2025-02-07 17:00:00+00:00,3936.5625,25.75989916,0.99236647,0.97499146,0.01086136,0.0,0.00753172
2025-02-07 18:00:00+00:00,3916.9925,24.65008513,0.99272888,0.9766762,0.01087405,0.0,0.00706492
2025-02-07 19:00:00+00:00,3884.59,24.59441405,0.99266847,0.97670149,0.01051409,0.0,0.00709957
2025-02-07 20:00:00+00:00,3835.1875,24.2870744,0.99295853,0.97701757,0.0105906,0.0,0.0069217
2025-02-07 21:00:00+00:00,3815.0625,23.92230975,0.99310083,0.97741753,0.010276,0.0,0.00682697
2025-02-07 22:00:00+00:00,3756.535,23.7421923,0.99294186,0.97683495,0.01047181,0.0,0.00699203
2025-02-07 23:00:00+00:00,3614.7125,23.55018248,0.99226236,0.97487801,0.01111273,0.0,0.00745545
2025-02-08 00:00:00+00:00,3607.3275,23.24548012,0.99204608,0.9744519,0.01118797,0.0,0.00759231
2025-02-08 01:00:00+00:00,3589.365,22.8536468,0.99200863,0.97433205,0.01103194,0.0,0.00766954
2025-02-08 02:00:00+00:00,3569.175,22.81439185,0.99175227,0.9739927,0.01098241,0.0,0.00765317
2025-02-08 03:00:00+00:00,3552.2325,22.25057569,0.99190908,0.97482312,0.01089012,0.0,0.00737939
2025-02-08 04:00:00+00:00,3568.3525,22.03480614,0.99195905,0.97484571,0.01095365,0.0,0.00740089
2025-02-08 05:00:00+00:00,3615.735,22.20027169,0.99208552,0.97494474,0.01068236,0.0,0.00734571
2025-02-08 06:00:00+00:00,3726.81,22.24134023,0.99255401,0.97615941,0.01017214,0.0,0.0069877
2025-02-08 07:00:00+00:00,3788.365,22.10821336,0.99283446,0.97687342,0.01030414,0.0,0.00685383
2025-02-08 08:00:00+00:00,3868.4775,22.43834505,0.99320724,0.97778814,0.0101911,0.0,0.00670137
2025-02-08 09:00:00+00:00,3888.3925,22.51115718,0.99329676,0.9779911,0.01022066,0.0,0.00670324
2025-02-08 10:00:00+00:00,3844.8625,22.85619799,0.99320048,0.97765482,0.01028727,0.0,0.00679952
2025-02-08 11:00:00+00:00,3824.5825,23.27824106,0.99316336,0.97739234,0.01014456,0.0,0.00683664
2025-02-08 12:00:00+00:00,3798.28,23.67636509,0.99290091,0.97679889,0.0104519,0.0,0.00699504
2025-02-08 13:00:00+00:00,3785.695,23.66531653,0.99296796,0.97689003,0.0104597,0.0,0.00696933
2025-02-08 14:00:00+00:00,3814.3925,23.8813125,0.99314599,0.97732198,0.01022108,0.0,0.00685401
2025-02-08 15:00:00+00:00,3851.8275,24.01328498,0.99301214,0.97688921,0.01047614,0.0,0.00698786
2025-02-08 16:00:00+00:00,3898.655,24.25665429,0.99297207,0.97659855,0.01054025,0.0,0.00702793
2025-02-08 17:00:00+00:00,3907.3825,24.53897863,0.9927998,0.97601326,0.01048492,0.0,0.0072002
2025-02-08 18:00:00+00:00,3867.195,24.81713956,0.99270055,0.97561623,0.01051971,0.0,0.00729945
2025-02-08 19:00:00+00:00,3832.8,24.88412099,0.99272447,0.9755339,0.01037043,0.0,0.00727553
2025-02-08 20:00:00+00:00,3770.8,24.86909585,0.99286221,0.97593259,0.01017214,0.0,0.00713779
2025-02-08 21:00:00+00:00,3717.4975,25.04242881,0.99254594,0.97491099,0.01052978,0.0,0.00743796
2025-02-08 22:00:00+00:00,3675.1,25.40133753,0.99249311,0.97470912,0.01058247,0.0,0.00746819
2025-02-08 23:00:00+00:00,3624.7275,25.27940976,0.99248004,0.97501021,0.01060731,0.0,0.00751996
2025-02-09 00:00:00+00:00,3594.17,25.19061416,0.99243229,0.97552915,0.00976011,0.0,0.00756771
2025-02-09 01:00:00+00:00,3581.81,24.72024473,0.99257592,0.97624637,0.00931779,0.0,0.00742408
2025-02-09 02:00:00+00:00,3563.205,24.4207054,0.99256533,0.97625965,0.00930501,0.0,0.00743467
2025-02-09 03:00:00+00:00,3556.665,23.85607018,0.99277971,0.97697149,0.00947968,0.0,0.00722029
2025-02-09 04:00:00+00:00,3552.82,23.60443989,0.99291601,0.97730087,0.00992749,0.0,0.00708399
2025-02-09 05:00:00+00:00,3580.26,23.76085289,0.99279114,0.97685141,0.00999687,0.0,0.00720886
2025-02-09 06:00:00+00:00,3631.7875,23.13184977,0.99288053,0.97762851,0.00982596,0.0,0.00711947
2025-02-09 07:00:00+00:00,3687.42,22.38968877,0.99323932,0.97941062,0.00954692,0.0,0.00676068
2025-02-09 08:00:00+00:00,3734.8925,22.04564154,0.99306944,0.97928318,0.00938419,0.0,0.00692737
2025-02-09 09:00:00+00:00,3760.6725,22.22929866,0.99302595,0.97913393,0.00921871,0.0,0.00697405
2025-02-09 10:00:00+00:00,3773.8325,22.22058969,0.99302585,0.97908446,0.00915743,0.0,0.00697415
2025-02-09 11:00:00+00:00,3740.7975,21.8869781,0.99321271,0.97977314,0.00906459,0.0,0.00678729
2025-02-09 12:00:00+00:00,3724.2475,21.50716514,0.99347108,0.98079142,0.00881591,0.0,0.00652892
2025-02-09 13:00:00+00:00,3728.72,21.04337909,0.99366208,0.9815173,0.00934748,0.0,0.00632419
2025-02-09 14:00:00+00:00,3742.025,21.36804517,0.99353457,0.98126957,0.00884103,0.0,0.00646543
2025-02-09 15:00:00+00:00,3787.1525,21.80896208,0.99354527,0.98085003,0.00865181,0.0,0.00645473
2025-02-09 16:00:00+00:00,3813.4575,21.64177636,0.99382024,0.9818336,0.00838499,0.0,0.00617976
2025-02-09 17:00:00+00:00,3823.97,21.76992461,0.99358782,0.98040494,0.00887451,0.0,0.00639959
2025-02-09 18:00:00+00:00,3845.1075,21.93772536,0.99352705,0.9807183,0.00817179,0.0,0.00647295
2025-02-09 19:00:00+00:00,3842.325,22.05353342,0.99362015,0.98105952,0.00794004,0.0,0.00637985
2025-02-09 20:00:00+00:00,3793.25,22.00980622,0.99379755,0.98166081,0.00786615,0.0,0.00620245
2025-02-09 21:00:00+00:00,3734.5725,22.03060954,0.99364285,0.98381018,0.00546453,0.0,0.00635715
2025-02-09 22:00:00+00:00,3658.5375,22.17946636,0.99339189,0.98315232,0.00560717,0.0,0.00657879
2025-02-09 23:00:00+00:00,3556.0225,22.57023602,0.99250075,0.98092754,0.00616184,0.0,0.00707985
2025-02-10 00:00:00+00:00,3490.4425,22.7320055,0.99254345,0.98080099,0.00645165,0.0,0.00717346
2025-02-10 01:00:00+00:00,3473.0125,23.0099492,0.99219266,0.9799687,0.00640736,0.0,0.00727189
2025-02-10 02:00:00+00:00,3440.81,23.09579067,0.99197791,0.97981273,0.00641604,0.0,0.00725525
2025-02-10 03:00:00+00:00,3471.91,23.21772915,0.99233986,0.98034269,0.00637386,0.0,0.00721052
2025-02-10 04:00:00+00:00,3538.8025,23.51407039,0.99231642,0.98022231,0.00638324,0.0,0.00722398
2025-02-10 05:00:00+00:00,3711.2975,23.37510221,0.9926226,0.98071637,0.00734462,0.0,0.00693685
2025-02-10 06:00:00+00:00,3934.505,23.49184073,0.99300898,0.97829487,0.01022062,0.0,0.00685978
2025-02-10 07:00:00+00:00,3999.87,23.95223158,0.99302845,0.97806535,0.01026032,0.0,0.0068744
2025-02-10 08:00:00+00:00,3996.4675,24.4103466,0.99300212,0.97774239,0.01016914,0.0,0.00695167
2025-02-10 09:00:00+00:00,3951.8125,24.70525585,0.99286816,0.97724665,0.01014169,0.0,0.00706427
2025-02-10 10:00:00+00:00,3887.365,25.37244806,0.99281846,0.97658857,0.01004917,0.0,0.00718154
2025-02-10 11:00:00+00:00,3841.0375,25.62673487,0.9927591,0.97629782,0.00995396,0.0,0.0072409
2025-02-10 12:00:00+00:00,3810.74,25.69758873,0.9927019,0.97605334,0.00993164,0.0,0.0072981
2025-02-10 13:00:00+00:00,3796.4125,25.52726399,0.99267377,0.97604164,0.0100111,0.0,0.00732623
2025-02-10 14:00:00+00:00,3813.6175,25.64005133,0.99263956,0.97582221,0.01004312,0.0,0.00736044
2025-02-10 15:00:00+00:00,3851.5425,25.43267507,0.99269242,0.97610207,0.01006255,0.0,0.00730758
2025-02-10 16:00:00+00:00,3880.18,25.27051512,0.99256728,0.97611731,0.01031998,0.0,0.00743272
2025-02-10 17:00:00+00:00,3920.05,25.38738574,0.99241497,0.97568176,0.01044762,0.0,0.00751463
2025-02-10 18:00:00+00:00,3912.0575,25.60619634,0.99226255,0.97542898,0.01021516,0.0,0.00740994
2025-02-10 19:00:00+00:00,3895.065,25.7558932,0.99198768,0.97527803,0.00978449,0.0,0.00728917
2025-02-10 20:00:00+00:00,3874.87,25.77115132,0.99173077,0.97521197,0.009745,0.0,0.00726629
2025-02-10 21:00:00+00:00,3815.53,25.84885156,0.99183426,0.9751047,0.00980809,0.0,0.00730141
2025-02-10 22:00:00+00:00,3713.0275,25.86222978,0.99174099,0.97501045,0.00994422,0.0,0.00733589
2025-02-10 23:00:00+00:00,3630.625,26.17657134,0.99132321,0.97304859,0.01045589,0.0,0.00766529
2025-02-11 00:00:00+00:00,3596.965,26.54801596,0.99115262,0.97227929,0.01046921,0.0,0.00782333
2025-02-11 01:00:00+00:00,3541.15,26.60054556,0.99114331,0.97206353,0.01069464,0.0,0.00795643
2025-02-11 02:00:00+00:00,3490.985,26.56858367,0.99128301,0.97211387,0.01090954,0.0,0.00801968
2025-02-11 03:00:00+00:00,3501.345,26.75979834,0.99126278,0.97201743,0.01082385,0.0,0.00798438
2025-02-11 04:00:00+00:00,3550.6025,26.92888059,0.99152002,0.97238326,0.01059148,0.0,0.00790946
2025-02-11 05:00:00+00:00,3714.8725,26.64766142,0.99173507,0.97310125,0.01064206,0.0,0.00777364
2025-02-11 06:00:00+00:00,3887.59,26.89596402,0.99168363,0.976704,0.0068615,0.0,0.00806428
2025-02-11 07:00:00+00:00,3804.3925,27.15876148,0.99168465,0.97615794,0.00759022,0.0,0.00821472
2025-02-11 08:00:00+00:00,3838.535,27.25181937,0.99177444,0.97663073,0.00678381,0.0,0.00819318
2025-02-11 09:00:00+00:00,3783.5175,27.33413352,0.9916674,0.97625168,0.00676897,0.0,0.00829269
2025-02-11 10:00:00+00:00,3760.14,27.2738294,0.9917452,0.9764993,0.0068746,0.0,0.0082548
2025-02-11 11:00:00+00:00,3690.935,27.3470172,0.99168286,0.97626419,0.00683882,0.0,0.00831518
2025-02-11 12:00:00+00:00,3634.8275,27.25903517,0.99164475,0.97637228,0.00679735,0.0,0.008293
2025-02-11 13:00:00+00:00,3624.51,27.31637494,0.99169961,0.97630135,0.00677769,0.0,0.00819978
2025-02-11 14:00:00+00:00,3662.8175,27.21481667,0.99181734,0.97671339,0.00671692,0.0,0.00809659
2025-02-11 15:00:00+00:00,3761.0575,27.1255062,0.99174183,0.97656284,0.00690618,0.0,0.00817681
2025-02-11 16:00:00+00:00,3851.62,26.73691165,0.99158654,0.97607853,0.00815074,0.0,0.00806863
2025-02-11 17:00:00+00:00,3882.8475,26.44903625,0.99187756,0.97585404,0.00926706,0.0,0.00787277
2025-02-11 18:00:00+00:00,3884.35,26.46358772,0.99171511,0.97613273,0.00875959,0.0,0.00791049
2025-02-11 19:00:00+00:00,3861.6275,26.55422069,0.99157325,0.9771428,0.00710634,0.0,0.0080159
2025-02-11 20:00:00+00:00,3830.095,26.80816918,0.99167476,0.97690505,0.00685906,0.0,0.00799247
2025-02-11 21:00:00+00:00,3798.64,26.9167605,0.99164816,0.97665081,0.00681361,0.0,0.00800088
2025-02-11 22:00:00+00:00,3730.93,26.87669283,0.99178962,0.97693871,0.00676295,0.0,0.00791635
2025-02-11 23:00:00+00:00,3635.1625,27.13467885,0.99060305,0.9748754,0.00697632,0.0,0.00833045
2025-02-12 00:00:00+00:00,3573.3325,27.11568581,0.99073665,0.97526034,0.0069835,0.0,0.00821031
2025-02-12 01:00:00+00:00,3533.47,27.18807886,0.99081884,0.9752634,0.00715855,0.0,0.00830046
2025-02-12 02:00:00+00:00,3563.915,27.34535223,0.99071712,0.97501285,0.00711599,0.0,0.00835258
2025-02-12 03:00:00+00:00,3547.77,27.21493935,0.99058414,0.97519351,0.00703588,0.0,0.00820562
2025-02-12 04:00:00+00:00,3585.8675,27.31810968,0.99058005,0.97507551,0.00705286,0.0,0.00824196
2025-02-12 05:00:00+00:00,3752.965,27.16287859,0.99064906,0.97541651,0.00707887,0.0,0.00819229
2025-02-12 06:00:00+00:00,3999.02,27.15209807,0.99154131,0.97698617,0.0064604,0.0,0.0076554
2025-02-12 07:00:00+00:00,4073.66,27.17806248,0.99197916,0.97759139,0.00635015,0.0,0.0075428
2025-02-12 08:00:00+00:00,4058.685,27.23639693,0.99201991,0.97759934,0.00645095,0.0,0.00761198
2025-02-12 09:00:00+00:00,4015.025,27.22960573,0.99209446,0.97772526,0.0066063,0.0,0.00767326
2025-02-12 10:00:00+00:00,3965.3,27.21455746,0.99220852,0.97774125,0.00671651,0.0,0.0077537
2025-02-12 11:00:00+00:00,3898.465,27.0832072,0.99225698,0.97789568,0.00668161,0.0,0.00773394
2025-02-12 12:00:00+00:00,3850.0525,26.88226308,0.9923123,0.97821555,0.00671949,0.0,0.00768313
2025-02-12 13:00:00+00:00,3831.86,26.73376756,0.9920001,0.97765028,0.00707426,0.0,0.00768385
2025-02-12 14:00:00+00:00,3870.1325,26.43876941,0.99195558,0.9782534,0.00668454,0.0,0.00751687
2025-02-12 15:00:00+00:00,3944.485,26.45993791,0.99188353,0.97799348,0.00640074,0.0,0.00744248
2025-02-12 16:00:00+00:00,3979.4325,26.49299444,0.99174431,0.97752556,0.0064159,0.0,0.00755423
2025-02-12 17:00:00+00:00,3976.34,26.63508141,0.9914516,0.9769712,0.0065063,0.0,0.0076771
2025-02-12 18:00:00+00:00,3962.88,26.7487955,0.99137314,0.97672227,0.00655027,0.0,0.00774844
2025-02-12 19:00:00+00:00,3940.2075,26.99679635,0.99113454,0.97631999,0.00654301,0.0,0.00780329
2025-02-12 20:00:00+00:00,3850.075,26.91428271,0.99108697,0.97633348,0.00676376,0.0,0.00786736
2025-02-12 21:00:00+00:00,3811.9625,26.9986935,0.99110417,0.97629829,0.006842,0.0,0.00792862
2025-02-12 22:00:00+00:00,3707.0425,26.98437571,0.99129901,0.97672229,0.00683391,0.0,0.00785079
2025-02-12 23:00:00+00:00,3609.3375,27.27330635,0.99080267,0.97523046,0.00705285,0.0,0.0082784
2025-02-13 00:00:00+00:00,3562.1775,27.13482266,0.99094524,0.97547583,0.00704589,0.0,0.00819231
2025-02-13 01:00:00+00:00,3542.1125,26.92546219,0.99119321,0.97583958,0.00696556,0.0,0.00817102
2025-02-13 02:00:00+00:00,3516.1375,26.49160253,0.99120923,0.97638163,0.00700241,0.0,0.00803536
2025-02-13 03:00:00+00:00,3519.69,26.35166277,0.99132684,0.97659857,0.00696201,0.0,0.00796932
2025-02-13 04:00:00+00:00,3579.245,26.10520574,0.99149142,0.97724446,0.00687444,0.0,0.00778581
2025-02-13 05:00:00+00:00,3733.1825,26.18373367,0.99142369,0.97699062,0.00686196,0.0,0.00781284
2025-02-13 06:00:00+00:00,3944.6775,25.97558889,0.99153264,0.97740182,0.00669166,0.0,0.00768382
2025-02-13 07:00:00+00:00,3965.645,25.96857023,0.99188005,0.97776883,0.00658822,0.0,0.00761833
2025-02-13 08:00:00+00:00,3980.5025,26.04098629,0.99195554,0.97772393,0.00670555,0.0,0.00769766
2025-02-13 09:00:00+00:00,3960.65,26.32599933,0.99169985,0.97717802,0.00673527,0.0,0.00780234
2025-02-13 10:00:00+00:00,3861.965,26.57504799,0.99174357,0.97672436,0.00727219,0.0,0.00787748
2025-02-13 11:00:00+00:00,3791.7825,26.84911135,0.99167373,0.97325248,0.01040098,0.0,0.00804561
2025-02-13 12:00:00+00:00,3745.735,26.93864427,0.99164034,0.97252522,0.01115341,0.0,0.00799617
2025-02-13 13:00:00+00:00,3731.74,26.9806046,0.99165677,0.97276037,0.0109883,0.0,0.0079165
2025-02-13 14:00:00+00:00,3762.8825,27.10205638,0.99171416,0.97259418,0.01114262,0.0,0.00796422
2025-02-13 15:00:00+00:00,3829.17,27.17732592,0.99111784,0.97133811,0.01177174,0.0,0.00799519
2025-02-13 16:00:00+00:00,3884.0925,27.13572893,0.99102032,0.9717038,0.01110131,0.0,0.0079512
2025-02-13 17:00:00+00:00,3907.4475,27.41529866,0.99070467,0.9711101,0.01112506,0.0,0.00808587
2025-02-13 18:00:00+00:00,3943.5375,27.59281306,0.99065676,0.97034336,0.01187347,0.0,0.00807607
2025-02-13 19:00:00+00:00,3947.68,27.895394,0.99055506,0.97014076,0.01162421,0.0,0.00817128
2025-02-13 20:00:00+00:00,3916.1625,27.96171869,0.99043042,0.97041526,0.01124434,0.0,0.00822038
2025-02-13 21:00:00+00:00,3888.5525,28.00947109,0.99028009,0.97035847,0.01106257,0.0,0.00814673
2025-02-13 22:00:00+00:00,3821.25,28.0087284,0.99048594,0.97035115,0.01130799,0.0,0.00823308
2025-02-13 23:00:00+00:00,3756.1125,28.03390406,0.99011668,0.96947953,0.01157259,0.0,0.00847804
2025-02-14 00:00:00+00:00,3672.3075,27.95460306,0.98994023,0.96894058,0.01205592,0.0,0.00864429
2025-02-14 01:00:00+00:00,3649.785,27.96153701,0.98999622,0.96900539,0.01190066,0.0,0.00865248
2025-02-14 02:00:00+00:00,3654.485,27.99241456,0.9898586,0.96873034,0.01188412,0.0,0.00871245
2025-02-14 03:00:00+00:00,3704.8475,27.83279843,0.98982262,0.9690195,0.01163498,0.0,0.00857034
2025-02-14 04:00:00+00:00,3760.3475,27.39493617,0.99043355,0.97003005,0.01191026,0.0,0.00840798
2025-02-14 05:00:00+00:00,3921.065,27.23941672,0.99066607,0.97071934,0.0116615,0.0,0.00815011
2025-02-14 06:00:00+00:00,4144.335,27.37637377,0.99057875,0.97017393,0.01212946,0.0,0.00788582
2025-02-14 07:00:00+00:00,4238.1025,27.43569649,0.99099232,0.96994263,0.01270794,0.0,0.00778888
2025-02-14 08:00:00+00:00,4241.18,27.38493247,0.9912805,0.97061093,0.01242228,0.0,0.00773913
2025-02-14 09:00:00+00:00,4217.0525,27.46020101,0.9908429,0.96911046,0.01342731,0.0,0.00786677
2025-02-14 10:00:00+00:00,4139.345,27.55113402,0.99093442,0.96807855,0.01448569,0.0,0.00803915
2025-02-14 11:00:00+00:00,4094.54,27.64023786,0.99080128,0.96781079,0.01458308,0.0,0.00810671
2025-02-14 12:00:00+00:00,4021.765,27.62436978,0.99046235,0.96754203,0.01445751,0.0,0.00821668
2025-02-14 13:00:00+00:00,4019.6425,27.59554491,0.99019663,0.96747366,0.01427244,0.0,0.00821868
2025-02-14 14:00:00+00:00,4025.3275,27.64304707,0.99010419,0.96659468,0.01478086,0.0,0.00828442
2025-02-14 15:00:00+00:00,4052.8175,27.52684065,0.98993972,0.96932805,0.01196986,0.0,0.00811531
2025-02-14 16:00:00+00:00,4086.4275,27.4201902,0.99014012,0.9699813,0.01159953,0.0,0.00800746
2025-02-14 17:00:00+00:00,4097.8075,27.17190051,0.99054952,0.97080839,0.01134794,0.0,0.00792959
2025-02-14 18:00:00+00:00,4061.235,26.90970384,0.9906227,0.97110206,0.01123511,0.0,0.00792059
2025-02-14 19:00:00+00:00,3982.09,26.42964692,0.99070154,0.97164258,0.01116366,0.0,0.00783791
2025-02-14 20:00:00+00:00,3920.1125,25.92959742,0.99104571,0.97239927,0.01125484,0.0,0.00774834
2025-02-14 21:00:00+00:00,3861.8925,25.02189826,0.99144211,0.97374907,0.01131707,2.619e-05,0.00743717
2025-02-14 22:00:00+00:00,3821.2825,24.79156283,0.99159948,0.97439955,0.01115741,0.0,0.00736156
2025-02-14 23:00:00+00:00,3756.055,24.6992684,0.9924171,0.97519632,0.01134363,0.0,0.00736557
2025-02-15 00:00:00+00:00,3711.635,24.89281705,0.9923892,0.97506014,0.01117618,0.0,0.00750768
2025-02-15 01:00:00+00:00,3693.815,24.62250026,0.99245673,0.97526142,0.01128144,0.0,0.00746797
2025-02-15 02:00:00+00:00,3692.9,24.05643227,0.99265709,0.97628698,0.01118357,0.0,0.00727232
2025-02-15 03:00:00+00:00,3711.91,24.03118243,0.99261935,0.97631157,0.01125847,0.0,0.00720964
2025-02-15 04:00:00+00:00,3726.455,24.42676595,0.99222945,0.97465253,0.01177685,0.0,0.00768222
2025-02-15 05:00:00+00:00,3773.36,24.86653128,0.99189362,0.97356642,0.01193298,0.0,0.00791198
2025-02-15 06:00:00+00:00,3852.0175,25.12670199,0.99145395,0.97264583,0.01190373,0.0,0.00788195
2025-02-15 07:00:00+00:00,3953.85,25.26776043,0.99145438,0.97266475,0.01166298,0.0,0.0077895
2025-02-15 08:00:00+00:00,4018.1325,25.6319152,0.99185911,0.97320957,0.01166514,0.0,0.00769096
2025-02-15 09:00:00+00:00,4006.7,26.11549221,0.9914815,0.97083079,0.01301674,0.0,0.00791007
2025-02-15 10:00:00+00:00,3948.03,26.57386341,0.99129488,0.96983893,0.01360725,0.0,0.00807469
2025-02-15 11:00:00+00:00,3887.9425,26.80136467,0.991415,0.96908387,0.01438688,0.0,0.00818742
2025-02-15 12:00:00+00:00,3844.195,27.02768786,0.99109353,0.9683777,0.01434747,0.0,0.00835031
2025-02-15 13:00:00+00:00,3828.235,27.0065016,0.99112053,0.96863537,0.01431948,0.0,0.00831207
2025-02-15 14:00:00+00:00,3839.695,27.29083756,0.9908126,0.96819629,0.01398523,0.0,0.0084244
2025-02-15 15:00:00+00:00,3876.105,27.20624666,0.9907937,0.96907942,0.01296891,0.0,0.00836938
2025-02-15 16:00:00+00:00,4015.2175,27.07916914,0.99121632,0.9708964,0.01204067,0.0,0.00809345
2025-02-15 17:00:00+00:00,4103.7425,26.91744815,0.99107851,0.97130211,0.01168541,6.1e-06,0.0079088
2025-02-15 18:00:00+00:00,4112.7375,26.72247931,0.99119193,0.97097221,0.01238218,0.0,0.0078422
2025-02-15 19:00:00+00:00,4077.7575,26.76026841,0.99106844,0.97126653,0.01178903,0.0,0.00790418
2025-02-15 20:00:00+00:00,4001.8225,26.38960422,0.991438,0.97205257,0.01164343,4.18e-06,0.00789007
2025-02-15 21:00:00+00:00,4025.84,26.25515878,0.9914949,0.97282785,0.01100642,0.0,0.00778549
2025-02-15 22:00:00+00:00,3984.235,25.76381486,0.99150002,0.97255927,0.0113706,0.0,0.0078092
2025-02-15 23:00:00+00:00,3933.1925,25.47466894,0.99219613,0.97467784,0.01061924,8.494e-05,0.00749799
2025-02-16 00:00:00+00:00,3896.4425,25.22129054,0.99258141,0.97540514,0.0107542,2.68e-05,0.0074028
2025-02-16 01:00:00+00:00,3853.48,25.49996532,0.99245319,0.97481882,0.01104686,5.453e-05,0.00747573
2025-02-16 02:00:00+00:00,3839.7825,25.52951957,0.99250265,0.97483743,0.01113033,1.919e-05,0.00748039
2025-02-16 03:00:00+00:00,3818.3325,25.97003128,0.9923063,0.97417328,0.01128303,0.0,0.00759239
2025-02-16 04:00:00+00:00,3834.6375,26.19014316,0.99197998,0.97343581,0.01125247,9.1e-07,0.00783648
2025-02-16 05:00:00+00:00,3860.8575,26.53035559,0.99157342,0.97265226,0.01094248,1.63e-05,0.00794795
2025-02-16 06:00:00+00:00,3893.88,26.6866764,0.99163252,0.97221759,0.01176241,0.0,0.00798562
2025-02-16 07:00:00+00:00,3931.8875,26.70377985,0.9918574,0.97261352,0.01180046,0.0,0.00782117
2025-02-16 08:00:00+00:00,4002.5175,26.43012854,0.99193815,0.97141312,0.01369138,0.0,0.0076949
2025-02-16 09:00:00+00:00,4023.635,26.6554685,0.99177052,0.97074372,0.01382745,0.0,0.0077409
2025-02-16 10:00:00+00:00,3979.5,26.77497378,0.99185989,0.9720088,0.01245898,0.0,0.00777771
2025-02-16 11:00:00+00:00,3962.1275,26.51090821,0.99183639,0.9726827,0.01203486,3.664e-05,0.00771481
2025-02-16 12:00:00+00:00,3973.4725,25.97540582,0.99198687,0.97416956,0.01080053,2.32e-06,0.00758446
2025-02-16 13:00:00+00:00,3970.165,25.68881538,0.99211571,0.97465111,0.01060201,0.0,0.00743443
2025-02-16 14:00:00+00:00,3980.1925,25.67087201,0.99221697,0.97482889,0.01048885,2.637e-05,0.00731993
2025-02-16 15:00:00+00:00,4017.1275,24.44050734,0.99269721,0.9768231,0.01007398,0.0,0.00683979
2025-02-16 16:00:00+00:00,4076.755,24.29072952,0.99283998,0.97715794,0.0099523,5.65e-06,0.00674067
2025-02-16 17:00:00+00:00,4079.615,24.71542946,0.99281656,0.97693823,0.00991899,0.0,0.00684742
2025-02-16 18:00:00+00:00,4050.19,25.46845091,0.9925894,0.97575787,0.01021948,0.0,0.00710351
2025-02-16 19:00:00+00:00,4046.92,26.16628479,0.99207602,0.97449881,0.01050273,3.08e-06,0.00736259
2025-02-16 20:00:00+00:00,4014.175,26.76339141,0.99185004,0.97353635,0.01059422,1.037e-05,0.00759405
2025-02-16 21:00:00+00:00,3958.59,27.16654898,0.99140621,0.97252828,0.01061796,0.00012031,0.00778056
2025-02-16 22:00:00+00:00,3891.4375,27.45382524,0.99148037,0.97194816,0.01122523,8e-07,0.00807726
2025-02-16 23:00:00+00:00,3789.8975,27.6195276,0.99025713,0.97037705,0.01128225,0.0,0.00821975
2025-02-17 00:00:00+00:00,3724.3175,27.70340934,0.99025675,0.97032031,0.01132858,0.0,0.0082343
2025-02-17 01:00:00+00:00,3685.925,27.65476789,0.99040638,0.9703444,0.01144101,0.0,0.00831549
2025-02-17 02:00:00+00:00,3694.3325,27.5504215,0.99023064,0.97015748,0.01153489,0.0,0.00832485
2025-02-17 03:00:00+00:00,3699.4725,27.32184869,0.99016598,0.9702458,0.0115256,0.0,0.00829414
2025-02-17 04:00:00+00:00,3774.5,27.20420525,0.99064841,0.97163545,0.0109482,0.0,0.00792227
2025-02-17 05:00:00+00:00,3951.15,27.19951485,0.99070458,0.97201832,0.01083281,0.0,0.00778103
2025-02-17 06:00:00+00:00,4110.95,26.87841364,0.99076077,0.97263184,0.01098781,0.0,0.00762802
2025-02-17 07:00:00+00:00,4115.55,26.65176157,0.9919113,0.97452421,0.0107204,0.0,0.00738415
2025-02-17 08:00:00+00:00,4144.51,26.6139538,0.9922806,0.97490801,0.01067028,0.0,0.00737335
2025-02-17 09:00:00+00:00,4112.28,26.71410414,0.99217913,0.97454808,0.01062529,0.0,0.00742768
2025-02-17 10:00:00+00:00,4086.3675,26.89006587,0.99228243,0.97448108,0.01039798,0.0,0.00748678
2025-02-17 11:00:00+00:00,4091.1825,26.76595387,0.99245409,0.97480422,0.01024563,0.0,0.00713181
2025-02-17 12:00:00+00:00,4053.98,26.52981364,0.99253812,0.97469588,0.01073699,0.0,0.0072656
2025-02-17 13:00:00+00:00,4016.265,26.1615615,0.99241612,0.9746177,0.01139574,0.0,0.007263
2025-02-17 14:00:00+00:00,4033.2125,26.01959603,0.99199979,0.97464586,0.01103725,0.0,0.00727111
2025-02-17 15:00:00+00:00,4057.9025,25.94176837,0.99210297,0.97488281,0.01073441,0.0,0.00713327
2025-02-17 16:00:00+00:00,4073.205,26.03515807,0.99190313,0.97481456,0.00971106,0.0,0.00735478
2025-02-17 17:00:00+00:00,4072.8225,25.59236843,0.99174286,0.97411293,0.01085487,0.0,0.00726154
2025-02-17 18:00:00+00:00,4062.64,25.48006698,0.99193684,0.97508481,0.0106472,0.0,0.00707681
2025-02-17 19:00:00+00:00,4017.265,25.90437303,0.99167725,0.97401895,0.01068304,0.0,0.00724294
2025-02-17 20:00:00+00:00,3962.2225,25.62034888,0.99167819,0.97455857,0.01070957,0.0,0.00715159
2025-02-17 21:00:00+00:00,3878.52,25.83887113,0.99151754,0.97463135,0.01022475,0.0,0.00731938
2025-02-17 22:00:00+00:00,3760.6225,25.93321695,0.99158376,0.97426131,0.01080609,0.0,0.0073525
2025-02-17 23:00:00+00:00,3666.695,25.99725714,0.9911194,0.97251718,0.01224973,0.0,0.00783759
2025-02-18 00:00:00+00:00,3580.665,26.17152672,0.99051442,0.9719267,0.01196867,0.0,0.00792147
2025-02-18 01:00:00+00:00,3556.24,26.24079382,0.99039177,0.97179345,0.01200628,0.0,0.00801956
2025-02-18 02:00:00+00:00,3544.8625,26.0843775,0.99026935,0.97183025,0.01186334,0.0,0.00796027
2025-02-18 03:00:00+00:00,3538.1775,26.07111401,0.99027857,0.97068671,0.01304771,0.0,0.0080799
2025-02-18 04:00:00+00:00,3589.555,25.87877143,0.99100526,0.97246124,0.01266934,0.0,0.00783536
2025-02-18 05:00:00+00:00,3760.055,26.01832838,0.99101873,0.97343937,0.01138934,0.0,0.00762192
2025-02-18 06:00:00+00:00,3959.775,26.2257491,0.99150724,0.97381783,0.01068324,0.0,0.00707286
2025-02-18 07:00:00+00:00,4004.165,26.32602836,0.99182499,0.97498573,0.00889058,0.0,0.00701492
2025-02-18 08:00:00+00:00,4012.9,26.31686593,0.99233123,0.97202846,0.01288438,0.0,0.00698865
2025-02-18 09:00:00+00:00,3983.0225,26.67976623,0.99189325,0.9702743,0.01363521,0.0,0.00712247
2025-02-18 10:00:00+00:00,3946.24,26.91021481,0.99174973,0.96991926,0.01332577,0.0,0.00732598
2025-02-18 11:00:00+00:00,3893.72,27.34765496,0.99178895,0.96929388,0.01299899,0.0,0.00743823
2025-02-18 12:00:00+00:00,3837.2775,27.34927142,0.99171697,0.96866969,0.01386812,0.0,0.00760532
2025-02-18 13:00:00+00:00,3822.2825,27.34715948,0.99177786,0.96878837,0.01419874,0.0,0.00757547
2025-02-18 14:00:00+00:00,3831.9875,27.07246725,0.99179654,0.97069015,0.01289429,0.0,0.00763939
2025-02-18 15:00:00+00:00,3877.8175,27.15301061,0.99081126,0.96832292,0.01389456,0.0,0.00798532
2025-02-18 16:00:00+00:00,3950.0525,27.07716478,0.99094053,0.96903888,0.01350358,0.0,0.00761817
2025-02-18 17:00:00+00:00,3987.0825,27.18411394,0.99097133,0.97049237,0.01204633,0.0,0.00772229
2025-02-18 18:00:00+00:00,4005.885,27.09781373,0.9910388,0.97091569,0.0118224,0.0,0.00775053
2025-02-18 19:00:00+00:00,3985.59,27.03467598,0.99070899,0.97140157,0.01097349,0.0,0.0078553
2025-02-18 20:00:00+00:00,3960.7075,26.80005779,0.99075598,0.97249451,0.01027651,0.0,0.00784198
2025-02-18 21:00:00+00:00,3894.7,26.81845145,0.99071733,0.9722133,0.01037276,0.0,0.0079565
2025-02-18 22:00:00+00:00,3789.7075,26.90299793,0.99073133,0.97265199,0.00962369,0.0,0.00800138
2025-02-18 23:00:00+00:00,3719.735,27.17447147,0.99053979,0.96973731,0.01180982,0.0,0.00831475
2025-02-19 00:00:00+00:00,3665.1975,27.18344091,0.99061705,0.96889677,0.01252558,0.0,0.00841616
2025-02-19 01:00:00+00:00,3651.56,27.34314159,0.99037955,0.96885819,0.01179313,0.0,0.00857395
2025-02-19 02:00:00+00:00,3670.4075,27.31364601,0.99038845,0.9682501,0.01253177,0.0,0.00849121
2025-02-19 03:00:00+00:00,3697.22,27.24428176,0.99031762,0.96765122,0.01331034,0.0,0.00850381
2025-02-19 04:00:00+00:00,3767.2975,27.02390186,0.99041589,0.9688251,0.01238541,0.0,0.00835162
2025-02-19 05:00:00+00:00,3934.4225,26.80422373,0.99055993,0.97105271,0.01082497,0.0,0.00801297
2025-02-19 06:00:00+00:00,4161.3375,26.69909785,0.99120123,0.97143941,0.01129692,0.0,0.00770534
2025-02-19 07:00:00+00:00,4229.6625,26.96476007,0.99144194,0.97156897,0.01066751,0.0,0.00773047
2025-02-19 08:00:00+00:00,4221.6825,26.56410734,0.99163423,0.97146813,0.01189316,0.0,0.00757262
2025-02-19 09:00:00+00:00,4155.26,26.59585835,0.99162085,0.97067396,0.01271232,0.0,0.00767962
2025-02-19 10:00:00+00:00,4085.5075,26.54272782,0.99145698,0.97038038,0.01285551,0.0,0.00782038
2025-02-19 11:00:00+00:00,4029.6825,26.5673456,0.99146391,0.97049788,0.01259967,0.0,0.00787087
2025-02-19 12:00:00+00:00,3976.8575,26.60741178,0.99143682,0.97082183,0.01209989,0.0,0.00799001
2025-02-19 13:00:00+00:00,3962.56,26.67319006,0.99165488,0.96999097,0.01312565,0.0,0.00796259
2025-02-19 14:00:00+00:00,3981.21,26.66736523,0.99163811,0.97104612,0.01188028,0.0,0.00800351
2025-02-19 15:00:00+00:00,4017.8525,26.29398892,0.99205718,0.97374636,0.0102518,0.0,0.0075248
2025-02-19 16:00:00+00:00,4056.4375,26.04175726,0.99231093,0.97414916,0.01035613,0.0,0.00731204
2025-02-19 17:00:00+00:00,4096.2775,25.86787445,0.99230983,0.97433928,0.01037264,0.0,0.00741927
2025-02-19 18:00:00+00:00,4100.205,25.59651869,0.99219862,0.97455714,0.01024795,0.0,0.00733894
2025-02-19 19:00:00+00:00,4096.535,25.3626758,0.99170479,0.9744273,0.01011031,0.0,0.00713374
2025-02-19 20:00:00+00:00,4063.86,25.050323,0.99161787,0.97446368,0.01033261,0.0,0.0071214
2025-02-19 21:00:00+00:00,3995.715,24.84795628,0.99189704,0.97527065,0.01008535,0.0,0.00701217
2025-02-19 22:00:00+00:00,3897.4225,24.3458703,0.99226653,0.97611402,0.01009758,0.0,0.00683702
2025-02-19 23:00:00+00:00,3849.4125,24.37667193,0.9920004,0.97520697,0.01060368,0.0,0.00707695
2025-02-20 00:00:00+00:00,3841.3575,24.540722,0.99221678,0.97540468,0.01055105,0.0,0.00673337
2025-02-20 01:00:00+00:00,3808.6975,24.54185713,0.99183337,0.97502367,0.01058712,0.0,0.00719048
2025-02-20 02:00:00+00:00,3803.2375,24.52223019,0.99153656,0.97455491,0.0105595,0.0,0.00717835
2025-02-20 03:00:00+00:00,3810.1125,24.47503483,0.99149131,0.97468952,0.01031577,0.0,0.00710373
2025-02-20 04:00:00+00:00,3875.485,23.92564527,0.99201398,0.97629548,0.01004986,0.0,0.00678144
2025-02-20 05:00:00+00:00,4020.1625,23.4749828,0.99211578,0.97679594,0.00984671,0.0,0.00665122
2025-02-20 06:00:00+00:00,4221.98,23.15671952,0.99256312,0.97776778,0.00951333,0.0,0.00642824
2025-02-20 07:00:00+00:00,4213.4375,22.45650159,0.99322705,0.97935943,0.00968273,0.0,0.00619822
2025-02-20 08:00:00+00:00,4207.0875,22.25938664,0.99358024,0.97981343,0.00971928,0.0,0.00615211
2025-02-20 09:00:00+00:00,4198.615,22.1587555,0.99347051,0.97984825,0.0095814,0.0,0.00612965
2025-02-20 10:00:00+00:00,4138.0375,21.90480496,0.99361555,0.98055481,0.00926028,0.0,0.00603125
2025-02-20 11:00:00+00:00,4095.79,21.95680704,0.99360251,0.98013534,0.00915815,0.0,0.00604696
2025-02-20 12:00:00+00:00,4059.7525,21.94343773,0.99343948,0.9797028,0.00933707,0.0,0.00607042
2025-02-20 13:00:00+00:00,4051.2325,21.8529799,0.99352904,0.97976625,0.00947443,0.0,0.00612173
2025-02-20 14:00:00+00:00,4077.4275,21.99285411,0.99370539,0.97976236,0.00937376,0.0,0.00608471
2025-02-20 15:00:00+00:00,4119.655,22.14720277,0.99364136,0.97970606,0.00918549,0.0,0.00600604
2025-02-20 16:00:00+00:00,4135.2975,22.01305716,0.99329923,0.97961167,0.0091273,0.0,0.00606971
2025-02-20 17:00:00+00:00,4143.1975,21.77143955,0.99325344,0.97964315,0.00937712,0.0,0.00607704
2025-02-20 18:00:00+00:00,4095.9525,21.26961001,0.9927942,0.98014155,0.00832959,0.0,0.0061448
2025-02-20 19:00:00+00:00,4047.4575,20.72156587,0.99263885,0.98131193,0.00721312,0.0,0.00612354
2025-02-20 20:00:00+00:00,3990.4775,20.17279984,0.99260493,0.9797542,0.00943491,3.42e-05,0.00603858
2025-02-20 21:00:00+00:00,3909.675,20.07261706,0.99233947,0.97960231,0.00951134,6.488e-05,0.0060975
2025-02-20 22:00:00+00:00,3799.33,20.1803783,0.99175403,0.97865716,0.00955237,0.00038672,0.00608392
2025-02-20 23:00:00+00:00,3699.36,20.49349776,0.99146879,0.9792835,0.00756429,0.00063856,0.00641472
2025-02-21 00:00:00+00:00,3633.475,20.96094654,0.99132933,0.97879457,0.00709778,0.00069171,0.00664911
2025-02-21 01:00:00+00:00,3568.23,21.34568428,0.99095809,0.97801056,0.00723672,0.00074662,0.00678506
2025-02-21 02:00:00+00:00,3525.98,21.58333007,0.99101991,0.97806347,0.00729149,0.00066968,0.00696067
2025-02-21 03:00:00+00:00,3506.5825,22.53276764,0.99099193,0.97728414,0.00743566,0.00063335,0.00717246
2025-02-21 04:00:00+00:00,3556.655,22.44528561,0.99092243,0.97789131,0.00746845,0.00028088,0.00710359
2025-02-21 05:00:00+00:00,3726.3075,22.95779005,0.99179018,0.97727492,0.00932628,4.797e-05,0.00682662
2025-02-21 06:00:00+00:00,3864.47,23.47546283,0.99188015,0.97632065,0.00996857,0.0,0.00689412
2025-02-21 07:00:00+00:00,3895.075,22.90879641,0.99244884,0.97756814,0.01015152,0.0,0.00677888
2025-02-21 08:00:00+00:00,3892.12,22.78717911,0.99261845,0.97794806,0.00998245,0.0,0.00671725
2025-02-21 09:00:00+00:00,3857.885,22.84664609,0.99244958,0.97813496,0.00995948,0.0,0.00664278
2025-02-21 10:00:00+00:00,3775.6275,23.52752513,0.99254343,0.97735607,0.0102588,0.0,0.00691627
2025-02-21 11:00:00+00:00,3759.8125,24.16998196,0.99246053,0.97616626,0.01024722,0.0,0.00708621
2025-02-21 12:00:00+00:00,3735.0925,24.04520822,0.9925855,0.97651626,0.00978014,0.0,0.00700001
2025-02-21 13:00:00+00:00,3737.595,22.91401958,0.99298187,0.97830333,0.00939556,0.0,0.00659581
2025-02-21 14:00:00+00:00,3734.5625,21.86973118,0.993455,0.97998524,0.00933477,0.0,0.00620338
2025-02-21 15:00:00+00:00,3754.855,21.38426684,0.99340791,0.97985489,0.00974447,0.0,0.00622779
2025-02-21 16:00:00+00:00,3786.7925,20.99895378,0.99346569,0.98028134,0.00973861,0.0,0.00605591
2025-02-21 17:00:00+00:00,3792.85,20.98137872,0.99341558,0.98015003,0.00977497,0.0,0.00609388
2025-02-21 18:00:00+00:00,3752.6125,20.94197793,0.99313076,0.97995232,0.00970287,0.0,0.00625902
2025-02-21 19:00:00+00:00,3662.385,20.57452396,0.99186958,0.98016054,0.00770466,0.0,0.00656244
2025-02-21 20:00:00+00:00,3565.5175,20.37335829,0.99125229,0.97957004,0.00725945,0.0,0.00674065
2025-02-21 21:00:00+00:00,3460.3875,20.0998546,0.99111802,0.97941238,0.00725543,0.0,0.00683201
2025-02-21 22:00:00+00:00,3399.34,20.21621918,0.99092414,0.97866965,0.0072931,0.00024727,0.00695041
2025-02-21 23:00:00+00:00,3286.625,19.92168061,0.99145542,0.98658805,0.00052241,0.00022012,0.00705768
2025-02-22 00:00:00+00:00,3218.2225,20.12195776,0.9910784,0.98626971,0.0,0.00040858,0.00705814
2025-02-22 01:00:00+00:00,3196.875,20.17099534,0.99133611,0.98661989,0.0,0.00035745,0.00711907
2025-02-22 02:00:00+00:00,3187.935,20.52972275,0.99085224,0.98559915,0.0,0.00038014,0.00717854
2025-02-22 03:00:00+00:00,3171.38,20.4782754,0.99106504,0.98620767,0.0,0.00029381,0.00707193
2025-02-22 04:00:00+00:00,3162.28,21.29187847,0.99101941,0.98554105,0.0,0.00032707,0.00735055
2025-02-22 05:00:00+00:00,3181.21,23.28431337,0.98978902,0.98163634,0.0,0.00111435,0.00778246
2025-02-22 06:00:00+00:00,3242.8725,23.82531771,0.98943276,0.98133726,0.0,0.00113085,0.00781429
2025-02-22 07:00:00+00:00,3291.665,24.05995032,0.98973437,0.98188861,0.0,0.00070663,0.00780418
2025-02-22 08:00:00+00:00,3364.8825,23.5993796,0.99081473,0.98354552,0.0,0.0004191,0.00757344
2025-02-22 09:00:00+00:00,3413.1125,22.58176587,0.9911419,0.98382525,0.00052821,0.00059246,0.00723911
2025-02-22 10:00:00+00:00,3408.6875,22.32875795,0.99134047,0.9754581,0.00905306,0.00073203,0.00710789
2025-02-22 11:00:00+00:00,3357.4275,22.27582118,0.99140326,0.97374493,0.01095927,0.00070606,0.00707664
2025-02-22 12:00:00+00:00,3322.4425,22.12187837,0.99143176,0.97390586,0.01123428,0.00062299,0.00715339
2025-02-22 13:00:00+00:00,3319.42,22.4629348,0.99208227,0.97509165,0.01101718,0.00035361,0.00698984
2025-02-22 14:00:00+00:00,3377.1525,22.61139031,0.9921282,0.97463151,0.01090792,0.00036509,0.00709853
2025-02-22 15:00:00+00:00,3401.5625,22.9116183,0.99234962,0.9750696,0.0109709,0.00016072,0.00714429
2025-02-22 16:00:00+00:00,3457.7375,23.26343129,0.99281522,0.97597755,0.01100298,4.591e-05,0.00703115
2025-02-22 17:00:00+00:00,3473.2075,23.45062965,0.99213608,0.9751664,0.01076148,0.00011005,0.00710282
2025-02-22 18:00:00+00:00,3454.64,23.55244754,0.99206486,0.97522151,0.01047404,0.00020291,0.00692107
2025-02-22 19:00:00+00:00,3366.055,24.10479606,0.99158513,0.97369775,0.0107623,0.00039257,0.0071577
2025-02-22 20:00:00+00:00,3318.095,24.43520969,0.99106443,0.9720894,0.01125806,0.00041717,0.00751348
2025-02-22 21:00:00+00:00,3281.7825,24.8789604,0.99085647,0.97173164,0.0112117,0.00041593,0.00760709
2025-02-22 22:00:00+00:00,3244.03,25.03083278,0.99028227,0.97038517,0.01107243,0.00072141,0.00776449
2025-02-22 23:00:00+00:00,3216.56,25.10490065,0.99053793,0.97214285,0.00962547,0.00061976,0.00785476
2025-02-23 00:00:00+00:00,3182.32,25.00847395,0.99087469,0.97257475,0.00985009,0.00056121,0.00797152
2025-02-23 01:00:00+00:00,3173.3,24.93134285,0.99086478,0.97257109,0.00979572,0.00059224,0.00792496
2025-02-23 02:00:00+00:00,3176.6775,24.63149085,0.99087526,0.97289578,0.00964238,0.00053212,0.00788024
2025-02-23 03:00:00+00:00,3202.0425,24.29443823,0.99134919,0.97395097,0.00945291,0.00046969,0.00755935
2025-02-23 04:00:00+00:00,3215.4175,24.389643,0.99151782,0.97380558,0.00967933,0.00037097,0.00765625
2025-02-23 05:00:00+00:00,3235.3,24.13847795,0.99137045,0.97201342,0.01128539,0.0003684,0.00772638
2025-02-23 06:00:00+00:00,3314.79,23.76547672,0.99179087,0.97353437,0.01110401,0.00014998,0.0075316
2025-02-23 07:00:00+00:00,3343.63,23.74991663,0.99205344,0.97435772,0.01090708,7.716e-05,0.0074125
2025-02-23 08:00:00+00:00,3386.615,23.80225762,0.9921602,0.97423523,0.01097706,3.204e-05,0.00748669
2025-02-23 09:00:00+00:00,3377.215,24.40589425,0.99196499,0.97364073,0.01131219,0.0,0.00768761
2025-02-23 10:00:00+00:00,3318.1475,24.98474659,0.99152991,0.97229987,0.01143555,0.0,0.00798522
2025-02-23 11:00:00+00:00,3287.4725,25.55871809,0.99123423,0.97117024,0.01150545,8.525e-05,0.00816058
2025-02-23 12:00:00+00:00,3281.0975,25.35646013,0.99084574,0.9712501,0.01099872,0.00020027,0.00789915
2025-02-23 13:00:00+00:00,3271.6275,24.9484769,0.99131238,0.97215794,0.01093758,0.00013112,0.00770603
2025-02-23 14:00:00+00:00,3326.26,24.05983508,0.99219864,0.97429086,0.0108534,3.35e-06,0.00744965
2025-02-23 15:00:00+00:00,3362.465,22.7164948,0.99282395,0.97677643,0.01060502,0.0,0.00695674
2025-02-23 16:00:00+00:00,3438.2225,21.6802646,0.99327416,0.97874259,0.01044219,0.0,0.00648004
2025-02-23 17:00:00+00:00,3507.13,21.15677091,0.99352726,0.97982414,0.01017492,0.0,0.0063044
2025-02-23 18:00:00+00:00,3514.86,21.16296433,0.99328505,0.9796186,0.00995185,0.0,0.00623513
2025-02-23 19:00:00+00:00,3502.8875,21.30360768,0.99306351,0.97880243,0.01007451,0.0,0.00644352
2025-02-23 20:00:00+00:00,3487.9225,21.07808383,0.99301011,0.98046257,0.00819406,0.0,0.00651314
2025-02-23 21:00:00+00:00,3428.9425,20.91498881,0.99247706,0.9795413,0.00830767,0.0,0.00685253
2025-02-23 22:00:00+00:00,3356.04,20.78308182,0.99194729,0.97880093,0.00823083,0.0,0.00688911
2025-02-23 23:00:00+00:00,3290.7125,20.40157329,0.99093427,0.97783275,0.00826309,0.0,0.00695293
2025-02-24 00:00:00+00:00,3233.295,20.65972165,0.99042281,0.97763966,0.00756421,0.0,0.00721636
2025-02-24 01:00:00+00:00,3208.7225,20.80453072,0.99041381,0.97731519,0.00767077,0.0,0.0074222
2025-02-24 02:00:00+00:00,3172.035,20.24813347,0.99079484,0.97832754,0.00781339,7.098e-05,0.00729683
2025-02-24 03:00:00+00:00,3186.325,20.69701069,0.99050933,0.97741297,0.00749918,6.797e-05,0.00731804
2025-02-24 04:00:00+00:00,3227.2375,20.28752311,0.99100986,0.97903543,0.00738749,0.0,0.00695965
2025-02-24 05:00:00+00:00,3376.93,20.14766897,0.99117566,0.97930676,0.0075007,0.0,0.00684346
2025-02-24 06:00:00+00:00,3610.0025,20.99911292,0.99171971,0.97896767,0.0077609,0.0,0.00665688
2025-02-24 07:00:00+00:00,3674.115,21.54324969,0.99205814,0.97903803,0.0076554,0.0,0.00650076
2025-02-24 08:00:00+00:00,3622.9475,21.05471244,0.99233213,0.97972961,0.00806113,0.0,0.00622245
2025-02-24 09:00:00+00:00,3600.445,21.56349121,0.99208559,0.97854373,0.00814554,0.0,0.00636892
2025-02-24 10:00:00+00:00,3558.4675,20.87175122,0.9922765,0.97993106,0.00840678,0.0,0.00603982
2025-02-24 11:00:00+00:00,3547.5,21.12696516,0.99128545,0.97844778,0.00841219,0.0,0.00675728
2025-02-24 12:00:00+00:00,3508.1725,20.50941061,0.99176162,0.97985746,0.00833994,0.0,0.00659252
2025-02-24 13:00:00+00:00,3496.9075,20.71134387,0.99213952,0.97997299,0.00841783,0.00029297,0.00651156
2025-02-24 14:00:00+00:00,3487.545,21.40498746,0.99182308,0.97852577,0.00830152,0.00056693,0.00674587
2025-02-24 15:00:00+00:00,3516.9875,21.78630419,0.99162717,0.97769604,0.00824001,0.00060667,0.00687401
2025-02-24 16:00:00+00:00,3514.5125,21.45337708,0.99246469,0.98348434,0.0050376,0.00020606,0.0066088
2025-02-24 17:00:00+00:00,3545.975,21.10359774,0.99243273,0.98396424,0.00505464,0.00023658,0.00645167
2025-02-24 18:00:00+00:00,3514.7225,20.81617458,0.99192148,0.97996168,0.00843364,0.00039037,0.00657357
2025-02-24 19:00:00+00:00,3486.1825,21.19453898,0.99165964,0.97895142,0.00845885,0.00034989,0.00677699
2025-02-24 20:00:00+00:00,3426.8325,21.49725479,0.99091583,0.97775968,0.00860994,0.00031256,0.00694728
2025-02-24 21:00:00+00:00,3371.6825,21.5891534,0.99032271,0.97702327,0.00886844,0.0004188,0.00711772
2025-02-24 22:00:00+00:00,3296.0525,21.88042633,0.98939845,0.97548863,0.00899574,0.00058994,0.00737821
2025-02-24 23:00:00+00:00,3253.355,22.89196905,0.989024,0.98257167,0.000351,0.00069395,0.00768508
2025-02-25 00:00:00+00:00,3179.97,23.94111008,0.98908062,0.98173409,0.0,0.00072862,0.00790032
2025-02-25 01:00:00+00:00,3163.6075,24.5500101,0.98882417,0.97866109,0.00206231,0.00091286,0.00808159
2025-02-25 02:00:00+00:00,3157.13,25.39907202,0.98830895,0.97673808,0.00253792,0.0007542,0.00844865
2025-02-25 03:00:00+00:00,3176.2375,25.67471599,0.98851347,0.97671564,0.00253331,0.00059242,0.00844485
2025-02-25 04:00:00+00:00,3234.1,25.54463427,0.98949629,0.97891324,0.00264858,0.00012409,0.00825699
2025-02-25 05:00:00+00:00,3421.245,25.64714966,0.99068691,0.98061111,0.00257693,0.0,0.0077843
2025-02-25 06:00:00+00:00,3661.215,25.62129755,0.9917461,0.97366399,0.01050223,2.944e-05,0.00727575
2025-02-25 07:00:00+00:00,3735.5225,25.73315928,0.99258014,0.97409506,0.01082389,3.906e-05,0.00688174
2025-02-25 08:00:00+00:00,3642.0425,25.85097955,0.99259768,0.97401451,0.01111214,9.73e-06,0.00703179
2025-02-25 09:00:00+00:00,3589.6825,26.09309331,0.99227656,0.97342145,0.01119699,0.0,0.00710218
2025-02-25 10:00:00+00:00,3538.0075,26.2111447,0.99243971,0.97343336,0.01124317,0.0,0.00717945
2025-02-25 11:00:00+00:00,3501.0025,25.93737668,0.99279743,0.97420481,0.01101763,0.0,0.00683477
2025-02-25 12:00:00+00:00,3457.3725,25.53601066,0.99282447,0.97445814,0.01102505,0.0,0.00683774
2025-02-25 13:00:00+00:00,3468.1875,24.70294268,0.99309958,0.97590403,0.01095923,0.0,0.00673239
2025-02-25 14:00:00+00:00,3491.3275,24.38948303,0.99325044,0.97647078,0.01095136,0.0,0.00669099
2025-02-25 15:00:00+00:00,3564.105,23.76116838,0.99290508,0.97853236,0.00922219,0.0,0.0067604
2025-02-25 16:00:00+00:00,3595.845,23.15795994,0.9929117,0.97955162,0.00882823,0.0,0.00651206
2025-02-25 17:00:00+00:00,3627.2975,23.45480368,0.99283382,0.9786601,0.0093743,0.0,0.00675831
2025-02-25 18:00:00+00:00,3633.7375,24.23582303,0.99264049,0.97736166,0.00948968,0.0,0.00695198
2025-02-25 19:00:00+00:00,3621.695,24.74532232,0.99210577,0.97596364,0.00961038,0.0,0.00724272
2025-02-25 20:00:00+00:00,3577.8725,25.69006366,0.99157881,0.97442337,0.00966649,0.0,0.00735791
2025-02-25 21:00:00+00:00,3532.79,26.14946451,0.99114408,0.97340822,0.00967371,0.0,0.00751972
2025-02-25 22:00:00+00:00,3455.9475,26.30585127,0.9910294,0.97416055,0.00864028,0.0,0.00762847
2025-02-25 23:00:00+00:00,3377.5725,26.35591214,0.99090926,0.97563168,0.00680107,0.0,0.00767799
2025-02-26 00:00:00+00:00,3249.175,26.04627238,0.99071582,0.97481278,0.00760582,0.0,0.00780424
2025-02-26 01:00:00+00:00,3279.775,25.49216579,0.99097796,0.97577681,0.00730377,0.0,0.00758079
2025-02-26 02:00:00+00:00,3263.38,25.43589658,0.99071895,0.97523852,0.00735547,0.0,0.00766381
2025-02-26 03:00:00+00:00,3260.5075,25.4810131,0.99075258,0.97156147,0.01064988,0.0,0.00776445
2025-02-26 04:00:00+00:00,3314.8825,25.15663481,0.99127489,0.97297042,0.01017512,0.0,0.0076389
2025-02-26 05:00:00+00:00,3485.165,24.59581508,0.99189709,0.97625881,0.00879719,0.0,0.00717015
2025-02-26 06:00:00+00:00,3685.8175,23.73913375,0.99272494,0.97897234,0.00842012,0.0,0.00667711
2025-02-26 07:00:00+00:00,3677.24,23.07688132,0.99339682,0.97931226,0.00955771,0.0,0.00635121
2025-02-26 08:00:00+00:00,3702.8725,22.97060686,0.99350642,0.98092101,0.00806592,0.0,0.00636276
2025-02-26 09:00:00+00:00,3717.67,23.69627719,0.99318168,0.97975306,0.00786223,0.0,0.00656869
2025-02-26 10:00:00+00:00,3660.765,24.25791964,0.99323833,0.97947863,0.00812019,0.0,0.00674403
2025-02-26 11:00:00+00:00,3634.295,24.68362491,0.9932388,0.97914171,0.00824274,0.0,0.00674372
2025-02-26 12:00:00+00:00,3602.3375,25.02886001,0.99295076,0.97847719,0.00823095,0.0,0.00694695
2025-02-26 13:00:00+00:00,3621.0275,25.33972172,0.99290065,0.97711101,0.00919473,0.0,0.00694089
2025-02-26 14:00:00+00:00,3635.2475,25.28711593,0.99299417,0.97728386,0.0091151,0.0,0.00688809
2025-02-26 15:00:00+00:00,3652.7975,25.12386734,0.99303357,0.97766879,0.00911928,0.0,0.00680987
2025-02-26 16:00:00+00:00,3666.7025,24.88490901,0.99326874,0.97829477,0.00906223,0.0,0.00658579
2025-02-26 17:00:00+00:00,3727.285,24.91443349,0.99282998,0.97741184,0.00937021,0.0,0.00694089
2025-02-26 18:00:00+00:00,3733.3075,24.80286608,0.99285259,0.97782525,0.00929906,0.0,0.00680397
2025-02-26 19:00:00+00:00,3698.0425,25.2653684,0.99235684,0.9764858,0.00942297,0.0,0.00707463
2025-02-26 20:00:00+00:00,3667.98,25.62696881,0.99218949,0.97575641,0.00949483,0.0,0.00727471
2025-02-26 21:00:00+00:00,3606.135,26.14363319,0.99192313,0.97436311,0.0096097,0.0,0.00739787
2025-02-26 22:00:00+00:00,3486.3,26.36461079,0.99201767,0.9751903,0.00833487,0.0,0.00754128
2025-02-26 23:00:00+00:00,3399.495,26.90417005,0.99089135,0.97326945,0.00760552,5.661e-05,0.00834035
2025-02-27 00:00:00+00:00,3364.205,27.1861542,0.99072948,0.97272795,0.00760404,0.00021313,0.00848078
2025-02-27 01:00:00+00:00,3332.9175,26.87378233,0.99133895,0.97351683,0.00785566,2.187e-05,0.00849092
2025-02-27 02:00:00+00:00,3313.5575,27.33156022,0.99102087,0.9721342,0.008415,1.08e-05,0.00875353
2025-02-27 03:00:00+00:00,3317.045,27.40727825,0.99145086,0.9714037,0.01007499,0.0,0.00842976
2025-02-27 04:00:00+00:00,3382.5475,27.25030501,0.99171487,0.97132463,0.01067169,0.0,0.00809596
2025-02-27 05:00:00+00:00,3542.1025,26.71558987,0.99225552,0.97299225,0.010522,0.0,0.00748581
2025-02-27 06:00:00+00:00,3764.3175,26.44168873,0.9921292,0.97353916,0.01025614,0.0,0.00783134
2025-02-27 07:00:00+00:00,3798.595,26.12432946,0.99208583,0.97347267,0.01063191,0.0,0.00772772
2025-02-27 08:00:00+00:00,3793.79,25.6721742,0.9931181,0.97606787,0.00991548,0.0,0.00670954
2025-02-27 09:00:00+00:00,3780.02,25.18216788,0.99358257,0.97964981,0.00737275,0.0,0.00641079
2025-02-27 10:00:00+00:00,3767.17,24.6349585,0.99379622,0.98059775,0.00722238,0.0,0.00620378
2025-02-27 11:00:00+00:00,3732.4,24.59523791,0.99373324,0.98028235,0.00731277,0.0,0.00626676
2025-02-27 12:00:00+00:00,3707.6675,24.52053063,0.99392943,0.98034626,0.00738268,0.0,0.00600167
2025-02-27 13:00:00+00:00,3715.105,23.78597399,0.99366652,0.980681,0.00734905,0.0,0.00620276
2025-02-27 14:00:00+00:00,3729.295,23.13538633,0.99365897,0.98115916,0.00721608,0.0,0.00616423
2025-02-27 15:00:00+00:00,3754.5225,23.20901188,0.99320114,0.98049296,0.00727995,0.0,0.00655561
2025-02-27 16:00:00+00:00,3757.7475,23.00828477,0.99331412,0.98082541,0.0072814,0.0,0.00659602
2025-02-27 17:00:00+00:00,3792.73,23.17249429,0.99313638,0.9807271,0.00721158,0.0,0.00662222
2025-02-27 18:00:00+00:00,3779.6575,23.91020888,0.99265553,0.97914231,0.00744555,0.0,0.00700941
2025-02-27 19:00:00+00:00,3744.6625,23.73654337,0.99236268,0.97833197,0.00769358,0.0,0.00725925
2025-02-27 20:00:00+00:00,3737.895,23.79597822,0.99238142,0.97828676,0.00760496,0.0,0.00715732
2025-02-27 21:00:00+00:00,3690.8625,24.73784304,0.99135002,0.97553345,0.00785879,0.0,0.00769482
2025-02-27 22:00:00+00:00,3591.8975,25.16173998,0.99083139,0.97427404,0.00799858,0.0,0.00799464
2025-02-27 23:00:00+00:00,3521.52,24.24601327,0.99160214,0.97625105,0.00775668,0.0,0.00751164
2025-02-28 00:00:00+00:00,3467.165,24.06092304,0.99172835,0.97654191,0.00809984,0.0,0.00741817
2025-02-28 01:00:00+00:00,3439.56,23.44864484,0.99225916,0.97858091,0.00754009,0.0,0.00704671
2025-02-28 02:00:00+00:00,3420.04,23.71396033,0.99159499,0.97690791,0.00785058,0.0,0.0074733
2025-02-28 03:00:00+00:00,3426.2975,23.6491467,0.99151408,0.97652682,0.00797328,1.536e-05,0.00758999
2025-02-28 04:00:00+00:00,3475.29,23.17297872,0.99163124,0.97748277,0.00781824,1.761e-05,0.00731651
2025-02-28 05:00:00+00:00,3644.825,22.57224428,0.99247258,0.98038784,0.00712937,4.841e-05,0.00651764
2025-02-28 06:00:00+00:00,3806.655,21.94576708,0.99363788,0.98244539,0.00719138,4.182e-05,0.00580462
2025-02-28 07:00:00+00:00,3843.905,21.92202166,0.99374649,0.98242498,0.00721659,3.887e-05,0.00584125
2025-02-28 08:00:00+00:00,3853.385,22.05794267,0.99379131,0.98234674,0.00725478,5.518e-05,0.0059123
2025-02-28 09:00:00+00:00,3883.3375,21.6047405,0.99375349,0.98651324,0.00368474,4.804e-05,0.00577774
2025-02-28 10:00:00+00:00,3848.6825,21.54872442,0.99397915,0.98863437,0.00192332,3.921e-05,0.00569153
2025-02-28 11:00:00+00:00,3806.135,22.04580071,0.99411042,0.99022025,1e-08,3.776e-05,0.00565757
2025-02-28 12:00:00+00:00,3771.5925,22.94485984,0.99392419,0.98915779,1e-08,2.762e-05,0.0059279
2025-02-28 13:00:00+00:00,3774.8,23.15753988,0.99375139,0.98912146,1e-08,2.399e-05,0.00592948
2025-02-28 14:00:00+00:00,3780.43,23.06072347,0.99374564,0.98906563,1e-08,1.528e-05,0.00578901
2025-02-28 15:00:00+00:00,3800.9425,22.71704163,0.99350129,0.98910477,3e-08,7.098e-05,0.00574013
2025-02-28 16:00:00+00:00,3808.3725,22.60552475,0.99354942,0.98827841,0.00136049,5.071e-05,0.00585279
2025-02-28 17:00:00+00:00,3787.4675,23.06609809,0.99328737,0.98540019,0.00387767,4.575e-05,0.00620955
2025-02-28 18:00:00+00:00,3754.205,23.66498385,0.99302189,0.98432727,0.00392499,4.175e-05,0.00636026
2025-02-28 19:00:00+00:00,3700.9025,24.43132071,0.9927251,0.98406327,0.00298127,3.383e-05,0.00660216
2025-02-28 20:00:00+00:00,3637.415,24.22444717,0.99297217,0.98469592,0.00284254,0.0,0.00653626
2025-02-28 21:00:00+00:00,3575.9225,24.10271035,0.99244572,0.98693052,0.0,2.759e-05,0.00668753
2025-02-28 22:00:00+00:00,3511.5825,23.91771683,0.99182837,0.98580386,0.0,4.235e-05,0.00698499
2025-02-28 23:00:00+00:00,3465.925,23.19619018,0.99284846,0.98362529,0.00383419,2.901e-05,0.00681198
2025-03-01 00:00:00+00:00,3440.3175,22.54618187,0.99294166,0.98323383,0.0042556,1.807e-05,0.0067856
2025-03-01 01:00:00+00:00,3413.9875,22.13604025,0.99315363,0.98353536,0.00425176,0.0,0.0067949
2025-03-01 02:00:00+00:00,3391.295,22.26645812,0.99292423,0.98298515,0.00438329,0.0,0.00692053
2025-03-01 03:00:00+00:00,3386.34,22.68838948,0.9928358,0.98260339,0.00443216,0.0,0.00707927
2025-03-01 04:00:00+00:00,3368.57,22.78070525,0.9927635,0.98237896,0.00442276,0.0,0.00711441
2025-03-01 05:00:00+00:00,3402.285,22.94471874,0.99266917,0.98235893,0.00444218,0.0,0.0070985
2025-03-01 06:00:00+00:00,3465.95,23.17574978,0.99254288,0.98307756,0.0037985,0.0,0.0069262
2025-03-01 07:00:00+00:00,3537.755,22.79837055,0.99316588,0.98447882,0.00381917,0.0,0.00650202
2025-03-01 08:00:00+00:00,3592.3475,22.75332172,0.99342872,0.98466034,0.00386934,0.0,0.00641795
2025-03-01 09:00:00+00:00,3638.065,22.82310359,0.99336981,0.98432834,0.00318249,0.0,0.00661962
2025-03-01 10:00:00+00:00,3652.84,22.03397129,0.99348707,0.98437157,0.00350532,0.0,0.00651293
2025-03-01 11:00:00+00:00,3655.125,21.8369495,0.99321412,0.98346766,0.00399143,0.0,0.00678588
2025-03-01 12:00:00+00:00,3632.78,21.17186756,0.99308187,0.9838824,0.00407334,0.0,0.00671769
2025-03-01 13:00:00+00:00,3629.1775,20.97446641,0.9931592,0.98440802,0.00405258,0.0,0.00656396
2025-03-01 14:00:00+00:00,3603.8775,20.98581023,0.99298405,0.98412549,0.00405214,0.0,0.00662431
2025-03-01 15:00:00+00:00,3608.065,20.84177979,0.99309548,0.98410302,0.00416234,0.0,0.00657252
2025-03-01 16:00:00+00:00,3662.0175,20.73762362,0.99333004,0.98451044,0.00418997,0.0,0.00655477
2025-03-01 17:00:00+00:00,3705.1925,20.74957698,0.99298503,0.98401056,0.00419327,0.0,0.00661085
2025-03-01 18:00:00+00:00,3645.4675,20.49728817,0.99244321,0.98321773,0.00428942,0.0,0.00680769
2025-03-01 19:00:00+00:00,3586.62,20.31495998,0.99245844,0.98333221,0.00431093,0.0,0.00677124
2025-03-01 20:00:00+00:00,3585.625,20.72436336,0.99229629,0.9827244,0.00417216,0.0,0.00672704
2025-03-01 21:00:00+00:00,3525.6375,20.46802995,0.99223379,0.98301596,0.00428057,0.0,0.00673904
2025-03-01 22:00:00+00:00,3473.52,19.87105382,0.99252278,0.98404634,0.00433483,0.0,0.00667722
2025-03-01 23:00:00+00:00,3426.3475,19.44206775,0.99256544,0.9888405,8.841e-05,0.0,0.00665644
2025-03-02 00:00:00+00:00,3365.295,19.34177699,0.99267302,0.98927531,0.0,0.0,0.00663371
2025-03-02 01:00:00+00:00,3307.4425,19.18824547,0.99254251,0.98938325,0.0,0.0,0.00662369
2025-03-02 02:00:00+00:00,3270.6175,19.15816816,0.99247413,0.9895344,0.0,0.0,0.00663716
2025-03-02 03:00:00+00:00,3248.1075,19.60346622,0.99237676,0.98785087,0.00099607,7.76e-06,0.00680309
2025-03-02 04:00:00+00:00,3232.1975,19.68229291,0.99227477,0.98472109,0.00380605,4.597e-05,0.00692735
2025-03-02 05:00:00+00:00,3246.5525,20.08034129,0.99185839,0.9830243,0.00437567,0.00010106,0.00705388
2025-03-02 06:00:00+00:00,3267.16,19.80113734,0.99187811,0.98355416,0.00450369,9.247e-05,0.00707029
2025-03-02 07:00:00+00:00,3327.6875,18.74132152,0.99222911,0.98537302,0.00443201,5.627e-05,0.00663783
2025-03-02 08:00:00+00:00,3346.4225,21.03386,0.99134878,0.98005081,0.00594634,0.00015115,0.00731436
2025-03-02 09:00:00+00:00,3369.4,21.59449552,0.99108868,0.97761915,0.00766291,0.00033357,0.00736889
2025-03-02 10:00:00+00:00,3390.1975,21.46000086,0.99112936,0.97839543,0.00760989,0.00022612,0.00726027
2025-03-02 11:00:00+00:00,3420.185,21.34533255,0.99139792,0.97891142,0.00729215,0.00034216,0.0070018
2025-03-02 12:00:00+00:00,3420.7475,20.15157488,0.99176797,0.98099972,0.00727809,0.00012108,0.00665048
2025-03-02 13:00:00+00:00,3402.4,20.04755844,0.99228458,0.98450263,0.00447603,6.916e-05,0.00671016
2025-03-02 14:00:00+00:00,3443.275,20.86425538,0.99241241,0.98320393,0.00433296,2.56e-05,0.00687895
2025-03-02 15:00:00+00:00,3464.8125,20.93944075,0.9927389,0.98354563,0.00419691,0.0,0.00672263
2025-03-02 16:00:00+00:00,3481.815,20.62133167,0.99285917,0.9842544,0.00418321,0.0,0.00660424
2025-03-02 17:00:00+00:00,3509.475,20.72812762,0.99286495,0.98426652,0.00406136,0.0,0.00650094
2025-03-02 18:00:00+00:00,3494.635,20.16176206,0.99242358,0.98452482,0.00410066,0.0,0.00646809
2025-03-02 19:00:00+00:00,3470.44,19.69449998,0.99257161,0.98547624,0.00430338,0.0,0.00640989
2025-03-02 20:00:00+00:00,3438.0125,20.10198617,0.99253947,0.98494602,0.00413262,0.0,0.00638916
2025-03-02 21:00:00+00:00,3384.8,19.90841671,0.99248483,0.98501739,0.00422781,2.17e-06,0.00651898
2025-03-02 22:00:00+00:00,3272.32,19.58105336,0.99238165,0.98555362,0.00451133,0.0,0.00660423
2025-03-02 23:00:00+00:00,3191.2275,19.7235334,0.99745099,0.9913026,0.00322288,9.32e-06,0.00063921
2025-03-03 00:00:00+00:00,3160.7075,20.10918081,0.99749923,0.99125379,0.00290856,1.44e-06,0.00076868
2025-03-03 01:00:00+00:00,3146.5375,20.10303063,0.99739599,0.9898376,0.00414322,9.55e-06,0.00081393
2025-03-03 02:00:00+00:00,3142.3575,19.44236493,0.99745371,0.99328726,0.00175119,0.0,0.0005465
2025-03-03 03:00:00+00:00,3146.605,19.62453193,0.99767227,0.99515796,0.0,0.0,0.00059039
2025-03-03 04:00:00+00:00,3196.1075,20.55034654,0.99729647,0.99321056,0.0,0.0,0.00096002
2025-03-03 05:00:00+00:00,3345.06,21.59651247,0.99683231,0.99138626,0.0,0.0,0.00123829
2025-03-03 06:00:00+00:00,3533.515,21.83528847,0.99730384,0.99162484,0.0,0.0,0.00134404
2025-03-03 07:00:00+00:00,3619.5825,21.46710298,0.99731902,0.99154588,0.00012826,0.0,0.0013738
2025-03-03 08:00:00+00:00,3645.595,20.8127155,0.99769802,0.99288944,1.157e-05,0.0,0.0011201
2025-03-03 09:00:00+00:00,3672.9775,20.23472604,0.99783857,0.99373613,0.0,0.0,0.000996
2025-03-03 10:00:00+00:00,3680.465,19.60640245,0.99792069,0.99464293,0.0,0.0,0.00073904
2025-03-03 11:00:00+00:00,3683.4475,19.4403165,0.99796533,0.99494558,5.283e-05,0.0,0.00068972
2025-03-03 12:00:00+00:00,3692.945,19.28142189,0.99814161,0.99565893,0.0,0.0,0.00059726
2025-03-03 13:00:00+00:00,3712.9375,19.21404882,0.99802871,0.99540681,0.0,0.0,0.00062786
2025-03-03 14:00:00+00:00,3709.38,19.60491268,0.99831339,0.99501272,0.0,0.0,0.00076098
2025-03-03 15:00:00+00:00,3719.2325,19.66202832,0.99803816,0.99439315,0.0,0.0,0.0008299
2025-03-03 16:00:00+00:00,3729.5875,19.77482361,0.998031,0.99420167,0.0,0.0,0.00088456
2025-03-03 17:00:00+00:00,3725.6375,20.06032037,0.99822801,0.99410308,0.0,1.481e-05,0.00094983
2025-03-03 18:00:00+00:00,3714.1725,20.4165814,0.99793477,0.99315006,0.0,0.0,0.00111935
2025-03-03 19:00:00+00:00,3680.885,19.64110361,0.99782745,0.99424465,0.0,3.64e-06,0.00082612
2025-03-03 20:00:00+00:00,3631.3975,19.32447559,0.99789698,0.99508055,0.0,1.135e-05,0.00065521
2025-03-03 21:00:00+00:00,3557.355,18.7403657,0.99802903,0.99620925,0.0,0.00015036,0.00026457
2025-03-03 22:00:00+00:00,3448.82,18.71745715,0.9981687,0.99679641,0.0,1.591e-05,0.00029754
2025-03-03 23:00:00+00:00,3392.39,17.77131247,0.99845861,0.99845861,0.0,0.0,0.0
2025-03-04 00:00:00+00:00,3350.0925,17.730658,0.99850747,0.99850733,0.0,0.0,0.0
2025-03-04 01:00:00+00:00,3311.94,17.8316507,0.9986084,0.99842045,0.0,4.43e-06,4.238e-05
2025-03-04 02:00:00+00:00,3301.89,17.68902423,0.99852031,0.99852031,0.0,0.0,0.0
2025-03-04 03:00:00+00:00,3301.91,18.02624495,0.99834051,0.99785091,0.0,1.576e-05,0.00010944
2025-03-04 04:00:00+00:00,3331.52,18.74220787,0.99840769,0.99698359,0.0,3.036e-05,0.00030772
2025-03-04 05:00:00+00:00,3537.5225,21.06257928,0.99736439,0.992234,0.0,6.834e-05,0.0011787
2025-03-04 06:00:00+00:00,3728.3425,22.19667475,0.99808791,0.99226148,6.76e-06,0.00011722,0.00130583
2025-03-04 07:00:00+00:00,3740.335,22.84559263,0.99788037,0.98807233,0.00389593,0.00011798,0.00131453
2025-03-04 08:00:00+00:00,3810.1275,23.96957544,0.99150382,0.9805679,0.00402627,0.00014029,0.00720009
2025-03-04 09:00:00+00:00,3832.7375,24.24318447,0.99121999,0.98036939,0.00401512,0.00014159,0.00709268
2025-03-04 10:00:00+00:00,3827.265,24.3269566,0.99103361,0.98045927,0.00389296,0.00011833,0.00700341
2025-03-04 11:00:00+00:00,3817.2775,25.02818538,0.99109047,0.97984745,0.0040503,7.164e-05,0.00702761
2025-03-04 12:00:00+00:00,3787.45,25.28407667,0.99146336,0.97998921,0.00380066,6.569e-05,0.00706657
2025-03-04 13:00:00+00:00,3799.66,24.92521502,0.99123265,0.97977724,0.00376214,6.652e-05,0.00699831
2025-03-04 14:00:00+00:00,3811.7125,24.29314391,0.9912055,0.98051216,0.00333715,7.739e-05,0.00704459
2025-03-04 15:00:00+00:00,3823.7675,23.94520922,0.99117951,0.98057485,0.00328951,0.00015018,0.00694192
2025-03-04 16:00:00+00:00,3822.0675,23.51138308,0.99188802,0.98176264,0.00331487,9.758e-05,0.00683581
2025-03-04 17:00:00+00:00,3834.165,22.72200134,0.991925,0.98236466,0.00325354,9.447e-05,0.00670525
2025-03-04 18:00:00+00:00,3817.1625,21.53895658,0.99202651,0.98359023,0.00329529,0.00010659,0.00639027
2025-03-04 19:00:00+00:00,3760.9025,21.28944241,0.99173978,0.98329085,0.00327848,0.00012387,0.00645657
2025-03-04 20:00:00+00:00,3719.46,20.97137842,0.9919343,0.98400975,0.00331565,0.00010728,0.00634109
2025-03-04 21:00:00+00:00,3610.0975,20.57823497,0.991038,0.98342021,0.00357155,9.267e-05,0.00655517
2025-03-04 22:00:00+00:00,3493.46,20.54073637,0.99103717,0.98333861,0.00362549,6.858e-05,0.00671147
2025-03-04 23:00:00+00:00,3415.9825,18.72605053,0.99181968,0.99080962,0.0,2.327e-05,0.00597454
2025-03-05 00:00:00+00:00,3354.1225,18.9400514,0.99164914,0.99002905,0.0,3.759e-05,0.00621946
2025-03-05 01:00:00+00:00,3319.6475,18.8004756,0.99171978,0.99043773,0.0,2.851e-05,0.00622656
2025-03-05 02:00:00+00:00,3297.1925,18.89861992,0.99150873,0.99046744,0.0,2.232e-05,0.00633842
2025-03-05 03:00:00+00:00,3319.41,19.2213143,0.99139692,0.98971105,0.0,4.723e-05,0.00627507
2025-03-05 04:00:00+00:00,3380.3,19.40396844,0.9914791,0.98929979,0.0,5.491e-05,0.00633833
2025-03-05 05:00:00+00:00,3478.2125,20.31389635,0.99105079,0.98697306,0.0,0.00011087,0.00660554
2025-03-05 06:00:00+00:00,3638.99,20.47354076,0.99116639,0.98690967,0.0,0.00013058,0.00651196
2025-03-05 07:00:00+00:00,3677.7925,20.81595762,0.99176474,0.98720093,0.0,0.00011883,0.00653042
2025-03-05 08:00:00+00:00,3690.84,20.95774942,0.99173101,0.98664916,6.697e-05,0.0001688,0.00651019
2025-03-05 09:00:00+00:00,3749.9075,21.03404841,0.9919378,0.97998665,0.00723287,0.00015757,0.00649461
2025-03-05 10:00:00+00:00,3729.8825,21.36881569,0.99126025,0.9809412,0.00564556,0.00016653,0.00683477
2025-03-05 11:00:00+00:00,3679.635,20.69660384,0.99081359,0.98349728,0.00401978,8.621e-05,0.006883
2025-03-05 12:00:00+00:00,3651.8175,20.9576008,0.99102618,0.98348235,0.00379909,0.00012133,0.00676957
2025-03-05 13:00:00+00:00,3696.895,22.71385237,0.99140165,0.98272732,0.00359747,0.00020128,0.0066848
2025-03-05 14:00:00+00:00,3706.5775,23.59647474,0.99194918,0.98074975,0.00572877,0.00024313,0.00647003
2025-03-05 15:00:00+00:00,3746.3375,24.52109971,0.99158766,0.9797956,0.00554708,0.00028317,0.00671099
2025-03-05 16:00:00+00:00,3753.4075,25.16580418,0.99173368,0.98086471,0.00440293,0.00018366,0.00676617
2025-03-05 17:00:00+00:00,3742.585,25.29356883,0.99157125,0.98100907,0.00336757,0.00021009,0.00689793
2025-03-05 18:00:00+00:00,3736.7375,24.87900849,0.99104211,0.98052509,0.00340284,0.00016459,0.00688714
2025-03-05 19:00:00+00:00,3661.6525,24.32699143,0.99101511,0.9805027,0.00346743,0.00015443,0.00701496
2025-03-05 20:00:00+00:00,3629.94,23.98174433,0.99090653,0.97804116,0.00572725,0.00015777,0.00702321
2025-03-05 21:00:00+00:00,3515.885,23.25836071,0.99096267,0.97875671,0.00598371,0.0001265,0.00702483
2025-03-05 22:00:00+00:00,3400.8725,22.75487913,0.99082745,0.97900763,0.00616496,0.00012607,0.00701611
2025-03-05 23:00:00+00:00,3323.61,23.35891865,0.99042527,0.97907555,0.00528215,7.357e-05,0.00732067
2025-03-06 00:00:00+00:00,3255.345,23.84386493,0.99093059,0.98162046,0.0031034,8.266e-05,0.00684564
2025-03-06 01:00:00+00:00,3195.365,23.53797655,0.9913191,0.98300708,0.00319507,6.407e-05,0.00680103
2025-03-06 02:00:00+00:00,3160.3925,23.52516004,0.99125943,0.98285387,0.0032496,8.925e-05,0.00719089
2025-03-06 03:00:00+00:00,3166.915,23.48513774,0.99096815,0.98276636,0.00339466,9.357e-05,0.00739971
2025-03-06 04:00:00+00:00,3260.7825,23.93868441,0.99070101,0.98149634,0.00311869,0.00014172,0.00736828
2025-03-06 05:00:00+00:00,3400.9325,23.48021417,0.99107057,0.98105076,0.00480679,0.00018024,0.00691408
2025-03-06 06:00:00+00:00,3563.31,23.33207949,0.99169265,0.98394538,0.00323233,0.00016625,0.00689666
2025-03-06 07:00:00+00:00,3580.2325,23.38423555,0.99226825,0.9838434,0.00372029,0.0001765,0.00687226
2025-03-06 08:00:00+00:00,3426.705,23.24053194,0.99230805,0.9840868,0.00347769,0.00017084,0.00689924
2025-03-06 09:00:00+00:00,3379.98,23.52624551,0.99209783,0.98243631,0.00439036,0.00015936,0.00719375
2025-03-06 10:00:00+00:00,3413.585,23.24441869,0.99233099,0.98290196,0.00436369,0.00015488,0.00714645
2025-03-06 11:00:00+00:00,3406.3075,22.11295391,0.99268936,0.98581554,0.00307877,0.00013611,0.00687182
2025-03-06 12:00:00+00:00,3431.1875,21.15077137,0.99312403,0.98648204,0.00340574,9.103e-05,0.00659301
2025-03-06 13:00:00+00:00,3372.21,21.15069267,0.99289914,0.98937434,0.0,0.00011767,0.00672798
2025-03-06 14:00:00+00:00,3373.7825,22.10642508,0.9927333,0.98894077,0.0,0.00010642,0.00684282
2025-03-06 15:00:00+00:00,3412.585,22.7601199,0.99277967,0.988129,0.00026926,7.758e-05,0.00686277
2025-03-06 16:00:00+00:00,3414.2375,23.74732056,0.9927097,0.98672441,0.000425,0.00011054,0.00704131
2025-03-06 17:00:00+00:00,3412.8,24.97540397,0.9923375,0.98538829,0.00040935,0.00013278,0.00740377
2025-03-06 18:00:00+00:00,3417.185,25.33912723,0.99243984,0.98513503,0.00042158,0.00015771,0.0073271
2025-03-06 19:00:00+00:00,3417.0675,25.79324029,0.9922598,0.98427554,0.0004015,0.00017305,0.00730906
2025-03-06 20:00:00+00:00,3396.5225,26.02501465,0.99168983,0.98338695,0.00043383,0.0001647,0.00761506
2025-03-06 21:00:00+00:00,3345.355,26.18387024,0.99144437,0.98280212,0.00039082,9.802e-05,0.00758086
2025-03-06 22:00:00+00:00,3280.555,26.38252719,0.99123866,0.98214404,0.00039044,2.966e-05,0.00779767
2025-03-06 23:00:00+00:00,3183.665,26.6777387,0.99109456,0.98139995,0.00041356,0.0,0.00795037
2025-03-07 00:00:00+00:00,3120.125,26.64697787,0.99099129,0.98111107,0.00040434,0.0,0.00820213
2025-03-07 01:00:00+00:00,3078.46,26.20558453,0.9909904,0.9797754,0.00219635,0.0,0.00811549
2025-03-07 02:00:00+00:00,3087.515,25.21735192,0.99124632,0.98287496,0.00029923,0.0,0.00802204
2025-03-07 03:00:00+00:00,3080.09,25.04886792,0.99117772,0.98294864,0.00031704,0.0,0.00805363
2025-03-07 04:00:00+00:00,3107.5375,25.26139104,0.99166442,0.98271838,0.00151874,0.0,0.00787383
2025-03-07 05:00:00+00:00,3265.29,25.21607637,0.99204048,0.97914977,0.00596001,0.0,0.00740343
2025-03-07 06:00:00+00:00,3466.46,24.57061884,0.99226417,0.98054445,0.00575956,0.0,0.00695356
2025-03-07 07:00:00+00:00,3524.1175,24.19824205,0.99302151,0.98191779,0.00563892,0.0,0.00673429
2025-03-07 08:00:00+00:00,3483.39,23.75606924,0.99321498,0.9817027,0.00604996,0.0,0.00677185
2025-03-07 09:00:00+00:00,3509.4025,24.4283967,0.99287798,0.98017533,0.00610753,0.0,0.00711118
2025-03-07 10:00:00+00:00,3452.6625,24.17447529,0.99272393,0.98004473,0.00633842,0.0,0.00715207
2025-03-07 11:00:00+00:00,3428.005,23.87988687,0.9926088,0.9811365,0.00549773,0.0,0.00696961
2025-03-07 12:00:00+00:00,3383.8575,22.99371878,0.99256382,0.98370024,0.00370128,6.66e-06,0.00697566
2025-03-07 13:00:00+00:00,3401.52,22.44702322,0.99283428,0.98478623,0.00367925,7.8e-06,0.00689791
2025-03-07 14:00:00+00:00,3411.02,21.98161858,0.99306371,0.98357908,0.00591179,0.0,0.00674616
2025-03-07 15:00:00+00:00,3381.64,21.87162156,0.99309593,0.98364036,0.00586052,4.48e-06,0.00675588
2025-03-07 16:00:00+00:00,3423.46,21.88653259,0.99265832,0.98306917,0.00574503,0.0,0.00674414
2025-03-07 17:00:00+00:00,3441.385,21.14441496,0.9927821,0.98390314,0.00598134,4.64e-06,0.00669144
2025-03-07 18:00:00+00:00,3463.86,21.0922501,0.99273322,0.98429309,0.00572929,2.387e-05,0.0064573
2025-03-07 19:00:00+00:00,3401.635,21.22021794,0.99254695,0.9836329,0.00577985,3.54e-05,0.00654174
2025-03-07 20:00:00+00:00,3367.0425,20.80131498,0.99235611,0.98364465,0.00587712,1.52e-05,0.00657238
2025-03-07 21:00:00+00:00,3314.765,20.76261107,0.9922071,0.98312393,0.00595823,6.34e-06,0.00674618
2025-03-07 22:00:00+00:00,3269.985,20.95052116,0.99185551,0.98240063,0.00601844,8.69e-06,0.00687441
2025-03-07 23:00:00+00:00,3223.5075,19.48363486,0.99243471,0.98596889,0.0054564,1.303e-05,0.00658795
2025-03-08 00:00:00+00:00,3177.7,18.93903068,0.99242016,0.98695239,0.00543976,4.1e-07,0.00656695
2025-03-08 01:00:00+00:00,3166.095,19.42790578,0.99247403,0.98597185,0.00551286,1.583e-05,0.00664254
2025-03-08 02:00:00+00:00,3170.8275,19.39504673,0.99242523,0.98608265,0.00524572,1.489e-05,0.00666403
2025-03-08 03:00:00+00:00,3177.3775,19.68367389,0.99259004,0.9878653,0.00325739,2.298e-05,0.00653621
2025-03-08 04:00:00+00:00,3185.225,20.4282909,0.99268257,0.9855335,0.00487512,1.346e-05,0.00670822
2025-03-08 05:00:00+00:00,3214.41,21.29516531,0.99262323,0.98238489,0.00685059,3.026e-05,0.00683145
2025-03-08 06:00:00+00:00,3272.6925,22.19668584,0.99256434,0.98144785,0.00681379,3.21e-06,0.00695528
2025-03-08 07:00:00+00:00,3347.81,23.23352376,0.99255816,0.98064142,0.00660713,4.28e-05,0.00697588
2025-03-08 08:00:00+00:00,3401.845,23.76981773,0.99217851,0.978894,0.0067147,0.0001983,0.00732316
2025-03-08 09:00:00+00:00,3415.2075,23.38425203,0.99046262,0.97645997,0.00648623,0.00120387,0.00717532
2025-03-08 10:00:00+00:00,3394.255,24.04932112,0.99022975,0.9758654,0.00663083,0.00119356,0.0072534
2025-03-08 11:00:00+00:00,3351.275,24.55188821,0.99039695,0.97205463,0.01022531,0.00113966,0.00749876
2025-03-08 12:00:00+00:00,3301.3275,24.9811125,0.98993401,0.97029017,0.01129876,0.00104864,0.00772992
2025-03-08 13:00:00+00:00,3326.925,25.84469923,0.99009937,0.97003007,0.01117255,0.00103876,0.0078781
2025-03-08 14:00:00+00:00,3353.285,26.64323091,0.99239846,0.97427913,0.01109305,7.45e-06,0.00759766
2025-03-08 15:00:00+00:00,3382.755,27.13965576,0.99233439,0.97371454,0.01097418,1.313e-05,0.00765881
2025-03-08 16:00:00+00:00,3435.7825,27.07633057,0.99219185,0.97362104,0.0110731,4.97e-05,0.0076667
2025-03-08 17:00:00+00:00,3514.105,27.21277533,0.9918554,0.97323286,0.01098318,6.751e-05,0.00768473
2025-03-08 18:00:00+00:00,3504.3925,27.12765059,0.99190299,0.97357736,0.01090905,7.907e-05,0.00759139
2025-03-08 19:00:00+00:00,3454.87,26.82308205,0.99208995,0.97432735,0.01072171,7.219e-05,0.0074216
2025-03-08 20:00:00+00:00,3431.5925,26.50009815,0.99222828,0.97466523,0.01042004,8.11e-05,0.00730259
2025-03-08 21:00:00+00:00,3395.7,26.08229307,0.99240773,0.97535088,0.01029717,4.304e-05,0.00712237
2025-03-08 22:00:00+00:00,3333.0825,25.93863419,0.99218515,0.97455066,0.0105778,6.64e-05,0.00739272
2025-03-08 23:00:00+00:00,3297.1325,25.92098938,0.99260038,0.97738242,0.00787994,9.295e-05,0.00732776
2025-03-09 00:00:00+00:00,3251.705,25.35422817,0.99257766,0.97724701,0.00803864,4.152e-05,0.00740402
2025-03-09 01:00:00+00:00,3235.0025,25.12936469,0.99242244,0.97767234,0.00751339,2.08e-06,0.00757668
2025-03-09 02:00:00+00:00,3229.615,25.24071246,0.992338,0.97724245,0.00751087,0.0,0.007662
2025-03-09 03:00:00+00:00,3209.63,25.21467345,0.9924837,0.97765232,0.0073873,0.0,0.00751401
2025-03-09 04:00:00+00:00,3231.42,25.05193865,0.99274379,0.97871675,0.00716727,0.0,0.00721841
2025-03-09 05:00:00+00:00,3264.6875,25.00713713,0.99258372,0.97849626,0.00703486,0.0,0.00724302
2025-03-09 06:00:00+00:00,3275.68,24.96641858,0.99267856,0.97613115,0.00984711,0.0,0.00707915
2025-03-09 07:00:00+00:00,3372.3625,25.43436507,0.99250386,0.9771421,0.00811027,0.0,0.00724317
2025-03-09 08:00:00+00:00,3418.9275,25.71992753,0.99176161,0.97626114,0.00794416,0.0,0.00757673
2025-03-09 09:00:00+00:00,3478.535,26.0145196,0.99109605,0.97565119,0.00789854,0.0,0.00737474
2025-03-09 10:00:00+00:00,3489.0075,25.63496305,0.99203626,0.97728127,0.0082496,0.0,0.00702525
2025-03-09 11:00:00+00:00,3464.52,25.43069124,0.99209074,0.97819281,0.00836923,0.0,0.00694317
2025-03-09 12:00:00+00:00,3452.7325,26.01531875,0.99182284,0.9769918,0.00828711,0.0,0.00713022
2025-03-09 13:00:00+00:00,3484.0425,26.56426081,0.99152743,0.97580789,0.00822445,0.0,0.0073365
2025-03-09 14:00:00+00:00,3484.5,26.38851517,0.99209235,0.9764341,0.00866556,0.0,0.00753607
2025-03-09 15:00:00+00:00,3521.1925,25.84812432,0.99261337,0.97652708,0.01029553,0.0,0.00694047
2025-03-09 16:00:00+00:00,3547.01,25.61076572,0.99278373,0.97750651,0.00991578,0.0,0.006689
2025-03-09 17:00:00+00:00,3585.945,25.67754992,0.99273172,0.97736143,0.00987057,0.0,0.00670375
2025-03-09 18:00:00+00:00,3595.485,25.87164884,0.99273154,0.9771382,0.0098153,0.0,0.00673476
2025-03-09 19:00:00+00:00,3593.18,25.76952406,0.99258192,0.97697332,0.0098829,0.0,0.0067851
2025-03-09 20:00:00+00:00,3559.85,25.55323885,0.99271186,0.97712283,0.00982905,0.0,0.00675626
2025-03-09 21:00:00+00:00,3501.44,25.34598261,0.99276173,0.97716496,0.00995414,0.0,0.00676875
2025-03-09 22:00:00+00:00,3396.46,25.47158858,0.99265782,0.97655767,0.01009063,0.0,0.00692974
2025-03-09 23:00:00+00:00,3355.6075,25.68259138,0.99186237,0.97504512,0.01021937,0.0,0.00715569
2025-03-10 00:00:00+00:00,3323.2925,25.74047096,0.99177466,0.97452488,0.01039485,0.0,0.00735929
2025-03-10 01:00:00+00:00,3312.355,25.79383808,0.99203993,0.97489816,0.01020611,0.0,0.00713612
2025-03-10 02:00:00+00:00,3311.8775,25.93161891,0.9918582,0.97446142,0.01036551,0.0,0.0072894
2025-03-10 03:00:00+00:00,3341.2325,25.97451701,0.99200185,0.97506071,0.01009669,0.0,0.00712656
2025-03-10 04:00:00+00:00,3415.565,25.7221961,0.99196039,0.97558996,0.01007693,0.0,0.00699159
2025-03-10 05:00:00+00:00,3596.2675,26.33551946,0.99022963,0.97481706,0.00728997,0.0,0.00843235
2025-03-10 06:00:00+00:00,3824.155,25.91181428,0.99111819,0.97508897,0.00855395,0.0,0.00803487
2025-03-10 07:00:00+00:00,3873.315,25.3959465,0.99303594,0.97725251,0.01002134,0.0,0.00672918
2025-03-10 08:00:00+00:00,3752.865,25.62447799,0.99313349,0.97697593,0.01026022,0.0,0.00681253
2025-03-10 09:00:00+00:00,3702.035,25.66405334,0.9925404,0.97626383,0.01031837,0.0,0.00699332
2025-03-10 10:00:00+00:00,3654.325,25.82611063,0.99252028,0.97559768,0.01058453,0.0,0.00716002
2025-03-10 11:00:00+00:00,3616.315,25.83062907,0.99269783,0.97616926,0.01039332,0.0,0.00699523
2025-03-10 12:00:00+00:00,3609.0575,25.88203577,0.99261681,0.97592086,0.01040233,0.0,0.00709144
2025-03-10 13:00:00+00:00,3584.22,25.84280484,0.9925801,0.97607882,0.01031616,0.0,0.00698394
2025-03-10 14:00:00+00:00,3582.175,25.8145199,0.99247598,0.97594604,0.01046677,0.0,0.00706983
2025-03-10 15:00:00+00:00,3579.7875,26.14349538,0.9921949,0.97442399,0.01084523,0.0,0.00743711
2025-03-10 16:00:00+00:00,3619.0775,26.45567488,0.99239765,0.9738026,0.01104975,0.0,0.0072891
2025-03-10 17:00:00+00:00,3687.8225,26.76372141,0.99159868,0.97248387,0.01106352,0.0,0.00797859
2025-03-10 18:00:00+00:00,3738.1,26.87339426,0.99172008,0.97195489,0.01163117,0.0,0.0076615
2025-03-10 19:00:00+00:00,3776.26,26.34860455,0.99234816,0.97476543,0.01093583,0.0,0.00708786
2025-03-10 20:00:00+00:00,3765.46,26.23441749,0.99218691,0.97517582,0.01062715,0.0,0.00722411
2025-03-10 21:00:00+00:00,3725.005,26.19786409,0.99242438,0.97602662,0.01022484,0.0,0.00695902
2025-03-10 22:00:00+00:00,3650.3875,26.22567325,0.99233873,0.97588511,0.01021163,0.0,0.00699322
2025-03-10 23:00:00+00:00,3568.83,26.32532568,0.99246432,0.97594557,0.0101357,0.0,0.00698739
2025-03-11 00:00:00+00:00,3512.23,26.4341717,0.99245762,0.97582354,0.01021167,0.0,0.00699979
2025-03-11 01:00:00+00:00,3484.5575,26.59318942,0.99251007,0.97549146,0.010285,0.0,0.00712964
2025-03-11 02:00:00+00:00,3491.285,26.44394211,0.99267648,0.97589073,0.01028208,0.0,0.00704653
2025-03-11 03:00:00+00:00,3511.98,26.58860347,0.992599,0.97565957,0.01023243,0.0,0.00710706
2025-03-11 04:00:00+00:00,3559.0475,26.25779524,0.9926382,0.97609249,0.01016395,0.0,0.00701032
2025-03-11 05:00:00+00:00,3721.0725,25.66176232,0.99239173,0.97595663,0.01044401,0.0,0.00711985
2025-03-11 06:00:00+00:00,3934.11,25.12174037,0.9927441,0.97698638,0.01001806,0.0,0.00671995
2025-03-11 07:00:00+00:00,3948.335,24.75328463,0.99299228,0.97753812,0.00992404,0.0,0.00664153
2025-03-11 08:00:00+00:00,3902.2675,24.56602741,0.99302918,0.98128382,0.00633612,0.0,0.00672209
2025-03-11 09:00:00+00:00,3851.2975,24.19119093,0.99298628,0.98138836,0.00660473,0.0,0.00673415
2025-03-11 10:00:00+00:00,3811.035,24.10548872,0.99317146,0.98084063,0.00773337,0.0,0.00675982
2025-03-11 11:00:00+00:00,3762.1925,24.16895639,0.993329,0.97927615,0.00921887,0.0,0.00645426
2025-03-11 12:00:00+00:00,3713.875,24.39260704,0.99298138,0.97748291,0.01051964,0.0,0.00684451
2025-03-11 13:00:00+00:00,3711.9925,25.14529264,0.99232918,0.9753658,0.01114704,0.0,0.00742321
2025-03-11 14:00:00+00:00,3712.1675,25.66342369,0.99228846,0.97535422,0.01102124,0.0,0.00732479
2025-03-11 15:00:00+00:00,3732.3475,25.76408669,0.99222996,0.97597032,0.01061439,0.0,0.00703674
2025-03-11 16:00:00+00:00,3735.095,25.90838352,0.99203957,0.97522594,0.01088657,0.0,0.00716898
2025-03-11 17:00:00+00:00,3809.185,26.22489654,0.99174376,0.97268508,0.01263675,0.0,0.00741225
2025-03-11 18:00:00+00:00,3861.01,26.19431628,0.99192387,0.97363321,0.01183798,0.0,0.00735873
2025-03-11 19:00:00+00:00,3845.635,26.10167771,0.99171675,0.97374295,0.011848,0.0,0.00727835
2025-03-11 20:00:00+00:00,3825.29,26.11697127,0.99162308,0.97387776,0.0119569,0.0,0.00726347
2025-03-11 21:00:00+00:00,3772.8725,26.12843941,0.99176635,0.97510086,0.011075,0.0,0.00723202
2025-03-11 22:00:00+00:00,3656.385,26.35939951,0.99185112,0.97483878,0.01118176,0.0,0.00733369
2025-03-11 23:00:00+00:00,3605.1275,26.77452115,0.99187115,0.97421928,0.01111188,0.0,0.00745742
2025-03-12 00:00:00+00:00,3558.0375,26.93153729,0.99173961,0.97344444,0.01135091,0.0,0.00768455
2025-03-12 01:00:00+00:00,3552.7,26.97632366,0.99175419,0.97302837,0.01165366,0.0,0.00783937
2025-03-12 02:00:00+00:00,3547.255,26.89587827,0.99159625,0.97322472,0.01156625,0.0,0.00775262
2025-03-12 03:00:00+00:00,3567.3175,26.96353404,0.991566,0.97322664,0.01154203,0.0,0.00772303
2025-03-12 04:00:00+00:00,3650.915,26.91027793,0.99144066,0.97287613,0.01175966,0.0,0.00782543
2025-03-12 05:00:00+00:00,3794.7825,26.84176074,0.99172087,0.97344108,0.0115409,0.0,0.00756839
2025-03-12 06:00:00+00:00,3981.7975,26.86444462,0.99224307,0.97438574,0.01114202,0.0,0.00721998
2025-03-12 07:00:00+00:00,4020.405,27.01810623,0.99268096,0.97482498,0.01094382,0.0,0.00727908
2025-03-12 08:00:00+00:00,3919.41,27.24264703,0.99257454,0.97438924,0.01091929,0.0,0.00742124
2025-03-12 09:00:00+00:00,3821.05,27.39257424,0.9923406,0.97764149,0.00709617,0.0,0.0076523
2025-03-12 10:00:00+00:00,3804.625,27.3259851,0.99220993,0.97563413,0.00904999,0.0,0.00775947
2025-03-12 11:00:00+00:00,3734.6775,27.28732194,0.99230066,0.97377119,0.01114345,0.0,0.00769934
2025-03-12 12:00:00+00:00,3634.4325,27.24570212,0.99229513,0.97400089,0.01107311,0.0,0.00759268
2025-03-12 13:00:00+00:00,3630.915,27.27182344,0.99215673,0.97360278,0.01120047,0.0,0.007713
2025-03-12 14:00:00+00:00,3636.7775,27.02517877,0.99226549,0.97426028,0.01101162,0.0,0.00752554
2025-03-12 15:00:00+00:00,3654.7625,26.84825799,0.99217029,0.97369362,0.01141506,0.0,0.00757909
2025-03-12 16:00:00+00:00,3665.82,26.82301788,0.99169,0.97134352,0.0129264,0.0,0.00803048
2025-03-12 17:00:00+00:00,3742.73,26.77968941,0.99175424,0.97186015,0.01254893,0.0,0.00797884
2025-03-12 18:00:00+00:00,3806.0625,26.30917911,0.99190812,0.97419765,0.01135544,0.0,0.00743107
2025-03-12 19:00:00+00:00,3804.3375,26.22147437,0.99177528,0.97435756,0.01120756,0.0,0.00733377
2025-03-12 20:00:00+00:00,3772.1075,26.274848,0.99151483,0.97388591,0.01140705,0.0,0.00746278
2025-03-12 21:00:00+00:00,3717.35,26.37737105,0.99150986,0.97365087,0.01152913,0.0,0.00750005
2025-03-12 22:00:00+00:00,3635.045,26.31989724,0.99168463,0.9739415,0.01175424,0.0,0.00753225
2025-03-12 23:00:00+00:00,3487.6225,26.34723752,0.99140371,0.97312254,0.01242481,0.0,0.00778506
2025-03-13 00:00:00+00:00,3422.3725,26.22493134,0.99169228,0.97390111,0.0121826,0.0,0.00766383
2025-03-13 01:00:00+00:00,3401.7925,26.29105028,0.99161459,0.97362294,0.01233618,0.0,0.00778498
2025-03-13 02:00:00+00:00,3398.2225,26.08534666,0.99159542,0.9738906,0.01236577,0.0,0.0077173
2025-03-13 03:00:00+00:00,3411.1,26.04987133,0.99138983,0.9738572,0.01222288,0.0,0.00764398
2025-03-13 04:00:00+00:00,3477.925,25.95887354,0.99121173,0.97338243,0.012445,0.0,0.00764648
2025-03-13 05:00:00+00:00,3645.3225,26.0784617,0.99125938,0.97258124,0.01309092,0.0,0.00762974
2025-03-13 06:00:00+00:00,3846.6925,26.13553431,0.99152524,0.97367548,0.01234022,0.0,0.00723026
2025-03-13 07:00:00+00:00,3856.97,26.13553566,0.99211371,0.97439728,0.01216468,0.0,0.0070794
2025-03-13 08:00:00+00:00,3802.58,26.39729685,0.99243179,0.97433053,0.01187793,0.0,0.00703895
2025-03-13 09:00:00+00:00,3723.735,26.29284065,0.99195351,0.97379403,0.01219861,0.0,0.00745668
2025-03-13 10:00:00+00:00,3643.1225,26.25622222,0.99188364,0.97360917,0.01235082,0.0,0.00751629
2025-03-13 11:00:00+00:00,3582.9425,25.96419718,0.99185611,0.97429362,0.01200569,0.0,0.00744832
2025-03-13 12:00:00+00:00,3577.94,25.6182813,0.99196689,0.97439895,0.01218839,0.0,0.00735391
2025-03-13 13:00:00+00:00,3583.1175,25.21907443,0.9920301,0.97493557,0.01182128,0.0,0.00734591
2025-03-13 14:00:00+00:00,3610.0025,25.53161596,0.99213014,0.9747003,0.01172563,0.0,0.00742056
2025-03-13 15:00:00+00:00,3655.1525,25.63438341,0.99224166,0.97441028,0.0121926,0.0,0.0074501
2025-03-13 16:00:00+00:00,3661.395,25.78403029,0.99238976,0.97503958,0.01152263,0.0,0.007382
2025-03-13 17:00:00+00:00,3714.71,26.04793828,0.99219954,0.97434344,0.01152928,0.0,0.0074489
2025-03-13 18:00:00+00:00,3766.065,25.98458376,0.99219624,0.97459114,0.01111691,0.0,0.00730668
2025-03-13 19:00:00+00:00,3766.5325,25.56813301,0.99221744,0.97524731,0.0112421,0.0,0.00714577
2025-03-13 20:00:00+00:00,3753.0775,25.2820369,0.99256996,0.97608761,0.01091142,0.0,0.00700581
2025-03-13 21:00:00+00:00,3707.1275,25.04053253,0.99245465,0.97603456,0.0109236,0.0,0.00699118
2025-03-13 22:00:00+00:00,3630.0325,24.89899976,0.99254395,0.97610033,0.01123079,0.0,0.00705763
2025-03-13 23:00:00+00:00,3542.655,26.25802041,0.99066612,0.97004122,0.01273041,0.0,0.00844916
2025-03-14 00:00:00+00:00,3492.83,25.74100203,0.99075494,0.97114783,0.01278525,0.0,0.00833664
2025-03-14 01:00:00+00:00,3445.3825,25.54416019,0.99084249,0.97076639,0.01308817,0.0,0.00838642
2025-03-14 02:00:00+00:00,3433.45,25.92724784,0.99077999,0.97026504,0.01328215,0.0,0.00847734
2025-03-14 03:00:00+00:00,3459.3725,26.14768649,0.99068687,0.97096043,0.01197126,0.0,0.00849942
2025-03-14 04:00:00+00:00,3529.34,26.20557688,0.99053729,0.96949359,0.01341995,0.0,0.00846157
2025-03-14 05:00:00+00:00,3688.21,26.05050496,0.99093353,0.97050549,0.01309982,0.0,0.00816017
2025-03-14 06:00:00+00:00,3862.005,25.78708205,0.99184306,0.97332706,0.01211943,0.0,0.00746958
2025-03-14 07:00:00+00:00,3921.9875,25.75157889,0.99264573,0.97522833,0.01161512,0.0,0.0071342
2025-03-14 08:00:00+00:00,3898.955,25.99871216,0.99361276,0.97604961,0.01153681,0.0,0.00631999
2025-03-14 09:00:00+00:00,3857.6625,25.79607282,0.99284767,0.97496089,0.01189202,0.0,0.00704944
2025-03-14 10:00:00+00:00,3798.0125,24.79392099,0.99299137,0.97553546,0.01238927,0.0,0.00694598
2025-03-14 11:00:00+00:00,3751.515,24.90654045,0.99329874,0.97589806,0.01237871,0.0,0.00645369
2025-03-14 12:00:00+00:00,3741.1775,25.19781807,0.99256494,0.97540019,0.01146102,0.0,0.00721452
2025-03-14 13:00:00+00:00,3748.585,24.35574251,0.99252596,0.97567846,0.01161431,0.0,0.00712474
2025-03-14 14:00:00+00:00,3757.6475,23.99843901,0.99270772,0.97638192,0.01126977,0.0,0.00693974
2025-03-14 15:00:00+00:00,3729.6725,23.46798199,0.99234365,0.97395144,0.01303489,0.0,0.00727402
2025-03-14 16:00:00+00:00,3755.255,23.16868145,0.99220231,0.97300036,0.0135073,0.0,0.00748814
2025-03-14 17:00:00+00:00,3811.0275,22.47987893,0.99258439,0.97431843,0.01327359,0.0,0.00719521
2025-03-14 18:00:00+00:00,3803.3075,21.99724262,0.9927259,0.97506214,0.01281419,0.0,0.00705769
2025-03-14 19:00:00+00:00,3756.0575,21.57026443,0.99247653,0.97483354,0.01336232,0.0,0.00705398
2025-03-14 20:00:00+00:00,3700.895,21.31756428,0.99281066,0.97740526,0.0119018,0.0,0.00671392
2025-03-14 21:00:00+00:00,3646.5325,20.47319685,0.99323082,0.9803022,0.01119313,0.0,0.00615864
2025-03-14 22:00:00+00:00,3609.035,19.76088273,0.99342413,0.98144457,0.01162917,0.0,0.00590993
2025-03-14 23:00:00+00:00,3565.3575,20.46849777,0.99422933,0.98359413,0.00925889,0.0,0.00576196
2025-03-15 00:00:00+00:00,3518.4175,20.51521928,0.99426581,0.9841166,0.00861963,0.0,0.00573419
2025-03-15 01:00:00+00:00,3456.5425,20.54724112,0.99421813,0.98383998,0.00861557,0.0,0.00577972
2025-03-15 02:00:00+00:00,3380.41,20.49955841,0.99418981,0.98371558,0.00867088,0.0,0.00581019
2025-03-15 03:00:00+00:00,3364.085,20.52327282,0.99412962,0.98355084,0.00866289,0.0,0.00582717
2025-03-15 04:00:00+00:00,3377.5175,20.37622726,0.99393637,0.98282003,0.0092794,0.0,0.00596176
2025-03-15 05:00:00+00:00,3414.085,20.48619698,0.99355147,0.98133945,0.00999238,0.0,0.00615814
2025-03-15 06:00:00+00:00,3483.8975,20.43068204,0.99340572,0.98092664,0.01022587,0.0,0.00611393
2025-03-15 07:00:00+00:00,3604.105,20.22798893,0.99388531,0.98170379,0.01031705,0.0,0.00597943
2025-03-15 08:00:00+00:00,3670.705,20.11372935,0.99401137,0.98168597,0.01022277,0.0,0.00598643
2025-03-15 09:00:00+00:00,3720.145,20.09952544,0.99402973,0.98170969,0.01014694,0.0,0.00596591
2025-03-15 10:00:00+00:00,3713.5125,19.89011544,0.99405381,0.98195937,0.01021231,0.0,0.00594619
2025-03-15 11:00:00+00:00,3709.7875,19.92645861,0.99404886,0.9820126,0.01032755,0.0,0.00594892
2025-03-15 12:00:00+00:00,3686.4125,20.07720763,0.99406632,0.98190889,0.01044702,0.0,0.00587771
2025-03-15 13:00:00+00:00,3650.05,19.97021523,0.9940237,0.98224078,0.01069586,0.0,0.0059763
2025-03-15 14:00:00+00:00,3579.195,20.19664532,0.99386763,0.98157603,0.01068957,0.0,0.00613237
2025-03-15 15:00:00+00:00,3601.0975,20.50703569,0.9938296,0.98123837,0.01062668,0.0,0.0061704
2025-03-15 16:00:00+00:00,3630.735,20.66642562,0.99380988,0.98103159,0.01071323,0.0,0.00619012
2025-03-15 17:00:00+00:00,3706.6375,21.08695574,0.99382666,0.9812943,0.01035785,0.0,0.00606443
2025-03-15 18:00:00+00:00,3740.6175,21.20442402,0.99380899,0.9815335,0.00993875,0.0,0.00590051
2025-03-15 19:00:00+00:00,3700.6325,21.25187648,0.99375686,0.98087071,0.00991187,0.0,0.00601467
2025-03-15 20:00:00+00:00,3634.9275,21.20039557,0.99375278,0.98090021,0.01014039,0.0,0.00605589
2025-03-15 21:00:00+00:00,3613.8125,21.22406388,0.99360947,0.98053151,0.01021755,0.0,0.0061386
2025-03-15 22:00:00+00:00,3595.22,21.39561047,0.99374444,0.98063617,0.01016822,0.0,0.00613591
2025-03-15 23:00:00+00:00,3529.385,20.58398036,0.99401333,0.98175248,0.01068662,0.0,0.00598667
2025-03-16 00:00:00+00:00,3508.8875,20.30840867,0.99419551,0.98240029,0.01051554,0.0,0.00579789
2025-03-16 01:00:00+00:00,3503.435,20.66182904,0.99394448,0.98113583,0.01047199,0.0,0.00600078
2025-03-16 02:00:00+00:00,3503.085,20.63965326,0.99394196,0.98153208,0.01027319,0.0,0.00586259
2025-03-16 03:00:00+00:00,3485.6875,20.47830276,0.9939061,0.98163823,0.01027805,0.0,0.00584432
2025-03-16 04:00:00+00:00,3482.94,20.6608736,0.993758,0.98061594,0.01067077,0.0,0.00615928
2025-03-16 05:00:00+00:00,3490.67,21.50272612,0.99325735,0.97893944,0.01126,0.0,0.0065705
2025-03-16 06:00:00+00:00,3526.08,21.62715235,0.99304099,0.97888137,0.01111721,0.0,0.00657145
2025-03-16 07:00:00+00:00,3608.1075,21.67313172,0.99288902,0.97831548,0.0112311,0.0,0.00665807
2025-03-16 08:00:00+00:00,3655.795,21.22291556,0.99322343,0.97937908,0.01103151,0.0,0.00641335
2025-03-16 09:00:00+00:00,3691.505,21.99275241,0.99262149,0.97822622,0.01058493,0.0,0.00646366
2025-03-16 10:00:00+00:00,3701.36,21.96831344,0.9930142,0.9787709,0.01035968,0.0,0.00640021
2025-03-16 11:00:00+00:00,3672.5925,22.77629975,0.9925511,0.97711886,0.01060231,0.0,0.00671482
2025-03-16 12:00:00+00:00,3621.8975,23.22425688,0.99273512,0.97746949,0.01089419,0.0,0.00671369
2025-03-16 13:00:00+00:00,3617.5075,23.92693129,0.99239423,0.97650033,0.01106118,0.0,0.00691715
2025-03-16 14:00:00+00:00,3604.37,23.6273925,0.99282965,0.97793968,0.01154053,0.0,0.00685264
2025-03-16 15:00:00+00:00,3626.5625,24.54461072,0.99231537,0.97605601,0.01199635,0.0,0.00726217
2025-03-16 16:00:00+00:00,3682.7675,25.71132155,0.99203042,0.97442145,0.01175941,0.0,0.00753915
2025-03-16 17:00:00+00:00,3771.3925,24.97085873,0.99227363,0.97555232,0.01142101,0.0,0.00720236
2025-03-16 18:00:00+00:00,3832.27,25.20010836,0.99244462,0.97538172,0.01149868,0.0,0.00735065
2025-03-16 19:00:00+00:00,3848.0025,24.47345226,0.99291687,0.97676338,0.01105924,0.0,0.00699295
2025-03-16 20:00:00+00:00,3811.145,24.4094081,0.99289471,0.97650878,0.01115583,0.0,0.00709827
2025-03-16 21:00:00+00:00,3774.9525,23.71639574,0.99325333,0.97789747,0.01090921,0.0,0.00673755
2025-03-16 22:00:00+00:00,3699.1825,23.05807938,0.99341948,0.97880859,0.01077731,0.0,0.00653772
2025-03-16 23:00:00+00:00,3625.6275,22.2931527,0.99299953,0.97863792,0.01066843,0.0,0.00644261
2025-03-17 00:00:00+00:00,3577.2075,22.07591129,0.99298159,0.97860433,0.0107035,0.0,0.00645236
2025-03-17 01:00:00+00:00,3547.98,21.6562797,0.99268054,0.97833456,0.01088891,0.0,0.00649602
2025-03-17 02:00:00+00:00,3542.84,21.49650198,0.9923195,0.97780702,0.01120408,0.0,0.00663875
2025-03-17 03:00:00+00:00,3550.8575,21.7346421,0.99222102,0.97728697,0.01123011,0.0,0.00672498
2025-03-17 04:00:00+00:00,3601.78,21.58369138,0.99136487,0.976601,0.01042566,0.0,0.00750092
2025-03-17 05:00:00+00:00,3749.5475,22.81362163,0.98956624,0.97047471,0.0131192,0.0,0.00796449
2025-03-17 06:00:00+00:00,3967.4,21.21178442,0.99105273,0.97450367,0.01209688,0.0,0.00720601
2025-03-17 07:00:00+00:00,4005.065,21.18084104,0.99155319,0.97516597,0.0117797,0.0,0.00713876
2025-03-17 08:00:00+00:00,3941.425,21.05835532,0.99224136,0.97795727,0.01007489,0.0,0.00707217
2025-03-17 09:00:00+00:00,3938.8175,20.66889773,0.99227487,0.97811027,0.01102286,0.0,0.00670227
2025-03-17 10:00:00+00:00,3882.3725,20.53684711,0.99265577,0.97874295,0.01108367,0.0,0.00662854
2025-03-17 11:00:00+00:00,3905.925,20.66856127,0.99275512,0.98041119,0.0092606,0.0,0.00644764
2025-03-17 12:00:00+00:00,3864.01,20.59363805,0.99279543,0.9793795,0.01045744,0.0,0.00657485
2025-03-17 13:00:00+00:00,3844.5925,21.12449553,0.99303252,0.97874025,0.0106726,0.0,0.00680938
2025-03-17 14:00:00+00:00,3864.81,21.34182685,0.99340995,0.98099483,0.00903929,0.0,0.0065329
2025-03-17 15:00:00+00:00,3856.3,21.12463646,0.9927454,0.98352023,0.00580565,0.0,0.00688489
2025-03-17 16:00:00+00:00,3824.3975,21.29783058,0.99204523,0.97885091,0.00899474,0.0,0.00735195
2025-03-17 17:00:00+00:00,3827.4675,21.65935281,0.99207575,0.97799565,0.00933454,0.0,0.00735822
2025-03-17 18:00:00+00:00,3813.3975,21.55504996,0.99203289,0.97853727,0.00882098,0.0,0.00749163
2025-03-17 19:00:00+00:00,3771.6725,21.12493729,0.99136236,0.98002579,0.00679207,0.0,0.00751715
2025-03-17 20:00:00+00:00,3719.995,21.0617416,0.99199968,0.97663941,0.0115011,0.0,0.00738321
2025-03-17 21:00:00+00:00,3657.215,21.30333441,0.99244761,0.97788594,0.01074138,0.0,0.00701655
2025-03-17 22:00:00+00:00,3536.7975,21.08427619,0.99218822,0.97793827,0.01084224,0.0,0.00696073
2025-03-17 23:00:00+00:00,3416.175,20.66077873,0.9918892,0.98486817,0.00420568,0.0,0.00702177
2025-03-18 00:00:00+00:00,3364.6225,20.83899331,0.99186305,0.98595474,0.00262555,0.0,0.00709232
2025-03-18 01:00:00+00:00,3335.71,20.99557562,0.99193679,0.98545737,0.00257887,0.0,0.00715712
2025-03-18 02:00:00+00:00,3327.74,21.16110825,0.99173182,0.98464329,0.00263004,0.0,0.00742454
2025-03-18 03:00:00+00:00,3324.1525,21.14853909,0.99166196,0.98441252,0.00269365,0.0,0.00764181
2025-03-18 04:00:00+00:00,3371.0025,20.80799829,0.99111306,0.98388671,0.00278505,0.0,0.00781385
2025-03-18 05:00:00+00:00,3500.68,20.93884254,0.99084132,0.98140645,0.00439104,0.0,0.00816847
2025-03-18 06:00:00+00:00,3694.995,20.79401856,0.9912397,0.98212006,0.00454016,0.0,0.00744932
2025-03-18 07:00:00+00:00,3734.3675,20.29151179,0.99221232,0.98538998,0.00295867,0.0,0.00706392
2025-03-18 08:00:00+00:00,3707.9225,20.89522753,0.99274808,0.98571539,0.00261382,0.0,0.00695466
2025-03-18 09:00:00+00:00,3748.635,20.51200399,0.9928286,0.9869469,0.00243028,1e-08,0.00643394
2025-03-18 10:00:00+00:00,3757.5725,20.55670396,0.99255465,0.98656302,0.00237546,0.0,0.00633821
2025-03-18 11:00:00+00:00,3722.145,20.72210985,0.99290922,0.98659602,0.0023642,0.0,0.00636254
2025-03-18 12:00:00+00:00,3212.995,20.35666794,0.99287355,0.98711169,0.00257574,0.0,0.00677702
2025-03-18 13:00:00+00:00,3633.51,21.15368336,0.99285998,0.98604224,0.00248852,0.0,0.00661768
2025-03-18 14:00:00+00:00,3716.8625,20.96587992,0.9932729,0.9870166,0.00245666,0.0,0.00661643
2025-03-18 15:00:00+00:00,3738.985,20.45136061,0.99348359,0.98868729,0.00246834,0.0,0.00645673
2025-03-18 16:00:00+00:00,3751.15,20.71013873,0.99306916,0.98744633,0.00251046,0.0,0.00670349
2025-03-18 17:00:00+00:00,3765.0,21.07929982,0.99264216,0.98616918,0.00251377,0.0,0.00695875
2025-03-18 18:00:00+00:00,3772.095,21.25230116,0.99227529,0.98543284,0.00251526,0.0,0.00714051
2025-03-18 19:00:00+00:00,3737.7125,21.03603505,0.99240471,0.98613332,0.00252999,0.0,0.00694507
2025-03-18 20:00:00+00:00,3689.1375,21.43464323,0.99250008,0.98552318,0.0024264,0.0,0.00692041
2025-03-18 21:00:00+00:00,3603.8375,21.35135683,0.99236909,0.9856234,0.0024906,0.0,0.00699149
2025-03-18 22:00:00+00:00,3526.6125,21.93974063,0.99227224,0.98489523,0.00247088,0.0,0.00712806
2025-03-18 23:00:00+00:00,3408.815,21.67337574,0.99240949,0.9864985,0.00241419,0.0,0.00668927
2025-03-19 00:00:00+00:00,3349.4725,21.5657449,0.9925272,0.98673715,0.00249448,0.0,0.00667016
2025-03-19 01:00:00+00:00,3342.2775,21.60205662,0.99271227,0.9853684,0.00440505,0.0,0.00647859
2025-03-19 02:00:00+00:00,3326.9225,21.700216,0.99244517,0.98425676,0.0044721,0.0,0.00652384
2025-03-19 03:00:00+00:00,3322.3775,21.58672936,0.99239921,0.98399275,0.00488398,1.279e-05,0.0066174
2025-03-19 04:00:00+00:00,3371.16,21.96592175,0.99288976,0.98255046,0.00618506,6.502e-05,0.00612898
2025-03-19 05:00:00+00:00,3533.4425,22.61514248,0.99353908,0.98288813,0.00595453,5.321e-05,0.00551173
2025-03-19 06:00:00+00:00,3675.5825,22.66236174,0.99306947,0.98200072,0.0060995,7.13e-06,0.00590811
2025-03-19 07:00:00+00:00,3759.4375,23.01674964,0.99366188,0.98219327,0.00614981,0.0,0.00609858
2025-03-19 08:00:00+00:00,3785.3675,22.78103198,0.99369768,0.98338716,0.00616184,0.0,0.00608156
2025-03-19 09:00:00+00:00,3765.9975,23.05228953,0.99347653,0.98305729,0.00566646,0.0,0.00559927
2025-03-19 10:00:00+00:00,3749.2225,23.11810057,0.99365137,0.98320366,0.00555608,0.0,0.00547936
2025-03-19 11:00:00+00:00,3746.3675,23.17442191,0.99366102,0.98300684,0.00548522,0.0,0.00540735
2025-03-19 12:00:00+00:00,3724.2075,23.13475042,0.99369002,0.98330252,0.005546,0.0,0.00546727
2025-03-19 13:00:00+00:00,3731.7475,23.05342137,0.99361166,0.9833002,0.00560697,0.0,0.00556026
2025-03-19 14:00:00+00:00,3735.205,22.77024397,0.9937596,0.98390634,0.00587553,0.0,0.00581275
2025-03-19 15:00:00+00:00,3754.15,22.9471703,0.99312151,0.98108121,0.00629129,0.0,0.00618248
2025-03-19 16:00:00+00:00,3725.3075,22.20699154,0.99213125,0.98087816,0.00704595,0.0,0.00671086
2025-03-19 17:00:00+00:00,3725.2875,22.21849207,0.99133783,0.97926187,0.0078535,0.0,0.00671089
2025-03-19 18:00:00+00:00,3752.885,22.54021448,0.99269564,0.98199792,0.00500758,0.0,0.00658421
2025-03-19 19:00:00+00:00,3748.5325,21.48833259,0.99337927,0.98259343,0.00587141,0.0,0.00614422
2025-03-19 20:00:00+00:00,3724.745,22.03784864,0.99388623,0.98326742,0.00539701,0.0,0.00563127
2025-03-19 21:00:00+00:00,3654.5475,22.24482524,0.99386972,0.98336744,0.00530574,0.0,0.00554067
2025-03-19 22:00:00+00:00,3537.7425,22.1802414,0.99362659,0.98365883,0.00546208,0.0,0.00569441
2025-03-19 23:00:00+00:00,3432.19,22.62516207,0.99814707,0.98856238,0.00492791,0.0,0.00070121
2025-03-20 00:00:00+00:00,3395.15,22.98801051,0.99773385,0.984327,0.00844685,0.0,0.00094894
2025-03-20 01:00:00+00:00,3349.575,22.74935996,0.99720861,0.98498668,0.00749617,0.0,0.00216312
2025-03-20 02:00:00+00:00,3340.285,23.19628181,0.99654805,0.98470836,0.00638505,0.0,0.00244316
2025-03-20 03:00:00+00:00,3343.45,23.36464172,0.99607758,0.98431638,0.00639993,0.0,0.00251639
2025-03-20 04:00:00+00:00,3384.7825,23.89810398,0.99592727,0.98279779,0.00688906,0.0,0.00297098
2025-03-20 05:00:00+00:00,3534.4325,24.95272864,0.99477255,0.98118013,0.00620271,0.0,0.00357365
2025-03-20 06:00:00+00:00,3756.6825,24.37128041,0.99504715,0.98308326,0.0051221,0.0,0.00338481
2025-03-20 07:00:00+00:00,3833.58,24.0291541,0.99405618,0.98230032,0.00616654,0.0,0.00526637
2025-03-20 08:00:00+00:00,3771.215,24.31786854,0.99276625,0.98082888,0.00629379,0.0,0.00706839
2025-03-20 09:00:00+00:00,3783.2725,24.83397074,0.99239638,0.97994868,0.00629897,0.0,0.00722667
2025-03-20 10:00:00+00:00,3736.885,25.02633116,0.99221258,0.97975014,0.00630705,0.0,0.00716853
2025-03-20 11:00:00+00:00,3694.7175,25.40335149,0.99215066,0.97941891,0.00649128,0.0,0.0073625
2025-03-20 12:00:00+00:00,3668.855,25.54661538,0.9921312,0.97943197,0.00652723,0.0,0.00734573
2025-03-20 13:00:00+00:00,3668.4825,25.53240322,0.99219955,0.97573978,0.00995666,0.0,0.00730889
2025-03-20 14:00:00+00:00,3664.04,25.72179721,0.9921397,0.97457404,0.01094185,0.0,0.00765026
2025-03-20 15:00:00+00:00,3719.1275,25.91654475,0.99122712,0.9738042,0.01025348,0.0,0.00816585
2025-03-20 16:00:00+00:00,3721.485,25.72755807,0.99068198,0.9711069,0.01278529,0.0,0.00851364
2025-03-20 17:00:00+00:00,3757.2675,25.64853597,0.99052772,0.96944488,0.01437919,0.0,0.00841656
2025-03-20 18:00:00+00:00,3778.4725,25.50845392,0.99056851,0.97095565,0.01310057,0.0,0.00833479
2025-03-20 19:00:00+00:00,3752.51,25.43100921,0.99054987,0.97286022,0.01097371,0.0,0.00841117
2025-03-20 20:00:00+00:00,3707.8875,25.43006204,0.99049623,0.97328606,0.01043273,0.0,0.00845982
2025-03-20 21:00:00+00:00,3643.4175,25.68185653,0.99052094,0.97279915,0.01096859,0.0,0.00818392
2025-03-20 22:00:00+00:00,3536.98,26.08221467,0.99073873,0.97447411,0.00924639,0.0,0.00813149
2025-03-20 23:00:00+00:00,3436.61,26.71236907,0.99218556,0.97408327,0.01032177,0.0,0.00661537
2025-03-21 00:00:00+00:00,3394.835,26.56365914,0.99213671,0.97339329,0.01116564,0.0,0.00674742
2025-03-21 01:00:00+00:00,3360.67,26.39024433,0.99262098,0.9746949,0.01046791,0.0,0.00661521
2025-03-21 02:00:00+00:00,3354.955,26.13290091,0.99275082,0.97567906,0.01025732,0.0,0.00651176
2025-03-21 03:00:00+00:00,3381.8575,26.09301955,0.99263779,0.9754157,0.01023605,0.0,0.0064818
2025-03-21 04:00:00+00:00,3450.7275,25.77806639,0.99203073,0.97321175,0.01178805,0.0,0.00688876
2025-03-21 05:00:00+00:00,3595.9125,25.43547533,0.99218087,0.97364213,0.01194904,0.0,0.00660504
2025-03-21 06:00:00+00:00,3799.56,25.3239789,0.99318454,0.9751115,0.01172383,0.0,0.00617173
2025-03-21 07:00:00+00:00,3815.815,25.42809436,0.99390315,0.9761603,0.01124215,0.0,0.00595579
2025-03-21 08:00:00+00:00,3683.365,25.76574298,0.99387714,0.97541198,0.01145476,0.0,0.00606585
2025-03-21 09:00:00+00:00,3646.9,25.80418878,0.99393346,0.97578072,0.01099084,0.0,0.0058042
2025-03-21 10:00:00+00:00,3570.83,25.45837312,0.99396947,0.97691567,0.0105158,0.0,0.00556627
2025-03-21 11:00:00+00:00,3520.2525,25.21220259,0.9937594,0.98082494,0.00659756,0.0,0.00563701
2025-03-21 12:00:00+00:00,3482.6025,24.95852373,0.99484105,0.98179037,0.00661188,0.0,0.00440249
2025-03-21 13:00:00+00:00,3414.3025,24.80735858,0.99761719,0.98456795,0.00677941,0.0,0.00118284
2025-03-21 14:00:00+00:00,3361.8275,25.12030733,0.99776511,0.98059553,0.01042108,0.0,0.00134629
2025-03-21 15:00:00+00:00,3363.51,25.28496984,0.99804878,0.98023885,0.01102854,0.0,0.00122202
2025-03-21 16:00:00+00:00,3384.1475,25.31310344,0.9979089,0.9783658,0.01192438,0.0,0.00146484
2025-03-21 17:00:00+00:00,3444.69,24.50219229,0.99744454,0.97843397,0.01198994,0.0,0.0013113
2025-03-21 18:00:00+00:00,3511.97,24.65255763,0.99785913,0.9805998,0.01067173,0.0,0.00116103
2025-03-21 19:00:00+00:00,3485.8325,23.97541194,0.99783862,0.98212592,0.00990817,0.0,0.00088653
2025-03-21 20:00:00+00:00,3447.79,23.34635313,0.99771196,0.98204792,0.01041532,0.0,0.00088598
2025-03-21 21:00:00+00:00,3379.6575,23.3898576,0.99774127,0.98237655,0.00990016,0.0,0.00103665
2025-03-21 22:00:00+00:00,3330.525,23.68844146,0.99750484,0.98370432,0.00780033,0.0,0.00082469
2025-03-21 23:00:00+00:00,3265.575,22.42883748,0.9964891,0.98073266,0.01102053,0.0,0.00205445
2025-03-22 00:00:00+00:00,3214.74,22.53790272,0.99571208,0.97979513,0.01093306,0.0,0.00224884
2025-03-22 01:00:00+00:00,3192.765,23.31821619,0.99575357,0.98033946,0.009125,0.0,0.00261778
2025-03-22 02:00:00+00:00,3210.5425,23.10018167,0.99503436,0.97985005,0.00915163,0.0,0.00242305
2025-03-22 03:00:00+00:00,3195.5825,23.04929274,0.99525756,0.97961692,0.00924078,0.0,0.00290177
2025-03-22 04:00:00+00:00,3229.4575,22.87164757,0.9960784,0.98093522,0.00904903,0.0,0.00277882
2025-03-22 05:00:00+00:00,3248.1425,23.03578996,0.99596136,0.98095644,0.00894721,0.0,0.00275229
2025-03-22 06:00:00+00:00,3287.975,22.97390962,0.99623619,0.9798059,0.01064846,0.0,0.00271044
2025-03-22 07:00:00+00:00,3333.5925,22.72611422,0.99676299,0.98284171,0.00877145,0.0,0.00174444
2025-03-22 08:00:00+00:00,3331.965,22.52799422,0.99541817,0.98051462,0.01018084,0.0,0.00206517
2025-03-22 09:00:00+00:00,3305.5775,23.05083651,0.99526271,0.97805494,0.01147287,0.0,0.00259703
2025-03-22 10:00:00+00:00,3254.0225,22.86842568,0.99518566,0.97803194,0.01164568,0.0,0.00272229
2025-03-22 11:00:00+00:00,3193.5075,20.19994487,0.99595488,0.98246155,0.01225307,0.0,0.00058794
2025-03-22 12:00:00+00:00,3137.465,19.66375436,0.99643176,0.98243878,0.01276139,0.0,0.00059484
2025-03-22 13:00:00+00:00,3087.695,21.18628178,0.99604283,0.97917867,0.01251133,0.0,0.0021142
2025-03-22 14:00:00+00:00,3098.57,21.60823088,0.99604742,0.97882504,0.01230335,0.0,0.00237943
2025-03-22 15:00:00+00:00,3112.4275,21.42496099,0.99722451,0.98170903,0.01152409,0.0,0.00194517
2025-03-22 16:00:00+00:00,3177.29,21.47350497,0.99777454,0.98329555,0.01076718,0.0,0.00172896
2025-03-22 17:00:00+00:00,3226.8825,21.35807635,0.997194,0.98238556,0.01093378,0.0,0.00174888
2025-03-22 18:00:00+00:00,3296.605,21.14117706,0.99678696,0.98154898,0.01137365,0.0,0.00187831
2025-03-22 19:00:00+00:00,3262.795,20.65506547,0.99706134,0.98260566,0.01122818,0.0,0.00156946
2025-03-22 20:00:00+00:00,3217.965,20.8320376,0.99680451,0.98138692,0.01132723,0.0,0.00202075
2025-03-22 21:00:00+00:00,3172.07,20.99819328,0.99659115,0.98073819,0.01159166,0.0,0.00206672
2025-03-22 22:00:00+00:00,3079.8125,21.00564577,0.99681446,0.98119086,0.01155976,0.0,0.0018727
2025-03-22 23:00:00+00:00,3104.9525,21.97134196,0.99598657,0.97829034,0.01182109,0.0,0.0029501
2025-03-23 00:00:00+00:00,3084.475,22.38355968,0.99600854,0.97799206,0.01192318,0.0,0.00300895
2025-03-23 01:00:00+00:00,3074.6325,22.83935119,0.99676409,0.97873212,0.01187234,0.0,0.00247278
2025-03-23 02:00:00+00:00,3081.745,22.90512485,0.99660108,0.97846122,0.01169375,6.66e-06,0.00294412
2025-03-23 03:00:00+00:00,3109.1275,22.74575828,0.99652697,0.97881908,0.01138568,3.462e-05,0.00280323
2025-03-23 04:00:00+00:00,3124.2525,22.71596033,0.99652658,0.97883899,0.01138179,2.28e-06,0.00300548
2025-03-23 05:00:00+00:00,3129.615,22.82029021,0.99612375,0.97786635,0.01151043,0.0,0.00313741
2025-03-23 06:00:00+00:00,3162.0375,22.86677222,0.99620691,0.97836137,0.01158171,0.0,0.00296175
2025-03-23 07:00:00+00:00,3187.2175,23.12955638,0.99642141,0.9787635,0.01157671,0.0,0.00275695
2025-03-23 08:00:00+00:00,3193.57,23.52809831,0.99587507,0.9780999,0.01121314,0.0,0.00285126
2025-03-23 09:00:00+00:00,3155.3275,24.23126548,0.99450846,0.97603304,0.01153636,3.88e-06,0.00299031
2025-03-23 10:00:00+00:00,3129.5275,23.97136891,0.99458012,0.97595722,0.01181971,7.899e-05,0.00276914
2025-03-23 11:00:00+00:00,3093.82,23.72496652,0.99445521,0.97516422,0.012083,0.0,0.00305089
2025-03-23 12:00:00+00:00,3074.09,23.40485427,0.99490984,0.97513214,0.0126581,0.0,0.00311981
2025-03-23 13:00:00+00:00,3070.2875,23.44587663,0.99545214,0.97555706,0.0126572,0.0,0.0030199
2025-03-23 14:00:00+00:00,3100.69,23.5784868,0.99609559,0.97667439,0.01236402,0.0,0.00295253
2025-03-23 15:00:00+00:00,3128.66,23.27806481,0.99637881,0.97834628,0.01130289,0.0,0.00292891
2025-03-23 16:00:00+00:00,3158.71,23.14657556,0.99632921,0.97776763,0.01185176,0.0,0.00287162
2025-03-23 17:00:00+00:00,3226.665,22.8051417,0.99666876,0.97817054,0.01208561,0.0,0.00282603
2025-03-23 18:00:00+00:00,3300.705,22.12748985,0.99698985,0.97922481,0.01211739,0.0,0.00234114
2025-03-23 19:00:00+00:00,3308.1825,22.40484115,0.99683767,0.97909269,0.01213171,0.0,0.00231771
2025-03-23 20:00:00+00:00,3245.7025,22.56536441,0.99702096,0.97914193,0.01205825,0.0,0.00247871
2025-03-23 21:00:00+00:00,3216.45,23.09699,0.99659067,0.97824257,0.01185081,0.0,0.00286197
2025-03-23 22:00:00+00:00,3138.6975,22.99132144,0.99652188,0.97877136,0.01166283,0.0,0.00276682
2025-03-23 23:00:00+00:00,3084.0375,22.61783062,0.99660799,0.9788782,0.01213838,0.0,0.0026995
2025-03-24 00:00:00+00:00,3052.645,22.74175822,0.9966112,0.9789599,0.01201653,0.0,0.00274767
2025-03-24 01:00:00+00:00,3028.725,23.02768771,0.99676397,0.97863398,0.0121188,0.0,0.00287694
2025-03-24 02:00:00+00:00,3038.8625,23.04538249,0.99665258,0.97852588,0.01189476,0.0,0.00291036
2025-03-24 03:00:00+00:00,3059.7325,23.22862241,0.99594344,0.97789331,0.01153747,0.0,0.00305999
2025-03-24 04:00:00+00:00,3123.6275,22.84821683,0.99607146,0.97885387,0.01119745,0.0,0.00282986
2025-03-24 05:00:00+00:00,3257.4125,20.5081119,0.99667166,0.97950458,0.01414768,0.0,0.00155995
2025-03-24 06:00:00+00:00,3454.05,21.44161028,0.99537506,0.97925434,0.01160282,0.0,0.00320844
2025-03-24 07:00:00+00:00,3481.6475,20.96764827,0.99415758,0.97867585,0.01165254,0.0,0.00467567
2025-03-24 08:00:00+00:00,3489.85,21.39783782,0.9965234,0.98115589,0.01071698,7.44e-06,0.00221729
2025-03-24 09:00:00+00:00,3501.6625,21.50040271,0.99675024,0.98157769,0.01050025,2.103e-05,0.00210771
2025-03-24 10:00:00+00:00,3503.14,21.53844442,0.99745278,0.98259292,0.01055104,1.127e-05,0.00177263
2025-03-24 11:00:00+00:00,3479.975,21.54224973,0.99712409,0.98238312,0.01018852,0.0,0.0020361
2025-03-24 12:00:00+00:00,3508.3375,20.48494911,0.99710073,0.9826126,0.01093999,0.0,0.00176561
2025-03-24 13:00:00+00:00,3516.5225,19.98124877,0.99781672,0.98374666,0.01129188,0.0,0.00133429
2025-03-24 14:00:00+00:00,3542.45,20.34898208,0.99783335,0.98298619,0.01162847,0.0,0.00155725
2025-03-24 15:00:00+00:00,3543.76,19.08624713,0.99852834,0.98412751,0.01328308,0.0,0.00053478
2025-03-24 16:00:00+00:00,3514.45,18.51597816,0.99892778,0.98467765,0.01421806,0.0,0.0
2025-03-24 17:00:00+00:00,3497.9075,18.92220111,0.99931887,0.98224814,0.0169995,0.0,0.0
2025-03-24 18:00:00+00:00,3512.6925,19.41874989,0.99884447,0.98198959,0.01602712,1e-06,0.0003727
2025-03-24 19:00:00+00:00,3486.0375,19.41147332,0.99843895,0.98355758,0.01370218,5.77e-05,0.00047972
2025-03-24 20:00:00+00:00,3449.835,19.74093632,0.99831789,0.98569312,0.01077817,0.0,0.00086473
2025-03-24 21:00:00+00:00,3378.55,20.19775684,0.99750159,0.98435365,0.01066785,2.003e-05,0.00113842
2025-03-24 22:00:00+00:00,3282.7325,20.89127044,0.99721367,0.98317093,0.01090127,7.1e-07,0.00148024
2025-03-24 23:00:00+00:00,3213.7275,22.69266076,0.99680835,0.97983205,0.01154796,1.768e-05,0.00224325
2025-03-25 00:00:00+00:00,3152.33,24.0120961,0.9958977,0.97716776,0.01225024,4.489e-05,0.00301457
2025-03-25 01:00:00+00:00,3136.9225,25.61871524,0.9959874,0.97678539,0.01202081,3.271e-05,0.00330222
2025-03-25 02:00:00+00:00,3135.285,26.36430485,0.99548065,0.97552895,0.01242766,2.9e-05,0.00350331
2025-03-25 03:00:00+00:00,3151.41,26.74239225,0.99501348,0.9751364,0.01205834,2.341e-05,0.00379507
2025-03-25 04:00:00+00:00,3203.1,27.07478915,0.99518231,0.97453555,0.01229218,2.56e-06,0.00405211
2025-03-25 05:00:00+00:00,3329.575,26.6605195,0.99516957,0.97536459,0.01233428,0.0,0.00361822
2025-03-25 06:00:00+00:00,3523.1725,26.75203546,0.99518646,0.97548798,0.01210635,0.0,0.0035739
2025-03-25 07:00:00+00:00,3576.75,26.53335027,0.99488186,0.97219501,0.0150142,0.0,0.00353343
2025-03-25 08:00:00+00:00,3567.6525,26.91771394,0.99548246,0.97430032,0.01319763,0.0,0.00352959
2025-03-25 09:00:00+00:00,3584.205,27.05884486,0.99499658,0.97468168,0.01206817,0.0,0.00384986
2025-03-25 10:00:00+00:00,3581.6025,26.84966165,0.99584086,0.9764013,0.01137295,0.0,0.00361085
2025-03-25 11:00:00+00:00,3557.3875,26.92080303,0.9957483,0.97586103,0.01153375,0.0,0.00405077
2025-03-25 12:00:00+00:00,3553.8375,26.93009671,0.99605733,0.97593184,0.01169983,1.955e-05,0.00332061
2025-03-25 13:00:00+00:00,3543.225,26.69076457,0.99599868,0.97615431,0.01163371,0.0,0.00335724
2025-03-25 14:00:00+00:00,3584.4475,26.75902516,0.99615605,0.97575896,0.01187884,0.0,0.00324297
2025-03-25 15:00:00+00:00,3599.5175,26.53695586,0.99499448,0.97436895,0.01250271,0.0,0.00337414
2025-03-25 16:00:00+00:00,3602.4325,26.54109567,0.99499625,0.98116725,0.00526625,0.0,0.00341791
2025-03-25 17:00:00+00:00,3629.3125,26.56052314,0.99487155,0.97946591,0.00722258,0.0,0.00314817
2025-03-25 18:00:00+00:00,3656.74,26.30568897,0.9947577,0.97934027,0.00756207,0.0,0.00312763
2025-03-25 19:00:00+00:00,3635.785,26.30466441,0.99485601,0.9795546,0.00752745,0.0,0.00319553
2025-03-25 20:00:00+00:00,3598.2,25.76582665,0.99556578,0.97669628,0.01217515,0.0,0.00272272
2025-03-25 21:00:00+00:00,3521.455,25.29942283,0.99654679,0.9784924,0.01183564,0.0,0.0025877
2025-03-25 22:00:00+00:00,3419.85,24.94828366,0.99618987,0.9785953,0.01166537,0.0,0.00244151
2025-03-25 23:00:00+00:00,3269.115,24.94232042,0.99643284,0.98247198,0.00734188,0.0,0.00277337
2025-03-26 00:00:00+00:00,3259.005,24.53080378,0.99632667,0.98302926,0.00697707,0.0,0.0025021
2025-03-26 01:00:00+00:00,3219.1425,24.19970609,0.996833,0.98379676,0.0068226,0.0,0.00263047
2025-03-26 02:00:00+00:00,3186.8525,23.84851373,0.99698035,0.98417895,0.00687865,0.0,0.00240034
2025-03-26 03:00:00+00:00,3184.0875,23.69735245,0.99661176,0.98358365,0.00692865,0.0,0.00252484
2025-03-26 04:00:00+00:00,3232.5425,23.26010247,0.99677214,0.98289308,0.00739445,0.0,0.00257182
2025-03-26 05:00:00+00:00,3354.4725,23.2172003,0.99568732,0.98025882,0.00877644,0.0,0.00263761
2025-03-26 06:00:00+00:00,3546.96,23.26957829,0.99590959,0.98045403,0.00925095,0.0,0.00253387
2025-03-26 07:00:00+00:00,3611.9025,22.16495768,0.99724459,0.98435343,0.00728605,0.0,0.00222584
2025-03-26 08:00:00+00:00,3589.9575,22.30931913,0.9964224,0.98384255,0.00666588,0.0,0.00336072
2025-03-26 09:00:00+00:00,3580.0175,22.41920592,0.99714247,0.98559153,0.00583242,0.0,0.00260093
2025-03-26 10:00:00+00:00,3575.1025,22.4818663,0.99736183,0.98507275,0.00620413,0.0,0.00247487
2025-03-26 11:00:00+00:00,3552.7925,22.24508754,0.99750937,0.98531888,0.00631823,0.0,0.00246875
2025-03-26 12:00:00+00:00,3524.905,22.49357073,0.99735672,0.98531841,0.00612067,0.0,0.00208094
2025-03-26 13:00:00+00:00,3518.2625,21.95230403,0.99773045,0.98617211,0.00626981,0.0,0.00157087
2025-03-26 14:00:00+00:00,3563.9325,21.69981308,0.99770551,0.98640983,0.00628645,0.0,0.00194542
2025-03-26 15:00:00+00:00,3563.6875,21.26345782,0.99797043,0.98709089,0.00668535,0.0,0.00135412
2025-03-26 16:00:00+00:00,3549.135,19.92454316,0.99918614,0.99059763,0.00695839,0.0,0.00048538
2025-03-26 17:00:00+00:00,3546.3625,19.45042982,0.99902812,0.99256061,0.00629475,0.0,0.0
2025-03-26 18:00:00+00:00,3559.18,19.75444085,0.9992075,0.99024183,0.00878529,0.0,0.0
2025-03-26 19:00:00+00:00,3526.785,19.79249863,0.99865887,0.9892607,0.00925032,0.0,0.0
2025-03-26 20:00:00+00:00,3494.5625,18.98449758,0.99926361,0.99370493,0.00549161,0.0,0.0
2025-03-26 21:00:00+00:00,3457.3625,21.65384142,0.99749423,0.98879619,0.0045408,1.96e-05,0.00156937
2025-03-26 22:00:00+00:00,3362.625,22.63636577,0.9971263,0.98190941,0.01056306,6.19e-06,0.00174991
2025-03-26 23:00:00+00:00,3229.9875,22.50612828,0.99760423,0.98273056,0.01062255,0.0,0.00163564
2025-03-27 00:00:00+00:00,3163.7575,21.97765378,0.9976198,0.98617498,0.00752225,1.18e-06,0.00144496
2025-03-27 01:00:00+00:00,3121.395,21.49281197,0.9981061,0.98796675,0.00632209,2.661e-05,0.00140547
2025-03-27 02:00:00+00:00,3098.14,20.28501897,0.99853655,0.99049038,0.00507906,1.611e-05,0.00099621
2025-03-27 03:00:00+00:00,3086.0625,20.22469089,0.9983222,0.99138613,0.00367704,5.677e-05,0.00119018
2025-03-27 04:00:00+00:00,3134.4325,20.08794753,0.9986872,0.99216815,0.0036823,2.695e-05,0.00095727
2025-03-27 05:00:00+00:00,3267.79,19.89894279,0.99835045,0.99191769,0.00389327,1.512e-05,0.00086864
2025-03-27 06:00:00+00:00,3475.5975,19.92016402,0.99791759,0.99232179,0.00321549,2.631e-05,0.00080933
2025-03-27 07:00:00+00:00,3556.4075,20.44440398,0.9983459,0.99063496,0.00450835,2.756e-05,0.00111619
2025-03-27 08:00:00+00:00,3526.705,20.4790206,0.99852114,0.99080275,0.0045079,3.777e-05,0.00098041
2025-03-27 09:00:00+00:00,3513.4825,20.59092689,0.99790928,0.99150737,0.00291165,8.204e-05,0.00125172
2025-03-27 10:00:00+00:00,3483.5975,20.72907698,0.99808659,0.99152862,0.00286546,0.00016354,0.00110074
2025-03-27 11:00:00+00:00,3449.595,20.85210469,0.99735487,0.99032897,0.00274918,0.00040384,0.00146839
2025-03-27 12:00:00+00:00,3431.93,21.36679831,0.99663927,0.98861123,0.00271015,0.00046466,0.00184048
2025-03-27 13:00:00+00:00,3496.3325,21.10506973,0.99758942,0.99018274,0.002764,0.00023374,0.0016304
2025-03-27 14:00:00+00:00,3484.075,20.29410513,0.99885242,0.99276172,0.00324917,7.475e-05,0.00099712
2025-03-27 15:00:00+00:00,3467.4625,20.39512451,0.99836423,0.99185601,0.00333373,7.998e-05,0.00119725
2025-03-27 16:00:00+00:00,3441.7475,20.77417874,0.99855702,0.9914819,0.00334316,4.752e-05,0.00139773
2025-03-27 17:00:00+00:00,3446.53,20.97248911,0.99858904,0.99158043,0.00344697,3.204e-05,0.00138475
2025-03-27 18:00:00+00:00,3465.16,21.14774643,0.99855663,0.99149542,0.00352398,1.904e-05,0.00129593
2025-03-27 19:00:00+00:00,3461.0075,21.57674273,0.99816102,0.99087112,0.00360196,1.848e-05,0.00140387
2025-03-27 20:00:00+00:00,3432.8125,22.5694961,0.99720972,0.98901083,0.00359288,2.476e-05,0.00172593
2025-03-27 21:00:00+00:00,3344.4025,23.43601886,0.99684455,0.98847511,0.00362227,4.557e-05,0.00184177
2025-03-27 22:00:00+00:00,3266.1125,23.97877806,0.99622182,0.98570948,0.00531186,3.784e-05,0.00198153
2025-03-27 23:00:00+00:00,3170.5625,24.89063579,0.99653158,0.98192272,0.00799476,0.0,0.00244737
2025-03-28 00:00:00+00:00,3118.425,25.30189317,0.99597021,0.98362805,0.00502645,0.0,0.00275536
2025-03-28 01:00:00+00:00,3080.5825,25.35667751,0.99692338,0.9849252,0.00439102,0.0,0.00274342
2025-03-28 02:00:00+00:00,3032.795,25.32833904,0.99684243,0.98472101,0.00436195,0.0,0.00276084
2025-03-28 03:00:00+00:00,3039.93,25.24497612,0.99649847,0.9845621,0.00424652,0.0,0.00273114
2025-03-28 04:00:00+00:00,3094.67,24.40872486,0.99688683,0.98558051,0.00413089,0.0,0.00262956
2025-03-28 05:00:00+00:00,3219.0225,24.32952942,0.99650662,0.98487821,0.00420225,0.0,0.00257835
2025-03-28 06:00:00+00:00,3390.3975,24.68132413,0.99577377,0.9843717,0.00408242,0.0,0.00343856
2025-03-28 07:00:00+00:00,3443.5625,24.61927641,0.9953922,0.98695681,0.00117872,0.0,0.00416806
2025-03-28 08:00:00+00:00,3407.125,24.25299833,0.99727979,0.99044854,0.0,0.0,0.00234071
2025-03-28 09:00:00+00:00,3370.3525,23.85044921,0.99714433,0.99077391,0.0,0.0,0.00215246
2025-03-28 10:00:00+00:00,3359.1625,23.29315573,0.9966392,0.99030217,0.0,0.0,0.0023642
2025-03-28 11:00:00+00:00,3348.4475,23.1526308,0.99711662,0.99104328,0.0,0.0,0.00221916
2025-03-28 12:00:00+00:00,3320.0125,22.16249261,0.99710329,0.99190328,0.0,0.0,0.00185608
2025-03-28 13:00:00+00:00,3261.8325,22.16539558,0.99766451,0.99260736,0.0,0.0,0.0018576
2025-03-28 14:00:00+00:00,3228.2275,21.6318078,0.99844627,0.99440478,0.0,0.0,0.00142447
2025-03-28 15:00:00+00:00,3213.1,21.92034246,0.99822211,0.99400806,0.0,0.0,0.00165128
2025-03-28 16:00:00+00:00,3235.7675,22.81244095,0.99721488,0.99139551,0.0,5.279e-05,0.00210859
2025-03-28 17:00:00+00:00,3286.07,23.89839061,0.99648565,0.98936252,0.0,0.00014264,0.00268813
2025-03-28 18:00:00+00:00,3338.73,25.24863794,0.99589945,0.98656116,0.00107458,0.00033097,0.00303934
2025-03-28 19:00:00+00:00,3332.3325,24.64900575,0.99509189,0.98661813,0.0,0.0004665,0.00306788
2025-03-28 20:00:00+00:00,3284.4475,25.18784049,0.99433429,0.98488008,0.0,0.00062574,0.00333386
2025-03-28 21:00:00+00:00,3244.4525,25.58509439,0.99380734,0.98369047,0.0,0.00092964,0.00355178
2025-03-28 22:00:00+00:00,3184.705,25.36823036,0.99396554,0.98487214,0.0,0.0008649,0.0031338
2025-03-28 23:00:00+00:00,3163.95,26.24141524,0.99398389,0.98100577,0.00260729,0.00084151,0.00378468
2025-03-29 00:00:00+00:00,3111.2475,25.71832765,0.99470478,0.9808987,0.00427531,0.00064257,0.00343209
2025-03-29 01:00:00+00:00,3082.0525,25.37550837,0.99531342,0.98207559,0.00431002,0.00063566,0.00303792
2025-03-29 02:00:00+00:00,3083.9675,25.00296918,0.99518362,0.98266591,0.00435324,0.0005513,0.0028006
2025-03-29 03:00:00+00:00,3104.585,25.45251904,0.99596024,0.98266899,0.00431982,0.00043265,0.00315623
2025-03-29 04:00:00+00:00,3135.66,24.83528307,0.9961004,0.9835752,0.00431957,0.00039687,0.00285674
2025-03-29 05:00:00+00:00,3143.4575,24.96603727,0.99585764,0.98304427,0.00430244,0.00045524,0.00278603
2025-03-29 06:00:00+00:00,3195.02,25.31682458,0.99566444,0.97995199,0.00705642,0.00034731,0.00307839
2025-03-29 07:00:00+00:00,3277.84,25.14616996,0.99559058,0.97860184,0.00859845,0.00052467,0.00266122
2025-03-29 08:00:00+00:00,3327.685,25.43031063,0.99522923,0.97672778,0.00998141,0.00068194,0.00268468
2025-03-29 09:00:00+00:00,3320.9025,25.36649238,0.99589507,0.98026723,0.00742195,0.00064448,0.0024313
2025-03-29 10:00:00+00:00,3296.5625,24.81002186,0.99649131,0.97868884,0.01055369,0.00050592,0.00220423
2025-03-29 11:00:00+00:00,3288.6375,24.51261745,0.99582075,0.9817603,0.00684875,0.0006973,0.00218181
2025-03-29 12:00:00+00:00,3273.8075,23.71595633,0.99682444,0.9859777,0.0043823,0.00063528,0.00189982
2025-03-29 13:00:00+00:00,3261.84,23.77851398,0.9965586,0.9860222,0.00340066,0.00071666,0.00213062
2025-03-29 14:00:00+00:00,3268.8025,23.31674114,0.99727628,0.98768684,0.00317253,0.00037782,0.0018656
2025-03-29 15:00:00+00:00,3269.36,22.96306726,0.99808578,0.98273307,0.00947151,0.00020021,0.00179248
2025-03-29 16:00:00+00:00,3283.2825,22.62577461,0.99811562,0.98606899,0.00650002,0.00018021,0.00172335
2025-03-29 17:00:00+00:00,3332.645,22.71127785,0.99802847,0.98799209,0.00416062,0.00016023,0.00187455
2025-03-29 18:00:00+00:00,3374.73,23.37672369,0.99809125,0.98745439,0.00400857,0.00017865,0.00175842
2025-03-29 19:00:00+00:00,3354.3925,23.92261631,0.99775888,0.98106553,0.00974638,0.00013841,0.0021587
2025-03-29 20:00:00+00:00,3295.355,25.16065463,0.9974182,0.98172659,0.00763901,0.0001125,0.00247078
2025-03-29 21:00:00+00:00,3262.7825,26.02075223,0.99702614,0.98424595,0.00407903,4.804e-05,0.00285406
2025-03-29 22:00:00+00:00,3233.37,26.86038479,0.99628083,0.98238442,0.00449753,2.084e-05,0.00339131
2025-03-29 23:00:00+00:00,3222.415,26.57824464,0.99587272,0.98317809,0.00456764,6.662e-05,0.00261093
2025-03-30 00:00:00+00:00,3205.9525,27.03241074,0.99608695,0.98271225,0.00496734,2.34e-05,0.00261754
2025-03-30 01:00:00+00:00,3143.2475,27.62567332,0.99556115,0.98176094,0.00457348,1.67e-06,0.00305529
2025-03-30 02:00:00+00:00,3144.97,28.25416918,0.99509115,0.97983088,0.00481996,5.267e-05,0.00355543
2025-03-30 03:00:00+00:00,3163.04,28.05458009,0.99547036,0.98095826,0.00463104,0.0,0.00330325
2025-03-30 04:00:00+00:00,3174.97,28.13723992,0.99613914,0.98132255,0.00471545,0.0,0.00329171
2025-03-30 05:00:00+00:00,3193.36,28.08930185,0.99598126,0.98128589,0.00478408,0.0,0.00344727
2025-03-30 06:00:00+00:00,3248.4125,28.05161006,0.99598395,0.98129061,0.00473959,0.0,0.00348067
2025-03-30 07:00:00+00:00,3317.6875,27.68000409,0.9957664,0.98203769,0.00439106,2.892e-05,0.00308572
2025-03-30 08:00:00+00:00,3330.515,27.74122902,0.99578699,0.98137148,0.00509507,8.165e-05,0.00321959
2025-03-30 09:00:00+00:00,3301.8375,28.09195424,0.99570756,0.9806778,0.0049869,0.00011222,0.00325184
2025-03-30 10:00:00+00:00,3286.0225,27.97765216,0.99596049,0.98103561,0.00488343,0.00010577,0.00328527
2025-03-30 11:00:00+00:00,3279.5025,27.82018519,0.9953259,0.98184447,0.00329053,0.00011763,0.00337484
2025-03-30 12:00:00+00:00,3275.5875,27.53330838,0.99560294,0.98211376,0.00357236,0.00017756,0.0031714
2025-03-30 13:00:00+00:00,3306.815,27.38973166,0.99554742,0.98147239,0.00442511,0.00017489,0.00307788
2025-03-30 14:00:00+00:00,3332.61,27.10449155,0.99598238,0.98301371,0.00422242,0.0,0.00288619
2025-03-30 15:00:00+00:00,3339.2,27.04369489,0.99523862,0.98248538,0.00383504,0.0,0.00322448
2025-03-30 16:00:00+00:00,3343.345,26.99502293,0.99625833,0.98314472,0.00427739,0.0,0.00305347
2025-03-30 17:00:00+00:00,3344.98,26.74602058,0.99646296,0.98400377,0.0042297,0.0,0.00283796
2025-03-30 18:00:00+00:00,3402.3025,26.62836173,0.99668556,0.98410102,0.00424501,0.0,0.0026992
2025-03-30 19:00:00+00:00,3420.9125,26.86014207,0.99683586,0.98384615,0.00440071,0.0,0.0027146
2025-03-30 20:00:00+00:00,3383.17,26.69429004,0.99705838,0.98448679,0.00427066,0.0,0.0025604
2025-03-30 21:00:00+00:00,3299.2125,27.03960313,0.9967504,0.98380878,0.00418263,0.0,0.00276679
2025-03-30 22:00:00+00:00,3245.1175,27.26370234,0.99606141,0.98332377,0.0037801,0.0,0.00326236
2025-03-30 23:00:00+00:00,3208.4175,27.12144032,0.99623803,0.98460605,0.00293042,0.0,0.00301276
2025-03-31 00:00:00+00:00,3123.6675,27.38661606,0.99605512,0.98396209,0.00297609,0.0,0.00325038
2025-03-31 01:00:00+00:00,3117.9025,27.53167965,0.99565279,0.98325667,0.00301753,0.0,0.00341837
2025-03-31 02:00:00+00:00,3150.1225,27.40377543,0.99574297,0.98338211,0.00305653,0.0,0.00335423
2025-03-31 03:00:00+00:00,3212.7225,27.50311275,0.99589764,0.98353672,0.00303677,3.53e-05,0.00318328
2025-03-31 04:00:00+00:00,3363.7975,26.39350619,0.99501935,0.98411324,0.0031817,4.381e-05,0.00266788
2025-03-31 05:00:00+00:00,3547.17,26.87334094,0.99495696,0.98198175,0.00446371,3.569e-05,0.00292044
2025-03-31 06:00:00+00:00,3599.075,27.33625303,0.99546589,0.98190701,0.00428555,0.0,0.00324255
2025-03-31 07:00:00+00:00,3544.3475,26.95796262,0.99563301,0.98328891,0.00344254,0.0,0.00291231
2025-03-31 08:00:00+00:00,3477.3975,26.95452238,0.99632141,0.98434247,0.00326951,0.0,0.00279394
2025-03-31 09:00:00+00:00,3395.865,27.0101008,0.99707563,0.98591879,0.00225382,0.0,0.00280316
2025-03-31 10:00:00+00:00,3373.1675,27.27884212,0.99610404,0.98559582,0.00095955,0.0,0.00365133
2025-03-31 11:00:00+00:00,3335.2625,26.99668379,0.99632028,0.98692957,0.00030534,0.0,0.00310219
2025-03-31 12:00:00+00:00,3332.5575,27.06526711,0.99655953,0.98694172,0.00030991,0.0,0.00310128
2025-03-31 13:00:00+00:00,3347.595,26.73862212,0.99712169,0.9821805,0.00644371,0.0,0.00275306
2025-03-31 14:00:00+00:00,3360.685,26.74923818,0.99668835,0.98068038,0.00696549,0.0,0.0030063
2025-03-31 15:00:00+00:00,3346.1375,26.08991607,0.99655855,0.98345075,0.00407229,0.0,0.0030485
2025-03-31 16:00:00+00:00,3336.91,24.95267776,0.99737695,0.98532274,0.00380436,0.0,0.00260349
2025-03-31 17:00:00+00:00,3352.2525,24.84457144,0.9971747,0.98503872,0.00372299,0.00010073,0.00276589
2025-03-31 18:00:00+00:00,3364.4575,24.48240046,0.99644143,0.98431983,0.00420235,9.6e-05,0.00259003
2025-03-31 19:00:00+00:00,3339.7125,22.57658728,0.99750328,0.9876682,0.0039803,8.392e-05,0.00194492
2025-03-31 20:00:00+00:00,3283.365,21.84742595,0.99760014,0.98876763,0.00387025,5.286e-05,0.00170936
2025-03-31 21:00:00+00:00,3188.1975,22.34898614,0.9972642,0.98694412,0.0045384,0.0,0.00192555
2025-03-31 22:00:00+00:00,3069.6575,21.98763779,0.99812146,0.98955017,0.00358071,0.0,0.0017279
2025-03-31 23:00:00+00:00,3024.565,21.75082174,0.99820644,0.99276281,0.00027778,2.045e-05,0.00177749
2025-04-01 00:00:00+00:00,2989.4775,20.94176964,0.99878856,0.99485379,0.00024366,2.419e-05,0.00120074
2025-04-01 01:00:00+00:00,2957.7575,20.66324669,0.99889542,0.99553567,5e-08,3.837e-05,0.00108753
2025-04-01 02:00:00+00:00,2967.88,20.62970832,0.9990762,0.99632704,7e-08,4.229e-05,0.00090398
2025-04-01 03:00:00+00:00,2994.445,20.51114379,0.99916987,0.99571907,0.00112669,3.971e-05,0.00080946
2025-04-01 04:00:00+00:00,3129.0,20.41986831,0.99938038,0.99486784,0.00287615,3.631e-05,0.00054319
2025-04-01 05:00:00+00:00,3306.235,20.47070197,0.99912126,0.99427029,0.00310746,5.375e-05,0.00049035
2025-04-01 06:00:00+00:00,3374.4825,21.38262025,0.99902413,0.99351753,0.00184731,6.929e-05,0.00092863
2025-04-01 07:00:00+00:00,3356.5525,21.43336749,0.99891294,0.99501308,4e-08,2.498e-05,0.00102226
2025-04-01 08:00:00+00:00,3333.2825,21.13263578,0.99870381,0.99475548,6e-08,4.056e-05,0.00100967
2025-04-01 09:00:00+00:00,3291.2225,20.90964459,0.99891713,0.99491605,7e-08,9.675e-05,0.00102515
2025-04-01 10:00:00+00:00,3284.885,20.81584926,0.99888747,0.99510204,0.0,0.0,0.00107089
2025-04-01 11:00:00+00:00,3287.295,21.58291784,0.99783125,0.99372298,0.0,0.0,0.00134471
2025-04-01 12:00:00+00:00,3258.315,20.57280282,0.99837981,0.99499501,0.0,0.0,0.00099386
2025-04-01 13:00:00+00:00,3250.64,20.43117909,0.99857892,0.99542527,0.0,0.0,0.00100277
2025-04-01 14:00:00+00:00,3224.62,20.374227,0.99891554,0.99578571,0.0,0.0,0.00100336
2025-04-01 15:00:00+00:00,3191.31,20.29217649,0.99901415,0.99589847,0.0,0.0,0.00098483
2025-04-01 16:00:00+00:00,3143.97,20.12867405,0.99921573,0.99676134,0.0,2.93e-06,0.0007736
2025-04-01 17:00:00+00:00,3149.2275,20.58612434,0.99878642,0.99549837,1e-08,1.04e-05,0.00114016
2025-04-01 18:00:00+00:00,3183.08,20.95389813,0.99846392,0.99459322,3e-08,2.936e-05,0.00133126
2025-04-01 19:00:00+00:00,3172.7275,21.43629236,0.99773962,0.99297384,0.0,0.0,0.00187108
2025-04-01 20:00:00+00:00,3098.8625,21.50887232,0.9979941,0.99330239,0.0,0.0,0.00177333
2025-04-01 21:00:00+00:00,3017.0125,22.34267304,0.99730325,0.9915448,0.0,0.0,0.00228877
2025-04-01 22:00:00+00:00,2909.9,22.8283202,0.99768738,0.99194764,3e-08,5.377e-05,0.00225249
2025-04-01 23:00:00+00:00,2847.1625,23.6602911,0.99736381,0.9906745,2e-08,4.206e-05,0.0025725
2025-04-02 00:00:00+00:00,2843.9275,22.87755661,0.99766911,0.99175905,1e-08,2.052e-05,0.0023047
2025-04-02 01:00:00+00:00,2805.9125,21.82191412,0.99829674,0.99402611,1e-08,2.322e-05,0.00168198
2025-04-02 02:00:00+00:00,2828.375,21.16666044,0.99883808,0.99583392,1e-08,8.39e-06,0.00115216
2025-04-02 03:00:00+00:00,2826.8725,20.67602538,0.99900485,0.99640962,1e-08,2.4e-06,0.00099181
2025-04-02 04:00:00+00:00,2944.5375,21.00448611,0.99893191,0.99573344,1e-08,2.66e-06,0.0010606
2025-04-02 05:00:00+00:00,3128.36,20.71002126,0.99906776,0.99615097,0.00023922,1.86e-05,0.00089867
2025-04-02 06:00:00+00:00,3191.0025,21.8157002,0.99849197,0.99348161,6e-08,3.916e-05,0.00147677
2025-04-02 07:00:00+00:00,3135.485,22.33427184,0.99805076,0.99220551,0.0,0.0,0.00188869
2025-04-02 08:00:00+00:00,3064.82,23.64144627,0.99762366,0.99014799,0.0,0.0,0.00232396
2025-04-02 09:00:00+00:00,3036.8975,23.33484106,0.99779162,0.99042764,0.0,0.0,0.00217184
2025-04-02 10:00:00+00:00,3000.9225,23.40319575,0.99735182,0.98991448,0.0,0.0,0.00258959
2025-04-02 11:00:00+00:00,2953.235,23.50491583,0.99741306,0.99005802,0.0,0.0,0.00248579
2025-04-02 12:00:00+00:00,2909.89,23.75062736,0.99749908,0.98998729,0.0,0.0,0.00243535
2025-04-02 13:00:00+00:00,2887.675,24.48185335,0.99752702,0.98986665,0.0,0.0,0.00241191
2025-04-02 14:00:00+00:00,2901.805,24.31835957,0.99776669,0.99103507,0.0,0.0,0.00217509
2025-04-02 15:00:00+00:00,2876.95,22.95862087,0.99802903,0.99220396,0.0,0.0,0.00195815
2025-04-02 16:00:00+00:00,2856.515,22.85110919,0.99793573,0.99187649,0.0,0.0,0.002054
2025-04-02 17:00:00+00:00,2881.2825,21.79041394,0.99854692,0.99430887,0.0,0.0,0.00144339
2025-04-02 18:00:00+00:00,2948.7875,21.87546553,0.99819137,0.99383259,0.0,0.0,0.00157769
2025-04-02 19:00:00+00:00,2969.9375,21.74406669,0.99802435,0.99378448,1e-08,1.377e-05,0.00144834
2025-04-02 20:00:00+00:00,2909.3175,21.17675092,0.99865407,0.99534087,0.0,6.92e-06,0.00113579
2025-04-02 21:00:00+00:00,2866.4325,21.49958839,0.99813611,0.99373366,0.0,0.0,0.00143973
2025-04-02 22:00:00+00:00,2798.3,21.15860853,0.99878307,0.99490486,0.0,0.0,0.0012073
2025-04-02 23:00:00+00:00,2746.7225,20.46158492,0.99909948,0.99621381,0.0,9.5e-07,0.00088318
2025-04-03 00:00:00+00:00,2731.6525,20.73777942,0.99874098,0.99514063,0.0,5.83e-06,0.00125358
2025-04-03 01:00:00+00:00,2726.605,20.16984471,0.99907248,0.99640922,1e-08,1.941e-05,0.00091916
2025-04-03 02:00:00+00:00,2747.5925,19.21989907,0.99979243,0.99924749,1e-08,9.44e-06,0.00019521
2025-04-03 03:00:00+00:00,2769.5075,19.55156499,0.99967673,0.99879458,1e-08,8.52e-06,0.00031939
2025-04-03 04:00:00+00:00,2906.4975,19.08504946,0.99984415,0.99984415,0.0,0.0,0.0
2025-04-03 05:00:00+00:00,3093.14,19.0879886,0.99941356,0.99941356,0.0,0.0,0.0
2025-04-03 06:00:00+00:00,3161.4675,19.57397432,0.99960486,0.99870618,0.00020082,0.0,0.00017735
2025-04-03 07:00:00+00:00,3226.7475,20.4764512,0.99914347,0.99690193,0.0,0.0,0.00074003
2025-04-03 08:00:00+00:00,3253.0775,20.56135055,0.99880542,0.99618128,0.0,0.0,0.00088574
2025-04-03 09:00:00+00:00,3254.0875,20.44639551,0.99917251,0.99687517,0.0,0.0,0.00076761
2025-04-03 10:00:00+00:00,3216.19,20.2583922,0.99928337,0.99725453,0.0,0.0,0.00069892
2025-04-03 11:00:00+00:00,3190.1625,19.31246502,0.99971452,0.99938819,0.0,8.45e-06,0.00010904
2025-04-03 12:00:00+00:00,3172.435,20.04949117,0.99929537,0.99777767,0.0,3.984e-05,0.00046173
2025-04-03 13:00:00+00:00,3173.5925,20.37581142,0.99927381,0.99713756,0.0,3.636e-05,0.00068843
2025-04-03 14:00:00+00:00,3201.15,19.07534539,0.99932414,0.99916468,0.0,9.8e-07,5.072e-05
2025-04-03 15:00:00+00:00,3180.3775,20.43977531,0.99888438,0.9961986,0.0,0.0,0.00092134
2025-04-03 16:00:00+00:00,3193.0175,19.98978216,0.99915301,0.99723699,0.0,0.0,0.00067644
2025-04-03 17:00:00+00:00,3222.7225,20.25374249,0.99862364,0.99588989,0.0,0.0,0.00098633
2025-04-03 18:00:00+00:00,3252.45,20.05125496,0.99864425,0.99623161,0.0,0.0,0.00085841
2025-04-03 19:00:00+00:00,3261.1875,20.71386286,0.99801663,0.99446762,0.0,0.0,0.0012743
2025-04-03 20:00:00+00:00,3229.8225,21.10258778,0.997614,0.99335129,0.0,0.0,0.00152438
2025-04-03 21:00:00+00:00,3142.2525,21.50204659,0.99725982,0.99215224,0.0,0.0,0.00178247
2025-04-03 22:00:00+00:00,3064.8175,20.98864007,0.99829836,0.9893408,0.00564052,0.0,0.00119558
2025-04-03 23:00:00+00:00,3012.1075,20.37656906,0.99869752,0.99256907,0.00398468,0.0,0.00082753
2025-04-04 00:00:00+00:00,2981.12,20.4106481,0.998963,0.99667263,0.0,0.0,0.00083233
2025-04-04 01:00:00+00:00,2956.4025,20.72634247,0.99895971,0.99654982,0.0,0.0,0.00084695
2025-04-04 02:00:00+00:00,2968.4875,22.77078759,0.99768616,0.99160341,0.0,0.0,0.00191034
2025-04-04 03:00:00+00:00,3025.395,23.06693594,0.99764927,0.98988455,0.00209925,0.0,0.00191066
2025-04-04 04:00:00+00:00,3142.4475,21.89003113,0.99810872,0.99498842,0.0,0.0,0.00108532
2025-04-04 05:00:00+00:00,3385.8625,22.92848357,0.9971885,0.9923072,0.0,0.0,0.00170669
2025-04-04 06:00:00+00:00,3449.0025,24.03409547,0.9972677,0.99063034,6.036e-05,4.2e-07,0.00229179
2025-04-04 07:00:00+00:00,3429.6275,23.83599641,0.99736065,0.98827414,0.00299942,4.8e-07,0.0021409
2025-04-04 08:00:00+00:00,3428.8,23.53897337,0.99724285,0.98256279,0.00871942,4.7e-07,0.00205971
2025-04-04 09:00:00+00:00,3423.395,22.86693719,0.9977049,0.98634755,0.0057759,4.8e-07,0.00193789
2025-04-04 10:00:00+00:00,3409.5975,23.08576317,0.99789647,0.98534592,0.00714959,7.4e-07,0.00187984
2025-04-04 11:00:00+00:00,3421.665,22.76474761,0.99738936,0.99149233,9.417e-05,9.5e-07,0.00196173
2025-04-04 12:00:00+00:00,3436.0975,22.36549898,0.99750653,0.99191932,8.108e-05,8.7e-07,0.00186714
2025-04-04 13:00:00+00:00,3420.3,21.93029808,0.99805119,0.99334935,2.597e-05,7.6e-07,0.00149457
2025-04-04 14:00:00+00:00,3401.27,21.71653575,0.99784068,0.99063567,0.00326345,7.3e-07,0.00128466
2025-04-04 15:00:00+00:00,3366.86,21.88902251,0.99823428,0.98960037,0.00362525,8.8e-07,0.00166521
2025-04-04 16:00:00+00:00,3320.145,22.24448766,0.99767921,0.99078655,0.00091533,1.22e-06,0.00198834
2025-04-04 17:00:00+00:00,3324.32,22.57635554,0.99737996,0.99054809,0.0005545,1.03e-06,0.00208494
2025-04-04 18:00:00+00:00,3335.0025,22.53741867,0.99692777,0.98441425,0.00669075,9.2e-07,0.00206466
2025-04-04 19:00:00+00:00,3302.5425,23.03398135,0.99690777,0.98434327,0.00627553,1.24e-06,0.00214455
2025-04-04 20:00:00+00:00,3250.435,24.34606268,0.9966173,0.98036057,0.0094396,2.46e-06,0.00235047
2025-04-04 21:00:00+00:00,3114.88,24.96911369,0.99554416,0.97772287,0.01031448,2.84e-06,0.0025969
2025-04-04 22:00:00+00:00,3130.955,24.94231908,0.99593492,0.97865052,0.01021617,1.69e-06,0.00205869
2025-04-04 23:00:00+00:00,3068.3875,25.39033287,0.9981927,0.98283338,0.00799653,1.54e-06,0.00074328
2025-04-05 00:00:00+00:00,3037.2775,25.50635506,0.99787814,0.98646523,0.00381573,2.01e-06,0.00078227
2025-04-05 01:00:00+00:00,3041.5825,25.29983465,0.99753019,0.97995142,0.01053373,2.05e-06,0.00081383
2025-04-05 02:00:00+00:00,3047.22,25.31572335,0.99806993,0.98054905,0.01061245,2.62e-06,0.0007033
2025-04-05 03:00:00+00:00,3080.625,25.44377371,0.99694897,0.9814145,0.00805019,3.06e-06,0.00197197
2025-04-05 04:00:00+00:00,3127.55,25.98751554,0.99606426,0.9822152,0.00578532,2.26e-06,0.00276287
2025-04-05 05:00:00+00:00,3184.65,25.93208517,0.99646533,0.97965188,0.00906204,1.94e-06,0.00278898
2025-04-05 06:00:00+00:00,3236.785,26.33758229,0.9965303,0.97937555,0.00898005,1.78e-06,0.00265156
2025-04-05 07:00:00+00:00,3279.505,26.02163412,0.99603552,0.977636,0.01105588,1.85e-06,0.00246361
2025-04-05 08:00:00+00:00,3296.45,26.40160431,0.99670512,0.97802716,0.01120005,1.48e-06,0.00253791
2025-04-05 09:00:00+00:00,3275.1925,26.83928205,0.99634843,0.9772657,0.01108481,1.61e-06,0.00272277
2025-04-05 10:00:00+00:00,3228.165,26.89694592,0.99606908,0.97770693,0.01039793,1.54e-06,0.00280857
2025-04-05 11:00:00+00:00,3205.075,26.96789813,0.99333791,0.97563944,0.00930622,1.55e-06,0.00547055
2025-04-05 12:00:00+00:00,3173.595,26.83983958,0.992628,0.9744564,0.00955101,1.49e-06,0.00628688
2025-04-05 13:00:00+00:00,3219.48,26.23819111,0.9928467,0.97541923,0.00896827,2.17e-06,0.00589364
2025-04-05 14:00:00+00:00,3235.12,25.69309257,0.99408112,0.97650739,0.0095362,1.97e-06,0.00482903
2025-04-05 15:00:00+00:00,3233.325,25.66812328,0.99623233,0.97805881,0.00992583,1.76e-06,0.00267506
2025-04-05 16:00:00+00:00,3255.04,25.81138439,0.99679471,0.98118314,0.00774532,2.27e-06,0.00209863
2025-04-05 17:00:00+00:00,3261.8,25.68786114,0.99644687,0.98114064,0.0076314,2.3e-06,0.00231451
2025-04-05 18:00:00+00:00,3267.1375,25.52481056,0.99622615,0.9796142,0.0092197,2.36e-06,0.00244287
2025-04-05 19:00:00+00:00,3242.4425,25.14204503,0.99566498,0.98026891,0.00834496,1.85e-06,0.00339954
2025-04-05 20:00:00+00:00,3202.6775,25.551735,0.99352949,0.97673822,0.00872067,2.99e-06,0.00520813
2025-04-05 21:00:00+00:00,3178.4075,25.67247342,0.99519075,0.97799715,0.00872701,2.52e-06,0.00377604
2025-04-05 22:00:00+00:00,3144.32,25.08128422,0.99624563,0.97968685,0.00831445,2.43e-06,0.00273
2025-04-05 23:00:00+00:00,3062.565,25.62815493,0.99549853,0.97748149,0.00939439,2.36e-06,0.00385067
2025-04-06 00:00:00+00:00,3034.03,26.45814154,0.99506851,0.97672185,0.00974043,3.14e-06,0.00447208
2025-04-06 01:00:00+00:00,3041.99,26.29852305,0.99402163,0.97623704,0.00979307,3.96e-06,0.00588763
2025-04-06 02:00:00+00:00,3060.3575,26.23356338,0.99560978,0.97783347,0.0097317,3.4e-06,0.00367801
2025-04-06 03:00:00+00:00,3059.5175,26.44680693,0.99480209,0.97668901,0.00971768,3.63e-06,0.00468512
2025-04-06 04:00:00+00:00,3075.13,26.49873188,0.99359497,0.97534472,0.00969031,2.68e-06,0.0056799
2025-04-06 05:00:00+00:00,3128.985,26.55646302,0.99601757,0.97764404,0.00968278,2.9e-06,0.00320416
2025-04-06 06:00:00+00:00,3208.74,25.92575717,0.99490518,0.98531926,0.00129077,2.8e-06,0.00311308
2025-04-06 07:00:00+00:00,3251.5175,25.34964077,0.99582761,0.98403338,0.00375353,2.9e-06,0.00302131
2025-04-06 08:00:00+00:00,3254.54,24.73346675,0.99655547,0.97901868,0.00994462,2.12e-06,0.0028252
2025-04-06 09:00:00+00:00,3220.64,25.01921489,0.99639294,0.979687,0.00903487,2.12e-06,0.00293986
2025-04-06 10:00:00+00:00,3192.98,24.88753716,0.99615395,0.97897937,0.00951111,2.02e-06,0.00290426
2025-04-06 11:00:00+00:00,3171.8075,25.01181209,0.99616728,0.97925922,0.00928726,2.36e-06,0.00277334
2025-04-06 12:00:00+00:00,3154.8525,24.57069956,0.9960036,0.97909828,0.00967253,1.82e-06,0.00271341
2025-04-06 13:00:00+00:00,3183.16,24.67015616,0.99625233,0.97937613,0.00967763,2.06e-06,0.00261666
2025-04-06 14:00:00+00:00,3204.4975,24.62722539,0.9959302,0.97975331,0.00819503,2.13e-06,0.00309568
2025-04-06 15:00:00+00:00,3217.7375,24.81969004,0.99476634,0.9851779,0.00210322,1.97e-06,0.00278604
2025-04-06 16:00:00+00:00,3208.255,24.95466731,0.99661158,0.98003335,0.0094348,3.11e-06,0.00272045
2025-04-06 17:00:00+00:00,3226.6575,25.01616867,0.9967642,0.97914472,0.01075219,2.28e-06,0.00253231
2025-04-06 18:00:00+00:00,3223.325,25.38200283,0.99664478,0.97886945,0.01068562,2.33e-06,0.00267606
2025-04-06 19:00:00+00:00,3236.13,25.67243931,0.99682876,0.9790201,0.01068719,3.04e-06,0.00257936
2025-04-06 20:00:00+00:00,3199.9825,25.65916397,0.99671573,0.97877931,0.01079457,2.25e-06,0.00269148
2025-04-06 21:00:00+00:00,3117.775,25.72117214,0.99639453,0.978205,0.011115,2.86e-06,0.00265898
2025-04-06 22:00:00+00:00,3062.8325,26.10204217,0.99619628,0.9771641,0.01109063,2.25e-06,0.00302624
2025-04-06 23:00:00+00:00,3008.805,26.29234469,0.99629096,0.97625687,0.01161051,2.8e-06,0.0031309
2025-04-07 00:00:00+00:00,2963.515,26.69559878,0.9965863,0.97591451,0.01178588,2.32e-06,0.00313395
2025-04-07 01:00:00+00:00,2930.05,26.67669359,0.99665479,0.9773157,0.01073975,2.62e-06,0.00306345
2025-04-07 02:00:00+00:00,2940.3575,27.10903441,0.99606405,0.97598505,0.01113848,2.78e-06,0.0031877
2025-04-07 03:00:00+00:00,2999.8775,27.01478271,0.99560362,0.9764815,0.01059508,2.71e-06,0.00301448
2025-04-07 04:00:00+00:00,3132.485,27.03867416,0.99549775,0.97489065,0.01195539,2.56e-06,0.00311864
2025-04-07 05:00:00+00:00,3333.22,27.07983236,0.99604045,0.97577431,0.01195258,2.34e-06,0.00275575
2025-04-07 06:00:00+00:00,3394.9125,27.42853345,0.99545458,0.97448305,0.01245194,2.71e-06,0.00303318
2025-04-07 07:00:00+00:00,3395.3975,27.60630871,0.99518151,0.97450204,0.01209764,2.48e-06,0.00315451
2025-04-07 08:00:00+00:00,3351.56,27.90944963,0.99518952,0.97388755,0.01223432,3.03e-06,0.003292
2025-04-07 09:00:00+00:00,3281.3375,27.87157373,0.99542371,0.97275308,0.01379814,2.41e-06,0.00305009
2025-04-07 10:00:00+00:00,3270.1725,28.06946666,0.99537895,0.97358681,0.01252524,2.53e-06,0.00319953
2025-04-07 11:00:00+00:00,3238.5025,27.69762293,0.9954913,0.97427596,0.01270929,2.23e-06,0.00289448
2025-04-07 12:00:00+00:00,3224.1025,27.9115319,0.99460193,0.97261978,0.01290003,2.31e-06,0.00310223
2025-04-07 13:00:00+00:00,3205.7975,28.00644078,0.99487091,0.97263641,0.01280223,2.58e-06,0.0034386
2025-04-07 14:00:00+00:00,3214.6725,28.14722797,0.99574805,0.97258499,0.01335953,2.54e-06,0.00350514
2025-04-07 15:00:00+00:00,3133.05,28.19072756,0.99591019,0.97297675,0.01304551,0.0,0.0035542
2025-04-07 16:00:00+00:00,3125.1275,27.92287942,0.99632995,0.97347481,0.01358524,0.0,0.00345812
2025-04-07 17:00:00+00:00,3153.72,27.78669452,0.99631507,0.97444968,0.01297187,0.0,0.00338102
2025-04-07 18:00:00+00:00,3192.3375,27.77050411,0.99617577,0.97461722,0.01272558,0.0,0.00336929
2025-04-07 19:00:00+00:00,3210.9675,27.71196799,0.99608102,0.97477273,0.01242641,0.0,0.00338917
2025-04-07 20:00:00+00:00,3163.73,27.62816885,0.99594426,0.97451432,0.01238202,0.0,0.00337657
2025-04-07 21:00:00+00:00,3108.1675,27.61352913,0.99601666,0.97454958,0.01235128,0.0,0.00333235
2025-04-07 22:00:00+00:00,3031.81,27.51832942,0.99651473,0.97604719,0.01173254,0.0,0.00333793
2025-04-07 23:00:00+00:00,2987.0725,27.35078004,0.99640588,0.97638552,0.01165671,0.0,0.00317973
2025-04-08 00:00:00+00:00,2967.085,27.29943129,0.99680324,0.97673491,0.01164342,0.0,0.00318105
2025-04-08 01:00:00+00:00,2987.8525,27.46448643,0.99668106,0.97610671,0.01174497,0.0,0.00331061
2025-04-08 02:00:00+00:00,3021.125,27.27554146,0.99659374,0.97625276,0.01214556,0.0,0.00312041
2025-04-08 03:00:00+00:00,3076.445,27.67133362,0.99661458,0.97569405,0.01204789,0.0,0.00333201
2025-04-08 04:00:00+00:00,3227.175,27.45307186,0.99633207,0.97470027,0.01307954,0.0,0.00328616
2025-04-08 05:00:00+00:00,3418.8975,27.42775122,0.99568279,0.97120351,0.01577338,0.0,0.00332958
2025-04-08 06:00:00+00:00,3433.6775,27.37754679,0.99620907,0.97452546,0.01316242,0.0,0.00326246
2025-04-08 07:00:00+00:00,3341.66,27.28943744,0.99670193,0.97603814,0.01230857,0.0,0.00313459
2025-04-08 08:00:00+00:00,3352.37,27.17322487,0.9966453,0.97593325,0.01219257,0.0,0.00316653
2025-04-08 09:00:00+00:00,3301.23,26.17259119,0.99663009,0.97753977,0.01185655,0.0,0.00333564
2025-04-08 10:00:00+00:00,3269.745,25.04572933,0.99710532,0.97987841,0.01168169,0.0,0.00197393
2025-04-08 11:00:00+00:00,3267.4075,24.63880331,0.99774224,0.98066091,0.01173981,0.0,0.00192098
2025-04-08 12:00:00+00:00,3330.5,24.16865167,0.99782263,0.98047898,0.0113925,0.0,0.0021102
2025-04-08 13:00:00+00:00,3357.21,23.64919573,0.99802849,0.98192076,0.01062591,0.0,0.00196018
2025-04-08 14:00:00+00:00,3304.52,23.32632986,0.99803229,0.98160965,0.01105262,3.26e-06,0.0018234
2025-04-08 15:00:00+00:00,3321.81,23.03963038,0.99827737,0.98240383,0.01087849,2.31e-05,0.00170484
2025-04-08 16:00:00+00:00,3319.2425,23.13556541,0.99811597,0.98181439,0.0106803,2.91e-05,0.00186239
2025-04-08 17:00:00+00:00,3316.9625,22.66099132,0.99832136,0.98266543,0.01094885,5.952e-05,0.00163565
2025-04-08 18:00:00+00:00,3350.655,23.09250208,0.99821586,0.98244456,0.01123992,4.629e-05,0.00157486
2025-04-08 19:00:00+00:00,3345.2525,22.98468764,0.99782446,0.98262911,0.01089154,0.0,0.00150771
2025-04-08 20:00:00+00:00,3303.0425,22.60157613,0.99799086,0.98310297,0.01050073,0.0,0.00157458
2025-04-08 21:00:00+00:00,3215.6425,22.58546742,0.99788711,0.98222539,0.01067433,0.0,0.0014074
2025-04-08 22:00:00+00:00,3141.385,22.52515053,0.9982963,0.98230157,0.01113303,2.63e-06,0.00150952
2025-04-08 23:00:00+00:00,3058.1275,22.53243329,0.99805641,0.98159397,0.01153138,2.865e-05,0.00164272
2025-04-09 00:00:00+00:00,3031.1175,22.61910199,0.99819962,0.98176398,0.01166214,3.68e-06,0.00173511
2025-04-09 01:00:00+00:00,3021.075,22.72257856,0.99823151,0.98164709,0.01167567,0.0,0.00168342
2025-04-09 02:00:00+00:00,3033.7575,22.57950043,0.99810955,0.98132516,0.01172569,4.963e-05,0.00172903
2025-04-09 03:00:00+00:00,3071.1275,22.4715338,0.99819695,0.98204914,0.01138789,2.134e-05,0.00174859
2025-04-09 04:00:00+00:00,3239.035,22.42523404,0.9974539,0.98138819,0.011385,7.952e-05,0.00161687
2025-04-09 05:00:00+00:00,3434.755,23.08502044,0.99693442,0.97953833,0.01139087,0.00016225,0.00207841
2025-04-09 06:00:00+00:00,3516.9025,23.2666979,0.99743497,0.98039719,0.01086747,0.00015421,0.00216479
2025-04-09 07:00:00+00:00,3511.49,23.25973861,0.99748378,0.98136788,0.01027696,4.741e-05,0.00247047
2025-04-09 08:00:00+00:00,3466.9475,23.10383205,0.9952976,0.97870123,0.01070741,0.0,0.00462117
2025-04-09 09:00:00+00:00,3455.9275,22.20602614,0.99883351,0.98469963,0.01080148,0.0,0.00115038
2025-04-09 10:00:00+00:00,3467.39,22.95160868,0.99820387,0.98288529,0.0107478,0.0,0.00157133
2025-04-09 11:00:00+00:00,3465.8675,22.81833652,0.99758178,0.9834937,0.00938618,0.0,0.00167888
2025-04-09 12:00:00+00:00,3448.245,22.85115732,0.99787283,0.98247001,0.01071269,0.0,0.00145554
2025-04-09 13:00:00+00:00,3465.7525,23.55959979,0.99766744,0.98167086,0.01079826,0.0,0.00181186
2025-04-09 14:00:00+00:00,3516.9875,24.03564457,0.99709379,0.98080771,0.01079283,0.0,0.00189188
2025-04-09 15:00:00+00:00,3459.68,24.30347945,0.99789264,0.98143818,0.01050631,0.0,0.00181903
2025-04-09 16:00:00+00:00,3458.0,24.79496459,0.99736564,0.98036939,0.01055402,0.0,0.0022906
2025-04-09 17:00:00+00:00,3475.0225,25.21135698,0.99702927,0.97981877,0.01043421,1.2e-06,0.00231027
2025-04-09 18:00:00+00:00,3503.125,25.40735144,0.99679522,0.97928807,0.01094316,0.0,0.00218357
2025-04-09 19:00:00+00:00,3526.935,25.74990059,0.9963047,0.97868798,0.01067417,0.0,0.00242307
2025-04-09 20:00:00+00:00,3479.2825,25.3417173,0.99679831,0.97933687,0.01069053,0.0,0.00230351
2025-04-09 21:00:00+00:00,3403.765,24.81914391,0.99680631,0.98036074,0.00973708,0.0,0.00219949
2025-04-09 22:00:00+00:00,3315.3,24.84489651,0.99715955,0.98828036,0.00209872,0.0,0.00229334
2025-04-09 23:00:00+00:00,3227.8425,23.88760865,0.9976746,0.98707554,0.00490841,0.0,0.00189071
2025-04-10 00:00:00+00:00,3248.69,23.31100234,0.99781239,0.98684561,0.00499359,0.0,0.00200262
2025-04-10 01:00:00+00:00,3240.925,23.10526578,0.99766631,0.99079936,0.00105094,0.0,0.00196175
2025-04-10 02:00:00+00:00,3265.87,22.93953591,0.99729585,0.99019565,0.00111394,0.0,0.00204582
2025-04-10 03:00:00+00:00,3296.58,22.66109719,0.99775117,0.99171597,0.00050809,0.0,0.00188802
2025-04-10 04:00:00+00:00,3427.0975,21.89781044,0.99704034,0.99071914,0.0011488,4.993e-05,0.00172727
2025-04-10 05:00:00+00:00,3620.855,21.911169,0.99682178,0.98857692,0.00302148,0.00011474,0.00189421
2025-04-10 06:00:00+00:00,3684.0925,20.70641677,0.99791312,0.99002367,0.00444138,5.019e-05,0.00135748
2025-04-10 07:00:00+00:00,3691.74,21.33686165,0.99790238,0.99122672,0.0026858,4.381e-05,0.00137892
2025-04-10 08:00:00+00:00,3666.1175,21.01577939,0.99838792,0.99310837,0.00192879,6.016e-05,0.00096112
2025-04-10 09:00:00+00:00,3634.27,21.13023451,0.99869846,0.99345976,0.00195936,2.213e-05,0.00089917
2025-04-10 10:00:00+00:00,3596.305,20.83166779,0.99889291,0.99370176,0.00199388,0.00010801,0.00093571
2025-04-10 11:00:00+00:00,3605.285,21.84161861,0.99786498,0.99089117,0.00201957,0.00020516,0.00144205
2025-04-10 12:00:00+00:00,3639.215,21.45421096,0.99736564,0.9909071,0.0019743,0.00017239,0.00205082
2025-04-10 13:00:00+00:00,3605.8975,21.00117275,0.99724006,0.99090269,0.00203198,0.00015918,0.00242778
2025-04-10 14:00:00+00:00,3604.0175,20.33909603,0.99775576,0.99314353,0.00198514,9.612e-05,0.00188208
2025-04-10 15:00:00+00:00,3537.275,21.05976554,0.99868493,0.99395745,0.00201116,9.859e-05,0.00124761
2025-04-10 16:00:00+00:00,3490.8675,21.88686162,0.99883925,0.99372359,0.00195983,0.00011375,0.00107628
2025-04-10 17:00:00+00:00,3452.84,22.93182489,0.99820468,0.99216109,0.00198413,0.00014938,0.00136927
2025-04-10 18:00:00+00:00,3466.1975,23.45090788,0.99740893,0.99108048,0.00203325,0.00016523,0.00145777
2025-04-10 19:00:00+00:00,3472.6825,23.79732254,0.99700106,0.99058641,0.00207092,0.00016733,0.00149233
2025-04-10 20:00:00+00:00,3395.95,24.37263473,0.9967564,0.98984954,0.00211117,0.00018697,0.00167302
2025-04-10 21:00:00+00:00,3301.23,24.77399561,0.99664307,0.98950105,0.00209767,0.00019865,0.00175897
2025-04-10 22:00:00+00:00,3147.0225,26.10551615,0.99623495,0.98431079,0.00465964,0.00029004,0.00243792
2025-04-10 23:00:00+00:00,3102.7125,26.76501823,0.99568547,0.98196049,0.00560322,0.00032857,0.00279421
2025-04-11 00:00:00+00:00,3066.725,26.99611029,0.99625057,0.98363658,0.00445097,0.00032254,0.00269194
2025-04-11 01:00:00+00:00,3070.76,27.20625965,0.99599574,0.98334697,0.00424523,0.00032833,0.0028266
2025-04-11 02:00:00+00:00,3093.1175,27.14161082,0.99607646,0.98383003,0.00407494,0.0003193,0.00252313
2025-04-11 03:00:00+00:00,3122.5775,27.14507722,0.99629985,0.98441903,0.00388733,0.00031544,0.00256439
2025-04-11 04:00:00+00:00,3279.7325,27.22563623,0.99660398,0.98453892,0.00413236,0.00034322,0.00239924
2025-04-11 05:00:00+00:00,3468.5675,27.04671753,0.99640912,0.98413857,0.00476725,0.00037219,0.00233961
2025-04-11 06:00:00+00:00,3560.4,27.03647391,0.99697332,0.98103021,0.00850915,0.00039761,0.00234042
2025-04-11 07:00:00+00:00,3526.4625,27.03765796,0.99717212,0.98392602,0.00580132,0.00040303,0.00217328
2025-04-11 08:00:00+00:00,3492.925,27.03037195,0.99637653,0.9829976,0.00576085,0.00041264,0.00249573
2025-04-11 09:00:00+00:00,3425.85,26.88493809,0.99613328,0.98225818,0.00580376,0.00043958,0.00262498
2025-04-11 10:00:00+00:00,3369.69,26.55803678,0.99660767,0.98599482,0.00255634,0.0004537,0.00259292
2025-04-11 11:00:00+00:00,3355.93,25.88859074,0.99664162,0.98619781,0.00257218,0.00043189,0.00246302
2025-04-11 12:00:00+00:00,3283.4725,25.32744469,0.99687536,0.98681708,0.00254809,0.0004204,0.00241538
2025-04-11 13:00:00+00:00,3273.79,24.92191459,0.99714734,0.98743345,0.00250441,0.00042134,0.00230821
2025-04-11 14:00:00+00:00,3240.68,24.56299461,0.99729577,0.98781042,0.00223344,0.00042338,0.00209041
2025-04-11 15:00:00+00:00,3261.4375,23.58543487,0.99793495,0.9908922,0.00065387,0.00037693,0.00182737
2025-04-11 16:00:00+00:00,3225.4025,21.18769386,0.9988368,0.9942288,0.00159882,0.00018845,0.00106188
2025-04-11 17:00:00+00:00,3188.12,21.02811456,0.99893315,0.99454165,0.00183499,0.00016216,0.00088172
2025-04-11 18:00:00+00:00,3234.0375,20.57273283,0.99894626,0.99523536,0.00204074,0.00010347,0.00055934
2025-04-11 19:00:00+00:00,3175.1425,20.94272115,0.99848032,0.99495271,0.00096301,0.00014927,0.00089712
2025-04-11 20:00:00+00:00,3107.83,21.32033456,0.9985428,0.99443778,0.00102384,0.00016453,0.00107844
2025-04-11 21:00:00+00:00,3063.7575,20.86303721,0.99859111,0.9940706,0.00187434,0.0001182,0.00081687
2025-04-11 22:00:00+00:00,3038.85,20.88700197,0.99887351,0.99399145,0.00193382,0.00012435,0.00098197
2025-04-11 23:00:00+00:00,3061.88,20.78611383,0.99867032,0.99379308,0.00237752,9.219e-05,0.0008255
2025-04-12 00:00:00+00:00,3035.4,21.20000588,0.99888996,0.99138701,0.00485622,9.508e-05,0.00085497
2025-04-12 01:00:00+00:00,3011.9525,21.09218056,0.9982992,0.99341428,0.00227447,9.396e-05,0.00085241
2025-04-12 02:00:00+00:00,2966.385,20.46068148,0.99905992,0.99511422,0.00234878,5.683e-05,0.00053441
2025-04-12 03:00:00+00:00,2998.55,21.2471067,0.99817061,0.99258635,0.00224866,0.00012016,0.00113473
2025-04-12 04:00:00+00:00,2981.31,20.79563429,0.99889787,0.9943439,0.00230333,7.981e-05,0.00072912
2025-04-12 05:00:00+00:00,3023.17,21.26537974,0.99865809,0.99341493,0.00233175,9.943e-05,0.00091828
2025-04-12 06:00:00+00:00,3133.68,21.67484445,0.99822004,0.9900233,0.00430826,0.00013258,0.00123401
2025-04-12 07:00:00+00:00,3232.24,21.37357859,0.99830106,0.99196067,0.00259118,9.282e-05,0.00111267
2025-04-12 08:00:00+00:00,3207.8175,21.20940541,0.99892712,0.99297452,0.00247679,6.009e-05,0.00086407
2025-04-12 09:00:00+00:00,3177.6025,20.94313177,0.99958435,0.99203245,0.00435358,5.517e-05,0.00027652
2025-04-12 10:00:00+00:00,3121.78,20.87876565,0.99945476,0.99470618,0.00223232,4.286e-05,0.00023308
2025-04-12 11:00:00+00:00,3060.205,19.59961028,0.99998278,0.99756096,0.00242182,0.0,0.0
2025-04-12 12:00:00+00:00,3028.73,19.69957433,0.99999936,0.99755684,0.00244251,0.0,0.0
2025-04-12 13:00:00+00:00,3041.55,21.03858078,0.99961789,0.99519552,0.002323,3.469e-05,0.00028486
2025-04-12 14:00:00+00:00,3087.445,22.37548248,0.99836782,0.9914966,0.0024276,7.362e-05,0.00148523
2025-04-12 15:00:00+00:00,3087.54,23.07271541,0.99761755,0.99069294,0.00171802,8.473e-05,0.0017495
2025-04-12 16:00:00+00:00,3037.525,23.49089743,0.99747423,0.99187062,0.00038332,9.17e-05,0.00186471
2025-04-12 17:00:00+00:00,3011.2975,24.54945757,0.99704276,0.99058276,0.00037725,0.00011984,0.00211654
2025-04-12 18:00:00+00:00,2995.73,25.34481039,0.99703104,0.98949592,0.00057295,0.00014866,0.00234432
2025-04-12 19:00:00+00:00,2976.185,26.0313931,0.99722146,0.98739447,0.00249949,0.0001405,0.00237805
2025-04-12 20:00:00+00:00,2946.29,26.50339313,0.99672548,0.9860037,0.00282276,0.000153,0.00259319
2025-04-12 21:00:00+00:00,2908.4725,26.82761743,0.99648311,0.9855731,0.00268929,0.00016461,0.00277069
2025-04-12 22:00:00+00:00,2908.64,27.24764992,0.99590817,0.98327159,0.00300744,0.0001958,0.00332648
2025-04-12 23:00:00+00:00,2859.2825,27.22835007,0.99614713,0.98344705,0.00295132,0.00033123,0.00324343
2025-04-13 00:00:00+00:00,2847.0,27.12720334,0.99562814,0.98285977,0.00279503,0.00046718,0.00330937
2025-04-13 01:00:00+00:00,2848.5125,26.75481438,0.99570349,0.98346114,0.00272164,0.00034988,0.0031534
2025-04-13 02:00:00+00:00,2861.065,26.48074532,0.99551723,0.98350631,0.00272191,0.00050103,0.00307799
2025-04-13 03:00:00+00:00,2876.8225,25.66869804,0.99644652,0.98568705,0.00266417,0.00025667,0.00271822
2025-04-13 04:00:00+00:00,2877.8475,24.59829838,0.99687905,0.98739642,0.00268922,0.00013615,0.00239146
2025-04-13 05:00:00+00:00,2923.4475,24.32025682,0.99726948,0.99036744,0.00070322,0.00012294,0.00215529
2025-04-13 06:00:00+00:00,2979.92,24.13537767,0.9965774,0.99002681,0.00051388,0.00012064,0.00221483
2025-04-13 07:00:00+00:00,3007.73,24.19303286,0.99653838,0.98877805,0.0018844,0.00012262,0.00210682
2025-04-13 08:00:00+00:00,2967.655,24.90911606,0.99584902,0.98252855,0.00685869,0.00013213,0.0019779
2025-04-13 09:00:00+00:00,2958.265,24.31392727,0.99442806,0.98164344,0.00769052,0.0001011,0.00175197
2025-04-13 10:00:00+00:00,2951.0975,23.44791982,0.99520095,0.98383408,0.00804498,6.427e-05,0.0010458
2025-04-13 11:00:00+00:00,2977.37,23.4314172,0.99538386,0.98400156,0.00799088,6.495e-05,0.0010914
2025-04-13 12:00:00+00:00,2987.81,23.93078268,0.99526087,0.98455614,0.00635578,8.164e-05,0.00145415
2025-04-13 13:00:00+00:00,3007.38,24.84919289,0.99672367,0.98434296,0.00534486,0.00012818,0.00230185
2025-04-13 14:00:00+00:00,3002.7775,24.92553597,0.99675465,0.98764402,0.00163596,0.00013532,0.00232203
2025-04-13 15:00:00+00:00,2976.0775,25.47194479,0.99570313,0.98693985,0.00067919,0.0001448,0.0024432
2025-04-13 16:00:00+00:00,2966.73,25.04777633,0.99709686,0.98834504,0.00067733,0.00014537,0.00240506
2025-04-13 17:00:00+00:00,2978.6425,24.82010183,0.99686877,0.98860942,0.00067592,0.00013879,0.00231952
2025-04-13 18:00:00+00:00,2989.5225,24.3248255,0.99697058,0.98943601,0.00066391,0.00013456,0.0021992
2025-04-13 19:00:00+00:00,2947.41,25.11507453,0.99585861,0.98747812,0.00068991,0.00022422,0.00251513
2025-04-13 20:00:00+00:00,2942.7025,24.68856186,0.99590291,0.98800921,0.00066575,0.00013343,0.00238092
2025-04-13 21:00:00+00:00,2955.0675,24.41554251,0.99581386,0.98788229,0.00063084,0.00054885,0.00220735
2025-04-13 22:00:00+00:00,2843.275,24.30584214,0.99510936,0.98722204,0.00065515,0.00117788,0.00192623
2025-04-13 23:00:00+00:00,2848.7825,25.24351492,0.99517731,0.98697803,0.00066456,0.00083953,0.00222857
2025-04-14 00:00:00+00:00,2843.38,25.35387345,0.9952562,0.98697106,0.00065428,0.0010007,0.00224544
2025-04-14 01:00:00+00:00,2810.9875,25.43915701,0.99536731,0.98626326,0.00065206,0.0007903,0.00262001
2025-04-14 02:00:00+00:00,2853.895,24.24781555,0.99587152,0.9880591,0.00064892,0.00064702,0.0021635
2025-04-14 03:00:00+00:00,2887.4925,22.94231874,0.99662665,0.99038595,0.00064666,0.0001032,0.00190422
2025-04-14 04:00:00+00:00,2979.3225,22.22015073,0.99705178,0.99030691,0.00212477,8.619e-05,0.00151111
2025-04-14 05:00:00+00:00,3101.59,21.07415894,0.99794508,0.99419607,0.00059724,5.845e-05,0.00109275
2025-04-14 06:00:00+00:00,3215.29,20.97664827,0.99844922,0.99550103,0.00042881,4.712e-05,0.00089073
2025-04-14 07:00:00+00:00,3241.8575,22.01247128,0.99756473,0.99258298,0.00041722,8.931e-05,0.00155734
2025-04-14 08:00:00+00:00,3162.745,23.0316527,0.99672728,0.99102219,0.00045039,9.835e-05,0.00166134
2025-04-14 09:00:00+00:00,3089.3325,23.48880031,0.99678041,0.99050218,0.00046099,0.00010666,0.00205317
2025-04-14 10:00:00+00:00,3038.12,22.97068746,0.99709292,0.99077578,0.0004189,0.00011067,0.00180022
2025-04-14 11:00:00+00:00,3039.3775,23.01919338,0.99710537,0.99113795,0.00042986,0.00010577,0.00192263
2025-04-14 12:00:00+00:00,3008.895,23.01990637,0.99788765,0.99212967,0.00044014,9.848e-05,0.00125922
2025-04-14 13:00:00+00:00,2959.9875,23.66505385,0.99749233,0.99092376,0.00045363,0.0001167,0.00182468
2025-04-14 14:00:00+00:00,2922.62,24.38854235,0.99735032,0.9899432,0.00047207,0.00013325,0.00208503
2025-04-14 15:00:00+00:00,2908.2225,24.81885424,0.99714229,0.98531051,0.00503509,0.0001267,0.00200721
2025-04-14 16:00:00+00:00,2887.7825,25.4124137,0.99725413,0.9843528,0.00571601,0.00014585,0.00201678
2025-04-14 17:00:00+00:00,2907.4825,26.22144703,0.99661083,0.98241917,0.00594818,0.00031991,0.00228722
2025-04-14 18:00:00+00:00,2939.2225,26.82381492,0.99613771,0.98054234,0.00678764,0.00037235,0.00251944
2025-04-14 19:00:00+00:00,2949.4925,27.03464997,0.99598888,0.97996669,0.00672784,0.00035845,0.00260807
2025-04-14 20:00:00+00:00,2898.46,26.42004396,0.9960707,0.98031166,0.00671925,0.00034897,0.00239426
2025-04-14 21:00:00+00:00,2850.2025,25.93305871,0.99628027,0.98089252,0.00663765,0.00032474,0.00234618
2025-04-14 22:00:00+00:00,2809.87,24.23331676,0.99739191,0.98898756,0.00247114,0.00022009,0.00150988
2025-04-14 23:00:00+00:00,2723.2425,22.86573177,0.99773617,0.99170095,0.00239297,0.00012877,0.00096487
2025-04-15 00:00:00+00:00,2727.165,22.17599863,0.99845525,0.99344491,0.0022956,9.004e-05,0.00073135
2025-04-15 01:00:00+00:00,2728.7925,23.20016313,0.99781113,0.99102037,0.00226938,0.00014639,0.0012594
2025-04-15 02:00:00+00:00,2753.99,24.0533556,0.99724751,0.99068244,0.00093382,0.00018557,0.0015303
2025-04-15 03:00:00+00:00,2783.785,26.02587121,0.99669546,0.98511854,0.00280279,0.00028733,0.00241549
2025-04-15 04:00:00+00:00,2848.46,25.7390603,0.9966021,0.98442952,0.00493893,0.00023803,0.00198811
2025-04-15 05:00:00+00:00,3003.0325,22.60216417,0.99697335,0.99569692,0.00122803,3.2e-07,2.43e-06
2025-04-15 06:00:00+00:00,3055.67,26.33513478,0.9956122,0.98646287,0.00084809,0.00030231,0.00286443
2025-04-15 07:00:00+00:00,3088.2875,26.58506134,0.9956169,0.9863493,0.00053315,0.0003343,0.00228409
2025-04-15 08:00:00+00:00,3122.165,26.46299613,0.99622426,0.98708023,0.00048725,0.00033076,0.0016575
2025-04-15 09:00:00+00:00,3090.2475,26.0259121,0.99622508,0.98798353,0.00048289,0.00029127,0.00173921
2025-04-15 10:00:00+00:00,3043.87,26.07299331,0.9969241,0.98692708,0.00208985,0.00029228,0.00211799
2025-04-15 11:00:00+00:00,3085.285,26.37086457,0.99634703,0.98705435,0.00118832,0.00029171,0.00199239
2025-04-15 12:00:00+00:00,3152.2875,26.54826183,0.99609658,0.98706125,0.00058177,0.00031475,0.00165119
2025-04-15 13:00:00+00:00,3114.07,26.49243225,0.9961166,0.9862146,0.00209249,0.00028842,0.00216566
2025-04-15 14:00:00+00:00,3056.4975,27.05517162,0.99597485,0.98500028,0.0022297,0.00032636,0.00237282
2025-04-15 15:00:00+00:00,3024.75,27.08467069,0.99713267,0.98631257,0.00224341,0.00032904,0.00216776
2025-04-15 16:00:00+00:00,3008.255,27.12268029,0.99684485,0.98573237,0.0022812,0.00035794,0.00241201
2025-04-15 17:00:00+00:00,3039.0075,27.0712673,0.99673892,0.98562222,0.00222111,0.00041104,0.00232457
2025-04-15 18:00:00+00:00,3105.445,26.86018269,0.99617463,0.98502672,0.00217771,0.00042337,0.00238417
2025-04-15 19:00:00+00:00,3142.3075,25.80169665,0.99601298,0.98553538,0.0021185,0.00036646,0.00224164
2025-04-15 20:00:00+00:00,3050.4675,25.31852147,0.99604877,0.98696994,0.00079751,0.00034886,0.00240414
2025-04-15 21:00:00+00:00,2945.9025,25.30815679,0.99602686,0.98629876,0.00103174,0.00036394,0.00252531
2025-04-15 22:00:00+00:00,2864.3175,25.72312412,0.9956823,0.98506352,0.00195575,0.00035856,0.0025395
2025-04-15 23:00:00+00:00,2859.5075,25.76169801,0.99545871,0.98388905,0.00265772,0.0003426,0.002495
2025-04-16 00:00:00+00:00,2841.335,25.90925556,0.99564573,0.98608388,0.00057906,0.00034384,0.00256515
2025-04-16 01:00:00+00:00,2770.645,25.69432323,0.9956394,0.98665587,0.0002569,0.00032693,0.00265928
2025-04-16 02:00:00+00:00,2726.445,25.70141428,0.99565334,0.98457981,0.00228666,0.00032436,0.00243617
2025-04-16 03:00:00+00:00,2714.25,27.12139886,0.99543848,0.9852113,0.00036859,0.00034249,0.00285008
2025-04-16 04:00:00+00:00,2760.0525,26.45395639,0.99587683,0.98687814,0.00025142,0.00029695,0.00244237
2025-04-16 05:00:00+00:00,2845.9525,25.2462936,0.99583945,0.98670802,0.00027396,0.00031926,0.00247974
2025-04-16 06:00:00+00:00,2929.1475,24.56870364,0.9956824,0.98546749,0.00173769,0.00036567,0.00295737
2025-04-16 07:00:00+00:00,2973.76,24.02148299,0.99490993,0.98650058,0.00059722,0.00034891,0.00419906
2025-04-16 08:00:00+00:00,3033.7,24.18354479,0.99669578,0.98787095,0.00057901,0.0003474,0.00234877
2025-04-16 09:00:00+00:00,3017.2,24.40494909,0.99678097,0.98806816,0.00059432,0.00033149,0.00234788
2025-04-16 10:00:00+00:00,2966.3225,24.38162938,0.99646386,0.98834158,0.00059896,0.00030017,0.00215824
2025-04-16 11:00:00+00:00,2953.1375,25.00709507,0.9956676,0.98679754,0.00061296,0.00032129,0.00239739
2025-04-16 12:00:00+00:00,2872.955,23.92977436,0.99680398,0.98920081,0.00064332,0.00026596,0.00189838
2025-04-16 13:00:00+00:00,2874.6075,23.42177554,0.99704526,0.98844366,0.00061348,0.0003189,0.0021774
2025-04-16 14:00:00+00:00,2839.795,23.71071142,0.99641206,0.98756703,0.00061236,0.00034177,0.00242424
2025-04-16 15:00:00+00:00,2795.1,21.74932294,0.99821206,0.99352749,0.00066866,0.00016587,0.00117202
2025-04-16 16:00:00+00:00,2758.78,22.22589252,0.99798836,0.99259983,0.00062167,0.00021467,0.00135963
2025-04-16 17:00:00+00:00,2682.4675,23.19820834,0.99749372,0.99127758,0.00065606,0.00025323,0.00168073
2025-04-16 18:00:00+00:00,2646.4375,24.63570082,0.99690009,0.98906658,0.00068713,0.00031393,0.00206817
2025-04-16 19:00:00+00:00,2671.745,26.21907468,0.9957515,0.98533353,0.00069951,0.000415,0.00275371
2025-04-16 20:00:00+00:00,2628.61,27.31917306,0.99582467,0.98437397,0.00074784,0.00043255,0.00296639
2025-04-16 21:00:00+00:00,2574.72,27.75917718,0.99558865,0.98387579,0.0007397,0.00043941,0.00315568
2025-04-16 22:00:00+00:00,2512.8925,28.2118462,0.99589603,0.98157422,0.0026238,0.00046601,0.00306909
2025-04-16 23:00:00+00:00,2459.745,27.961179,0.99605171,0.98187611,0.00280738,0.00043896,0.00314053
2025-04-17 00:00:00+00:00,2427.275,27.79234203,0.99636225,0.98367059,0.00122694,0.00044348,0.00318832
2025-04-17 01:00:00+00:00,2444.525,28.09948849,0.99619338,0.98411987,0.00054891,0.00045176,0.00303092
2025-04-17 02:00:00+00:00,2432.955,27.31270845,0.99631299,0.98537961,0.0005634,0.00040959,0.00278163
2025-04-17 03:00:00+00:00,2433.05,26.84693129,0.99696536,0.98689429,0.00056189,0.00037842,0.00241747
2025-04-17 04:00:00+00:00,2450.4025,26.70466555,0.9966457,0.98701782,0.00057821,0.00038218,0.00231327
2025-04-17 05:00:00+00:00,2512.7075,27.184328,0.99600056,0.98532314,0.00052423,0.00045992,0.00255404
2025-04-17 06:00:00+00:00,2571.715,27.10142884,0.99548609,0.98451086,0.00057495,0.00050092,0.00318896
2025-04-17 07:00:00+00:00,2628.51,29.35718115,0.99118417,0.97717301,0.00032888,0.00068036,0.00716596
2025-04-17 08:00:00+00:00,2662.39,28.9810845,0.99133918,0.97750207,0.00096191,0.00063329,0.00672191
2025-04-17 09:00:00+00:00,2683.895,29.03342296,0.99027863,0.97708828,0.00068671,0.00057693,0.00698217
2025-04-17 10:00:00+00:00,2684.775,28.53800076,0.99344439,0.98089332,0.00075231,0.00051614,0.00339877
2025-04-17 11:00:00+00:00,2648.2875,28.82023354,0.99317253,0.97984574,0.00076811,0.00053979,0.00355476
2025-04-17 12:00:00+00:00,2631.2275,29.01626633,0.9932537,0.97911217,0.00076482,0.00057923,0.00355377
2025-04-17 13:00:00+00:00,2686.305,29.03738666,0.99314687,0.9787333,0.00079333,0.00058893,0.0039024
2025-04-17 14:00:00+00:00,2709.3,29.02779358,0.99349074,0.97929757,0.00079654,0.00057708,0.00393012
2025-04-17 15:00:00+00:00,2668.76,29.29674518,0.99473565,0.98030856,0.00082232,0.00059042,0.00387475
2025-04-17 16:00:00+00:00,2677.2325,29.29533997,0.99501136,0.98065695,0.00079529,0.00059466,0.00387493
2025-04-17 17:00:00+00:00,2693.795,28.9228625,0.99547562,0.98196482,0.00075751,0.00054657,0.00340896
2025-04-17 18:00:00+00:00,2690.7475,28.77573947,0.99498762,0.98178729,0.00075255,0.00051747,0.00368125
2025-04-17 19:00:00+00:00,2667.3675,28.66697453,0.99493994,0.98191647,0.00078924,0.00048535,0.00355283
2025-04-17 20:00:00+00:00,2636.3275,28.69077216,0.9951749,0.9822381,0.00079535,0.00046681,0.00356453
2025-04-17 21:00:00+00:00,2588.945,28.87472822,0.99484472,0.98148585,0.0007781,0.00048782,0.00371369
2025-04-17 22:00:00+00:00,2580.545,29.21052406,0.99484706,0.97818493,0.00314779,0.00051246,0.00404331
2025-04-17 23:00:00+00:00,2515.6725,29.62424842,0.9953739,0.97784959,0.00316074,0.00053257,0.00363644
2025-04-18 00:00:00+00:00,2477.79,29.65667503,0.99511777,0.97751715,0.00316611,0.00052549,0.00422953
2025-04-18 01:00:00+00:00,2462.02,29.5641626,0.99535814,0.97826482,0.00316906,0.00051094,0.00366509
2025-04-18 02:00:00+00:00,2537.88,29.5324822,0.99485683,0.97785201,0.00313928,0.00049582,0.00378464
2025-04-18 03:00:00+00:00,2580.6525,29.70709022,0.99490235,0.97823763,0.00296692,0.00049042,0.00420714
2025-04-18 04:00:00+00:00,2656.02,29.74358864,0.99457358,0.97817446,0.00295642,0.00048929,0.00415743
2025-04-18 05:00:00+00:00,2773.9875,29.09819315,0.99478097,0.97951399,0.00282583,0.00045015,0.00367126
2025-04-18 06:00:00+00:00,2822.7925,28.30702786,0.99522795,0.98109883,0.00277506,0.00040956,0.00341092
2025-04-18 07:00:00+00:00,2854.9225,27.9355943,0.99520872,0.98204041,0.00269977,0.00037644,0.00320869
2025-04-18 08:00:00+00:00,2843.6675,27.85331678,0.99502284,0.98166982,0.00276506,0.00037703,0.00316805
2025-04-18 09:00:00+00:00,2833.615,27.4144602,0.99530108,0.98221953,0.00268363,0.00038355,0.00293883
2025-04-18 10:00:00+00:00,2792.6625,27.61065221,0.99520626,0.98158511,0.00272026,0.0004124,0.00317978
2025-04-18 11:00:00+00:00,2787.44,27.25431342,0.99495134,0.98132764,0.00270613,0.00043844,0.00319515
2025-04-18 12:00:00+00:00,2783.46,27.02869484,0.99524881,0.98183345,0.00266486,0.00042914,0.00314597
2025-04-18 13:00:00+00:00,2776.4575,26.60756191,0.9954826,0.98248436,0.00261345,0.00040641,0.00301833
2025-04-18 14:00:00+00:00,2768.6125,26.41373329,0.99548176,0.98262919,0.00257735,0.00040022,0.00305083
2025-04-18 15:00:00+00:00,2773.3825,26.16259669,0.99606164,0.9833202,0.00256171,0.00040623,0.00295909
2025-04-18 16:00:00+00:00,2773.3375,25.96014553,0.9961417,0.98377587,0.00254084,0.00042464,0.00290037
2025-04-18 17:00:00+00:00,2793.835,25.69434738,0.99627846,0.98444343,0.00254057,0.00041203,0.00270172
2025-04-18 18:00:00+00:00,2810.2425,25.94895123,0.99590479,0.98361371,0.00259117,0.00043836,0.00283173
2025-04-18 19:00:00+00:00,2833.9025,27.11841817,0.99542629,0.98194075,0.00275711,0.00049157,0.00312084
2025-04-18 20:00:00+00:00,2841.2275,27.5502552,0.99547754,0.98166744,0.00271955,0.00051147,0.00334315
2025-04-18 21:00:00+00:00,2809.725,26.75749366,0.9955687,0.98255664,0.00261476,0.00047509,0.00309152
2025-04-18 22:00:00+00:00,2720.7375,28.04684794,0.99560171,0.98137991,0.00281161,0.00049435,0.00340984
2025-04-18 23:00:00+00:00,2675.43,28.48986578,0.99574706,0.98087173,0.00285466,0.00050619,0.00351502
2025-04-19 00:00:00+00:00,2695.0675,28.48824946,0.99556325,0.98065686,0.00281545,0.00049183,0.00365304
2025-04-19 01:00:00+00:00,2708.915,28.62980178,0.99532048,0.98032184,0.00283232,0.00048503,0.00346079
2025-04-19 02:00:00+00:00,2709.305,28.86649968,0.99534456,0.98008982,0.00286786,0.00049109,0.00367734
2025-04-19 03:00:00+00:00,2700.57,29.17651136,0.99544805,0.97948671,0.00293425,0.00051572,0.00355087
2025-04-19 04:00:00+00:00,2709.36,29.27771938,0.99516358,0.9790562,0.00291568,0.0005537,0.00372716
2025-04-19 05:00:00+00:00,2733.3475,29.15569937,0.99532996,0.9797294,0.0029929,0.00053458,0.00367875
2025-04-19 06:00:00+00:00,2786.1325,29.24321069,0.99527248,0.97961695,0.00296327,0.00055208,0.0035988
2025-04-19 07:00:00+00:00,2804.8475,29.02111788,0.99473905,0.97971594,0.00291089,0.00052927,0.0036866
2025-04-19 08:00:00+00:00,2872.1425,28.86820566,0.99420375,0.97950177,0.00269373,0.00051598,0.00363316
2025-04-19 09:00:00+00:00,2847.6275,28.61544924,0.99493587,0.98080814,0.00275069,0.00048035,0.00343526
2025-04-19 10:00:00+00:00,2789.5625,27.76553202,0.99588305,0.98365299,0.00269443,0.00038877,0.00290357
2025-04-19 11:00:00+00:00,2721.82,27.32268605,0.99637259,0.98474994,0.00265522,0.00035641,0.00267071
2025-04-19 12:00:00+00:00,2687.4625,27.12024418,0.99663357,0.98464874,0.00264573,0.00037176,0.00258615
2025-04-19 13:00:00+00:00,2719.3325,27.9152776,0.99760746,0.98370942,0.00275744,0.00047181,0.00147759
2025-04-19 14:00:00+00:00,2746.525,28.75859339,0.99704496,0.98158056,0.0026942,0.00055837,0.00143929
2025-04-19 15:00:00+00:00,2753.87,29.06394486,0.99720398,0.98080912,0.00290505,0.00061184,0.00154347
2025-04-19 16:00:00+00:00,2741.9025,29.16691409,0.99752679,0.98099563,0.00300108,0.00060596,0.00155386
2025-04-19 17:00:00+00:00,2779.2575,29.04986811,0.99755101,0.98109824,0.00303604,0.00061533,0.00128096
2025-04-19 18:00:00+00:00,2796.2225,29.09427663,0.99778508,0.98139427,0.003035,0.00058216,0.00127959
2025-04-19 19:00:00+00:00,2819.145,28.97584877,0.99754054,0.9812756,0.00300647,0.00055564,0.00129883
2025-04-19 20:00:00+00:00,2821.7925,28.61915905,0.99698267,0.98143677,0.00296224,0.00050119,0.00155457
2025-04-19 21:00:00+00:00,2779.84,28.66150152,0.99704032,0.98133137,0.00303642,0.00050941,0.00150361
2025-04-19 22:00:00+00:00,2737.3875,28.01266769,0.99580435,0.98155862,0.00292619,0.00045111,0.00261295
2025-04-19 23:00:00+00:00,2672.2475,27.75733345,0.99595639,0.98203444,0.00293976,0.00043295,0.00261214
2025-04-20 00:00:00+00:00,2670.89,27.70787141,0.99606686,0.9821545,0.00294751,0.00042989,0.00263367
2025-04-20 01:00:00+00:00,2665.2975,27.90681857,0.99619669,0.98200289,0.00299888,0.00042225,0.00273238
2025-04-20 02:00:00+00:00,2681.86,27.82406297,0.99608715,0.98229714,0.00296856,0.00040966,0.00258274
2025-04-20 03:00:00+00:00,2692.63,28.05862252,0.99614756,0.98198367,0.00296942,0.00042641,0.00281488
2025-04-20 04:00:00+00:00,2715.8275,27.82516121,0.99645171,0.98269016,0.00290681,0.0004174,0.00262217
2025-04-20 05:00:00+00:00,2746.9675,27.63451981,0.99700029,0.98308119,0.00292517,0.00041656,0.00232557
2025-04-20 06:00:00+00:00,2778.0025,27.80105725,0.9961352,0.98212266,0.00286847,0.00044211,0.0027939
2025-04-20 07:00:00+00:00,2808.695,27.34264292,0.99608372,0.98287905,0.00269668,0.00040195,0.00263734
2025-04-20 08:00:00+00:00,2807.0075,27.24112945,0.9968988,0.98426026,0.00279047,0.00037818,0.00247872
2025-04-20 09:00:00+00:00,2755.0525,26.67439192,0.99740732,0.98653686,0.00265964,0.00030708,0.00205077
2025-04-20 10:00:00+00:00,2708.98,26.71912027,0.99734224,0.98630185,0.00261545,0.00030906,0.00214699
2025-04-20 11:00:00+00:00,2696.0225,26.59551911,0.99704033,0.9859203,0.00265808,0.0003131,0.00230919
2025-04-20 12:00:00+00:00,2676.46,26.74017534,0.99679713,0.98524109,0.00265678,0.00032243,0.00264201
2025-04-20 13:00:00+00:00,2684.745,26.87554976,0.99655641,0.98418951,0.00281589,0.00034363,0.00294698
2025-04-20 14:00:00+00:00,2713.6175,27.07066212,0.99616176,0.98359497,0.00274914,0.00036081,0.00306371
2025-04-20 15:00:00+00:00,2695.2975,27.23173988,0.99651609,0.98332592,0.00298936,0.0003774,0.00322013
2025-04-20 16:00:00+00:00,2721.69,26.92298372,0.99703357,0.98468475,0.00289383,0.00036459,0.00278717
2025-04-20 17:00:00+00:00,2745.145,27.05227955,0.99687362,0.98407975,0.00300902,0.00036738,0.00291576
2025-04-20 18:00:00+00:00,2793.1075,26.71410491,0.99675895,0.98430914,0.00290902,0.00036655,0.00301075
2025-04-20 19:00:00+00:00,2835.245,26.66691788,0.99670215,0.98410085,0.00292916,0.000366,0.00310503
2025-04-20 20:00:00+00:00,2817.765,27.08498374,0.99657935,0.98335734,0.00298139,0.00039072,0.00322335
2025-04-20 21:00:00+00:00,2800.3975,26.78044676,0.99666793,0.98396862,0.00293332,0.00036555,0.00312294
2025-04-20 22:00:00+00:00,2778.235,27.42359321,0.99633574,0.98312309,0.00266244,0.00039365,0.0034628
2025-04-20 23:00:00+00:00,2722.9575,27.90471631,0.99615761,0.98243025,0.00271795,0.00041586,0.00359983
2025-04-21 00:00:00+00:00,2691.3,28.0573553,0.99612644,0.98239762,0.00270854,0.00041559,0.00363695
2025-04-21 01:00:00+00:00,2704.4525,28.61555606,0.99593852,0.98099328,0.00281689,0.00044314,0.00381727
2025-04-21 02:00:00+00:00,2722.84,28.39242402,0.99606024,0.98192634,0.00269783,0.00042601,0.0037024
2025-04-21 03:00:00+00:00,2744.5125,28.36759134,0.99598201,0.98186812,0.00273417,0.00043193,0.00376589
2025-04-21 04:00:00+00:00,2785.0475,27.98418416,0.99650222,0.9837665,0.00258893,0.00040571,0.00326578
2025-04-21 05:00:00+00:00,2814.335,28.15098539,0.99641512,0.98342222,0.00250451,0.00046054,0.00332597
2025-04-21 06:00:00+00:00,2838.62,28.22349099,0.99622285,0.98291763,0.00257596,0.00046635,0.00349922
2025-04-21 07:00:00+00:00,2879.3225,28.36671567,0.99621708,0.97802876,0.00719012,0.00045952,0.00349063
2025-04-21 08:00:00+00:00,2889.8,28.42792134,0.99605079,0.97747846,0.00743124,0.0004654,0.00365923
2025-04-21 09:00:00+00:00,2880.12,28.79292152,0.99589705,0.97646831,0.00770271,0.00047405,0.0038687
2025-04-21 10:00:00+00:00,2870.5175,29.00793387,0.99615927,0.97640102,0.00773008,0.00048411,0.00360138
2025-04-21 11:00:00+00:00,2868.07,28.87397515,0.99613939,0.97706551,0.00752459,0.00046378,0.00359902
2025-04-21 12:00:00+00:00,2907.5325,28.92304767,0.9961522,0.97707632,0.00739262,0.00047544,0.00356655
2025-04-21 13:00:00+00:00,2917.935,29.16620445,0.9960731,0.97624561,0.00761811,0.00050464,0.00360035
2025-04-21 14:00:00+00:00,2898.5025,29.40504222,0.99597876,0.97563228,0.00775735,0.00052573,0.00375659
2025-04-21 15:00:00+00:00,2908.335,29.32354619,0.99617118,0.97586618,0.0079441,0.00055312,0.00358669
2025-04-21 16:00:00+00:00,2845.2975,29.23664598,0.99619822,0.97615556,0.00788564,0.00054307,0.00354004
2025-04-21 17:00:00+00:00,2924.25,28.82019449,0.99636572,0.9773893,0.00768863,0.00050612,0.0033921
2025-04-21 18:00:00+00:00,2930.86,28.41939083,0.9968241,0.97878545,0.0075615,0.00046165,0.00293939
2025-04-21 19:00:00+00:00,2942.045,28.71440348,0.99657508,0.97754284,0.0078396,0.00048848,0.00318084
2025-04-21 20:00:00+00:00,2923.0275,28.57912821,0.99652496,0.9778612,0.00776065,0.00046197,0.0032601
2025-04-21 21:00:00+00:00,2874.7375,28.89316801,0.99635796,0.97694722,0.00779413,0.00046116,0.00341454
2025-04-21 22:00:00+00:00,2814.8625,28.77284918,0.99650964,0.97501513,0.0101334,0.00043949,0.00329068
2025-04-21 23:00:00+00:00,2764.49,28.90677103,0.99652294,0.9723722,0.01245634,0.00044768,0.00328066
2025-04-22 00:00:00+00:00,2738.25,28.78716655,0.99637062,0.97232276,0.01247162,0.00044637,0.00343144
2025-04-22 01:00:00+00:00,2726.5725,28.8455262,0.99723577,0.97288154,0.01256484,0.00047778,0.00255844
2025-04-22 02:00:00+00:00,2741.5275,29.2791387,0.9963112,0.97038835,0.01323207,0.00056494,0.00346079
2025-04-22 03:00:00+00:00,2780.0975,28.98784,0.99678199,0.97077442,0.01394691,0.00057019,0.00296634
2025-04-22 04:00:00+00:00,2929.9325,27.5595563,0.99599973,0.97330279,0.01358714,0.00065597,0.00375881
2025-04-22 05:00:00+00:00,3149.735,25.76788804,0.99709847,0.97942246,0.01285178,0.00054448,0.00265909
2025-04-22 06:00:00+00:00,3258.9825,25.56623761,0.99637077,0.97889921,0.01304934,0.00064935,0.00323572
2025-04-22 07:00:00+00:00,3312.6225,25.54915921,0.99518939,0.97880404,0.01209738,0.00066299,0.00446114
2025-04-22 08:00:00+00:00,3262.9475,25.94978629,0.99434231,0.97616176,0.01296316,0.00075218,0.00531523
2025-04-22 09:00:00+00:00,3267.8075,26.01102553,0.99510133,0.97634481,0.01349544,0.00075226,0.00448882
2025-04-22 10:00:00+00:00,3242.97,26.14660386,0.99588773,0.97691112,0.01347501,0.00071427,0.00372575
2025-04-22 11:00:00+00:00,3239.165,25.66493633,0.99649075,0.97967696,0.01228306,0.00055906,0.00322956
2025-04-22 12:00:00+00:00,3227.595,25.70030784,0.99629072,0.97902406,0.01260155,0.00059547,0.00345087
2025-04-22 13:00:00+00:00,3227.6925,25.35509945,0.99638318,0.97990903,0.01237728,0.00054012,0.00338034
2025-04-22 14:00:00+00:00,3200.11,25.04394388,0.99669062,0.98109114,0.01185375,0.00047725,0.00309748
2025-04-22 15:00:00+00:00,3163.26,24.85767894,0.99630495,0.97813407,0.01389988,0.00059503,0.00337735
2025-04-22 16:00:00+00:00,3180.22,24.72660527,0.9961823,0.97793789,0.01399693,0.00058819,0.00346534
2025-04-22 17:00:00+00:00,3201.8475,24.56106558,0.99626497,0.97810925,0.01403516,0.0006002,0.00340127
2025-04-22 18:00:00+00:00,3248.46,24.80591875,0.99595126,0.97853341,0.01293729,0.00058821,0.00371939
2025-04-22 19:00:00+00:00,3241.0525,24.59078114,0.99620752,0.97926178,0.01271276,0.00047566,0.00360054
2025-04-22 20:00:00+00:00,3148.6425,24.80407545,0.99593194,0.97795055,0.01328997,0.00057628,0.00383482
2025-04-22 21:00:00+00:00,3117.92,25.6314502,0.99571318,0.97586919,0.01430072,0.00068045,0.0039794
2025-04-22 22:00:00+00:00,3027.7925,24.7304731,0.99576833,0.98498894,0.00569592,0.00063177,0.00400358
2025-04-22 23:00:00+00:00,2980.7275,25.3299575,0.9954284,0.9841057,0.00591376,0.00070896,0.00430768
2025-04-23 00:00:00+00:00,2951.68,25.40897631,0.99541222,0.98396251,0.00614345,0.00074139,0.00431029
2025-04-23 01:00:00+00:00,2963.2125,25.47076715,0.99506595,0.98389506,0.00608432,0.00075043,0.0046316
2025-04-23 02:00:00+00:00,2986.865,25.12396147,0.99524765,0.99055217,0.00045478,0.00076119,0.00438703
2025-04-23 03:00:00+00:00,3027.3075,25.19000194,0.99563568,0.98487513,0.00656747,0.00069341,0.00405524
2025-04-23 04:00:00+00:00,3165.3775,25.11109196,0.99544542,0.98771814,0.00371597,0.00063122,0.00419463
2025-04-23 05:00:00+00:00,3352.6275,24.02604932,0.997812,0.98316251,0.01218221,0.00029292,0.0020312
2025-04-23 06:00:00+00:00,3366.1925,23.94565359,0.99887176,0.98444995,0.012379,0.0001275,0.00104288
2025-04-23 07:00:00+00:00,3339.74,24.0823378,0.99866434,0.98399715,0.01254517,0.00013444,0.0012487
2025-04-23 08:00:00+00:00,3296.0475,24.09443861,0.99779604,0.98301099,0.01241823,0.00014528,0.00209231
2025-04-23 09:00:00+00:00,3249.7275,24.00041916,0.99677102,0.98189054,0.01269017,0.0001307,0.00313271
2025-04-23 10:00:00+00:00,3228.9,24.05310502,0.99698643,0.98242648,0.01249682,0.00011684,0.00293522
2025-04-23 11:00:00+00:00,3219.2225,23.85343831,0.99720456,0.98280606,0.01251965,9.6e-05,0.00273642
2025-04-23 12:00:00+00:00,3199.1175,23.61810849,0.99802221,0.98382683,0.01249377,7.188e-05,0.00195413
2025-04-23 13:00:00+00:00,3145.6425,23.49335226,0.99588016,0.98289397,0.01106381,9.793e-05,0.00408601
2025-04-23 14:00:00+00:00,3118.0025,23.29663759,0.99518328,0.98350726,0.00968645,0.00012794,0.00477057
2025-04-23 15:00:00+00:00,3091.5375,23.15595025,0.99562377,0.98125827,0.01260771,0.00012189,0.00433079
2025-04-23 16:00:00+00:00,3080.1625,23.10609213,0.99550578,0.98313619,0.01044729,0.00017936,0.00437101
2025-04-23 17:00:00+00:00,3066.4225,23.29217873,0.99525928,0.98256285,0.01072566,0.00015276,0.00462271
2025-04-23 18:00:00+00:00,3100.2925,23.60022762,0.9946767,0.98931171,0.00311139,0.00021583,0.00499172
2025-04-23 19:00:00+00:00,3180.6675,23.71952892,0.99502678,0.99018975,0.00280027,0.00015206,0.00475713
2025-04-23 20:00:00+00:00,3149.6725,23.87182364,0.99532644,0.99041651,0.00282023,0.00018056,0.00459425
2025-04-23 21:00:00+00:00,3070.4775,23.96188894,0.9960626,0.99113084,0.00282533,0.00021381,0.00385076
2025-04-23 22:00:00+00:00,2977.7975,24.05860213,0.99705998,0.99225104,0.00280187,0.00024461,0.00284199
2025-04-23 23:00:00+00:00,2964.3375,24.1949888,0.996796,0.9918557,0.00282029,0.00027411,0.0031026
2025-04-24 00:00:00+00:00,2943.1575,24.23446115,0.99672423,0.99167066,0.00285423,0.00035774,0.00314239
2025-04-24 01:00:00+00:00,2908.7825,24.24860891,0.9968265,0.99174297,0.00284534,0.00037765,0.00302923
2025-04-24 02:00:00+00:00,2937.565,24.22894064,0.99673873,0.99166109,0.00285931,0.00034368,0.00314233
2025-04-24 03:00:00+00:00,2929.4425,24.40902576,0.99639202,0.99095582,0.00302812,0.00036115,0.00348019
2025-04-24 04:00:00+00:00,3047.24,24.43890021,0.99689799,0.98690899,0.00769746,0.00038118,0.00294788
2025-04-24 05:00:00+00:00,3261.3625,24.47589995,0.99703559,0.98338269,0.01119678,0.00048168,0.00273673
2025-04-24 06:00:00+00:00,3299.8725,24.57391424,0.99705306,0.98383362,0.01042612,0.00059006,0.00267322
2025-04-24 07:00:00+00:00,3246.4,24.3948341,0.99543692,0.98172638,0.01093739,0.00063579,0.00423592
2025-04-24 08:00:00+00:00,3227.9275,24.14640362,0.99522352,0.98162713,0.01082562,0.0006175,0.00451858
2025-04-24 09:00:00+00:00,3248.5725,24.1935285,0.99692911,0.98387685,0.01016211,0.00063391,0.00284926
2025-04-24 10:00:00+00:00,3210.1875,23.89802493,0.99685492,0.98404157,0.01001319,0.00060671,0.00294325
2025-04-24 11:00:00+00:00,3184.255,23.58959607,0.99711699,0.98709694,0.00739137,0.0005341,0.00270326
2025-04-24 12:00:00+00:00,3173.1125,23.35908397,0.99791367,0.98797357,0.00733008,0.00053121,0.00191339
2025-04-24 13:00:00+00:00,3145.695,23.1523066,0.99797447,0.98791333,0.00749711,0.00053524,0.0018311
2025-04-24 14:00:00+00:00,3141.555,23.29999595,0.99795464,0.98780889,0.00760296,0.00052961,0.00183673
2025-04-24 15:00:00+00:00,3118.4675,23.2898705,0.99753423,0.98724372,0.00766932,0.00058524,0.00225749
2025-04-24 16:00:00+00:00,3129.29,22.99873096,0.99743433,0.98706672,0.00770454,0.00060904,0.0023376
2025-04-24 17:00:00+00:00,3129.225,23.50723554,0.99730045,0.98794854,0.00635034,0.00070348,0.00243407
2025-04-24 18:00:00+00:00,3166.025,23.67911325,0.99741833,0.98839269,0.00636714,0.00062594,0.00234663
2025-04-24 19:00:00+00:00,3228.9625,23.83723432,0.99781277,0.98766952,0.00770175,0.00058922,0.00195496
2025-04-24 20:00:00+00:00,3233.495,23.94289964,0.99788438,0.9879556,0.00763936,0.00055787,0.00189363
2025-04-24 21:00:00+00:00,3193.315,24.15066059,0.99710037,0.98695517,0.00779193,0.0005452,0.00266792
2025-04-24 22:00:00+00:00,3137.1125,24.43189398,0.99686212,0.98458584,0.00977688,0.00054848,0.00291886
2025-04-24 23:00:00+00:00,3114.9875,24.47565481,0.99697906,0.98293363,0.01146622,0.00057441,0.00281624
2025-04-25 00:00:00+00:00,3099.1725,24.44549117,0.99688478,0.98249571,0.01184618,0.000557,0.00291334
2025-04-25 01:00:00+00:00,3117.1675,24.57518425,0.99664746,0.98181273,0.01217891,0.00057927,0.00313335
2025-04-25 02:00:00+00:00,3146.2375,24.4482338,0.99686728,0.98203724,0.01236793,0.0005535,0.00294961
2025-04-25 03:00:00+00:00,3179.035,24.47413348,0.99695024,0.98177456,0.01261469,0.00056893,0.00285556
2025-04-25 04:00:00+00:00,3340.925,24.52016507,0.99688018,0.98057962,0.01378882,0.00055194,0.00288055
2025-04-25 05:00:00+00:00,3551.7575,24.57204613,0.99702134,0.98175687,0.01265543,0.00063109,0.00273177
2025-04-25 06:00:00+00:00,3551.295,24.58234625,0.99689841,0.98129277,0.01296847,0.00063176,0.00284021
2025-04-25 07:00:00+00:00,3513.3175,24.51363454,0.99714925,0.98188838,0.01269498,0.00056582,0.00262198
2025-04-25 08:00:00+00:00,3479.2,24.49354138,0.99697742,0.98200304,0.01246918,0.0005199,0.00283347
2025-04-25 09:00:00+00:00,3428.7825,24.41115136,0.99759574,0.98277573,0.01226047,0.00053117,0.00223018
2025-04-25 10:00:00+00:00,3359.375,24.33129024,0.99679367,0.98219715,0.01216095,0.00049653,0.00269887
2025-04-25 11:00:00+00:00,3321.9325,24.24019153,0.9971101,0.98242596,0.01233018,0.00047452,0.00267705
2025-04-25 12:00:00+00:00,3302.2925,24.01258617,0.99678661,0.98226124,0.01215529,0.00048834,0.00287791
2025-04-25 13:00:00+00:00,3275.015,23.96257888,0.99695029,0.98215594,0.01249967,0.00046764,0.00290148
2025-04-25 14:00:00+00:00,3266.1625,24.13546682,0.99682879,0.98210487,0.01228364,0.00049116,0.00301198
2025-04-25 15:00:00+00:00,3251.3075,24.14308173,0.9967393,0.98183444,0.01251886,0.00046999,0.003098
2025-04-25 16:00:00+00:00,3228.5175,24.18485197,0.9974034,0.98267925,0.01249943,0.00044651,0.00243994
2025-04-25 17:00:00+00:00,3210.285,24.18934637,0.99696815,0.98226728,0.01244612,0.00047795,0.00286864
2025-04-25 18:00:00+00:00,3210.9225,24.29469035,0.99678531,0.98253719,0.01182093,0.00051213,0.00303352
2025-04-25 19:00:00+00:00,3258.7,24.46765645,0.99677298,0.98147727,0.01277304,0.00050606,0.00304134
2025-04-25 20:00:00+00:00,3289.705,24.51535883,0.99685172,0.98187941,0.01255682,0.00047635,0.00296327
2025-04-25 21:00:00+00:00,3206.595,24.6315411,0.99666423,0.98189866,0.01234465,0.00044356,0.00315019
2025-04-25 22:00:00+00:00,3209.1875,24.68240362,0.99665465,0.98174011,0.01252314,0.00043463,0.003076
2025-04-25 23:00:00+00:00,3180.92,24.5509333,0.9962664,0.98167094,0.01227643,0.0004258,0.00332256
2025-04-26 00:00:00+00:00,3147.3925,24.47754986,0.99654363,0.98198221,0.01230611,0.00041155,0.0030271
2025-04-26 01:00:00+00:00,3118.4925,24.37182373,0.99578879,0.98453468,0.00872004,0.00045965,0.00327828
2025-04-26 02:00:00+00:00,3089.895,24.32863234,0.99539594,0.98321194,0.00955501,0.0004789,0.00380445
2025-04-26 03:00:00+00:00,3104.5625,24.24534072,0.99645891,0.9816722,0.01247251,0.00041363,0.00332665
2025-04-26 04:00:00+00:00,3126.2275,24.17358132,0.99631001,0.9817207,0.01231267,0.00039901,0.00337646
2025-04-26 05:00:00+00:00,3182.6275,24.29360658,0.99624588,0.98177477,0.0121307,0.0004104,0.00306984
2025-04-26 06:00:00+00:00,3218.01,24.34262619,0.9956986,0.98159716,0.01180624,0.00040501,0.00309588
2025-04-26 07:00:00+00:00,3228.9625,24.32251655,0.99573321,0.98192122,0.01157979,0.0003864,0.00297933
2025-04-26 08:00:00+00:00,3223.33,24.39452155,0.9954781,0.98148203,0.01174711,0.0003887,0.00323468
2025-04-26 09:00:00+00:00,3150.6225,24.46504741,0.99642493,0.98225718,0.01198872,0.00038242,0.00213911
2025-04-26 10:00:00+00:00,3081.7725,24.55431344,0.99643631,0.98186826,0.01239761,0.00038636,0.00178037
2025-04-26 11:00:00+00:00,3009.2975,24.53895145,0.9968242,0.98195523,0.01271672,0.00039177,0.00127634
2025-04-26 12:00:00+00:00,2978.205,24.52269097,0.99737971,0.98244054,0.01273922,0.00039687,0.00128102
2025-04-26 13:00:00+00:00,2973.665,24.52780056,0.99750804,0.98259167,0.01270816,0.00039556,0.00116619
2025-04-26 14:00:00+00:00,2977.3625,24.5709992,0.99571852,0.98081412,0.01257708,0.00042257,0.00299724
2025-04-26 15:00:00+00:00,3015.7725,24.64168699,0.99571674,0.98122275,0.01207997,0.0004537,0.00334493
2025-04-26 16:00:00+00:00,3009.075,24.76488438,0.99643133,0.98124111,0.01267096,0.00051231,0.0033713
2025-04-26 17:00:00+00:00,3027.185,24.81620412,0.99632357,0.98118229,0.01262066,0.00055225,0.00347211
2025-04-26 18:00:00+00:00,3017.7975,24.81800515,0.9963081,0.98107607,0.01267003,0.00057158,0.00347232
2025-04-26 19:00:00+00:00,3049.2325,24.82089818,0.99626774,0.98079565,0.01283893,0.00058664,0.00348029
2025-04-26 20:00:00+00:00,3046.945,24.7824114,0.99581969,0.98012681,0.01298661,0.00063155,0.00391143
2025-04-26 21:00:00+00:00,2950.135,24.67587432,0.99499976,0.97959186,0.0127641,0.00060024,0.00473357
2025-04-26 22:00:00+00:00,2894.855,24.47758821,0.99610957,0.9806107,0.01306059,0.00053692,0.00365719
2025-04-26 23:00:00+00:00,2883.275,24.26880157,0.99636057,0.9808088,0.01315304,0.00053408,0.00333485
2025-04-27 00:00:00+00:00,2843.8575,24.12079767,0.99546572,0.97964229,0.01316389,0.00060115,0.0036711
2025-04-27 01:00:00+00:00,2808.4875,24.10556158,0.99670929,0.98080507,0.01338671,0.00056754,0.00284437
2025-04-27 02:00:00+00:00,2833.9875,24.09373597,0.99708918,0.98162954,0.01304084,0.00052793,0.00268089
2025-04-27 03:00:00+00:00,2812.8025,24.07390918,0.99670169,0.98139388,0.01295756,0.00047401,0.00283143
2025-04-27 04:00:00+00:00,2794.7375,24.03634314,0.99708139,0.98180571,0.01324649,0.00039241,0.00277756
2025-04-27 05:00:00+00:00,2843.1175,23.93014364,0.99698145,0.98125665,0.01366819,0.00039534,0.00286629
2025-04-27 06:00:00+00:00,2906.89,23.87133801,0.99479537,0.97972874,0.01283915,0.00041554,0.00366051
2025-04-27 07:00:00+00:00,2950.1175,23.70759043,0.99454994,0.97992163,0.01254631,0.00038136,0.00393734
2025-04-27 08:00:00+00:00,2966.15,23.64950571,0.99623622,0.98122212,0.01288568,0.00039073,0.00263735
2025-04-27 09:00:00+00:00,2946.765,23.7585363,0.9961111,0.97980134,0.01404741,0.00040178,0.00327653
2025-04-27 10:00:00+00:00,2924.1,24.00778432,0.99527709,0.97840345,0.01443386,0.00042694,0.00342949
2025-04-27 11:00:00+00:00,2915.525,24.01835221,0.99556655,0.97867757,0.01478105,0.00039835,0.00255187
2025-04-27 12:00:00+00:00,2937.8125,23.76950544,0.99482717,0.97886654,0.01457436,5.655e-05,0.00210532
2025-04-27 13:00:00+00:00,2916.2675,23.9801023,0.99540991,0.97908357,0.01445327,1.813e-05,0.00304867
2025-04-27 14:00:00+00:00,2932.73,24.04969742,0.99577918,0.98094238,0.01301921,1e-06,0.00298425
2025-04-27 15:00:00+00:00,2955.6825,23.9833099,0.99520676,0.9804541,0.01289961,1.4e-06,0.00292251
2025-04-27 16:00:00+00:00,2976.3675,24.08505018,0.99726163,0.9820224,0.01344437,1.53e-06,0.00273782
2025-04-27 17:00:00+00:00,2972.53,23.83517319,0.99744231,0.98243232,0.01360342,1.27e-06,0.00255723
2025-04-27 18:00:00+00:00,2967.5325,23.77305787,0.99750409,0.98237661,0.01372054,1.42e-06,0.00249541
2025-04-27 19:00:00+00:00,2980.3025,23.61064642,0.99744008,0.98262861,0.01341565,1.31e-06,0.00255947
2025-04-27 20:00:00+00:00,2952.8275,23.21899731,0.9969655,0.98238448,0.01294478,1.34e-06,0.00303404
2025-04-27 21:00:00+00:00,2895.2075,22.71477355,0.99625117,0.98137227,0.01302964,1.54e-06,0.00329205
2025-04-27 22:00:00+00:00,2841.685,22.59083831,0.99565565,0.9906404,0.0030321,1.59e-06,0.00378483
2025-04-27 23:00:00+00:00,2794.95,23.06491586,0.99517525,0.99013547,0.00308242,1.46e-06,0.00359575
2025-04-28 00:00:00+00:00,2748.815,23.07087937,0.99570304,0.9908399,0.00307873,1.64e-06,0.00334523
2025-04-28 01:00:00+00:00,2755.22,23.38011974,0.9961582,0.99142408,0.00300986,1.3e-06,0.00320428
2025-04-28 02:00:00+00:00,2755.4425,23.37121464,0.99601624,0.99125772,0.00303149,1.52e-06,0.00304834
2025-04-28 03:00:00+00:00,2773.7925,23.33346898,0.99625842,0.9915443,0.00294043,1.51e-06,0.00333325
2025-04-28 04:00:00+00:00,2905.0025,23.19369525,0.99721372,0.98523238,0.01050629,1.36e-06,0.00277793
2025-04-28 05:00:00+00:00,3094.3325,22.89141026,0.99746541,0.98445731,0.01169379,1.32e-06,0.00251797
2025-04-28 06:00:00+00:00,3150.665,22.86105108,0.99725763,0.98423176,0.01160519,1.29e-06,0.00271037
2025-04-28 07:00:00+00:00,3267.405,23.34700971,0.99732761,0.98404965,0.01178478,1.59e-06,0.0026718
2025-04-28 08:00:00+00:00,3282.5375,23.41537738,0.9961909,0.98523384,0.00937862,1.45e-06,0.00298332
2025-04-28 09:00:00+00:00,3226.7975,23.19355322,0.9974133,0.98442365,0.01153296,1.36e-06,0.00258616
2025-04-28 10:00:00+00:00,3128.5225,22.28077247,0.99828985,0.98589634,0.01112356,1.12e-06,0.00169273
2025-04-28 11:00:00+00:00,3124.2875,21.16748637,0.99785005,0.99018798,0.00650094,1.01e-06,0.00214957
2025-04-28 12:00:00+00:00,3175.0625,20.56290718,0.99782406,0.99211982,0.00457144,9.7e-07,0.00216351
2025-04-28 13:00:00+00:00,3172.3575,20.1484329,0.99794634,0.99226412,0.00454592,9e-07,0.00205116
2025-04-28 14:00:00+00:00,3163.585,20.26483875,0.9976674,0.9927417,0.00369493,1.06e-06,0.00232702
2025-04-28 15:00:00+00:00,3136.5575,20.21360956,0.99771939,0.9930491,0.00342593,1.11e-06,0.00227905
2025-04-28 16:00:00+00:00,3110.1275,20.18264296,0.99798032,0.99335949,0.00346078,9.9e-07,0.0020193
2025-04-28 17:00:00+00:00,3092.625,19.96900341,0.99819016,0.99337024,0.00382713,8.9e-07,0.00180951
2025-04-28 18:00:00+00:00,3114.9675,20.19423501,0.99820878,0.99310851,0.00404527,1.01e-06,0.00179086
2025-04-28 19:00:00+00:00,3115.135,20.03303452,0.99819067,0.99464009,0.00253915,8.5e-07,0.00180901
2025-04-28 20:00:00+00:00,3069.55,20.43401069,0.99795464,0.99348072,0.00327544,1.05e-06,0.00204495
2025-04-28 21:00:00+00:00,2994.8,21.7918988,0.99658921,0.99086765,0.00406454,1.52e-06,0.00291023
2025-04-28 22:00:00+00:00,2988.4,21.36525536,0.99658652,0.99430093,0.00087903,1.15e-06,0.00248387
2025-04-28 23:00:00+00:00,2909.2675,21.56760196,0.99640357,0.99447165,0.00044025,0.0,0.0027346
2025-04-29 00:00:00+00:00,2880.2025,21.77043859,0.99583603,0.9937864,0.00044034,0.0,0.00309802
2025-04-29 01:00:00+00:00,2863.1125,21.02427284,0.99725235,0.99569579,0.00043825,0.0,0.0020313
2025-04-29 02:00:00+00:00,2924.6025,20.93972024,0.99754256,0.99587415,0.00043966,0.0,0.00228321
2025-04-29 03:00:00+00:00,2907.92,21.06695776,0.99823528,0.99658772,0.00042803,0.0,0.00176472
2025-04-29 04:00:00+00:00,3026.0625,21.27860684,0.99823348,0.99672576,0.0004089,0.0,0.00176652
2025-04-29 05:00:00+00:00,3240.925,21.59015689,0.99835993,0.99498208,0.00231253,0.0,0.00164007
2025-04-29 06:00:00+00:00,3288.2175,21.66331225,0.99871413,0.99510254,0.00240412,0.0,0.00128587
2025-04-29 07:00:00+00:00,3287.4575,21.77629058,0.9986493,0.99482273,0.00241561,0.0,0.0013507
2025-04-29 08:00:00+00:00,3284.265,21.94178037,0.99702908,0.99312462,0.00237733,0.0,0.00222803
2025-04-29 09:00:00+00:00,3239.2675,21.89801569,0.99837425,0.99451768,0.0024422,0.0,0.001283
2025-04-29 10:00:00+00:00,3184.175,22.07889689,0.99894365,0.99507992,0.00247323,0.0,0.00094501
2025-04-29 11:00:00+00:00,3132.9625,22.00547481,0.99915214,0.99541033,0.00252812,0.0,0.00084786
2025-04-29 12:00:00+00:00,3113.34,21.97251992,0.9991115,0.9954295,0.00247004,0.0,0.00086373
2025-04-29 13:00:00+00:00,3105.77,22.55103353,0.99893971,0.99656632,0.0011741,0.0,0.00099814
2025-04-29 14:00:00+00:00,3093.645,22.81015421,0.99762708,0.99379477,0.00245015,0.0,0.00182377
2025-04-29 15:00:00+00:00,3076.0175,22.79826666,0.99862888,0.99550956,0.00208693,0.0,0.00137112
2025-04-29 16:00:00+00:00,3066.5425,22.86646615,0.99825509,0.99489578,0.00214111,0.0,0.00174491
2025-04-29 17:00:00+00:00,3096.715,23.00495502,0.99840429,0.99494247,0.00222644,0.0,0.00159571
2025-04-29 18:00:00+00:00,3136.6625,23.45875249,0.99838225,0.99447026,0.00272727,0.0,0.00161775
2025-04-29 19:00:00+00:00,3186.9125,23.51293947,0.99868828,0.99461797,0.00289396,0.0,0.00131172
2025-04-29 20:00:00+00:00,3187.775,23.10709885,0.99858461,0.9946955,0.00284136,0.0,0.00141539
2025-04-29 21:00:00+00:00,3113.82,22.34283689,0.99851679,0.99488123,0.00269831,0.0,0.00148321
2025-04-29 22:00:00+00:00,3055.1875,22.96196431,0.99789162,0.99569629,0.00065686,7.659e-05,0.00207167
2025-04-29 23:00:00+00:00,3017.76,22.04411283,0.99797535,0.9962628,0.00030453,8.289e-05,0.00199024
2025-04-30 00:00:00+00:00,2996.0325,21.23702092,0.99810162,0.99663911,0.00029737,0.00010318,0.00185554
2025-04-30 01:00:00+00:00,2995.3725,21.05183118,0.99842609,0.99699613,0.00027724,0.00015365,0.00150701
2025-04-30 02:00:00+00:00,3020.695,21.00436096,0.99818784,0.99664379,0.00027818,0.0001507,0.00174641
2025-04-30 03:00:00+00:00,3035.97,21.16590564,0.99818535,0.99676737,0.00029733,8.348e-05,0.00177773
2025-04-30 04:00:00+00:00,3164.97,21.84234949,0.9980553,0.99659541,0.00029243,7.949e-05,0.00191126
2025-04-30 05:00:00+00:00,3281.83,21.73706723,0.99799786,0.99681259,0.0002825,7.187e-05,0.00197198
2025-04-30 06:00:00+00:00,3338.015,21.60734434,0.99750613,0.9962222,0.00026502,8.02e-05,0.00246108
2025-04-30 07:00:00+00:00,3289.3525,21.87240149,0.99771517,0.99619565,0.00028458,9.125e-05,0.00224744
2025-04-30 08:00:00+00:00,3347.5975,22.27192809,0.99721945,0.99497137,0.00059136,0.00010638,0.00223747
2025-04-30 09:00:00+00:00,3309.5475,22.10739571,0.99824832,0.99524694,0.0016929,8.179e-05,0.00167652
2025-04-30 10:00:00+00:00,3230.785,22.04907758,0.99806144,0.99387534,0.00277811,7.294e-05,0.00190932
2025-04-30 11:00:00+00:00,3209.5025,21.4194716,0.99800246,0.99542673,0.00252705,3.535e-05,0.00198324
2025-04-30 12:00:00+00:00,3133.9725,21.04072398,0.99808758,0.99558643,0.00250114,0.0,0.00191242
2025-04-30 13:00:00+00:00,3139.9875,21.24126511,0.9980754,0.99755257,0.00052283,0.0,0.0019246
2025-04-30 14:00:00+00:00,3176.9975,22.13869056,0.99650071,0.99606325,0.00043746,0.0,0.00235178
2025-04-30 15:00:00+00:00,3055.105,21.45240817,0.99823008,0.99543579,0.0027943,0.0,0.00176992
2025-04-30 16:00:00+00:00,3019.61,22.17835658,0.99786695,0.99489026,0.00297669,0.0,0.00213305
2025-04-30 17:00:00+00:00,3056.2675,22.45856107,0.99736464,0.99539803,0.00196661,0.0,0.00263536
2025-04-30 18:00:00+00:00,3089.98,22.74454136,0.99729688,0.99676654,0.00053035,0.0,0.00270312
2025-04-30 19:00:00+00:00,3070.71,22.99995538,0.99714438,0.99659231,0.00055207,0.0,0.00285562
2025-04-30 20:00:00+00:00,3022.035,23.20057336,0.99740358,0.99428571,0.00311788,0.0,0.00259642
2025-04-30 21:00:00+00:00,2969.3225,23.23566426,0.99719758,0.99643847,0.00075911,0.0,0.00280242
2025-04-30 22:00:00+00:00,2880.59,23.35725728,0.99808075,0.99545101,0.00262974,0.0,0.00191925
2025-04-30 23:00:00+00:00,2782.11,23.20534899,0.99806601,0.99527101,0.002795,0.0,0.00193399
2025-05-01 00:00:00+00:00,2731.6525,22.95181273,0.99823351,0.99549149,0.00274202,0.0,0.00176649
2025-05-01 01:00:00+00:00,2706.345,22.47378214,0.9986708,0.99591859,0.00275221,0.0,0.0013292
2025-05-01 02:00:00+00:00,2700.6275,21.93228459,0.9989216,0.99622124,0.00270037,0.0,0.0010784
2025-05-01 03:00:00+00:00,2716.0525,21.78957709,0.99796843,0.99748159,0.00048684,0.0,0.00203157
2025-05-01 04:00:00+00:00,2752.6,21.77064838,0.99670444,0.99629414,0.0004103,0.0,0.00329556
2025-05-01 05:00:00+00:00,2832.255,22.8617963,0.99627744,0.99562131,0.00040632,0.0,0.00372256
2025-05-01 06:00:00+00:00,2941.5325,23.29940164,0.99578475,0.99445926,0.00037319,0.0,0.00373442
2025-05-01 07:00:00+00:00,3015.97,22.91008993,0.99474331,0.9944079,0.00033526,0.0,0.00373621
2025-05-01 08:00:00+00:00,3029.7075,22.42956973,0.99673057,0.99415932,0.00257124,0.0,0.00326943
2025-05-01 09:00:00+00:00,2982.4075,22.06033255,0.99855455,0.99596373,0.00259082,0.0,0.00144545
2025-05-01 10:00:00+00:00,2950.51,22.2220487,0.99844646,0.99584,0.00260645,0.0,0.00155354
2025-05-01 11:00:00+00:00,2945.99,22.23547868,0.99837578,0.99630418,0.0020716,0.0,0.00162422
2025-05-01 12:00:00+00:00,2931.8925,22.53924308,0.99806119,0.99529667,0.00276453,0.0,0.00193881
2025-05-01 13:00:00+00:00,2930.165,22.70019645,0.99745594,0.9949157,0.00254024,0.0,0.00254406
2025-05-01 14:00:00+00:00,2940.1675,22.73870425,0.99527875,0.9944875,0.00079125,0.0,0.00304247
2025-05-01 15:00:00+00:00,2953.2225,22.49425261,0.99458696,0.99387527,0.00071145,0.0,0.00329418
2025-05-01 16:00:00+00:00,2927.47,22.81905313,0.99677,0.99598231,0.00078769,0.0,0.00305151
2025-05-01 17:00:00+00:00,2925.655,22.86032262,0.99705061,0.99626711,0.0007835,0.0,0.00294939
2025-05-01 18:00:00+00:00,2913.4775,22.45033174,0.99672375,0.99390616,0.00281759,0.0,0.00312405
2025-05-01 19:00:00+00:00,2968.345,21.62271883,0.99501556,0.99456712,0.00044844,0.0,0.00363584
2025-05-01 20:00:00+00:00,2960.2875,20.95151654,0.99367096,0.99325998,0.00040608,0.0,0.00364997
2025-05-01 21:00:00+00:00,2908.955,21.13737471,0.99445583,0.99116069,0.00281531,0.00045559,0.00313735
2025-05-01 22:00:00+00:00,2870.4225,21.40523723,0.99352788,0.99172781,0.00097699,0.00078199,0.00390016
2025-05-01 23:00:00+00:00,2809.625,21.14538482,0.9932087,0.99200946,0.00093863,0.00024782,0.00394614
2025-05-02 00:00:00+00:00,2761.7,21.23211033,0.99375327,0.9924841,0.00094063,0.00031233,0.00340009
2025-05-02 01:00:00+00:00,2755.5475,21.18263414,0.99331108,0.99258988,0.00072086,0.0,0.00352889
2025-05-02 02:00:00+00:00,2797.6875,21.4582008,0.99331442,0.99232579,0.00098863,0.0,0.0032924
2025-05-02 03:00:00+00:00,2843.11,21.39742062,0.9938782,0.99292149,0.00095607,0.0,0.00328058
2025-05-02 04:00:00+00:00,2981.91,21.9622572,0.99427391,0.99270991,0.00097517,0.00055722,0.00337285
2025-05-02 05:00:00+00:00,3134.2525,22.68235114,0.99583896,0.9928773,0.00249111,0.00044516,0.00333961
2025-05-02 06:00:00+00:00,3223.0975,22.15158073,0.99637773,0.99518237,0.00097242,0.00021158,0.00310114
2025-05-02 07:00:00+00:00,3299.785,22.17246105,0.99453498,0.99258657,0.00138248,0.00053684,0.00339681
2025-05-02 08:00:00+00:00,3246.6475,22.59100029,0.99366113,0.99074149,0.00207294,0.00080411,0.0046135
2025-05-02 09:00:00+00:00,3221.895,22.34840374,0.99307408,0.99041446,0.00217983,0.00045557,0.00605621
2025-05-02 10:00:00+00:00,3187.5125,20.95499634,0.99495605,0.99277555,0.00210633,7.001e-05,0.00501375
2025-05-02 11:00:00+00:00,3170.5125,20.74847078,0.99539974,0.99327186,0.00206623,5.812e-05,0.00457282
2025-05-02 12:00:00+00:00,3192.2725,20.90636614,0.99534841,0.99322482,0.00210896,1.39e-05,0.00464496
2025-05-02 13:00:00+00:00,3202.915,21.908029,0.9953162,0.99288551,0.00217565,0.00024219,0.00385266
2025-05-02 14:00:00+00:00,3240.3225,21.95726072,0.99578127,0.99342806,0.00215559,0.00018801,0.00284438
2025-05-02 15:00:00+00:00,3236.36,22.04057757,0.99536895,0.99265479,0.00207801,0.0006052,0.00303019
2025-05-02 16:00:00+00:00,3247.52,22.0319264,0.99584696,0.9949724,0.00041246,0.00043964,0.00289763
2025-05-02 17:00:00+00:00,3255.665,22.15084485,0.99595436,0.99472337,0.00083089,0.00038051,0.00310843
2025-05-02 18:00:00+00:00,3230.62,22.38102568,0.99599286,0.99360812,0.00199145,0.00037429,0.00295138
2025-05-02 19:00:00+00:00,3203.2425,22.37238366,0.99595949,0.9935013,0.00227822,0.00017124,0.00307165
2025-05-02 20:00:00+00:00,3224.42,22.18843376,0.99563463,0.99320891,0.00216658,0.00024682,0.00306984
2025-05-02 21:00:00+00:00,3170.905,21.94978868,0.99602943,0.99368603,0.00217585,0.00015966,0.00291405
2025-05-02 22:00:00+00:00,3099.145,21.38670611,0.99754685,0.99646906,0.00104207,3.401e-05,0.00234872
2025-05-02 23:00:00+00:00,3024.5725,22.31797351,0.9966305,0.99574975,0.00083755,4.114e-05,0.00313217
2025-05-03 00:00:00+00:00,2993.9625,22.37862204,0.99668427,0.99574477,0.00083021,0.00010418,0.0030249
2025-05-03 01:00:00+00:00,2978.7425,22.53646306,0.99605717,0.99487191,0.00083874,0.00032969,0.00328488
2025-05-03 02:00:00+00:00,2956.01,22.81194379,0.99565529,0.99433024,0.00087402,0.00042963,0.00347493
2025-05-03 03:00:00+00:00,3000.1975,22.44141248,0.9976931,0.99679586,0.00087858,1.775e-05,0.00229953
2025-05-03 04:00:00+00:00,3019.6425,22.70713376,0.99753022,0.99655645,0.00087931,8.941e-05,0.00236205
2025-05-03 05:00:00+00:00,3082.775,23.72378653,0.99707941,0.99250329,0.00246961,0.00023752,0.0023575
2025-05-03 06:00:00+00:00,3137.2775,23.52882388,0.99737555,0.99256727,0.00249277,0.00031047,0.00191034
2025-05-03 07:00:00+00:00,3169.7575,23.35793256,0.99556159,0.99043682,0.00233702,0.0008721,0.0020951
2025-05-03 08:00:00+00:00,3145.61,23.36143887,0.99582083,0.99073853,0.00238963,0.00078074,0.00216656
2025-05-03 09:00:00+00:00,3079.695,23.09918673,0.99618462,0.99138355,0.00240126,0.00057393,0.00230437
2025-05-03 10:00:00+00:00,3055.185,22.40638777,0.99778924,0.99365104,0.00243372,0.00013834,0.00188285
2025-05-03 11:00:00+00:00,3015.1575,21.72196161,0.99821785,0.99446809,0.00234858,0.0,0.00178215
2025-05-03 12:00:00+00:00,3022.0475,21.77654254,0.99812137,0.99430511,0.00239293,0.0,0.00174181
2025-05-03 13:00:00+00:00,3012.8275,22.91845975,0.9969308,0.99308975,0.00209471,9.23e-06,0.00192683
2025-05-03 14:00:00+00:00,3015.18,23.07600437,0.99689748,0.99285773,0.00235103,0.0,0.00219055
2025-05-03 15:00:00+00:00,3022.7125,22.73938164,0.99680274,0.99278576,0.00229937,0.0,0.00238854
2025-05-03 16:00:00+00:00,3015.2225,22.46113688,0.99765025,0.99539331,0.00071018,0.0,0.00234975
2025-05-03 17:00:00+00:00,3016.235,21.64261571,0.99889217,0.99592559,0.00223716,0.0,0.00110783
2025-05-03 18:00:00+00:00,3022.505,21.83973057,0.99841037,0.99501191,0.00238769,0.0,0.00158963
2025-05-03 19:00:00+00:00,3011.1475,21.76736209,0.99797357,0.99422632,0.0024193,0.0,0.00202643
2025-05-03 20:00:00+00:00,3003.01,22.8212662,0.99737695,0.9931402,0.00252992,0.0,0.00262305
2025-05-03 21:00:00+00:00,2976.7575,22.85922492,0.99721261,0.99291237,0.00252004,0.0,0.00278739
2025-05-03 22:00:00+00:00,2952.08,22.11793962,0.9966043,0.99246381,0.00220091,0.00013533,0.00296076
2025-05-03 23:00:00+00:00,2924.2325,21.5165361,0.99603993,0.99352896,0.00026977,0.00046069,0.0027275
2025-05-04 00:00:00+00:00,2894.505,21.45550308,0.99566962,0.99291076,0.0002879,0.00066064,0.00282912
2025-05-04 01:00:00+00:00,2929.745,21.72068538,0.995333,0.99237677,0.00026899,0.00079916,0.00304036
2025-05-04 02:00:00+00:00,2942.9275,22.08211337,0.99528475,0.99232328,0.00029289,0.00082972,0.00291932
2025-05-04 03:00:00+00:00,2915.3675,22.23246629,0.99536832,0.9926124,0.00029076,0.00059917,0.00299557
2025-05-04 04:00:00+00:00,2995.72,22.21767318,0.99511045,0.99226167,0.00027671,0.00075333,0.00279612
2025-05-04 05:00:00+00:00,2979.95,22.18742105,0.9949724,0.99266381,0.00027653,0.00028649,0.00279087
2025-05-04 06:00:00+00:00,2983.255,22.50938115,0.99463328,0.99233787,0.00029182,0.0001086,0.00328885
2025-05-04 07:00:00+00:00,2975.77,22.58574034,0.99378061,0.99137978,0.00030923,0.0,0.00361245
2025-05-04 08:00:00+00:00,3002.9825,22.77762397,0.9938257,0.99145628,0.00033587,0.0,0.00338853
2025-05-04 09:00:00+00:00,3013.1975,22.86569992,0.99424839,0.98967203,0.00195004,0.00050898,0.00343222
2025-05-04 10:00:00+00:00,3009.3375,22.7985603,0.99452878,0.98930676,0.00237968,0.00080917,0.00344282
2025-05-04 11:00:00+00:00,2978.0575,22.85422096,0.99596145,0.99127057,0.00241842,0.00043355,0.00300074
2025-05-04 12:00:00+00:00,2994.6475,22.10733432,0.99728385,0.99347508,0.0023092,1.409e-05,0.00246751
2025-05-04 13:00:00+00:00,3036.1875,22.41176532,0.99597296,0.99200556,0.00231484,0.0,0.00274114
2025-05-04 14:00:00+00:00,3018.345,22.37507484,0.99587777,0.99180783,0.00224252,9.723e-05,0.00282257
2025-05-04 15:00:00+00:00,3037.8175,22.38412679,0.99664043,0.9927148,0.00230006,0.0,0.00266779
2025-05-04 16:00:00+00:00,3021.1325,22.6819913,0.99709131,0.99300128,0.00233558,0.0,0.00290869
2025-05-04 17:00:00+00:00,3023.5975,22.86251382,0.99724337,0.99299465,0.00250064,0.0,0.00275663
2025-05-04 18:00:00+00:00,3082.075,22.94776834,0.99706776,0.99275765,0.00255581,0.0,0.00293224
2025-05-04 19:00:00+00:00,3127.7775,23.49952587,0.9961018,0.99135694,0.00249368,0.0,0.00386115
2025-05-04 20:00:00+00:00,3192.735,23.00038924,0.99618875,0.99224203,0.00179004,0.0,0.00351551
2025-05-04 21:00:00+00:00,3153.615,22.22543979,0.9959617,0.9929882,0.00079422,0.0,0.00361766
2025-05-04 22:00:00+00:00,3114.1125,22.48796765,0.99693216,0.99121283,0.00377488,5.05e-06,0.00306586
2025-05-04 23:00:00+00:00,3063.6575,21.0872204,0.99741375,0.9906265,0.00515267,2.622e-05,0.00257605
2025-05-05 00:00:00+00:00,3026.275,22.01486021,0.99697205,0.98992965,0.0052339,0.0,0.00302795
2025-05-05 01:00:00+00:00,3029.0025,22.1176387,0.99698253,0.98971521,0.00549085,0.0,0.00301747
2025-05-05 02:00:00+00:00,3060.33,20.87661267,0.99771803,0.99117411,0.00515223,0.0,0.00228197
2025-05-05 03:00:00+00:00,3102.99,19.60311726,0.99868077,0.99225011,0.00558335,1.43e-06,0.00131866
2025-05-05 04:00:00+00:00,3262.6075,19.67519437,0.99879812,0.99145897,0.00658136,1.363e-05,0.00119628
2025-05-05 05:00:00+00:00,3452.535,19.65282345,0.99868608,0.99467669,0.00320785,2.191e-05,0.00130447
2025-05-05 06:00:00+00:00,3504.3225,19.80424517,0.99797511,0.99552389,0.00124612,3.349e-05,0.00201027
2025-05-05 07:00:00+00:00,3517.3675,20.25003173,0.99790566,0.99588464,0.00072223,3.877e-05,0.00206881
2025-05-05 08:00:00+00:00,3502.6425,20.28270825,0.99789684,0.99589154,0.000689,4.796e-05,0.00208284
2025-05-05 09:00:00+00:00,3433.4875,20.06617381,0.99808695,0.99439362,0.00254085,3.049e-05,0.00189998
2025-05-05 10:00:00+00:00,3428.0575,20.15607391,0.99842526,0.99539101,0.00198151,2.88e-06,0.00157346
2025-05-05 11:00:00+00:00,3460.16,20.04535234,0.99810214,0.99493031,0.00201006,3.548e-05,0.00188227
2025-05-05 12:00:00+00:00,3465.9725,20.11399218,0.99827283,0.99481471,0.00241991,1.72e-05,0.00171967
2025-05-05 13:00:00+00:00,3430.9025,19.93280229,0.99829213,0.99476854,0.00247339,1.058e-05,0.00170304
2025-05-05 14:00:00+00:00,3390.685,19.92348165,0.99818662,0.99681278,0.00026823,0.0,0.00181338
2025-05-05 15:00:00+00:00,3321.1,19.85554201,0.99822521,0.997208,0.0,0.0,0.00177479
2025-05-05 16:00:00+00:00,3305.9125,20.01387722,0.99808809,0.99697072,0.0,0.0,0.00191191
2025-05-05 17:00:00+00:00,3294.6025,21.90272202,0.99734261,0.99558073,0.00021189,0.0,0.00259671
2025-05-05 18:00:00+00:00,3322.47,22.26217905,0.9972233,0.99511391,0.00047727,0.0,0.00269711
2025-05-05 19:00:00+00:00,3345.9,22.27926147,0.99710919,0.99233922,0.00308874,0.0,0.00285345
2025-05-05 20:00:00+00:00,3310.2275,21.07768257,0.9976221,0.99610829,0.00012962,0.0,0.0023779
2025-05-05 21:00:00+00:00,3238.2325,20.4235221,0.997972,0.99663363,3.32e-05,0.0,0.002028
2025-05-05 22:00:00+00:00,3153.69,21.60070852,0.99705163,0.99225334,0.003147,0.0,0.00274395
2025-05-05 23:00:00+00:00,3070.02,22.04323878,0.99691173,0.9920541,0.00314934,0.0,0.00280779
2025-05-06 00:00:00+00:00,3034.8925,22.59333987,0.99644159,0.9915897,0.00298982,0.0,0.00303082
2025-05-06 01:00:00+00:00,3024.5025,22.32124107,0.99647803,0.99170083,0.0029506,0.0,0.00294912
2025-05-06 02:00:00+00:00,3045.3125,22.7819728,0.99636501,0.99146654,0.00301999,0.0,0.00310123
2025-05-06 03:00:00+00:00,3049.3625,23.16070492,0.99640573,0.98989431,0.00452764,0.0,0.00325289
2025-05-06 04:00:00+00:00,3215.3675,23.34406227,0.99668376,0.98720525,0.00756626,0.0,0.00309247
2025-05-06 05:00:00+00:00,3396.075,23.49416653,0.99735569,0.98517027,0.01061388,0.0,0.00264431
2025-05-06 06:00:00+00:00,3442.5,23.72750629,0.99659947,0.98671239,0.0081645,0.0,0.00301617
2025-05-06 07:00:00+00:00,3415.6425,23.62685423,0.99707175,0.98261554,0.01280044,0.0,0.00280674
2025-05-06 08:00:00+00:00,3406.655,23.80881016,0.99718597,0.98266969,0.01278561,0.0,0.00256888
2025-05-06 09:00:00+00:00,3339.2025,23.59007223,0.99722086,0.98267589,0.01281973,0.0,0.00267321
2025-05-06 10:00:00+00:00,3310.12,23.81664881,0.99696472,0.98713548,0.00804078,0.0,0.00286978
2025-05-06 11:00:00+00:00,3290.6975,23.49131509,0.99663846,0.98699184,0.00791874,0.0,0.00289887
2025-05-06 12:00:00+00:00,3325.7175,23.67027411,0.99670507,0.98681354,0.00811857,2.36e-06,0.00317602
2025-05-06 13:00:00+00:00,3327.8825,23.58505908,0.99696094,0.98259551,0.01266854,0.0,0.00303906
2025-05-06 14:00:00+00:00,3342.415,23.59942955,0.99691404,0.98273767,0.01243607,0.0,0.00308596
2025-05-06 15:00:00+00:00,3293.77,23.6919241,0.99699081,0.98274507,0.01251789,0.0,0.00300919
2025-05-06 16:00:00+00:00,3274.92,23.89688338,0.99699256,0.98170256,0.01351938,0.0,0.00299828
2025-05-06 17:00:00+00:00,3284.9175,24.20621984,0.9970431,0.98169159,0.01361462,0.0,0.00294253
2025-05-06 18:00:00+00:00,3309.0775,24.31461477,0.99726484,0.98248958,0.01306573,0.0,0.00272622
2025-05-06 19:00:00+00:00,3300.2125,24.37786164,0.99741238,0.9826986,0.01305591,0.0,0.00258762
2025-05-06 20:00:00+00:00,3307.715,24.53545991,0.99678296,0.98213335,0.01283702,0.0,0.00321704
2025-05-06 21:00:00+00:00,3243.725,24.60010593,0.99677602,0.98192913,0.0130717,0.0,0.00322398
2025-05-06 22:00:00+00:00,3173.6075,24.66202487,0.996538,0.98186776,0.01279754,0.0,0.003462
2025-05-06 23:00:00+00:00,3114.8075,24.66795324,0.99647701,0.98179289,0.01277532,0.0,0.00352299
2025-05-07 00:00:00+00:00,3086.8475,24.67703239,0.99635073,0.98153991,0.01286104,0.0,0.00364927
2025-05-07 01:00:00+00:00,3053.7875,24.66219104,0.99633033,0.98150355,0.0128465,0.0,0.00366967
2025-05-07 02:00:00+00:00,3058.935,24.66397662,0.99626863,0.98142155,0.01284319,0.0,0.00373137
2025-05-07 03:00:00+00:00,3078.1125,24.6668963,0.99641425,0.98159471,0.01283858,0.0,0.00358575
2025-05-07 04:00:00+00:00,3190.2125,24.66739281,0.99657651,0.98165591,0.01299062,0.0,0.00342349
2025-05-07 05:00:00+00:00,3314.415,24.69196435,0.99694117,0.98220492,0.01272227,0.0,0.00305883
2025-05-07 06:00:00+00:00,3355.1025,24.69259269,0.99650776,0.98090617,0.01352524,0.0,0.00312766
2025-05-07 07:00:00+00:00,3290.705,24.7018315,0.99561084,0.98024534,0.01330631,0.0,0.0039871
2025-05-07 08:00:00+00:00,3258.09,24.67544374,0.9963696,0.98077797,0.01353296,0.0,0.00334379
2025-05-07 09:00:00+00:00,3215.5525,24.51814104,0.99648588,0.98115457,0.01333886,0.0,0.00252136
2025-05-07 10:00:00+00:00,3177.2975,24.47668623,0.99674514,0.98169082,0.01313866,0.0,0.00241047
2025-05-07 11:00:00+00:00,3143.94,24.46507134,0.99527261,0.97991423,0.01347848,0.0,0.00439159
2025-05-07 12:00:00+00:00,3144.365,24.36316307,0.99684901,0.98186372,0.01318597,0.0,0.00268165
2025-05-07 13:00:00+00:00,3159.685,24.46315359,0.99772305,0.9827869,0.0130587,0.0,0.00219868
2025-05-07 14:00:00+00:00,3166.775,24.47434241,0.9980375,0.98308734,0.01312488,0.0,0.0019625
2025-05-07 15:00:00+00:00,3147.045,24.42775222,0.99798086,0.98306864,0.01313022,0.0,0.00201914
2025-05-07 16:00:00+00:00,3177.5425,24.45026883,0.99788951,0.98299654,0.01311624,0.0,0.00211049
2025-05-07 17:00:00+00:00,3189.445,24.44888009,0.99788795,0.98329604,0.01280239,0.0,0.00211205
2025-05-07 18:00:00+00:00,3215.385,24.32769144,0.99789167,0.98335526,0.01275005,0.0,0.00210833
2025-05-07 19:00:00+00:00,3221.4825,24.13622066,0.99795992,0.98311121,0.01308615,0.0,0.00204008
2025-05-07 20:00:00+00:00,3192.375,23.90879843,0.99778034,0.98283997,0.0131554,0.0,0.00221966
2025-05-07 21:00:00+00:00,3124.88,23.93366701,0.99779757,0.9827094,0.01323902,0.0,0.00220243
2025-05-07 22:00:00+00:00,3021.225,23.90025327,0.99731843,0.98401684,0.01118216,0.0,0.0026741
2025-05-07 23:00:00+00:00,2949.6025,23.80013974,0.99743576,0.98599521,0.00937628,0.0,0.00256424
2025-05-08 00:00:00+00:00,2897.8525,23.63807685,0.99748578,0.98596232,0.00950438,0.0,0.00250288
2025-05-08 01:00:00+00:00,2896.445,23.51619197,0.99761015,0.98580624,0.00985397,0.0,0.00234063
2025-05-08 02:00:00+00:00,2925.625,23.38121336,0.99756438,0.98778335,0.00781394,0.0,0.00239534
2025-05-08 03:00:00+00:00,2927.42,23.24244257,0.99763187,0.9833219,0.01249403,0.0,0.00233004
2025-05-08 04:00:00+00:00,3025.445,23.1337645,0.99771381,0.983852,0.0119973,1.741e-05,0.00226084
2025-05-08 05:00:00+00:00,3239.67,23.13811571,0.9976891,0.98324399,0.01250629,0.00011821,0.00227088
2025-05-08 06:00:00+00:00,3295.68,23.18498531,0.99780182,0.98345167,0.01239194,0.00019712,0.00213383
2025-05-08 07:00:00+00:00,3280.745,23.29782281,0.99786851,0.98354574,0.01234605,0.00022454,0.0020634
2025-05-08 08:00:00+00:00,3327.1175,23.51334495,0.9975927,0.98320591,0.01214523,0.00026129,0.00232779
2025-05-08 09:00:00+00:00,3308.6875,23.44429,0.99774832,0.98318427,0.01235502,0.00025501,0.00217255
2025-05-08 10:00:00+00:00,3298.5875,23.50010283,0.99767531,0.98610222,0.00940047,0.00025097,0.00224511
2025-05-08 11:00:00+00:00,3296.3375,23.56210375,0.99739586,0.9847723,0.01034636,0.00025224,0.00252311
2025-05-08 12:00:00+00:00,3299.9125,23.40937193,0.99714891,0.98311068,0.01175086,0.00027113,0.00276582
2025-05-08 13:00:00+00:00,3330.605,23.35557806,0.99759828,0.98352275,0.01194477,0.0002557,0.00232301
2025-05-08 14:00:00+00:00,3326.3075,23.47870854,0.9974838,0.98370204,0.01167204,0.000256,0.00244022
2025-05-08 15:00:00+00:00,3272.34,23.53721194,0.99742867,0.98361527,0.01162787,0.00025285,0.00247289
2025-05-08 16:00:00+00:00,3266.1875,23.73382377,0.99748894,0.98409299,0.01119743,0.00025196,0.00238432
2025-05-08 17:00:00+00:00,3258.5025,23.96033524,0.99729537,0.98419745,0.01073476,0.00027946,0.00253003
2025-05-08 18:00:00+00:00,3269.9175,23.86895153,0.99691896,0.98431177,0.01013668,0.00029816,0.00297774
2025-05-08 19:00:00+00:00,3259.915,23.88808212,0.99733529,0.98478024,0.01024353,0.0002826,0.00256882
2025-05-08 20:00:00+00:00,3202.6275,23.68106924,0.99715972,0.98438095,0.01041126,0.00028975,0.00270491
2025-05-08 21:00:00+00:00,3139.4575,23.82516495,0.99709301,0.98373164,0.01100483,0.00026953,0.00270751
2025-05-08 22:00:00+00:00,3049.265,23.79754268,0.99729546,0.98278418,0.01235103,0.00024535,0.00258107
2025-05-08 23:00:00+00:00,2977.1275,23.88674025,0.99710189,0.9888541,0.00595786,0.00025362,0.00281059
2025-05-09 00:00:00+00:00,2927.83,23.95760115,0.9963021,0.99286919,0.0009618,0.00026462,0.00356565
2025-05-09 01:00:00+00:00,2901.8725,24.15521113,0.99588384,0.99231632,0.00105483,0.0002634,0.00394161
2025-05-09 02:00:00+00:00,2896.3875,24.21870968,0.99585247,0.99227824,0.00103025,0.00026975,0.00397591
2025-05-09 03:00:00+00:00,2925.485,24.10069983,0.99640819,0.99301311,0.00107572,0.00024376,0.00343869
2025-05-09 04:00:00+00:00,3049.675,24.06390014,0.99696908,0.9831417,0.01195357,0.00020681,0.00295222
2025-05-09 05:00:00+00:00,3242.4175,24.09275938,0.99739345,0.98407104,0.01140114,0.00022121,0.00252213
2025-05-09 06:00:00+00:00,3306.77,24.11373053,0.99745597,0.98411378,0.01147285,0.00021202,0.00246495
2025-05-09 07:00:00+00:00,3305.985,24.16803208,0.99717338,0.98416878,0.01098028,0.00020411,0.00275518
2025-05-09 08:00:00+00:00,3280.125,24.20179778,0.99701678,0.98413012,0.01076724,0.00020279,0.00291335
2025-05-09 09:00:00+00:00,3257.7425,24.17255448,0.99777077,0.98589039,0.00989822,0.00015304,0.00217425
2025-05-09 10:00:00+00:00,3215.62,24.12598887,0.99681089,0.98452988,0.01031957,0.00014335,0.00313559
2025-05-09 11:00:00+00:00,3201.5825,24.18123154,0.99727483,0.9857727,0.00954708,0.00015364,0.0026686
2025-05-09 12:00:00+00:00,3171.6975,24.09646502,0.99759722,0.98617983,0.00946161,0.00015913,0.00234276
2025-05-09 13:00:00+00:00,3156.8275,23.97530572,0.99702578,0.98595162,0.00922426,0.00014275,0.00292114
2025-05-09 14:00:00+00:00,3147.5725,24.01123316,0.99701558,0.98609198,0.00906345,0.00015384,0.00292828
2025-05-09 15:00:00+00:00,3105.6625,23.98817839,0.99684325,0.98619646,0.00866995,0.0001745,0.00309052
2025-05-09 16:00:00+00:00,3091.985,23.99263253,0.99704141,0.98663282,0.00853148,0.00016585,0.00289605
2025-05-09 17:00:00+00:00,3080.9875,24.05624657,0.99673991,0.98599381,0.00879927,0.00015894,0.00319894
2025-05-09 18:00:00+00:00,3072.3525,24.04319686,0.9969283,0.98743952,0.00753782,0.00017719,0.00300187
2025-05-09 19:00:00+00:00,3060.2175,24.06801134,0.99685461,0.99219343,0.00268996,0.00015374,0.0030825
2025-05-09 20:00:00+00:00,3036.075,24.2331426,0.99644482,0.99142173,0.00280175,0.00019257,0.00347739
2025-05-09 21:00:00+00:00,2980.0025,24.16832967,0.9965317,0.99157024,0.00279383,0.00019938,0.00339004
2025-05-09 22:00:00+00:00,2940.15,24.04671328,0.99701705,0.99238299,0.00280338,0.00017083,0.00291482
2025-05-09 23:00:00+00:00,2903.4425,24.27483885,0.99631099,0.99102798,0.00310404,0.00019083,0.00360979
2025-05-10 00:00:00+00:00,2873.195,23.94636883,0.99651877,0.99136254,0.00307981,0.00017691,0.0034084
2025-05-10 01:00:00+00:00,2873.56,24.02377316,0.99633016,0.99103796,0.00312025,0.00019094,0.00359044
2025-05-10 02:00:00+00:00,2837.5775,23.94369282,0.99650419,0.99112419,0.00320976,0.00018983,0.00341744
2025-05-10 03:00:00+00:00,2825.3775,23.93138621,0.9965513,0.99126266,0.00322478,0.00015115,0.0033875
2025-05-10 04:00:00+00:00,2873.53,23.88454269,0.99673462,0.99192678,0.00292285,0.00013116,0.00321283
2025-05-10 05:00:00+00:00,2943.3375,23.77617391,0.99676046,0.99218225,0.00276474,0.00011684,0.00319306
2025-05-10 06:00:00+00:00,3009.2875,23.61591992,0.99716519,0.99275997,0.00263037,0.00010356,0.00279652
2025-05-10 07:00:00+00:00,3061.9875,23.74288476,0.99618619,0.99177823,0.00263485,0.00010637,0.00318108
2025-05-10 08:00:00+00:00,3071.84,23.97964973,0.99669913,0.9923721,0.00256585,0.00011668,0.00301868
2025-05-10 09:00:00+00:00,3018.98,24.06748845,0.99691861,0.99255186,0.00263643,0.00011682,0.003038
2025-05-10 10:00:00+00:00,2978.82,24.18499309,0.99688233,0.99248509,0.00263586,0.00011004,0.00307407
2025-05-10 11:00:00+00:00,2931.7075,24.22720045,0.99679275,0.9924323,0.00260946,0.00011032,0.00316354
2025-05-10 12:00:00+00:00,2882.4375,24.29730456,0.99644785,0.99163864,0.00282587,0.00014126,0.00342518
2025-05-10 13:00:00+00:00,2883.7075,24.14812401,0.9964596,0.99186864,0.00269002,7.882e-05,0.00351068
2025-05-10 14:00:00+00:00,2873.915,24.04452978,0.99589551,0.99111637,0.00269515,0.00010253,0.00369989
2025-05-10 15:00:00+00:00,2871.9675,23.98960754,0.99575806,0.99081125,0.00275367,0.0001513,0.00390414
2025-05-10 16:00:00+00:00,2845.255,23.88070467,0.99603654,0.99248046,0.00141823,7.42e-05,0.00393463
2025-05-10 17:00:00+00:00,2849.3225,24.03828482,0.99595762,0.99276783,0.00098708,6.837e-05,0.00397171
2025-05-10 18:00:00+00:00,2794.155,23.9183392,0.99594276,0.99286781,0.00095621,5.377e-05,0.00401494
2025-05-10 19:00:00+00:00,2823.7225,23.79318774,0.9961262,0.99305779,0.00095217,4.407e-05,0.00385573
2025-05-10 20:00:00+00:00,2839.555,23.14051628,0.99656621,0.99234569,0.00227624,2.777e-05,0.00342197
2025-05-10 21:00:00+00:00,2817.61,23.39420725,0.99620822,0.99227116,0.0019497,9.88e-06,0.00378768
2025-05-10 22:00:00+00:00,2811.415,23.6235266,0.99565546,0.99289982,0.00049518,1.908e-05,0.00433671
2025-05-10 23:00:00+00:00,2772.465,23.33035374,0.9958665,0.99243426,0.00120603,0.0,0.0041335
2025-05-11 00:00:00+00:00,2730.315,23.25758083,0.99563805,0.99267414,0.00063402,0.0,0.00436195
2025-05-11 01:00:00+00:00,2729.0325,23.49175842,0.99581273,0.9921607,0.00151791,0.0,0.00418727
2025-05-11 02:00:00+00:00,2733.005,23.2731128,0.99626794,0.99158272,0.00263598,0.0,0.00373206
2025-05-11 03:00:00+00:00,2716.145,23.39146008,0.99668655,0.99213897,0.00264162,0.0,0.00331345
2025-05-11 04:00:00+00:00,2674.585,23.51306157,0.99682606,0.99222595,0.0028075,0.0,0.00317394
2025-05-11 05:00:00+00:00,2623.1,23.67903385,0.99592299,0.99310235,0.00076238,0.0,0.00383486
2025-05-11 06:00:00+00:00,2669.315,23.71817997,0.99552297,0.99304025,0.00043742,0.0,0.00393744
2025-05-11 07:00:00+00:00,2714.115,23.6541121,0.99617941,0.99375955,0.00043128,2.704e-05,0.00373522
2025-05-11 08:00:00+00:00,2711.3725,23.47205471,0.9970633,0.99259687,0.00285533,8.3e-07,0.00293469
2025-05-11 09:00:00+00:00,2679.92,23.38840766,0.99730693,0.9926412,0.00302838,0.0,0.00269307
2025-05-11 10:00:00+00:00,2654.745,23.26878972,0.99713611,0.99245468,0.00305449,0.0,0.00286389
2025-05-11 11:00:00+00:00,2638.295,23.17337961,0.99740068,0.99279126,0.0031195,0.0,0.00259932
2025-05-11 12:00:00+00:00,2637.305,23.22612818,0.99720159,0.99226537,0.00337473,1.47e-06,0.00278778
2025-05-11 13:00:00+00:00,2642.6,23.19295928,0.99679649,0.99355566,0.0013967,0.0,0.00320351
2025-05-11 14:00:00+00:00,2649.12,23.2606666,0.99674913,0.99188771,0.0029245,0.0,0.00325087
2025-05-11 15:00:00+00:00,2667.295,23.44029527,0.99591318,0.99364014,0.00029689,0.0,0.00360198
2025-05-11 16:00:00+00:00,2680.115,23.00076028,0.99722222,0.99266572,0.00303582,0.0,0.00277778
2025-05-11 17:00:00+00:00,2701.1925,22.61607368,0.99836736,0.99421587,0.00321438,0.0,0.00163264
2025-05-11 18:00:00+00:00,2734.76,22.98298911,0.99726339,0.99469198,0.00100675,0.0,0.00273661
2025-05-11 19:00:00+00:00,2748.8625,23.34693151,0.99685757,0.99406693,0.00097816,0.0,0.00314243
2025-05-11 20:00:00+00:00,2766.775,23.55041552,0.99677649,0.9937916,0.00095683,0.0,0.00322351
2025-05-11 21:00:00+00:00,2736.3725,23.55739931,0.99682157,0.99397221,0.00084999,0.0,0.00317843
2025-05-11 22:00:00+00:00,2652.915,23.02073312,0.99710701,0.99475543,0.00068737,0.0,0.00289098
2025-05-11 23:00:00+00:00,2595.235,22.90156358,0.99750687,0.99523753,0.00068639,0.0,0.0024895
2025-05-12 00:00:00+00:00,2570.03,23.13607284,0.99655715,0.99395125,0.00070376,0.0,0.00344039
2025-05-12 01:00:00+00:00,2578.99,22.79026742,0.99687689,0.99356062,0.00151485,0.0,0.00312311
2025-05-12 02:00:00+00:00,2591.865,22.85213968,0.99684768,0.99365853,0.00136809,0.0,0.00315232
2025-05-12 03:00:00+00:00,2599.555,22.27495987,0.99762289,0.99437509,0.00181552,0.0,0.00237711
2025-05-12 04:00:00+00:00,2715.175,22.33933813,0.99792126,0.99550823,0.00114786,1.878e-05,0.00204136
2025-05-12 05:00:00+00:00,2900.1575,22.37937491,0.99741213,0.99319308,0.00264659,0.0,0.00258787
2025-05-12 06:00:00+00:00,2993.27,22.67216448,0.99715862,0.99275935,0.00272804,0.0,0.00284138
2025-05-12 07:00:00+00:00,3018.2275,23.32405737,0.99616956,0.99188424,0.00206164,1.632e-05,0.00382389
2025-05-12 08:00:00+00:00,3038.7625,23.85259723,0.99414954,0.99147655,0.00052169,0.0,0.00376983
2025-05-12 09:00:00+00:00,2975.0375,24.11257543,0.99331337,0.99051826,0.0005433,0.0,0.00411075
2025-05-12 10:00:00+00:00,2962.9325,24.01357103,0.99406322,0.99133886,0.00055121,0.0,0.00367094
2025-05-12 11:00:00+00:00,2963.4875,24.03360395,0.99425728,0.99140457,0.00054562,0.0,0.00395587
2025-05-12 12:00:00+00:00,2973.655,24.14110848,0.99404717,0.99122649,0.00054054,0.0,0.00360446
2025-05-12 13:00:00+00:00,2976.2925,24.10757404,0.99339926,0.99054885,0.00054865,0.0,0.00413563
2025-05-12 14:00:00+00:00,2992.46,24.22953607,0.99425199,0.99135551,0.00053947,0.0,0.00423439
2025-05-12 15:00:00+00:00,2961.03,23.89736352,0.99587244,0.99299452,0.00054052,0.0,0.00412756
2025-05-12 16:00:00+00:00,2936.0825,23.83987909,0.99656493,0.98770648,0.00690947,0.0,0.00343507
2025-05-12 17:00:00+00:00,2923.04,23.74901714,0.99651546,0.99187269,0.00268326,0.0,0.00348454
2025-05-12 18:00:00+00:00,2942.4975,23.80646814,0.99582835,0.99319873,0.00045572,0.0,0.00417165
2025-05-12 19:00:00+00:00,2933.4425,23.68775908,0.9961629,0.99101976,0.00295672,0.0,0.0038371
2025-05-12 20:00:00+00:00,2917.08,23.99549833,0.99590477,0.99193704,0.00161632,0.00012582,0.00403665
2025-05-12 21:00:00+00:00,2850.305,23.66728119,0.99660803,0.99210458,0.00245946,0.0,0.00339197
2025-05-12 22:00:00+00:00,2756.175,24.15357776,0.99592276,0.99105285,0.00234311,2.445e-05,0.00406607
2025-05-12 23:00:00+00:00,2701.9925,24.21642347,0.99552277,0.99185474,0.00091992,0.00013798,0.00441292
2025-05-13 00:00:00+00:00,2665.47,24.12674933,0.99553355,0.99195525,0.00084228,0.00017834,0.00438155
2025-05-13 01:00:00+00:00,2657.5025,24.07122488,0.99539503,0.99154518,0.000893,0.00027956,0.00422278
2025-05-13 02:00:00+00:00,2644.9625,23.80376165,0.99491761,0.99106321,0.00090243,0.00035871,0.00432604
2025-05-13 03:00:00+00:00,2676.395,23.92923556,0.99602932,0.99260411,0.0008921,0.00020473,0.00387761
2025-05-13 04:00:00+00:00,2821.42,21.73924956,0.99884802,0.99527773,0.00277558,7.269e-05,0.00112103
2025-05-13 05:00:00+00:00,3007.6525,20.85533569,0.99917727,0.99628381,0.00234939,5.42e-05,0.0007997
2025-05-13 06:00:00+00:00,3030.84,23.54407929,0.99581969,0.993178,0.00033235,0.00019739,0.00345232
2025-05-13 07:00:00+00:00,3079.4725,22.84387899,0.99413918,0.99142935,0.00055694,0.00016404,0.00334505
2025-05-13 08:00:00+00:00,3101.74,22.57210079,0.99455953,0.99203628,0.00049644,0.00016475,0.00272154
2025-05-13 09:00:00+00:00,3062.285,22.16629354,0.99374694,0.99115457,0.00043127,0.00016984,0.00317892
2025-05-13 10:00:00+00:00,3042.4375,21.71888586,0.9927322,0.99001199,0.00055289,0.00014217,0.00342745
2025-05-13 11:00:00+00:00,3049.4,19.92737756,0.99810688,0.99689516,0.00042206,7.854e-05,0.00109481
2025-05-13 12:00:00+00:00,3055.4825,20.31636017,0.99880808,0.99724086,0.00089335,6.835e-05,0.00080729
2025-05-13 13:00:00+00:00,3077.6,20.38112398,0.99844261,0.99549133,0.0020963,8.328e-05,0.00106758
2025-05-13 14:00:00+00:00,3070.6575,21.32615009,0.99691489,0.99503817,0.00054687,5.98e-05,0.00173526
2025-05-13 15:00:00+00:00,3044.2,21.59513207,0.99683289,0.99475103,0.00052169,4.028e-05,0.00234955
2025-05-13 16:00:00+00:00,3054.0825,20.24540487,0.99895586,0.99604318,0.00225995,0.0,0.00104414
2025-05-13 17:00:00+00:00,3053.71,19.87348817,0.99999227,0.997135,0.00284316,0.0,0.0
2025-05-13 18:00:00+00:00,3074.729001,22.25844605,0.99666458,0.99295062,0.00209902,8.546e-05,0.00240082
2025-05-13 19:00:00+00:00,3076.695,21.94892668,0.99611923,0.991108,0.0031405,0.00015021,0.00245044
2025-05-13 20:00:00+00:00,3071.84,22.40730407,0.99569998,0.99272144,0.00055715,0.00019665,0.00306621
2025-05-13 21:00:00+00:00,3016.0575,22.81371133,0.99656181,0.99109542,0.00313542,0.00018675,0.00301701
2025-05-13 22:00:00+00:00,2940.635,20.83831997,0.99854833,0.99047578,0.00700022,0.00010095,0.00141047
2025-05-13 23:00:00+00:00,2869.935,20.82671424,0.99854784,0.98980999,0.00765443,0.00010017,0.00141094
2025-05-14 00:00:00+00:00,2830.2975,20.98254091,0.998374,0.98919537,0.00793369,0.00014564,0.00155382
2025-05-14 01:00:00+00:00,2815.82,22.92584124,0.99597737,0.98729378,0.00604476,0.00035042,0.00329032
2025-05-14 02:00:00+00:00,2838.42,23.02142077,0.99641427,0.98636172,0.00770817,0.00024734,0.00305688
2025-05-14 03:00:00+00:00,2808.23,22.9382015,0.99607957,0.98610854,0.0077276,0.00012964,0.00331077
2025-05-14 04:00:00+00:00,2896.1125,22.92894059,0.99636048,0.98649007,0.00781746,9.852e-05,0.00304581
2025-05-14 05:00:00+00:00,3106.7525,22.79288157,0.99667156,0.98709032,0.00790091,5.358e-05,0.00260773
2025-05-14 06:00:00+00:00,3182.135,22.41576046,0.99647731,0.98683281,0.00795556,2.898e-05,0.00288957
2025-05-14 07:00:00+00:00,3196.675,21.94449795,0.99561877,0.98688682,0.00689161,4.976e-05,0.00298531
2025-05-14 08:00:00+00:00,3182.2625,21.70397929,0.9958192,0.98709614,0.00688674,6.414e-05,0.00306312
2025-05-14 09:00:00+00:00,3154.9325,21.55538622,0.99739972,0.98878318,0.00707916,4.553e-05,0.00237489
2025-05-14 10:00:00+00:00,3130.7325,21.51007042,0.99840266,0.99061249,0.00683396,0.0,0.00159734
2025-05-14 11:00:00+00:00,3112.7375,21.44477657,0.99793515,0.98980395,0.00693085,0.0,0.00206485
2025-05-14 12:00:00+00:00,3111.22,21.52153121,0.99795119,0.98976836,0.00698984,7.51e-06,0.00204584
2025-05-14 13:00:00+00:00,3112.97,21.87958566,0.99681719,0.98816384,0.00710186,3.599e-05,0.00269286
2025-05-14 14:00:00+00:00,3119.4675,21.90910657,0.99549799,0.98648014,0.00728043,1.94e-05,0.00286574
2025-05-14 15:00:00+00:00,3116.555,22.21459297,0.99436138,0.98627441,0.00595867,4.695e-05,0.00366163
2025-05-14 16:00:00+00:00,3074.345,21.84536149,0.99627193,0.98688115,0.007729,1.564e-05,0.0027959
2025-05-14 17:00:00+00:00,3075.9825,21.94114568,0.99738176,0.98784126,0.00813321,1.288e-05,0.00241938
2025-05-14 18:00:00+00:00,3085.79,22.69769111,0.9960776,0.98550391,0.00877106,4.506e-05,0.00299192
2025-05-14 19:00:00+00:00,3094.225,22.34609611,0.99441131,0.98675777,0.00535304,0.00013021,0.00352566
2025-05-14 20:00:00+00:00,3090.6625,22.20897549,0.99416232,0.98418784,0.00769657,0.00014961,0.00357116
2025-05-14 21:00:00+00:00,3016.8975,22.45168345,0.99439274,0.98473381,0.00742004,0.00011613,0.00365903
2025-05-14 22:00:00+00:00,2936.65,22.37828327,0.99274743,0.98937386,0.00028288,0.00055595,0.00430889
2025-05-14 23:00:00+00:00,2869.685,22.73119806,0.99234281,0.98813862,0.00021777,0.00124099,0.00433463
2025-05-15 00:00:00+00:00,2823.515,22.53368699,0.99242446,0.98896236,0.00021263,0.00064281,0.00460246
2025-05-15 01:00:00+00:00,2802.6375,22.31423259,0.99255347,0.98925905,0.00021129,0.00050407,0.00448874
2025-05-15 02:00:00+00:00,2803.96,22.19586265,0.99308521,0.99022268,0.00020607,0.00022365,0.00410772
2025-05-15 03:00:00+00:00,2832.455,22.23916471,0.99376415,0.99114155,0.00020771,0.00019423,0.00388207
2025-05-15 04:00:00+00:00,2962.8925,22.27922761,0.99510017,0.99092038,0.00209396,0.00017581,0.00316156
2025-05-15 05:00:00+00:00,3148.15,21.57192634,0.99604505,0.98963019,0.00467991,0.00014535,0.00234025
2025-05-15 06:00:00+00:00,3181.4975,21.52685293,0.9951752,0.98795691,0.00558335,0.00013632,0.00318975
2025-05-15 07:00:00+00:00,3158.49,21.66805592,0.99592744,0.98749728,0.00666361,0.00014531,0.00214848
2025-05-15 08:00:00+00:00,3107.825,22.28345669,0.99712482,0.98821367,0.00705173,0.00015674,0.00075027
2025-05-15 09:00:00+00:00,3080.8925,22.25729574,0.99728281,0.98416994,0.01124854,0.00020076,0.00136563
2025-05-15 10:00:00+00:00,3040.895,22.35523989,0.99886154,0.98559063,0.01157461,0.00014947,0.00091891
2025-05-15 11:00:00+00:00,3071.835,22.39683719,0.99907343,0.98589516,0.01153388,0.00011636,0.00087875
2025-05-15 12:00:00+00:00,3117.73,22.56217222,0.9983077,0.98510515,0.01152355,8.247e-05,0.00165949
2025-05-15 13:00:00+00:00,3174.6725,22.60103594,0.99718806,0.98507756,0.01038397,8.919e-05,0.00247051
2025-05-15 14:00:00+00:00,3207.2375,22.5199018,0.99559538,0.98332415,0.01028054,0.0002723,0.00349582
2025-05-15 15:00:00+00:00,3201.4925,22.90149605,0.99449018,0.98175137,0.01006476,0.00062361,0.00354328
2025-05-15 16:00:00+00:00,3164.9825,22.2403461,0.99582993,0.98910185,0.00492452,0.00012031,0.00300253
2025-05-15 17:00:00+00:00,3157.5625,22.42625335,0.99722425,0.99027988,0.0053092,5.424e-05,0.00238356
2025-05-15 18:00:00+00:00,3168.075,22.669001,0.99687256,0.98973732,0.00545938,2.538e-05,0.00276779
2025-05-15 19:00:00+00:00,3176.415,22.78006025,0.99671328,0.9898644,0.00496491,9.043e-05,0.00263414
2025-05-15 20:00:00+00:00,3145.765,23.25612071,0.99579658,0.98870053,0.00495698,0.00014827,0.00306693
2025-05-15 21:00:00+00:00,3097.79,23.65909457,0.99554175,0.98809131,0.0051585,0.00012911,0.00287249
2025-05-15 22:00:00+00:00,3005.1775,22.86966342,0.99536248,0.9880002,0.00507739,0.00010716,0.00307158
2025-05-15 23:00:00+00:00,2934.5425,23.19957315,0.99661845,0.98810247,0.00621978,0.00014069,0.00204271
2025-05-16 00:00:00+00:00,2907.32,23.23007192,0.99787286,0.98895297,0.00665923,0.0001426,0.00105761
2025-05-16 01:00:00+00:00,2888.1125,23.13334282,0.99766989,0.98878682,0.00658977,0.00014812,0.0011017
2025-05-16 02:00:00+00:00,2874.4575,23.30625541,0.99798063,0.98898416,0.00665062,0.00016867,0.00088789
2025-05-16 03:00:00+00:00,2923.1475,23.47585434,0.99694286,0.98730211,0.00731437,0.00018407,0.00217663
2025-05-16 04:00:00+00:00,3043.3075,23.60272052,0.99635654,0.9824889,0.01160805,0.0002049,0.00308656
2025-05-16 05:00:00+00:00,3244.3125,23.38872586,0.99587646,0.9822931,0.01131421,0.0002269,0.00336788
2025-05-16 06:00:00+00:00,3319.145,23.32563347,0.99561835,0.98197883,0.01114084,0.00024824,0.00305897
2025-05-16 07:00:00+00:00,3350.5975,23.43749719,0.99502769,0.98102467,0.01147039,0.00025372,0.00331996
2025-05-16 08:00:00+00:00,3327.3675,23.18895494,0.99622596,0.98314033,0.01084888,0.00020892,0.00244062
2025-05-16 09:00:00+00:00,3274.0625,23.23429785,0.99753546,0.98433603,0.01140331,0.00016,0.0021465
2025-05-16 10:00:00+00:00,3213.1275,22.9091604,0.99789742,0.98502242,0.01127691,0.00014193,0.00204484
2025-05-16 11:00:00+00:00,3153.685,22.62543129,0.99768013,0.98497104,0.01115979,0.00013744,0.00226341
2025-05-16 12:00:00+00:00,3113.7625,22.22128258,0.99778476,0.98526024,0.01103727,0.00013486,0.00216059
2025-05-16 13:00:00+00:00,3107.5725,21.9626582,0.99723288,0.98634605,0.00919361,0.00015124,0.00243042
2025-05-16 14:00:00+00:00,3076.7825,22.12121229,0.99605025,0.98515409,0.00891638,0.00017854,0.00303197
2025-05-16 15:00:00+00:00,3047.1075,22.45843041,0.99533757,0.98824491,0.00477539,0.00021825,0.00359613
2025-05-16 16:00:00+00:00,3081.525,22.65053308,0.99550122,0.98890104,0.00419187,0.00022687,0.00336023
2025-05-16 17:00:00+00:00,3081.3375,22.61543508,0.99594296,0.98949587,0.00419709,0.00021496,0.00342213
2025-05-16 18:00:00+00:00,3089.9775,22.82049059,0.99585563,0.98956851,0.00401236,0.00022217,0.00359719
2025-05-16 19:00:00+00:00,3081.1525,23.02483114,0.99578714,0.98948916,0.00396378,0.00022577,0.00364787
2025-05-16 20:00:00+00:00,3059.81,23.18405718,0.99540149,0.98896152,0.00401775,0.00023458,0.00386121
2025-05-16 21:00:00+00:00,2984.855,23.15876838,0.99500816,0.9888449,0.00363545,0.00024431,0.00377014
2025-05-16 22:00:00+00:00,2874.305,23.28539657,0.99555068,0.98320172,0.00989526,0.00022722,0.00382158
2025-05-16 23:00:00+00:00,2850.7025,23.31283111,0.99565963,0.98314786,0.01017328,0.00020697,0.00383955
2025-05-17 00:00:00+00:00,2807.3775,23.27170387,0.9957019,0.98523326,0.00821032,0.00019438,0.00373652
2025-05-17 01:00:00+00:00,2783.775,23.4583384,0.99580985,0.98345409,0.01000634,0.00019199,0.00380193
2025-05-17 02:00:00+00:00,2764.49,23.60167075,0.99586644,0.98358393,0.00998271,0.0001574,0.00389592
2025-05-17 03:00:00+00:00,2738.62,23.57227273,0.99594995,0.98346036,0.01029323,9.109e-05,0.00377697
2025-05-17 04:00:00+00:00,2819.2475,23.87150509,0.99592445,0.98391243,0.00964735,0.00016029,0.00392034
2025-05-17 05:00:00+00:00,2889.495,23.82437619,0.99583683,0.98161947,0.01187841,0.00015294,0.00373879
2025-05-17 06:00:00+00:00,3014.99,23.75646706,0.99517186,0.98288406,0.009766,0.0002093,0.00353827
2025-05-17 07:00:00+00:00,3014.385,23.82347173,0.9950211,0.98259316,0.00998089,0.00021908,0.00357245
2025-05-17 08:00:00+00:00,2931.6275,23.89002442,0.99646435,0.98138406,0.01296095,0.00014581,0.00338402
2025-05-17 09:00:00+00:00,2856.3775,23.77112333,0.99696475,0.98196072,0.01303764,0.00016006,0.00297579
2025-05-17 10:00:00+00:00,2805.715,23.81102583,0.99713886,0.98181687,0.0133761,0.00013004,0.00281414
2025-05-17 11:00:00+00:00,2754.285,23.59078466,0.99712457,0.98463869,0.01076666,1.301e-05,0.00287082
2025-05-17 12:00:00+00:00,2733.1625,23.72378594,0.99734013,0.98484362,0.01073368,0.0,0.00265987
2025-05-17 13:00:00+00:00,2714.595,23.70203744,0.99664073,0.98616624,0.00841331,0.0,0.00335927
2025-05-17 14:00:00+00:00,2735.1325,23.6827823,0.99596468,0.98150236,0.01224304,0.0,0.00366257
2025-05-17 15:00:00+00:00,2761.8075,23.71259946,0.99529403,0.98550863,0.00743118,0.0,0.00375525
2025-05-17 16:00:00+00:00,2760.15,23.86744793,0.99642151,0.98728086,0.00696567,0.0,0.00357849
2025-05-17 17:00:00+00:00,2776.3475,24.12144993,0.99583113,0.98791971,0.0053911,4.988e-05,0.00408264
2025-05-17 18:00:00+00:00,2793.64,24.25821011,0.99583253,0.98765839,0.00551913,0.00011022,0.00405239
2025-05-17 19:00:00+00:00,2801.2375,24.36540764,0.99528445,0.98724746,0.00539337,4.634e-05,0.00430205
2025-05-17 20:00:00+00:00,2795.2575,24.28115252,0.99489314,0.98664215,0.00535218,0.00027476,0.0044985
2025-05-17 21:00:00+00:00,2821.145,24.42725988,0.99530131,0.98708896,0.00524269,0.00041563,0.00426427
2025-05-17 22:00:00+00:00,2819.2125,24.43927686,0.99736699,0.98924621,0.00483883,0.00077277,0.00149045
2025-05-17 23:00:00+00:00,2810.225,24.41068204,0.99447589,0.98628396,0.00458212,0.00104989,0.0039624
2025-05-18 00:00:00+00:00,2800.33,24.19217354,0.99407975,0.98575221,0.00460104,0.0011636,0.00422481
2025-05-18 01:00:00+00:00,2793.4775,24.07031749,0.99477847,0.98670877,0.00459962,0.000922,0.0037169
2025-05-18 02:00:00+00:00,2761.46,23.98717076,0.99450058,0.98665973,0.00459064,0.00081053,0.00418073
2025-05-18 03:00:00+00:00,2789.27,23.98315664,0.99500043,0.98808646,0.00459552,3.713e-05,0.00388516
2025-05-18 04:00:00+00:00,2765.865,23.97225331,0.99506421,0.98816647,0.00460132,5.412e-05,0.00364658
2025-05-18 05:00:00+00:00,2768.9025,24.07582883,0.99491367,0.98780213,0.00473047,7.65e-05,0.00360554
2025-05-18 06:00:00+00:00,2770.995,24.15829722,0.99333765,0.98532219,0.00546645,0.00011447,0.00463267
2025-05-18 07:00:00+00:00,2815.0125,24.17836492,0.99342886,0.9853435,0.00561715,8.037e-05,0.00490724
2025-05-18 08:00:00+00:00,2821.7125,24.30542759,0.99329531,0.98536224,0.00561517,0.00011833,0.00533588
2025-05-18 09:00:00+00:00,2828.6525,24.43469232,0.99441754,0.98655526,0.00559916,0.00015928,0.00518499
2025-05-18 10:00:00+00:00,2802.7175,24.4171691,0.99617778,0.98682729,0.00729564,0.00011755,0.00378745
2025-05-18 11:00:00+00:00,2785.9525,24.24643922,0.99714397,0.98812558,0.0072819,0.00011159,0.00282293
2025-05-18 12:00:00+00:00,2767.77,24.1360343,0.99697994,0.98789056,0.00730255,0.00013854,0.00297735
2025-05-18 13:00:00+00:00,2748.97,23.89307781,0.99629692,0.98688445,0.00741968,0.00015274,0.00333996
2025-05-18 14:00:00+00:00,2763.3325,23.7770139,0.9943672,0.9870221,0.004823,0.00026929,0.00409744
2025-05-18 15:00:00+00:00,2812.2875,24.02436082,0.99385104,0.98836807,0.00295149,0.00016936,0.00435694
2025-05-18 16:00:00+00:00,2854.725,24.01920876,0.99459477,0.98354691,0.00860681,0.00014901,0.00435019
2025-05-18 17:00:00+00:00,2864.305,24.03086566,0.99524492,0.983742,0.00916067,0.00015081,0.00409967
2025-05-18 18:00:00+00:00,2879.1925,24.18639204,0.99511675,0.98368092,0.00903441,0.0001091,0.00424232
2025-05-18 19:00:00+00:00,2856.835,24.35075407,0.99550666,0.98400812,0.00905651,8.748e-05,0.00380628
2025-05-18 20:00:00+00:00,2882.955,24.29376103,0.99443321,0.98443314,0.00747035,7.043e-05,0.00448891
2025-05-18 21:00:00+00:00,2862.0625,24.27774441,0.99437337,0.9841964,0.00775279,0.0,0.00449514
2025-05-18 22:00:00+00:00,2806.8125,24.12870121,0.99436893,0.98683503,0.00508888,0.0,0.00424816
2025-05-18 23:00:00+00:00,2781.695,24.08750515,0.99364253,0.98595309,0.0050993,0.0,0.00459035
2025-05-19 00:00:00+00:00,2758.1225,24.01678764,0.9932957,0.99045017,0.00021755,0.0,0.00494954
2025-05-19 01:00:00+00:00,2760.0375,23.89162528,0.99337157,0.99077574,0.0,0.0,0.00499238
2025-05-19 02:00:00+00:00,2777.895,23.80703759,0.99395325,0.99139905,0.0,0.0,0.0044753
2025-05-19 03:00:00+00:00,2812.835,23.55792912,0.99492915,0.9885545,0.00399028,0.0,0.00429698
2025-05-19 04:00:00+00:00,2943.25,23.39346758,0.99609992,0.98911162,0.00473378,0.0,0.00385675
2025-05-19 05:00:00+00:00,3099.0325,22.93584472,0.99595249,0.98892266,0.00487535,0.0,0.00384087
2025-05-19 06:00:00+00:00,3024.3775,22.67356071,0.99582279,0.98852226,0.00513343,0.0,0.0039078
2025-05-19 07:00:00+00:00,3122.6375,22.89284236,0.99546965,0.9880547,0.00520035,0.0,0.00390312
2025-05-19 08:00:00+00:00,3120.4725,22.14441696,0.99649473,0.9896371,0.00494652,0.0,0.00317237
2025-05-19 09:00:00+00:00,3106.8125,22.08477624,0.99680825,0.99032822,0.00466083,0.0,0.00303694
2025-05-19 10:00:00+00:00,3089.6525,21.91510039,0.99762236,0.98547589,0.01052595,0.0,0.00237764
2025-05-19 11:00:00+00:00,3065.315,21.74951051,0.99728928,0.99080335,0.00482451,0.0,0.00271072
2025-05-19 12:00:00+00:00,3033.27,21.48804624,0.99712039,0.99022705,0.00519547,0.0,0.00287961
2025-05-19 13:00:00+00:00,3036.25,21.49786305,0.9966036,0.9891629,0.00557019,1.218e-05,0.00313505
2025-05-19 14:00:00+00:00,3013.815,21.61144657,0.99643766,0.98865581,0.00586244,0.0,0.00330297
2025-05-19 15:00:00+00:00,2974.625,21.81758832,0.99820723,0.98562373,0.01104156,0.0,0.00179277
2025-05-19 16:00:00+00:00,2981.975,22.12052874,0.99856961,0.98622273,0.01114721,6.6e-06,0.00142797
2025-05-19 17:00:00+00:00,2984.82,22.05978433,0.99837643,0.98608209,0.01121674,0.0,0.00162357
2025-05-19 18:00:00+00:00,2980.7175,22.15281777,0.99822058,0.98586883,0.01121389,0.0,0.00177942
2025-05-19 19:00:00+00:00,2953.4475,22.11513434,0.99812177,0.98578022,0.01113132,0.0,0.00187823
2025-05-19 20:00:00+00:00,2953.855,21.97244726,0.99794277,0.98550051,0.01112429,0.0,0.00205723
2025-05-19 21:00:00+00:00,2866.0825,21.9860971,0.99698361,0.98587932,0.009254,0.0,0.00301639
2025-05-19 22:00:00+00:00,2774.3575,22.55330666,0.99621503,0.99339518,0.00068261,0.0,0.00331772
2025-05-19 23:00:00+00:00,2745.17,22.5493725,0.99594365,0.99329963,0.00046554,1.954e-05,0.00346512
2025-05-20 00:00:00+00:00,2736.1675,22.53801111,0.99587391,0.99324094,0.00046188,1.799e-05,0.00341193
2025-05-20 01:00:00+00:00,2724.085,22.68377711,0.99591328,0.99325022,0.00046826,2.182e-05,0.00342942
2025-05-20 02:00:00+00:00,2706.005,22.60838223,0.99645341,0.99393742,0.00047455,1.598e-05,0.00354115
2025-05-20 03:00:00+00:00,2740.8675,22.79112332,0.9967476,0.99256095,0.00241349,1.328e-05,0.00324797
2025-05-20 04:00:00+00:00,2884.7725,23.07532966,0.99700734,0.99265076,0.00257972,1.529e-05,0.00298751
2025-05-20 05:00:00+00:00,3101.77,23.14650099,0.99713888,0.99275807,0.00259212,0.0,0.00286112
2025-05-20 06:00:00+00:00,3165.365,23.04448451,0.99669501,0.99427269,0.00045231,0.0,0.00330499
2025-05-20 07:00:00+00:00,3130.945,23.23391102,0.99490005,0.99159409,0.00059227,0.00034422,0.00400305
2025-05-20 08:00:00+00:00,3070.3825,22.80215135,0.99520785,0.98441881,0.00818229,0.00040051,0.00392521
2025-05-20 09:00:00+00:00,3068.2975,22.38640579,0.99552474,0.98557016,0.00763256,0.00028683,0.00343745
2025-05-20 10:00:00+00:00,3132.8975,22.29055346,0.9969628,0.98655569,0.00867779,0.0,0.0030372
2025-05-20 11:00:00+00:00,3107.795,22.28965857,0.99708558,0.98725142,0.00823177,0.0,0.00291442
2025-05-20 12:00:00+00:00,3113.1225,22.12157009,0.99708152,0.98759167,0.00776615,4.252e-05,0.00279859
2025-05-20 13:00:00+00:00,3106.655,22.13658427,0.99585695,0.98694321,0.00679508,0.00025208,0.0033997
2025-05-20 14:00:00+00:00,3103.675,22.848866,0.99408101,0.98417439,0.00691818,0.00065591,0.00421997
2025-05-20 15:00:00+00:00,3091.11,22.27058622,0.99698073,0.98843203,0.00666468,0.0,0.00301927
2025-05-20 16:00:00+00:00,3098.51,22.93447902,0.99646398,0.98695517,0.00738108,0.0,0.00344512
2025-05-20 17:00:00+00:00,3094.49,22.39185574,0.99688714,0.98781658,0.00719691,0.0,0.00309912
2025-05-20 18:00:00+00:00,3101.085,21.86950804,0.99754551,0.98837659,0.0077687,0.0,0.00245449
2025-05-20 19:00:00+00:00,3096.24,22.32875602,0.99776571,0.98917239,0.00730523,1.166e-05,0.00223004
2025-05-20 20:00:00+00:00,3076.77,22.1587095,0.99733566,0.9886423,0.0071725,0.0,0.00266434
2025-05-20 21:00:00+00:00,3040.9175,22.13299732,0.99681304,0.99323496,0.00166652,0.0,0.00318696
2025-05-20 22:00:00+00:00,2992.65,23.13757191,0.99505781,0.99250611,8.53e-06,5.825e-05,0.00440526
2025-05-20 23:00:00+00:00,2932.3,23.12976056,0.99531486,0.9929023,0.0,0.0,0.00417704
2025-05-21 00:00:00+00:00,2883.2275,23.07901418,0.99557421,0.99327193,0.0,0.0,0.00403226
2025-05-21 01:00:00+00:00,2847.135,23.14870968,0.99528239,0.99289109,0.0,0.0,0.00427919
2025-05-21 02:00:00+00:00,2817.4975,23.06337041,0.99521801,0.99286365,0.0,0.0,0.00419995
2025-05-21 03:00:00+00:00,2853.725,23.25036627,0.99546578,0.98883015,0.00422288,1.357e-05,0.00416607
2025-05-21 04:00:00+00:00,2998.635,23.37301225,0.99600989,0.99367994,9.473e-05,0.0,0.00399011
2025-05-21 05:00:00+00:00,3206.445,23.37218462,0.99596496,0.99365923,2e-08,0.0,0.00399223
2025-05-21 06:00:00+00:00,3240.275,23.20923973,0.99260612,0.99031571,0.0,0.0,0.00718246
2025-05-21 07:00:00+00:00,3245.2075,23.35850784,0.99414153,0.99188534,0.0,0.0,0.00506103
2025-05-21 08:00:00+00:00,3262.165,23.33300238,0.99424516,0.99189926,0.0,6.5e-06,0.0041845
2025-05-21 09:00:00+00:00,3244.115,23.31179027,0.99494088,0.99273846,0.0,0.0,0.00388771
2025-05-21 10:00:00+00:00,3197.6375,22.6447991,0.99568847,0.99358241,0.00012618,0.0,0.00365606
2025-05-21 11:00:00+00:00,3191.0625,21.88617727,0.99666655,0.99053474,0.00437231,0.0,0.00295721
2025-05-21 12:00:00+00:00,3191.645,21.58877278,0.99703986,0.99087118,0.00442513,0.0,0.00280524
2025-05-21 13:00:00+00:00,3206.58,22.25950413,0.99624518,0.98992695,0.0044376,0.0,0.00329927
2025-05-21 14:00:00+00:00,3230.125,22.36681712,0.9957185,0.98939302,0.00435509,0.0,0.00351902
2025-05-21 15:00:00+00:00,3201.34,22.22107987,0.99570151,0.98923881,0.00436005,0.0,0.00377291
2025-05-21 16:00:00+00:00,3220.49,22.16877485,0.99619866,0.98987919,0.00432369,0.0,0.00363392
2025-05-21 17:00:00+00:00,3224.92,22.11320333,0.99634923,0.9900484,0.00431392,0.0,0.00357781
2025-05-21 18:00:00+00:00,3258.51,22.18662369,0.99642656,0.9899965,0.00437908,0.0,0.00352855
2025-05-21 19:00:00+00:00,3254.7,22.571627,0.99652402,0.98994847,0.00455591,0.0,0.00347598
2025-05-21 20:00:00+00:00,3242.32,22.62321297,0.99597477,0.98943848,0.00446926,0.0,0.00386859
2025-05-21 21:00:00+00:00,3194.7975,22.68337427,0.99567166,0.98903394,0.00459407,0.0,0.00373306
2025-05-21 22:00:00+00:00,3083.58,22.34535873,0.99568391,0.98944877,0.00422785,0.0,0.00377868
2025-05-21 23:00:00+00:00,3025.26,22.68621667,0.99586404,0.98951047,0.00419006,0.0,0.00389536
2025-05-22 00:00:00+00:00,2989.29,22.85755653,0.99636597,0.9897904,0.00428018,0.0,0.00349169
2025-05-22 01:00:00+00:00,2977.2875,23.05854192,0.99553202,0.99300585,2.066e-05,0.0,0.00434525
2025-05-22 02:00:00+00:00,2961.6725,23.22080838,0.9951362,0.99265084,0.0,2.6e-06,0.00473903
2025-05-22 03:00:00+00:00,2973.5425,22.82237722,0.99580232,0.99352408,0.0,0.0,0.00411501
2025-05-22 04:00:00+00:00,3088.49,23.10673942,0.99542508,0.99298328,0.0,0.0,0.00443196
2025-05-22 05:00:00+00:00,3285.2,22.87540884,0.99565875,0.99329277,0.0,0.0,0.00416919
2025-05-22 06:00:00+00:00,3308.885,22.2740463,0.99562025,0.99338291,0.0,5.86e-06,0.00418458
2025-05-22 07:00:00+00:00,3336.4075,22.48443976,0.99570403,0.99344728,0.0,4.33e-06,0.00410131
2025-05-22 08:00:00+00:00,3333.24,22.29209488,0.99565321,0.99351039,0.0,2.702e-05,0.00411983
2025-05-22 09:00:00+00:00,3246.15,22.44018008,0.9958182,0.99369231,0.0,2.975e-05,0.00401966
2025-05-22 10:00:00+00:00,3225.1375,22.63507018,0.9959788,0.99272515,0.00116116,6.423e-05,0.00392845
2025-05-22 11:00:00+00:00,3208.695,22.05665756,0.99642206,0.99425542,0.00013365,7.926e-05,0.00345495
2025-05-22 12:00:00+00:00,3190.2575,21.62632658,0.99624649,0.98992037,0.00430744,6.654e-05,0.00362193
2025-05-22 13:00:00+00:00,3185.37,21.27898345,0.99668432,0.99046542,0.00438642,2.488e-05,0.00320193
2025-05-22 14:00:00+00:00,3156.9425,21.60183062,0.99689486,0.99079341,0.00427504,2.403e-05,0.0030664
2025-05-22 15:00:00+00:00,3133.475,21.54454525,0.9966734,0.99057072,0.00430904,2.32e-05,0.00327834
2025-05-22 16:00:00+00:00,3116.015,21.68699875,0.99655869,0.9898358,0.00475905,2.396e-05,0.00338599
2025-05-22 17:00:00+00:00,3130.3225,22.73311232,0.99577292,0.98834085,0.00506442,2.817e-05,0.00415357
2025-05-22 18:00:00+00:00,3153.8325,22.6828908,0.99459304,0.98909619,0.0027055,1.14e-05,0.00524752
2025-05-22 19:00:00+00:00,3185.765,22.95735752,0.99476454,0.98647996,0.00534788,9.124e-05,0.00505459
2025-05-22 20:00:00+00:00,3156.92,23.0525734,0.99488221,0.98651906,0.00537392,0.00014229,0.00488423
2025-05-22 21:00:00+00:00,3110.61,23.10527914,0.99472999,0.98649556,0.00542839,7.273e-05,0.00514573
2025-05-22 22:00:00+00:00,3049.8975,23.4301934,0.99487574,0.98767804,0.00425847,0.00021072,0.00499065
2025-05-22 23:00:00+00:00,2981.675,23.63840287,0.99468619,0.98658894,0.00520773,0.00016003,0.0052169
2025-05-23 00:00:00+00:00,2945.625,23.55494373,0.99477796,0.98644859,0.00545043,0.00014617,0.0051349
2025-05-23 01:00:00+00:00,2921.4075,23.53302739,0.99461194,0.98589736,0.00577286,0.00017809,0.0052781
2025-05-23 02:00:00+00:00,2918.115,23.64057171,0.99464311,0.9858508,0.00583313,0.00015154,0.00525651
2025-05-23 03:00:00+00:00,2940.955,23.59935288,0.9954708,0.98687979,0.00590437,0.0,0.00450445
2025-05-23 04:00:00+00:00,3067.9475,23.31145678,0.99592542,0.98860654,0.00446927,0.0,0.00399432
2025-05-23 05:00:00+00:00,3248.9575,23.19790601,0.99559759,0.98858245,0.00427903,0.0,0.00429704
2025-05-23 06:00:00+00:00,3323.89,23.20182062,0.99553981,0.98885774,0.00406401,0.0,0.00435687
2025-05-23 07:00:00+00:00,3330.45,23.1966247,0.99567906,0.98413183,0.00916165,0.0,0.00424503
2025-05-23 08:00:00+00:00,3292.765,23.13800137,0.9955672,0.98365087,0.00962917,0.0,0.0043159
2025-05-23 09:00:00+00:00,3276.875,22.38173964,0.99593284,0.98579064,0.00807748,0.0,0.004004
2025-05-23 10:00:00+00:00,3272.95,22.33850504,0.99572742,0.98627756,0.00729543,1.242e-05,0.00414773
2025-05-23 11:00:00+00:00,3228.7625,22.81899933,0.9952639,0.98556956,0.00755457,0.0,0.00420872
2025-05-23 12:00:00+00:00,3223.415,22.54955805,0.9960542,0.98669948,0.00729336,0.0,0.00325648
2025-05-23 13:00:00+00:00,3228.585,22.3930817,0.99511893,0.98579912,0.00734022,1.735e-05,0.00385359
2025-05-23 14:00:00+00:00,3188.49,22.7308177,0.9940556,0.98357746,0.00827987,0.0,0.00411025
2025-05-23 15:00:00+00:00,3178.365,23.20757743,0.99473549,0.98382817,0.00847448,0.0,0.00470796
2025-05-23 16:00:00+00:00,3136.46,23.48694861,0.995001,0.98941066,0.00300038,0.0,0.00452783
2025-05-23 17:00:00+00:00,3147.845,23.72120162,0.99418407,0.98878886,0.00262043,1.407e-05,0.00506503
2025-05-23 18:00:00+00:00,3147.99,23.76297567,0.99479429,0.99223143,7.3e-07,3.173e-05,0.00452343
2025-05-23 19:00:00+00:00,3113.4525,23.68860922,0.99522245,0.99292449,3e-07,2.915e-05,0.00398496
2025-05-23 20:00:00+00:00,3052.9075,23.70490089,0.99514799,0.99258545,1.4e-07,9.76e-06,0.0042822
2025-05-23 21:00:00+00:00,3026.8975,23.58368396,0.99350302,0.99064076,1.14e-06,2.465e-05,0.0047631
2025-05-23 22:00:00+00:00,2960.205,23.80504229,0.99504856,0.99215324,9.2e-07,0.0,0.00478762
2025-05-23 23:00:00+00:00,2900.165,23.95646029,0.99492203,0.99212717,3.6e-07,2.682e-05,0.00506743
2025-05-24 00:00:00+00:00,2860.6725,24.03715033,0.99563159,0.9928241,0.0,2.752e-05,0.004358
2025-05-24 01:00:00+00:00,2864.335,22.97250058,0.99645897,0.9941701,0.0,2.213e-05,0.00350262
2025-05-24 02:00:00+00:00,2838.98,22.10252967,0.99643641,0.99433125,0.0,1.992e-05,0.00355574
2025-05-24 03:00:00+00:00,2880.75,21.40923626,0.99705778,0.99534215,0.0,1.57e-05,0.00290041
2025-05-24 04:00:00+00:00,2936.2825,21.52243388,0.99750622,0.99593302,0.0,1.652e-05,0.00248772
2025-05-24 05:00:00+00:00,2987.9275,21.49102828,0.99746815,0.99600507,0.0,1.594e-05,0.00252592
2025-05-24 06:00:00+00:00,3090.9925,21.33627846,0.99779937,0.99650476,0.0,1.422e-05,0.00213047
2025-05-24 07:00:00+00:00,3159.6275,21.45611504,0.99707076,0.99569212,0.0,1.473e-05,0.0022249
2025-05-24 08:00:00+00:00,3171.85,21.51239592,0.99780009,0.99648099,0.0,1.404e-05,0.00219401
2025-05-24 09:00:00+00:00,3143.9575,21.62335402,0.99775037,0.99644455,0.0,1.366e-05,0.00221537
2025-05-24 10:00:00+00:00,3142.69,21.43633473,0.9979597,0.9940785,0.00274362,1.245e-05,0.00184439
2025-05-24 11:00:00+00:00,3138.8425,20.76209338,0.99793181,0.99670094,0.0,1.334e-05,0.00206217
2025-05-24 12:00:00+00:00,3110.94,21.13244963,0.99681938,0.99515185,0.0,9.144e-05,0.00261798
2025-05-24 13:00:00+00:00,3112.96,20.37367983,0.99780973,0.99650253,0.0,1.319e-05,0.00217834
2025-05-24 14:00:00+00:00,3112.76,20.12384411,0.99812693,0.9969444,0.0,1.222e-05,0.00186864
2025-05-24 15:00:00+00:00,3104.15,20.25065685,0.99778197,0.9964969,0.0,1.358e-05,0.00221309
2025-05-24 16:00:00+00:00,3089.2575,20.27252062,0.99784016,0.99652243,0.0,1.373e-05,0.00215468
2025-05-24 17:00:00+00:00,3097.99,20.41077248,0.99793885,0.99668129,0.0,1.337e-05,0.00205609
2025-05-24 18:00:00+00:00,3073.1475,20.01258445,0.99857626,0.99752256,0.0,1.192e-05,0.00141892
2025-05-24 19:00:00+00:00,3040.7975,20.21141863,0.99846602,0.99750764,0.0,1.052e-05,0.00152991
2025-05-24 20:00:00+00:00,3047.0025,20.37472661,0.99847629,0.99748686,0.0,1.053e-05,0.00151973
2025-05-24 21:00:00+00:00,3011.88,20.8361352,0.99776802,0.99637673,0.0,1.484e-05,0.00222618
2025-05-24 22:00:00+00:00,2991.5625,21.77802327,0.99672096,0.99473954,0.0,2.188e-05,0.00327089
2025-05-24 23:00:00+00:00,2947.5875,22.42804679,0.99676696,0.99396942,0.00086259,2.181e-05,0.00322519
2025-05-25 00:00:00+00:00,2908.4625,22.80559822,0.99659609,0.99003196,0.00452196,2.332e-05,0.00339538
2025-05-25 01:00:00+00:00,2893.9025,22.81744083,0.99648512,0.98989415,0.00449798,2.444e-05,0.00350607
2025-05-25 02:00:00+00:00,2885.69,22.55954974,0.99639275,0.99237006,0.00183892,2.445e-05,0.00359814
2025-05-25 03:00:00+00:00,2845.06,23.22576453,0.9962287,0.99395924,6.61e-06,2.523e-05,0.00376171
2025-05-25 04:00:00+00:00,2844.205,22.24588092,0.99723121,0.99528572,0.0,2.147e-05,0.00276035
2025-05-25 05:00:00+00:00,2868.75,22.42435095,0.99729885,0.99524045,0.0,2.309e-05,0.00269065
2025-05-25 06:00:00+00:00,2908.49,22.09387742,0.99706992,0.99521195,0.0,2.14e-05,0.00291997
2025-05-25 07:00:00+00:00,2972.1975,21.49227696,0.99704982,0.99318664,0.00224012,1.831e-05,0.00289222
2025-05-25 08:00:00+00:00,2984.9325,21.76666292,0.99670832,0.9944561,0.00033662,2.175e-05,0.00328155
2025-05-25 09:00:00+00:00,2985.35,21.39596959,0.99681881,0.99054878,0.0045892,1.812e-05,0.00291393
2025-05-25 10:00:00+00:00,2964.1225,21.31631028,0.99704141,0.98714817,0.00824274,1.762e-05,0.00282634
2025-05-25 11:00:00+00:00,2930.7,21.12705402,0.99695879,0.98886704,0.0064968,1.722e-05,0.00258917
2025-05-25 12:00:00+00:00,2949.1675,21.23764901,0.99701745,0.98779807,0.00773217,1.561e-05,0.00252929
2025-05-25 13:00:00+00:00,2944.8,21.32643604,0.99720275,0.98784036,0.00789273,1.591e-05,0.002412
2025-05-25 14:00:00+00:00,2941.0625,21.08409135,0.99744613,0.9894278,0.00658797,1.502e-05,0.00232987
2025-05-25 15:00:00+00:00,2940.145,22.23182969,0.99612727,0.98971495,0.0044855,1.925e-05,0.00331067
2025-05-25 16:00:00+00:00,2952.735,21.17136011,0.9972516,0.99572675,0.0,1.411e-05,0.00264016
2025-05-25 17:00:00+00:00,2957.58,20.71383463,0.99793944,0.99676176,0.0,1.146e-05,0.00198659
2025-05-25 18:00:00+00:00,2982.4175,20.50435265,0.99764045,0.99638594,0.0,1.278e-05,0.00212763
2025-05-25 19:00:00+00:00,2991.245,20.21493474,0.99779029,0.99654583,0.0,1.202e-05,0.00220484
2025-05-25 20:00:00+00:00,2964.4,20.13675183,0.99786634,0.99661922,0.0,1.229e-05,0.00212712
2025-05-25 21:00:00+00:00,2936.735,20.55850249,0.99759792,0.99620884,0.0,1.33e-05,0.00239762
2025-05-25 22:00:00+00:00,2867.2475,20.23490925,0.99782511,0.99659555,0.0,1.068e-05,0.00217113
2025-05-25 23:00:00+00:00,2811.8875,20.45225792,0.99772714,0.99639278,0.0,1.153e-05,0.00226273
2025-05-26 00:00:00+00:00,2752.5425,21.45055821,0.99688983,0.9951132,0.0,1.538e-05,0.00300656
2025-05-26 01:00:00+00:00,2723.4825,21.4513476,0.99727218,0.99572211,0.0,1.291e-05,0.00261016
2025-05-26 02:00:00+00:00,2703.9175,21.64227149,0.99670348,0.99497057,0.0,1.443e-05,0.00293556
2025-05-26 03:00:00+00:00,2732.0425,23.35882852,0.99525742,0.99280675,0.0,1.917e-05,0.00432602
2025-05-26 04:00:00+00:00,2883.9075,23.50061429,0.99520368,0.99284289,0.0,0.0,0.00403594
2025-05-26 05:00:00+00:00,3065.5175,22.8280639,0.99583375,0.99373783,0.0,0.0,0.00338784
2025-05-26 06:00:00+00:00,3137.8075,22.96359498,0.99625505,0.99254994,0.00203825,0.0,0.0027147
2025-05-26 07:00:00+00:00,3131.4,23.20240126,0.99555162,0.99146598,0.00239701,0.0,0.0034665
2025-05-26 08:00:00+00:00,3145.5725,23.395267,0.99589654,0.99162126,0.00245596,0.0,0.00320781
2025-05-26 09:00:00+00:00,3131.0225,23.4727551,0.99667173,0.99225865,0.00250517,0.0,0.00286947
2025-05-26 10:00:00+00:00,3113.845,23.42577724,0.99579088,0.99295206,0.00074947,4.968e-05,0.00332773
2025-05-26 11:00:00+00:00,3130.9075,23.4186973,0.99621836,0.99210127,0.00217688,1.706e-05,0.00234047
2025-05-26 12:00:00+00:00,3087.445,23.42084378,0.99595851,0.99148509,0.00255187,1.653e-05,0.00290905
2025-05-26 13:00:00+00:00,3040.235,23.32402257,0.99617943,0.99189539,0.002351,1.648e-05,0.00307612
2025-05-26 14:00:00+00:00,3039.1575,23.12497175,0.9968666,0.98976577,0.00554821,0.0,0.00264194
2025-05-26 15:00:00+00:00,3005.015,23.2628024,0.99741433,0.98940898,0.00646246,0.0,0.00241623
2025-05-26 16:00:00+00:00,2897.78,23.26588436,0.99777877,0.98933125,0.006921,0.0,0.00201046
2025-05-26 17:00:00+00:00,2972.49,23.47306719,0.99735052,0.9889695,0.00686384,0.0,0.0021063
2025-05-26 18:00:00+00:00,2978.6425,23.38681483,0.99780827,0.99009872,0.00623163,0.0,0.00188671
2025-05-26 19:00:00+00:00,2993.64,23.0187246,0.99788452,0.9903475,0.00610265,0.0,0.00169136
2025-05-26 20:00:00+00:00,2994.9575,23.07762692,0.99770747,0.99023684,0.00600898,0.0,0.00189108
2025-05-26 21:00:00+00:00,2944.235,23.21579891,0.99771767,0.99002593,0.00617334,0.0,0.0020143
2025-05-26 22:00:00+00:00,2872.8675,23.49094008,0.9979123,0.99025601,0.00619525,0.0,0.00173498
2025-05-26 23:00:00+00:00,2816.635,23.62923764,0.99732186,0.98971074,0.00614022,0.0,0.00215509
2025-05-27 00:00:00+00:00,2788.475,23.50190423,0.99752835,0.9907171,0.00534368,0.0,0.0023364
2025-05-27 01:00:00+00:00,2750.195,23.2655229,0.99729042,0.99161506,0.00416238,0.0,0.00258427
2025-05-27 02:00:00+00:00,2737.1825,22.95339376,0.99697708,0.99121412,0.00418048,0.0,0.00259032
2025-05-27 03:00:00+00:00,2768.1475,23.10307141,0.99735641,0.99161687,0.00408651,5.25e-06,0.00264045
2025-05-27 04:00:00+00:00,2889.3975,23.14204216,0.99761102,0.99015596,0.00611456,1.273e-05,0.00212797
2025-05-27 05:00:00+00:00,3069.2125,23.22431272,0.99734478,0.98617467,0.00971471,0.0,0.00191356
2025-05-27 06:00:00+00:00,3133.7375,22.99502135,0.9979361,0.98610423,0.01055477,0.0,0.00148508
2025-05-27 07:00:00+00:00,3129.2075,22.75279651,0.99782577,0.98557458,0.01098542,0.0,0.00149536
2025-05-27 08:00:00+00:00,3130.5075,22.8759612,0.9972511,0.98636952,0.00942543,0.0,0.0018477
2025-05-27 09:00:00+00:00,3092.46,22.96241368,0.99731743,0.98956525,0.00613951,7.51e-06,0.00202085
2025-05-27 10:00:00+00:00,3004.35,22.77755552,0.9978693,0.98942445,0.00686884,1.394e-05,0.00203129
2025-05-27 11:00:00+00:00,3031.7575,22.34504073,0.99733889,0.98414445,0.01177722,1.287e-05,0.00199111
2025-05-27 12:00:00+00:00,3033.0375,21.74985746,0.99803335,0.98535257,0.01150735,0.0,0.00173809
2025-05-27 13:00:00+00:00,3054.8,21.11623998,0.99833204,0.98628804,0.01100904,7.74e-06,0.00166507
2025-05-27 14:00:00+00:00,3061.595,21.43699472,0.99844602,0.98653466,0.01091565,0.0,0.00154486
2025-05-27 15:00:00+00:00,3026.4475,20.64343243,0.99895759,0.98701252,0.01128605,4.13e-06,0.00104115
2025-05-27 16:00:00+00:00,3025.1475,20.89675343,0.99841465,0.98679534,0.01060583,0.0,0.00158535
2025-05-27 17:00:00+00:00,3039.28,21.29270177,0.99815868,0.98716699,0.00982895,0.0,0.00184132
2025-05-27 18:00:00+00:00,3061.1275,20.60203038,0.9985148,0.98711578,0.01049147,0.0,0.00146391
2025-05-27 19:00:00+00:00,3053.4225,20.72344065,0.99841406,0.98690977,0.01053388,0.0,0.00154354
2025-05-27 20:00:00+00:00,3001.3825,21.17408403,0.99821613,0.98646502,0.01066131,0.0,0.00178271
2025-05-27 21:00:00+00:00,2963.88,21.80471569,0.99805943,0.98620825,0.01068653,1.269e-05,0.00191687
2025-05-27 22:00:00+00:00,2859.3925,21.73384621,0.99870239,0.9868332,0.01105968,1.305e-05,0.00129287
2025-05-27 23:00:00+00:00,2795.3925,22.35580345,0.99806769,0.98577312,0.01120013,1.652e-05,0.00172946
2025-05-28 00:00:00+00:00,2775.435,22.53601261,0.99842683,0.98617524,0.01112515,1.613e-05,0.00156589
2025-05-28 01:00:00+00:00,2749.6375,22.63777628,0.99799418,0.98600257,0.01092433,1.522e-05,0.00175019
2025-05-28 02:00:00+00:00,2728.8625,22.809205,0.99757562,0.98530905,0.01098679,1.791e-05,0.00207699
2025-05-28 03:00:00+00:00,2740.9925,22.90948841,0.99754261,0.98488897,0.01141718,1.646e-05,0.00202541
2025-05-28 04:00:00+00:00,2836.5625,23.02236947,0.99734823,0.98497423,0.01113692,1.614e-05,0.00200762
2025-05-28 05:00:00+00:00,2973.9425,23.0682393,0.99717579,0.98465321,0.01113606,0.0,0.00222311
2025-05-28 06:00:00+00:00,2996.1875,23.04622474,0.9956316,0.98329511,0.01096731,0.0,0.00394819
2025-05-28 07:00:00+00:00,2972.6425,23.05257954,0.99720983,0.9847581,0.01084637,1.983e-05,0.00255138
2025-05-28 08:00:00+00:00,2946.205,22.94170569,0.9971222,0.98543523,0.01011958,0.0,0.00259467
2025-05-28 09:00:00+00:00,2928.865,22.821922,0.99713749,0.98502151,0.01055663,0.0,0.00274836
2025-05-28 10:00:00+00:00,2939.1425,22.97682485,0.99724512,0.98457926,0.01094678,1.654e-05,0.00263545
2025-05-28 11:00:00+00:00,2962.3625,22.85574867,0.99685384,0.98427019,0.01092519,0.0,0.00259384
2025-05-28 12:00:00+00:00,2948.725,22.54476691,0.99785309,0.98567397,0.01072734,0.0,0.0017173
2025-05-28 13:00:00+00:00,2962.1375,22.24808626,0.9980649,0.98897697,0.00756533,1.243e-05,0.00182247
2025-05-28 14:00:00+00:00,2961.1475,23.18517397,0.99595937,0.98667183,0.00706707,0.0,0.00402853
2025-05-28 15:00:00+00:00,2934.0025,23.19063867,0.99633179,0.9872406,0.00688921,0.0,0.00366821
2025-05-28 16:00:00+00:00,2905.4725,21.95488359,0.99691017,0.98853496,0.00672394,1.277e-05,0.00308378
2025-05-28 17:00:00+00:00,2909.005,23.04393181,0.99615509,0.98669927,0.0074821,0.0,0.00384491
2025-05-28 18:00:00+00:00,2948.095,21.88313913,0.99686255,0.98877929,0.00656052,0.0,0.00290456
2025-05-28 19:00:00+00:00,2952.41,21.67119624,0.9975642,0.98612078,0.0103503,5.09e-06,0.00203797
2025-05-28 20:00:00+00:00,2895.37,21.51096624,0.99791296,0.98659265,0.0103221,7.77e-06,0.00179158
2025-05-28 21:00:00+00:00,2864.915,21.65322546,0.99749813,0.99132532,0.00488657,1.008e-05,0.00236937
2025-05-28 22:00:00+00:00,2771.7075,23.44276397,0.99610793,0.98851032,0.00553316,0.0,0.00389207
2025-05-28 23:00:00+00:00,2763.97,23.34718954,0.99562737,0.9879623,0.00527826,0.0,0.00437263
2025-05-29 00:00:00+00:00,2733.7875,23.52424699,0.99623134,0.9887485,0.00524321,0.0,0.00376866
2025-05-29 01:00:00+00:00,2699.27,23.46059311,0.99612468,0.98890697,0.00511598,0.0,0.00387532
2025-05-29 02:00:00+00:00,2696.8225,23.28727294,0.99628658,0.98893887,0.0052506,0.0,0.0037127
2025-05-29 03:00:00+00:00,2698.165,23.1303302,0.99678295,0.98998696,0.00498493,0.0,0.00321705
2025-05-29 04:00:00+00:00,2743.6075,21.76912249,0.99790736,0.99201208,0.00460321,0.0,0.00209264
2025-05-29 05:00:00+00:00,2804.9725,21.01421706,0.99813084,0.99254959,0.00463911,0.0,0.0016236
2025-05-29 06:00:00+00:00,2845.635,21.43365595,0.99771508,0.99204976,0.00452169,0.0,0.0022253
2025-05-29 07:00:00+00:00,2929.5275,21.39233795,0.99747518,0.99189852,0.00437556,0.0,0.00233562
2025-05-29 08:00:00+00:00,2910.6225,21.65812385,0.99735287,0.98819116,0.00817071,0.0,0.0018958
2025-05-29 09:00:00+00:00,2932.2425,21.6930935,0.99762456,0.98879259,0.00798064,0.0,0.00163285
2025-05-29 10:00:00+00:00,2936.5,21.4117713,0.99805736,0.98937067,0.00788255,0.0,0.00156944
2025-05-29 11:00:00+00:00,2967.4875,21.54179408,0.99744535,0.98906761,0.00733699,0.0,0.00203685
2025-05-29 12:00:00+00:00,2929.235,22.46826505,0.9970079,0.98690487,0.00889903,0.0,0.00242712
2025-05-29 13:00:00+00:00,2910.575,22.00449101,0.99782957,0.98761574,0.00933715,0.0,0.00170641
2025-05-29 14:00:00+00:00,2901.515,22.64505482,0.99706933,0.98825257,0.00768914,0.0,0.00214069
2025-05-29 15:00:00+00:00,2899.5125,23.23018996,0.99697983,0.98668564,0.00879823,1.016e-05,0.00295101
2025-05-29 16:00:00+00:00,2909.9325,23.9275228,0.99669893,0.98451465,0.01066888,0.0,0.00302339
2025-05-29 17:00:00+00:00,2917.955,24.37498762,0.99631407,0.98433905,0.01036093,1.095e-05,0.00322644
2025-05-29 18:00:00+00:00,2939.4025,24.51438841,0.99606313,0.98647929,0.00775176,2.286e-05,0.00338567
2025-05-29 19:00:00+00:00,2921.925,24.43184088,0.9955482,0.98626462,0.0075289,2.157e-05,0.00354468
2025-05-29 20:00:00+00:00,2905.63,24.06866206,0.99634994,0.9867109,0.00784611,2.18e-05,0.00345596
2025-05-29 21:00:00+00:00,2875.3475,23.54925978,0.9966221,0.98464691,0.01045728,1.324e-05,0.00299859
2025-05-29 22:00:00+00:00,2834.69,23.3135934,0.99665025,0.99121189,0.00385877,0.0,0.00314728
2025-05-29 23:00:00+00:00,2786.695,23.06133759,0.99678129,0.99098852,0.00430039,0.0,0.0030087
2025-05-30 00:00:00+00:00,2757.0875,22.93141755,0.99714123,0.9914012,0.00429456,0.0,0.00284762
2025-05-30 01:00:00+00:00,2722.6375,22.85569047,0.9972388,0.99147019,0.00439233,0.0,0.00269973
2025-05-30 02:00:00+00:00,2673.3525,23.38522486,0.99681679,0.99091456,0.00445729,0.0,0.00279021
2025-05-30 03:00:00+00:00,2675.6675,22.8842952,0.9976615,0.99200919,0.00444876,0.0,0.00230904
2025-05-30 04:00:00+00:00,2810.2675,23.37265213,0.99672813,0.99056495,0.00453808,0.0,0.00309143
2025-05-30 05:00:00+00:00,2955.55,23.44722268,0.9962776,0.99027111,0.00439666,0.0,0.00308521
2025-05-30 06:00:00+00:00,3031.5675,24.00769841,0.9959211,0.9906292,0.00338726,0.0,0.00377888
2025-05-30 07:00:00+00:00,3060.935,23.8562277,0.99531027,0.98983538,0.00346147,0.0,0.00419248
2025-05-30 08:00:00+00:00,3114.7,23.74452899,0.99612366,0.99099115,0.003367,0.0,0.00360225
2025-05-30 09:00:00+00:00,3119.675,23.57031862,0.99620498,0.9882838,0.00622448,3.23e-06,0.003449
2025-05-30 10:00:00+00:00,3111.59,23.68490334,0.99649948,0.99030506,0.00438127,1.995e-05,0.0034328
2025-05-30 11:00:00+00:00,3125.5025,22.95926673,0.99641323,0.99030042,0.0046526,1.709e-05,0.00292082
2025-05-30 12:00:00+00:00,3111.5825,21.92520462,0.99756252,0.9919733,0.0045652,1.188e-05,0.00185413
2025-05-30 13:00:00+00:00,3116.725,22.43080853,0.99766246,0.99140061,0.00505027,1.152e-05,0.0021387
2025-05-30 14:00:00+00:00,3130.88,21.93319014,0.99776673,0.99167119,0.00524017,7.66e-06,0.00169541
2025-05-30 15:00:00+00:00,3124.3725,22.01745381,0.99879982,0.99219813,0.00616782,3.96e-06,0.00083185
2025-05-30 16:00:00+00:00,3105.1125,22.01018403,0.99831411,0.98947178,0.00803081,7.55e-06,0.00168047
2025-05-30 17:00:00+00:00,3081.94,22.16711581,0.9978128,0.98957197,0.00718431,1.155e-05,0.00217043
2025-05-30 18:00:00+00:00,3040.86,23.27883669,0.99658471,0.99121049,0.00373933,1.745e-05,0.00334011
2025-05-30 19:00:00+00:00,3004.59,23.27873209,0.99626866,0.99078615,0.00392031,1.352e-05,0.0032507
2025-05-30 20:00:00+00:00,2988.4975,22.92569766,0.99781168,0.99014655,0.00669744,9.59e-06,0.00203996
2025-05-30 21:00:00+00:00,2869.9175,22.98481041,0.99762964,0.99193987,0.00478537,9.47e-06,0.00186937
2025-05-30 22:00:00+00:00,2881.0575,21.76987491,0.9994919,0.99085397,0.0086374,0.0,0.0
2025-05-30 23:00:00+00:00,2828.5525,21.82088124,0.99973068,0.99036413,0.00936623,0.0,0.0
2025-05-31 00:00:00+00:00,2808.1275,21.85699887,0.99968966,0.99000904,0.00968016,0.0,0.0
2025-05-31 01:00:00+00:00,2786.34,21.94238023,0.99960011,0.98989976,0.00969988,0.0,0.0
2025-05-31 02:00:00+00:00,2780.095,22.10940893,0.99979065,0.98983716,0.0099531,0.0,0.0
2025-05-31 03:00:00+00:00,2787.575,21.98228104,0.9998344,0.99007685,0.00975734,0.0,0.0
2025-05-31 04:00:00+00:00,2814.4675,22.38712327,0.99834292,0.987634,0.00985707,9.54e-06,0.00165248
2025-05-31 05:00:00+00:00,2856.435,23.22690177,0.99712423,0.9856145,0.01023343,1.105e-05,0.00257335
2025-05-31 06:00:00+00:00,2933.0425,22.62093186,0.9980977,0.98705227,0.01001086,9.37e-06,0.00181644
2025-05-31 07:00:00+00:00,2999.0475,22.54943636,0.99673898,0.98665077,0.00958015,5.81e-06,0.00188114
2025-05-31 08:00:00+00:00,3025.32,22.9972891,0.99822533,0.98800359,0.00940199,9.75e-06,0.00135087
2025-05-31 09:00:00+00:00,2987.9075,22.58210842,0.99797124,0.98730422,0.00961632,1.211e-05,0.00182665
2025-05-31 10:00:00+00:00,2928.065,23.78039947,0.99550933,0.98312147,0.01092295,1.757e-05,0.00278874
2025-05-31 11:00:00+00:00,2890.625,22.63737066,0.9984713,0.98760153,0.01036328,4.51e-06,0.00103532
2025-05-31 12:00:00+00:00,2885.93,22.64797481,0.99781445,0.9866051,0.01023496,9e-06,0.00172697
2025-05-31 13:00:00+00:00,2887.0375,23.28679486,0.99730464,0.98621289,0.0096646,9.549e-05,0.00245187
2025-05-31 14:00:00+00:00,2888.425,23.66550452,0.9974356,0.98607859,0.00964226,0.00015437,0.00213992
2025-05-31 15:00:00+00:00,2898.075,23.57973197,0.99647259,0.98499207,0.0099667,1.277e-05,0.00293108
2025-05-31 16:00:00+00:00,2892.3475,24.6067127,0.99573425,0.98356067,0.01012222,0.0,0.00424583
2025-05-31 17:00:00+00:00,2869.555,24.73827335,0.99543888,0.98299802,0.01034567,0.0,0.00433711
2025-05-31 18:00:00+00:00,2860.96,24.69647359,0.99598589,0.98470979,0.00935031,0.0,0.00389767
2025-05-31 19:00:00+00:00,2868.3575,24.5834655,0.9957793,0.98387593,0.00985239,0.0,0.0042207
2025-05-31 20:00:00+00:00,2854.9675,24.31916669,0.99608968,0.98412177,0.0098644,0.0,0.00391032
2025-05-31 21:00:00+00:00,2862.8775,24.53355157,0.99510898,0.98373049,0.00873819,0.0,0.00482956
2025-05-31 22:00:00+00:00,2860.1075,23.25978844,0.99664477,0.98720668,0.00765889,0.0,0.00335523
2025-05-31 23:00:00+00:00,2810.855,24.0525871,0.99585696,0.98549136,0.00816845,0.0,0.00414304
2025-06-01 00:00:00+00:00,2796.9425,23.89788813,0.99633188,0.98595707,0.00833736,0.0,0.00366667
2025-06-01 01:00:00+00:00,2777.2425,21.93084354,0.9972784,0.9881841,0.00772543,0.0,0.0027216
2025-06-01 02:00:00+00:00,2763.3275,21.53618695,0.99764009,0.98896713,0.00740123,0.0,0.00231335
2025-06-01 03:00:00+00:00,2738.4025,21.25658959,0.99797821,0.98939905,0.00749337,0.0,0.00187807
2025-06-01 04:00:00+00:00,2747.9975,20.52748097,0.99860723,0.98971118,0.00824939,0.0,0.00123891
2025-06-01 05:00:00+00:00,2742.275,20.45314901,0.99912143,0.98974256,0.00894408,0.0,0.00086303
2025-06-01 06:00:00+00:00,2760.98,21.6947828,0.99757952,0.98634285,0.00991568,2.66e-06,0.00241951
2025-06-01 07:00:00+00:00,2788.93,22.86319614,0.99736001,0.98724863,0.00899412,1.172e-05,0.00210181
2025-06-01 08:00:00+00:00,2839.72,20.5127431,0.99966015,0.99007507,0.00947418,1.217e-05,0.00019402
2025-06-01 09:00:00+00:00,2788.04,22.09631621,0.99767016,0.98778949,0.00915408,8.702e-05,0.00120831
2025-06-01 10:00:00+00:00,2776.7125,21.70168974,0.9987887,0.98823089,0.01016728,5.09e-05,0.00066508
2025-06-01 11:00:00+00:00,2763.94,21.71603595,0.99894106,0.98990615,0.00866336,1.909e-05,0.00070874
2025-06-01 12:00:00+00:00,2745.6475,22.44052848,0.99791021,0.98839525,0.00872724,8.58e-06,0.00157036
2025-06-01 13:00:00+00:00,2760.5075,22.3479499,0.99782419,0.98803851,0.00873536,1.023e-05,0.00171869
2025-06-01 14:00:00+00:00,2790.4675,22.27397961,0.99732066,0.98647621,0.00944196,0.0,0.00261102
2025-06-01 15:00:00+00:00,2825.925,22.61678554,0.99680661,0.98662548,0.00872932,0.0,0.00293796
2025-06-01 16:00:00+00:00,2835.155,22.3405446,0.99751721,0.9866703,0.00964248,0.0,0.00239697
2025-06-01 17:00:00+00:00,2850.6025,23.08175333,0.9966839,0.98805286,0.00700772,0.0,0.0032334
2025-06-01 18:00:00+00:00,2873.1975,23.46844996,0.99635389,0.98813762,0.00638313,0.0,0.00351822
2025-06-01 19:00:00+00:00,2861.6325,23.48935277,0.99632973,0.98764765,0.0068077,0.0,0.0036454
2025-06-01 20:00:00+00:00,2858.8125,23.5618789,0.99575729,0.98665845,0.00694664,0.0,0.00417694
2025-06-01 21:00:00+00:00,2822.4625,23.31354481,0.99623911,0.98726393,0.00703346,0.0001763,0.00349389
2025-06-01 22:00:00+00:00,2773.11,23.09322805,0.99724564,0.98593307,0.00989353,0.00031355,0.00217931
2025-06-01 23:00:00+00:00,2722.8275,23.09840276,0.99722124,0.9859615,0.00996393,0.00017384,0.00216378
2025-06-02 00:00:00+00:00,2695.5325,23.16216825,0.99727291,0.98572839,0.01014498,0.00017709,0.00247487
2025-06-02 01:00:00+00:00,2701.1775,23.33460092,0.99708826,0.98573701,0.00990236,0.00010748,0.002704
2025-06-02 02:00:00+00:00,2695.0825,23.30387004,0.99694774,0.98561264,0.00987052,2.817e-05,0.00286222
2025-06-02 03:00:00+00:00,2719.3075,23.68202529,0.9964431,0.98532491,0.00954929,0.0,0.00324308
2025-06-02 04:00:00+00:00,2832.3625,23.72656753,0.99553095,0.98609767,0.00760362,0.0,0.0037573
2025-06-02 05:00:00+00:00,2991.775,23.82582513,0.99569323,0.98449285,0.00957893,0.0,0.00339138
2025-06-02 06:00:00+00:00,3041.5775,23.78671315,0.99605302,0.98469304,0.00971713,0.0,0.00345858
2025-06-02 07:00:00+00:00,3043.3975,23.81948543,0.99581017,0.98415079,0.00995845,0.0,0.00343654
2025-06-02 08:00:00+00:00,3031.2625,23.45088986,0.99606978,0.98494586,0.00955327,0.0,0.00310734
2025-06-02 09:00:00+00:00,3045.6725,22.90678913,0.99626051,0.98500091,0.00970578,0.0,0.00337045
2025-06-02 10:00:00+00:00,3059.71,22.28637974,0.99153125,0.98062637,0.01020592,2.92e-06,0.00826039
2025-06-02 11:00:00+00:00,3083.8275,21.79145566,0.99212746,0.98159194,0.01012176,3.37e-06,0.00768368
2025-06-02 12:00:00+00:00,3098.3225,20.89742985,0.99333768,0.9836929,0.00964478,0.0,0.00649968
2025-06-02 13:00:00+00:00,3122.63,20.31500452,0.99330521,0.98356182,0.00974339,0.0,0.00655425
2025-06-02 14:00:00+00:00,3130.13,20.11440442,0.99309913,0.98334079,0.00960929,1.55e-06,0.00673704
2025-06-02 15:00:00+00:00,3101.9925,20.57674492,0.9920484,0.98239149,0.00879031,0.0,0.00785218
2025-06-02 16:00:00+00:00,3073.755,20.38999565,0.9923355,0.98291763,0.00858745,0.0,0.00756257
2025-06-02 17:00:00+00:00,3047.86,20.28149885,0.99232072,0.98275378,0.00875246,0.0,0.00757214
2025-06-02 18:00:00+00:00,3034.08,20.56928724,0.99202183,0.98294452,0.00817004,0.0,0.0078854
2025-06-02 19:00:00+00:00,3013.355,21.23223916,0.99180168,0.9825812,0.00819399,0.0,0.00807806
2025-06-02 20:00:00+00:00,3002.9425,21.83273512,0.99164667,0.98257055,0.00796798,2e-08,0.0082508
2025-06-02 21:00:00+00:00,2957.66,22.10974185,0.9912589,0.98235151,0.00770901,1.7e-07,0.00865361
2025-06-02 22:00:00+00:00,2779.5125,22.29358556,0.99714978,0.98965897,0.00615104,1.25e-06,0.00275648
2025-06-02 23:00:00+00:00,2777.2025,22.52826965,0.99679767,0.98648255,0.00879061,1.02e-06,0.00310679
2025-06-03 00:00:00+00:00,2812.77,22.7203623,0.99016758,0.97992325,0.00861857,7e-07,0.00974086
2025-06-03 01:00:00+00:00,2787.37,22.80602564,0.99025492,0.97973835,0.00891626,2.26e-06,0.00965559
2025-06-03 02:00:00+00:00,2777.71,22.98085651,0.99018731,0.97984482,0.00873178,1.98e-06,0.00972689
2025-06-03 03:00:00+00:00,2837.595,22.95750855,0.99073693,0.98067846,0.00864394,3.14e-06,0.00919549
2025-06-03 04:00:00+00:00,2939.1325,22.8444802,0.99063483,0.9801852,0.00914927,2.68e-06,0.00859977
2025-06-03 05:00:00+00:00,3078.345,22.87447046,0.99113613,0.98103813,0.00872544,1.87e-06,0.00796575
2025-06-03 06:00:00+00:00,3114.18,22.80561787,0.99157971,0.98142355,0.00881155,1.6e-06,0.00804832
2025-06-03 07:00:00+00:00,3116.8675,22.59605043,0.99199639,0.98199005,0.0085716,1.31e-06,0.00784213
2025-06-03 08:00:00+00:00,3064.825,22.08836843,0.99126917,0.98243705,0.0074166,1.28e-06,0.00830684
2025-06-03 09:00:00+00:00,3047.2825,21.16271233,0.99257524,0.98696502,0.00477051,9.7e-07,0.00727702
2025-06-03 10:00:00+00:00,3001.8125,21.14542112,0.9914598,0.98447397,0.00606876,7.5e-07,0.00853989
2025-06-03 11:00:00+00:00,2990.91,22.27394349,0.99019017,0.98323733,0.00564133,1.167e-05,0.00892777
2025-06-03 12:00:00+00:00,2984.235,21.65046391,0.99056087,0.98387807,0.00557262,7.97e-06,0.00876834
2025-06-03 13:00:00+00:00,3000.435,20.99685943,0.99241957,0.98421438,0.00733319,8.2e-07,0.0075801
2025-06-03 14:00:00+00:00,3015.7875,19.92646693,0.99329222,0.98516035,0.00775341,4.1e-07,0.00670763
2025-06-03 15:00:00+00:00,2983.5075,20.4686411,0.99265364,0.98436533,0.00736915,1.13e-06,0.00734595
2025-06-03 16:00:00+00:00,2977.0575,20.14431694,0.99295199,0.98367301,0.00856754,6.4e-07,0.00704777
2025-06-03 17:00:00+00:00,2972.9975,20.26746282,0.9929117,0.98346787,0.00874733,5.4e-07,0.00708809
2025-06-03 18:00:00+00:00,2939.9925,20.05088215,0.99273675,0.986206,0.00585176,5.8e-07,0.00726303
2025-06-03 19:00:00+00:00,2923.765,19.97641878,0.99302412,0.98365186,0.00884152,4.6e-07,0.0069757
2025-06-03 20:00:00+00:00,2904.6675,19.96016868,0.99307915,0.98380005,0.00868514,4.8e-07,0.00692066
2025-06-03 21:00:00+00:00,2850.955,20.21172503,0.99241682,0.98280974,0.00881579,6.5e-07,0.00758295
2025-06-03 22:00:00+00:00,2726.275,19.75802795,0.9999828,0.99498575,0.00499705,0.0,1.718e-05
2025-06-03 23:00:00+00:00,2671.1175,20.29473277,0.99999998,0.99459829,0.00540169,0.0,0.0
2025-06-04 00:00:00+00:00,2666.715,20.76654878,0.99210702,0.98644402,0.00566266,0.0,0.00784291
2025-06-04 01:00:00+00:00,2654.19,21.01884374,0.99198534,0.9862851,0.00569937,0.0,0.00791023
2025-06-04 02:00:00+00:00,2657.0375,20.68066664,0.99204374,0.98634464,0.0056991,0.0,0.00795623
2025-06-04 03:00:00+00:00,2671.2725,20.00440383,0.99317118,0.9837358,0.00943539,0.0,0.0068288
2025-06-04 04:00:00+00:00,2748.4225,21.52493152,0.99102593,0.98041671,0.00951554,1.01e-06,0.00897368
2025-06-04 05:00:00+00:00,2877.455,21.20824077,0.99138758,0.98123625,0.0091278,1.07e-06,0.00861201
2025-06-04 06:00:00+00:00,2929.0275,21.40209401,0.99113431,0.98097727,0.00896539,1.1e-06,0.00886532
2025-06-04 07:00:00+00:00,2923.7725,22.26399396,0.99046453,0.97973025,0.00923235,1.33e-06,0.00953504
2025-06-04 08:00:00+00:00,2906.955,21.98481871,0.99071124,0.97940631,0.01038558,1.886e-05,0.00920768
2025-06-04 09:00:00+00:00,2910.235,22.49014839,0.98996851,0.98401006,0.00434861,8.594e-05,0.00970456
2025-06-04 10:00:00+00:00,2902.5525,22.3582906,0.99000692,0.98512357,0.00341146,0.00016093,0.00943545
2025-06-04 11:00:00+00:00,2891.435,22.49840066,0.98987865,0.98443342,0.00387084,0.00017875,0.00975182
2025-06-04 12:00:00+00:00,2920.9875,22.3955488,0.98986302,0.9837264,0.00471724,7.46e-06,0.0098561
2025-06-04 13:00:00+00:00,3017.225,22.38511213,0.98994292,0.98388612,0.00468258,1.05e-06,0.00989211
2025-06-04 14:00:00+00:00,2970.87,22.48259489,0.99118675,0.98115867,0.00845363,1.62e-06,0.00881268
2025-06-04 15:00:00+00:00,2924.4,22.62165883,0.99149104,0.9820428,0.00795794,1.33e-06,0.00850848
2025-06-04 16:00:00+00:00,2916.7375,22.65625487,0.99182217,0.98174265,0.00870144,1.82e-06,0.00817719
2025-06-04 17:00:00+00:00,2907.535,22.66265342,0.99073339,0.98015403,0.00928869,1.17e-06,0.00926618
2025-06-04 18:00:00+00:00,2937.4225,22.81257482,0.99191399,0.98127208,0.00925911,9.9e-07,0.00808566
2025-06-04 19:00:00+00:00,2959.82,22.85680055,0.99066487,0.98000388,0.00922939,1.18e-06,0.00933473
2025-06-04 20:00:00+00:00,2948.2825,23.07276412,0.99157949,0.98056208,0.00947574,1.29e-06,0.00842008
2025-06-04 21:00:00+00:00,2851.1775,22.93506046,0.99062668,0.97923303,0.00994406,1.4e-06,0.00937285
2025-06-04 22:00:00+00:00,2756.605,23.00750844,0.99816564,0.98844063,0.00826419,1.27e-06,0.00183393
2025-06-04 23:00:00+00:00,2693.145,23.0080441,0.99832592,0.98832132,0.0086315,1.12e-06,0.00167371
2025-06-05 00:00:00+00:00,2700.645,22.766452,0.99115937,0.98116466,0.00875056,9.1e-07,0.00884032
2025-06-05 01:00:00+00:00,2675.2425,22.59619446,0.99145575,0.98096451,0.00940795,1e-06,0.00854391
2025-06-05 02:00:00+00:00,2632.7525,22.7404224,0.99115112,0.98125454,0.00866452,1.12e-06,0.0088485
2025-06-05 03:00:00+00:00,2661.085,22.86414676,0.99147924,0.98255417,0.00770669,1.04e-06,0.0085204
2025-06-05 04:00:00+00:00,2835.8,23.19892502,0.99162288,0.98019013,0.01005058,1.1e-06,0.00837677
2025-06-05 05:00:00+00:00,2946.4175,23.38933955,0.99135986,0.97999081,0.00977427,1.05e-06,0.00863981
2025-06-05 06:00:00+00:00,2972.865,23.33928527,0.99145067,0.98013084,0.00977489,1e-06,0.00854902
2025-06-05 07:00:00+00:00,2901.795,23.38179023,0.99099946,0.97987186,0.00957681,1e-06,0.00900023
2025-06-05 08:00:00+00:00,2967.37,23.46861099,0.99070934,0.97933143,0.00965513,1.43e-06,0.00929022
2025-06-05 09:00:00+00:00,2987.09,23.33109348,0.98989254,0.97778639,0.010361,1.49e-06,0.010107
2025-06-05 10:00:00+00:00,2975.9575,23.20867079,0.98945289,0.97713274,0.01059872,1.11e-06,0.01054676
2025-06-05 11:00:00+00:00,2962.5875,23.39655702,0.98937469,0.976904,0.0107053,2.18e-06,0.01062013
2025-06-05 12:00:00+00:00,2991.6225,23.40661868,0.99048223,0.97906048,0.00971179,0.0,0.00951775
2025-06-05 13:00:00+00:00,2981.915,23.28880743,0.98929453,0.97719438,0.01033004,0.0,0.01070545
2025-06-05 14:00:00+00:00,2984.2375,23.21618961,0.9904428,0.97929358,0.00970054,0.0,0.00955718
2025-06-05 15:00:00+00:00,2942.5675,23.26452969,0.99071929,0.97983059,0.00952143,0.0,0.00928069
2025-06-05 16:00:00+00:00,2903.26,23.20134,0.99063512,0.97973645,0.00955451,0.0,0.00936487
2025-06-05 17:00:00+00:00,2898.005,23.16239863,0.99078759,0.97747762,0.01203053,0.0,0.0092124
2025-06-05 18:00:00+00:00,2916.61,23.25317978,0.99057031,0.97842301,0.01081294,0.0,0.00942967
2025-06-05 19:00:00+00:00,2904.02,23.13793064,0.99055568,0.97887918,0.01032893,0.0,0.00944431
2025-06-05 20:00:00+00:00,2887.4425,22.84368173,0.99092666,0.97910454,0.01044564,0.0,0.00907333
2025-06-05 21:00:00+00:00,2842.255,22.08817297,0.99052899,0.97847428,0.01082497,0.0,0.009471
2025-06-05 22:00:00+00:00,2763.25,22.14112752,0.99703202,0.98753672,0.008092,0.0,0.00296796
2025-06-05 23:00:00+00:00,2712.4475,22.53180932,0.99658345,0.98649562,0.00850326,0.0,0.00341653
2025-06-06 00:00:00+00:00,2707.0875,22.5562968,0.99011964,0.98018182,0.00854939,0.0,0.00988034
2025-06-06 01:00:00+00:00,2679.005,22.78332259,0.99002663,0.97991354,0.00868604,0.0,0.00997335
2025-06-06 02:00:00+00:00,2649.265,23.14196856,0.9897402,0.97949763,0.00877527,0.0,0.01025979
2025-06-06 03:00:00+00:00,2666.1025,23.29531459,0.99003528,0.97883502,0.00973678,0.0,0.0099647
2025-06-06 04:00:00+00:00,2782.88,23.63853644,0.98989028,0.97646915,0.01178735,0.0,0.01010971
2025-06-06 05:00:00+00:00,2964.52,24.05719074,0.99003419,0.9792554,0.00913107,0.0,0.0099658
2025-06-06 06:00:00+00:00,3023.045,24.03188084,0.99000915,0.97831741,0.00992414,0.0,0.00999083
2025-06-06 07:00:00+00:00,3042.0775,23.91242279,0.98837677,0.97517915,0.01120857,0.0,0.01113014
2025-06-06 08:00:00+00:00,3036.5225,24.14636839,0.98803723,0.97531191,0.01068494,0.0,0.01106233
2025-06-06 09:00:00+00:00,3033.7375,24.15126215,0.98829223,0.97548215,0.01081003,0.0,0.01068511
2025-06-06 10:00:00+00:00,3006.665,24.32268924,0.98774704,0.97772533,0.00797671,0.0,0.0111008
2025-06-06 11:00:00+00:00,2992.7225,24.12905878,0.98848024,0.97918736,0.00733613,0.0,0.01073544
2025-06-06 12:00:00+00:00,2962.5275,24.19650127,0.98857665,0.98040779,0.00631031,0.0,0.01058187
2025-06-06 13:00:00+00:00,2976.7975,24.13436514,0.98918243,0.97855783,0.0088471,1.432e-05,0.0100226
2025-06-06 14:00:00+00:00,2970.85,24.12276772,0.98922978,0.97867582,0.00878055,1.686e-05,0.01013497
2025-06-06 15:00:00+00:00,2984.19,24.22553483,0.9888075,0.97818012,0.00862978,1.634e-05,0.01046181
2025-06-06 16:00:00+00:00,2983.2025,24.32467365,0.98866834,0.97577534,0.01099084,9.08e-06,0.01044788
2025-06-06 17:00:00+00:00,2955.51,24.26891979,0.98951581,0.9758387,0.0120431,7.53e-06,0.00954835
2025-06-06 18:00:00+00:00,2956.595,24.28881999,0.98951387,0.97595676,0.01209095,0.0,0.00922298
2025-06-06 19:00:00+00:00,2912.0875,24.36553879,0.98995312,0.97594672,0.01245614,0.0,0.00965694
2025-06-06 20:00:00+00:00,2881.985,24.51799444,0.98926467,0.97507114,0.01244654,0.0,0.0103615
2025-06-06 21:00:00+00:00,2873.7125,24.60650875,0.98937092,0.97684007,0.01066525,2.5e-07,0.01056054
2025-06-06 22:00:00+00:00,2849.0975,24.64875947,0.98873489,0.97660753,0.01005501,0.0,0.01126438
2025-06-06 23:00:00+00:00,2781.2375,24.53407916,0.98824214,0.97656213,0.00960358,0.0,0.01169931
2025-06-07 00:00:00+00:00,2739.07,24.42422911,0.98836857,0.97716956,0.00919766,0.0,0.01159556
2025-06-07 01:00:00+00:00,2722.19,24.38185899,0.98784697,0.97654471,0.00908204,0.0,0.01211647
2025-06-07 02:00:00+00:00,2697.6525,24.26610282,0.98819319,0.97651084,0.00951259,0.0,0.01167682
2025-06-07 03:00:00+00:00,2691.2425,24.06608586,0.98778019,0.97563042,0.01013167,0.0,0.0121953
2025-06-07 04:00:00+00:00,2734.6225,24.06469516,0.98836948,0.97576421,0.01071542,0.0,0.01140932
2025-06-07 05:00:00+00:00,2777.2,23.98470015,0.98813701,0.97595516,0.01031114,0.0,0.01112287
2025-06-07 06:00:00+00:00,2849.4275,23.92953727,0.98799649,0.97720225,0.00901324,0.0,0.01097958
2025-06-07 07:00:00+00:00,2913.885,23.58677873,0.98779896,0.97673154,0.00939079,0.0,0.01052476
2025-06-07 08:00:00+00:00,2944.97,23.35024431,0.98780162,0.97842451,0.00773061,1.504e-05,0.01044449
2025-06-07 09:00:00+00:00,2940.3375,23.23335497,0.98789235,0.97910581,0.00715838,1.635e-05,0.01071652
2025-06-07 10:00:00+00:00,2934.8325,23.12991078,0.98853835,0.98006346,0.00681724,1.721e-05,0.01010106
2025-06-07 11:00:00+00:00,2912.7875,23.13172939,0.98832204,0.97907143,0.00753079,1.773e-05,0.01058843
2025-06-07 12:00:00+00:00,2893.82,23.38051145,0.98902645,0.97978107,0.00747928,1.553e-05,0.01028698
2025-06-07 13:00:00+00:00,2884.015,23.30392909,0.9893489,0.98061189,0.00715099,6.64e-06,0.00953162
2025-06-07 14:00:00+00:00,2872.61,23.6320872,0.98886053,0.98018473,0.00695952,2.7e-07,0.00965302
2025-06-07 15:00:00+00:00,2876.5525,23.86664935,0.9877259,0.97894619,0.00695158,0.0,0.0108123
2025-06-07 16:00:00+00:00,2862.985,24.03809308,0.98854065,0.97941626,0.00746431,8.6e-07,0.01009559
2025-06-07 17:00:00+00:00,2829.1325,24.25610119,0.98822704,0.9814816,0.00501689,1.1e-06,0.01031753
2025-06-07 18:00:00+00:00,2819.485,24.35552288,0.98846576,0.98166992,0.0050447,1.25e-06,0.01067873
2025-06-07 19:00:00+00:00,2821.4975,24.24318434,0.98888903,0.97966774,0.00759919,1.31e-06,0.01031153
2025-06-07 20:00:00+00:00,2797.6175,24.25820606,0.98945739,0.98012437,0.00774753,1.76e-06,0.01013994
2025-06-07 21:00:00+00:00,2792.94,24.2331144,0.9904032,0.98138138,0.00739692,1.72e-06,0.00952747
2025-06-07 22:00:00+00:00,2767.75,24.22936814,0.98988798,0.98153434,0.00670605,1.19e-06,0.0100779
2025-06-07 23:00:00+00:00,2742.9525,24.16763234,0.98986209,0.98049337,0.0076757,1.3e-06,0.01013042
2025-06-08 00:00:00+00:00,2727.0575,24.1620629,0.99005795,0.98062415,0.0077908,1.21e-06,0.00994162
2025-06-08 01:00:00+00:00,2706.9075,24.16475798,0.98997216,0.98080991,0.00745803,1.37e-06,0.01002384
2025-06-08 02:00:00+00:00,2692.9225,24.13987443,0.98940615,0.9821103,0.00556702,1.44e-06,0.010542
2025-06-08 03:00:00+00:00,2705.26,24.28675452,0.98917477,0.98184503,0.00553008,1.48e-06,0.01081113
2025-06-08 04:00:00+00:00,2701.005,24.26400498,0.98829138,0.98197231,0.00433003,1.56e-06,0.01165569
2025-06-08 05:00:00+00:00,2721.6975,24.21177261,0.98601746,0.97869389,0.00495951,1.91e-06,0.01365414
2025-06-08 06:00:00+00:00,2765.1875,24.26400775,0.98692643,0.97958217,0.00494265,1.7e-06,0.01276129
2025-06-08 07:00:00+00:00,2807.9375,23.91353959,0.98752518,0.97899514,0.006555,3.196e-05,0.01194478
2025-06-08 08:00:00+00:00,2839.5375,23.79272385,0.98820412,0.97951694,0.0068896,7.536e-05,0.01113242
2025-06-08 09:00:00+00:00,2831.8125,23.87790306,0.98791494,0.97918792,0.00680813,0.00022484,0.01085852
2025-06-08 10:00:00+00:00,2834.16,23.68392473,0.98730024,0.97867856,0.00677332,0.0003127,0.01090168
2025-06-08 11:00:00+00:00,2821.985,23.61460769,0.98727936,0.97870498,0.00673706,0.00025846,0.01111917
2025-06-08 12:00:00+00:00,2836.8925,23.55203608,0.98717959,0.97883779,0.00668644,0.0001392,0.01109755
2025-06-08 13:00:00+00:00,2840.2075,23.7286956,0.98705332,0.97836761,0.00659502,7.379e-05,0.01181808
2025-06-08 14:00:00+00:00,2854.875,23.89056362,0.98745113,0.97753433,0.00765532,5.336e-05,0.012035
2025-06-08 15:00:00+00:00,2864.8425,23.34192871,0.98913582,0.9817846,0.00531722,1.53e-06,0.01082762
2025-06-08 16:00:00+00:00,2891.34,23.44715661,0.98898024,0.9798824,0.00717027,1.35e-06,0.01084466
2025-06-08 17:00:00+00:00,2916.5875,23.61108205,0.98927743,0.97471032,0.01262942,1.38e-06,0.01050338
2025-06-08 18:00:00+00:00,2908.8675,23.62972651,0.98991455,0.97556702,0.0126453,1.47e-06,0.0097079
2025-06-08 19:00:00+00:00,2886.945,23.6647257,0.98968762,0.9762562,0.01169641,1.26e-06,0.00967519
2025-06-08 20:00:00+00:00,2875.88,23.46557374,0.98932346,0.98019929,0.00724165,1.32e-06,0.01000019
2025-06-08 21:00:00+00:00,2865.4475,23.4560532,0.98936296,0.98021739,0.00721562,2.98e-06,0.01058422
2025-06-08 22:00:00+00:00,2769.06,23.08255698,0.98980849,0.97795724,0.01017518,1.65e-06,0.01019105
2025-06-08 23:00:00+00:00,2768.73,23.38712866,0.9914617,0.98218769,0.0073565,1.83e-06,0.00853777
2025-06-09 00:00:00+00:00,2715.42,23.22885353,0.99681641,0.98773156,0.00727959,1.56e-06,0.00318314
2025-06-09 01:00:00+00:00,2702.5175,22.91073625,0.9970953,0.9879039,0.00745603,1.44e-06,0.00290428
2025-06-09 02:00:00+00:00,2679.29,22.44760591,0.99737716,0.98824481,0.00758451,1.53e-06,0.00262235
2025-06-09 03:00:00+00:00,2705.8125,22.8014852,0.99731429,0.98670513,0.00902597,1.42e-06,0.00266722
2025-06-09 04:00:00+00:00,2751.1575,23.1869941,0.99567197,0.98423141,0.00974796,1.63e-06,0.00323035
2025-06-09 05:00:00+00:00,2802.735,23.67264704,0.99588057,0.98210423,0.01204875,1.88e-06,0.00326654
2025-06-09 06:00:00+00:00,2861.5375,24.01661586,0.99548993,0.98109066,0.01254744,1.9e-06,0.00367384
2025-06-09 07:00:00+00:00,2889.1525,23.9609197,0.99564019,0.97961402,0.01421027,0.0,0.00348079
2025-06-09 08:00:00+00:00,2945.91,24.61963434,0.99542088,0.97795915,0.01482572,0.0,0.00344206
2025-06-09 09:00:00+00:00,2947.9275,24.11744695,0.99521702,0.98069645,0.01273283,0.0,0.00337929
2025-06-09 10:00:00+00:00,2949.6025,23.84236994,0.98818827,0.97445176,0.0122503,0.0,0.01125241
2025-06-09 11:00:00+00:00,2927.105,23.14693928,0.98927908,0.97471383,0.01334927,0.0,0.01026033
2025-06-09 12:00:00+00:00,2937.9525,23.58028342,0.989542,0.97436986,0.01305364,0.0,0.01009725
2025-06-09 13:00:00+00:00,2948.805,23.30509153,0.98947603,0.97552625,0.01239386,0.0,0.01010569
2025-06-09 14:00:00+00:00,2960.375,23.41968085,0.98981815,0.97545909,0.01280101,0.0,0.01006767
2025-06-09 15:00:00+00:00,2954.29,23.62522571,0.99012491,0.97544192,0.01291675,0.0,0.00976026
2025-06-09 16:00:00+00:00,2960.49,23.75419866,0.98926137,0.97482737,0.01260962,0.0,0.01044024
2025-06-09 17:00:00+00:00,2979.9775,23.97000405,0.9892179,0.97478152,0.01258234,0.0,0.0102607
2025-06-09 18:00:00+00:00,2982.295,24.1520522,0.98985995,0.97560662,0.01252361,0.0,0.00986166
2025-06-09 19:00:00+00:00,2973.7775,24.22347292,0.9897363,0.97542247,0.01259494,0.0,0.01015728
2025-06-09 20:00:00+00:00,2968.1725,24.4859467,0.98948081,0.97470333,0.01288907,0.0,0.01050494
2025-06-09 21:00:00+00:00,2956.8175,24.6091081,0.98930277,0.97450326,0.01289961,0.0,0.01068971
2025-06-09 22:00:00+00:00,2866.24,24.62809908,0.99661443,0.98163656,0.01308363,0.0,0.00338557
2025-06-09 23:00:00+00:00,2818.675,24.63920107,0.99691598,0.98208383,0.01297368,0.0,0.00305938
2025-06-10 00:00:00+00:00,2830.7025,24.68561538,0.98948892,0.97440788,0.01313129,0.0,0.0102363
2025-06-10 01:00:00+00:00,2838.56,24.68019488,0.98970929,0.9748561,0.01295582,0.0,0.01011778
2025-06-10 02:00:00+00:00,2831.85,24.74178438,0.98988715,0.97489385,0.01303134,0.0,0.00982288
2025-06-10 03:00:00+00:00,2855.585,24.69867769,0.98939637,0.97438185,0.01316447,0.0,0.01016073
2025-06-10 04:00:00+00:00,2983.195,24.59173077,0.98821706,0.97355085,0.01284827,0.0,0.01018576
2025-06-10 05:00:00+00:00,3123.2375,24.53238792,0.98869335,0.97458137,0.01236458,0.0,0.009908
2025-06-10 06:00:00+00:00,3130.1375,24.374101,0.98890323,0.97448057,0.01283972,0.0,0.00998191
2025-06-10 07:00:00+00:00,3122.61,24.42910653,0.98910632,0.97462531,0.0128388,0.0,0.00997745
2025-06-10 08:00:00+00:00,3108.1375,24.56180194,0.98826639,0.97294371,0.01352214,0.0,0.01060011
2025-06-10 09:00:00+00:00,3066.17,24.58482637,0.9889224,0.97373281,0.01334896,0.0,0.01033368
2025-06-10 10:00:00+00:00,2988.3325,24.60228881,0.9880967,0.97202636,0.01411034,0.0,0.01107442
2025-06-10 11:00:00+00:00,3024.6925,24.21188153,0.98844299,0.97280728,0.01372326,0.0,0.01076011
2025-06-10 12:00:00+00:00,3067.54,23.88086172,0.98864963,0.9733285,0.01354756,0.0,0.01054638
2025-06-10 13:00:00+00:00,3095.71,23.91032224,0.98870655,0.9753186,0.01167224,0.0,0.01042897
2025-06-10 14:00:00+00:00,3116.2925,23.96797007,0.98936685,0.97739953,0.01019922,0.0,0.01021463
2025-06-10 15:00:00+00:00,3068.9275,23.81586387,0.9893547,0.97456802,0.01315859,0.0,0.01012567
2025-06-10 16:00:00+00:00,3051.01,23.80634796,0.98966632,0.97524037,0.012902,0.0,0.00962928
2025-06-10 17:00:00+00:00,3060.005,23.8550836,0.98968971,0.97549056,0.01270089,0.0,0.0096808
2025-06-10 18:00:00+00:00,3033.5475,24.0416254,0.98958009,0.97521536,0.01282233,0.0,0.00969256
2025-06-10 19:00:00+00:00,3017.325,24.0881404,0.99003132,0.97547423,0.01301263,0.0,0.00996594
2025-06-10 20:00:00+00:00,2986.0375,24.05542267,0.99008355,0.97550845,0.01301787,0.0,0.00988653
2025-06-10 21:00:00+00:00,2909.2925,24.01468557,0.99002065,0.97530881,0.01318418,0.0,0.00997935
2025-06-10 22:00:00+00:00,2803.6675,23.86770808,0.99675419,0.98178077,0.01338773,0.0,0.00324581
2025-06-10 23:00:00+00:00,2745.315,23.90542798,0.99674753,0.98162789,0.01350378,0.0,0.00325247
2025-06-11 00:00:00+00:00,2767.4825,23.65671933,0.9896554,0.97465676,0.01344326,0.0,0.01006097
2025-06-11 01:00:00+00:00,2762.2625,23.51229803,0.98953785,0.97444039,0.01350519,0.0,0.01018866
2025-06-11 02:00:00+00:00,2729.1625,23.82724277,0.98924701,0.97378253,0.01373971,0.0,0.01052337
2025-06-11 03:00:00+00:00,2756.4625,23.84350604,0.98931755,0.9740897,0.01368268,0.0,0.0102222
2025-06-11 04:00:00+00:00,2858.5625,23.70836275,0.98880404,0.97416179,0.01321979,0.0,0.00961024
2025-06-11 05:00:00+00:00,2952.895,23.7334681,0.98896558,0.97418432,0.01333825,0.0,0.00936697
2025-06-11 06:00:00+00:00,2953.65,23.91371155,0.98952734,0.9738726,0.01395396,0.0,0.00945414
2025-06-11 07:00:00+00:00,2932.96,23.90842708,0.98899542,0.9722352,0.01502699,0.0,0.00997752
2025-06-11 08:00:00+00:00,2906.1125,23.84912066,0.98877674,0.97208763,0.01503437,7e-08,0.00994177
2025-06-11 09:00:00+00:00,2939.4775,23.60210027,0.9894144,0.97502998,0.01335256,6.2e-07,0.00926994
2025-06-11 10:00:00+00:00,2949.7925,23.25639636,0.98909937,0.97313866,0.01542963,3e-07,0.00907868
2025-06-11 11:00:00+00:00,2962.1975,23.1429528,0.99002801,0.97426399,0.0155876,1.1e-07,0.00848857
2025-06-11 12:00:00+00:00,2939.875,23.0381391,0.99009764,0.97453484,0.01556242,0.0,0.00830749
2025-06-11 13:00:00+00:00,2941.585,23.02968709,0.98994358,0.97443079,0.01551252,0.0,0.0082897
2025-06-11 14:00:00+00:00,3007.805,23.2734405,0.98971585,0.97421711,0.01488037,4.6e-07,0.00873974
2025-06-11 15:00:00+00:00,2983.595,23.77292387,0.98988743,0.97508956,0.01342026,9.5e-07,0.00879087
2025-06-11 16:00:00+00:00,2982.2925,23.88641658,0.98890129,0.97391637,0.01356973,1.28e-06,0.00974098
2025-06-11 17:00:00+00:00,2959.6275,24.08638049,0.98817946,0.97708059,0.00946397,1.92e-06,0.01058243
2025-06-11 18:00:00+00:00,2977.3,24.62025046,0.98657123,0.97663154,0.0077965,1.87e-06,0.01224134
2025-06-11 19:00:00+00:00,2989.5575,24.43160351,0.98947473,0.97547597,0.01225282,1.45e-06,0.01039195
2025-06-11 20:00:00+00:00,2984.0975,24.30344284,0.98926569,0.97425228,0.01348284,1.29e-06,0.01025329
2025-06-11 21:00:00+00:00,2922.4325,24.41366536,0.98948153,0.9745162,0.01333877,1.44e-06,0.01039985
2025-06-11 22:00:00+00:00,2824.925,24.48491697,0.99642612,0.98263464,0.01203798,2.2e-06,0.00357319
2025-06-11 23:00:00+00:00,2789.13,24.61840531,0.99697366,0.98325389,0.01178782,3.04e-06,0.00300848
2025-06-12 00:00:00+00:00,2804.525,24.5714335,0.98867517,0.97503312,0.0116693,2.47e-06,0.0108808
2025-06-12 01:00:00+00:00,2790.015,24.59409506,0.98831989,0.97449961,0.01183263,2.07e-06,0.01149656
2025-06-12 02:00:00+00:00,2779.11,24.64739365,0.98748184,0.9732406,0.01227111,2.36e-06,0.01203827
2025-06-12 03:00:00+00:00,2814.68,24.69487433,0.98806753,0.97440744,0.01175894,1.71e-06,0.0112698
2025-06-12 04:00:00+00:00,2929.2625,24.73132657,0.98602517,0.97355294,0.01045852,1.85e-06,0.01207692
2025-06-12 05:00:00+00:00,3059.6675,24.76594515,0.98598487,0.9718239,0.01209171,2.27e-06,0.0119542
2025-06-12 06:00:00+00:00,3121.1725,24.78541851,0.98652276,0.97034838,0.01410747,1.72e-06,0.01196403
2025-06-12 07:00:00+00:00,3099.615,24.61500375,0.98747355,0.97287419,0.01266368,1.81e-06,0.01101629
2025-06-12 08:00:00+00:00,3078.4,24.01193684,0.98650103,0.97163903,0.0134942,1.1e-06,0.01055139
2025-06-12 09:00:00+00:00,3019.0375,23.76761526,0.9862193,0.97200943,0.01311921,0.00011418,0.00965711
2025-06-12 10:00:00+00:00,2961.395,23.82923879,0.98582851,0.97176896,0.01301239,0.00011923,0.0097701
2025-06-12 11:00:00+00:00,2977.7025,23.73748848,0.98674875,0.97074954,0.01521299,5.1e-07,0.00962464
2025-06-12 12:00:00+00:00,3005.0125,23.9863943,0.98606879,0.97195883,0.01276607,0.00012563,0.01010807
2025-06-12 13:00:00+00:00,3029.9125,23.90639589,0.98746079,0.97410743,0.01211872,8.3e-07,0.00998421
2025-06-12 14:00:00+00:00,3025.55,24.10074111,0.98803535,0.97819993,0.00860034,8.6e-07,0.00979016
2025-06-12 15:00:00+00:00,2989.78,24.5823507,0.98764652,0.97459497,0.01106386,1.2e-06,0.01080754
2025-06-12 16:00:00+00:00,2997.965,24.72495916,0.98802878,0.97478903,0.01123786,1.25e-06,0.01040441
2025-06-12 17:00:00+00:00,3000.06,24.70641738,0.98788952,0.97476548,0.01125412,1.27e-06,0.01063612
2025-06-12 18:00:00+00:00,3023.155,24.70563751,0.98779716,0.97649409,0.00930848,1.33e-06,0.01090432
2025-06-12 19:00:00+00:00,3004.6125,24.4923325,0.9889629,0.97633085,0.01082937,1.39e-06,0.01020556
2025-06-12 20:00:00+00:00,2961.1525,24.38633409,0.98912189,0.97595508,0.01153581,2.09e-06,0.0098977
2025-06-12 21:00:00+00:00,2927.6075,24.23718085,0.99032037,0.97610756,0.01272986,1.26e-06,0.00899072
2025-06-12 22:00:00+00:00,2828.01,24.05996657,0.99700919,0.98291359,0.01253528,1.45e-06,0.00273272
2025-06-12 23:00:00+00:00,2768.6675,23.97651035,0.99717833,0.98237492,0.01314703,1.87e-06,0.0024849
2025-06-13 00:00:00+00:00,2765.8525,23.94101429,0.98944466,0.9747971,0.0130472,2.58e-06,0.00926252
2025-06-13 01:00:00+00:00,2733.5575,23.70205091,0.98981401,0.97544676,0.01288954,1.84e-06,0.0088566
2025-06-13 02:00:00+00:00,2719.1325,23.36234555,0.98903583,0.97461274,0.01296377,2.1e-06,0.00943406
2025-06-13 03:00:00+00:00,2751.695,22.93373213,0.98926229,0.97508709,0.01283612,1.34e-06,0.00905319
2025-06-13 04:00:00+00:00,2838.4975,23.10013599,0.98920498,0.97522116,0.01261736,2.06e-06,0.00906689
2025-06-13 05:00:00+00:00,2990.33,23.39886811,0.98912262,0.97514691,0.01250336,1.69e-06,0.00919672
2025-06-13 06:00:00+00:00,3027.6275,23.8221187,0.98876162,0.97422227,0.01293726,1.49e-06,0.00951638
2025-06-13 07:00:00+00:00,3012.2625,23.89389964,0.98746896,0.97504238,0.01045535,2.29e-06,0.01068162
2025-06-13 08:00:00+00:00,2996.785,23.5713025,0.98733463,0.9714129,0.01430346,1.46e-06,0.01027109
2025-06-13 09:00:00+00:00,2940.3425,23.31481681,0.98678104,0.97157522,0.01389415,1.11e-06,0.01005817
2025-06-13 10:00:00+00:00,2904.4625,23.26575694,0.98640647,0.9737061,0.01133443,1.46e-06,0.01044516
2025-06-13 11:00:00+00:00,2893.12,23.0346476,0.98639124,0.97281843,0.01249732,7.8e-07,0.01029416
2025-06-13 12:00:00+00:00,2872.86,22.95367902,0.9869409,0.97213678,0.01388622,8.9e-07,0.01008572
2025-06-13 13:00:00+00:00,2865.0575,22.95627231,0.98633563,0.97494369,0.01023706,3.151e-05,0.01060312
2025-06-13 14:00:00+00:00,2831.2475,23.29051335,0.98611348,0.97731361,0.00707938,1.5e-06,0.01149369
2025-06-13 15:00:00+00:00,2818.0425,23.32982313,0.9874103,0.98022135,0.00542397,2.09e-06,0.01069704
2025-06-13 16:00:00+00:00,2834.505,23.42076461,0.98862863,0.98060071,0.00655897,1.36e-06,0.00960422
2025-06-13 17:00:00+00:00,2804.5975,23.30740952,0.98839546,0.98000054,0.00683511,1.39e-06,0.0098073
2025-06-13 18:00:00+00:00,2745.195,22.99253545,0.98814027,0.97955531,0.00707891,1.44e-06,0.01008105
2025-06-13 19:00:00+00:00,2738.535,22.81519443,0.9889329,0.98060106,0.00693479,0.0,0.00986558
2025-06-13 20:00:00+00:00,2719.5825,22.97497674,0.98849268,0.97910473,0.00793892,0.0,0.01006849
2025-06-13 21:00:00+00:00,2654.7075,23.06403679,0.98905559,0.97415386,0.01348118,0.0,0.01010001
2025-06-13 22:00:00+00:00,2676.4725,23.0667443,0.98927742,0.97724958,0.01060892,0.0,0.01004419
2025-06-13 23:00:00+00:00,2589.9675,22.9668016,0.9888417,0.97655208,0.01082176,0.0,0.01039112
2025-06-14 00:00:00+00:00,2548.475,22.90358471,0.98829378,0.97555888,0.01113073,0.0,0.01094863
2025-06-14 01:00:00+00:00,2522.855,23.07681938,0.98782681,0.97473613,0.01144902,0.0,0.0110685
2025-06-14 02:00:00+00:00,2492.6325,23.18270578,0.98735461,0.97359536,0.01194346,0.0,0.01145725
2025-06-14 03:00:00+00:00,2492.9225,23.16569113,0.98674296,0.97291811,0.01188619,0.0,0.01218911
2025-06-14 04:00:00+00:00,2501.395,23.19933716,0.98722967,0.97386463,0.01154814,0.0,0.01150572
2025-06-14 05:00:00+00:00,2562.81,23.39519537,0.98781904,0.97487859,0.01103094,0.0,0.01064194
2025-06-14 06:00:00+00:00,2629.2725,23.49492133,0.98752058,0.97477248,0.01102274,0.0,0.010559
2025-06-14 07:00:00+00:00,2738.6675,23.66437554,0.98534572,0.97250616,0.01094426,3.692e-05,0.01217378
2025-06-14 08:00:00+00:00,2713.2875,23.7366315,0.98494281,0.97373333,0.00978665,0.0,0.01172108
2025-06-14 09:00:00+00:00,2723.66,23.95299911,0.98523205,0.97382026,0.01044292,2.442e-05,0.01089685
2025-06-14 10:00:00+00:00,2720.6675,24.09577973,0.98513923,0.97324045,0.01094496,5.924e-05,0.01057459
2025-06-14 11:00:00+00:00,2695.22,24.04526068,0.98518377,0.97140942,0.01307682,3.17e-05,0.01043752
2025-06-14 12:00:00+00:00,2680.58,24.11248667,0.98450244,0.97150831,0.01208386,7.486e-05,0.01079623
2025-06-14 13:00:00+00:00,2659.9075,24.02790594,0.98664839,0.97019869,0.01577509,1.4e-07,0.01034862
2025-06-14 14:00:00+00:00,2669.8525,24.25462159,0.98728954,0.97310582,0.01292239,0.0,0.01054507
2025-06-14 15:00:00+00:00,2693.1325,24.34833,0.98753654,0.97457169,0.01130143,0.0,0.01060637
2025-06-14 16:00:00+00:00,2688.035,24.36430958,0.98749191,0.97575267,0.00997225,0.0,0.01068711
2025-06-14 17:00:00+00:00,2682.185,24.45686357,0.98781065,0.97437048,0.01175635,0.0,0.01035151
2025-06-14 18:00:00+00:00,2664.04,24.35020068,0.98783505,0.97641168,0.00968568,0.0,0.01070096
2025-06-14 19:00:00+00:00,2630.61,24.20963448,0.98772546,0.97517864,0.01089699,0.0,0.01088906
2025-06-14 20:00:00+00:00,2621.98,23.97353531,0.98828327,0.97345066,0.01332082,0.0,0.01027461
2025-06-14 21:00:00+00:00,2557.3675,23.8796777,0.98865292,0.97299877,0.01409158,0.0,0.0104898
2025-06-14 22:00:00+00:00,2549.9925,23.50470829,0.98953682,0.9742718,0.0140304,0.0,0.00971464
2025-06-14 23:00:00+00:00,2495.6725,23.17873136,0.98955919,0.9748036,0.01347373,0.0,0.00997362
2025-06-15 00:00:00+00:00,2467.1,23.00518046,0.99012556,0.97544742,0.0135628,0.0,0.00958151
2025-06-15 01:00:00+00:00,2457.895,22.81149307,0.99066188,0.97627926,0.01343591,0.0,0.0090636
2025-06-15 02:00:00+00:00,2453.0,22.89145537,0.990212,0.97592588,0.0133381,0.0,0.00928494
2025-06-15 03:00:00+00:00,2438.1975,23.05341065,0.98975602,0.97523272,0.0135618,0.0,0.00945958
2025-06-15 04:00:00+00:00,2433.1375,23.61391691,0.9891973,0.97422287,0.01359122,0.0,0.01039568
2025-06-15 05:00:00+00:00,2470.9,24.11712464,0.98847,0.97246405,0.01426917,0.0,0.01143806
2025-06-15 06:00:00+00:00,2507.6225,24.25246974,0.98870309,0.97245614,0.01451044,0.0,0.01119505
2025-06-15 07:00:00+00:00,2563.96,24.46580401,0.98796699,0.97108747,0.01514327,0.0,0.01126899
2025-06-15 08:00:00+00:00,2595.495,24.41450432,0.98740849,0.9697397,0.01606345,0.0,0.01211126
2025-06-15 09:00:00+00:00,2616.975,24.26917043,0.98753498,0.97005436,0.01590639,4.74e-05,0.01178282
2025-06-15 10:00:00+00:00,2577.88,24.10313037,0.9860396,0.97127526,0.0130867,0.00011316,0.01236438
2025-06-15 11:00:00+00:00,2555.9325,24.10175965,0.98524461,0.97291944,0.0106706,0.00019814,0.01233548
2025-06-15 12:00:00+00:00,2594.4125,24.07713332,0.98510939,0.97181081,0.01174448,0.00022131,0.01208729
2025-06-15 13:00:00+00:00,2631.33,24.33723008,0.98604371,0.97029749,0.0140106,7.167e-05,0.01275545
2025-06-15 14:00:00+00:00,2639.37,24.19675862,0.98795898,0.97336416,0.01278205,0.0,0.01203678
2025-06-15 15:00:00+00:00,2651.3025,23.85047978,0.98932854,0.9738193,0.01377882,0.0,0.01064979
2025-06-15 16:00:00+00:00,2654.4825,23.6745149,0.98932235,0.97409202,0.0136275,0.0,0.01051159
2025-06-15 17:00:00+00:00,2703.48,23.24824905,0.98920293,0.97446814,0.01338603,0.0,0.00989192
2025-06-15 18:00:00+00:00,2719.61,23.30666121,0.98930751,0.97441456,0.01350701,0.0,0.01003838
2025-06-15 19:00:00+00:00,2701.675,23.19804856,0.98988653,0.97533922,0.01323535,0.0,0.00959355
2025-06-15 20:00:00+00:00,2647.7275,23.03485481,0.98988785,0.97512563,0.01349096,0.0,0.00950413
2025-06-15 21:00:00+00:00,2598.9,23.1334256,0.99060915,0.97580708,0.01361216,0.0,0.008757
2025-06-15 22:00:00+00:00,2534.3125,23.23700936,0.99023588,0.97814834,0.01094268,0.0,0.00887403
2025-06-15 23:00:00+00:00,2493.8125,23.44942701,0.98906637,0.97684284,0.01094057,0.0,0.00997873
2025-06-16 00:00:00+00:00,2464.2225,23.5052468,0.99198905,0.97990594,0.0108757,0.0,0.0070297
2025-06-16 01:00:00+00:00,2433.92,23.47949391,0.99205472,0.97989247,0.01091566,0.0,0.00706174
2025-06-16 02:00:00+00:00,2399.095,23.05720381,0.99281162,0.98059024,0.01115122,0.0,0.00664277
2025-06-16 03:00:00+00:00,2431.35,23.08341238,0.99317,0.98128759,0.01092961,0.0,0.00616498
2025-06-16 04:00:00+00:00,2566.49,23.04546389,0.99158009,0.98032293,0.01002976,0.0,0.00662415
2025-06-16 05:00:00+00:00,2742.2425,22.48632037,0.99224282,0.99064593,0.00039794,0.0,0.0061224
2025-06-16 06:00:00+00:00,2805.915,21.92911005,0.99299211,0.99180097,0.0,0.0,0.00587806
2025-06-16 07:00:00+00:00,2880.6375,20.87418057,0.99287968,0.99183806,0.0,0.0,0.00570653
2025-06-16 08:00:00+00:00,2922.92,21.28613597,0.99227558,0.99089809,0.0,0.0,0.00628646
2025-06-16 09:00:00+00:00,2904.76,22.98055868,0.99065695,0.98858688,0.0,0.0,0.00823
2025-06-16 10:00:00+00:00,2901.0175,21.73643057,0.9901623,0.98883969,0.0,1.8e-07,0.00948992
2025-06-16 11:00:00+00:00,2886.485,20.46741545,0.99063135,0.98984768,0.0,2.4e-07,0.00857091
2025-06-16 12:00:00+00:00,2948.7475,19.9457297,0.99122369,0.99060716,0.0,2.3e-07,0.00807755
2025-06-16 13:00:00+00:00,2982.13,20.20697961,0.99156975,0.99087226,0.0,2.7e-07,0.00783658
2025-06-16 14:00:00+00:00,2998.835,20.49838464,0.99114385,0.99034575,0.0,2.2e-07,0.00850988
2025-06-16 15:00:00+00:00,2979.4,19.9718348,0.99140965,0.99084057,0.0,1.9e-07,0.00793802
2025-06-16 16:00:00+00:00,2948.6675,20.33289247,0.99110081,0.99016463,0.0,3.4e-07,0.00805829
2025-06-16 17:00:00+00:00,2929.3,20.21630944,0.99149146,0.99069975,0.0,3.1e-07,0.00775745
2025-06-16 18:00:00+00:00,2925.315,19.63167968,0.99225662,0.9917112,0.0,2.7e-07,0.00724012
2025-06-16 19:00:00+00:00,2874.3825,19.8546897,0.99207756,0.99152565,0.0,2e-07,0.00749796
2025-06-16 20:00:00+00:00,2811.3925,19.99041622,0.99181025,0.99122865,0.0,2.7e-07,0.00760159
2025-06-16 21:00:00+00:00,2745.9725,21.06380727,0.99099462,0.9899991,0.0,4.9e-07,0.00827825
2025-06-16 22:00:00+00:00,2604.55,20.88641883,0.99606149,0.99606149,0.0,0.0,0.00390193
2025-06-16 23:00:00+00:00,2526.7325,21.12481771,0.99514349,0.99514349,0.0,0.0,0.0041832
2025-06-17 00:00:00+00:00,2517.7225,21.15983376,0.99124506,0.99124506,0.0,0.0,0.0075766
2025-06-17 01:00:00+00:00,2500.0925,21.07312414,0.99120243,0.99120243,0.0,0.0,0.00765672
2025-06-17 02:00:00+00:00,2443.8325,21.00235374,0.99080057,0.99080057,0.0,0.0,0.00781268
2025-06-17 03:00:00+00:00,2487.765,20.89354764,0.99098677,0.99033709,0.00064969,0.0,0.00729166
2025-06-17 04:00:00+00:00,2635.28,20.53925935,0.99101717,0.98781948,0.00286784,2.1e-07,0.00728969
2025-06-17 05:00:00+00:00,2797.195,20.50908566,0.99022385,0.98663519,0.00280156,5.4e-07,0.00810526
2025-06-17 06:00:00+00:00,2881.875,21.78023451,0.98885963,0.98574307,0.00179438,8.2e-07,0.00953355
2025-06-17 07:00:00+00:00,2943.3075,22.51217336,0.98919762,0.98496558,0.00282698,9.8e-07,0.00921375
2025-06-17 08:00:00+00:00,2915.0475,22.58984015,0.98860368,0.98433876,0.00298001,9.2e-07,0.00959878
2025-06-17 09:00:00+00:00,2882.6575,22.75756674,0.9888973,0.98522714,0.00246906,8e-07,0.00926999
2025-06-17 10:00:00+00:00,2879.615,22.99896499,0.9884996,0.98488564,0.00239096,8.5e-07,0.00963548
2025-06-17 11:00:00+00:00,2889.065,22.6182587,0.98838395,0.98595668,0.00242644,8e-07,0.00977675
2025-06-17 12:00:00+00:00,2931.2675,22.90831753,0.98770469,0.98764344,6.005e-05,1.13e-06,0.01035091
2025-06-17 13:00:00+00:00,2950.0325,23.17011205,0.98760403,0.98760266,0.0,1.29e-06,0.01054506
2025-06-17 14:00:00+00:00,2921.1725,23.3404842,0.98742291,0.98742159,0.0,1.23e-06,0.01090146
2025-06-17 15:00:00+00:00,2941.0475,22.85046832,0.98784095,0.98783938,0.0,1.42e-06,0.01066657
2025-06-17 16:00:00+00:00,2937.405,21.91690969,0.98869674,0.98869548,0.0,1.23e-06,0.01016384
2025-06-17 17:00:00+00:00,2931.1775,21.0220732,0.99028916,0.9902884,0.0,7.4e-07,0.00860368
2025-06-17 18:00:00+00:00,2939.61,20.26849532,0.9912533,0.99125285,0.0,4.4e-07,0.00764535
2025-06-17 19:00:00+00:00,2916.96,20.18517264,0.99359643,0.99359643,0.0,0.0,0.00593747
2025-06-17 20:00:00+00:00,2879.6,20.25673656,0.99337463,0.99132092,0.00205371,0.0,0.00609229
2025-06-17 21:00:00+00:00,2813.1275,20.68956565,0.99194026,0.9916283,0.00031156,3.9e-07,0.00791002
2025-06-17 22:00:00+00:00,2757.4475,20.81150699,0.99461922,0.99397198,0.00064661,6.2e-07,0.00537985
2025-06-17 23:00:00+00:00,2693.505,20.60962273,0.99459609,0.99386173,0.00073392,4.3e-07,0.00529758
2025-06-18 00:00:00+00:00,2697.125,20.75505707,0.99063459,0.98994508,0.00068891,5.9e-07,0.00818741
2025-06-18 01:00:00+00:00,2677.1,20.65161637,0.99042826,0.98756302,0.00286465,5.8e-07,0.00843253
2025-06-18 02:00:00+00:00,2642.9725,21.06794068,0.99035732,0.988116,0.00224076,5.5e-07,0.00852505
2025-06-18 03:00:00+00:00,2688.5725,21.0263844,0.98998724,0.98738734,0.00259906,8.1e-07,0.00897478
2025-06-18 04:00:00+00:00,2825.665,20.58859774,0.99061297,0.98807479,0.0025377,4.7e-07,0.0077556
2025-06-18 05:00:00+00:00,3024.295,20.37509502,0.99101644,0.98937008,0.00164586,4.9e-07,0.00739269
2025-06-18 06:00:00+00:00,3088.2725,20.44470656,0.99096854,0.99049303,0.00040551,5.8e-07,0.00761507
2025-06-18 07:00:00+00:00,3098.38,21.36961502,0.9909409,0.98786996,0.00213315,6.2e-07,0.00773226
2025-06-18 08:00:00+00:00,3109.96,21.28675526,0.99051126,0.98790677,0.00191238,4.5e-07,0.00783652
2025-06-18 09:00:00+00:00,3058.72,21.2077339,0.99064987,0.98780518,0.00224798,4.3e-07,0.00765274
2025-06-18 10:00:00+00:00,3060.5075,21.30024361,0.99011345,0.98705602,0.00220107,5.6e-07,0.00821041
2025-06-18 11:00:00+00:00,3057.26,21.78884302,0.98844412,0.98672098,0.00042442,9e-07,0.00973974
2025-06-18 12:00:00+00:00,3060.05,22.0710845,0.98820388,0.98636899,0.00040151,9.9e-07,0.00963702
2025-06-18 13:00:00+00:00,3080.075,22.49512083,0.98953626,0.98648807,0.00162454,9.1e-07,0.00927835
2025-06-18 14:00:00+00:00,3076.3975,22.68431446,0.98931957,0.98668505,0.00096732,9.3e-07,0.00973271
2025-06-18 15:00:00+00:00,3035.3225,23.03038597,0.98859952,0.98622328,0.00061524,1.1e-06,0.01032896
2025-06-18 16:00:00+00:00,3008.3325,22.86678126,0.98958129,0.98738003,0.00064389,1.01e-06,0.00957659
2025-06-18 17:00:00+00:00,3003.325,22.86518442,0.98981669,0.98787289,0.00046128,9.4e-07,0.00956138
2025-06-18 18:00:00+00:00,2989.57,22.99724028,0.99089122,0.98906806,0.00041049,9.2e-07,0.0083151
2025-06-18 19:00:00+00:00,2973.73,23.23814774,0.99078445,0.988849,0.00042846,9.2e-07,0.00911249
2025-06-18 20:00:00+00:00,2948.6725,23.35560976,0.99056693,0.98867862,0.00042114,1.03e-06,0.00905221
2025-06-18 21:00:00+00:00,2895.48,23.2488441,0.99037509,0.98836659,0.00040802,1.22e-06,0.00958547
2025-06-18 22:00:00+00:00,2801.225,23.17313291,0.99660535,0.99462124,0.00046253,1.12e-06,0.0033942
2025-06-18 23:00:00+00:00,2757.3675,23.16541075,0.99733546,0.99509691,0.00047196,1.7e-06,0.00253445
2025-06-19 00:00:00+00:00,2751.7375,23.55704737,0.98925008,0.98691895,0.00047621,3.68e-05,0.00994187
2025-06-19 01:00:00+00:00,2719.0425,23.40564076,0.98906215,0.98670648,0.00046635,6.995e-05,0.0099675
2025-06-19 02:00:00+00:00,2723.725,23.62638042,0.98859107,0.98616508,0.00049044,5.478e-05,0.01017588
2025-06-19 03:00:00+00:00,2750.1825,23.44267453,0.98889723,0.98651781,0.00048935,1.51e-06,0.00988149
2025-06-19 04:00:00+00:00,2879.4225,23.21989083,0.98891907,0.98674494,0.00043868,1.27e-06,0.009309
2025-06-19 05:00:00+00:00,3025.8525,22.56440665,0.98917425,0.98735816,0.00042251,1.05e-06,0.00899127
2025-06-19 06:00:00+00:00,3067.22,23.2989756,0.98841434,0.98641772,0.0004031,1.06e-06,0.00917138
2025-06-19 07:00:00+00:00,3076.22,22.36657228,0.9897499,0.98800862,0.00045094,8.8e-07,0.00851283
2025-06-19 08:00:00+00:00,3046.14,22.27640761,0.98934789,0.98754257,0.00039776,6.585e-05,0.00822637
2025-06-19 09:00:00+00:00,3031.265,21.40801277,0.98992938,0.98781159,0.00111991,1.483e-05,0.00771114
2025-06-19 10:00:00+00:00,2991.8425,20.92575903,0.98907035,0.98500737,0.00361583,2.6e-07,0.0077501
2025-06-19 11:00:00+00:00,2998.535,21.36777702,0.98763207,0.9828024,0.00427579,3.5e-07,0.00823669
2025-06-19 12:00:00+00:00,3017.1825,20.99881424,0.98905845,0.9842647,0.00437032,2.7e-07,0.00777264
2025-06-19 13:00:00+00:00,3053.7875,21.42079158,0.98994174,0.98579401,0.00342765,4.7e-07,0.00759469
2025-06-19 14:00:00+00:00,3053.3825,21.93027473,0.98972883,0.98540879,0.00338961,6.2e-07,0.0078362
2025-06-19 15:00:00+00:00,3038.6275,22.2891443,0.98891055,0.98386862,0.00355172,6.81e-06,0.0085962
2025-06-19 16:00:00+00:00,3052.715,22.10107875,0.9888428,0.98276353,0.00466599,0.0,0.00896332
2025-06-19 17:00:00+00:00,3013.215,21.9691809,0.98965501,0.98354536,0.00493001,0.0,0.0086931
2025-06-19 18:00:00+00:00,3039.875,21.91081771,0.99009856,0.98318053,0.00590905,0.0,0.00827138
2025-06-19 19:00:00+00:00,3028.88,22.04751029,0.99072739,0.98384066,0.00568849,0.0,0.00830448
2025-06-19 20:00:00+00:00,3010.14,21.98328208,0.98981757,0.98160891,0.00678884,0.0,0.00902233
2025-06-19 21:00:00+00:00,2964.01,21.91736094,0.98985015,0.98142581,0.00693533,0.0,0.00924696
2025-06-19 22:00:00+00:00,2894.935,23.61444905,0.99454239,0.98479828,0.00724646,0.00019834,0.00373922
2025-06-19 23:00:00+00:00,2810.915,23.74603177,0.99435524,0.98320645,0.00873047,0.00019166,0.00383821
2025-06-20 00:00:00+00:00,2779.1975,23.55822728,0.98525257,0.97165104,0.01076576,0.00027298,0.01144142
2025-06-20 01:00:00+00:00,2752.3875,23.67595444,0.98590137,0.97214584,0.01092733,0.00028583,0.01090087
2025-06-20 02:00:00+00:00,2741.235,23.74646347,0.9852814,0.97192856,0.01077164,0.0002315,0.01152677
2025-06-20 03:00:00+00:00,2780.515,23.60083202,0.98497961,0.97152579,0.01084672,0.00011388,0.01152662
2025-06-20 04:00:00+00:00,2887.3175,23.60229425,0.98534175,0.98260999,0.00014872,0.00017333,0.01133834
2025-06-20 05:00:00+00:00,3055.325,23.58533344,0.98544023,0.98318337,0.0,0.0,0.0112931
2025-06-20 06:00:00+00:00,3115.11,23.31841474,0.98488339,0.98261096,0.0,0.0,0.01150458
2025-06-20 07:00:00+00:00,3083.825,23.49244062,0.98499881,0.98267032,0.0,9.898e-05,0.01148999
2025-06-20 08:00:00+00:00,3115.66,23.51153509,0.98623007,0.9838128,0.00012197,0.00011767,0.0100963
2025-06-20 09:00:00+00:00,3076.65,23.54977421,0.98824534,0.98213875,0.00415684,3.116e-05,0.00870527
2025-06-20 10:00:00+00:00,3049.88,23.43034748,0.98756479,0.98145811,0.00430372,0.0,0.00944938
2025-06-20 11:00:00+00:00,3066.4675,23.43161651,0.98814885,0.9816572,0.00486486,0.0,0.00918788
2025-06-20 12:00:00+00:00,3061.135,23.4898787,0.98734806,0.9809757,0.00463446,0.0,0.00989475
2025-06-20 13:00:00+00:00,3079.1875,23.58852022,0.98570448,0.98193899,0.0017232,1.485e-05,0.01101174
2025-06-20 14:00:00+00:00,3087.2625,23.55221201,0.98450877,0.98205672,5.249e-05,6.385e-05,0.01161004
2025-06-20 15:00:00+00:00,3097.3075,23.53212341,0.98452334,0.9783706,0.00386629,0.0,0.01178212
2025-06-20 16:00:00+00:00,3079.2875,23.52265914,0.98327537,0.9807069,7.102e-05,0.0,0.01273368
2025-06-20 17:00:00+00:00,3062.885,23.47750324,0.98428578,0.97768798,0.00410452,0.0,0.0124574
2025-06-20 18:00:00+00:00,2946.2575,23.45466573,0.98395951,0.9814619,0.0,0.0,0.01319761
2025-06-20 19:00:00+00:00,2937.485,23.37149994,0.98631477,0.98272541,0.00141099,0.0,0.01173589
2025-06-20 20:00:00+00:00,2875.21,23.33113891,0.9862154,0.98412828,3.99e-06,0.0,0.0114272
2025-06-20 21:00:00+00:00,2849.6275,23.21528086,0.98507255,0.98255579,0.00031926,0.0,0.01221693
2025-06-20 22:00:00+00:00,2865.49,21.8906663,0.98982911,0.978427,0.01016808,0.0,0.00921075
2025-06-20 23:00:00+00:00,2820.755,22.44595547,0.98898323,0.97710949,0.01041208,0.0,0.00963654
2025-06-21 00:00:00+00:00,2769.45,23.73973791,0.98735172,0.97451626,0.01096392,0.0,0.01085154
2025-06-21 01:00:00+00:00,2725.895,23.91543554,0.9873165,0.97486913,0.0105255,0.0,0.01081722
2025-06-21 02:00:00+00:00,2702.0175,23.51963642,0.98800891,0.9756679,0.01059836,1.064e-05,0.01012847
2025-06-21 03:00:00+00:00,2700.39,22.72354584,0.9885262,0.97651844,0.01075685,0.0,0.00941139
2025-06-21 04:00:00+00:00,2728.68,22.61081179,0.98900453,0.97733198,0.01059476,0.0,0.00906566
2025-06-21 05:00:00+00:00,2795.1375,22.17101757,0.98904934,0.97780604,0.01039235,0.0,0.00853085
2025-06-21 06:00:00+00:00,2863.0225,22.65507017,0.98918911,0.97766225,0.01020982,0.0,0.00863845
2025-06-21 07:00:00+00:00,2925.85,23.21341435,0.9885432,0.97669056,0.01039494,0.0,0.00884291
2025-06-21 08:00:00+00:00,2960.36,23.18585027,0.9883585,0.97672547,0.01006792,0.0,0.00880752
2025-06-21 09:00:00+00:00,2945.095,21.89685636,0.98973938,0.97899891,0.01007443,0.0,0.00767102
2025-06-21 10:00:00+00:00,2932.6525,22.01450481,0.99062832,0.98079228,0.00983604,0.0,0.00674811
2025-06-21 11:00:00+00:00,2895.9025,22.33613672,0.99075886,0.98069427,0.01006459,0.0,0.00687238
2025-06-21 12:00:00+00:00,2874.205,22.65953014,0.9904943,0.97979122,0.01049202,3e-08,0.0073995
2025-06-21 13:00:00+00:00,2864.1275,23.42144958,0.98988802,0.97870788,0.0099988,2.8e-07,0.00821002
2025-06-21 14:00:00+00:00,2867.3175,23.90067893,0.98845004,0.97631029,0.01051405,0.0,0.00893231
2025-06-21 15:00:00+00:00,2895.995,24.46520649,0.98711859,0.97531721,0.00968535,0.0,0.00982882
2025-06-21 16:00:00+00:00,2892.01,24.49119458,0.98588956,0.97803324,0.00533904,0.0,0.01067087
2025-06-21 17:00:00+00:00,2766.47,24.63122334,0.98530829,0.97357205,0.00895389,6.762e-05,0.01117385
2025-06-21 18:00:00+00:00,2759.755,24.8114837,0.98679699,0.97315552,0.01119135,7.401e-05,0.0107972
2025-06-21 19:00:00+00:00,2742.2,24.82505595,0.98488348,0.97777542,0.00440866,0.0,0.01177692
2025-06-21 20:00:00+00:00,2795.2475,24.68627787,0.98346918,0.98036931,5.842e-05,0.0,0.01214542
2025-06-21 21:00:00+00:00,2777.0075,24.48444317,0.98427914,0.98092861,0.00032617,0.0,0.01183703
2025-06-21 22:00:00+00:00,2741.0,24.02209764,0.98912956,0.97755809,0.00958722,2.327e-05,0.00935296
2025-06-21 23:00:00+00:00,2732.1425,23.58588801,0.98982722,0.97877199,0.00922108,8.35e-06,0.00911661
2025-06-22 00:00:00+00:00,2729.3725,23.05460845,0.99001172,0.98183024,0.00635829,0.0,0.00914765
2025-06-22 01:00:00+00:00,2719.0325,24.28944909,0.98840937,0.97944347,0.00672716,0.0,0.00996712
2025-06-22 02:00:00+00:00,2719.305,24.41127081,0.98800798,0.98555724,7.155e-05,0.0,0.01033221
2025-06-22 03:00:00+00:00,2688.4325,24.33572164,0.9872648,0.98492531,0.0,0.0,0.01046762
2025-06-22 04:00:00+00:00,2682.7425,24.29481465,0.98764615,0.98536022,0.0,0.0,0.01042476
2025-06-22 05:00:00+00:00,2709.09,23.91203587,0.98864307,0.98061517,0.00599389,0.0,0.00976796
2025-06-22 06:00:00+00:00,2724.1375,23.71423165,0.98817884,0.97634281,0.00993213,5.095e-05,0.00968073
2025-06-22 07:00:00+00:00,2719.7625,23.49180172,0.98693859,0.97478671,0.01100649,4.719e-05,0.0092545
2025-06-22 08:00:00+00:00,2719.64,22.78186661,0.98597352,0.9855571,0.00018977,4.082e-05,0.00884128
2025-06-22 09:00:00+00:00,2718.615,22.81440051,0.98621174,0.98581408,0.00010388,1.075e-05,0.00912616
2025-06-22 10:00:00+00:00,2719.76,22.78663833,0.98867187,0.97759004,0.01108183,0.0,0.00794397
2025-06-22 11:00:00+00:00,2749.42,22.73483976,0.98818636,0.9766557,0.01148794,0.0,0.0080222
2025-06-22 12:00:00+00:00,2804.9425,22.81497892,0.98803422,0.976389,0.01149105,0.0,0.0082318
2025-06-22 13:00:00+00:00,2813.0825,22.96363654,0.98807404,0.9762676,0.01130496,0.0,0.00863939
2025-06-22 14:00:00+00:00,2852.7,22.74165403,0.98890587,0.97759886,0.00991838,8.94e-06,0.00941992
2025-06-22 15:00:00+00:00,2920.09,23.5433088,0.98804332,0.97640763,0.00974309,0.0,0.01037856
2025-06-22 16:00:00+00:00,2917.6225,23.39612655,0.98653357,0.9842077,0.00013662,0.0,0.01109679
2025-06-22 17:00:00+00:00,2917.2475,23.34853819,0.98627431,0.98427254,0.0,0.0,0.01133764
2025-06-22 18:00:00+00:00,2935.205,23.27769931,0.98529179,0.98275035,0.0002715,0.0,0.01174312
2025-06-22 19:00:00+00:00,2927.1775,23.11830019,0.98770406,0.9761726,0.00966607,0.0,0.01013032
2025-06-22 20:00:00+00:00,2902.455,23.322188,0.98601728,0.98333707,0.00028447,0.0,0.01146471
2025-06-22 21:00:00+00:00,2858.17,23.41065547,0.98567715,0.9784016,0.00491045,0.0,0.01184227
2025-06-22 22:00:00+00:00,2758.6925,23.33513045,0.98765682,0.97681312,0.00875909,0.0,0.01066641
2025-06-22 23:00:00+00:00,2698.3725,23.67599777,0.98815751,0.97620179,0.00983515,0.0,0.01015509
2025-06-23 00:00:00+00:00,2633.7425,23.63063011,0.99442987,0.9824696,0.00982291,1.397e-05,0.00385492
2025-06-23 01:00:00+00:00,2619.2125,23.56749158,0.99440131,0.98250842,0.00976218,5.229e-05,0.00392718
2025-06-23 02:00:00+00:00,2602.9425,23.39470968,0.99401487,0.98189227,0.00992697,6.064e-05,0.00396035
2025-06-23 03:00:00+00:00,2640.98,23.45044127,0.99398684,0.98019821,0.01152632,7.578e-05,0.00398683
2025-06-23 04:00:00+00:00,2768.9125,23.59988771,0.99453987,0.98126867,0.01128826,0.0,0.00360076
2025-06-23 05:00:00+00:00,2928.945,22.81805832,0.99522812,0.9833306,0.0101756,3.65e-06,0.00292707
2025-06-23 06:00:00+00:00,2994.63,23.79954906,0.99467644,0.98288403,0.00994515,1.008e-05,0.00341059
2025-06-23 07:00:00+00:00,3041.18,23.65734496,0.99455124,0.98317887,0.00957147,1.631e-05,0.00316146
2025-06-23 08:00:00+00:00,3020.6025,23.85504998,0.99584631,0.98445648,0.00969838,1.061e-05,0.00227079
2025-06-23 09:00:00+00:00,2956.935,24.19395674,0.99473171,0.98271263,0.01018044,4.841e-05,0.0031033
2025-06-23 10:00:00+00:00,2986.39,23.99362507,0.98703768,0.97422306,0.01123078,9.666e-05,0.01015891
2025-06-23 11:00:00+00:00,3016.5125,23.80789113,0.98854528,0.97625804,0.01094159,6.7e-06,0.00959626
2025-06-23 12:00:00+00:00,3028.605,23.92449271,0.98560344,0.9726012,0.01119801,0.0,0.01095105
2025-06-23 13:00:00+00:00,3040.5775,24.08614868,0.98525229,0.97155359,0.01181217,3.739e-05,0.01151553
2025-06-23 14:00:00+00:00,3060.57,24.15705397,0.98568481,0.97261586,0.01128617,0.0,0.01114718
2025-06-23 15:00:00+00:00,3038.16,24.20639278,0.98709945,0.97437279,0.01108999,0.0,0.01067875
2025-06-23 16:00:00+00:00,3025.935,23.891031,0.98755444,0.97560744,0.01035284,0.0,0.01012142
2025-06-23 17:00:00+00:00,3025.1975,24.0329467,0.98823001,0.9765353,0.00991388,3.73e-05,0.00983814
2025-06-23 18:00:00+00:00,3021.94,23.99393055,0.98765665,0.97591867,0.00990744,3.431e-05,0.0102494
2025-06-23 19:00:00+00:00,3007.34,24.43499524,0.98655545,0.97407181,0.01054513,0.0,0.01065102
2025-06-23 20:00:00+00:00,2980.265,24.66590921,0.98681114,0.97426998,0.01060795,0.0,0.01030922
2025-06-23 21:00:00+00:00,2939.7075,24.61127243,0.98669932,0.97431299,0.01060299,0.0,0.01041989
2025-06-23 22:00:00+00:00,2836.9575,23.51174242,0.99594253,0.98536207,0.00906651,9e-08,0.00298722
2025-06-23 23:00:00+00:00,2752.95,23.45282342,0.99534418,0.98267888,0.011178,0.0,0.00284484
2025-06-24 00:00:00+00:00,2768.14,23.57179307,0.98803454,0.97559714,0.01093716,0.0,0.00990733
2025-06-24 01:00:00+00:00,2751.275,23.74980251,0.98817329,0.97411306,0.01251184,0.0,0.01004442
2025-06-24 02:00:00+00:00,2748.4325,23.81333101,0.98829361,0.97441227,0.01235845,0.0,0.00995119
2025-06-24 03:00:00+00:00,2735.0625,23.78354954,0.98799066,0.97667613,0.00978671,0.0,0.01008009
2025-06-24 04:00:00+00:00,2850.6775,23.77176461,0.98783491,0.97846878,0.00778155,0.0,0.01007159
2025-06-24 05:00:00+00:00,3001.6475,23.94290551,0.98775508,0.97681166,0.00922575,0.0,0.0101669
2025-06-24 06:00:00+00:00,3030.61,23.54317803,0.98858946,0.9766202,0.01106723,0.0,0.00876797
2025-06-24 07:00:00+00:00,3040.84,23.65011101,0.98854155,0.97667582,0.01097798,0.0,0.00872583
2025-06-24 08:00:00+00:00,3086.1675,23.63586845,0.9891032,0.97571954,0.01260515,0.0,0.00838301
2025-06-24 09:00:00+00:00,3098.4025,23.57706543,0.98953532,0.97605603,0.01271213,0.0,0.00804298
2025-06-24 10:00:00+00:00,3084.455,23.52856159,0.98915191,0.97533169,0.01303764,0.0,0.00853262
2025-06-24 11:00:00+00:00,3087.93,23.38126984,0.98876597,0.97632475,0.01180347,0.0,0.0085961
2025-06-24 12:00:00+00:00,3096.4,23.45917138,0.98941481,0.97706508,0.01168808,0.0,0.00829106
2025-06-24 13:00:00+00:00,3120.7725,23.26405135,0.98985303,0.97662938,0.01274586,0.0,0.0079799
2025-06-24 14:00:00+00:00,3131.465,23.38096526,0.98902183,0.97749998,0.01085837,0.0,0.00862709
2025-06-24 15:00:00+00:00,3099.155,23.56032319,0.989464,0.97856029,0.01018332,0.0,0.00834649
2025-06-24 16:00:00+00:00,3096.6275,23.62201193,0.9896029,0.97841909,0.0103686,0.0,0.00840571
2025-06-24 17:00:00+00:00,3110.995,23.62908651,0.98965497,0.97864608,0.01015393,0.0,0.00843751
2025-06-24 18:00:00+00:00,3105.1175,23.76381977,0.98946035,0.97861774,0.00980681,0.0,0.00861616
2025-06-24 19:00:00+00:00,3055.26,23.64008294,0.98931174,0.97678745,0.01145378,2.023e-05,0.00877605
2025-06-24 20:00:00+00:00,3010.9575,23.50600197,0.98990469,0.97690115,0.01227529,3.733e-05,0.00817622
2025-06-24 21:00:00+00:00,2943.3525,23.51556604,0.98968637,0.97815006,0.01072984,7.878e-05,0.0084081
2025-06-24 22:00:00+00:00,2833.6825,23.61156287,0.99692425,0.98537947,0.01060383,0.0,0.00204759
2025-06-24 23:00:00+00:00,2769.745,23.62100163,0.99607562,0.98402975,0.01104401,0.0,0.00214711
2025-06-25 00:00:00+00:00,2777.025,23.33452247,0.99015444,0.97613794,0.0137367,0.0,0.00781872
2025-06-25 01:00:00+00:00,2750.3425,23.29011145,0.9899451,0.97592511,0.01369877,0.0,0.00800408
2025-06-25 02:00:00+00:00,2750.9125,23.51570942,0.98866106,0.97394311,0.01363472,4.9e-07,0.00938064
2025-06-25 03:00:00+00:00,2792.5125,23.51179824,0.98873691,0.97634525,0.01124437,1.08e-06,0.00926232
2025-06-25 04:00:00+00:00,2881.2275,23.43855835,0.98855839,0.97670026,0.01063517,1.08e-06,0.00948712
2025-06-25 05:00:00+00:00,3022.5625,23.33600461,0.98901783,0.97471906,0.01310517,9.8e-07,0.00907048
2025-06-25 06:00:00+00:00,3050.3975,23.3445321,0.9889636,0.97587807,0.01178217,1.15e-06,0.00913783
2025-06-25 07:00:00+00:00,3055.5975,23.62636008,0.9882923,0.97871372,0.00816835,1.22e-06,0.00970807
2025-06-25 08:00:00+00:00,3157.39,23.6538909,0.98828832,0.9790566,0.00778262,1.26e-06,0.00963167
2025-06-25 09:00:00+00:00,3153.5,23.67778344,0.98882574,0.97963186,0.0077726,1.32e-06,0.00908804
2025-06-25 10:00:00+00:00,3140.3025,23.68194865,0.98916052,0.97500632,0.01271876,1.32e-06,0.00877109
2025-06-25 11:00:00+00:00,3161.5625,23.72722606,0.9894629,0.97550749,0.01255441,9.01e-05,0.00848698
2025-06-25 12:00:00+00:00,3133.4175,23.82284708,0.98947266,0.97539857,0.01271579,1.27e-06,0.00858686
2025-06-25 13:00:00+00:00,3130.2475,23.88321587,0.98931329,0.97721592,0.01067352,1.22e-06,0.00863286
2025-06-25 14:00:00+00:00,3127.2875,23.88087838,0.98936666,0.97721063,0.01074395,1.32e-06,0.0086617
2025-06-25 15:00:00+00:00,3123.0125,23.93288536,0.98971275,0.97583916,0.01252124,1.17e-06,0.00840555
2025-06-25 16:00:00+00:00,3097.435,23.99312343,0.98959636,0.97891515,0.00935183,1.22e-06,0.00849309
2025-06-25 17:00:00+00:00,3089.005,24.37323989,0.9898687,0.97622821,0.01241687,7.62e-06,0.00838228
2025-06-25 18:00:00+00:00,3086.91,24.34463483,0.99032567,0.97715998,0.01214239,9.3e-07,0.00799527
2025-06-25 19:00:00+00:00,3022.4875,24.35629191,0.99040569,0.97714275,0.01222502,9.8e-07,0.00796081
2025-06-25 20:00:00+00:00,3022.325,24.40237456,0.99002978,0.97639579,0.01247172,1.27e-06,0.00824801
2025-06-25 21:00:00+00:00,2952.5925,24.32472562,0.99033902,0.97642107,0.01263843,2.189e-05,0.00796317
2025-06-25 22:00:00+00:00,2859.41,24.32435669,0.99755121,0.98439423,0.01182428,6.003e-05,0.00137947
2025-06-25 23:00:00+00:00,2801.775,24.33804864,0.99670839,0.98339346,0.01199575,2.852e-05,0.00152409
2025-06-26 00:00:00+00:00,2783.085,24.32497816,0.99007686,0.97684687,0.01186644,2.21e-06,0.0081421
2025-06-26 01:00:00+00:00,2752.05,24.38882983,0.99017851,0.97672185,0.01210237,4.675e-05,0.00804806
2025-06-26 02:00:00+00:00,2720.875,24.28510495,0.9894393,0.97580951,0.01228618,1.85e-06,0.00874389
2025-06-26 03:00:00+00:00,2722.4725,24.35606767,0.98893185,0.97496818,0.01267444,2.29e-06,0.00925431
2025-06-26 04:00:00+00:00,2856.2125,24.25793514,0.98946885,0.97606608,0.01223755,2.37e-06,0.00874542
2025-06-26 05:00:00+00:00,2989.065,24.10048689,0.98967478,0.97632376,0.01230649,1.45e-06,0.00856413
2025-06-26 06:00:00+00:00,3049.155,24.08648028,0.98915337,0.97544313,0.01252311,1.89e-06,0.00901806
2025-06-26 07:00:00+00:00,3034.335,24.1813986,0.98870509,0.97459557,0.01280264,2.11e-06,0.0092297
2025-06-26 08:00:00+00:00,3028.3725,24.20435734,0.98866933,0.97410522,0.01325507,1.87e-06,0.00921467
2025-06-26 09:00:00+00:00,3043.17,24.20568634,0.98942511,0.97524688,0.01281625,7.302e-05,0.00852568
2025-06-26 10:00:00+00:00,3024.515,24.22720494,0.98879838,0.97429666,0.01320439,1.47e-06,0.00906972
2025-06-26 11:00:00+00:00,3003.075,24.22724229,0.98904794,0.97523017,0.01248062,1.312e-05,0.00884965
2025-06-26 12:00:00+00:00,3021.8425,24.18549435,0.98918119,0.9754386,0.01244096,1.948e-05,0.0086598
2025-06-26 13:00:00+00:00,2995.595,24.07405462,0.9889499,0.97535478,0.01233272,1.54e-06,0.00894067
2025-06-26 14:00:00+00:00,2973.815,24.02264056,0.98848528,0.97497444,0.01220844,3.634e-05,0.00936074
2025-06-26 15:00:00+00:00,2938.6175,23.85298027,0.98885184,0.97532274,0.0122508,5.994e-05,0.00919133
2025-06-26 16:00:00+00:00,2912.86,23.76689382,0.98801381,0.97332413,0.01351309,0.0,0.00999838
2025-06-26 17:00:00+00:00,2938.455,23.5381358,0.98877702,0.97478694,0.01297886,0.0,0.00932622
2025-06-26 18:00:00+00:00,2955.2875,23.16953755,0.98943506,0.9755816,0.01298455,0.0,0.00873728
2025-06-26 19:00:00+00:00,2864.0875,22.92904768,0.99011748,0.9764404,0.01290161,0.0,0.0082756
2025-06-26 20:00:00+00:00,2803.815,22.91170212,0.98976602,0.97571458,0.01320425,0.0,0.00844455
2025-06-26 21:00:00+00:00,2742.31,23.01999698,0.98973448,0.97577453,0.01300705,0.0,0.00875083
2025-06-26 22:00:00+00:00,2627.8225,23.41552012,0.9967579,0.98327019,0.01218696,0.0,0.00238682
2025-06-26 23:00:00+00:00,2560.8825,23.21149462,0.99620398,0.98306685,0.01186605,0.0,0.00229279
2025-06-27 00:00:00+00:00,2545.6,23.24013563,0.98744468,0.97434546,0.01168801,0.0,0.01040075
2025-06-27 01:00:00+00:00,2529.5975,23.39839123,0.9880514,0.97559468,0.0110594,0.0,0.00985678
2025-06-27 02:00:00+00:00,2519.0125,22.6152263,0.98841861,0.97635786,0.01058546,9.2e-07,0.00972498
2025-06-27 03:00:00+00:00,2548.445,22.55839133,0.98800353,0.97554926,0.01083853,3.635e-05,0.01003273
2025-06-27 04:00:00+00:00,2656.6425,21.89879788,0.98883428,0.97695222,0.01053336,0.0,0.00941051
2025-06-27 05:00:00+00:00,2807.0575,21.57388955,0.98924552,0.97787029,0.01012301,0.0,0.0090594
2025-06-27 06:00:00+00:00,2913.3625,22.58920471,0.98835648,0.9760413,0.01092795,0.0,0.00979238
2025-06-27 07:00:00+00:00,2931.9325,22.64976338,0.98890286,0.97685829,0.01065232,7.39e-06,0.00906602
2025-06-27 08:00:00+00:00,2984.3525,22.68052966,0.98906574,0.97730477,0.01043743,0.0,0.00873937
2025-06-27 09:00:00+00:00,2958.255,22.39687446,0.98948168,0.97829687,0.0099472,1.493e-05,0.00823505
2025-06-27 10:00:00+00:00,2940.21,22.5704617,0.98890319,0.97781468,0.00986705,0.0,0.0087599
2025-06-27 11:00:00+00:00,2964.4,22.56774428,0.98868507,0.97772212,0.00971789,0.0,0.0088284
2025-06-27 12:00:00+00:00,2996.55,22.18229116,0.98902275,0.97805735,0.00975274,0.0,0.00872832
2025-06-27 13:00:00+00:00,2974.175,23.03945214,0.98769169,0.97612747,0.00986714,0.0,0.00986213
2025-06-27 14:00:00+00:00,3013.3975,23.35605443,0.98650061,0.97649442,0.00789452,0.0,0.01086515
2025-06-27 15:00:00+00:00,2986.615,23.47996131,0.98766203,0.97609076,0.00961015,0.0,0.00998501
2025-06-27 16:00:00+00:00,3002.425,23.26925242,0.9872101,0.97557094,0.00963812,0.0,0.01021876
2025-06-27 17:00:00+00:00,2983.395,23.25215507,0.98659873,0.97509229,0.00939488,0.0,0.01067314
2025-06-27 18:00:00+00:00,2964.715,23.47522019,0.98700642,0.97563691,0.00924753,0.0,0.01040893
2025-06-27 19:00:00+00:00,2913.13,23.47806655,0.98595994,0.97753021,0.00621331,0.0,0.01114531
2025-06-27 20:00:00+00:00,2929.41,23.37973687,0.98656875,0.97838113,0.00595949,0.0,0.01066121
2025-06-27 21:00:00+00:00,2947.395,23.36506759,0.98662047,0.97836954,0.00603072,0.0,0.01069893
2025-06-27 22:00:00+00:00,2910.3525,23.51137687,0.98742451,0.97606602,0.00934624,0.0,0.0103877
2025-06-27 23:00:00+00:00,2862.2625,23.55663475,0.98770707,0.97819516,0.00758868,0.0,0.01023299
2025-06-28 00:00:00+00:00,2826.84,23.48556726,0.98781869,0.9782766,0.00757344,0.0,0.01037615
2025-06-28 01:00:00+00:00,2806.78,23.40568845,0.98755664,0.97891365,0.00667933,0.0,0.0103817
2025-06-28 02:00:00+00:00,2773.255,23.21644035,0.98805198,0.97651202,0.00968667,0.0,0.00993751
2025-06-28 03:00:00+00:00,2730.9075,23.22978172,0.98773156,0.97610526,0.00978909,0.0,0.01032512
2025-06-28 04:00:00+00:00,2741.9525,23.37137168,0.98775685,0.97809292,0.00775051,0.0,0.01029731
2025-06-28 05:00:00+00:00,2741.37,23.28491355,0.98764834,0.97574599,0.01001187,0.0,0.01055201
2025-06-28 06:00:00+00:00,2833.385,22.72801073,0.98826352,0.976925,0.00952748,0.0,0.01008018
2025-06-28 07:00:00+00:00,2915.615,21.29066254,0.98963078,0.97924544,0.00905803,0.0,0.00879822
2025-06-28 08:00:00+00:00,2901.9775,22.90423667,0.98511696,0.97621712,0.00755508,0.0,0.01014696
2025-06-28 09:00:00+00:00,2899.485,22.38024964,0.98500611,0.97608956,0.00793209,0.0,0.00990275
2025-06-28 10:00:00+00:00,2882.28,22.20313409,0.98601379,0.97608008,0.00901336,7.964e-05,0.00931448
2025-06-28 11:00:00+00:00,2876.1675,21.89859632,0.98625575,0.97539993,0.01012831,4.534e-05,0.00911618
2025-06-28 12:00:00+00:00,2879.6,21.96376529,0.98539931,0.97459329,0.00989913,2.69e-06,0.00954357
2025-06-28 13:00:00+00:00,2899.5975,21.86819762,0.98712396,0.9780056,0.00812874,0.0,0.00903478
2025-06-28 14:00:00+00:00,2916.6675,22.58818154,0.98814717,0.97986816,0.0066617,2.181e-05,0.00969835
2025-06-28 15:00:00+00:00,2934.2325,21.48728358,0.98925301,0.98107371,0.00675967,0.0,0.00917457
2025-06-28 16:00:00+00:00,2923.735,22.56507637,0.98826956,0.97914322,0.00731589,0.0,0.01002771
2025-06-28 17:00:00+00:00,2921.67,22.29273464,0.98847881,0.98074225,0.00596534,0.0,0.00986028
2025-06-28 18:00:00+00:00,2922.0975,21.70968223,0.98862118,0.97709238,0.00986945,0.0,0.00960851
2025-06-28 19:00:00+00:00,2884.7825,21.61245474,0.98863761,0.97697785,0.01010039,0.0,0.00948503
2025-06-28 20:00:00+00:00,2862.76,22.02319288,0.98782757,0.97741367,0.00859928,2e-07,0.0100257
2025-06-28 21:00:00+00:00,2850.4375,21.53214824,0.98914319,0.9783445,0.00940472,0.0,0.00886789
2025-06-28 22:00:00+00:00,2808.055,22.34633242,0.98858633,0.97724136,0.00967189,0.0,0.00981778
2025-06-28 23:00:00+00:00,2775.06,21.61784349,0.9900201,0.97945215,0.00924021,0.0,0.00876321
2025-06-29 00:00:00+00:00,2752.6275,21.8062748,0.98979146,0.9791298,0.00927693,0.0,0.00908144
2025-06-29 01:00:00+00:00,2726.0225,22.13314043,0.98977981,0.97877373,0.00943488,8e-07,0.00941589
2025-06-29 02:00:00+00:00,2671.8375,21.54981558,0.98983644,0.979008,0.00960131,9e-07,0.00910122
2025-06-29 03:00:00+00:00,2704.1725,21.00901606,0.99034239,0.98027816,0.00910498,6.8e-07,0.00820729
2025-06-29 04:00:00+00:00,2714.66,21.2089315,0.99031209,0.98002124,0.00936326,7.6e-07,0.00833173
2025-06-29 05:00:00+00:00,2751.1225,21.49856592,0.99023313,0.97963444,0.00957484,1.24e-06,0.00865025
2025-06-29 06:00:00+00:00,2807.83,22.06977889,0.98960057,0.97867633,0.00990768,5.538e-05,0.00869212
2025-06-29 07:00:00+00:00,2915.3925,22.23963774,0.98703736,0.98147169,0.00422949,0.00018738,0.00897675
2025-06-29 08:00:00+00:00,2946.5975,21.48738389,0.98655119,0.97740632,0.0088197,4.385e-05,0.0077501
2025-06-29 09:00:00+00:00,2961.8375,21.541544,0.98503855,0.97498712,0.00936614,8.571e-05,0.00862998
2025-06-29 10:00:00+00:00,2975.38,21.52881781,0.98483176,0.97458357,0.00974313,6.163e-05,0.00838436
2025-06-29 11:00:00+00:00,2977.8975,21.62642214,0.98407754,0.97408993,0.00968776,1.752e-05,0.00825148
2025-06-29 12:00:00+00:00,2978.915,21.63394379,0.98461794,0.97577582,0.00874197,5.3e-07,0.00791564
2025-06-29 13:00:00+00:00,2969.8075,21.28994668,0.98565166,0.97699741,0.00864557,5.3e-07,0.00764889
2025-06-29 14:00:00+00:00,2973.4325,21.75954184,0.98936491,0.98108418,0.00828072,0.0,0.00689945
2025-06-29 15:00:00+00:00,3029.6475,21.67007569,0.99004943,0.98040176,0.00869512,1.396e-05,0.00809032
2025-06-29 16:00:00+00:00,3046.23,22.95027499,0.988131,0.97746878,0.00917085,1.435e-05,0.00947536
2025-06-29 17:00:00+00:00,3062.595,22.95506453,0.98861404,0.97819947,0.0089279,1.07e-06,0.00901953
2025-06-29 18:00:00+00:00,3071.9225,22.65450466,0.98883741,0.97868186,0.00869854,1.11e-06,0.00903036
2025-06-29 19:00:00+00:00,3042.225,22.79135755,0.98885041,0.97850375,0.00882864,1.45e-06,0.00904573
2025-06-29 20:00:00+00:00,3020.8375,23.01250096,0.98867229,0.97810927,0.00894869,3.822e-05,0.00923317
2025-06-29 21:00:00+00:00,2971.35,21.80391124,0.99025644,0.98021804,0.0091032,6.34e-06,0.00806896
2025-06-29 22:00:00+00:00,2932.805,22.81337561,0.98800657,0.97681583,0.00926819,8.856e-05,0.0096957
2025-06-29 23:00:00+00:00,2881.5375,23.16692878,0.9875018,0.97599948,0.00956106,4.215e-05,0.01023975
2025-06-30 00:00:00+00:00,2814.325,23.00505363,0.99431978,0.98267494,0.0097587,4.777e-05,0.00387711
2025-06-30 01:00:00+00:00,2792.65,23.3617057,0.99343215,0.98154686,0.00972107,1.344e-05,0.00435916
2025-06-30 02:00:00+00:00,2771.0775,22.95254784,0.99479293,0.98290169,0.0098236,8.93e-06,0.00330112
2025-06-30 03:00:00+00:00,2814.375,23.22432772,0.99360896,0.98175016,0.0097281,1.83e-06,0.00440083
2025-06-30 04:00:00+00:00,2936.555,23.20539174,0.99154319,0.98031837,0.00876512,2.15e-06,0.00523191
2025-06-30 05:00:00+00:00,3084.235,23.28402805,0.99184666,0.98441083,0.0050368,2.02e-06,0.00505125
2025-06-30 06:00:00+00:00,3150.9525,23.15347099,0.99198093,0.98485414,0.00477848,1.93e-06,0.00483885
2025-06-30 07:00:00+00:00,3164.21,23.15936474,0.99184105,0.98478985,0.00473703,1.72e-06,0.00492592
2025-06-30 08:00:00+00:00,3171.8825,23.09495231,0.99086976,0.98351529,0.00488835,1.92e-06,0.00523728
2025-06-30 09:00:00+00:00,3160.9725,23.07616293,0.99106948,0.98509953,0.00366467,1.783e-05,0.00481325
2025-06-30 10:00:00+00:00,3196.6875,23.2975415,0.98444729,0.97867956,0.00330138,7.997e-05,0.01152133
2025-06-30 11:00:00+00:00,3171.05,23.30364397,0.98468277,0.9792641,0.00310724,1.77e-06,0.01119133
2025-06-30 12:00:00+00:00,3152.6325,23.37839274,0.98505121,0.97902442,0.00345968,0.00012471,0.01086116
2025-06-30 13:00:00+00:00,3151.4925,23.5163607,0.9853074,0.97923822,0.00354702,9.004e-05,0.01088899
2025-06-30 14:00:00+00:00,3133.0275,23.64060582,0.9852815,0.97942634,0.00346997,1.281e-05,0.0115094
2025-06-30 15:00:00+00:00,3044.6275,23.78608773,0.98626974,0.97870221,0.00528555,1.72e-06,0.01130756
2025-06-30 16:00:00+00:00,3044.0475,23.80050661,0.98584663,0.97800713,0.00547386,1.79e-06,0.0118629
2025-06-30 17:00:00+00:00,3040.1575,23.70698495,0.98661332,0.97884593,0.00560593,1.63e-06,0.01155061
2025-06-30 18:00:00+00:00,3043.2575,23.82134871,0.98679536,0.97407218,0.01053347,1.71e-06,0.01139038
2025-06-30 19:00:00+00:00,3013.35,23.80107191,0.98700638,0.97460458,0.01028514,1.55e-06,0.01122277
2025-06-30 20:00:00+00:00,2975.725,23.88662612,0.98650412,0.97373153,0.01052048,1.8e-06,0.01169774
2025-06-30 21:00:00+00:00,2918.4225,23.71761792,0.9865505,0.97391831,0.01048504,2.31e-06,0.01165817
2025-06-30 22:00:00+00:00,2839.145,23.69946969,0.99232182,0.97968985,0.01050547,1.905e-05,0.00686676
2025-06-30 23:00:00+00:00,2777.2425,23.67827562,0.990574,0.97787906,0.01036405,7.255e-05,0.00783014
2025-07-01 00:00:00+00:00,2738.515,23.68577652,0.98522691,0.97456056,0.00811527,0.00010408,0.01243434
2025-07-01 01:00:00+00:00,2712.9525,23.51523527,0.98571893,0.97505849,0.00831068,5.327e-05,0.01201134
2025-07-01 02:00:00+00:00,2699.3525,23.39564202,0.98688571,0.97415212,0.01068635,1.98e-06,0.01110972
2025-07-01 03:00:00+00:00,2717.38,23.10560664,0.98677562,0.97423245,0.01056516,1.75e-06,0.01117622
2025-07-01 04:00:00+00:00,2805.185,23.00624455,0.98642963,0.97377491,0.01063839,5.23e-06,0.01146055
2025-07-01 05:00:00+00:00,2937.1425,22.82132105,0.98718868,0.97837659,0.00680559,1.56e-06,0.01077879
2025-07-01 06:00:00+00:00,3012.51,23.00766704,0.98779195,0.9780253,0.00777158,1.61e-06,0.01019219
2025-07-01 07:00:00+00:00,3003.685,23.18139129,0.98770963,0.97616905,0.00950161,1.55e-06,0.01018943
2025-07-01 08:00:00+00:00,3063.2925,23.22135929,0.98747721,0.97691071,0.00851925,9.12e-06,0.0098456
2025-07-01 09:00:00+00:00,3100.7075,23.60581867,0.98782106,0.97671902,0.00920925,1.343e-05,0.0088758
2025-07-01 10:00:00+00:00,3118.705,23.49562123,0.9873021,0.9764707,0.00887446,1.67e-06,0.00972517
2025-07-01 11:00:00+00:00,3132.6625,23.33506222,0.98751422,0.97688363,0.0087029,1.51e-06,0.00965698
2025-07-01 12:00:00+00:00,3146.325,23.27708641,0.98802524,0.97741916,0.0087227,1.43e-06,0.00915914
2025-07-01 13:00:00+00:00,3127.7375,23.36590158,0.98707117,0.97640406,0.00871708,1.55e-06,0.0100873
2025-07-01 14:00:00+00:00,3096.865,23.53369083,0.98723308,0.97651816,0.00885983,0.0,0.01004657
2025-07-01 15:00:00+00:00,3035.64,23.29171477,0.98784143,0.97688208,0.00910073,0.0,0.01025154
2025-07-01 16:00:00+00:00,3000.19,23.75712029,0.98784071,0.97635171,0.00967718,0.0,0.01041741
2025-07-01 17:00:00+00:00,3004.7475,23.12156057,0.98938818,0.97867961,0.00954877,0.0,0.00896886
2025-07-01 18:00:00+00:00,2985.9375,23.56833384,0.98901482,0.97787575,0.00984808,0.0,0.00927482
2025-07-01 19:00:00+00:00,2966.18,23.92530818,0.98803457,0.97623342,0.01017557,0.0,0.01021203
2025-07-01 20:00:00+00:00,2944.1225,24.38487627,0.98706145,0.97477797,0.01035252,0.0,0.01115381
2025-07-01 21:00:00+00:00,2924.2825,24.48756164,0.98675157,0.97417345,0.01045113,0.0,0.01166035
2025-07-01 22:00:00+00:00,2869.5525,24.67437637,0.98804112,0.97595456,0.0098412,0.0,0.01083295
2025-07-01 23:00:00+00:00,2808.475,24.72761786,0.98728691,0.97489322,0.01014737,0.0,0.01104638
2025-07-02 00:00:00+00:00,2799.915,24.64642489,0.98584436,0.9735558,0.00988525,0.0,0.01199208
2025-07-02 01:00:00+00:00,2774.975,24.72665642,0.98621978,0.97389247,0.01000927,0.0,0.01168931
2025-07-02 02:00:00+00:00,2758.925,24.89976058,0.98661211,0.97704269,0.00724839,0.0,0.01166566
2025-07-02 03:00:00+00:00,2796.205,24.88258883,0.98712694,0.97549691,0.00941852,0.0,0.01132731
2025-07-02 04:00:00+00:00,2908.6,24.77147288,0.98766328,0.97577466,0.00995415,0.0,0.01066306
2025-07-02 05:00:00+00:00,2954.2625,24.69521825,0.98834247,0.9771457,0.00937493,0.0,0.01004239
2025-07-02 06:00:00+00:00,2929.445,24.73134555,0.98754708,0.97591065,0.00973728,0.0,0.010764
2025-07-02 07:00:00+00:00,2949.5825,24.82239396,0.98620602,0.97589906,0.00800197,7.98e-06,0.01184615
2025-07-02 08:00:00+00:00,3008.34,24.80240942,0.98586234,0.97756842,0.00594436,1.964e-05,0.01172048
2025-07-02 09:00:00+00:00,3030.05,24.78345353,0.98649946,0.97695209,0.00713312,7.395e-05,0.01087611
2025-07-02 10:00:00+00:00,3012.42,24.81027981,0.9858371,0.9793722,0.00419197,0.0,0.01123812
2025-07-02 11:00:00+00:00,3033.38,24.78512184,0.98581303,0.97688325,0.00671335,0.0,0.01134923
2025-07-02 12:00:00+00:00,3006.8275,24.76268938,0.98683715,0.97734704,0.00722908,0.0,0.01051032
2025-07-02 13:00:00+00:00,2990.5725,24.80068097,0.98680412,0.97722791,0.0072008,0.0,0.01059599
2025-07-02 14:00:00+00:00,3006.89,24.79632047,0.98657788,0.97722381,0.007015,0.0,0.01086056
2025-07-02 15:00:00+00:00,3001.5925,24.82189007,0.98629783,0.97434788,0.00966192,0.0,0.01159282
2025-07-02 16:00:00+00:00,3020.84,24.69205053,0.98777837,0.97613552,0.00961816,0.0,0.01047538
2025-07-02 17:00:00+00:00,3009.015,24.67843664,0.98721136,0.97517993,0.01014362,0.0,0.01100372
2025-07-02 18:00:00+00:00,3011.9525,24.63624457,0.988159,0.97655467,0.00972945,0.0,0.01011035
2025-07-02 19:00:00+00:00,2996.255,24.64190768,0.98746811,0.97629269,0.00929234,0.0,0.01078566
2025-07-02 20:00:00+00:00,2987.935,24.79591937,0.98615632,0.97447495,0.00937339,1.08e-06,0.01199323
2025-07-02 21:00:00+00:00,2934.4525,24.74293238,0.98627949,0.97613511,0.00779367,9.82e-06,0.01173633
2025-07-02 22:00:00+00:00,2883.275,24.65409129,0.99474577,0.98745221,0.00508056,0.0,0.00456251
2025-07-02 23:00:00+00:00,2828.02,24.69597438,0.99395569,0.9866517,0.0049936,1.62e-06,0.00469217
2025-07-03 00:00:00+00:00,2815.2625,24.72068185,0.98613759,0.9785392,0.00525057,0.0,0.01191577
2025-07-03 01:00:00+00:00,2803.0425,24.67925246,0.98611674,0.97881318,0.00498947,0.0,0.01189672
2025-07-03 02:00:00+00:00,2793.535,24.58077932,0.9862207,0.97990639,0.00407002,0.0,0.0114199
2025-07-03 03:00:00+00:00,2816.0875,24.62482911,0.9864245,0.98033334,0.00390592,8.014e-05,0.01123488
2025-07-03 04:00:00+00:00,2923.605,24.71512636,0.98716214,0.97768364,0.0073669,1.742e-05,0.01080731
2025-07-03 05:00:00+00:00,3069.5025,24.7937486,0.98652112,0.97563576,0.00863806,2.249e-05,0.01125408
2025-07-03 06:00:00+00:00,3135.5175,24.74678459,0.9870401,0.97587244,0.00906718,6.92e-06,0.01090582
2025-07-03 07:00:00+00:00,3157.2075,24.75269158,0.98784535,0.97725993,0.00836566,0.0,0.01038893
2025-07-03 08:00:00+00:00,3148.96,24.65245327,0.9887777,0.97827981,0.00847892,0.0,0.00946269
2025-07-03 09:00:00+00:00,3144.0225,24.26874704,0.9902998,0.98125449,0.00715856,0.0,0.00798944
2025-07-03 10:00:00+00:00,3094.225,24.47759685,0.98796013,0.97722177,0.00873714,2.552e-05,0.0102294
2025-07-03 11:00:00+00:00,3070.4975,23.9869574,0.98843203,0.97796382,0.00860302,1.708e-05,0.00979756
2025-07-03 12:00:00+00:00,3091.6375,23.45307721,0.98897997,0.97896203,0.00831442,0.0,0.00936773
2025-07-03 13:00:00+00:00,3089.6225,24.0790014,0.98786081,0.97738969,0.00857315,0.0,0.01036028
2025-07-03 14:00:00+00:00,3081.035,23.08026541,0.98897184,0.97932713,0.00810537,0.0,0.00933716
2025-07-03 15:00:00+00:00,3067.24,23.07995674,0.98873017,0.98006091,0.00699198,0.0,0.0095588
2025-07-03 16:00:00+00:00,3069.4225,23.10072568,0.98856714,0.97945643,0.00740347,0.0,0.00975417
2025-07-03 17:00:00+00:00,3063.95,23.14989683,0.98822966,0.97969554,0.00676119,2.766e-05,0.01002752
2025-07-03 18:00:00+00:00,3061.4425,23.24233778,0.98818073,0.97874061,0.00763123,2.267e-05,0.01004149
2025-07-03 19:00:00+00:00,3057.1525,22.46038147,0.98897263,0.97986916,0.00783898,3.011e-05,0.00911378
2025-07-03 20:00:00+00:00,3041.7425,23.6422626,0.98774302,0.97803323,0.00770886,6.815e-05,0.01039806
2025-07-03 21:00:00+00:00,3032.2425,23.45828454,0.98824879,0.97855939,0.00782512,1.24e-06,0.00988629
2025-07-03 22:00:00+00:00,2946.7025,23.50631724,0.99494981,0.98366683,0.00874026,0.00020628,0.00357022
2025-07-03 23:00:00+00:00,2898.2625,23.47892066,0.99399799,0.98178892,0.01014783,1.92e-06,0.00398241
2025-07-04 00:00:00+00:00,2890.9925,23.07836078,0.98740118,0.97718512,0.00835038,0.00012404,0.01039427
2025-07-04 01:00:00+00:00,2856.96,22.90512412,0.98782749,0.9809614,0.00525304,0.00010119,0.00992778
2025-07-04 02:00:00+00:00,2834.9625,22.93535524,0.98614306,0.97863586,0.0053975,0.00019127,0.01110795
2025-07-04 03:00:00+00:00,2865.225,23.5352971,0.98600191,0.97690081,0.00681911,0.00010805,0.01146587
2025-07-04 04:00:00+00:00,2962.2575,23.76757382,0.98609623,0.97499517,0.00858892,0.0001405,0.01158856
2025-07-04 05:00:00+00:00,3092.7775,24.06894275,0.98678991,0.97507574,0.00935733,4.84e-05,0.01130448
2025-07-04 06:00:00+00:00,3160.96,24.02381491,0.98699812,0.9750964,0.00965527,5.069e-05,0.01099795
2025-07-04 07:00:00+00:00,3150.5,23.90644645,0.9862133,0.97433309,0.00948546,7.487e-05,0.01134115
2025-07-04 08:00:00+00:00,3151.9075,23.79156044,0.98616361,0.97420257,0.00958853,4.924e-05,0.0110588
2025-07-04 09:00:00+00:00,3127.9525,23.771642,0.98708246,0.97866976,0.00612737,1.58e-06,0.01005753
2025-07-04 10:00:00+00:00,3097.41,23.96228289,0.98656196,0.97998902,0.00441648,1.43e-06,0.01055216
2025-07-04 11:00:00+00:00,3082.425,24.14159765,0.98751766,0.98093825,0.00460539,1.33e-06,0.01004848
2025-07-04 12:00:00+00:00,3062.995,24.13429053,0.98565122,0.97980685,0.00381062,1.37e-06,0.01069282
2025-07-04 13:00:00+00:00,3066.005,24.2451055,0.98719523,0.9805475,0.00458647,1.45e-06,0.01038666
2025-07-04 14:00:00+00:00,3068.5825,24.2154776,0.98661753,0.9796345,0.0047643,1.4e-06,0.01087212
2025-07-04 15:00:00+00:00,3058.4925,24.32760048,0.98651179,0.97943926,0.00451899,1.67e-06,0.01062637
2025-07-04 16:00:00+00:00,3051.37,24.48592466,0.98720767,0.97987043,0.00482996,1.74e-06,0.01033736
2025-07-04 17:00:00+00:00,3035.345,24.64508194,0.98748026,0.98007797,0.004959,1.6e-06,0.01028645
2025-07-04 18:00:00+00:00,3043.6275,24.71102575,0.98811259,0.98016432,0.00561853,1.57e-06,0.00998338
2025-07-04 19:00:00+00:00,3005.9425,24.78775617,0.98753146,0.97800923,0.00718306,1.75e-06,0.01054179
2025-07-04 20:00:00+00:00,2969.9125,24.92449948,0.98597295,0.97824715,0.00513032,2.35e-06,0.01136598
2025-07-04 21:00:00+00:00,2946.2325,24.90644453,0.98501983,0.97703065,0.00521971,2.46e-06,0.01227186
2025-07-04 22:00:00+00:00,2912.6525,24.83892734,0.98617472,0.9776998,0.00598687,3.99e-06,0.01158324
2025-07-04 23:00:00+00:00,2870.7625,24.72367372,0.98631666,0.97904943,0.0048952,3.13e-06,0.01149099
2025-07-05 00:00:00+00:00,2827.2425,24.63095809,0.98633088,0.9790704,0.00488371,2.18e-06,0.01159846
2025-07-05 01:00:00+00:00,2793.565,24.55715615,0.98678394,0.97950105,0.00495987,1.96e-06,0.01104871
2025-07-05 02:00:00+00:00,2777.5575,24.49639111,0.98784109,0.98058704,0.00486475,2.67e-06,0.01009197
2025-07-05 03:00:00+00:00,2766.6325,24.42186957,0.98622063,0.98114184,0.00265158,2.66e-06,0.01143241
2025-07-05 04:00:00+00:00,2776.1475,24.45029038,0.98649275,0.98028665,0.00390182,2.54e-06,0.01137455
2025-07-05 05:00:00+00:00,2818.3575,24.59980624,0.98646205,0.97922716,0.00491552,2.28e-06,0.01122297
2025-07-05 06:00:00+00:00,2888.6575,24.46896302,0.98750962,0.98065547,0.00474448,1.96e-06,0.01065179
2025-07-05 07:00:00+00:00,2907.3375,23.99476006,0.98827207,0.98175059,0.00469815,0.0,0.01010691
2025-07-05 08:00:00+00:00,2920.6,23.34067285,0.98955646,0.98100739,0.00715573,0.0,0.00889318
2025-07-05 09:00:00+00:00,2910.955,24.34474115,0.98662498,0.97969622,0.00523517,0.0,0.01045109
2025-07-05 10:00:00+00:00,2855.1025,23.98270568,0.9837876,0.97658322,0.00580637,1.02e-05,0.01030818
2025-07-05 11:00:00+00:00,2804.7825,23.9550611,0.98282158,0.98109082,0.00025688,1.178e-05,0.01088819
2025-07-05 12:00:00+00:00,2803.3,23.8870583,0.9836896,0.98228602,0.0,1.088e-05,0.01069426
2025-07-05 13:00:00+00:00,2838.635,23.69834811,0.98850617,0.98705921,0.0,0.0,0.00956994
2025-07-05 14:00:00+00:00,2867.1375,23.24799624,0.98880206,0.98688486,0.00039073,0.0,0.0095574
2025-07-05 15:00:00+00:00,2889.9425,23.85495526,0.98787877,0.98121264,0.00480178,0.0,0.01026557
2025-07-05 16:00:00+00:00,2913.575,24.40825187,0.98711975,0.98002158,0.00494982,0.0,0.01093176
2025-07-05 17:00:00+00:00,2908.615,23.95338525,0.98795801,0.98108546,0.00490036,0.0,0.01036488
2025-07-05 18:00:00+00:00,2893.12,23.6422564,0.98815179,0.98143929,0.00484147,0.0,0.01019661
2025-07-05 19:00:00+00:00,2869.975,23.36762581,0.98836747,0.98178097,0.00476971,0.0,0.01000781
2025-07-05 20:00:00+00:00,2880.2475,23.34311911,0.98787903,0.98109755,0.00488505,0.0,0.01045495
2025-07-05 21:00:00+00:00,2875.78,23.63198947,0.98877207,0.98182089,0.00507526,0.0,0.00951203
2025-07-05 22:00:00+00:00,2823.06,24.43691599,0.98789224,0.98096151,0.00487815,0.0,0.01033228
2025-07-05 23:00:00+00:00,2774.825,23.95364357,0.98826272,0.98146927,0.00481607,0.0,0.01004643
2025-07-06 00:00:00+00:00,2754.895,24.48604458,0.98751622,0.98022558,0.00505986,9.71e-06,0.01095422
2025-07-06 01:00:00+00:00,2728.13,24.48108369,0.98786992,0.98070927,0.00508594,2.04e-06,0.01066915
2025-07-06 02:00:00+00:00,2690.5125,24.50556834,0.98708963,0.97979614,0.00514207,1.141e-05,0.0114772
2025-07-06 03:00:00+00:00,2681.3325,24.44358046,0.98645541,0.97891359,0.00529314,1.14e-05,0.01181559
2025-07-06 04:00:00+00:00,2683.225,24.46503723,0.98706074,0.97964286,0.00521875,2.78e-06,0.0115612
2025-07-06 05:00:00+00:00,2730.9075,24.49617181,0.9871754,0.97979513,0.00500812,2.88e-06,0.01167332
2025-07-06 06:00:00+00:00,2756.8725,24.56700016,0.98637322,0.98346532,0.00020599,2.1e-06,0.01206618
2025-07-06 07:00:00+00:00,2803.035,24.56399143,0.98782262,0.9805306,0.00496307,0.0,0.01049557
2025-07-06 08:00:00+00:00,2801.43,24.41996826,0.98642265,0.97921313,0.00485708,0.0,0.01176424
2025-07-06 09:00:00+00:00,2823.9975,24.60572847,0.98686377,0.97931953,0.00519939,0.0,0.01127413
2025-07-06 10:00:00+00:00,2816.1675,24.47163441,0.98720383,0.98007364,0.00485783,0.0,0.01110206
2025-07-06 11:00:00+00:00,2805.9425,24.48673949,0.98692978,0.97981664,0.00489135,0.0,0.01123141
2025-07-06 12:00:00+00:00,2801.7425,24.50934643,0.98579074,0.97947414,0.00388243,0.0,0.01199436
2025-07-06 13:00:00+00:00,2824.0325,24.48569841,0.98593091,0.97967057,0.0038188,0.0,0.01191485
2025-07-06 14:00:00+00:00,2834.06,24.39215677,0.98573173,0.97923841,0.00405159,0.0,0.01177774
2025-07-06 15:00:00+00:00,2811.1025,24.40407476,0.98693061,0.9810332,0.00356212,0.0,0.01131707
2025-07-06 16:00:00+00:00,2810.465,24.37427998,0.98724309,0.97994804,0.00518657,0.0,0.01117127
2025-07-06 17:00:00+00:00,2805.91,24.14726374,0.98797376,0.98097691,0.00512578,0.0,0.01023579
2025-07-06 18:00:00+00:00,2815.76,23.600293,0.98807753,0.98127695,0.00507448,0.0,0.01013859
2025-07-06 19:00:00+00:00,2828.19,23.18066999,0.98870069,0.98216238,0.00494113,0.0,0.00959576
2025-07-06 20:00:00+00:00,2800.455,24.30111951,0.98827947,0.98127704,0.00512338,0.0,0.01022926
2025-07-06 21:00:00+00:00,2770.005,24.45940829,0.98782309,0.98063234,0.00521112,0.0,0.01095917
2025-07-06 22:00:00+00:00,2727.83,24.6115987,0.98659725,0.98424652,3.021e-05,0.0,0.01190285
2025-07-06 23:00:00+00:00,2692.5075,24.74837403,0.98627604,0.98379783,0.0,0.0,0.01187072
2025-07-07 00:00:00+00:00,2638.395,24.74587902,0.9931149,0.99054861,0.0,6.5e-06,0.00499072
2025-07-07 01:00:00+00:00,2621.17,24.685056,0.99370394,0.9912129,0.0,7.4e-06,0.00445773
2025-07-07 02:00:00+00:00,2609.97,24.71831999,0.99327737,0.99077413,0.0,0.0,0.00480624
2025-07-07 03:00:00+00:00,2632.3925,24.78558985,0.99375299,0.99108064,0.00024393,1.042e-05,0.00455119
2025-07-07 04:00:00+00:00,2713.375,24.84201623,0.99360144,0.98028016,0.01082347,0.0,0.00435464
2025-07-07 05:00:00+00:00,2791.005,24.80579353,0.99303545,0.98114606,0.00936915,1.64e-05,0.00488459
2025-07-07 06:00:00+00:00,2871.64,24.72544146,0.9933878,0.98251998,0.00862163,2.399e-05,0.00405528
2025-07-07 07:00:00+00:00,2890.5825,24.355415,0.99471586,0.98411561,0.00874631,2.043e-05,0.00307766
2025-07-07 08:00:00+00:00,2898.7725,24.26875399,0.99434432,0.98304496,0.00944796,1.93e-05,0.00344649
2025-07-07 09:00:00+00:00,2887.5625,24.17635545,0.99439951,0.9831804,0.00935602,1.956e-05,0.00352437
2025-07-07 10:00:00+00:00,2946.02,24.41670414,0.986569,0.97671138,0.007643,1.002e-05,0.01136053
2025-07-07 11:00:00+00:00,2923.715,24.32244014,0.98641177,0.97519863,0.00893257,4.625e-05,0.01134344
2025-07-07 12:00:00+00:00,2914.645,24.25805247,0.98513379,0.97556097,0.00720469,0.0,0.01232998
2025-07-07 13:00:00+00:00,2921.62,24.24615092,0.98501267,0.97548134,0.00704329,0.0,0.01242686
2025-07-07 14:00:00+00:00,2918.2875,24.11438161,0.98671393,0.97600195,0.00853556,0.0,0.01131393
2025-07-07 15:00:00+00:00,2889.65,23.8343168,0.98711551,0.97580164,0.00921526,0.0,0.01107479
2025-07-07 16:00:00+00:00,2889.9775,24.01918474,0.98707863,0.97562291,0.00927156,0.0,0.01103766
2025-07-07 17:00:00+00:00,2882.015,24.09408436,0.98681233,0.97524375,0.00933557,0.0,0.01119343
2025-07-07 18:00:00+00:00,2887.14,24.12322808,0.98796933,0.97683465,0.00901241,0.0,0.01028717
2025-07-07 19:00:00+00:00,2897.2925,23.88304215,0.98784256,0.97655809,0.00931704,0.0,0.01041812
2025-07-07 20:00:00+00:00,2836.285,23.90500851,0.98807939,0.9761582,0.01005744,0.0,0.0101764
2025-07-07 21:00:00+00:00,2789.475,24.24507518,0.98757697,0.97889165,0.00653452,0.0,0.01064821
2025-07-07 22:00:00+00:00,2657.585,24.60209279,0.99396709,0.98165904,0.00975506,0.0,0.00450298
2025-07-07 23:00:00+00:00,2666.4725,24.51689794,0.99437096,0.98165587,0.0102743,2.348e-05,0.00395621
2025-07-08 00:00:00+00:00,2696.92,24.40928716,0.98656735,0.97614175,0.00795576,0.0,0.01144001
2025-07-08 01:00:00+00:00,2684.9925,24.46295549,0.98677752,0.97654029,0.00781999,0.0,0.0113041
2025-07-08 02:00:00+00:00,2664.6925,24.62265452,0.98677969,0.97401765,0.01033877,5.56e-06,0.01131781
2025-07-08 03:00:00+00:00,2681.6725,24.74175649,0.98622851,0.97485568,0.00876294,2.751e-05,0.01175744
2025-07-08 04:00:00+00:00,2746.545,24.71496434,0.98635428,0.97335081,0.01054471,0.0,0.01168352
2025-07-08 05:00:00+00:00,2858.3825,24.62498183,0.98755477,0.97198412,0.01324097,0.0,0.01055798
2025-07-08 06:00:00+00:00,2934.775,24.28534182,0.98967978,0.97601194,0.01190035,0.0,0.00867701
2025-07-08 07:00:00+00:00,2980.4875,24.41024877,0.99040779,0.9768071,0.01175131,0.0,0.00797143
2025-07-08 08:00:00+00:00,2999.47,24.50323403,0.99009504,0.97647044,0.01169214,0.0,0.00829027
2025-07-08 09:00:00+00:00,2999.0675,24.4985401,0.99052282,0.97676687,0.01196797,0.0,0.00783099
2025-07-08 10:00:00+00:00,3006.58,24.49076333,0.98981188,0.97609373,0.01179348,0.0,0.00855636
2025-07-08 11:00:00+00:00,2985.775,24.37530396,0.98936817,0.97683962,0.01059826,0.0,0.00896402
2025-07-08 12:00:00+00:00,2986.7175,24.41539088,0.99011956,0.97588802,0.0121765,0.0,0.00819546
2025-07-08 13:00:00+00:00,2986.345,24.42275074,0.99057712,0.97668127,0.01198875,0.0,0.00776818
2025-07-08 14:00:00+00:00,2978.9,24.37396908,0.99132335,0.97786667,0.01164844,0.0,0.00706787
2025-07-08 15:00:00+00:00,2947.9575,24.40673388,0.99137326,0.97765285,0.01185092,0.0,0.00699453
2025-07-08 16:00:00+00:00,2946.6425,24.53506658,0.99100533,0.97681032,0.01218692,0.0,0.00732118
2025-07-08 17:00:00+00:00,2940.7275,24.78618192,0.9875543,0.97162355,0.01347213,0.0,0.01044911
2025-07-08 18:00:00+00:00,2928.98,24.73840605,0.98754541,0.97121109,0.0140641,0.0,0.01049403
2025-07-08 19:00:00+00:00,2916.605,24.75775381,0.98747058,0.97572261,0.0095846,0.0,0.01066456
2025-07-08 20:00:00+00:00,2914.435,24.73576222,0.98796683,0.97531022,0.01062186,0.0,0.01022786
2025-07-08 21:00:00+00:00,2869.2975,24.68169232,0.98908023,0.97497403,0.0123211,0.0,0.00925968
2025-07-08 22:00:00+00:00,2780.4775,24.90010613,0.99503841,0.98477942,0.00801306,0.0,0.00345701
2025-07-08 23:00:00+00:00,2760.475,24.93728458,0.99449783,0.98387064,0.00826689,0.0,0.00368294
2025-07-09 00:00:00+00:00,2755.2,24.91867154,0.98731462,0.9763945,0.00856736,0.0,0.01090347
2025-07-09 01:00:00+00:00,2735.66,24.92337915,0.98703872,0.97608067,0.00856143,0.0,0.01118396
2025-07-09 02:00:00+00:00,2731.045,24.90630123,0.9870127,0.97645072,0.00811435,0.0,0.01119276
2025-07-09 03:00:00+00:00,2738.56,24.73403217,0.98707099,0.97651202,0.00828271,0.0,0.01113739
2025-07-09 04:00:00+00:00,2790.825,24.64788376,0.98713828,0.97695768,0.00788297,0.0,0.01106701
2025-07-09 05:00:00+00:00,2847.4475,24.55046759,0.98682003,0.975766,0.00875047,0.0,0.01134544
2025-07-09 06:00:00+00:00,2836.9825,24.47360482,0.98716679,0.9770799,0.00780919,0.0,0.01103508
2025-07-09 07:00:00+00:00,2840.7325,24.35685597,0.98711373,0.97715997,0.00773144,0.0,0.0110996
2025-07-09 08:00:00+00:00,2938.97,24.1772379,0.98741074,0.97757287,0.00766437,0.0,0.0108453
2025-07-09 09:00:00+00:00,2948.06,24.12599078,0.98781192,0.97775476,0.00785161,0.0,0.01038325
2025-07-09 10:00:00+00:00,2926.9075,24.12124651,0.98700941,0.97636005,0.00840979,0.0,0.01116149
2025-07-09 11:00:00+00:00,2931.6475,24.14621113,0.98653418,0.97575894,0.00843286,0.0,0.01162651
2025-07-09 12:00:00+00:00,2940.855,24.15026489,0.98642047,0.9764321,0.00765085,0.0,0.01138335
2025-07-09 13:00:00+00:00,2970.0225,24.09074834,0.98673633,0.97644983,0.00799311,0.0,0.0114416
2025-07-09 14:00:00+00:00,2946.91,23.80137696,0.98739546,0.97762347,0.0076707,0.0,0.010834
2025-07-09 15:00:00+00:00,2935.215,23.89656801,0.98695992,0.97688503,0.00798842,0.0,0.01122446
2025-07-09 16:00:00+00:00,2934.685,23.88201684,0.98706713,0.97711792,0.00780355,0.0,0.01116054
2025-07-09 17:00:00+00:00,2962.05,23.80919043,0.98685367,0.97690024,0.0077339,6.94e-06,0.01138183
2025-07-09 18:00:00+00:00,2942.5,23.65571886,0.98655876,0.97605076,0.00857369,3.179e-05,0.01146728
2025-07-09 19:00:00+00:00,2929.1925,23.90040322,0.98700403,0.97678947,0.00824491,2.563e-05,0.01111506
2025-07-09 20:00:00+00:00,2929.22,24.24054748,0.98687156,0.97688019,0.00778625,0.0,0.01136327
2025-07-09 21:00:00+00:00,2889.9125,24.25564265,0.98673556,0.9767039,0.00776701,0.0,0.01150364
2025-07-09 22:00:00+00:00,2785.1825,24.17736228,0.99383246,0.98318242,0.00829817,0.0,0.0049378
2025-07-09 23:00:00+00:00,2721.44,24.25883844,0.99244231,0.98235028,0.00749911,0.0,0.00567749
2025-07-10 00:00:00+00:00,2714.995,24.20091931,0.98530921,0.97502129,0.00764443,0.0,0.01254367
2025-07-10 01:00:00+00:00,2696.935,24.18958334,0.98499813,0.97866437,0.0035825,0.0,0.01283177
2025-07-10 02:00:00+00:00,2688.1225,24.09106631,0.98528502,0.97898865,0.00354008,0.0,0.0126653
2025-07-10 03:00:00+00:00,2682.8725,24.08893635,0.98607243,0.97636256,0.00719434,0.0,0.01201923
2025-07-10 04:00:00+00:00,2721.0775,23.94498244,0.98587253,0.97697462,0.00648567,0.0,0.01215991
2025-07-10 05:00:00+00:00,2801.485,23.83633968,0.98624225,0.97637457,0.0076072,0.0,0.0118762
2025-07-10 06:00:00+00:00,2885.515,23.81782204,0.98645368,0.97657557,0.00769404,0.0,0.01166951
2025-07-10 07:00:00+00:00,2920.495,23.87013932,0.98672142,0.97458592,0.00982631,0.0,0.01145357
2025-07-10 08:00:00+00:00,2930.8125,23.98754996,0.98572074,0.97452851,0.00870812,0.0,0.01228124
2025-07-10 09:00:00+00:00,2941.1525,24.05545015,0.98581608,0.98041208,0.00288281,0.0,0.0119162
2025-07-10 10:00:00+00:00,2941.5775,24.19653096,0.98534764,0.97814998,0.00473486,0.0,0.01178637
2025-07-10 11:00:00+00:00,2922.61,24.20956549,0.98533614,0.97432774,0.0084674,0.0,0.01182371
2025-07-10 12:00:00+00:00,2960.835,24.17047906,0.9848567,0.973987,0.00831237,0.0,0.01221379
2025-07-10 13:00:00+00:00,2917.445,24.24810137,0.98380522,0.97765451,0.00348659,2.518e-05,0.01313594
2025-07-10 14:00:00+00:00,2938.165,24.24998938,0.98429116,0.97538501,0.00623703,3.366e-05,0.01263161
2025-07-10 15:00:00+00:00,2930.3525,24.05299327,0.98685108,0.97652253,0.00784434,3.754e-05,0.01081543
2025-07-10 16:00:00+00:00,2943.07,23.88800492,0.9874181,0.97524255,0.00985711,3.695e-05,0.01065428
2025-07-10 17:00:00+00:00,2953.15,23.88198569,0.98750141,0.97501641,0.01034283,3.47e-05,0.01054808
2025-07-10 18:00:00+00:00,2952.645,23.95009597,0.98779612,0.97551691,0.01006447,3.682e-05,0.01019081
2025-07-10 19:00:00+00:00,2959.0525,24.27728732,0.98680905,0.97633446,0.00792737,3.251e-05,0.01093049
2025-07-10 20:00:00+00:00,2939.0225,24.14503191,0.98644557,0.97607715,0.00774237,0.0,0.01110956
2025-07-10 21:00:00+00:00,2905.2225,24.03975717,0.98612903,0.97571034,0.00779136,1.202e-05,0.01137831
2025-07-10 22:00:00+00:00,2796.89,24.05431568,0.99414721,0.98207118,0.00961309,0.0,0.0039845
2025-07-10 23:00:00+00:00,2737.285,24.24813359,0.99322245,0.98122773,0.00958092,0.0,0.00446885
2025-07-11 00:00:00+00:00,2745.105,24.29066552,0.98551441,0.97444486,0.00849512,0.0,0.0118604
2025-07-11 01:00:00+00:00,2707.445,24.34399943,0.98615673,0.97387144,0.00981979,0.0,0.01153321
2025-07-11 02:00:00+00:00,2679.9275,24.39302696,0.98483796,0.97256789,0.00966785,1.507e-05,0.01238701
2025-07-11 03:00:00+00:00,2707.555,24.39319224,0.98423698,0.97296185,0.00858267,8.872e-05,0.01252476
2025-07-11 04:00:00+00:00,2783.27,24.48189301,0.98496671,0.97313091,0.00920432,5.206e-05,0.01200361
2025-07-11 05:00:00+00:00,2891.61,24.54763123,0.98562063,0.97314457,0.00985906,1.328e-05,0.01186369
2025-07-11 06:00:00+00:00,2985.175,24.6011072,0.98502127,0.97269841,0.00956026,0.0,0.01214606
2025-07-11 07:00:00+00:00,2992.335,24.56077143,0.98582874,0.97375267,0.00956837,8.796e-05,0.01124309
2025-07-11 08:00:00+00:00,3004.795,24.61845773,0.98588003,0.97384393,0.00959157,0.0,0.01097005
2025-07-11 09:00:00+00:00,2980.605,24.63620595,0.98665557,0.9754342,0.00872572,0.0,0.01029314
2025-07-11 10:00:00+00:00,2981.6375,24.52693997,0.98519124,0.97309383,0.00963512,0.0,0.01134888
2025-07-11 11:00:00+00:00,3005.02,24.46871647,0.98518336,0.97344668,0.00927597,0.0,0.01144124
2025-07-11 12:00:00+00:00,2994.2825,24.44998987,0.98517866,0.97295558,0.0096984,3.406e-05,0.01160517
2025-07-11 13:00:00+00:00,2992.765,24.51071129,0.98536473,0.97320613,0.00969687,0.0,0.01141838
2025-07-11 14:00:00+00:00,2972.26,24.51015883,0.98524917,0.97305659,0.00964121,2.463e-05,0.01172403
2025-07-11 15:00:00+00:00,2962.05,24.62503731,0.98664095,0.97229809,0.0119281,0.0,0.01056498
2025-07-11 16:00:00+00:00,2950.325,24.76258544,0.9865201,0.97206853,0.0120353,0.0,0.01091597
2025-07-11 17:00:00+00:00,2970.4525,24.84336275,0.98671527,0.97594468,0.00832928,0.0,0.01065981
2025-07-11 18:00:00+00:00,2946.11,24.89484483,0.98643894,0.97324735,0.01076764,0.0,0.01136139
2025-07-11 19:00:00+00:00,2926.96,24.80291474,0.98649137,0.97367229,0.01047409,0.0,0.01090307
2025-07-11 20:00:00+00:00,2916.75,24.88482404,0.98666549,0.97278351,0.01146248,0.0,0.01091227
2025-07-11 21:00:00+00:00,2880.4625,24.89711874,0.98758535,0.97500199,0.0100788,3.896e-05,0.01007363
2025-07-11 22:00:00+00:00,2803.1,24.93838716,0.98768405,0.97266407,0.01271169,1.292e-05,0.01041239
2025-07-11 23:00:00+00:00,2751.715,24.92944959,0.98667455,0.97098585,0.01324192,0.00011818,0.01096615
2025-07-12 00:00:00+00:00,2691.1375,24.93551616,0.98749274,0.97153066,0.01367567,4.558e-05,0.01065133
2025-07-12 01:00:00+00:00,2666.87,24.93494416,0.98709137,0.97067702,0.01378583,0.00018627,0.01065325
2025-07-12 02:00:00+00:00,2641.6925,24.85199641,0.98744411,0.97157364,0.01344096,6.74e-05,0.01065622
2025-07-12 03:00:00+00:00,2634.785,24.83785367,0.98671052,0.97068139,0.01365193,0.0,0.01146774
2025-07-12 04:00:00+00:00,2648.605,24.87998717,0.98672018,0.9705416,0.01380129,7.77e-06,0.01149058
2025-07-12 05:00:00+00:00,2691.3575,24.74920504,0.98686943,0.97120516,0.01344125,2.063e-05,0.01116922
2025-07-12 06:00:00+00:00,2753.0975,24.75735673,0.98688632,0.97136338,0.01320534,0.00015309,0.01084361
2025-07-12 07:00:00+00:00,2822.17,24.80878125,0.98653637,0.9710869,0.01298202,0.00026107,0.01105718
2025-07-12 08:00:00+00:00,2857.2675,24.71864379,0.9872068,0.97263928,0.01245568,0.0,0.01043624
2025-07-12 09:00:00+00:00,2874.0075,24.74930529,0.98744084,0.97295272,0.01220835,2.668e-05,0.01042671
2025-07-12 10:00:00+00:00,2848.4425,24.70153322,0.98649038,0.97043003,0.01318983,0.00056254,0.01069653
2025-07-12 11:00:00+00:00,2818.455,24.51001601,0.9860718,0.97024854,0.01334776,0.00032412,0.01118003
2025-07-12 12:00:00+00:00,2789.775,24.52238427,0.9867309,0.97144637,0.0129934,0.00017296,0.011144
2025-07-12 13:00:00+00:00,2799.105,24.41736911,0.98699113,0.97207106,0.01272367,0.0,0.01100571
2025-07-12 14:00:00+00:00,2798.1875,24.42505589,0.98662077,0.97206161,0.01229925,0.0,0.01137973
2025-07-12 15:00:00+00:00,2814.8625,24.3942484,0.98630191,0.9718408,0.01215444,0.0,0.01150182
2025-07-12 16:00:00+00:00,2816.7425,24.34255649,0.98600247,0.97014148,0.01340969,0.0,0.01173484
2025-07-12 17:00:00+00:00,2815.52,24.31611223,0.98602701,0.97105698,0.01252832,0.0,0.01180907
2025-07-12 18:00:00+00:00,2801.0625,24.21172836,0.98615847,0.9718466,0.01188281,0.0,0.01164318
2025-07-12 19:00:00+00:00,2756.4375,24.05967884,0.98639082,0.97344745,0.01053161,0.0,0.01149507
2025-07-12 20:00:00+00:00,2738.9675,24.07539918,0.98656775,0.97420749,0.00991418,0.0,0.01114423
2025-07-12 21:00:00+00:00,2735.965,24.0714923,0.98695353,0.9758773,0.0085502,5.684e-05,0.01070792
2025-07-12 22:00:00+00:00,2716.53,24.0156132,0.98409476,0.97727025,0.00423546,0.0,0.01208382
2025-07-12 23:00:00+00:00,2675.775,24.11838855,0.98411949,0.97663515,0.00489379,0.0,0.01209105
2025-07-13 00:00:00+00:00,2627.8925,24.23569901,0.98348628,0.97564802,0.00510715,0.0,0.01283451
2025-07-13 01:00:00+00:00,2618.4225,24.22080712,0.98351296,0.97550199,0.00520824,0.0,0.01278243
2025-07-13 02:00:00+00:00,2596.58,24.19684982,0.9845798,0.97661242,0.00521331,0.0,0.01290041
2025-07-13 03:00:00+00:00,2590.825,24.19396454,0.98524288,0.97748953,0.00497836,0.0,0.01257957
2025-07-13 04:00:00+00:00,2564.8575,24.22342369,0.98478786,0.97694868,0.00506972,0.0,0.01306278
2025-07-13 05:00:00+00:00,2589.45,24.54257012,0.9849749,0.97713571,0.00504444,0.0,0.01291527
2025-07-13 06:00:00+00:00,2604.545,24.78422259,0.98527005,0.97734274,0.00511138,0.0,0.01281619
2025-07-13 07:00:00+00:00,2648.55,24.51351997,0.98547132,0.97774317,0.00498239,0.0,0.01208933
2025-07-13 08:00:00+00:00,2709.435,24.62443074,0.98425951,0.9764257,0.00509185,0.0,0.01311432
2025-07-13 09:00:00+00:00,2692.07,24.82307924,0.98360532,0.97530681,0.00534995,0.0,0.01391682
2025-07-13 10:00:00+00:00,2691.595,24.41040773,0.9838724,0.97569134,0.00549196,0.0,0.01346252
2025-07-13 11:00:00+00:00,2692.255,24.40268574,0.98355101,0.97530181,0.00564444,0.0,0.01376665
2025-07-13 12:00:00+00:00,2711.5275,24.60255677,0.98376931,0.97486876,0.00563664,0.00039122,0.01348961
2025-07-13 13:00:00+00:00,2719.305,24.5585645,0.98364064,0.97495361,0.00579217,0.0,0.01373234
2025-07-13 14:00:00+00:00,2711.975,24.3217664,0.98482474,0.97649024,0.00552611,0.0,0.01288158
2025-07-13 15:00:00+00:00,2716.8225,24.5246316,0.98469579,0.97615602,0.00570741,0.0,0.0130903
2025-07-13 16:00:00+00:00,2744.61,24.67192876,0.98387217,0.97510056,0.00570018,0.0,0.01390521
2025-07-13 17:00:00+00:00,2752.5075,24.6728005,0.98411129,0.9754795,0.00558714,0.0,0.01366475
2025-07-13 18:00:00+00:00,2760.5225,24.40934058,0.98520555,0.97697972,0.00527146,0.0,0.01270058
2025-07-13 19:00:00+00:00,2751.195,24.01365375,0.98586055,0.97791386,0.00518971,0.0,0.01209388
2025-07-13 20:00:00+00:00,2745.8575,23.6919655,0.9862117,0.97847393,0.00504806,0.0,0.01179343
2025-07-13 21:00:00+00:00,2712.3475,24.06439031,0.98629284,0.97829706,0.00519463,0.0,0.01165028
2025-07-13 22:00:00+00:00,2657.9225,24.08596952,0.98629637,0.97838326,0.00514727,0.0,0.01160197
2025-07-13 23:00:00+00:00,2589.58,24.29482005,0.9856488,0.97765282,0.00522524,0.0,0.01217626
2025-07-14 00:00:00+00:00,2544.14,24.36192082,0.99278664,0.98468772,0.00529926,0.0,0.00498731
2025-07-14 01:00:00+00:00,2514.7925,24.32035782,0.99290656,0.98479733,0.00524424,0.0,0.00482248
2025-07-14 02:00:00+00:00,2505.885,24.22233969,0.99284331,0.98458404,0.005378,0.0,0.00480645
2025-07-14 03:00:00+00:00,2538.4725,24.36424254,0.99177678,0.98326705,0.00552134,0.0,0.00515734
2025-07-14 04:00:00+00:00,2597.0425,24.44648331,0.99196145,0.98352883,0.00546741,0.0,0.00506979
2025-07-14 05:00:00+00:00,2692.76,24.79031814,0.99155052,0.98278524,0.00564119,0.0,0.00554443
2025-07-14 06:00:00+00:00,2782.905,24.9958467,0.9902102,0.98670452,0.0001841,0.0,0.00601389
2025-07-14 07:00:00+00:00,2838.3725,24.89204419,0.99098514,0.98210435,0.00572853,0.0,0.00546113
2025-07-14 08:00:00+00:00,2866.6,24.78948759,0.99113694,0.98685463,0.00115157,0.0,0.00502014
2025-07-14 09:00:00+00:00,2838.1525,24.68345702,0.991027,0.98222674,0.00575959,0.0,0.00509929
2025-07-14 10:00:00+00:00,2801.8025,24.5790162,0.98137796,0.97822513,8.809e-05,0.0,0.01464456
2025-07-14 11:00:00+00:00,2801.5875,24.09778554,0.98342095,0.9748812,0.00568322,0.0,0.01325751
2025-07-14 12:00:00+00:00,2802.16,23.77035397,0.98462697,0.9764699,0.00547554,0.0,0.01249261
2025-07-14 13:00:00+00:00,2794.45,23.70012924,0.98460838,0.97646901,0.00552075,0.0,0.01245349
2025-07-14 14:00:00+00:00,2796.6575,24.56799459,0.9832183,0.97415143,0.0060853,0.0,0.01361435
2025-07-14 15:00:00+00:00,2798.1275,24.41668132,0.98121172,0.97802102,4.806e-05,0.0,0.01486922
2025-07-14 16:00:00+00:00,2802.195,23.99839744,0.98185662,0.97886739,0.0,0.0,0.01443054
2025-07-14 17:00:00+00:00,2671.455,24.4861559,0.98170123,0.9784306,0.0,0.0,0.0145997
2025-07-14 18:00:00+00:00,2667.8475,24.4429855,0.98084894,0.9775494,0.0,0.0,0.01514251
2025-07-14 19:00:00+00:00,2674.4275,24.75119091,0.98060308,0.97729949,0.0,0.0,0.01540344
2025-07-14 20:00:00+00:00,2634.715,24.90614469,0.97997737,0.97652058,0.0,0.0,0.01575198
2025-07-14 21:00:00+00:00,2598.705,24.87681961,0.9800257,0.97662058,0.0,0.0,0.01579888
2025-07-14 22:00:00+00:00,2515.28,23.84792625,0.99305643,0.99031728,0.0,0.0,0.00530851
2025-07-14 23:00:00+00:00,2442.985,24.17325894,0.99259823,0.98978533,0.0,0.0,0.00536541
2025-07-15 00:00:00+00:00,2406.7425,24.04778371,0.98486011,0.98210087,0.0,0.0,0.01282026
2025-07-15 01:00:00+00:00,2366.2775,24.02549688,0.98498705,0.98223079,0.0,0.0,0.01271168
2025-07-15 02:00:00+00:00,2343.665,24.10032283,0.98537494,0.98252892,0.0,0.0,0.01224331
2025-07-15 03:00:00+00:00,2354.7675,24.95144001,0.98258161,0.97933419,0.0,0.0,0.01424175
2025-07-15 04:00:00+00:00,2428.0475,24.76038364,0.98352557,0.9804909,0.0,0.0,0.0135689
2025-07-15 05:00:00+00:00,2538.37,24.46843331,0.9860296,0.98295527,0.0002904,0.0,0.01132666
2025-07-15 06:00:00+00:00,2628.7675,24.1379136,0.98813886,0.97392383,0.01168537,0.0,0.00943943
2025-07-15 07:00:00+00:00,2658.8475,23.93419984,0.98810808,0.97414426,0.01154644,0.0,0.00929771
2025-07-15 08:00:00+00:00,2761.255,23.71501845,0.98891546,0.97564522,0.01097093,0.0,0.00882516
2025-07-15 09:00:00+00:00,2788.0675,23.9826931,0.98917193,0.97629829,0.01058007,0.0,0.00836809
2025-07-15 10:00:00+00:00,2827.97,24.1493938,0.98886707,0.97875301,0.00772628,0.0,0.00858339
2025-07-15 11:00:00+00:00,2837.415,24.37964556,0.98844134,0.97901137,0.00706169,0.0,0.00869788
2025-07-15 12:00:00+00:00,2872.47,24.53106316,0.98763496,0.97875925,0.00656573,0.0,0.00941299
2025-07-15 13:00:00+00:00,2869.42,24.58088982,0.98636698,0.98021824,0.00375898,0.0,0.01095962
2025-07-15 14:00:00+00:00,2878.0225,24.43576623,0.98644029,0.97961346,0.00450544,0.0,0.0109356
2025-07-15 15:00:00+00:00,2872.3025,24.28582452,0.98573105,0.97637101,0.00695948,0.0,0.01193461
2025-07-15 16:00:00+00:00,2869.22,24.1938971,0.98510813,0.97553037,0.00705116,0.0,0.01235327
2025-07-15 17:00:00+00:00,2849.85,23.97920398,0.98608055,0.97646671,0.00722564,0.0,0.01162105
2025-07-15 18:00:00+00:00,2833.0325,23.93183108,0.98551197,0.98274052,0.00025636,0.0,0.01238375
2025-07-15 19:00:00+00:00,2767.835,23.74921532,0.98587142,0.9833568,2.014e-05,0.0,0.01219166
2025-07-15 20:00:00+00:00,2516.77,24.03229235,0.98498714,0.9785172,0.00372036,0.0,0.01318034
2025-07-15 21:00:00+00:00,2422.9,24.53956864,0.98487055,0.97808638,0.00397709,0.0,0.01356484
2025-07-15 22:00:00+00:00,2383.31,24.32041049,0.99537815,0.98230135,0.01077503,0.0,0.00396888
2025-07-15 23:00:00+00:00,2336.8075,24.49433178,0.99439241,0.98079162,0.01096898,0.0,0.00477809
2025-07-16 00:00:00+00:00,2341.51,24.80311687,0.98596929,0.97207922,0.01113652,0.0,0.01285916
2025-07-16 01:00:00+00:00,2338.765,25.05478427,0.9859871,0.97206253,0.0110814,0.0,0.01270281
2025-07-16 02:00:00+00:00,2333.035,25.06566279,0.98560181,0.97153049,0.01122156,6.79e-06,0.01270151
2025-07-16 03:00:00+00:00,2328.6975,25.0262033,0.98595226,0.97247862,0.01078987,0.0,0.01225362
2025-07-16 04:00:00+00:00,2405.035,24.95280477,0.98603775,0.97281185,0.01068291,0.0,0.01210429
2025-07-16 05:00:00+00:00,2455.465,24.79411065,0.98626083,0.97301975,0.01098444,0.0,0.01183542
2025-07-16 06:00:00+00:00,2554.6525,24.92361831,0.98483926,0.96744747,0.01474478,0.0,0.01286882
2025-07-16 07:00:00+00:00,2668.775,24.84625905,0.98653829,0.97054515,0.01369514,0.0,0.01149623
2025-07-16 08:00:00+00:00,2708.0025,24.82217635,0.98701903,0.97135709,0.01345532,0.0,0.01104197
2025-07-16 09:00:00+00:00,2721.6725,24.80306799,0.98715397,0.97140068,0.01352089,0.0,0.01068721
2025-07-16 10:00:00+00:00,2721.875,24.71257638,0.98688191,0.9714348,0.01337674,0.0,0.01105704
2025-07-16 11:00:00+00:00,2729.7425,24.57896276,0.98713572,0.97189775,0.01318967,0.0,0.01087239
2025-07-16 12:00:00+00:00,2717.995,24.47543625,0.98678182,0.97212456,0.0124574,0.0,0.01117692
2025-07-16 13:00:00+00:00,2726.435,24.37541094,0.98679092,0.97162115,0.01285856,1.115e-05,0.0113303
2025-07-16 14:00:00+00:00,2723.1275,24.09053157,0.98643986,0.97119616,0.0130091,0.0,0.01155653
2025-07-16 15:00:00+00:00,2704.8525,23.7882887,0.98733925,0.97280304,0.01250723,0.0,0.01090584
2025-07-16 16:00:00+00:00,2708.33,23.69863268,0.98680303,0.97210257,0.01261856,0.0,0.01140502
2025-07-16 17:00:00+00:00,2700.0975,23.63316962,0.9868205,0.97450976,0.010201,0.0,0.01137949
2025-07-16 18:00:00+00:00,2700.3825,23.89765808,0.98607746,0.97299101,0.01056134,0.0,0.01216292
2025-07-16 19:00:00+00:00,2667.285,23.8766931,0.98702244,0.97450314,0.01010057,0.0,0.01186302
2025-07-16 20:00:00+00:00,2640.08,23.84000911,0.98797069,0.97546645,0.01036485,0.0,0.01096523
2025-07-16 21:00:00+00:00,2625.5875,24.00362759,0.98730972,0.97501516,0.00998313,0.0,0.01162636
2025-07-16 22:00:00+00:00,2535.0375,24.50934434,0.99331718,0.98086909,0.00933363,0.00020615,0.0059807
2025-07-16 23:00:00+00:00,2469.0125,24.79634033,0.99320877,0.98084157,0.00923539,0.00016582,0.0060131
2025-07-17 00:00:00+00:00,2466.855,24.84548631,0.9856948,0.9736306,0.0092211,0.00014039,0.01321553
2025-07-17 01:00:00+00:00,2480.51,24.87549135,0.98597244,0.97391689,0.00919692,8.908e-05,0.01237272
2025-07-17 02:00:00+00:00,2480.06,24.92267932,0.98455578,0.97219744,0.0093964,0.00012498,0.01355205
2025-07-17 03:00:00+00:00,2502.445,24.83890014,0.98466996,0.97251476,0.00936793,1.893e-05,0.01323087
2025-07-17 04:00:00+00:00,2579.1775,24.64480453,0.98524807,0.97134171,0.01137093,0.0,0.0127152
2025-07-17 05:00:00+00:00,2637.12,24.62490339,0.98676643,0.97416944,0.01030884,0.0,0.01148263
2025-07-17 06:00:00+00:00,2717.9825,24.67180726,0.98662669,0.97390802,0.01044461,0.0,0.01159705
2025-07-17 07:00:00+00:00,2764.2875,24.71208139,0.98715918,0.97454457,0.01040978,0.0,0.01106906
2025-07-17 08:00:00+00:00,2834.535,24.67240044,0.98715342,0.97458004,0.01043217,0.0,0.01109092
2025-07-17 09:00:00+00:00,2849.7225,24.60252642,0.98788542,0.97642044,0.00924772,0.0,0.010331
2025-07-17 10:00:00+00:00,2874.96,24.56445531,0.98685939,0.97619319,0.00846275,0.0,0.01130543
2025-07-17 11:00:00+00:00,2881.435,24.58518279,0.98687852,0.9781462,0.00652064,0.0,0.01113997
2025-07-17 12:00:00+00:00,2873.4,24.59456286,0.9869001,0.97926642,0.00533616,0.0,0.01112782
2025-07-17 13:00:00+00:00,2872.71,24.55436144,0.9867655,0.98242105,0.00206166,0.0,0.01143485
2025-07-17 14:00:00+00:00,2864.04,24.6170779,0.98682486,0.98248639,0.0020248,0.0,0.0114244
2025-07-17 15:00:00+00:00,2856.39,24.67686034,0.98715105,0.98163983,0.00327296,0.0,0.0111287
2025-07-17 16:00:00+00:00,2849.97,24.65080493,0.98784753,0.98269776,0.00316023,0.0,0.01050037
2025-07-17 17:00:00+00:00,2850.47,24.71045498,0.98748756,0.98217025,0.00319717,0.0,0.01085333
2025-07-17 18:00:00+00:00,2843.1925,24.81376458,0.98666264,0.98027567,0.00404071,0.0,0.01159552
2025-07-17 19:00:00+00:00,2810.8575,24.77454762,0.98639901,0.97830528,0.00571287,0.0,0.01206856
2025-07-17 20:00:00+00:00,2830.1125,24.60899243,0.98698624,0.9764104,0.0083205,0.0,0.01134779
2025-07-17 21:00:00+00:00,2771.4,24.37163621,0.98650496,0.97418403,0.00996603,0.0,0.01202196
2025-07-17 22:00:00+00:00,2686.195,23.97209073,0.99475685,0.98274114,0.0097805,0.0,0.0045517
2025-07-17 23:00:00+00:00,2656.3025,23.76615481,0.99455259,0.98257194,0.00978487,0.0,0.00440343
2025-07-18 00:00:00+00:00,2651.39,24.1355347,0.98608914,0.97610284,0.00742216,0.0,0.01223898
2025-07-18 01:00:00+00:00,2629.7325,24.1499002,0.98607523,0.97666658,0.0068851,0.0,0.01229277
2025-07-18 02:00:00+00:00,2612.265,24.12542898,0.98603048,0.97674809,0.00680725,0.0,0.01239268
2025-07-18 03:00:00+00:00,2615.035,24.17441703,0.98612897,0.97390913,0.00981689,0.0,0.01205317
2025-07-18 04:00:00+00:00,2641.31,24.18231638,0.98684996,0.97794247,0.00673529,0.0,0.01137617
2025-07-18 05:00:00+00:00,2739.235,24.24008994,0.98770728,0.97611524,0.0096787,0.0,0.0105989
2025-07-18 06:00:00+00:00,2805.5275,24.3198367,0.98759537,0.97589898,0.009754,0.0,0.0107007
2025-07-18 07:00:00+00:00,2792.45,24.51081943,0.98749186,0.97667283,0.00872314,0.0,0.01076185
2025-07-18 08:00:00+00:00,2858.81,24.55576344,0.98907573,0.97844149,0.0086632,0.0,0.00918696
2025-07-18 09:00:00+00:00,2839.47,24.62124363,0.98903021,0.97950658,0.00752608,0.0,0.00921975
2025-07-18 10:00:00+00:00,2864.3725,24.65767869,0.98843516,0.97902656,0.00747764,0.0,0.00982621
2025-07-18 11:00:00+00:00,2873.19,24.7124471,0.98757195,0.97672872,0.00888638,0.0,0.010654
2025-07-18 12:00:00+00:00,2870.6125,24.7691253,0.98724339,0.97505469,0.01013223,0.0,0.01099448
2025-07-18 13:00:00+00:00,2878.6275,24.75003244,0.98890439,0.97575004,0.01108329,0.0,0.00934911
2025-07-18 14:00:00+00:00,2907.0925,24.66374394,0.98924251,0.97654024,0.01071965,0.0,0.00906782
2025-07-18 15:00:00+00:00,2888.7975,24.68829166,0.98920542,0.97645531,0.01088608,0.0,0.009068
2025-07-18 16:00:00+00:00,2883.6125,24.7131002,0.98902081,0.97598954,0.01111572,0.0,0.00922644
2025-07-18 17:00:00+00:00,2894.52,24.68963639,0.98875313,0.97539486,0.01143068,0.0,0.00944368
2025-07-18 18:00:00+00:00,2914.0875,24.81316193,0.98779939,0.9734952,0.01205911,0.0,0.01022979
2025-07-18 19:00:00+00:00,2876.985,24.9419042,0.98750431,0.97291968,0.01217268,0.0,0.01051412
2025-07-18 20:00:00+00:00,2821.5,25.05199571,0.9877291,0.97320341,0.01208031,0.0,0.01043607
2025-07-18 21:00:00+00:00,2799.0725,25.07301499,0.98766582,0.97443942,0.01073302,0.0,0.01051449
2025-07-18 22:00:00+00:00,2759.2975,24.93678011,0.98963273,0.97827044,0.00915674,0.0,0.00895703
2025-07-18 23:00:00+00:00,2740.9,24.7867146,0.98933764,0.977391,0.0097645,0.0,0.0091127
2025-07-19 00:00:00+00:00,2692.075,24.7873134,0.98926683,0.97692121,0.01009186,0.0,0.00942758
2025-07-19 01:00:00+00:00,2666.305,24.73193981,0.98872479,0.97604582,0.01035718,0.0,0.00972604
2025-07-19 02:00:00+00:00,2609.295,24.88215846,0.98849149,0.97551705,0.01058056,0.0,0.00994405
2025-07-19 03:00:00+00:00,2618.3975,25.04354005,0.98849308,0.97572447,0.01036134,0.0,0.00976522
2025-07-19 04:00:00+00:00,2638.94,24.98473618,0.98902098,0.97690778,0.00988857,0.0,0.00936245
2025-07-19 05:00:00+00:00,2682.595,24.95424059,0.98912275,0.9770774,0.00987579,0.0,0.00920177
2025-07-19 06:00:00+00:00,2737.515,24.97941103,0.98907652,0.97711996,0.00975475,0.0,0.00926809
2025-07-19 07:00:00+00:00,2788.5275,25.02563683,0.98890965,0.9767031,0.0099209,0.0,0.00939908
2025-07-19 08:00:00+00:00,2808.075,25.0782964,0.98629205,0.97327151,0.01066654,0.0,0.00992037
2025-07-19 09:00:00+00:00,2821.55,25.0726606,0.98518764,0.97167933,0.01115999,0.0,0.01032114
2025-07-19 10:00:00+00:00,2803.1275,25.05292298,0.98367139,0.96929384,0.0120371,6.248e-05,0.01081114
2025-07-19 11:00:00+00:00,2792.515,24.99461373,0.98373002,0.96902229,0.01247126,2.659e-05,0.01080277
2025-07-19 12:00:00+00:00,2774.62,24.9280101,0.98487365,0.97051014,0.01214697,0.0,0.01048948
2025-07-19 13:00:00+00:00,2775.72,24.98931161,0.98600095,0.97229503,0.01126759,0.0,0.0103171
2025-07-19 14:00:00+00:00,2790.35,24.80861258,0.98829326,0.9755869,0.01046796,0.0,0.00950855
2025-07-19 15:00:00+00:00,2803.4675,24.80934126,0.98904494,0.97662287,0.01030921,0.0,0.00924349
2025-07-19 16:00:00+00:00,2823.66,24.78519931,0.98942183,0.97741811,0.00999156,0.0,0.00891825
2025-07-19 17:00:00+00:00,2801.155,24.72099282,0.9896632,0.97845874,0.00938497,0.0,0.00866777
2025-07-19 18:00:00+00:00,2786.4275,24.71386131,0.98956258,0.97620157,0.0115302,0.0,0.00876958
2025-07-19 19:00:00+00:00,2763.985,24.64768963,0.98971525,0.97644646,0.01147635,0.0,0.00862744
2025-07-19 20:00:00+00:00,2753.75,24.76690258,0.98932047,0.97570576,0.01160262,0.0,0.00901137
2025-07-19 21:00:00+00:00,2719.035,24.79409593,0.98943203,0.97606173,0.01136838,0.0,0.00894678
2025-07-19 22:00:00+00:00,2701.4975,24.98629828,0.98844752,0.97693493,0.00904073,0.0,0.00977724
2025-07-19 23:00:00+00:00,2663.78,25.04112713,0.98933803,0.98143114,0.005333,0.0,0.00923046
2025-07-20 00:00:00+00:00,2621.585,25.00269762,0.98933486,0.98140984,0.00537746,0.0,0.00935546
2025-07-20 01:00:00+00:00,2612.045,24.95534218,0.9895935,0.97763677,0.00945753,0.0,0.00909851
2025-07-20 02:00:00+00:00,2577.37,24.9407988,0.98951951,0.97823863,0.00875271,0.0,0.00921876
2025-07-20 03:00:00+00:00,2561.06,24.81783706,0.98892914,0.97880263,0.00773033,0.0,0.00943767
2025-07-20 04:00:00+00:00,2554.7375,24.82364172,0.98891793,0.978345,0.00821501,0.0,0.00968282
2025-07-20 05:00:00+00:00,2579.8375,24.76005097,0.98915602,0.98022937,0.00666694,0.0,0.00963295
2025-07-20 06:00:00+00:00,2621.35,24.65415264,0.98972562,0.98109613,0.00655679,0.0,0.00925298
2025-07-20 07:00:00+00:00,2659.28,24.62868649,0.98891544,0.97989155,0.00690396,0.0,0.00976979
2025-07-20 08:00:00+00:00,2711.105,24.77968256,0.98709838,0.977002,0.00767281,0.0,0.01038429
2025-07-20 09:00:00+00:00,2737.9,24.60415654,0.98640902,0.97615035,0.00800081,0.0,0.01046925
2025-07-20 10:00:00+00:00,2741.645,24.8101333,0.98527147,0.97465462,0.00826361,0.0,0.01097919
2025-07-20 11:00:00+00:00,2731.7975,24.74376306,0.98548752,0.97519462,0.0079798,0.0,0.0106391
2025-07-20 12:00:00+00:00,2744.0,24.71327737,0.9861393,0.97627139,0.00756547,0.0,0.01014332
2025-07-20 13:00:00+00:00,2753.0725,24.78570614,0.98631502,0.97670292,0.00732687,0.0,0.01006306
2025-07-20 14:00:00+00:00,2686.61,24.6398716,0.98919907,0.97965413,0.00774062,0.0,0.00912264
2025-07-20 15:00:00+00:00,2619.8375,24.37289496,0.98942849,0.9798214,0.00807088,0.0,0.00912883
2025-07-20 16:00:00+00:00,2643.6875,24.42692652,0.98924925,0.97758084,0.0101063,0.0,0.00913691
2025-07-20 17:00:00+00:00,2660.4375,24.0896575,0.98940061,0.9796395,0.00791508,0.0,0.00915513
2025-07-20 18:00:00+00:00,2679.8625,24.19709213,0.98853442,0.97941121,0.00690558,0.0,0.00986619
2025-07-20 19:00:00+00:00,2666.4275,23.77322302,0.98821513,0.97866867,0.00735432,0.0,0.01011442
2025-07-20 20:00:00+00:00,2673.9225,23.75396077,0.98860982,0.97903808,0.00739936,0.0,0.00976974
2025-07-20 21:00:00+00:00,2669.195,23.71161308,0.98882443,0.97967461,0.00687425,0.0,0.00992884
2025-07-20 22:00:00+00:00,2663.005,23.75724645,0.98909588,0.98045077,0.0063387,0.0,0.00947257
2025-07-20 23:00:00+00:00,2638.2275,23.68318789,0.98936559,0.98078857,0.00630831,0.0,0.0091813
2025-07-21 00:00:00+00:00,2571.5975,23.5512,0.99574933,0.98709023,0.00634793,0.0,0.0027069
2025-07-21 01:00:00+00:00,2546.62,23.38141278,0.99582792,0.98714136,0.00637994,0.0,0.00263258
2025-07-21 02:00:00+00:00,2535.89,23.23003713,0.99580504,0.98741342,0.00624017,0.0,0.00258231
2025-07-21 03:00:00+00:00,2509.0125,23.23556678,0.99577338,0.98717001,0.00643408,0.0,0.00261776
2025-07-21 04:00:00+00:00,2581.595,22.96762537,0.99623036,0.98623125,0.00828857,0.0,0.00206418
2025-07-21 05:00:00+00:00,2679.4125,22.90357788,0.9966696,0.9860833,0.00916103,0.0,0.00169213
2025-07-21 06:00:00+00:00,2765.1025,22.95474728,0.99659667,0.98431515,0.01081396,0.0,0.00180686
2025-07-21 07:00:00+00:00,2819.6975,23.00418011,0.99661801,0.98698211,0.00813954,0.0,0.00180916
2025-07-21 08:00:00+00:00,2848.065,22.52378165,0.99652044,0.98903895,0.00592267,0.0,0.00187846
2025-07-21 09:00:00+00:00,2823.17,22.46433723,0.99651163,0.98867792,0.0062819,0.0,0.00187951
2025-07-21 10:00:00+00:00,2838.34,22.6066079,0.99021591,0.98222277,0.00639815,0.0,0.00816458
2025-07-21 11:00:00+00:00,2838.8825,22.82517928,0.98999634,0.98124541,0.00707261,0.0,0.00839639
2025-07-21 12:00:00+00:00,2840.8325,22.92507508,0.9897943,0.98328111,0.00480574,0.0,0.0085572
2025-07-21 13:00:00+00:00,2861.5775,22.96638672,0.98994453,0.9854097,0.00298768,0.0,0.0084026
2025-07-21 14:00:00+00:00,2890.18,22.98948305,0.99006005,0.98499671,0.00358365,0.0,0.00829265
2025-07-21 15:00:00+00:00,2891.315,22.91447774,0.99003011,0.98463598,0.00387951,0.0,0.00831023
2025-07-21 16:00:00+00:00,2876.7575,22.86282465,0.99000845,0.98458264,0.00405312,0.0,0.0083038
2025-07-21 17:00:00+00:00,2857.15,22.99883295,0.9896645,0.98406725,0.00410356,0.0,0.00860653
2025-07-21 18:00:00+00:00,2824.2475,23.25954207,0.98968232,0.98453784,0.00360659,0.0,0.00860265
2025-07-21 19:00:00+00:00,2805.565,23.21333969,0.98995129,0.98498614,0.00355465,0.0,0.00836563
2025-07-21 20:00:00+00:00,2783.415,22.85105405,0.98996832,0.98438724,0.00417447,0.0,0.0083454
2025-07-21 21:00:00+00:00,2737.9975,22.61061293,0.98965922,0.98373957,0.00436291,0.0,0.00862591
2025-07-21 22:00:00+00:00,2675.4475,22.70233613,0.99683037,0.99059723,0.0044106,0.0,0.00219762
2025-07-21 23:00:00+00:00,2606.73,22.62362519,0.99618442,0.9897147,0.00457067,0.0,0.00231019
2025-07-22 00:00:00+00:00,2606.1675,22.44512512,0.9887748,0.98186102,0.00497897,0.0,0.00940155
2025-07-22 01:00:00+00:00,2566.2725,22.41746421,0.9884851,0.97980214,0.00676722,0.0,0.00965468
2025-07-22 02:00:00+00:00,2515.7975,22.57190047,0.98836657,0.97957826,0.00683103,0.0,0.00977069
2025-07-22 03:00:00+00:00,2562.475,22.60443264,0.98870193,0.98024611,0.00673165,0.0,0.00944875
2025-07-22 04:00:00+00:00,2618.79,22.7801863,0.9893097,0.98132423,0.00641938,0.0,0.00891828
2025-07-22 05:00:00+00:00,2712.49,22.86907137,0.99023387,0.9828612,0.00604602,0.0,0.0081139
2025-07-22 06:00:00+00:00,2756.08,23.07456159,0.99036522,0.98308373,0.00588398,0.0,0.00803647
2025-07-22 07:00:00+00:00,2805.615,23.16916824,0.99015587,0.98094502,0.00772531,0.0,0.00822581
2025-07-22 08:00:00+00:00,2843.6275,23.47778343,0.98981107,0.98024519,0.00787261,0.0,0.00854383
2025-07-22 09:00:00+00:00,2853.59,23.64195061,0.98939728,0.97955594,0.00800621,0.0,0.00892624
2025-07-22 10:00:00+00:00,2852.84,23.7879954,0.98887202,0.97849649,0.00844349,0.0,0.00935848
2025-07-22 11:00:00+00:00,2861.4025,24.0194062,0.98676823,0.97720223,0.00743277,0.0,0.01034705
2025-07-22 12:00:00+00:00,2851.63,24.26340088,0.98687738,0.97893605,0.00579756,0.0,0.01029271
2025-07-22 13:00:00+00:00,2845.8075,24.52447773,0.98671343,0.9802546,0.00437832,0.0,0.0104392
2025-07-22 14:00:00+00:00,2846.47,24.75377621,0.98814076,0.98194898,0.00406354,0.0,0.00989565
2025-07-22 15:00:00+00:00,2840.2475,24.78416897,0.98810027,0.98126673,0.00465446,0.0,0.00994362
2025-07-22 16:00:00+00:00,2820.48,24.55382109,0.98884917,0.98245283,0.00450046,0.0,0.00936137
2025-07-22 17:00:00+00:00,2825.9425,24.46048631,0.98913128,0.98287574,0.00438433,0.0,0.00912707
2025-07-22 18:00:00+00:00,2812.6625,24.3926333,0.98906409,0.98280985,0.0043841,0.0,0.00919708
2025-07-22 19:00:00+00:00,2790.83,24.23647298,0.98943042,0.98073903,0.00679557,0.0,0.00920497
2025-07-22 20:00:00+00:00,2770.3925,24.24312744,0.98944521,0.97895156,0.00856527,0.0,0.00933494
2025-07-22 21:00:00+00:00,2735.8525,24.18959584,0.9897232,0.97914908,0.00860447,0.0,0.00939374
2025-07-22 22:00:00+00:00,2612.0925,23.98346086,0.99655937,0.98467731,0.00961169,0.0,0.00281118
2025-07-22 23:00:00+00:00,2555.445,23.894003,0.99537777,0.98336334,0.00961147,0.0,0.0029368
2025-07-23 00:00:00+00:00,2543.7775,23.9897384,0.98700673,0.97457734,0.01002754,0.0,0.01099735
2025-07-23 01:00:00+00:00,2511.615,24.44615905,0.98675556,0.97396099,0.01029786,0.0,0.01140697
2025-07-23 02:00:00+00:00,2500.2825,24.75122412,0.98654749,0.97350822,0.01044775,0.0,0.01162965
2025-07-23 03:00:00+00:00,2520.905,24.77139574,0.98722057,0.97515374,0.00974808,0.0,0.01077721
2025-07-23 04:00:00+00:00,2563.44,24.90894302,0.98769245,0.97621066,0.00905327,0.0,0.01027539
2025-07-23 05:00:00+00:00,2614.6775,24.71552703,0.98897865,0.97869047,0.00830927,0.0,0.00913552
2025-07-23 06:00:00+00:00,2670.2425,24.56920029,0.99015991,0.98026975,0.008244,0.0,0.00811083
2025-07-23 07:00:00+00:00,2710.005,24.56816753,0.99001817,0.98000109,0.00836313,0.0,0.00823062
2025-07-23 08:00:00+00:00,2755.29,24.66065207,0.98993589,0.97979445,0.00844609,0.0,0.00830005
2025-07-23 09:00:00+00:00,2791.15,24.72055245,0.9897152,0.98021052,0.00771452,0.0,0.00850658
2025-07-23 10:00:00+00:00,2788.565,24.77053711,0.98907475,0.98017145,0.0070533,0.0,0.00912392
2025-07-23 11:00:00+00:00,2819.325,24.81296997,0.98840664,0.98171907,0.00471614,0.0,0.00955451
2025-07-23 12:00:00+00:00,2826.655,24.73949198,0.98887701,0.98349444,0.00347669,0.0,0.00929269
2025-07-23 13:00:00+00:00,2809.9375,24.62974027,0.98892748,0.98380461,0.00328643,0.0,0.00929357
2025-07-23 14:00:00+00:00,2851.325,24.58929262,0.98896468,0.98382913,0.00320118,0.0,0.00928307
2025-07-23 15:00:00+00:00,2857.0175,24.36417083,0.98946585,0.98465486,0.00323029,0.0,0.00879413
2025-07-23 16:00:00+00:00,2843.66,24.38723496,0.98946237,0.98463602,0.00318503,0.0,0.00881467
2025-07-23 17:00:00+00:00,2841.85,24.34400816,0.98947121,0.98468495,0.00318789,0.0,0.00880942
2025-07-23 18:00:00+00:00,2818.83,24.28041742,0.98901089,0.98396519,0.00329175,0.0,0.00920309
2025-07-23 19:00:00+00:00,2815.4525,24.21741726,0.98914661,0.98337793,0.00406986,0.0,0.00907755
2025-07-23 20:00:00+00:00,2790.0475,24.4223677,0.98847047,0.97962988,0.00688982,0.0,0.00967371
2025-07-23 21:00:00+00:00,2756.325,24.14324911,0.98802434,0.97878258,0.00721768,0.0,0.01003111
2025-07-23 22:00:00+00:00,2675.81,24.46791452,0.99615518,0.99050897,0.00355826,0.0,0.0025406
2025-07-23 23:00:00+00:00,2615.8775,24.63546167,0.9953386,0.98948522,0.00358093,0.0,0.00282898
2025-07-24 00:00:00+00:00,2617.02,24.78311429,0.98760711,0.98168894,0.00360962,0.0,0.0104444
2025-07-24 01:00:00+00:00,2584.41,24.87114043,0.98743209,0.9813711,0.00368201,0.0,0.01057865
2025-07-24 02:00:00+00:00,2537.6625,24.90676489,0.98744296,0.98134533,0.00376883,0.0,0.01052477
2025-07-24 03:00:00+00:00,2554.8525,24.93902044,0.9871266,0.98102814,0.00373922,0.0,0.0108541
2025-07-24 04:00:00+00:00,2622.7325,24.77312415,0.98693321,0.98070401,0.00378883,0.0,0.011022
2025-07-24 05:00:00+00:00,2677.3375,24.61385626,0.98699922,0.98089243,0.00384263,0.0,0.01085246
2025-07-24 06:00:00+00:00,2797.76,24.6403934,0.98699266,0.97895122,0.00558251,0.0,0.01097618
2025-07-24 07:00:00+00:00,2823.1075,24.48966967,0.98773044,0.98013591,0.00533202,0.0,0.01033674
2025-07-24 08:00:00+00:00,2855.6,24.44768509,0.98752,0.9798771,0.00541742,0.0,0.01051453
2025-07-24 09:00:00+00:00,2862.06,24.29897232,0.98716927,0.9794147,0.00541637,0.0,0.01053592
2025-07-24 10:00:00+00:00,2844.215,24.46387589,0.98563314,0.97714894,0.00589307,0.0,0.01141981
2025-07-24 11:00:00+00:00,2843.28,24.21351549,0.9855508,0.9773358,0.00566212,0.0,0.01135747
2025-07-24 12:00:00+00:00,2853.8325,24.50644395,0.98429986,0.97854355,0.00311277,0.0,0.01167256
2025-07-24 13:00:00+00:00,2867.14,24.01836396,0.9852127,0.97871373,0.00400595,0.0,0.01130565
2025-07-24 14:00:00+00:00,2882.8525,24.19551427,0.9851438,0.97659013,0.00596482,0.0,0.01127909
2025-07-24 15:00:00+00:00,2868.1725,24.11668364,0.9856445,0.97753038,0.00549763,0.0,0.01126235
2025-07-24 16:00:00+00:00,2862.5075,23.38410341,0.98668091,0.97888731,0.00552959,0.0,0.01088906
2025-07-24 17:00:00+00:00,2448.1525,23.03748492,0.986528,0.98016432,0.0042274,0.0,0.01128677
2025-07-24 18:00:00+00:00,2584.9875,22.7948706,0.98787002,0.98040589,0.00562603,0.0,0.01012329
2025-07-24 19:00:00+00:00,2627.615,22.16251276,0.98969969,0.98323211,0.0051628,2.9e-07,0.00868043
2025-07-24 20:00:00+00:00,2623.7325,22.55788552,0.98897817,0.982135,0.00528995,0.0,0.00928484
2025-07-24 21:00:00+00:00,2632.2775,22.87575905,0.98810275,0.9815431,0.00467695,0.0,0.01030966
2025-07-24 22:00:00+00:00,2567.73,24.38879535,0.99423808,0.98617432,0.00523379,0.0,0.00343608
2025-07-24 23:00:00+00:00,2518.69,22.7543933,0.99532767,0.98479166,0.00826724,0.0,0.00269095
2025-07-25 00:00:00+00:00,2519.395,23.19131765,0.98760708,0.97801531,0.0072895,0.0,0.01044454
2025-07-25 01:00:00+00:00,2510.5825,23.58589069,0.9877346,0.9781679,0.00720815,0.0,0.01033999
2025-07-25 02:00:00+00:00,2503.4375,23.84671177,0.98747656,0.97778319,0.00725021,0.0,0.01057983
2025-07-25 03:00:00+00:00,2511.6475,24.31927842,0.98739461,0.97762278,0.00730886,0.0,0.01064937
2025-07-25 04:00:00+00:00,2538.545,24.43885262,0.98806793,0.97885122,0.00687202,0.0,0.01008163
2025-07-25 05:00:00+00:00,2632.6325,24.68724256,0.98742155,0.97759628,0.00740741,0.0,0.01060542
2025-07-25 06:00:00+00:00,2736.14,24.81692446,0.98601026,0.97231099,0.01093512,0.0,0.01175961
2025-07-25 07:00:00+00:00,2792.9775,24.82198556,0.98655636,0.97365278,0.01025435,0.0,0.01115254
2025-07-25 08:00:00+00:00,2861.2625,24.71016827,0.98671778,0.97417034,0.009888,0.0,0.01084548
2025-07-25 09:00:00+00:00,2852.5575,24.68807886,0.98711229,0.97491754,0.00956005,0.0,0.01040949
2025-07-25 10:00:00+00:00,2810.66,24.7303481,0.98762908,0.97582386,0.0092558,0.0,0.01018241
2025-07-25 11:00:00+00:00,2861.7475,24.73450017,0.98847311,0.97722886,0.00888594,0.0,0.00978702
2025-07-25 12:00:00+00:00,2851.0425,24.82884952,0.98785123,0.97617679,0.00915119,0.0,0.01016534
2025-07-25 13:00:00+00:00,2872.3775,24.71372128,0.98807217,0.97664823,0.00896931,0.0,0.00993739
2025-07-25 14:00:00+00:00,2840.4075,24.41962596,0.98786997,0.97612247,0.00925724,0.0,0.01014444
2025-07-25 15:00:00+00:00,2803.3125,24.43609165,0.98719184,0.97456612,0.01001005,0.0,0.0108441
2025-07-25 16:00:00+00:00,2833.7825,24.32944364,0.98826775,0.97673645,0.00927977,0.0,0.00991499
2025-07-25 17:00:00+00:00,2818.1025,24.3064201,0.98840156,0.97698865,0.00919939,0.0,0.00978699
2025-07-25 18:00:00+00:00,2783.9075,24.24249351,0.98846174,0.97954587,0.00668602,0.0,0.00974741
2025-07-25 19:00:00+00:00,2763.87,24.42267371,0.9875692,0.97794972,0.00711378,0.0,0.01053214
2025-07-25 20:00:00+00:00,2758.0825,24.37500589,0.98600782,0.97544332,0.00777245,0.0,0.0115856
2025-07-25 21:00:00+00:00,2731.1225,24.39164705,0.98533738,0.97455329,0.00781306,0.0,0.01185986
2025-07-25 22:00:00+00:00,2694.1325,24.09996313,0.9852542,0.97327984,0.00810556,0.00078192,0.01228834
2025-07-25 23:00:00+00:00,2641.1,24.30979381,0.98511967,0.97270528,0.00797022,0.00143465,0.01193661
2025-07-26 00:00:00+00:00,2620.98,24.48618649,0.98679862,0.97612638,0.00720109,0.00074437,0.01080714
2025-07-26 01:00:00+00:00,2608.43,24.90057362,0.98549919,0.97348766,0.00773199,0.00122765,0.01168952
2025-07-26 02:00:00+00:00,2598.3175,24.86809048,0.98362997,0.97196492,0.00767794,0.00099737,0.01158353
2025-07-26 03:00:00+00:00,2585.95,24.67771908,0.98399846,0.97340151,0.00784948,0.0,0.01144272
2025-07-26 04:00:00+00:00,2589.36,24.77553804,0.98408546,0.9737559,0.0075926,0.0,0.01124809
2025-07-26 05:00:00+00:00,2652.7725,24.28035771,0.98611113,0.9756782,0.00788695,0.0,0.01019079
2025-07-26 06:00:00+00:00,2718.1,24.17595931,0.98601177,0.9733368,0.01009519,0.0,0.01031656
2025-07-26 07:00:00+00:00,2767.4275,24.0030582,0.98595901,0.97332485,0.01005804,0.0,0.01021335
2025-07-26 08:00:00+00:00,2813.49,23.83579282,0.98601564,0.97349638,0.00991774,0.0,0.01019796
2025-07-26 09:00:00+00:00,2829.5075,23.95340151,0.98558528,0.97313681,0.00975665,0.0,0.01039212
2025-07-26 10:00:00+00:00,2818.435,24.09666275,0.98558548,0.97352826,0.00935396,5.233e-05,0.01040941
2025-07-26 11:00:00+00:00,2807.2225,23.94391932,0.98590618,0.97413374,0.00922682,0.0,0.01027762
2025-07-26 12:00:00+00:00,2797.8775,24.10214864,0.98616253,0.97461075,0.00904236,0.0,0.0101853
2025-07-26 13:00:00+00:00,2803.3825,24.17006221,0.98613376,0.97465998,0.00898834,0.0,0.01013937
2025-07-26 14:00:00+00:00,2808.0725,24.13327087,0.9857406,0.97357431,0.00962449,0.0,0.01046768
2025-07-26 15:00:00+00:00,2820.21,24.17006608,0.98526832,0.97279743,0.00970221,0.0,0.010822
2025-07-26 16:00:00+00:00,2816.7425,24.34789432,0.98578373,0.97307327,0.00995734,0.0,0.01101466
2025-07-26 17:00:00+00:00,2807.6075,24.54704147,0.98633278,0.97578447,0.00786478,0.0,0.011073
2025-07-26 18:00:00+00:00,2795.2925,24.82859052,0.98634222,0.97570156,0.00797301,0.0,0.01122769
2025-07-26 19:00:00+00:00,2751.1225,24.94567808,0.98609721,0.97537192,0.00798476,0.0,0.01134218
2025-07-26 20:00:00+00:00,2737.8225,25.00739223,0.98559529,0.97479363,0.00800728,0.0,0.01152285
2025-07-26 21:00:00+00:00,2723.73,24.94961378,0.98606107,0.97560857,0.00770873,0.0,0.01106407
2025-07-26 22:00:00+00:00,2686.8125,25.05037963,0.98416419,0.98108706,8.758e-05,0.0,0.01182865
2025-07-26 23:00:00+00:00,2617.6625,25.07497944,0.98393559,0.98089188,0.0,0.0,0.01200871
2025-07-27 00:00:00+00:00,2574.4525,25.02477841,0.98440764,0.98143869,0.0,0.0,0.01184498
2025-07-27 01:00:00+00:00,2574.2625,24.98716342,0.98540918,0.98267515,0.0,0.0,0.01123718
2025-07-27 02:00:00+00:00,2575.765,24.94953407,0.98664993,0.98402637,8.187e-05,0.0,0.01053131
2025-07-27 03:00:00+00:00,2557.875,25.03048925,0.98625568,0.97975094,0.0038109,0.0,0.01093017
2025-07-27 04:00:00+00:00,2567.925,25.05150305,0.98664196,0.9791521,0.00479698,0.0,0.01076038
2025-07-27 05:00:00+00:00,2610.2925,25.07916679,0.98706209,0.97941292,0.00502249,0.0,0.01043853
2025-07-27 06:00:00+00:00,2659.2075,25.11164259,0.98683523,0.9794217,0.00480022,0.0,0.01042113
2025-07-27 07:00:00+00:00,2705.27,25.0643581,0.98633897,0.97926004,0.0045063,0.0,0.0102904
2025-07-27 08:00:00+00:00,2758.0725,25.00706608,0.98666503,0.97973781,0.00443983,0.0,0.01012579
2025-07-27 09:00:00+00:00,2773.555,25.00621635,0.9867052,0.97984993,0.00440313,0.0,0.0100541
2025-07-27 10:00:00+00:00,2775.0625,25.01236353,0.98645467,0.97952961,0.00439745,0.0,0.01012238
2025-07-27 11:00:00+00:00,2765.5775,24.88273261,0.98679751,0.98438839,5.696e-05,0.0,0.01016904
2025-07-27 12:00:00+00:00,2763.87,24.80798571,0.98764473,0.98531466,0.0,0.0,0.00968683
2025-07-27 13:00:00+00:00,2769.57,24.69917463,0.98570359,0.98308549,0.0,0.0,0.01060651
2025-07-27 14:00:00+00:00,2779.5225,24.78410552,0.98724188,0.98470141,0.0,0.0,0.01026842
2025-07-27 15:00:00+00:00,2788.39,24.93299799,0.98791155,0.98542078,0.0,0.0,0.01022436
2025-07-27 16:00:00+00:00,2774.2675,24.93113804,0.98816636,0.98583399,0.0,0.0,0.01001538
2025-07-27 17:00:00+00:00,2778.4375,24.93111248,0.98797743,0.98569306,0.0,0.0,0.01014736
2025-07-27 18:00:00+00:00,2772.09,24.81929986,0.9889649,0.98695861,0.0,0.0,0.00929851
2025-07-27 19:00:00+00:00,2758.9175,24.72156762,0.98945953,0.98766068,0.0,0.0,0.00884468
2025-07-27 20:00:00+00:00,2753.92,24.78735324,0.98934666,0.98742931,0.0,0.0,0.00897661
2025-07-27 21:00:00+00:00,2737.4575,24.76165014,0.98934235,0.98730527,0.0,0.0,0.00899643
2025-07-27 22:00:00+00:00,2688.7175,24.94205365,0.9882779,0.98426218,0.00169426,0.0,0.00994252
2025-07-27 23:00:00+00:00,2645.6625,24.97684055,0.9880967,0.98204771,0.00366586,0.0,0.01001789
2025-07-28 00:00:00+00:00,2586.695,25.00073486,0.99598342,0.98966701,0.00380402,0.0,0.00206156
2025-07-28 01:00:00+00:00,2580.8925,24.84457185,0.99559142,0.98908807,0.00418947,0.0,0.0024671
2025-07-28 02:00:00+00:00,2570.23,24.92914058,0.99489405,0.98774845,0.00453881,0.0,0.00306621
2025-07-28 03:00:00+00:00,2568.845,24.98436477,0.99489766,0.98775566,0.00446549,0.0,0.00315321
2025-07-28 04:00:00+00:00,2647.5025,24.94957366,0.99475332,0.98763003,0.00447457,0.0,0.00325994
2025-07-28 05:00:00+00:00,2752.9775,24.983914,0.99514064,0.9883027,0.00431995,0.0,0.0029544
2025-07-28 06:00:00+00:00,2832.475,25.07684882,0.99478274,0.9875596,0.00454736,0.0,0.00319409
2025-07-28 07:00:00+00:00,2867.1325,25.00377907,0.99458516,0.98758251,0.00450647,0.0,0.00298843
2025-07-28 08:00:00+00:00,2899.115,24.97432311,0.99435779,0.9874229,0.00436969,0.0,0.0030364
2025-07-28 09:00:00+00:00,2899.555,24.93995865,0.99409108,0.98727701,0.00434198,0.0,0.00296283
2025-07-28 10:00:00+00:00,2925.3425,24.86978738,0.9872971,0.98087228,0.00409282,0.0,0.00997592
2025-07-28 11:00:00+00:00,2926.62,24.8584036,0.98773383,0.98305883,0.00215996,1.2e-06,0.00988531
2025-07-28 12:00:00+00:00,2915.2425,24.80690668,0.98734965,0.9802464,0.00455837,1.58e-06,0.010239
2025-07-28 13:00:00+00:00,2925.6725,24.74815904,0.98758937,0.98008514,0.00500656,1.7e-06,0.01020373
2025-07-28 14:00:00+00:00,2920.92,24.70504331,0.98766366,0.981587,0.00358886,1.94e-06,0.01040886
2025-07-28 15:00:00+00:00,2892.17,24.71779616,0.98737013,0.97959972,0.00512811,1.89e-06,0.01060217
2025-07-28 16:00:00+00:00,2863.755,24.72088341,0.98746042,0.97943896,0.00534088,1.87e-06,0.01096352
2025-07-28 17:00:00+00:00,2848.4375,24.73467436,0.98745061,0.97974953,0.00508703,1.84e-06,0.01080939
2025-07-28 18:00:00+00:00,2849.3675,24.79552839,0.98742637,0.97914735,0.00562721,2.58e-06,0.01085329
2025-07-28 19:00:00+00:00,2834.96,24.81698146,0.98730724,0.97908151,0.00551843,2.25e-06,0.01077347
2025-07-28 20:00:00+00:00,2818.5225,24.77961353,0.98644992,0.97799747,0.0056407,2.28e-06,0.01109907
2025-07-28 21:00:00+00:00,2763.315,24.71098723,0.98642678,0.97939563,0.0041623,2.62e-06,0.0113001
2025-07-28 22:00:00+00:00,2666.615,24.55571063,0.99496103,0.98770846,0.00437775,2.22e-06,0.00340355
2025-07-28 23:00:00+00:00,2615.795,24.40830308,0.994639,0.98816729,0.00393853,2.44e-06,0.00301639
2025-07-29 00:00:00+00:00,2615.4975,24.45962517,0.98643993,0.97877725,0.00505054,3.1e-06,0.01144302
2025-07-29 01:00:00+00:00,2606.8525,24.59768015,0.98612766,0.97740453,0.00595581,3.66e-06,0.01176794
2025-07-29 02:00:00+00:00,2590.84,24.33313836,0.98575776,0.9770958,0.00592651,2.96e-06,0.01155461
2025-07-29 03:00:00+00:00,2592.35,24.13551649,0.98557094,0.9767876,0.00599089,2.7e-06,0.01176078
2025-07-29 04:00:00+00:00,2661.4675,24.17169004,0.98638198,0.97788935,0.00581966,2.4e-06,0.01145241
2025-07-29 05:00:00+00:00,2773.7725,23.84397036,0.9869102,0.97881371,0.00549228,0.0,0.01093817
2025-07-29 06:00:00+00:00,2853.525,23.33145976,0.98688228,0.97439291,0.00989839,0.0,0.01079944
2025-07-29 07:00:00+00:00,2860.9825,22.8455889,0.98703847,0.97277491,0.01199873,0.0,0.01048034
2025-07-29 08:00:00+00:00,2919.06,22.58697186,0.9883511,0.97490119,0.01131962,0.0,0.00949038
2025-07-29 09:00:00+00:00,2918.075,22.20506275,0.98843355,0.97503456,0.01129319,0.0,0.00947824
2025-07-29 10:00:00+00:00,2886.0725,21.57936592,0.98830179,0.97515312,0.01116638,0.0,0.00958941
2025-07-29 11:00:00+00:00,2770.63,21.14485189,0.98787835,0.97422046,0.01170509,0.0,0.00990227
2025-07-29 12:00:00+00:00,2912.89,21.16056592,0.98819971,0.97518732,0.01110304,0.0,0.00969842
2025-07-29 13:00:00+00:00,2892.36,20.67484977,0.98872621,0.97824028,0.00867843,0.0,0.00925347
2025-07-29 14:00:00+00:00,2876.3175,20.33135396,0.98811623,0.9770129,0.0093399,0.0,0.00978994
2025-07-29 15:00:00+00:00,2864.7175,20.61219812,0.98767088,0.97611001,0.00956178,0.0,0.0101523
2025-07-29 16:00:00+00:00,2881.7175,20.24601933,0.98793342,0.97680351,0.00927029,0.0,0.00997344
2025-07-29 17:00:00+00:00,2868.3525,21.11271922,0.98734142,0.97580883,0.00937953,0.0,0.01054444
2025-07-29 18:00:00+00:00,2840.215,20.49065325,0.98760171,0.97628835,0.00933213,0.0,0.01027609
2025-07-29 19:00:00+00:00,2823.8225,20.2378479,0.98821407,0.97674308,0.00971996,0.0,0.01026963
2025-07-29 20:00:00+00:00,2830.8825,20.42013708,0.98834998,0.977119,0.00920518,0.0,0.01026627
2025-07-29 21:00:00+00:00,2771.1475,20.26171043,0.98773855,0.97586662,0.00991333,0.0,0.01102702
2025-07-29 22:00:00+00:00,2681.975,21.83814753,0.99460083,0.98626606,0.00581169,1.163e-05,0.0044885
2025-07-29 23:00:00+00:00,2524.54,21.96505004,0.99346251,0.98520156,0.00528131,0.0002759,0.0047489
2025-07-30 00:00:00+00:00,2627.01,21.79150118,0.98566227,0.97770668,0.00519986,0.0,0.01222436
2025-07-30 01:00:00+00:00,2550.27,21.43961877,0.98558551,0.97754426,0.00529284,0.0,0.01243767
2025-07-30 02:00:00+00:00,2525.6575,22.31958875,0.98401433,0.97544517,0.00550757,0.0,0.01372494
2025-07-30 03:00:00+00:00,2551.91,22.30510683,0.9846825,0.97723143,0.00459332,0.0,0.01306967
2025-07-30 04:00:00+00:00,2603.92,22.02499266,0.98471274,0.9801342,0.00175449,0.0,0.01295813
2025-07-30 05:00:00+00:00,2694.1975,22.62155829,0.98330804,0.98029898,0.0,0.0,0.01403225
2025-07-30 06:00:00+00:00,2750.255,22.24042955,0.98394659,0.98098572,0.0,0.0,0.01305883
2025-07-30 07:00:00+00:00,2853.7825,22.46188807,0.98584904,0.9832024,0.0,0.0,0.01189842
2025-07-30 08:00:00+00:00,2909.3925,22.2889233,0.98674432,0.98438486,0.0,0.0,0.01099373
2025-07-30 09:00:00+00:00,2901.79,22.40867184,0.98698752,0.98460048,0.0,0.0,0.01058961
2025-07-30 10:00:00+00:00,2906.895,22.73958793,0.98757222,0.98527317,1.99e-06,0.0,0.01039851
2025-07-30 11:00:00+00:00,2896.8775,23.09024832,0.98757301,0.98385135,0.00139636,0.0,0.01044997
2025-07-30 12:00:00+00:00,2904.175,23.48589409,0.98704127,0.9838991,0.00058072,0.0,0.01095616
2025-07-30 13:00:00+00:00,2914.5775,23.63744827,0.98598171,0.98340767,0.0,0.0,0.01158163
2025-07-30 14:00:00+00:00,2898.705,23.96503078,0.98596739,0.98334947,0.0,0.0,0.01151319
2025-07-30 15:00:00+00:00,2873.0275,24.40589981,0.98650144,0.98388164,0.0,0.0,0.01176053
2025-07-30 16:00:00+00:00,2850.5875,24.77797945,0.9861389,0.98352524,0.0,0.0,0.01202461
2025-07-30 17:00:00+00:00,2851.8375,24.88426922,0.98618879,0.98366017,0.0,0.0,0.01238558
2025-07-30 18:00:00+00:00,2842.395,24.86544057,0.98584831,0.98331289,0.0,0.0,0.01218788
2025-07-30 19:00:00+00:00,2802.205,24.83289976,0.98601366,0.98349556,0.0,0.0,0.01229933
2025-07-30 20:00:00+00:00,2807.07,24.81062327,0.98701178,0.9844861,0.0,0.0,0.01193093
2025-07-30 21:00:00+00:00,2772.2,24.75401605,0.98624744,0.98374433,0.0,0.0,0.01224946
2025-07-30 22:00:00+00:00,2670.675,24.98021288,0.99441101,0.99171746,0.0,0.0,0.0047893
2025-07-30 23:00:00+00:00,2600.7925,25.0241357,0.99341604,0.99072628,0.0,0.0,0.00514274
2025-07-31 00:00:00+00:00,2618.155,24.98815625,0.98528735,0.98252903,0.0,1.213e-05,0.01280875
2025-07-31 01:00:00+00:00,2595.84,25.01119558,0.98514736,0.98231076,0.0,3.14e-05,0.01294731
2025-07-31 02:00:00+00:00,2572.795,25.03936522,0.98504514,0.98212706,0.0,4.643e-05,0.01302165
2025-07-31 03:00:00+00:00,2578.92,24.97628571,0.98458824,0.98157682,0.0,5.341e-05,0.013416
2025-07-31 04:00:00+00:00,2632.71,24.80113693,0.98567646,0.98286816,0.0,6.136e-05,0.0123629
2025-07-31 05:00:00+00:00,2737.5325,24.7053485,0.98550201,0.98168423,0.00099673,8.512e-05,0.01249988
2025-07-31 06:00:00+00:00,2815.655,24.75314942,0.98660028,0.98132694,0.00274976,6.514e-05,0.01145105
2025-07-31 07:00:00+00:00,2817.685,24.82066384,0.98694432,0.98182685,0.00262297,0.0,0.01120358
2025-07-31 08:00:00+00:00,2865.355,24.72944466,0.98729811,0.98227594,0.00258113,0.0,0.01078001
2025-07-31 09:00:00+00:00,2884.3675,24.75836181,0.98766916,0.9826097,0.00252894,0.0,0.01046751
2025-07-31 10:00:00+00:00,2886.8025,24.5632379,0.9872351,0.98229309,0.00256223,0.0,0.01079762
2025-07-31 11:00:00+00:00,2889.045,24.66299037,0.98695897,0.981836,0.00256789,0.0,0.01109686
2025-07-31 12:00:00+00:00,2888.07,24.50765622,0.98733165,0.98107188,0.00387547,0.0,0.01071227
2025-07-31 13:00:00+00:00,2896.635,24.46115221,0.98708983,0.98020346,0.00450219,0.0,0.01092753
2025-07-31 14:00:00+00:00,2896.98,24.77834392,0.98726007,0.98036158,0.00453232,0.0,0.01082939
2025-07-31 15:00:00+00:00,2881.4075,24.82662395,0.98660764,0.97925182,0.00483954,1.95e-05,0.01129417
2025-07-31 16:00:00+00:00,2880.72,24.93423544,0.98616754,0.97866679,0.00489905,6.894e-05,0.01174234
2025-07-31 17:00:00+00:00,2861.835,24.97419194,0.98626315,0.97887832,0.00488674,0.0,0.01176783
2025-07-31 18:00:00+00:00,2848.1375,24.94280173,0.98641174,0.97909748,0.00478363,5.225e-05,0.01173985
2025-07-31 19:00:00+00:00,2814.8125,24.79903791,0.98699675,0.97973596,0.00473328,6.37e-06,0.01141577
2025-07-31 20:00:00+00:00,2809.2475,24.65086471,0.98684406,0.97958588,0.00478424,0.0,0.01150437
2025-07-31 21:00:00+00:00,2744.7275,24.45339163,0.98723513,0.97980795,0.00489946,0.0,0.01136014
2025-07-31 22:00:00+00:00,2646.085,23.78822601,0.99553864,0.98818742,0.0052648,0.0,0.00360254
2025-07-31 23:00:00+00:00,2590.495,23.45986176,0.99522189,0.98831678,0.00486754,0.0,0.00354371
2025-08-01 00:00:00+00:00,2591.195,22.50925544,0.98746521,0.97941095,0.0060957,0.0,0.01076824
2025-08-01 01:00:00+00:00,2574.9125,22.10621655,0.98697204,0.97698598,0.00794646,0.0,0.0112075
2025-08-01 02:00:00+00:00,2557.7775,21.88275703,0.98715122,0.97689176,0.00815966,0.0,0.01122828
2025-08-01 03:00:00+00:00,2548.19,21.93250635,0.98703442,0.97643586,0.00842308,0.0,0.01114408
2025-08-01 04:00:00+00:00,2616.4075,22.50026962,0.98824533,0.97875973,0.00780135,0.0,0.01000074
2025-08-01 05:00:00+00:00,2721.62,22.54537111,0.98854237,0.97932941,0.00764895,0.0,0.00974178
2025-08-01 06:00:00+00:00,2765.5725,22.71926762,0.98852354,0.97998321,0.00691826,0.0,0.00976728
2025-08-01 07:00:00+00:00,2789.56,23.45657615,0.98811488,0.97935342,0.00688159,0.0,0.0101708
2025-08-01 08:00:00+00:00,2838.0125,23.84783946,0.98780094,0.97869785,0.00688389,0.0,0.01049589
2025-08-01 09:00:00+00:00,2844.0325,23.92348544,0.98897953,0.98029195,0.00661062,0.0,0.00938507
2025-08-01 10:00:00+00:00,2826.7475,23.98657293,0.98782757,0.97870891,0.00688948,0.0,0.01047124
2025-08-01 11:00:00+00:00,2807.81,24.04791438,0.98669115,0.97664258,0.00753848,0.0,0.01124285
2025-08-01 12:00:00+00:00,2799.9825,23.94118063,0.98594051,0.97577162,0.00759631,0.0,0.01172157
2025-08-01 13:00:00+00:00,2788.395,23.88452747,0.98573085,0.97552843,0.00765253,0.0,0.01201976
2025-08-01 14:00:00+00:00,2783.8925,23.86208896,0.98614917,0.97602814,0.00761203,0.0,0.01177928
2025-08-01 15:00:00+00:00,2769.32,23.69870936,0.98905768,0.98012509,0.00699218,0.0,0.00919479
2025-08-01 16:00:00+00:00,2777.8125,23.50886691,0.98916587,0.98023029,0.00696205,0.0,0.00911197
2025-08-01 17:00:00+00:00,2745.0425,23.26797969,0.98925901,0.9805342,0.00714609,0.0,0.00898296
2025-08-01 18:00:00+00:00,2711.575,23.30275517,0.98921851,0.98046072,0.00713144,0.0,0.00907011
2025-08-01 19:00:00+00:00,2680.215,23.29430339,0.98996072,0.98122131,0.00726426,0.0,0.00893994
2025-08-01 20:00:00+00:00,2666.66,23.29315198,0.98970831,0.98092533,0.00719256,0.0,0.00904166
2025-08-01 21:00:00+00:00,2613.6625,23.30350977,0.98967813,0.98237728,0.005702,0.0,0.00920021
2025-08-01 22:00:00+00:00,2572.255,23.59585904,0.98522532,0.97679759,0.00579834,0.0,0.01249462
2025-08-01 23:00:00+00:00,2510.8925,23.82879467,0.98463054,0.97553754,0.00611079,0.0,0.01295997
2025-08-02 00:00:00+00:00,2474.745,23.57166689,0.98492095,0.97556206,0.00642188,1.23e-06,0.01285814
2025-08-02 01:00:00+00:00,2457.88,23.49331632,0.98513573,0.97579933,0.0064206,0.0,0.01252402
2025-08-02 02:00:00+00:00,2468.5075,24.10269906,0.98721414,0.97886302,0.00565935,0.0,0.01136668
2025-08-02 03:00:00+00:00,2454.635,24.22690928,0.98700229,0.97896471,0.0053165,0.0,0.01136567
2025-08-02 04:00:00+00:00,2454.8975,24.36238832,0.98687848,0.97927201,0.00492261,0.0,0.01122353
2025-08-02 05:00:00+00:00,2496.2,24.3937286,0.98694401,0.97947578,0.00483175,0.0,0.01101074
2025-08-02 06:00:00+00:00,2568.15,24.46068746,0.98661646,0.97894646,0.00488518,0.0,0.01117034
2025-08-02 07:00:00+00:00,2648.105,24.41438087,0.98641828,0.97888762,0.00476476,0.0,0.01088416
2025-08-02 08:00:00+00:00,2726.105,24.36623852,0.98656579,0.97934849,0.00462384,0.0,0.0104991
2025-08-02 09:00:00+00:00,2761.635,24.3632269,0.98671877,0.9796615,0.0045519,0.0,0.01024332
2025-08-02 10:00:00+00:00,2737.065,24.18455589,0.98533514,0.97785706,0.0048936,2.79e-06,0.01083884
2025-08-02 11:00:00+00:00,2726.2875,24.19554561,0.98565263,0.97817299,0.00494682,1.027e-05,0.01085094
2025-08-02 12:00:00+00:00,2719.94,24.15287303,0.98639599,0.97819573,0.0056242,5.6e-07,0.0108097
2025-08-02 13:00:00+00:00,2720.76,24.12637595,0.98707619,0.97992133,0.00474831,0.0,0.01030391
2025-08-02 14:00:00+00:00,2729.295,24.60563149,0.98831139,0.97799479,0.00790236,0.0,0.0097821
2025-08-02 15:00:00+00:00,2735.11,24.6581148,0.98800082,0.98110368,0.00441825,0.0,0.01014417
2025-08-02 16:00:00+00:00,2732.07,24.5070441,0.98816212,0.98157668,0.00430986,0.0,0.00998853
2025-08-02 17:00:00+00:00,2742.565,24.53417776,0.98821829,0.98154918,0.00455604,0.0,0.0099298
2025-08-02 18:00:00+00:00,2734.305,24.62458802,0.98799266,0.97867707,0.00713362,0.0,0.01014057
2025-08-02 19:00:00+00:00,2688.8525,24.62610868,0.98792616,0.97852532,0.0071996,0.0,0.0102002
2025-08-02 20:00:00+00:00,2690.9775,24.67172516,0.98818237,0.97831172,0.00759176,0.0,0.01039408
2025-08-02 21:00:00+00:00,2655.6725,24.80411523,0.98834115,0.97455377,0.01151829,0.0,0.0102969
2025-08-02 22:00:00+00:00,2615.695,24.69156183,0.98476899,0.97732222,0.00459007,0.0,0.01238035
2025-08-02 23:00:00+00:00,2568.78,24.26728563,0.98693047,0.9785892,0.0056928,0.00010718,0.01103687
2025-08-03 00:00:00+00:00,2534.6725,24.16649169,0.988057,0.98197266,0.00360868,0.00010149,0.01056543
2025-08-03 01:00:00+00:00,2527.2825,23.75449843,0.98806669,0.98306797,0.00244749,7.573e-05,0.01067558
2025-08-03 02:00:00+00:00,2519.3225,23.23433357,0.98736099,0.98447442,0.0,0.00024866,0.0110565
2025-08-03 03:00:00+00:00,2500.4825,22.94630898,0.98644644,0.98370418,0.0,6.407e-05,0.01137466
2025-08-03 04:00:00+00:00,2475.3125,24.42824057,0.9849351,0.98165441,0.0,0.0,0.01298738
2025-08-03 05:00:00+00:00,2504.5725,23.74133211,0.98600411,0.98292056,0.0,0.0,0.01210718
2025-08-03 06:00:00+00:00,2578.67,23.08515966,0.98638603,0.98324962,0.0,0.0,0.01169223
2025-08-03 07:00:00+00:00,2653.685,22.77591004,0.98631626,0.98340565,0.0,0.0,0.01103953
2025-08-03 08:00:00+00:00,2695.5125,22.43696867,0.98718441,0.98429827,0.0,0.00018949,0.01070148
2025-08-03 09:00:00+00:00,2727.68,22.78438135,0.98559678,0.98261656,0.0,0.0,0.01179242
2025-08-03 10:00:00+00:00,2743.825,23.62516762,0.98380275,0.98083654,5.783e-05,5.99e-06,0.01195846
2025-08-03 11:00:00+00:00,2747.7425,23.01824035,0.98518673,0.97927439,0.00311093,0.0,0.01150325
2025-08-03 12:00:00+00:00,2780.535,22.29170163,0.9876094,0.98031451,0.00480672,0.0,0.01012053
2025-08-03 13:00:00+00:00,2776.1375,22.52487741,0.98729822,0.98071193,0.00392823,0.0,0.01054263
2025-08-03 14:00:00+00:00,2765.655,22.86021268,0.9880764,0.98538719,0.00017017,0.0,0.01001123
2025-08-03 15:00:00+00:00,2766.15,23.04007945,0.98843728,0.98597716,0.0,0.0,0.00981907
2025-08-03 16:00:00+00:00,2732.9225,23.29288049,0.98656386,0.98364254,0.0,0.0,0.01133635
2025-08-03 17:00:00+00:00,2728.6475,23.07149801,0.98622073,0.98346884,0.0,0.0,0.01163121
2025-08-03 18:00:00+00:00,2732.495,23.2566014,0.98603473,0.98329102,0.0,0.0,0.01167402
2025-08-03 19:00:00+00:00,2739.12,23.64414612,0.98620921,0.98340654,0.0,0.0,0.0116732
2025-08-03 20:00:00+00:00,2757.81,23.37069542,0.98619807,0.98335932,0.0,0.0,0.01139116
2025-08-03 21:00:00+00:00,2705.245,23.34167205,0.98658864,0.9837048,0.00013,0.0,0.01097253
2025-08-03 22:00:00+00:00,2636.0275,23.63816243,0.9869512,0.98083772,0.00357343,0.0,0.01082355
2025-08-03 23:00:00+00:00,2586.1425,23.65053292,0.98728266,0.98108994,0.00356482,0.0,0.01045186
2025-08-04 00:00:00+00:00,2545.6325,23.70015855,0.99425278,0.98623072,0.0052976,0.0,0.00344528
2025-08-04 01:00:00+00:00,2558.5475,24.09810285,0.99504157,0.98905377,0.00351455,0.0,0.00308125
2025-08-04 02:00:00+00:00,2548.315,24.176628,0.99495237,0.98826482,0.00420532,0.0,0.00319939
2025-08-04 03:00:00+00:00,2566.27,24.19008334,0.99553389,0.9858866,0.00744929,0.0,0.00271379
2025-08-04 04:00:00+00:00,2648.81,24.05762233,0.99550009,0.98821373,0.0051211,0.0,0.00269314
2025-08-04 05:00:00+00:00,2787.4125,23.94249442,0.99631344,0.99070578,0.00393796,0.0,0.00202792
2025-08-04 06:00:00+00:00,2873.105,24.01589163,0.99618134,0.99042479,0.00388778,0.0,0.00216302
2025-08-04 07:00:00+00:00,2917.4525,24.07348888,0.99586531,0.99019995,0.00382753,0.0,0.00250442
2025-08-04 08:00:00+00:00,2923.465,24.24351,0.99440954,0.98851085,0.00386724,0.0,0.00393856
2025-08-04 09:00:00+00:00,2924.7675,24.37811991,0.99410293,0.98795736,0.00391783,0.0,0.00422525
2025-08-04 10:00:00+00:00,2913.6225,24.41539215,0.98636465,0.97997405,0.00387924,1.91e-06,0.01181006
2025-08-04 11:00:00+00:00,2915.045,24.10086565,0.98494736,0.97857709,0.00364846,0.0,0.01277728
2025-08-04 12:00:00+00:00,2937.86,24.31882536,0.98475498,0.978324,0.0036409,0.0,0.01283354
2025-08-04 13:00:00+00:00,2948.3775,23.97800013,0.98521528,0.97892106,0.00349348,0.0,0.01258946
2025-08-04 14:00:00+00:00,2961.365,23.81114519,0.98851721,0.9821729,0.00396498,0.0,0.00974926
2025-08-04 15:00:00+00:00,2916.31,23.05850959,0.98988634,0.98432276,0.00374392,0.0,0.00860819
2025-08-04 16:00:00+00:00,2903.435,21.67005739,0.9905724,0.98538868,0.00368319,0.0,0.00818383
2025-08-04 17:00:00+00:00,2828.88,20.84238333,0.98982654,0.98447174,0.00394221,0.0,0.00863304
2025-08-04 18:00:00+00:00,2817.3425,20.21233119,0.99050305,0.98538874,0.00382722,0.0,0.00831406
2025-08-04 19:00:00+00:00,2872.0925,19.64795868,0.98948606,0.98450463,0.00355992,0.0,0.00899944
2025-08-04 20:00:00+00:00,2858.295,19.13214083,0.98974112,0.98841754,8.575e-05,0.0,0.0084908
2025-08-04 21:00:00+00:00,2765.86,19.85146046,0.98871083,0.98703198,2.133e-05,0.0,0.00942404
2025-08-04 22:00:00+00:00,2635.955,21.67243024,0.995298,0.9884523,0.00361859,0.00052923,0.00337937
2025-08-04 23:00:00+00:00,2604.9125,21.83100207,0.9945364,0.99128898,6.101e-05,0.00048884,0.00344938
2025-08-05 00:00:00+00:00,2612.39,21.74621523,0.9856802,0.98242706,0.0,0.00058479,0.01183445
2025-08-05 01:00:00+00:00,2594.345,21.55533373,0.98563807,0.98267116,0.0,0.00031426,0.01195534
2025-08-05 02:00:00+00:00,2574.785,21.6185294,0.98535014,0.98176823,0.0,0.00090804,0.01195016
2025-08-05 03:00:00+00:00,2573.215,21.74461535,0.98570765,0.98300012,0.0,0.00020092,0.01181719
2025-08-05 04:00:00+00:00,2669.3825,22.26078592,0.98652563,0.9839492,0.0,0.0,0.01129494
2025-08-05 05:00:00+00:00,2854.8325,20.14610511,0.9896969,0.98810404,0.0,0.0,0.00853616
2025-08-05 06:00:00+00:00,2908.7925,20.34210855,0.99064386,0.98510419,0.00396596,0.0,0.00770344
2025-08-05 07:00:00+00:00,2908.0575,21.91885259,0.98866892,0.98181994,0.00464429,0.0,0.00924859
2025-08-05 08:00:00+00:00,2969.48,21.97212356,0.98751369,0.98045213,0.00463018,2.71e-06,0.00986066
2025-08-05 09:00:00+00:00,2966.5025,21.56137148,0.98737783,0.98051403,0.00501868,1.502e-05,0.00941672
2025-08-05 10:00:00+00:00,2974.345,21.22727291,0.98695342,0.97945354,0.00576854,1.822e-05,0.00953443
2025-08-05 11:00:00+00:00,2992.6375,21.12533169,0.98645987,0.97919731,0.00558904,1.989e-05,0.00993244
2025-08-05 12:00:00+00:00,2999.585,21.04853276,0.98703675,0.98006489,0.00556407,4.16e-05,0.00963604
2025-08-05 13:00:00+00:00,3016.1875,20.88733379,0.98735096,0.98035395,0.00561118,5.198e-05,0.00946464
2025-08-05 14:00:00+00:00,3008.0525,20.76724099,0.98725749,0.97997438,0.00552242,7.96e-06,0.00976368
2025-08-05 15:00:00+00:00,2978.6725,21.04977915,0.98726904,0.97953082,0.00554001,0.0,0.01027592
2025-08-05 16:00:00+00:00,2963.21,21.92310472,0.98765717,0.98004773,0.00543003,0.0,0.01014043
2025-08-05 17:00:00+00:00,2938.655,22.27809504,0.98821189,0.98116403,0.00498746,0.0,0.00980661
2025-08-05 18:00:00+00:00,2905.2775,22.34807969,0.98856953,0.98170503,0.00481173,0.0,0.00953325
2025-08-05 19:00:00+00:00,2868.1375,22.42934136,0.98857294,0.9816665,0.00487372,0.0,0.00951895
2025-08-05 20:00:00+00:00,2880.6225,22.15937018,0.98759361,0.98032235,0.00498695,0.0,0.01002395
2025-08-05 21:00:00+00:00,2831.3525,21.7413278,0.9874399,0.9798352,0.00529803,0.0001718,0.01019817
2025-08-05 22:00:00+00:00,2739.8525,21.15806062,0.9951698,0.99305296,6.714e-05,1.786e-05,0.00253082
2025-08-05 23:00:00+00:00,2668.9425,20.98470478,0.99508658,0.99328694,0.0,7.24e-06,0.00212831
2025-08-06 00:00:00+00:00,2667.5175,21.01380042,0.98607869,0.98446075,0.0,3.9e-07,0.0104438
2025-08-06 01:00:00+00:00,2618.03,21.45124859,0.98556944,0.98232166,0.0,0.00129674,0.01094282
2025-08-06 02:00:00+00:00,2607.855,21.50995178,0.98608243,0.98225162,0.0,0.00196567,0.01049296
2025-08-06 03:00:00+00:00,2630.7325,21.22517166,0.98630758,0.98449699,0.0,0.0,0.01055456
2025-08-06 04:00:00+00:00,2731.75,21.42977041,0.98687447,0.98514526,0.0,0.0,0.0100907
2025-08-06 05:00:00+00:00,2883.525,22.14157007,0.98760937,0.98514175,0.0,0.0,0.0099408
2025-08-06 06:00:00+00:00,2951.7925,21.8497395,0.98801513,0.98565051,0.0,0.0,0.00950708
2025-08-06 07:00:00+00:00,3023.3075,22.41452698,0.98968989,0.98647814,0.0,0.00098567,0.00926921
2025-08-06 08:00:00+00:00,3045.8575,22.26495818,0.98936962,0.98714333,0.0,0.0,0.00953693
2025-08-06 09:00:00+00:00,3048.715,22.08633154,0.98718658,0.98513682,0.0,0.0,0.00959605
2025-08-06 10:00:00+00:00,3040.1325,21.84165188,0.98682332,0.98498319,0.0,0.0,0.00950726
2025-08-06 11:00:00+00:00,3024.85,22.00472512,0.98660725,0.98491202,0.0,4.81e-06,0.00945349
2025-08-06 12:00:00+00:00,3034.3825,21.61304423,0.98670538,0.98518966,0.0,2.033e-05,0.00928359
2025-08-06 13:00:00+00:00,3050.0675,21.85303898,0.9869407,0.98524728,0.0,0.0,0.00930083
2025-08-06 14:00:00+00:00,3056.7125,21.59996307,0.98798253,0.98506247,0.0,0.00127227,0.00885059
2025-08-06 15:00:00+00:00,3014.945,20.68974314,0.98879691,0.98662395,0.0,0.0006733,0.00862376
2025-08-06 16:00:00+00:00,2997.225,20.74496862,0.98914607,0.98757061,0.0,0.0,0.00859925
2025-08-06 17:00:00+00:00,2988.9125,19.6649718,0.99014049,0.98888894,0.0,0.0,0.00811328
2025-08-06 18:00:00+00:00,2976.6975,19.53841475,0.99023503,0.98891841,0.0,0.00010801,0.00801147
2025-08-06 19:00:00+00:00,2938.6225,19.88693322,0.99048391,0.98904087,0.0,0.00030013,0.0081142
2025-08-06 20:00:00+00:00,2917.3625,21.9846732,0.988051,0.98505956,0.0,0.00129569,0.00934308
2025-08-06 21:00:00+00:00,2843.345,21.69476126,0.98731948,0.98472405,0.0,0.00069616,0.00990302
2025-08-06 22:00:00+00:00,2736.8125,21.85525212,0.99559623,0.99343528,0.0,0.0,0.002669
2025-08-06 23:00:00+00:00,2699.715,21.53266985,0.99519055,0.99302344,0.0,6.2e-07,0.00260206
2025-08-07 00:00:00+00:00,2667.4325,21.37943043,0.98579352,0.98387921,0.0,0.0,0.01098025
2025-08-07 01:00:00+00:00,2655.3075,21.45979389,0.9857131,0.98359165,0.0,0.0,0.01114295
2025-08-07 02:00:00+00:00,2674.7175,21.53979845,0.98551236,0.98320978,0.0,0.0,0.01128577
2025-08-07 03:00:00+00:00,2697.72,21.48316044,0.98528759,0.98292959,0.0,0.0,0.01134457
2025-08-07 04:00:00+00:00,2773.445,21.59606447,0.98611797,0.98382753,0.0,0.0,0.01084394
2025-08-07 05:00:00+00:00,2905.465,20.24915188,0.98906375,0.98743919,0.0,0.0,0.00896827
2025-08-07 06:00:00+00:00,2961.685,20.77246227,0.98855794,0.9868555,0.0,0.0,0.0090553
2025-08-07 07:00:00+00:00,3012.52,20.04141141,0.98956422,0.98810485,0.0,0.0,0.00830042
2025-08-07 08:00:00+00:00,3037.05,20.34978971,0.98872324,0.98720016,0.0,0.0,0.0085496
2025-08-07 09:00:00+00:00,3016.8675,21.97669071,0.98615706,0.98421114,0.0,0.0,0.00958505
2025-08-07 10:00:00+00:00,3020.63,22.07219478,0.98591737,0.98390164,0.0,0.0,0.00958134
2025-08-07 11:00:00+00:00,3011.88,22.41913865,0.98576681,0.98359579,0.0,0.0,0.00981304
2025-08-07 12:00:00+00:00,3010.34,22.52624278,0.98583359,0.98367132,0.0,0.0,0.00971252
2025-08-07 13:00:00+00:00,3012.1075,22.6275189,0.98628285,0.98399165,0.0,0.0,0.010049
2025-08-07 14:00:00+00:00,3035.17,22.74797506,0.98765211,0.98528567,0.0,0.0,0.00968673
2025-08-07 15:00:00+00:00,3034.1825,22.99813362,0.98932217,0.98722953,0.0,0.0,0.0089941
2025-08-07 16:00:00+00:00,3030.935,22.29071616,0.98918541,0.98713283,0.0,0.0,0.00911206
2025-08-07 17:00:00+00:00,3002.925,21.72916689,0.98973901,0.98802745,0.0,0.0,0.00860645
2025-08-07 18:00:00+00:00,2999.6,20.90607187,0.98973432,0.98824976,0.0,0.0,0.00853568
2025-08-07 19:00:00+00:00,2986.025,21.03235504,0.99033757,0.98892469,0.0,0.0,0.00823367
2025-08-07 20:00:00+00:00,2974.605,21.34246172,0.98983329,0.98811074,0.0,0.0,0.00855359
2025-08-07 21:00:00+00:00,2891.4325,21.35734596,0.98948879,0.98745557,0.0,0.0,0.0091676
2025-08-07 22:00:00+00:00,2761.16,22.00199196,0.99630481,0.99399232,0.0,0.0,0.00272183
2025-08-07 23:00:00+00:00,2674.09,22.28704112,0.99514501,0.99260729,0.0,0.0,0.0031024
2025-08-08 00:00:00+00:00,2671.76,22.78072865,0.98674674,0.98396724,0.0,0.0,0.0108344
2025-08-08 01:00:00+00:00,2622.015,22.95146112,0.98662049,0.98377609,0.0,0.0,0.01090338
2025-08-08 02:00:00+00:00,2612.31,22.75736087,0.98670124,0.98388605,0.0,0.0,0.01093477
2025-08-08 03:00:00+00:00,2599.3425,22.66802317,0.98671127,0.98405909,0.0,0.0,0.0107522
2025-08-08 04:00:00+00:00,2676.1325,22.79594944,0.98795161,0.98539366,0.0,0.0,0.0101445
2025-08-08 05:00:00+00:00,2825.79,22.857518,0.98842699,0.98613311,0.0,0.0,0.00976847
2025-08-08 06:00:00+00:00,2878.0075,23.06907798,0.98854512,0.98626868,0.0,0.0,0.00964249
2025-08-08 07:00:00+00:00,2905.1475,22.96722373,0.98891882,0.98666097,0.0,5.818e-05,0.00926232
2025-08-08 08:00:00+00:00,2919.005,22.74992154,0.98856575,0.98624662,0.0,8.514e-05,0.0093664
2025-08-08 09:00:00+00:00,2921.6025,22.90689003,0.98820735,0.98589103,0.0,8.144e-05,0.00938621
2025-08-08 10:00:00+00:00,2892.3275,22.91611041,0.98803666,0.98565048,0.0,5.606e-05,0.00953338
2025-08-08 11:00:00+00:00,2902.11,22.92979944,0.98804575,0.98573512,0.0,5.162e-05,0.00957052
2025-08-08 12:00:00+00:00,2889.7675,23.13808943,0.98787355,0.98563697,0.0,3.34e-05,0.00953302
2025-08-08 13:00:00+00:00,2892.3225,22.89302786,0.98729847,0.98509358,0.0,1.722e-05,0.00972297
2025-08-08 14:00:00+00:00,2893.125,23.08866284,0.98813139,0.98584711,0.0,1.746e-05,0.00940433
2025-08-08 15:00:00+00:00,2847.8875,23.020685,0.98736442,0.9850355,0.0,7.8e-07,0.01009604
2025-08-08 16:00:00+00:00,2863.8475,23.22415308,0.987863,0.98574975,0.0,0.0,0.00973028
2025-08-08 17:00:00+00:00,2875.68,23.3521101,0.9891296,0.98583547,0.00115885,0.0,0.00918334
2025-08-08 18:00:00+00:00,2862.395,23.03375474,0.98777778,0.98481286,0.0005933,0.0,0.0100397
2025-08-08 19:00:00+00:00,2848.095,22.76126721,0.98794568,0.98497484,0.00064442,0.0,0.00987379
2025-08-08 20:00:00+00:00,2832.685,22.50060837,0.98769623,0.9848861,0.00061913,0.0,0.00964096
2025-08-08 21:00:00+00:00,2727.025,22.12607719,0.98779028,0.98510323,0.00063798,0.0,0.00970779
2025-08-08 22:00:00+00:00,2727.6325,22.35625622,0.98697849,0.98401041,0.00066564,0.0,0.01019115
2025-08-08 23:00:00+00:00,2607.8925,22.44881095,0.9863416,0.98341647,0.00066627,0.0,0.01032731
2025-08-09 00:00:00+00:00,2530.415,22.54428568,0.98613694,0.98302925,0.0006819,0.0,0.0107932
2025-08-09 01:00:00+00:00,2500.535,22.57567846,0.98587729,0.98264195,0.00069203,0.0,0.01097668
2025-08-09 02:00:00+00:00,2484.1825,22.56155144,0.98601279,0.98291779,0.00067265,0.0,0.01083723
2025-08-09 03:00:00+00:00,2485.21,22.73153532,0.98566493,0.98233772,0.00064241,0.0,0.01110914
2025-08-09 04:00:00+00:00,2498.9325,22.84702538,0.98475579,0.98137055,0.00066921,0.0,0.01139417
2025-08-09 05:00:00+00:00,2552.935,23.12723311,0.98443246,0.9810887,0.00070053,0.0,0.01120365
2025-08-09 06:00:00+00:00,2663.595,23.4333732,0.98458718,0.98128834,0.00066817,0.0,0.01092737
2025-08-09 07:00:00+00:00,2747.0675,23.35193657,0.98501831,0.98160994,0.00096888,0.0,0.01039259
2025-08-09 08:00:00+00:00,2788.98,23.32411586,0.9852647,0.98050717,0.00223034,0.0,0.01045427
2025-08-09 09:00:00+00:00,2768.53,22.96942521,0.98264668,0.97272925,0.00845379,0.0,0.00978309
2025-08-09 10:00:00+00:00,2745.0825,22.93160937,0.98110308,0.972915,0.00675196,4.16e-06,0.00970066
2025-08-09 11:00:00+00:00,2736.11,22.80558261,0.98107097,0.9788238,0.00089616,1.514e-05,0.00982699
2025-08-09 12:00:00+00:00,2739.78,22.53576492,0.98088878,0.9789443,0.00060804,1.807e-05,0.00973934
2025-08-09 13:00:00+00:00,2748.2825,22.82042187,0.98258491,0.98001987,0.00062385,8.7e-06,0.01047144
2025-08-09 14:00:00+00:00,2780.035,22.70577541,0.98596286,0.98321892,0.00057667,0.0,0.01046735
2025-08-09 15:00:00+00:00,2795.3025,23.06584827,0.98577357,0.9827478,0.00053932,0.0,0.01053728
2025-08-09 16:00:00+00:00,2784.7325,22.89283878,0.98691416,0.98348655,0.00089017,0.0,0.01052871
2025-08-09 17:00:00+00:00,2786.19,22.80087107,0.98676356,0.98328061,0.0008964,0.0,0.01083985
2025-08-09 18:00:00+00:00,2767.7025,22.51093602,0.98704359,0.98358867,0.00086477,0.0,0.01080687
2025-08-09 19:00:00+00:00,2741.0375,22.87122609,0.98677965,0.98316276,0.00091101,0.0,0.01097735
2025-08-09 20:00:00+00:00,2736.355,23.23204903,0.98691676,0.98334318,0.00088233,0.0,0.0108462
2025-08-09 21:00:00+00:00,2690.225,23.08185735,0.98606301,0.9823828,0.00093847,0.0,0.01130781
2025-08-09 22:00:00+00:00,2636.7975,22.83775586,0.98429003,0.98040017,0.00094693,0.0,0.0119498
2025-08-09 23:00:00+00:00,2594.38,22.88861452,0.98306598,0.97913512,0.00099806,0.0,0.01360862
2025-08-10 00:00:00+00:00,2564.5625,22.73442579,0.98366689,0.9800327,0.00099493,0.0,0.01308309
2025-08-10 01:00:00+00:00,2556.6675,22.2737052,0.98419423,0.98069875,0.00100184,0.0,0.01274784
2025-08-10 02:00:00+00:00,2545.55,22.1951969,0.98281477,0.97915591,0.00099246,0.0,0.01384398
2025-08-10 03:00:00+00:00,2516.41,21.77342504,0.98253704,0.97917754,0.00096749,0.0,0.01354674
2025-08-10 04:00:00+00:00,2537.6125,22.2628181,0.98255984,0.97870978,0.00097896,0.0,0.01416115
2025-08-10 05:00:00+00:00,2581.6525,22.29386276,0.98405642,0.98087904,0.00072231,0.0,0.0131446
2025-08-10 06:00:00+00:00,2586.8375,20.55054434,0.98676083,0.98442544,0.00056332,1.308e-05,0.01135985
2025-08-10 07:00:00+00:00,2643.24,20.12337554,0.98680109,0.98457483,0.00061653,1.968e-05,0.01078515
2025-08-10 08:00:00+00:00,2668.0425,22.22599754,0.98183254,0.97967325,0.00035755,2.767e-05,0.01159681
2025-08-10 09:00:00+00:00,2701.6025,22.42123216,0.97952125,0.9782731,1e-08,3.862e-05,0.01094163
2025-08-10 10:00:00+00:00,2708.2675,22.28933146,0.9792993,0.97778918,1e-08,5.3e-05,0.01176446
2025-08-10 11:00:00+00:00,2742.88,22.05514966,0.9797516,0.97822955,5e-08,4.751e-05,0.01174298
2025-08-10 12:00:00+00:00,2801.875,21.73746601,0.98062031,0.97876908,6e-08,5.365e-05,0.01187109
2025-08-10 13:00:00+00:00,2795.565,21.78492789,0.98087497,0.97866489,0.0,6.158e-05,0.01253364
2025-08-10 14:00:00+00:00,2809.3875,21.34417057,0.98245786,0.98029985,2e-08,3.294e-05,0.01242123
2025-08-10 15:00:00+00:00,2833.14,20.74970297,0.98634827,0.98439329,0.0,0.0,0.01079616
2025-08-10 16:00:00+00:00,2846.105,21.53187923,0.9847814,0.98242886,0.0,0.0,0.01196066
2025-08-10 17:00:00+00:00,2891.35,22.39395489,0.9840467,0.98144935,0.0,0.0,0.01288234
2025-08-10 18:00:00+00:00,2868.1775,22.16644877,0.98326118,0.98054594,0.0,0.0,0.01350365
2025-08-10 19:00:00+00:00,2850.1575,20.5513046,0.98779764,0.98183085,0.00414508,0.0,0.01027658
2025-08-10 20:00:00+00:00,2807.7125,21.27356048,0.98559482,0.98077347,0.00264859,0.0,0.01137548
2025-08-10 21:00:00+00:00,2748.54,21.73107042,0.98482803,0.98162286,0.00095071,0.0,0.01186627
2025-08-10 22:00:00+00:00,2739.61,20.35043957,0.98781855,0.98111832,0.00503153,0.0,0.01023002
2025-08-10 23:00:00+00:00,2682.6375,20.38917715,0.98733565,0.98036296,0.0051717,0.0,0.01046049
2025-08-11 00:00:00+00:00,2634.4225,20.70701975,0.99257403,0.98679808,0.00398583,0.0,0.00526369
2025-08-11 01:00:00+00:00,2629.82,21.12288861,0.9931254,0.98565951,0.00527516,9.684e-05,0.00472256
2025-08-11 02:00:00+00:00,2612.46,22.28461313,0.99107944,0.98422711,0.00429337,0.00010522,0.00613538
2025-08-11 03:00:00+00:00,2674.36,21.57351455,0.99299446,0.98646282,0.00455436,0.0,0.00530593
2025-08-11 04:00:00+00:00,2725.9825,23.11622522,0.99015262,0.98305661,0.00425012,0.0,0.00666195
2025-08-11 05:00:00+00:00,2902.9425,22.43671488,0.99224141,0.98460637,0.00528283,0.0,0.00573811
2025-08-11 06:00:00+00:00,2976.4975,22.91963326,0.99195485,0.98434967,0.00525194,9.93e-06,0.00545682
2025-08-11 07:00:00+00:00,3054.315,23.04853649,0.99239152,0.98454364,0.00540926,4.084e-05,0.00513087
2025-08-11 08:00:00+00:00,2992.18,22.97056419,0.99318829,0.98508013,0.0057515,6.849e-05,0.004784
2025-08-11 09:00:00+00:00,2991.4925,23.10696013,0.99254273,0.98374438,0.00626898,0.0,0.00534484
2025-08-11 10:00:00+00:00,3018.65,23.2996313,0.98454985,0.97492962,0.00723251,0.0,0.01315835
2025-08-11 11:00:00+00:00,2996.9175,23.33396961,0.98477525,0.97275812,0.00960092,0.0,0.01312979
2025-08-11 12:00:00+00:00,3000.3325,23.36406883,0.98587704,0.97653969,0.00704384,0.0,0.01205663
2025-08-11 13:00:00+00:00,2980.7975,23.36574175,0.98527769,0.9771364,0.00590576,0.0,0.0126679
2025-08-11 14:00:00+00:00,2997.5275,23.07453088,0.98578005,0.97732751,0.00636165,0.0,0.01221537
2025-08-11 15:00:00+00:00,3005.94,23.15454225,0.98538915,0.97633126,0.00694013,0.0,0.01252077
2025-08-11 16:00:00+00:00,2977.3025,22.19335362,0.98646421,0.97817729,0.00643804,0.0,0.01158979
2025-08-11 17:00:00+00:00,2961.9175,22.52680806,0.9861069,0.97743626,0.0067799,0.0,0.01185422
2025-08-11 18:00:00+00:00,2952.6375,21.72367324,0.98715402,0.97909463,0.00646342,0.0,0.01087848
2025-08-11 19:00:00+00:00,2951.615,22.58725342,0.98631537,0.97774799,0.00669902,0.0,0.01166265
2025-08-11 20:00:00+00:00,2941.7825,22.3088767,0.98642695,0.97786344,0.00674726,0.0,0.0115452
2025-08-11 21:00:00+00:00,2868.83,22.27394705,0.98623261,0.97835284,0.00603908,0.0,0.01171259
2025-08-11 22:00:00+00:00,2763.535,22.47309048,0.99476072,0.98766371,0.00511507,0.0,0.00393129
2025-08-11 23:00:00+00:00,2708.405,23.18594614,0.9939082,0.98647648,0.00517088,0.0,0.00419237
2025-08-12 00:00:00+00:00,2732.055,23.54304253,0.98446249,0.97737142,0.0046842,0.0,0.01331752
2025-08-12 01:00:00+00:00,2715.9475,23.37602666,0.98431637,0.97734661,0.00453071,0.0,0.01347701
2025-08-12 02:00:00+00:00,2717.3925,23.98920107,0.98366838,0.97604414,0.00497007,0.0,0.01409169
2025-08-12 03:00:00+00:00,2748.3275,24.14160492,0.98367337,0.975231,0.00576328,0.0,0.0140829
2025-08-12 04:00:00+00:00,2848.1,22.52489653,0.9860153,0.97815359,0.00581106,0.0,0.01189674
2025-08-12 05:00:00+00:00,2955.4175,22.54747051,0.98695822,0.97945657,0.00538238,0.0,0.01107522
2025-08-12 06:00:00+00:00,2995.2625,22.30870848,0.98780577,0.98057965,0.00528692,8.62e-06,0.01026362
2025-08-12 07:00:00+00:00,2956.8625,22.40304473,0.98733754,0.9799163,0.00541196,4.698e-05,0.01068887
2025-08-12 08:00:00+00:00,2999.2925,22.58583238,0.98713502,0.97958682,0.00536303,7.988e-05,0.01090438
2025-08-12 09:00:00+00:00,3041.3525,22.83789925,0.98785688,0.98029937,0.0052761,0.0,0.01023824
2025-08-12 10:00:00+00:00,3008.055,23.19828807,0.98751006,0.97909047,0.00604664,2.618e-05,0.01053661
2025-08-12 11:00:00+00:00,2969.06,23.44953868,0.98684214,0.97805611,0.006526,0.0,0.01114497
2025-08-12 12:00:00+00:00,2978.685,23.69610566,0.98645309,0.97829084,0.00568058,0.0,0.01156286
2025-08-12 13:00:00+00:00,2998.3575,23.89235171,0.98528453,0.9774719,0.00534468,0.0,0.01268154
2025-08-12 14:00:00+00:00,3014.17,24.23003973,0.98557883,0.97782758,0.00535519,0.0,0.01244952
2025-08-12 15:00:00+00:00,2990.5175,24.16874685,0.98587255,0.97802936,0.00554101,0.0,0.01210062
2025-08-12 16:00:00+00:00,2943.02,24.45687873,0.9851273,0.97710558,0.00556284,0.0,0.01284023
2025-08-12 17:00:00+00:00,2913.7625,24.23462331,0.98518775,0.97714806,0.00570137,0.0,0.01272435
2025-08-12 18:00:00+00:00,2911.3,24.05318118,0.98510533,0.97712853,0.00569199,0.0,0.01280508
2025-08-12 19:00:00+00:00,2911.63,23.93683618,0.98578505,0.97795696,0.00551516,0.0,0.01233755
2025-08-12 20:00:00+00:00,2892.465,23.83184921,0.98522346,0.97796796,0.00482977,0.0,0.01294213
2025-08-12 21:00:00+00:00,2813.58,23.97696365,0.9848864,0.97797384,0.00445429,0.0,0.01336067
2025-08-12 22:00:00+00:00,2684.29,23.62878751,0.99380948,0.9845789,0.0066643,0.0,0.00512376
2025-08-12 23:00:00+00:00,2630.475,23.66151461,0.99299675,0.98506965,0.00541771,0.0,0.00488797
2025-08-13 00:00:00+00:00,2628.585,23.8032691,0.98363125,0.97565424,0.00544245,0.0,0.01404741
2025-08-13 01:00:00+00:00,2616.4825,23.84210872,0.98323506,0.9741932,0.00648935,0.0,0.0144253
2025-08-13 02:00:00+00:00,2634.2525,23.81720833,0.98346942,0.97431164,0.00652132,0.0,0.0141947
2025-08-13 03:00:00+00:00,2655.725,23.77670623,0.9833144,0.97421684,0.0065085,0.0,0.01435233
2025-08-13 04:00:00+00:00,2724.04,23.84783521,0.98393708,0.97637783,0.00497109,0.0,0.01380568
2025-08-13 05:00:00+00:00,2863.8275,23.58972107,0.9845909,0.97704331,0.00506263,0.0,0.01326644
2025-08-13 06:00:00+00:00,2984.09,23.39651796,0.98591764,0.97814164,0.00554437,0.0,0.012136
2025-08-13 07:00:00+00:00,3011.885,23.44562961,0.98524606,0.97704221,0.00575945,0.0,0.01272958
2025-08-13 08:00:00+00:00,3041.4675,23.59668393,0.98549683,0.9758293,0.00710973,0.0,0.01244756
2025-08-13 09:00:00+00:00,3041.5675,23.50870213,0.98658682,0.97726618,0.00695367,0.0,0.01137649
2025-08-13 10:00:00+00:00,3025.3,23.32262118,0.98662687,0.97722761,0.00700318,0.0,0.01133605
2025-08-13 11:00:00+00:00,3033.8625,23.32921735,0.98647143,0.97676614,0.00718029,0.0,0.01145599
2025-08-13 12:00:00+00:00,3041.8075,23.3646515,0.98628363,0.97671106,0.00713945,0.0,0.01164615
2025-08-13 13:00:00+00:00,3053.56,23.05366027,0.98643828,0.97726168,0.00698043,0.0,0.0115236
2025-08-13 14:00:00+00:00,3070.9425,22.88154387,0.98644942,0.97714611,0.00707765,0.0,0.01148803
2025-08-13 15:00:00+00:00,3040.5,22.68924629,0.98685957,0.97782363,0.00687081,0.0,0.01112277
2025-08-13 16:00:00+00:00,3030.1925,22.62478996,0.98694718,0.97813978,0.00683209,0.0,0.01103893
2025-08-13 17:00:00+00:00,3020.5775,22.43576719,0.98684569,0.97805342,0.00680297,0.0,0.0111242
2025-08-13 18:00:00+00:00,3058.22,22.42752888,0.98682015,0.97892151,0.00582949,0.0,0.01118598
2025-08-13 19:00:00+00:00,3061.4975,22.60398069,0.98674976,0.97842413,0.00604101,0.0,0.01128574
2025-08-13 20:00:00+00:00,3028.125,22.8049676,0.98575669,0.9775408,0.00576281,0.0,0.01215916
2025-08-13 21:00:00+00:00,2926.1475,23.14317019,0.98510707,0.97649591,0.0059516,0.0,0.01274636
2025-08-13 22:00:00+00:00,2790.0775,23.28370433,0.99489747,0.99204025,6.362e-05,0.0,0.00336049
2025-08-13 23:00:00+00:00,2721.77,23.47464492,0.99441968,0.99155098,0.0,0.0,0.00336207
2025-08-14 00:00:00+00:00,2737.0275,23.2586542,0.98470036,0.98192086,0.0,0.0,0.01305891
2025-08-14 01:00:00+00:00,2711.83,23.48597296,0.98418404,0.9812841,0.0,0.0,0.01357484
2025-08-14 02:00:00+00:00,2694.835,23.29760637,0.98398657,0.98114822,0.0,0.0,0.01368496
2025-08-14 03:00:00+00:00,2702.275,23.2905552,0.98437684,0.98156704,0.0,0.0,0.0133466
2025-08-14 04:00:00+00:00,2795.4275,23.34073545,0.98416586,0.98059799,0.00058878,0.0,0.01344769
2025-08-14 05:00:00+00:00,2930.79,23.54813342,0.98461425,0.97456003,0.00726587,0.0,0.01322069
2025-08-14 06:00:00+00:00,2967.475,23.37095849,0.9854705,0.97556629,0.00722256,0.0,0.01246024
2025-08-14 07:00:00+00:00,2955.78,23.57872558,0.98526596,0.97619845,0.00648302,0.0,0.01260614
2025-08-14 08:00:00+00:00,2990.5025,23.77837323,0.98556106,0.97701341,0.00601151,0.0,0.01211564
2025-08-14 09:00:00+00:00,2952.59,23.8501588,0.98690837,0.97813666,0.00626359,0.0,0.01095009
2025-08-14 10:00:00+00:00,2921.945,23.88994327,0.98569524,0.97672446,0.00629369,0.0,0.0121621
2025-08-14 11:00:00+00:00,2934.3,23.68045257,0.98601416,0.97624528,0.00721746,0.0,0.0118089
2025-08-14 12:00:00+00:00,2967.41,24.00578167,0.98533438,0.9753609,0.00730102,0.0,0.01243375
2025-08-14 13:00:00+00:00,3005.905,24.25505706,0.98420574,0.97433564,0.00719378,0.0,0.01354833
2025-08-14 14:00:00+00:00,3024.855,24.31673935,0.98479411,0.97520739,0.00701141,0.0,0.01307721
2025-08-14 15:00:00+00:00,3011.77,24.12473959,0.98453307,0.97523828,0.00683226,0.0,0.01306534
2025-08-14 16:00:00+00:00,2988.9675,23.87369372,0.98490745,0.97646941,0.00592518,0.0,0.01302894
2025-08-14 17:00:00+00:00,2997.6975,23.64806603,0.98450054,0.97641982,0.00564129,0.0,0.01321033
2025-08-14 18:00:00+00:00,2940.665,23.59787083,0.98309543,0.97532146,0.00501701,0.0,0.01420186
2025-08-14 19:00:00+00:00,2949.1925,23.54202823,0.98344485,0.97571875,0.00493019,0.0,0.01409025
2025-08-14 20:00:00+00:00,2927.58,23.19821435,0.98353933,0.97647949,0.00438461,0.0,0.01392383
2025-08-14 21:00:00+00:00,2836.49,22.95175803,0.98309344,0.97547365,0.00483284,0.0,0.01435102
2025-08-14 22:00:00+00:00,2706.255,22.89764823,0.9919441,0.98424621,0.00488681,0.0,0.00577421
2025-08-14 23:00:00+00:00,2643.6575,22.59817379,0.99138029,0.98454044,0.0040337,0.0,0.00568818
2025-08-15 00:00:00+00:00,2639.3325,22.52402896,0.98152062,0.9787538,0.0,0.0,0.01501316
2025-08-15 01:00:00+00:00,2608.16,22.52235126,0.98217883,0.97965176,0.0,0.0,0.01445489
2025-08-15 02:00:00+00:00,2621.225,22.55953689,0.98184627,0.97902268,0.0,0.0,0.01483353
2025-08-15 03:00:00+00:00,2657.12,22.36270829,0.98247025,0.97992231,0.0,0.0,0.01437223
2025-08-15 04:00:00+00:00,2745.7675,21.96599852,0.98431661,0.98195964,0.00037946,0.0,0.01294422
2025-08-15 05:00:00+00:00,2923.795,21.26388092,0.98563544,0.98254119,0.00133106,0.0,0.01218094
2025-08-15 06:00:00+00:00,3012.86,21.14831164,0.98597363,0.98070604,0.00340641,0.0,0.01197541
2025-08-15 07:00:00+00:00,3041.25,20.75993871,0.98649136,0.97966444,0.00523497,0.0,0.01138473
2025-08-15 08:00:00+00:00,3094.4,20.77054838,0.9866189,0.97964623,0.00557417,0.0,0.01042527
2025-08-15 09:00:00+00:00,3085.265,20.22999821,0.98681408,0.98024647,0.0050323,0.0,0.01028625
2025-08-15 10:00:00+00:00,3071.305,19.93058503,0.9859991,0.98095194,0.00385138,0.0,0.01016219
2025-08-15 11:00:00+00:00,3053.0075,18.46025808,0.98748185,0.98374598,0.00373586,0.0,0.00787659
2025-08-15 12:00:00+00:00,3049.4825,18.2824317,0.98795574,0.98423519,0.00372054,0.0,0.00776071
2025-08-15 13:00:00+00:00,3054.495,20.95508478,0.98765535,0.97918734,0.00414299,0.0,0.00940235
2025-08-15 14:00:00+00:00,3046.715,21.57068415,0.98756786,0.97841465,0.00401072,0.0,0.00986152
2025-08-15 15:00:00+00:00,3042.58,21.88423573,0.98747424,0.9823065,3.447e-05,0.0,0.01022846
2025-08-15 16:00:00+00:00,3036.9,22.7473459,0.98705972,0.98034537,5e-08,0.0,0.01079931
2025-08-15 17:00:00+00:00,3008.6725,23.27286585,0.98716092,0.97928687,6.271e-05,0.0,0.0107544
2025-08-15 18:00:00+00:00,2997.72,23.43644279,0.98742597,0.97949376,2.33e-06,0.0,0.01047954
2025-08-15 19:00:00+00:00,2975.5575,23.57336144,0.98701317,0.97837901,0.0,0.0,0.01091859
2025-08-15 20:00:00+00:00,2958.7625,24.04996716,0.98670593,0.97727091,0.0,0.0,0.01101878
2025-08-15 21:00:00+00:00,2882.645,24.16634683,0.98613665,0.97651166,0.0,0.0,0.011532
2025-08-15 22:00:00+00:00,2770.34,21.34875464,0.98853765,0.98294041,0.0,0.0,0.00978623
2025-08-15 23:00:00+00:00,2752.4125,21.34492682,0.98802492,0.98265058,0.0,0.0,0.01003555
2025-08-16 00:00:00+00:00,2709.2975,21.40334692,0.98874721,0.98272252,0.0,0.0,0.00967193
2025-08-16 01:00:00+00:00,2707.5425,20.98645887,0.98918783,0.98385498,0.0,0.0,0.00913687
2025-08-16 02:00:00+00:00,2691.735,20.96394817,0.98939745,0.98440866,0.0,0.0,0.00889066
2025-08-16 03:00:00+00:00,2689.36,20.25463326,0.98942398,0.98577253,0.0,0.0,0.00871395
2025-08-16 04:00:00+00:00,2686.01,19.59968452,0.98995278,0.98558234,0.0021761,0.0,0.00838091
2025-08-16 05:00:00+00:00,2769.45,20.43342211,0.98966787,0.98130298,0.00440841,0.0,0.0085187
2025-08-16 06:00:00+00:00,2826.3475,21.32362167,0.98892643,0.97920401,0.00445844,0.0,0.00922699
2025-08-16 07:00:00+00:00,2910.8725,20.57717254,0.99003962,0.97911457,0.00757251,0.0,0.0081971
2025-08-16 08:00:00+00:00,2964.07,22.03274808,0.98954455,0.97510584,0.00908162,0.0,0.00871661
2025-08-16 09:00:00+00:00,2991.6575,22.65651518,0.98898647,0.97717391,0.00510356,0.0,0.00924251
2025-08-16 10:00:00+00:00,2966.0225,24.24755598,0.98641553,0.97279811,0.00525197,0.0,0.00999412
2025-08-16 11:00:00+00:00,2953.925,26.00813271,0.98373851,0.96801516,0.00542912,0.0,0.01127996
2025-08-16 12:00:00+00:00,2942.96,26.2836491,0.98343759,0.96715682,0.00517003,0.0,0.01178926
2025-08-16 13:00:00+00:00,2952.6225,25.09737638,0.98511749,0.97275731,0.00263925,0.0,0.01086476
2025-08-16 14:00:00+00:00,2965.495,24.47737122,0.9885722,0.980184,0.0,0.0,0.00970133
2025-08-16 15:00:00+00:00,2978.2925,24.91219131,0.98773934,0.97845353,0.0,0.0,0.01048723
2025-08-16 16:00:00+00:00,2989.34,24.13786572,0.98921015,0.9824971,0.0,0.0,0.00909716
2025-08-16 17:00:00+00:00,2975.7675,23.54889681,0.98969282,0.98520869,0.0,0.0,0.00853251
2025-08-16 18:00:00+00:00,2942.48,24.31610812,0.98951561,0.98419589,0.0,0.0,0.00870744
2025-08-16 19:00:00+00:00,2923.725,24.74825019,0.98925694,0.98341224,0.0,0.0,0.00897271
2025-08-16 20:00:00+00:00,2904.2775,25.15423644,0.98877973,0.98263133,0.0,0.0,0.00939973
2025-08-16 21:00:00+00:00,2828.7875,26.7923675,0.98813432,0.97900138,0.0,0.0,0.01029753
2025-08-16 22:00:00+00:00,2758.2825,27.39249509,0.98792729,0.9783564,0.0,0.0,0.01063953
2025-08-16 23:00:00+00:00,2711.8875,27.73898439,0.98716498,0.97695057,0.0,0.0,0.01140605
2025-08-17 00:00:00+00:00,2683.3575,27.71175238,0.98733759,0.9765618,0.0,0.0,0.01133734
2025-08-17 01:00:00+00:00,2700.4125,27.42813396,0.98734757,0.97648369,0.0,0.0,0.01115993
2025-08-17 02:00:00+00:00,2692.7225,26.76161094,0.98723721,0.97728143,0.0,0.0,0.01137047
2025-08-17 03:00:00+00:00,2687.5825,24.55519063,0.98856991,0.98156177,0.0,0.0,0.00940374
2025-08-17 04:00:00+00:00,2686.255,24.18662537,0.98886283,0.9821209,0.0,0.0,0.00912299
2025-08-17 05:00:00+00:00,2719.015,24.70060279,0.9890441,0.98103722,0.0,0.0,0.00982683
2025-08-17 06:00:00+00:00,2782.715,26.18628941,0.98798013,0.97795498,0.0,0.0,0.0108845
2025-08-17 07:00:00+00:00,2839.04,25.93972023,0.98811479,0.97900883,0.0,0.0,0.01036076
2025-08-17 08:00:00+00:00,2882.955,26.29920648,0.98747942,0.97758251,0.0,0.0,0.01050799
2025-08-17 09:00:00+00:00,2910.375,25.77405741,0.9870852,0.97750906,0.0,0.0,0.01047434
2025-08-17 10:00:00+00:00,2898.58,27.39285562,0.98384571,0.97183264,0.0,0.0,0.01171294
2025-08-17 11:00:00+00:00,2868.4375,27.21876975,0.98276106,0.97079024,0.0,0.0,0.01196254
2025-08-17 12:00:00+00:00,2871.4425,27.19066577,0.98487736,0.9740222,0.0,0.0,0.01147586
2025-08-17 13:00:00+00:00,2899.645,26.9823509,0.98668609,0.97654815,0.0,0.0,0.01078213
2025-08-17 14:00:00+00:00,2916.645,27.41866976,0.98709624,0.9762061,0.0,0.0,0.01084643
2025-08-17 15:00:00+00:00,2910.81,26.87687487,0.98931736,0.98078209,0.0,0.0,0.00905865
2025-08-17 16:00:00+00:00,2902.01,27.05835943,0.9900671,0.98177107,0.0,0.0,0.00840507
2025-08-17 17:00:00+00:00,2915.9025,27.01715043,0.98979777,0.98167166,0.0,0.0,0.00854002
2025-08-17 18:00:00+00:00,2927.3825,27.08738903,0.98976614,0.98119939,0.0,0.0,0.00855481
2025-08-17 19:00:00+00:00,2945.54,27.44314472,0.9898899,0.9804371,0.0,0.0,0.00844229
2025-08-17 20:00:00+00:00,2942.445,26.80485881,0.98991224,0.9814533,0.0,0.0,0.00843144
2025-08-17 21:00:00+00:00,2867.1275,26.22337345,0.98998731,0.98231165,0.0,0.0,0.00840573
2025-08-17 22:00:00+00:00,2791.0225,26.55938359,0.98959663,0.98121227,2e-08,0.0,0.00877013
2025-08-17 23:00:00+00:00,2748.3475,26.24458718,0.98957176,0.98162067,3e-08,0.0,0.00871432
2025-08-18 00:00:00+00:00,2686.45,25.59535089,0.99623351,0.98898275,3e-08,0.0,0.00212653
2025-08-18 01:00:00+00:00,2679.9575,24.6864248,0.99637916,0.99060232,2e-08,0.0,0.00190713
2025-08-18 02:00:00+00:00,2668.9975,24.16307899,0.99667803,0.99124371,1e-08,0.0,0.00166304
2025-08-18 03:00:00+00:00,2696.6875,23.72434257,0.99677313,0.99198424,9e-08,0.0,0.00154396
2025-08-18 04:00:00+00:00,2828.315,23.76429867,0.99641536,0.99107333,1.1e-07,0.0,0.00185618
2025-08-18 05:00:00+00:00,3011.64,24.27210616,0.99638122,0.98833809,0.00132978,0.0,0.00202362
2025-08-18 06:00:00+00:00,3075.99,24.27691422,0.99723108,0.98847984,0.00221055,0.0,0.00123313
2025-08-18 07:00:00+00:00,3120.5575,23.8879692,0.99725824,0.98933625,0.00211854,1.58e-06,0.00113196
2025-08-18 08:00:00+00:00,3124.3225,23.82411099,0.99692037,0.98904041,0.00208009,3.8e-06,0.0014321
2025-08-18 09:00:00+00:00,3104.94,23.62197505,0.99655816,0.98882516,0.00209062,3.24e-06,0.00179583
2025-08-18 10:00:00+00:00,3134.09,25.50193709,0.98995667,0.98011097,0.00121568,5.19e-06,0.00835991
2025-08-18 11:00:00+00:00,3133.8625,25.76029555,0.98966213,0.97936534,0.00044408,9.39e-06,0.00850238
2025-08-18 12:00:00+00:00,3142.87,24.66517499,0.98991658,0.981341,0.00039571,7.55e-06,0.00834293
2025-08-18 13:00:00+00:00,3156.44,24.16225493,0.98979737,0.98176546,0.00038066,4.76e-06,0.00857762
2025-08-18 14:00:00+00:00,3165.1325,24.19858232,0.98968566,0.98165863,0.00047314,5.16e-06,0.00866651
2025-08-18 15:00:00+00:00,3129.045,23.87985756,0.99021358,0.9828006,0.00056914,2.2e-06,0.00817453
2025-08-18 16:00:00+00:00,3110.09,23.95169544,0.9901245,0.9824855,0.00042476,0.0,0.00830829
2025-08-18 17:00:00+00:00,3084.91,25.99412058,0.98707452,0.97632841,0.00029553,0.0,0.01097764
2025-08-18 18:00:00+00:00,3099.25,30.70545565,0.98294518,0.96254968,0.00186815,3e-08,0.01358872
2025-08-18 19:00:00+00:00,3098.9125,27.746454,0.98539611,0.9716685,0.00030429,0.0,0.01259252
2025-08-18 20:00:00+00:00,3052.94,23.50277843,0.98986819,0.98258192,0.00109106,0.0,0.00851295
2025-08-18 21:00:00+00:00,2965.915,24.20615037,0.98920352,0.98158032,0.00029649,0.0,0.00908192
2025-08-18 22:00:00+00:00,2827.4875,23.75647672,0.9956381,0.98791774,4.349e-05,0.0,0.00330748
2025-08-18 23:00:00+00:00,2749.295,23.50877973,0.99527111,0.98809867,4.256e-05,0.0,0.00305963
2025-08-19 00:00:00+00:00,2763.6375,23.00572753,0.98855594,0.982454,4.109e-05,0.0,0.0097055
2025-08-19 01:00:00+00:00,2748.3275,22.96865658,0.9884256,0.98146147,3.488e-05,0.0,0.00984799
2025-08-19 02:00:00+00:00,2762.18,22.7442306,0.98867087,0.98221617,3.966e-05,0.0,0.00962881
2025-08-19 03:00:00+00:00,2787.0925,23.30371734,0.98827988,0.98094325,2.525e-05,0.0,0.01001376
2025-08-19 04:00:00+00:00,2904.8475,23.70208589,0.98819625,0.98091885,7.67e-06,0.0,0.01009187
2025-08-19 05:00:00+00:00,3062.29,25.96048199,0.98393751,0.9726426,0.0,0.0,0.01292642
2025-08-19 06:00:00+00:00,3151.0225,25.55649182,0.98696837,0.97662868,0.0,0.0,0.01066543
2025-08-19 07:00:00+00:00,3157.0775,24.97199695,0.98715097,0.97807978,0.0,0.0,0.01086575
2025-08-19 08:00:00+00:00,3170.885,23.42209961,0.98871117,0.98240877,0.0,0.0,0.00948313
2025-08-19 09:00:00+00:00,3161.65,24.13040006,0.98887016,0.98125869,0.0,0.0,0.00928796
2025-08-19 10:00:00+00:00,3171.78,25.14195141,0.98755535,0.97839056,0.0,0.0,0.01055124
2025-08-19 11:00:00+00:00,3156.7425,24.89580197,0.98746039,0.97857295,0.0,0.0,0.01061338
2025-08-19 12:00:00+00:00,3164.655,23.95829971,0.9883332,0.98080937,0.0,0.0,0.00986422
2025-08-19 13:00:00+00:00,3028.32,24.77305082,0.98787585,0.97850998,3.6e-06,4e-07,0.01024199
2025-08-19 14:00:00+00:00,3146.67,23.35388295,0.98898699,0.98170054,1.24e-06,0.0,0.00926986
2025-08-19 15:00:00+00:00,3113.7825,24.73172885,0.98679489,0.97717158,0.00018978,0.0,0.01117866
2025-08-19 16:00:00+00:00,3141.925,25.10855166,0.98625188,0.97632058,0.0002877,0.0,0.01130913
2025-08-19 17:00:00+00:00,3147.215,25.60033884,0.98547068,0.97417558,0.00019518,0.0,0.01073673
2025-08-19 18:00:00+00:00,3153.6275,25.24644075,0.98525469,0.974424,0.00019825,0.0,0.0107059
2025-08-19 19:00:00+00:00,3166.3125,24.54019397,0.98551313,0.97588581,0.00012526,0.0,0.01136901
2025-08-19 20:00:00+00:00,3139.0575,25.66828139,0.98427715,0.97207897,0.0,0.0,0.012317
2025-08-19 21:00:00+00:00,3049.31,25.27565589,0.98529099,0.97579191,0.0,0.0,0.01228791
2025-08-19 22:00:00+00:00,2927.04,27.36554299,0.99403966,0.98099339,8.45e-06,0.0,0.0047143
2025-08-19 23:00:00+00:00,2867.4075,26.94588723,0.99299347,0.98169584,2.91e-06,0.0,0.00487231
2025-08-20 00:00:00+00:00,2813.9125,27.03386115,0.98533877,0.97397315,8.18e-06,0.0,0.0125544
2025-08-20 01:00:00+00:00,2777.85,27.28022958,0.98580989,0.97364516,7e-06,0.0,0.01213674
2025-08-20 02:00:00+00:00,2763.7425,26.3977003,0.98490358,0.97441176,4.55e-06,0.0,0.0129338
2025-08-20 03:00:00+00:00,2853.385,26.18230559,0.98594743,0.97602043,0.0,0.0,0.01197829
2025-08-20 04:00:00+00:00,2951.98,27.01363476,0.9843072,0.97277003,0.00019672,0.0,0.01310638
2025-08-20 05:00:00+00:00,3068.005,25.98353239,0.98589427,0.97622424,0.00020482,0.0,0.01203909
2025-08-20 06:00:00+00:00,3088.325,27.05122251,0.98697952,0.97609643,0.00013804,0.0,0.01105953
2025-08-20 07:00:00+00:00,3114.6475,25.94851828,0.98680083,0.97875158,0.00016561,0.0,0.01114103
2025-08-20 08:00:00+00:00,3127.3325,26.00947015,0.98742384,0.98029042,0.00024452,0.0,0.01058383
2025-08-20 09:00:00+00:00,3147.565,25.9955665,0.98869976,0.9820858,0.0,0.0,0.00950123
2025-08-20 10:00:00+00:00,3127.9675,26.34476045,0.98798287,0.98041551,0.0,0.0,0.0101988
2025-08-20 11:00:00+00:00,3144.7725,26.74699673,0.98646076,0.97754872,0.0,0.0,0.01155302
2025-08-20 12:00:00+00:00,3126.79,26.40869654,0.98680914,0.9785071,0.0,0.0,0.01123634
2025-08-20 13:00:00+00:00,3128.77,26.35401233,0.98790783,0.98000699,0.00013141,3.4e-07,0.01028917
2025-08-20 14:00:00+00:00,3168.7125,26.97116167,0.98908264,0.97985537,0.00017388,0.0,0.00911139
2025-08-20 15:00:00+00:00,3154.3275,26.68170921,0.98796776,0.97885298,0.00027942,0.0,0.01022168
2025-08-20 16:00:00+00:00,3135.3475,26.36544199,0.98722116,0.97856746,0.00030018,0.0,0.01097317
2025-08-20 17:00:00+00:00,3139.7775,27.479062,0.98692337,0.9761134,0.0,0.0,0.01123851
2025-08-20 18:00:00+00:00,3142.9525,27.79205134,0.98663966,0.97494157,0.00021978,0.0,0.011468
2025-08-20 19:00:00+00:00,3131.6425,27.61297745,0.98707346,0.9756097,0.00028338,0.0,0.01130625
2025-08-20 20:00:00+00:00,3136.91,28.33466621,0.98663618,0.97368043,0.00055665,0.0,0.01165713
2025-08-20 21:00:00+00:00,3076.235,27.34023126,0.98589716,0.97545505,0.00044672,0.0,0.01238006
2025-08-20 22:00:00+00:00,2968.17,29.24459511,0.99467494,0.98068435,8.218e-05,0.0,0.0041025
2025-08-20 23:00:00+00:00,2908.5425,29.07045998,0.99427407,0.98007998,2.423e-05,0.0,0.00379997
2025-08-21 00:00:00+00:00,2900.96,29.40403653,0.98579486,0.97050118,2.313e-05,0.0,0.01223151
2025-08-21 01:00:00+00:00,2896.7625,29.40389283,0.98514718,0.96929003,2.356e-05,0.0,0.01281707
2025-08-21 02:00:00+00:00,2889.78,29.36557006,0.98442622,0.96842338,2.082e-05,0.0,0.01346253
2025-08-21 03:00:00+00:00,2920.685,27.96798379,0.98582441,0.9723637,7.47e-06,0.0,0.01218331
2025-08-21 04:00:00+00:00,3016.5125,28.69293226,0.98526767,0.97018666,1.729e-05,0.0,0.0127246
2025-08-21 05:00:00+00:00,3196.135,27.00412451,0.98743984,0.97658494,3.618e-05,0.0,0.01080809
2025-08-21 06:00:00+00:00,3227.68,27.71983444,0.98763395,0.97513627,0.00023408,0.0,0.01060505
2025-08-21 07:00:00+00:00,3192.1375,27.07550957,0.98808743,0.97722829,0.00022013,0.0,0.01015596
2025-08-21 08:00:00+00:00,3227.3825,27.16442534,0.98787219,0.97662816,0.00019287,3.4e-07,0.01034067
2025-08-21 09:00:00+00:00,3242.7575,25.65743712,0.98860641,0.97930243,0.00045438,1.67e-06,0.00956048
2025-08-21 10:00:00+00:00,3181.8925,23.73964701,0.98699615,0.98160095,0.00016054,8.6e-07,0.01109197
2025-08-21 11:00:00+00:00,3217.13,23.52656373,0.98879519,0.98389265,0.00014718,8.1e-07,0.00946301
2025-08-21 12:00:00+00:00,3227.9475,23.38169188,0.98840682,0.98338135,0.00011111,8e-07,0.00983018
2025-08-21 13:00:00+00:00,3261.6325,22.92507055,0.9880858,0.98295208,0.00039012,1.64e-06,0.01004958
2025-08-21 14:00:00+00:00,3310.0475,22.98627491,0.98747034,0.98201101,9.597e-05,1.08e-06,0.01068797
2025-08-21 15:00:00+00:00,3273.4425,23.4311843,0.98714829,0.98136405,0.0,0.0,0.01100287
2025-08-21 16:00:00+00:00,3253.3675,23.32444232,0.98782047,0.98252256,0.0,0.0,0.01044881
2025-08-21 17:00:00+00:00,3229.325,23.55735182,0.98804553,0.98290773,0.0,0.0,0.01024839
2025-08-21 18:00:00+00:00,3214.86,24.55640901,0.98771521,0.98196171,0.0,0.0,0.01053083
2025-08-21 19:00:00+00:00,3203.665,24.93434157,0.98731776,0.98101143,0.00025068,0.0,0.01086167
2025-08-21 20:00:00+00:00,3163.9975,25.14407942,0.9871785,0.98077137,0.00026943,0.0,0.0109641
2025-08-21 21:00:00+00:00,3071.55,25.06006158,0.98724419,0.98101072,0.00026368,0.0,0.01095656
2025-08-21 22:00:00+00:00,2980.9525,25.79366184,0.99455482,0.98764534,0.00032874,0.0,0.00425157
2025-08-21 23:00:00+00:00,2914.2,25.62430162,0.99434874,0.987659,0.00044167,0.0,0.0039483
2025-08-22 00:00:00+00:00,2910.3825,25.65462587,0.9866517,0.97988345,0.00027849,0.0,0.01142797
2025-08-22 01:00:00+00:00,2877.8425,25.45443314,0.98670087,0.97988366,0.00039751,0.0,0.01138397
2025-08-22 02:00:00+00:00,2861.745,25.57947113,0.98670136,0.98013498,0.00026301,0.0,0.01140436
2025-08-22 03:00:00+00:00,2869.795,25.30510221,0.98690873,0.98048735,0.00044075,0.0,0.01119389
2025-08-22 04:00:00+00:00,2972.45,25.04794929,0.98779861,0.98177101,0.00070681,0.0,0.01036489
2025-08-22 05:00:00+00:00,3146.4225,24.81914764,0.9882394,0.98302948,0.00025507,0.0,0.00998798
2025-08-22 06:00:00+00:00,3198.575,24.91144593,0.98854344,0.98362735,0.00015837,1.8e-06,0.00974343
2025-08-22 07:00:00+00:00,3205.1625,25.0087872,0.98828368,0.98303958,0.00014087,8.672e-05,0.00999759
2025-08-22 08:00:00+00:00,3214.14,25.03540353,0.98868185,0.98321278,0.00019157,8.1e-07,0.00955068
2025-08-22 09:00:00+00:00,3217.3325,24.80801453,0.98847607,0.98311564,0.0001173,0.0,0.00953719
2025-08-22 10:00:00+00:00,3165.685,22.5700621,0.98860189,0.98709267,7.247e-05,2.26e-05,0.00837263
2025-08-22 11:00:00+00:00,3139.005,21.46167238,0.98857506,0.98841529,7.607e-05,2.058e-05,0.00767054
2025-08-22 12:00:00+00:00,3145.3025,22.02463018,0.98739806,0.98693321,7.01e-05,2.631e-05,0.00813149
2025-08-22 13:00:00+00:00,3148.4675,21.16081027,0.98880737,0.98858861,9.929e-05,3.214e-05,0.00741568
2025-08-22 14:00:00+00:00,3112.705,23.3959291,0.98957813,0.98467904,0.0,0.0,0.00850178
2025-08-22 15:00:00+00:00,3089.785,25.18249106,0.98970105,0.98162132,0.0,0.0,0.00868177
2025-08-22 16:00:00+00:00,3084.475,25.15126801,0.98957656,0.9820146,0.00024793,3.08e-06,0.0086944
2025-08-22 17:00:00+00:00,3059.865,26.54240683,0.98953923,0.98046029,0.00021274,0.0,0.00880123
2025-08-22 18:00:00+00:00,3053.735,26.99171259,0.98971663,0.9802298,0.000315,0.0,0.00862893
2025-08-22 19:00:00+00:00,3040.1075,27.19337942,0.98924767,0.97986682,0.00016216,7.92e-06,0.00941936
2025-08-22 20:00:00+00:00,3005.6775,28.47252772,0.98792138,0.97590338,0.0002153,0.0,0.01041872
2025-08-22 21:00:00+00:00,2900.065,28.65758709,0.98776416,0.97583402,0.00010941,0.0,0.01083157
2025-08-22 22:00:00+00:00,2917.1275,28.98277704,0.98704498,0.96949088,0.0048264,0.0,0.01169891
2025-08-22 23:00:00+00:00,2864.365,29.8082457,0.98721239,0.96792417,0.00436711,0.0,0.01132247
2025-08-23 00:00:00+00:00,2823.785,29.86905591,0.9866779,0.96745007,0.00365278,0.0,0.01222574
2025-08-23 01:00:00+00:00,2827.13,28.08418972,0.98716954,0.970084,0.00419433,0.0,0.01163998
2025-08-23 02:00:00+00:00,2815.935,27.95874137,0.98736475,0.97035419,0.00461121,0.0,0.01140158
2025-08-23 03:00:00+00:00,2822.665,27.7037432,0.98688654,0.96877468,0.0053846,0.0,0.01174344
2025-08-23 04:00:00+00:00,2832.6775,26.35959169,0.98721755,0.97134026,0.00529516,0.0,0.01163296
2025-08-23 05:00:00+00:00,2892.64,25.874744,0.98695496,0.97158239,0.00539903,0.0,0.0112722
2025-08-23 06:00:00+00:00,2976.845,25.10047516,0.98768378,0.97318269,0.00522724,0.0,0.01051619
2025-08-23 07:00:00+00:00,3081.8575,26.78713494,0.98764706,0.97160029,0.00443132,0.0,0.01054235
2025-08-23 08:00:00+00:00,3110.08,27.09681,0.98752817,0.97016236,0.00446934,0.0,0.01051547
2025-08-23 09:00:00+00:00,3067.0575,24.76317473,0.98852867,0.97528321,0.00443711,0.0,0.0096187
2025-08-23 10:00:00+00:00,3042.825,24.51053736,0.98951792,0.9774745,0.00345553,0.0,0.00866459
2025-08-23 11:00:00+00:00,3013.9425,25.48189859,0.9884482,0.97504148,0.00315503,0.0,0.00958373
2025-08-23 12:00:00+00:00,3009.415,23.95170298,0.98889882,0.97836009,0.002939,2.86e-06,0.00904556
2025-08-23 13:00:00+00:00,3023.685,24.3748486,0.98835145,0.97669965,0.00293817,0.0,0.0093323
2025-08-23 14:00:00+00:00,3043.76,24.78693207,0.98799159,0.97621235,0.00301128,0.0,0.00983256
2025-08-23 15:00:00+00:00,3037.9775,23.8012011,0.98841825,0.97727935,0.00315047,0.0,0.00974706
2025-08-23 16:00:00+00:00,3024.5525,22.71854498,0.98951264,0.98037069,0.00309656,0.0,0.00880336
2025-08-23 17:00:00+00:00,3016.54,21.56063793,0.99071909,0.98346802,0.00299361,0.0,0.00766025
2025-08-23 18:00:00+00:00,2994.9175,24.14211418,0.98848934,0.97616225,0.00330449,0.0,0.00969142
2025-08-23 19:00:00+00:00,2996.7225,25.20530495,0.98772466,0.97428764,0.0034387,0.0,0.01045783
2025-08-23 20:00:00+00:00,2992.56,24.75402449,0.98837459,0.97591897,0.00326049,0.0,0.01004778
2025-08-23 21:00:00+00:00,2955.0175,24.74166672,0.98954863,0.97677078,0.00311045,0.0,0.0090224
2025-08-23 22:00:00+00:00,2890.5675,28.61500397,0.98667001,0.96907697,0.00355534,0.0,0.01186176
2025-08-23 23:00:00+00:00,2857.8325,27.9285399,0.98743911,0.97007864,0.00334721,0.0,0.01112257
2025-08-24 00:00:00+00:00,2848.8,27.15382128,0.98800899,0.97226975,0.00321894,0.0,0.01084636
2025-08-24 01:00:00+00:00,2837.4325,26.42312443,0.98833039,0.97377734,0.00316269,0.0,0.01053474
2025-08-24 02:00:00+00:00,2810.625,27.42255709,0.98698752,0.97115052,0.00335072,0.0,0.01195095
2025-08-24 03:00:00+00:00,2804.7775,27.8856572,0.98696142,0.97034453,0.00337803,0.0,0.01175012
2025-08-24 04:00:00+00:00,2803.3125,27.70129081,0.98826839,0.97178746,0.00327283,0.0,0.01065698
2025-08-24 05:00:00+00:00,2838.29,24.60540313,0.98936474,0.97813262,0.00309037,0.0,0.00984465
2025-08-24 06:00:00+00:00,2904.7175,25.75776221,0.98896182,0.97554645,0.00308647,0.0,0.01017335
2025-08-24 07:00:00+00:00,2997.41,25.73271523,0.98939312,0.97099285,0.00875355,0.0,0.0094299
2025-08-24 08:00:00+00:00,3005.99,25.46365714,0.98911988,0.97662935,0.00311126,0.0,0.00983282
2025-08-24 09:00:00+00:00,2998.12,27.57897936,0.98620335,0.97097211,0.00349505,0.0,0.01164517
2025-08-24 10:00:00+00:00,2991.575,28.56335302,0.98591817,0.96899802,0.00357017,9.66e-06,0.01189236
2025-08-24 11:00:00+00:00,3025.7,28.22019582,0.98663362,0.96963567,0.00357298,5.109e-05,0.01111903
2025-08-24 12:00:00+00:00,3015.8,28.04481996,0.987467,0.97109377,0.00336314,0.0,0.01067267
2025-08-24 13:00:00+00:00,3031.1275,26.78468773,0.98875801,0.97465065,0.00307226,0.0,0.00946177
2025-08-24 14:00:00+00:00,3071.5725,26.13870493,0.98919435,0.9754153,0.00302675,0.0,0.00957011
2025-08-24 15:00:00+00:00,3065.385,26.9151067,0.98895185,0.97453094,0.00323695,0.0,0.00989762
2025-08-24 16:00:00+00:00,3062.475,25.73719107,0.98982942,0.97763629,0.00295988,0.0,0.00903953
2025-08-24 17:00:00+00:00,3058.72,26.628023,0.98796716,0.9750382,0.00328759,0.0,0.01044563
2025-08-24 18:00:00+00:00,3108.835,27.15684852,0.98839454,0.97401904,0.00320116,0.0,0.00988191
2025-08-24 19:00:00+00:00,3130.22,26.48472105,0.98974536,0.97731785,0.00294863,0.0,0.00869088
2025-08-24 20:00:00+00:00,3109.115,26.58964633,0.98842681,0.97584401,0.00307221,0.0,0.00989644
2025-08-24 21:00:00+00:00,3038.955,28.51150266,0.98699825,0.97130713,0.00335904,0.0,0.01125332
2025-08-24 22:00:00+00:00,2962.98,29.6688926,0.98636138,0.96800425,0.00347274,0.0,0.01181009
2025-08-24 23:00:00+00:00,2915.4875,29.78967509,0.98599866,0.96675516,0.00361459,0.0,0.01188988
2025-08-25 00:00:00+00:00,2817.6025,29.38328353,0.99330764,0.97496204,0.00366903,0.0,0.00489527
2025-08-25 01:00:00+00:00,2817.1925,29.15400227,0.99407334,0.97739725,0.00351685,0.0,0.00440491
2025-08-25 02:00:00+00:00,2835.3725,29.62674063,0.99398826,0.97624413,0.00360081,0.0,0.00427838
2025-08-25 03:00:00+00:00,2853.885,28.95470757,0.99422576,0.97816362,0.00355616,0.0,0.00427161
2025-08-25 04:00:00+00:00,2965.3825,27.12815192,0.99538418,0.98099219,0.00590908,0.0,0.00286324
2025-08-25 05:00:00+00:00,3129.1975,25.50962641,0.9956966,0.98363078,0.0074513,0.0,0.00264431
2025-08-25 06:00:00+00:00,3164.02,26.19348501,0.99484779,0.98004721,0.00897693,0.0,0.00325455
2025-08-25 07:00:00+00:00,3176.4875,26.13841589,0.99478848,0.97976256,0.00944126,0.0,0.00309888
2025-08-25 08:00:00+00:00,3137.555,26.2307385,0.99488927,0.98266369,0.00649411,5.55e-06,0.00311245
2025-08-25 09:00:00+00:00,3083.755,25.74880036,0.99475741,0.98529646,0.00469026,5.23e-06,0.00322876
2025-08-25 10:00:00+00:00,3080.72,25.40092279,0.99501527,0.98827566,0.00257183,2.38e-06,0.00298281
2025-08-25 11:00:00+00:00,3071.37,25.92729482,0.99473203,0.98775704,0.00160576,0.0,0.00300239
2025-08-25 12:00:00+00:00,3040.4225,26.07579638,0.99361914,0.98581323,0.00182859,9.65e-06,0.00407572
2025-08-25 13:00:00+00:00,3042.7725,27.72963016,0.99384372,0.98284919,0.00187983,8.3e-07,0.00417228
2025-08-25 14:00:00+00:00,3065.88,30.60680386,0.99313085,0.97468856,0.00330402,8.81e-06,0.00464067
2025-08-25 15:00:00+00:00,3039.62,30.22028139,0.99381168,0.97343219,0.0062142,3.29e-06,0.00414528
2025-08-25 16:00:00+00:00,3035.145,30.36112717,0.99396939,0.97117457,0.00827363,1.29e-06,0.00397495
2025-08-25 17:00:00+00:00,3051.7125,30.15200578,0.99334271,0.9719319,0.00681761,0.0,0.00393416
2025-08-25 18:00:00+00:00,3086.12,30.11112574,0.9934048,0.97174244,0.00784603,0.0,0.00423151
2025-08-25 19:00:00+00:00,3127.7375,29.87024128,0.99448232,0.9715517,0.00980114,0.0,0.00334088
2025-08-25 20:00:00+00:00,3077.0175,30.1840315,0.99387907,0.96955155,0.01061479,0.0,0.00393574
2025-08-25 21:00:00+00:00,2981.2225,30.8282899,0.99352373,0.96758343,0.01083611,2e-08,0.00427115
2025-08-25 22:00:00+00:00,2891.5675,28.77271299,0.99477726,0.97761999,0.00650411,2.87e-06,0.00397356
2025-08-25 23:00:00+00:00,2843.29,28.91678452,0.99406236,0.9789703,0.00409316,1.03e-06,0.00410168
2025-08-26 00:00:00+00:00,2831.38,28.3440307,0.9938059,0.97654671,0.00710725,0.0,0.00395604
2025-08-26 01:00:00+00:00,2826.995,28.09686004,0.99405678,0.97542632,0.00846868,0.0,0.00376463
2025-08-26 02:00:00+00:00,2825.44,28.62335739,0.99342227,0.97381752,0.0082879,0.0,0.00434634
2025-08-26 03:00:00+00:00,2865.395,28.46191033,0.99359288,0.97465464,0.00802074,0.0,0.00424158
2025-08-26 04:00:00+00:00,3010.6075,27.60774981,0.99434739,0.97490367,0.01028313,0.0,0.00361571
2025-08-26 05:00:00+00:00,3184.97,27.16244799,0.9947948,0.97134077,0.01504692,2.27e-06,0.0032448
2025-08-26 06:00:00+00:00,3234.7275,27.47013639,0.99436092,0.97477976,0.01030061,1.37e-06,0.00361271
2025-08-26 07:00:00+00:00,3226.5325,27.47074345,0.98904155,0.97231456,0.00750161,0.0,0.01054058
2025-08-26 08:00:00+00:00,3196.935,27.38654204,0.98923096,0.97290994,0.00746376,0.0,0.01025262
2025-08-26 09:00:00+00:00,3141.7825,27.87616379,0.98956852,0.97201266,0.00793804,4.57e-06,0.01023669
2025-08-26 10:00:00+00:00,3093.86,28.19507997,0.98661543,0.96809194,0.00841727,9.73e-06,0.01129034
2025-08-26 11:00:00+00:00,3065.1125,27.66008293,0.9873357,0.96724212,0.01094981,1.913e-05,0.01051176
2025-08-26 12:00:00+00:00,3089.82,28.3152376,0.9869811,0.96920996,0.00759536,4.32e-06,0.01078235
2025-08-26 13:00:00+00:00,3091.0875,28.46565883,0.98622949,0.96827779,0.00741672,3.57e-06,0.01133689
2025-08-26 14:00:00+00:00,3199.0375,27.6598903,0.98695471,0.97174199,0.00584107,0.0,0.01066884
2025-08-26 15:00:00+00:00,3026.585,27.23665906,0.9875938,0.96637206,0.0124075,3.738e-05,0.01006314
2025-08-26 16:00:00+00:00,3003.655,27.39021534,0.98745971,0.96568174,0.01301915,6e-07,0.01009041
2025-08-26 17:00:00+00:00,3173.4625,27.44104364,0.98747146,0.96320594,0.01524872,1.2e-07,0.01019644
2025-08-26 18:00:00+00:00,3133.0375,27.29103971,0.98716092,0.96225657,0.01563626,0.0,0.01045535
2025-08-26 19:00:00+00:00,3148.1075,27.15149701,0.98719629,0.96107763,0.01717542,0.0,0.01058839
2025-08-26 20:00:00+00:00,3097.5025,27.50590895,0.98668474,0.95956144,0.01752949,0.0,0.01109822
2025-08-26 21:00:00+00:00,3005.0125,27.71899674,0.98650525,0.95860641,0.01798247,0.0,0.01128086
2025-08-26 22:00:00+00:00,2832.9275,28.1280359,0.99448933,0.9681469,0.01582067,2.1e-07,0.00394573
2025-08-26 23:00:00+00:00,2789.455,28.77665668,0.99374528,0.96796012,0.01415134,3.28e-06,0.00435028
2025-08-27 00:00:00+00:00,2803.9725,28.63343573,0.9854722,0.96152528,0.01296074,6.73e-06,0.01212627
2025-08-27 01:00:00+00:00,2810.2425,28.80731777,0.98535566,0.96088338,0.0131962,6.37e-06,0.01218852
2025-08-27 02:00:00+00:00,2822.3775,28.89072234,0.98513097,0.95836007,0.01538991,6.27e-06,0.01243925
2025-08-27 03:00:00+00:00,2860.86,29.52065764,0.98456749,0.95748524,0.01447552,0.0,0.01297171
2025-08-27 04:00:00+00:00,2953.34,29.22446871,0.98504054,0.96081951,0.01234322,0.0,0.01256537
2025-08-27 05:00:00+00:00,3106.5175,28.63488563,0.98588824,0.96251934,0.01281114,0.0,0.01175332
2025-08-27 06:00:00+00:00,2959.7275,28.30854337,0.98573594,0.96137581,0.01444571,1.2e-07,0.01180068
2025-08-27 07:00:00+00:00,2955.6925,28.03932494,0.98631527,0.96329703,0.01363023,1e-08,0.01131451
2025-08-27 08:00:00+00:00,2952.5375,28.32662945,0.98690974,0.96693167,0.0100084,6.1e-07,0.01057456
2025-08-27 09:00:00+00:00,2924.805,28.14125261,0.98787806,0.96920348,0.00913096,0.0,0.00957003
2025-08-27 10:00:00+00:00,2885.0375,28.49706007,0.98698386,0.96739993,0.0091635,0.0,0.01060009
2025-08-27 11:00:00+00:00,2843.2625,28.81471838,0.98636714,0.96416274,0.01096429,8.18e-06,0.01085696
2025-08-27 12:00:00+00:00,2849.8825,28.90464838,0.98636748,0.9652595,0.00969368,0.0,0.01104022
2025-08-27 13:00:00+00:00,2848.7475,28.56154906,0.98613993,0.97035134,0.00521478,3e-08,0.01108815
2025-08-27 14:00:00+00:00,2872.8125,28.24976505,0.98696388,0.97091831,0.00614265,4.71e-06,0.01049799
2025-08-27 15:00:00+00:00,2910.605,28.42267051,0.9870664,0.96452731,0.01244909,4.3e-07,0.0105361
2025-08-27 16:00:00+00:00,2928.985,28.15863599,0.98633711,0.96261643,0.01419172,8e-08,0.01127497
2025-08-27 17:00:00+00:00,2957.91,27.98352578,0.98665206,0.96313227,0.01436745,0.0,0.01100437
2025-08-27 18:00:00+00:00,2952.825,27.8210037,0.98693828,0.96337781,0.01466342,0.0,0.01070614
2025-08-27 19:00:00+00:00,2968.995,27.93988784,0.98637802,0.96279745,0.01423063,0.0,0.01128893
2025-08-27 20:00:00+00:00,2930.7625,28.2724854,0.98615724,0.96254879,0.01355082,0.0,0.01166221
2025-08-27 21:00:00+00:00,2876.71,28.59197921,0.98584574,0.96099276,0.01422865,0.0,0.01219753
2025-08-27 22:00:00+00:00,2716.5875,29.2186499,0.99083414,0.96621426,0.01269293,0.0,0.00803491
2025-08-27 23:00:00+00:00,2640.1675,29.01618872,0.99330006,0.97320997,0.00852072,0.0,0.00478647
2025-08-28 00:00:00+00:00,2690.355,29.27267107,0.98416855,0.9621764,0.01004847,0.0,0.01325695
2025-08-28 01:00:00+00:00,2723.51,29.19107663,0.9846099,0.96062987,0.01216835,0.0,0.01309119
2025-08-28 02:00:00+00:00,2776.225,29.15658561,0.98471296,0.96099964,0.01182912,0.0,0.01292159
2025-08-28 03:00:00+00:00,2823.4875,28.78900162,0.98521682,0.96102798,0.01305321,0.0,0.01231771
2025-08-28 04:00:00+00:00,2929.29,28.05109528,0.985861,0.96324744,0.0124412,0.0,0.01179203
2025-08-28 05:00:00+00:00,3102.14,27.07524659,0.98701175,0.96472412,0.01353281,0.0,0.01073988
2025-08-28 06:00:00+00:00,3139.075,27.06099668,0.98727877,0.96570201,0.01314125,0.0,0.0105117
2025-08-28 07:00:00+00:00,3150.3425,27.21387248,0.98739529,0.966056,0.0128525,0.0,0.01046424
2025-08-28 08:00:00+00:00,3119.89,27.54461746,0.98700727,0.96487885,0.01325329,3e-08,0.01076931
2025-08-28 09:00:00+00:00,3088.945,27.91440785,0.9874021,0.96464289,0.01336042,3.8e-07,0.01029556
2025-08-28 10:00:00+00:00,3066.7625,28.00048761,0.98731996,0.96160813,0.01620709,0.0,0.01045915
2025-08-28 11:00:00+00:00,3041.8475,27.66960373,0.98715366,0.96116284,0.01708618,2e-08,0.01041539
2025-08-28 12:00:00+00:00,3037.13,27.83239573,0.98703432,0.9604188,0.01747362,0.0,0.01055927
2025-08-28 13:00:00+00:00,3094.8625,27.97487198,0.98688037,0.96032724,0.01725902,7e-07,0.01072392
2025-08-28 14:00:00+00:00,3090.3225,27.99398753,0.98641994,0.96004679,0.01707735,8e-07,0.01123998
2025-08-28 15:00:00+00:00,3048.545,27.98493999,0.98671522,0.96059095,0.01696041,9e-07,0.01091665
2025-08-28 16:00:00+00:00,3054.5625,28.76134659,0.98543167,0.95578093,0.01867642,6.9e-07,0.01204687
2025-08-28 17:00:00+00:00,3095.5,29.78499445,0.98587518,0.95381961,0.0187,0.0,0.01168129
2025-08-28 18:00:00+00:00,3125.775,29.44981085,0.98587469,0.95706785,0.01580986,0.0,0.01172942
2025-08-28 19:00:00+00:00,3125.845,28.92761766,0.98654653,0.95943051,0.01460817,0.0,0.01145535
2025-08-28 20:00:00+00:00,3092.3,28.28158314,0.98704251,0.9611465,0.01414585,0.0,0.01077647
2025-08-28 21:00:00+00:00,3016.9275,28.04765575,0.98735247,0.96276093,0.01263126,0.0,0.01064004
2025-08-28 22:00:00+00:00,2860.83,27.43813291,0.99542692,0.9728087,0.01177214,0.0,0.0031109
2025-08-28 23:00:00+00:00,2799.55,26.86664791,0.99517527,0.97377274,0.01135249,0.0,0.00291032
2025-08-29 00:00:00+00:00,2820.14,26.252566,0.98774858,0.96766207,0.01118258,0.0,0.00989611
2025-08-29 01:00:00+00:00,2805.945,25.37207099,0.98823925,0.96965599,0.01073009,0.0,0.00948415
2025-08-29 02:00:00+00:00,2813.7025,24.60536695,0.98854013,0.97111483,0.01062769,0.0,0.00920519
2025-08-29 03:00:00+00:00,2840.565,24.38472426,0.98851257,0.97123253,0.01049105,0.0,0.00924736
2025-08-29 04:00:00+00:00,2958.495,23.26197343,0.98938315,0.9677885,0.01635239,0.0,0.0083753
2025-08-29 05:00:00+00:00,3123.645,22.15378725,0.98991791,0.96933392,0.01714124,0.0,0.00795477
2025-08-29 06:00:00+00:00,3187.0825,22.16666749,0.99023308,0.9720961,0.01522954,7e-08,0.00771267
2025-08-29 07:00:00+00:00,3145.67,22.17190266,0.98993922,0.97394423,0.01286816,5.1e-07,0.00782767
2025-08-29 08:00:00+00:00,3156.625,22.65204429,0.98951508,0.97227171,0.01307751,9.03e-06,0.00822606
2025-08-29 09:00:00+00:00,3140.94,22.8236171,0.989682,0.97240833,0.01299373,2.921e-05,0.00789567
2025-08-29 10:00:00+00:00,3128.465,22.81679282,0.98960347,0.97193484,0.01297806,2.92e-06,0.00833057
2025-08-29 11:00:00+00:00,3126.91,22.97098113,0.98961926,0.97157956,0.01281377,5.4e-07,0.00838058
2025-08-29 12:00:00+00:00,3122.17,23.56147998,0.98899107,0.97186212,0.0103386,8.4e-07,0.00898349
2025-08-29 13:00:00+00:00,3130.09,24.16416012,0.98840902,0.9706144,0.00997949,7.5e-07,0.00948555
2025-08-29 14:00:00+00:00,3132.2875,25.79321447,0.98851885,0.96718294,0.01179169,0.0,0.00952331
2025-08-29 15:00:00+00:00,3143.3175,24.85293101,0.98995207,0.97262849,0.00998554,0.0,0.0082611
2025-08-29 16:00:00+00:00,3106.265,25.48232484,0.98940008,0.9711374,0.01036811,0.0,0.0087533
2025-08-29 17:00:00+00:00,3084.67,24.56743179,0.98993749,0.97293915,0.01037502,0.0,0.00824364
2025-08-29 18:00:00+00:00,3087.2225,23.65585241,0.990177,0.97356046,0.01060632,0.0,0.00800376
2025-08-29 19:00:00+00:00,3090.7875,23.21442339,0.99084078,0.97375257,0.01183409,0.0,0.00766417
2025-08-29 20:00:00+00:00,3044.625,24.20637796,0.99046879,0.97029753,0.0134898,0.0,0.00809032
2025-08-29 21:00:00+00:00,2948.6625,23.82880478,0.99067535,0.97037679,0.01402857,0.0,0.00795616
2025-08-29 22:00:00+00:00,2860.0275,24.11485303,0.9897445,0.96911179,0.01346945,0.0,0.00884987
2025-08-29 23:00:00+00:00,2867.4275,23.60704405,0.9898696,0.97049356,0.01325293,0.0,0.00825617
2025-08-30 00:00:00+00:00,2842.6925,23.99049188,0.98955257,0.96896808,0.01367705,0.0,0.00867372
2025-08-30 01:00:00+00:00,2816.2275,24.55567882,0.98951688,0.96872244,0.01342172,0.0,0.00865428
2025-08-30 02:00:00+00:00,2798.6725,24.90087109,0.98992928,0.96853113,0.01339138,0.0,0.00830427
2025-08-30 03:00:00+00:00,2792.9625,24.84936704,0.98920346,0.9681822,0.01370943,0.0,0.0088137
2025-08-30 04:00:00+00:00,2800.175,25.15277978,0.98912681,0.96801798,0.01352542,0.0,0.00904058
2025-08-30 05:00:00+00:00,2846.2225,25.69881276,0.98865255,0.96672868,0.01375532,0.0,0.00931704
2025-08-30 06:00:00+00:00,2934.45,25.43703492,0.98935233,0.96910454,0.0131034,0.0,0.00872723
2025-08-30 07:00:00+00:00,2984.9875,25.92568934,0.98914088,0.96826174,0.01288286,0.0,0.00896388
2025-08-30 08:00:00+00:00,3008.1975,26.95071712,0.98779775,0.96413549,0.01270458,0.0,0.01022947
2025-08-30 09:00:00+00:00,3003.65,26.72369223,0.98803336,0.96417097,0.01289787,0.0,0.0102361
2025-08-30 10:00:00+00:00,2964.0025,26.36916177,0.9886806,0.96526389,0.0129751,0.0,0.00957766
2025-08-30 11:00:00+00:00,2948.0825,26.00517468,0.98834313,0.96520413,0.01323366,0.0,0.00988108
2025-08-30 12:00:00+00:00,2973.2525,25.70416778,0.98841537,0.96611253,0.01290055,0.0,0.00985107
2025-08-30 13:00:00+00:00,2951.5175,25.50820599,0.98907296,0.96798317,0.01243225,0.0,0.00925152
2025-08-30 14:00:00+00:00,2938.6975,25.94520388,0.98851165,0.96519061,0.01338745,0.0,0.00966265
2025-08-30 15:00:00+00:00,2948.5675,24.99094773,0.98922087,0.969488,0.01237834,0.0,0.0088454
2025-08-30 16:00:00+00:00,2942.885,24.10821588,0.98982772,0.97100772,0.01320035,0.0,0.00824727
2025-08-30 17:00:00+00:00,2948.135,23.02331864,0.99066159,0.9737153,0.0130382,1.37e-06,0.0074506
2025-08-30 18:00:00+00:00,2949.105,22.85277004,0.99040131,0.97294367,0.01324311,5.46e-06,0.00769414
2025-08-30 19:00:00+00:00,2946.36,22.37944604,0.99046044,0.97331244,0.01330931,5e-06,0.00764567
2025-08-30 20:00:00+00:00,2908.8075,22.28788238,0.99031968,0.97271204,0.01343752,3.06e-06,0.00783223
2025-08-30 21:00:00+00:00,2876.6175,22.56655933,0.99073739,0.97346218,0.0122743,3.2e-07,0.00744977
2025-08-30 22:00:00+00:00,2864.43,23.47584788,0.99006137,0.97276314,0.01016893,1.89e-05,0.00812153
2025-08-30 23:00:00+00:00,2823.8125,23.80594788,0.98969398,0.97113046,0.0108309,2.225e-05,0.00849295
2025-08-31 00:00:00+00:00,2738.825,23.65810627,0.98991297,0.97104256,0.01164387,2.249e-05,0.0084449
2025-08-31 01:00:00+00:00,2760.67,24.20337497,0.99011123,0.97108764,0.01114585,2.291e-05,0.00863791
2025-08-31 02:00:00+00:00,2754.0825,24.28965112,0.98991832,0.97079258,0.01110852,2.311e-05,0.00868603
2025-08-31 03:00:00+00:00,2706.97,24.03975787,0.98982037,0.97192723,0.01105638,1.791e-05,0.0085502
2025-08-31 04:00:00+00:00,2689.3125,24.51979509,0.98971613,0.97052408,0.01158784,0.0,0.00895097
2025-08-31 05:00:00+00:00,2736.7225,25.0080938,0.98957644,0.96883283,0.01182552,3.487e-05,0.00939422
2025-08-31 06:00:00+00:00,2804.3925,25.82606396,0.98939467,0.96696485,0.01214676,0.0,0.00954033
2025-08-31 07:00:00+00:00,2879.7075,26.95650697,0.98798887,0.96246452,0.01271772,8.363e-05,0.01052784
2025-08-31 08:00:00+00:00,2925.74,27.18169533,0.98737937,0.96337609,0.01086176,8.114e-05,0.01117969
2025-08-31 09:00:00+00:00,2920.4375,27.50132383,0.98754374,0.96359361,0.01078194,6.831e-05,0.01104429
2025-08-31 10:00:00+00:00,2932.6175,27.48561823,0.98753662,0.96333623,0.01088222,5.62e-05,0.01125831
2025-08-31 11:00:00+00:00,2927.64,27.76244335,0.98733239,0.96368175,0.01039338,5.052e-05,0.01123797
2025-08-31 12:00:00+00:00,2918.3775,27.66355272,0.98750521,0.96465897,0.00985375,4.305e-05,0.01106877
2025-08-31 13:00:00+00:00,2909.93,27.40338391,0.98765759,0.96527621,0.0099695,4.167e-05,0.01054174
2025-08-31 14:00:00+00:00,2985.1825,28.15298227,0.98667143,0.961703,0.01048006,0.0,0.01159358
2025-08-31 15:00:00+00:00,2994.4775,27.19031756,0.98890609,0.96613263,0.01112868,3.762e-05,0.00962743
2025-08-31 16:00:00+00:00,2997.8875,26.37485236,0.98932822,0.96746705,0.01204009,4.528e-05,0.00924794
2025-08-31 17:00:00+00:00,3002.2275,25.93117405,0.99001043,0.96819691,0.01304196,3.548e-05,0.00849728
2025-08-31 18:00:00+00:00,3007.25,26.17309243,0.98932151,0.96685811,0.01367122,1.237e-05,0.00886384
2025-08-31 19:00:00+00:00,3027.375,26.46496096,0.98974422,0.96784846,0.01355876,0.0,0.00848109
2025-08-31 20:00:00+00:00,2957.19,26.96414585,0.9895867,0.96730196,0.01328347,0.0,0.00856442
2025-08-31 21:00:00+00:00,2918.4575,27.16017854,0.9888811,0.96841274,0.01110423,0.0,0.00916171
2025-08-31 22:00:00+00:00,2833.9075,28.99066902,0.98712016,0.96532334,0.00886907,0.0,0.01079941
2025-08-31 23:00:00+00:00,2806.435,29.25693606,0.98752628,0.96643379,0.0082874,0.0,0.01028424
2025-09-01 00:00:00+00:00,2772.79,29.05131676,0.9945442,0.97413187,0.00828266,0.0,0.00330883
2025-09-01 01:00:00+00:00,2779.575,29.22164054,0.99440409,0.97394315,0.00805097,0.0,0.00341503
2025-09-01 02:00:00+00:00,2775.155,29.64619862,0.99389335,0.9727593,0.00755335,0.0,0.00390259
2025-09-01 03:00:00+00:00,2803.5325,28.22990304,0.99483675,0.97613454,0.00762889,0.0,0.00304293
2025-09-01 04:00:00+00:00,2902.87,27.71033771,0.99495756,0.97506283,0.00911828,0.0,0.00302607
2025-09-01 05:00:00+00:00,3078.1525,27.56986372,0.99474954,0.97704064,0.00608823,3.156e-05,0.00315692
2025-09-01 06:00:00+00:00,3145.575,27.01260801,0.99472657,0.97708637,0.00606453,4.784e-05,0.00313126
2025-09-01 07:00:00+00:00,3152.3525,26.6040161,0.99506412,0.98041657,0.00380974,3.661e-05,0.00279489
2025-09-01 08:00:00+00:00,3163.1125,26.47555395,0.99523561,0.98076639,0.00372565,2.876e-05,0.0026239
2025-09-01 09:00:00+00:00,3177.5475,27.11721731,0.99428517,0.97821229,0.00388714,0.0,0.00348257
2025-09-01 10:00:00+00:00,3210.7425,26.88407091,0.98758725,0.97056004,0.00406659,0.0,0.01027156
2025-09-01 11:00:00+00:00,3202.66,26.63537456,0.98734209,0.97074372,0.00356113,1e-07,0.01021954
2025-09-01 12:00:00+00:00,3210.575,26.32919311,0.98880605,0.97174962,0.00383786,0.0,0.00900796
2025-09-01 13:00:00+00:00,3219.0175,25.53906394,0.98903056,0.9746088,0.00265104,1.005e-05,0.00939765
2025-09-01 14:00:00+00:00,3225.6825,24.0415888,0.99049956,0.97796835,0.00372992,8.05e-06,0.00827324
2025-09-01 15:00:00+00:00,3188.9275,23.75476992,0.99053344,0.97545831,0.00707292,6.31e-06,0.00824982
2025-09-01 16:00:00+00:00,3181.7775,23.7988364,0.99071175,0.97676853,0.00611113,8.08e-06,0.00818256
2025-09-01 17:00:00+00:00,3172.5875,23.45003209,0.99033841,0.97595397,0.00730347,1.444e-05,0.00809016
2025-09-01 18:00:00+00:00,3180.6175,23.51193954,0.99009075,0.97656901,0.00636719,1.688e-05,0.00814291
2025-09-01 19:00:00+00:00,3168.045,23.18519435,0.99011777,0.97667662,0.00715717,0.0,0.00796676
2025-09-01 20:00:00+00:00,3094.4325,23.04701354,0.99006824,0.97873858,0.00505771,0.0,0.00810356
2025-09-01 21:00:00+00:00,2999.885,23.01518855,0.99015386,0.97988321,0.00393604,0.0,0.00794018
2025-09-01 22:00:00+00:00,2886.385,23.31422456,0.99715366,0.98701656,0.00257441,0.0,0.00206758
2025-09-01 23:00:00+00:00,2850.0325,23.59253287,0.99661351,0.98707209,0.00182164,0.0,0.00214846
2025-09-02 00:00:00+00:00,2847.915,23.21919229,0.98982038,0.97970854,0.00344659,0.0,0.00841954
2025-09-02 01:00:00+00:00,2815.26,23.14437624,0.99024128,0.98006962,0.00387244,0.0,0.00819967
2025-09-02 02:00:00+00:00,2822.0825,24.4481463,0.98956571,0.9776798,0.00392005,0.0,0.00890643
2025-09-02 03:00:00+00:00,2858.5375,26.11383362,0.98908748,0.97634199,0.00288327,0.0,0.00934986
2025-09-02 04:00:00+00:00,2959.3675,26.72922023,0.98845263,0.97386224,0.00384358,0.0,0.00935517
2025-09-02 05:00:00+00:00,3129.0325,27.15591888,0.98817557,0.97484518,0.00167273,0.0,0.00962607
2025-09-02 06:00:00+00:00,3153.8075,28.08772204,0.9868661,0.97144734,0.00168492,0.0,0.01083599
2025-09-02 07:00:00+00:00,3194.3075,28.22097659,0.98735214,0.97174599,0.00153458,0.0,0.01049246
2025-09-02 08:00:00+00:00,3202.8125,28.06084195,0.98761745,0.97155555,0.00206567,0.0,0.00997465
2025-09-02 09:00:00+00:00,3179.7825,27.84538323,0.98800514,0.9717173,0.00218822,0.0,0.00959827
2025-09-02 10:00:00+00:00,3180.49,26.93524495,0.98762419,0.97227547,0.00227487,0.0,0.00991235
2025-09-02 11:00:00+00:00,3158.2725,27.27365388,0.9869006,0.97063136,0.00220542,0.0,0.01025365
2025-09-02 12:00:00+00:00,3153.4225,27.2567902,0.98722736,0.97167303,0.00178466,0.0,0.01034643
2025-09-02 13:00:00+00:00,3175.785,27.82973419,0.98694564,0.97149744,0.0016659,0.0,0.01079318
2025-09-02 14:00:00+00:00,3200.84,27.69675799,0.98768145,0.97058632,0.00453063,0.0,0.01001205
2025-09-02 15:00:00+00:00,3158.825,27.44214676,0.98813862,0.97097049,0.00540727,0.0,0.00959861
2025-09-02 16:00:00+00:00,3137.3775,27.40690369,0.9879225,0.97052428,0.00572721,0.0,0.00974594
2025-09-02 17:00:00+00:00,3130.045,27.26540339,0.98773485,0.970545,0.00563201,0.0,0.00995317
2025-09-02 18:00:00+00:00,3139.5025,26.95371593,0.98816097,0.97149613,0.0055642,0.0,0.00960292
2025-09-02 19:00:00+00:00,3125.9225,26.69726125,0.98913676,0.97288035,0.00564035,0.0,0.00931269
2025-09-02 20:00:00+00:00,3076.475,25.91005613,0.98932075,0.97417777,0.00540635,0.0,0.00904879
2025-09-02 21:00:00+00:00,2991.8225,25.84898396,0.98885477,0.9764172,0.00177801,0.0,0.00950724
2025-09-02 22:00:00+00:00,2830.935,25.5800286,0.99598629,0.98193099,0.00378842,0.0,0.00288198
2025-09-02 23:00:00+00:00,2776.3325,25.20067443,0.99542326,0.98126297,0.00408322,0.0,0.00306187
2025-09-03 00:00:00+00:00,2779.2925,24.61511028,0.98827554,0.97504821,0.00400888,0.0,0.00956048
2025-09-03 01:00:00+00:00,2772.0225,24.92224389,0.98815192,0.9737995,0.00400523,0.0,0.01005193
2025-09-03 02:00:00+00:00,2756.915,24.42191111,0.98832403,0.97474857,0.00426959,0.0,0.00974891
2025-09-03 03:00:00+00:00,2765.825,24.49987132,0.9878201,0.97359228,0.00435213,0.0,0.01017846
2025-09-03 04:00:00+00:00,2843.945,24.03363569,0.98785753,0.97796359,0.00143023,0.0,0.00976851
2025-09-03 05:00:00+00:00,3022.2225,26.11770147,0.98803287,0.97609572,0.00141644,0.0,0.00971335
2025-09-03 06:00:00+00:00,3056.6625,26.15135616,0.98835286,0.97450027,0.00339681,0.0,0.00948477
2025-09-03 07:00:00+00:00,3031.7625,27.46145457,0.98733462,0.97128752,0.00351601,0.0,0.01046142
2025-09-03 08:00:00+00:00,3084.2175,29.92343113,0.98684304,0.96974059,0.00016525,0.0,0.01046334
2025-09-03 09:00:00+00:00,3055.175,29.80382176,0.98889865,0.97176155,0.00122011,0.0,0.00805663
2025-09-03 10:00:00+00:00,3042.135,28.93669753,0.98681454,0.96965469,0.00293345,0.0,0.01005795
2025-09-03 11:00:00+00:00,3044.7525,29.51066005,0.98422531,0.96839802,0.00041414,0.0,0.01156179
2025-09-03 12:00:00+00:00,3027.3125,29.96534994,0.98419508,0.96770208,0.0004285,0.00067055,0.01170953
2025-09-03 13:00:00+00:00,3010.0625,29.81443206,0.98578952,0.96819853,0.00290894,0.0002288,0.0117133
2025-09-03 14:00:00+00:00,2995.9575,29.32499186,0.98637782,0.97106248,0.00148532,0.00011457,0.01089775
2025-09-03 15:00:00+00:00,2983.52,28.87935383,0.98780196,0.9726372,0.00280478,0.0,0.0100475
2025-09-03 16:00:00+00:00,3042.0225,28.03866387,0.98811619,0.97198088,0.00502177,0.0,0.00975789
2025-09-03 17:00:00+00:00,3050.3525,27.461827,0.98782998,0.97156029,0.00524045,0.0,0.0098963
2025-09-03 18:00:00+00:00,3059.5975,26.19049071,0.98833316,0.97267877,0.00552303,0.0,0.00943076
2025-09-03 19:00:00+00:00,3000.32,25.12602997,0.98902665,0.97846006,0.00079009,0.0,0.00950367
2025-09-03 20:00:00+00:00,2954.5525,24.40316136,0.98908494,0.97871981,0.00091796,0.0,0.00933948
2025-09-03 21:00:00+00:00,2874.8825,25.96219216,0.987136,0.97288964,0.00096418,0.0,0.01111186
2025-09-03 22:00:00+00:00,2791.255,24.77724916,0.99563433,0.98312782,1.631e-05,0.0,0.00358774
2025-09-03 23:00:00+00:00,2719.8525,24.34970795,0.99500181,0.98325129,0.0,1.095e-05,0.0034626
2025-09-04 00:00:00+00:00,2728.635,24.91683748,0.98676513,0.97456588,0.0,0.0,0.0110383
2025-09-04 01:00:00+00:00,2723.985,24.4175064,0.98662323,0.97512766,0.0,0.0,0.01103511
2025-09-04 02:00:00+00:00,2724.8925,23.36247298,0.98690074,0.97649117,0.0,0.0,0.01076116
2025-09-04 03:00:00+00:00,2794.465,22.41947235,0.98792937,0.97951625,0.0,0.0,0.00950645
2025-09-04 04:00:00+00:00,2900.2,22.29910042,0.98880374,0.98154326,0.0,0.0,0.00873018
2025-09-04 05:00:00+00:00,3062.795,21.96235789,0.98956009,0.98335716,1.773e-05,0.0,0.0081933
2025-09-04 06:00:00+00:00,3124.5125,22.51705527,0.98912467,0.98066727,0.00141297,0.0,0.00858334
2025-09-04 07:00:00+00:00,3055.93,23.16494489,0.98890815,0.97929985,0.00160575,0.0,0.0087389
2025-09-04 08:00:00+00:00,3142.44,24.18550223,0.98692138,0.97568124,7.09e-06,0.0,0.01005946
2025-09-04 09:00:00+00:00,3144.51,23.24026886,0.98799033,0.97890645,0.0,0.0,0.00909965
2025-09-04 10:00:00+00:00,3137.465,23.52960038,0.98733107,0.97596277,0.00205552,0.0,0.00985063
2025-09-04 11:00:00+00:00,3134.65,24.1463354,0.98746029,0.97483318,0.0026006,0.0,0.00968015
2025-09-04 12:00:00+00:00,3053.1525,24.48346103,0.98692147,0.97464884,0.00079022,0.0,0.01028011
2025-09-04 13:00:00+00:00,3053.0625,24.37599344,0.98779085,0.97743154,0.00082387,0.0,0.01014306
2025-09-04 14:00:00+00:00,3038.1875,24.33985819,0.98861617,0.97805661,0.00196342,0.0,0.00957626
2025-09-04 15:00:00+00:00,3019.1225,24.77059469,0.98907291,0.97858273,0.00158532,0.0,0.00928838
2025-09-04 16:00:00+00:00,2997.8025,24.90991022,0.98858185,0.97748378,0.00223464,0.0,0.00959152
2025-09-04 17:00:00+00:00,3001.3525,24.88645952,0.98873344,0.97753599,0.00241732,0.0,0.0096461
2025-09-04 18:00:00+00:00,3037.72,25.06600233,0.98915058,0.97821892,0.00241276,0.0,0.0092252
2025-09-04 19:00:00+00:00,3009.2625,25.06353972,0.98971852,0.9802325,0.00102031,0.0,0.00926164
2025-09-04 20:00:00+00:00,2966.035,25.56664714,0.98913969,0.97925599,0.000934,0.0,0.00932417
2025-09-04 21:00:00+00:00,2870.095,26.34764631,0.98907384,0.97864871,0.00068899,0.0,0.00977901
2025-09-04 22:00:00+00:00,2782.6025,26.25416084,0.99689227,0.98541556,0.00283282,0.0,0.00270806
2025-09-04 23:00:00+00:00,2715.1125,27.09851517,0.99634187,0.98388525,0.00283554,0.0,0.00295182
2025-09-05 00:00:00+00:00,2715.785,27.53937881,0.98860149,0.97598057,0.00281039,0.0,0.00985991
2025-09-05 01:00:00+00:00,2706.325,27.8722483,0.98832719,0.97567545,0.00280351,0.0,0.01000115
2025-09-05 02:00:00+00:00,2714.19,27.96374422,0.98833965,0.97561118,0.00280039,0.0,0.00976369
2025-09-05 03:00:00+00:00,2736.12,28.59339653,0.9879506,0.9740526,0.00235913,0.0,0.01031471
2025-09-05 04:00:00+00:00,2823.3325,28.77882572,0.98796798,0.97384186,0.00243992,0.0,0.01009668
2025-09-05 05:00:00+00:00,2981.9925,28.35788326,0.98814504,0.97434902,0.00283472,0.0,0.00976324
2025-09-05 06:00:00+00:00,3071.6175,28.32162181,0.98818952,0.97457465,0.00278995,0.0,0.0097142
2025-09-05 07:00:00+00:00,3098.5425,27.99492508,0.98862894,0.97577353,0.00272563,0.0,0.00941873
2025-09-05 08:00:00+00:00,3058.82,28.33549355,0.98887795,0.97537621,0.00264016,0.0,0.00934334
2025-09-05 09:00:00+00:00,3037.19,28.51320979,0.9891354,0.97560532,0.00230089,0.0,0.00908472
2025-09-05 10:00:00+00:00,3028.2775,28.60567296,0.98817816,0.97455357,0.00226179,0.0,0.00978469
2025-09-05 11:00:00+00:00,3048.4975,29.01445421,0.98819251,0.97372937,0.00237778,0.0,0.00989216
2025-09-05 12:00:00+00:00,3060.3525,29.28689826,0.98797496,0.97292854,0.00250111,0.0,0.01012058
2025-09-05 13:00:00+00:00,3073.045,28.79775468,0.98829307,0.97179251,0.00537876,0.0,0.00998958
2025-09-05 14:00:00+00:00,3076.645,28.94954775,0.98859406,0.96734946,0.00995668,0.0,0.00975008
2025-09-05 15:00:00+00:00,3062.02,29.00285109,0.98899517,0.966257,0.01134694,0.0,0.00938929
2025-09-05 16:00:00+00:00,3041.415,28.88746681,0.98900349,0.96691159,0.01041081,0.0,0.0093599
2025-09-05 17:00:00+00:00,3005.225,28.34188287,0.98874839,0.96731884,0.01043202,0.0,0.00963573
2025-09-05 18:00:00+00:00,2980.07,28.05998107,0.98853895,0.96859497,0.00936587,0.0,0.00980397
2025-09-05 19:00:00+00:00,2943.6725,27.99950067,0.98942975,0.96788644,0.01073936,0.0,0.00968022
2025-09-05 20:00:00+00:00,2890.035,28.45898683,0.98888319,0.96795278,0.00950246,0.0,0.01001466
2025-09-05 21:00:00+00:00,2835.765,28.45296499,0.98906171,0.96549244,0.01256551,0.0,0.01000801
2025-09-05 22:00:00+00:00,2756.6125,29.10488256,0.98859627,0.96729242,0.00885906,0.0,0.01044736
2025-09-05 23:00:00+00:00,2618.8875,29.47058575,0.98815644,0.96596922,0.00887897,0.0,0.01084726
2025-09-06 00:00:00+00:00,2591.84,28.97018496,0.98846542,0.96737085,0.00830928,0.0,0.01063175
2025-09-06 01:00:00+00:00,2575.665,28.84100684,0.98833839,0.96741245,0.0080461,0.0,0.01053675
2025-09-06 02:00:00+00:00,2583.2375,28.85050454,0.98896197,0.96778313,0.00834829,0.0,0.01011438
2025-09-06 03:00:00+00:00,2609.8725,29.45313507,0.98761875,0.96491949,0.00911211,0.0,0.0111765
2025-09-06 04:00:00+00:00,2686.1675,29.42293946,0.98780118,0.96429971,0.01035065,0.0,0.01099522
2025-09-06 05:00:00+00:00,2779.125,29.13601188,0.98808536,0.96730195,0.00861978,0.0,0.0101472
2025-09-06 06:00:00+00:00,2849.9325,29.38401035,0.98851283,0.96636741,0.00987754,0.0,0.00983163
2025-09-06 07:00:00+00:00,2875.76,29.97976077,0.9876797,0.96465983,0.00983106,0.0,0.01061409
2025-09-06 08:00:00+00:00,2894.1375,31.07933672,0.98636545,0.96087308,0.01027798,0.0,0.01169505
2025-09-06 09:00:00+00:00,2899.6325,30.92710748,0.98638567,0.95989574,0.01173056,0.0,0.01145268
2025-09-06 10:00:00+00:00,2858.6775,31.61643954,0.98453257,0.95823595,0.01007088,7.6e-07,0.01209726
2025-09-06 11:00:00+00:00,2838.14,31.69115585,0.98280003,0.95655972,0.00982585,1.15e-06,0.01272687
2025-09-06 12:00:00+00:00,2836.56,31.73398512,0.98317465,0.95562158,0.01100782,1.5e-07,0.01266238
2025-09-06 13:00:00+00:00,2843.345,31.35998042,0.98491415,0.95984179,0.00933557,0.0,0.01213229
2025-09-06 14:00:00+00:00,2870.6375,30.78194678,0.98645774,0.96163827,0.01030824,0.0,0.01158194
2025-09-06 15:00:00+00:00,2893.995,29.39021654,0.98805416,0.96632327,0.0100033,0.0,0.01010932
2025-09-06 16:00:00+00:00,2918.2625,29.15978529,0.98859235,0.9673932,0.00983113,0.0,0.00967197
2025-09-06 17:00:00+00:00,2929.0625,29.10158077,0.9884602,0.96686422,0.01018714,0.0,0.00979204
2025-09-06 18:00:00+00:00,2919.325,29.23780452,0.98838742,0.96652827,0.00984444,0.0,0.00992736
2025-09-06 19:00:00+00:00,2908.3075,29.07592763,0.98844287,0.96544169,0.01094289,0.0,0.00985469
2025-09-06 20:00:00+00:00,2876.9225,28.5106994,0.98865797,0.96636192,0.01129071,0.0,0.00988497
2025-09-06 21:00:00+00:00,2823.7325,28.9457617,0.98938169,0.96610549,0.01145851,0.0,0.00933532
2025-09-06 22:00:00+00:00,2803.1375,29.77831196,0.9882489,0.96297898,0.01183401,0.0,0.01027539
2025-09-06 23:00:00+00:00,2756.0,29.86770303,0.98830029,0.96280365,0.01192244,0.0,0.01041425
2025-09-07 00:00:00+00:00,2748.39,29.85025699,0.98853646,0.96336237,0.01176451,0.0,0.01039677
2025-09-07 01:00:00+00:00,2744.9325,30.06114676,0.98840535,0.9625545,0.01190679,0.0,0.01068296
2025-09-07 02:00:00+00:00,2712.615,30.59005016,0.98782517,0.96070387,0.0122656,0.0,0.01113806
2025-09-07 03:00:00+00:00,2720.4225,30.82954916,0.98716899,0.95952655,0.01230174,0.0,0.01158917
2025-09-07 04:00:00+00:00,2739.325,29.94771543,0.98799714,0.96275275,0.01176933,0.0,0.01081652
2025-09-07 05:00:00+00:00,2774.0975,30.16108004,0.98764346,0.96149336,0.01212054,0.0,0.01131924
2025-09-07 06:00:00+00:00,2803.995,31.30222129,0.98630434,0.95600379,0.01366964,0.0,0.01236062
2025-09-07 07:00:00+00:00,2847.0525,31.06169097,0.985899,0.95560587,0.01379384,0.0,0.01198471
2025-09-07 08:00:00+00:00,2820.2075,30.30410949,0.98630614,0.95811009,0.0132665,0.0,0.01180809
2025-09-07 09:00:00+00:00,2904.97,30.23198709,0.98540617,0.9571761,0.01345757,1.187e-05,0.01223572
2025-09-07 10:00:00+00:00,2909.2675,29.89216556,0.98488863,0.95630333,0.01452602,9.9e-07,0.01261599
2025-09-07 11:00:00+00:00,2942.5925,29.75212827,0.98434613,0.95611585,0.01437765,1.3e-06,0.01254176
2025-09-07 12:00:00+00:00,2887.2525,30.54537836,0.98437059,0.95453778,0.01433694,0.0,0.01304378
2025-09-07 13:00:00+00:00,2803.14,30.31050197,0.98451755,0.95554299,0.01386554,3.141e-05,0.01272695
2025-09-07 14:00:00+00:00,2809.755,29.88587633,0.98626532,0.95962137,0.01277591,0.0,0.01183289
2025-09-07 15:00:00+00:00,2914.9475,29.89470894,0.9871555,0.96148908,0.01212255,0.0,0.01105405
2025-09-07 16:00:00+00:00,2922.995,29.48062933,0.98781251,0.96375304,0.0113963,0.0,0.01060075
2025-09-07 17:00:00+00:00,2971.7175,29.31362277,0.98805263,0.96016927,0.01553758,0.0,0.01028466
2025-09-07 18:00:00+00:00,2987.5325,28.89478774,0.98845503,0.96134102,0.01559779,0.0,0.01002436
2025-09-07 19:00:00+00:00,2994.775,28.79627584,0.98881932,0.96346678,0.01386015,0.0,0.00979656
2025-09-07 20:00:00+00:00,2984.8075,29.02647735,0.98817169,0.96118693,0.01456665,0.0,0.01027907
2025-09-07 21:00:00+00:00,2897.47,28.62816643,0.98804439,0.96349142,0.0126214,0.0,0.01051214
2025-09-07 22:00:00+00:00,2817.955,28.64024684,0.98779545,0.96154308,0.01403068,0.0,0.01065191
2025-09-07 23:00:00+00:00,2734.095,28.87466781,0.98921607,0.96373635,0.0122376,0.0,0.00929351
2025-09-08 00:00:00+00:00,2716.49,28.44312636,0.99464395,0.97030455,0.01121993,0.0,0.00403147
2025-09-08 01:00:00+00:00,2729.8775,28.22457801,0.99445774,0.96994558,0.01119473,0.0,0.00417656
2025-09-08 02:00:00+00:00,2725.9275,27.59065054,0.99433972,0.97057041,0.01117927,0.0,0.0041083
2025-09-08 03:00:00+00:00,2729.3725,26.50394214,0.99496205,0.97433089,0.00966946,0.0,0.00336341
2025-09-08 04:00:00+00:00,2857.94,26.03929395,0.99549422,0.97394893,0.01126914,0.0,0.00270796
2025-09-08 05:00:00+00:00,3040.0725,25.01976701,0.99609589,0.97920125,0.00843211,0.0,0.0022235
2025-09-08 06:00:00+00:00,3090.7925,25.08623961,0.99608426,0.97770837,0.00952709,0.0,0.00220349
2025-09-08 07:00:00+00:00,3066.9525,25.22229202,0.99634335,0.97777937,0.00992031,0.0,0.00180793
2025-09-08 08:00:00+00:00,3041.4675,26.33975821,0.99680715,0.97567194,0.01112701,0.0,0.00136097
2025-09-08 09:00:00+00:00,3026.2725,26.54796873,0.99672371,0.97644106,0.01002986,0.0,0.00143877
2025-09-08 10:00:00+00:00,3035.8325,27.38097808,0.9896196,0.96753904,0.01106232,0.0,0.00852823
2025-09-08 11:00:00+00:00,3036.1625,27.36915611,0.98941005,0.96842826,0.010631,0.0,0.0086337
2025-09-08 12:00:00+00:00,3033.7075,27.71168129,0.98890135,0.96637113,0.01127231,0.0,0.00938636
2025-09-08 13:00:00+00:00,3049.02,27.47684089,0.98924896,0.96467502,0.01403136,0.0,0.00894379
2025-09-08 14:00:00+00:00,3063.2575,27.26412853,0.9890698,0.96389391,0.01469587,0.0,0.00937177
2025-09-08 15:00:00+00:00,3038.0125,27.50071967,0.98945864,0.96627385,0.01266196,0.0,0.00926617
2025-09-08 16:00:00+00:00,3055.5925,27.59534687,0.98924669,0.96687077,0.01173524,0.0,0.00906101
2025-09-08 17:00:00+00:00,3039.2575,27.6363183,0.98900758,0.96621161,0.01177309,0.0,0.009193
2025-09-08 18:00:00+00:00,3055.8025,27.31914222,0.98922948,0.96640666,0.01187609,0.0,0.00911444
2025-09-08 19:00:00+00:00,3012.8675,27.14060855,0.98935789,0.96677227,0.0120468,0.0,0.0090902
2025-09-08 20:00:00+00:00,2943.0725,27.4095882,0.9893949,0.96357661,0.01506617,0.0,0.00898619
2025-09-08 21:00:00+00:00,2854.165,27.49570975,0.98913317,0.96475587,0.0140516,0.0,0.00907491
2025-09-08 22:00:00+00:00,2742.0475,27.65207604,0.99688486,0.97060198,0.01428889,0.0,0.00266239
2025-09-08 23:00:00+00:00,2698.615,27.6774194,0.99597097,0.96981251,0.01382588,0.0,0.00291751
2025-09-09 00:00:00+00:00,2695.395,27.83590887,0.98800274,0.96186738,0.01403185,0.0,0.01016071
2025-09-09 01:00:00+00:00,2678.085,27.61036521,0.98831823,0.96329678,0.01320095,0.0,0.01009453
2025-09-09 02:00:00+00:00,2686.425,27.08638998,0.98877309,0.96448699,0.01359429,0.0,0.00947942
2025-09-09 03:00:00+00:00,2718.395,27.00240194,0.98904619,0.96376156,0.01466729,0.0,0.00926727
2025-09-09 04:00:00+00:00,2804.2725,26.85202392,0.98926853,0.9628426,0.01640641,2.358e-05,0.0089341
2025-09-09 05:00:00+00:00,2952.475,27.40578638,0.98880637,0.96168286,0.01645677,9.878e-05,0.00936003
2025-09-09 06:00:00+00:00,3011.075,28.24789967,0.98864379,0.96049667,0.0167125,0.00011672,0.0095419
2025-09-09 07:00:00+00:00,3014.1025,28.24238899,0.98910466,0.96284493,0.01555637,0.0,0.00913475
2025-09-09 08:00:00+00:00,3010.27,28.61157398,0.9889182,0.96163724,0.01592141,0.0,0.0092646
2025-09-09 09:00:00+00:00,3016.5325,28.68912695,0.98933584,0.96343076,0.01441012,0.0,0.00888658
2025-09-09 10:00:00+00:00,3003.435,28.81367293,0.98880529,0.96252609,0.01497866,0.0,0.00946006
2025-09-09 11:00:00+00:00,3021.0275,28.90177393,0.98899724,0.96277414,0.01487272,0.0,0.00910947
2025-09-09 12:00:00+00:00,3055.1725,28.71976667,0.98955851,0.96389859,0.01434962,0.0,0.00854152
2025-09-09 13:00:00+00:00,3096.8275,28.82507493,0.98934985,0.96388263,0.0139378,0.0,0.00895697
2025-09-09 14:00:00+00:00,3120.82,28.74707407,0.9892047,0.96260323,0.01504227,0.0,0.00910853
2025-09-09 15:00:00+00:00,3074.745,29.01802084,0.98873809,0.96127779,0.01557117,0.0,0.00950822
2025-09-09 16:00:00+00:00,3120.14,29.21839746,0.98869126,0.96100209,0.01568162,0.0,0.00957625
2025-09-09 17:00:00+00:00,3116.255,29.36564088,0.98857887,0.96011005,0.01618829,0.0,0.00966231
2025-09-09 18:00:00+00:00,3155.3575,29.26520463,0.98842042,0.96037595,0.01579892,0.0,0.00983739
2025-09-09 19:00:00+00:00,3117.4375,28.76364291,0.98924577,0.962104,0.01585226,0.0,0.00942901
2025-09-09 20:00:00+00:00,3037.19,29.25650818,0.98892326,0.96174339,0.01496335,0.0,0.00984449
2025-09-09 21:00:00+00:00,2935.385,28.9225085,0.98883811,0.96197549,0.01504541,0.0,0.01016855
2025-09-09 22:00:00+00:00,2777.1175,28.64967322,0.99625655,0.97071956,0.01330641,0.0,0.00321982
2025-09-09 23:00:00+00:00,2722.6725,28.60886146,0.99626712,0.97021544,0.01342622,0.0,0.00291395
2025-09-10 00:00:00+00:00,2755.3575,28.24563431,0.98999742,0.96427478,0.01326961,0.0,0.00854875
2025-09-10 01:00:00+00:00,2772.8075,27.9885953,0.98977269,0.96397898,0.01327848,0.0,0.008618
2025-09-10 02:00:00+00:00,2761.2675,26.81490276,0.98843378,0.96419269,0.0130263,0.0,0.00986708
2025-09-10 03:00:00+00:00,2824.085,26.80902084,0.98775949,0.96273246,0.01299149,0.0,0.01046427
2025-09-10 04:00:00+00:00,2968.5475,26.75662849,0.98740396,0.964721,0.00984361,0.0,0.01076561
2025-09-10 05:00:00+00:00,3147.62,26.04995123,0.98674283,0.96412184,0.01013131,0.0,0.01124606
2025-09-10 06:00:00+00:00,3143.2075,26.19379311,0.98665354,0.96422921,0.00979473,0.0,0.01137653
2025-09-10 07:00:00+00:00,3131.4375,24.81187141,0.98829228,0.96902025,0.00867551,0.0,0.0099888
2025-09-10 08:00:00+00:00,3184.875,24.81756452,0.98881339,0.96929904,0.00896047,0.0,0.00950956
2025-09-10 09:00:00+00:00,3144.58,24.05125544,0.98949002,0.97176257,0.00909907,0.0,0.00880065
2025-09-10 10:00:00+00:00,3175.8975,23.5939765,0.98982477,0.97316169,0.0093948,0.0,0.00859493
2025-09-10 11:00:00+00:00,3163.07,22.83406097,0.99074829,0.97514344,0.00866373,0.0,0.00767026
2025-09-10 12:00:00+00:00,3159.625,22.63617231,0.99021701,0.9725814,0.01057794,0.0,0.0081873
2025-09-10 13:00:00+00:00,3176.3375,22.24390654,0.98979223,0.97209524,0.01051359,0.0,0.0085999
2025-09-10 14:00:00+00:00,3191.71,22.42411465,0.98910842,0.97182049,0.00900471,0.0,0.00919366
2025-09-10 15:00:00+00:00,3197.685,23.14927953,0.98816129,0.96962921,0.00866994,5.118e-05,0.01001606
2025-09-10 16:00:00+00:00,3143.73,23.22292036,0.98773469,0.96904029,0.00890018,5.527e-05,0.01039882
2025-09-10 17:00:00+00:00,3111.375,25.09503361,0.98586383,0.96499824,0.00954555,6.211e-05,0.01148551
2025-09-10 18:00:00+00:00,3179.51,22.15010028,0.98936954,0.97367786,0.00823289,0.0,0.00896901
2025-09-10 19:00:00+00:00,3170.82,21.60036273,0.99078384,0.97708792,0.00786504,0.0,0.00819131
2025-09-10 20:00:00+00:00,3119.2525,21.95073084,0.99034128,0.97664408,0.00761566,0.0,0.00809927
2025-09-10 21:00:00+00:00,3025.7775,21.51623843,0.99069755,0.9770944,0.00784964,0.0,0.00807335
2025-09-10 22:00:00+00:00,2871.715,20.81751213,0.99635648,0.9859819,0.00483126,1.141e-05,0.00308467
2025-09-10 23:00:00+00:00,2821.1,21.44815055,0.99640785,0.98496137,0.00474732,0.0,0.00254036
2025-09-11 00:00:00+00:00,2835.045,21.44861498,0.98941804,0.97837701,0.00418836,0.0,0.00907504
2025-09-11 01:00:00+00:00,2810.5775,20.65931698,0.98940327,0.9831617,0.00060705,9.46e-06,0.00899519
2025-09-11 02:00:00+00:00,2785.74,20.33425194,0.9895858,0.98011997,0.00452958,7.02e-06,0.00865235
2025-09-11 03:00:00+00:00,2807.16,20.80201058,0.98979315,0.97944701,0.00500916,7.42e-06,0.00848123
2025-09-11 04:00:00+00:00,2912.08,21.21784424,0.98968711,0.9784723,0.00494599,1.777e-05,0.00859764
2025-09-11 05:00:00+00:00,3077.6275,21.06205798,0.98973495,0.97678724,0.00698757,2.298e-05,0.0085307
2025-09-11 06:00:00+00:00,3167.2025,21.28173656,0.98947737,0.97562875,0.00785193,0.0,0.0087811
2025-09-11 07:00:00+00:00,3169.915,21.42685804,0.98989755,0.97686999,0.00759841,0.0,0.00841457
2025-09-11 08:00:00+00:00,3177.9775,21.25704131,0.9898977,0.97655296,0.00745732,0.0,0.0084077
2025-09-11 09:00:00+00:00,3173.14,19.92517667,0.99062153,0.97983736,0.00771983,0.0,0.00762566
2025-09-11 10:00:00+00:00,3117.9675,21.65097491,0.98893555,0.97722044,0.0058122,6.65e-06,0.00898576
2025-09-11 11:00:00+00:00,3127.44,19.44847822,0.99034275,0.98111125,0.00802956,5.44e-06,0.00766902
2025-09-11 12:00:00+00:00,3161.235,19.07620021,0.99047936,0.98202903,0.0080387,1.895e-05,0.00726611
2025-09-11 13:00:00+00:00,3175.02,18.86884205,0.99059652,0.98256712,0.00782407,0.0,0.00706762
2025-09-11 14:00:00+00:00,3223.0875,21.00727347,0.98997692,0.9775332,0.00764162,0.0,0.00829356
2025-09-11 15:00:00+00:00,3162.435,20.98010048,0.99048623,0.97865141,0.00730378,0.0,0.00786467
2025-09-11 16:00:00+00:00,3130.7075,20.165014,0.98974505,0.97998113,0.00565478,0.0,0.00844119
2025-09-11 17:00:00+00:00,3140.5375,20.28787671,0.9898788,0.98070568,0.00506341,0.0,0.00833082
2025-09-11 18:00:00+00:00,3177.8225,20.05430006,0.99077987,0.9831816,0.00482925,0.0,0.00752305
2025-09-11 19:00:00+00:00,3151.875,20.14830457,0.99111261,0.98408269,0.00474758,0.0,0.00724714
2025-09-11 20:00:00+00:00,3101.65,20.92248349,0.99039574,0.98138802,0.00488177,0.0,0.00807534
2025-09-11 21:00:00+00:00,3009.8275,21.6615901,0.989284,0.97812329,0.00516231,0.0,0.00928112
2025-09-11 22:00:00+00:00,2889.0775,22.11482755,0.9962318,0.98396443,0.00521678,0.0,0.00266476
2025-09-11 23:00:00+00:00,2837.455,22.18922473,0.99582902,0.98093736,0.00784764,0.0,0.00257417
2025-09-12 00:00:00+00:00,2827.5775,22.09966325,0.98820883,0.97311066,0.00828196,3.7e-06,0.00986842
2025-09-12 01:00:00+00:00,2817.6275,23.98386765,0.98692982,0.96931214,0.00855185,0.0,0.01105177
2025-09-12 02:00:00+00:00,2806.5575,26.1006879,0.98486278,0.96496163,0.0076613,2.367e-05,0.01239496
2025-09-12 03:00:00+00:00,2847.68,27.65407499,0.98427705,0.96203037,0.00874612,5.959e-05,0.01281419
2025-09-12 04:00:00+00:00,2987.1275,27.71515599,0.98569572,0.96487924,0.0084282,3.159e-05,0.01197804
2025-09-12 05:00:00+00:00,3126.895,27.84622806,0.98496508,0.96581207,0.00625801,0.0,0.01212901
2025-09-12 06:00:00+00:00,3185.4,27.69256201,0.98541581,0.96726946,0.00547557,0.0,0.01187801
2025-09-12 07:00:00+00:00,3174.1325,26.97052383,0.98574617,0.96812169,0.0052087,0.0,0.01138273
2025-09-12 08:00:00+00:00,3207.8825,26.42533737,0.98585436,0.96805189,0.00507034,3.41e-06,0.01057243
2025-09-12 09:00:00+00:00,3182.765,26.75546477,0.98384352,0.9650076,0.0053718,2.352e-05,0.01119565
2025-09-12 10:00:00+00:00,3154.9,26.53983558,0.98228595,0.96264302,0.00559743,5.581e-05,0.01231594
2025-09-12 11:00:00+00:00,3148.0675,26.64485034,0.98236535,0.96249294,0.00571671,4.152e-05,0.01233696
2025-09-12 12:00:00+00:00,3137.3625,26.34585751,0.98223787,0.96271874,0.00570574,1.388e-05,0.01244077
2025-09-12 13:00:00+00:00,3140.1125,24.29796755,0.98470462,0.96839893,0.00536191,6.1e-06,0.01121093
2025-09-12 14:00:00+00:00,3145.4925,23.45049605,0.98720695,0.97273016,0.00509033,3.21e-06,0.01054721
2025-09-12 15:00:00+00:00,3076.7075,22.99260763,0.98879118,0.97576978,0.00493272,0.0,0.00943023
2025-09-12 16:00:00+00:00,3077.04,21.93729302,0.98964942,0.97474993,0.00909614,0.0,0.00863748
2025-09-12 17:00:00+00:00,3052.315,21.55930968,0.99003956,0.97960185,0.0052826,0.0,0.00830048
2025-09-12 18:00:00+00:00,3060.875,22.02066317,0.98975977,0.97910839,0.00485078,0.0,0.00858457
2025-09-12 19:00:00+00:00,3041.8325,21.80544296,0.98994435,0.97975229,0.00480193,0.0,0.00833936
2025-09-12 20:00:00+00:00,3000.775,23.41656397,0.98862306,0.97565831,0.00517401,0.0,0.00966673
2025-09-12 21:00:00+00:00,2883.2975,24.12143528,0.9887096,0.97532185,0.00525114,0.0,0.00995383
2025-09-12 22:00:00+00:00,2881.54,25.40114654,0.98735635,0.97219377,0.00553709,0.0,0.01080092
2025-09-12 23:00:00+00:00,2836.1375,26.52852274,0.98638224,0.96948618,0.00578442,0.0,0.01165028
2025-09-13 00:00:00+00:00,2794.9175,27.32311378,0.98588522,0.96781775,0.00582793,0.0,0.01216901
2025-09-13 01:00:00+00:00,2804.6225,27.74890049,0.98508781,0.96545544,0.00601428,4.42e-06,0.01281476
2025-09-13 02:00:00+00:00,2782.3425,27.90095929,0.98624776,0.96685256,0.00587931,0.0,0.0117584
2025-09-13 03:00:00+00:00,2791.625,27.52027833,0.98583049,0.9686311,0.00423454,0.0,0.01219147
2025-09-13 04:00:00+00:00,2828.4325,27.0370351,0.98599243,0.96768313,0.00600324,3e-08,0.01203723
2025-09-13 05:00:00+00:00,2898.695,26.41061576,0.98716917,0.97101807,0.00556492,0.0,0.01096603
2025-09-13 06:00:00+00:00,2977.295,25.92825779,0.98797542,0.96877057,0.00977802,0.0,0.01026129
2025-09-13 07:00:00+00:00,3021.8175,26.6269174,0.9875406,0.96721201,0.00996852,0.0,0.01064147
2025-09-13 08:00:00+00:00,3043.8675,27.61586224,0.98543836,0.9629405,0.01013239,2.5e-06,0.01182636
2025-09-13 09:00:00+00:00,3001.1825,27.34282054,0.98385333,0.96081924,0.01070992,9.9e-07,0.01198547
2025-09-13 10:00:00+00:00,2945.835,27.69148165,0.98272169,0.95876681,0.01130219,3.28e-06,0.01189849
2025-09-13 11:00:00+00:00,2924.16,27.93375183,0.98130366,0.96075976,0.00767654,4.3e-06,0.01248135
2025-09-13 12:00:00+00:00,2918.69,28.05898107,0.98153215,0.96108966,0.00766312,1.84e-06,0.01266017
2025-09-13 13:00:00+00:00,2936.2225,28.72031993,0.98407327,0.95927702,0.01148027,1.52e-06,0.01217415
2025-09-13 14:00:00+00:00,2963.595,29.09915726,0.98603522,0.96263387,0.01057815,3.2e-07,0.01197383
2025-09-13 15:00:00+00:00,2969.3825,29.40995336,0.98530484,0.96755614,0.00385578,0.0,0.01236283
2025-09-13 16:00:00+00:00,2985.8675,29.45496485,0.98502517,0.96332922,0.00778751,0.0,0.01286544
2025-09-13 17:00:00+00:00,2969.7225,28.40712363,0.98611072,0.96428549,0.00951387,0.0,0.01189797
2025-09-13 18:00:00+00:00,2988.8325,26.62682188,0.98721635,0.96835854,0.0096565,0.0,0.01081536
2025-09-13 19:00:00+00:00,2976.5325,25.27121303,0.98870909,0.97317422,0.00927167,0.0,0.00941968
2025-09-13 20:00:00+00:00,2943.9525,25.66998403,0.98869889,0.97232316,0.00920294,0.0,0.00940413
2025-09-13 21:00:00+00:00,2887.015,25.33995656,0.9891386,0.97225592,0.0092782,0.0,0.00898385
2025-09-13 22:00:00+00:00,2804.2175,25.05497178,0.98859824,0.97468038,0.00614422,0.0,0.0095507
2025-09-13 23:00:00+00:00,2752.465,25.07835081,0.98796704,0.969034,0.01074514,0.0,0.00976724
2025-09-14 00:00:00+00:00,2730.9025,25.10428489,0.98829144,0.96973965,0.01081631,0.0,0.00962827
2025-09-14 01:00:00+00:00,2733.945,24.13231502,0.98919744,0.97234649,0.01048308,0.0,0.00875359
2025-09-14 02:00:00+00:00,2730.6675,24.21301357,0.98853544,0.97132922,0.01046068,0.0,0.0093701
2025-09-14 03:00:00+00:00,2750.6025,23.53609493,0.98891195,0.97041829,0.01270728,0.0,0.00895291
2025-09-14 04:00:00+00:00,2789.0225,23.18361506,0.99020936,0.97300198,0.01218063,0.0,0.00835781
2025-09-14 05:00:00+00:00,2846.75,23.42074326,0.99025389,0.97287435,0.01216484,0.0,0.00840555
2025-09-14 06:00:00+00:00,2891.285,23.46553721,0.99090708,0.97671988,0.00892788,0.0,0.00790582
2025-09-14 07:00:00+00:00,2946.98,23.44083886,0.99073701,0.98268196,0.00254946,0.0,0.00761553
2025-09-14 08:00:00+00:00,2975.52,23.81187602,0.99095929,0.97956531,0.00550223,0.0,0.0075467
2025-09-14 09:00:00+00:00,2982.5275,24.56243676,0.99016962,0.98218152,0.0003564,1.274e-05,0.00819357
2025-09-14 10:00:00+00:00,2951.25,25.23830212,0.98959038,0.97083391,0.00934993,2.273e-05,0.00895732
2025-09-14 11:00:00+00:00,2939.3725,25.34911534,0.98894456,0.96888403,0.00971679,7.06e-06,0.00935464
2025-09-14 12:00:00+00:00,2957.345,25.22650693,0.98826107,0.96922059,0.00956935,3.685e-05,0.01000352
2025-09-14 13:00:00+00:00,2967.19,25.94270908,0.98820408,0.96904795,0.00937026,3.147e-05,0.01009751
2025-09-14 14:00:00+00:00,2971.35,25.13065147,0.98888697,0.97188239,0.00878442,0.0,0.00921146
2025-09-14 15:00:00+00:00,2978.03,25.83998741,0.98846865,0.9683884,0.0099063,0.0,0.00999222
2025-09-14 16:00:00+00:00,3027.63,26.13919833,0.98773213,0.96839878,0.0075018,0.0,0.01074231
2025-09-14 17:00:00+00:00,3044.715,29.28964028,0.98537303,0.97003233,8.129e-05,0.0,0.0119548
2025-09-14 18:00:00+00:00,3099.385,27.39219002,0.98624493,0.96622759,0.00660203,0.0,0.01160422
2025-09-14 19:00:00+00:00,3087.0125,24.2819661,0.98780629,0.97076079,0.00719567,0.0,0.01032421
2025-09-14 20:00:00+00:00,3038.7375,23.55554992,0.98879471,0.97237696,0.00822401,0.0,0.00945444
2025-09-14 21:00:00+00:00,2961.1875,23.76064641,0.98882947,0.9677907,0.0125633,7.5e-07,0.00970659
2025-09-14 22:00:00+00:00,2862.445,24.12815776,0.98816756,0.97326656,0.00547727,4.4e-07,0.00991381
2025-09-14 23:00:00+00:00,2815.725,24.35576203,0.9870412,0.97101497,0.00582298,0.0,0.01088596
2025-09-15 00:00:00+00:00,2735.1025,26.93722984,0.99137087,0.97384441,0.00408391,2.168e-05,0.00501202
2025-09-15 01:00:00+00:00,2731.45,27.73553536,0.99100767,0.97271944,0.00415722,3.42e-05,0.00445817
2025-09-15 02:00:00+00:00,2737.0125,25.53526351,0.99226001,0.97679803,0.00517035,2.306e-05,0.00387795
2025-09-15 03:00:00+00:00,2774.0975,25.25627932,0.99203501,0.97766958,0.00462331,1.674e-05,0.00406097
2025-09-15 04:00:00+00:00,2882.9775,23.58076001,0.99357653,0.98057432,0.00427565,1.144e-05,0.0033161
2025-09-15 05:00:00+00:00,2984.5125,23.70066895,0.99424587,0.97951446,0.00677476,0.0,0.00319995
2025-09-15 06:00:00+00:00,3048.2125,23.56324201,0.99027876,0.97623849,0.00712948,0.0,0.00742167
2025-09-15 07:00:00+00:00,3098.3825,23.65404382,0.99491715,0.98092217,0.00711951,0.0,0.00257829
2025-09-15 08:00:00+00:00,3085.3975,24.36072948,0.99387628,0.97808696,0.00779434,6.38e-06,0.00304222
2025-09-15 09:00:00+00:00,3044.4525,25.17269938,0.99342699,0.97872763,0.00518671,9.85e-06,0.00301223
2025-09-15 10:00:00+00:00,3038.495,25.04941946,0.98490897,0.97033759,0.0053886,1.926e-05,0.01038263
2025-09-15 11:00:00+00:00,3025.63,25.47137468,0.98347149,0.9686846,0.00539559,1.965e-05,0.01131616
2025-09-15 12:00:00+00:00,3021.2875,26.01534181,0.98227847,0.96688342,0.00546332,7.837e-05,0.01170414
2025-09-15 13:00:00+00:00,3024.905,26.27030744,0.98408608,0.96896523,0.00524214,2.725e-05,0.01142407
2025-09-15 14:00:00+00:00,3022.5175,26.39528185,0.98227456,0.96605932,0.00562599,0.00020783,0.01206056
2025-09-15 15:00:00+00:00,3005.7375,26.79680427,0.98447363,0.96876848,0.0055413,0.00015786,0.01171131
2025-09-15 16:00:00+00:00,3008.035,27.12034859,0.98586402,0.97038854,0.00528045,3.489e-05,0.01136517
2025-09-15 17:00:00+00:00,3041.5625,26.74293007,0.98601053,0.97133782,0.00522683,0.0,0.01125007
2025-09-15 18:00:00+00:00,3078.0325,26.25852376,0.98617034,0.97202608,0.00525915,0.0,0.01094224
2025-09-15 19:00:00+00:00,3030.5075,25.89719467,0.98462104,0.96943526,0.00544582,0.00010242,0.01153229
2025-09-15 20:00:00+00:00,2950.255,25.85119595,0.98418005,0.96951675,0.0056262,5.855e-05,0.01153038
2025-09-15 21:00:00+00:00,2859.6125,26.7058905,0.98176348,0.96757553,0.00387077,0.00010311,0.01259513
2025-09-15 22:00:00+00:00,2745.615,26.50353957,0.99055993,0.97464551,0.00604971,0.00074892,0.00388487
2025-09-15 23:00:00+00:00,2733.3,25.94172445,0.98961311,0.97364222,0.00568622,0.00092511,0.00363161
2025-09-16 00:00:00+00:00,2746.12,26.88603976,0.98019035,0.96299159,0.00593554,0.00114519,0.01274928
2025-09-16 01:00:00+00:00,2698.15,27.34583481,0.97902542,0.96156819,0.00613032,0.00097765,0.0133481
2025-09-16 02:00:00+00:00,2636.7625,27.54844228,0.97907694,0.96130608,0.00629843,0.00090961,0.01369526
2025-09-16 03:00:00+00:00,2679.9975,27.00822698,0.97889835,0.96259592,0.00530743,0.00085157,0.0134224
2025-09-16 04:00:00+00:00,2837.38,27.00653616,0.98204672,0.96739538,0.00469113,0.00017466,0.0122533
2025-09-16 05:00:00+00:00,2974.9625,27.57360666,0.98439707,0.96827597,0.00515341,5.035e-05,0.0114832
2025-09-16 06:00:00+00:00,3022.0425,27.39799021,0.98636763,0.96766202,0.00897984,3.597e-05,0.01053244
2025-09-16 07:00:00+00:00,2988.995,27.82109337,0.98535775,0.96472776,0.01041147,3.892e-05,0.01102397
2025-09-16 08:00:00+00:00,2564.7625,28.85012476,0.98416947,0.9648499,0.00778359,1.189e-05,0.01240969
2025-09-16 09:00:00+00:00,3000.6125,28.86508839,0.98635188,0.96412556,0.0109577,0.0,0.01042565
2025-09-16 10:00:00+00:00,2973.43,29.39650686,0.98420163,0.96067045,0.01146673,1.454e-05,0.01122083
2025-09-16 11:00:00+00:00,2949.955,29.47192233,0.98412632,0.96003044,0.01196575,5.431e-05,0.01109292
2025-09-16 12:00:00+00:00,2938.9825,29.50797674,0.98153734,0.95714542,0.01210009,0.00011304,0.01229121
2025-09-16 13:00:00+00:00,2955.3275,28.97738601,0.98292174,0.96002667,0.01150044,7.364e-05,0.01205497
2025-09-16 14:00:00+00:00,2980.9675,28.72770582,0.98393767,0.9654583,0.00737931,5.002e-05,0.01210923
2025-09-16 15:00:00+00:00,2972.185,28.23067353,0.98556226,0.96815289,0.00721403,1.808e-05,0.01178865
2025-09-16 16:00:00+00:00,2992.715,27.45882741,0.98670179,0.97007536,0.00786114,0.0,0.01116518
2025-09-16 17:00:00+00:00,3004.6975,27.77310275,0.98632951,0.96885203,0.00782031,0.0,0.01169871
2025-09-16 18:00:00+00:00,3047.8125,27.34663886,0.98642857,0.96848021,0.00900787,0.0,0.01138431
2025-09-16 19:00:00+00:00,3009.65,27.00730407,0.98753727,0.96899562,0.01047151,0.0,0.01082878
2025-09-16 20:00:00+00:00,2982.5875,27.53741608,0.98624386,0.96643884,0.01060984,0.0,0.01154337
2025-09-16 21:00:00+00:00,2886.525,27.69626571,0.985277,0.96470707,0.01100177,0.0,0.01194559
2025-09-16 22:00:00+00:00,2751.7275,27.26200622,0.993227,0.97420158,0.01039524,0.0,0.00385183
2025-09-16 23:00:00+00:00,2698.3375,26.81918757,0.99306281,0.97424939,0.01018565,0.0,0.00380858
2025-09-17 00:00:00+00:00,2708.8525,26.71033858,0.98449734,0.96529085,0.01002704,0.0,0.0121086
2025-09-17 01:00:00+00:00,2693.36,26.41285683,0.98491347,0.96579658,0.00995716,0.0,0.01200381
2025-09-17 02:00:00+00:00,2713.7,26.06639294,0.98566507,0.96729418,0.0098081,0.0,0.01173993
2025-09-17 03:00:00+00:00,2756.3875,25.23618705,0.9872341,0.97109901,0.00949954,0.0,0.01046258
2025-09-17 04:00:00+00:00,2880.7525,26.18835654,0.98739242,0.97052009,0.00893875,0.0,0.01075452
2025-09-17 05:00:00+00:00,3018.3975,25.1939207,0.98855921,0.97821103,0.00401094,0.0,0.0096642
2025-09-17 06:00:00+00:00,3032.6125,24.58821712,0.98879584,0.9796333,0.00312983,0.0,0.00946492
2025-09-17 07:00:00+00:00,3045.72,23.86063373,0.98897243,0.98020938,0.00313953,0.0,0.00928626
2025-09-17 08:00:00+00:00,3074.2275,23.26766247,0.98966514,0.98107494,0.0030795,0.0,0.00856658
2025-09-17 09:00:00+00:00,3061.0275,23.39865634,0.98976019,0.98033431,0.00306818,0.0,0.00855306
2025-09-17 10:00:00+00:00,3052.785,24.03082552,0.98827964,0.97804819,0.00320514,0.0,0.00993746
2025-09-17 11:00:00+00:00,2904.4625,23.59653284,0.98838982,0.97913882,0.00330695,1.17e-06,0.00971704
2025-09-17 12:00:00+00:00,2897.125,24.15733193,0.98798107,0.97779752,0.00340859,0.0,0.01002684
2025-09-17 13:00:00+00:00,2932.6075,24.70797149,0.9879256,0.97852368,0.00285064,0.0,0.00999204
2025-09-17 14:00:00+00:00,2858.3325,25.25182538,0.98758891,0.97806418,0.00253762,0.0,0.01048397
2025-09-17 15:00:00+00:00,2936.89,26.48934445,0.9849597,0.97303745,0.00284671,0.0,0.01236583
2025-09-17 16:00:00+00:00,2943.925,27.2467977,0.98408252,0.97108647,0.00284072,0.0,0.01291922
2025-09-17 17:00:00+00:00,2998.025,27.54500759,0.98371234,0.97306445,8.45e-05,0.0,0.01275047
2025-09-17 18:00:00+00:00,3061.3725,27.37974393,0.98357465,0.97317916,0.0,0.0,0.01234899
2025-09-17 19:00:00+00:00,3033.87,27.92114094,0.98369187,0.97250514,0.0,0.0,0.01285075
2025-09-17 20:00:00+00:00,2968.5925,28.18320876,0.98355634,0.97214104,0.0,0.0,0.0127793
2025-09-17 21:00:00+00:00,2877.2375,27.92676005,0.98430093,0.97376331,0.0,0.0,0.01231521
2025-09-17 22:00:00+00:00,2755.6425,27.9449626,0.99247533,0.98159929,1.63e-06,0.0,0.0046845
2025-09-17 23:00:00+00:00,2717.9775,28.11222564,0.99177548,0.98062626,1.88e-06,0.0,0.00475614
2025-09-18 00:00:00+00:00,2725.94,28.11081382,0.98348676,0.96980726,0.00259001,6e-08,0.0130145
2025-09-18 01:00:00+00:00,2716.885,28.38690642,0.9827612,0.96800615,0.00305467,6e-08,0.01348878
2025-09-18 02:00:00+00:00,2693.76,28.57967469,0.98323073,0.96929432,0.0022947,0.0,0.01331673
2025-09-18 03:00:00+00:00,2750.095,28.97130001,0.98371366,0.97078053,0.00076125,0.0,0.01335775
2025-09-18 04:00:00+00:00,2889.4525,28.98671485,0.98398422,0.96838808,0.00291808,0.0,0.01292482
2025-09-18 05:00:00+00:00,3053.2375,28.41620518,0.98404107,0.96701416,0.00498554,0.0,0.01303507
2025-09-18 06:00:00+00:00,3138.2925,26.82757529,0.9865239,0.97221717,0.00487368,0.0,0.01151701
2025-09-18 07:00:00+00:00,3130.8525,25.81964114,0.98780779,0.97583715,0.00463206,0.0,0.01035826
2025-09-18 08:00:00+00:00,3093.1925,25.65650597,0.98849802,0.9762197,0.00490402,0.0,0.00975351
2025-09-18 09:00:00+00:00,3079.89,25.28797586,0.98836371,0.97713348,0.00394181,7e-08,0.0093208
2025-09-18 10:00:00+00:00,3043.5875,26.89932275,0.9850265,0.97203095,0.0027135,4.564e-05,0.01126659
2025-09-18 11:00:00+00:00,3007.1625,27.01290061,0.98401167,0.97119134,0.00286627,7.252e-05,0.01130606
2025-09-18 12:00:00+00:00,2994.5825,28.01638887,0.98259394,0.96886171,0.00287517,6.441e-05,0.01230518
2025-09-18 13:00:00+00:00,3010.535,28.67722796,0.98273164,0.96840629,0.00280493,1.903e-05,0.01275408
2025-09-18 14:00:00+00:00,3080.425,28.17707459,0.98476136,0.97186222,0.00266683,0.0,0.01180073
2025-09-18 15:00:00+00:00,3088.5275,27.24975105,0.98730582,0.97526522,0.00395397,0.0,0.01051001
2025-09-18 16:00:00+00:00,3073.1925,27.26017477,0.98754454,0.97491031,0.00487683,0.0,0.01060344
2025-09-18 17:00:00+00:00,3083.9675,27.03600057,0.98783253,0.97582419,0.00474511,0.0,0.01033419
2025-09-18 18:00:00+00:00,3100.0875,26.8669702,0.98847415,0.977091,0.00458728,0.0,0.00975504
2025-09-18 19:00:00+00:00,3080.85,27.04538278,0.98845204,0.97702568,0.00448171,0.0,0.00976142
2025-09-18 20:00:00+00:00,3024.6825,27.73093819,0.9873367,0.97399573,0.00495196,0.0,0.01067186
2025-09-18 21:00:00+00:00,2930.92,27.96140154,0.9864823,0.97459913,0.00309408,0.0,0.01126294
2025-09-18 22:00:00+00:00,2830.9525,28.84743602,0.99325294,0.97893514,0.00356066,0.0,0.00458228
2025-09-18 23:00:00+00:00,2788.5475,28.71456961,0.99254626,0.97840086,0.00367261,0.0,0.00432801
2025-09-19 00:00:00+00:00,2794.2775,28.52100616,0.98437651,0.97070598,0.00368809,0.0,0.01230165
2025-09-19 01:00:00+00:00,2775.17,28.51848045,0.9841948,0.97034756,0.00375061,0.0,0.01255585
2025-09-19 02:00:00+00:00,2772.2925,28.64241632,0.98416563,0.96991296,0.00374793,0.0,0.01258049
2025-09-19 03:00:00+00:00,2827.25,28.8112866,0.98474797,0.97012541,0.00359399,0.0,0.01245448
2025-09-19 04:00:00+00:00,2970.5425,27.49351102,0.9878364,0.97351022,0.00603008,0.0,0.01033776
2025-09-19 05:00:00+00:00,3069.17,27.111943,0.98776945,0.97097648,0.0091658,0.0,0.01020039
2025-09-19 06:00:00+00:00,3128.6925,26.9178944,0.98752549,0.97014795,0.00987216,0.0,0.01036653
2025-09-19 07:00:00+00:00,3158.895,26.76815594,0.98848893,0.97123247,0.00974833,0.0,0.00942999
2025-09-19 08:00:00+00:00,3142.345,26.8061783,0.987783,0.97067445,0.00909565,0.0,0.01025838
2025-09-19 09:00:00+00:00,3108.63,27.47552923,0.9875643,0.97452383,0.00348091,0.0,0.00998165
2025-09-19 10:00:00+00:00,3079.47,27.7103546,0.98469771,0.97087903,0.00346027,0.0,0.01185216
2025-09-19 11:00:00+00:00,3074.24,27.56066975,0.9847787,0.9708529,0.00351334,0.0,0.01142995
2025-09-19 12:00:00+00:00,3066.4425,27.44060206,0.98466797,0.97111586,0.00356806,0.0,0.0115622
2025-09-19 13:00:00+00:00,3079.3475,27.44405838,0.98607274,0.97293585,0.0033309,0.0,0.01126874
2025-09-19 14:00:00+00:00,3122.4775,26.06739464,0.98829722,0.97773011,0.00344776,0.0,0.00969716
2025-09-19 15:00:00+00:00,3099.735,25.0082802,0.98898796,0.97509584,0.00782416,0.0,0.00905824
2025-09-19 16:00:00+00:00,3073.125,27.420964,0.98648153,0.96347168,0.01077685,0.0,0.01130202
2025-09-19 17:00:00+00:00,3055.3875,27.94524277,0.98596813,0.9622622,0.01069402,0.0,0.01160716
2025-09-19 18:00:00+00:00,3032.105,26.01727256,0.98721096,0.96779941,0.01024682,0.0,0.01047837
2025-09-19 19:00:00+00:00,2960.7875,24.72308444,0.98770778,0.97108478,0.00885378,0.0,0.00998203
2025-09-19 20:00:00+00:00,2898.925,23.00176974,0.98809839,0.97257657,0.00871961,0.0,0.00962452
2025-09-19 21:00:00+00:00,2837.3425,23.76506175,0.98759474,0.97022813,0.0089422,0.0,0.01027372
2025-09-19 22:00:00+00:00,2820.9275,25.88162877,0.98500193,0.96744407,0.00622955,0.0,0.01199864
2025-09-19 23:00:00+00:00,2775.22,25.98683295,0.98440692,0.96661378,0.00624724,0.0,0.01209737
2025-09-20 00:00:00+00:00,2755.95,25.78105238,0.98486125,0.97256706,0.00051977,0.0,0.01196947
2025-09-20 01:00:00+00:00,2731.5875,25.95246126,0.98470797,0.9722277,0.0,0.0,0.01201178
2025-09-20 02:00:00+00:00,2728.34,24.82870408,0.98593097,0.97495707,0.0,0.0,0.01092054
2025-09-20 03:00:00+00:00,2762.935,24.29683326,0.98614007,0.97595961,0.0,0.0,0.01128458
2025-09-20 04:00:00+00:00,2794.9075,23.75247774,0.98666803,0.97710116,0.0,0.0,0.01095205
2025-09-20 05:00:00+00:00,2835.7125,24.75998583,0.98611704,0.9743691,0.00014285,4.837e-05,0.01140557
2025-09-20 06:00:00+00:00,2924.2125,22.40308787,0.98740631,0.97619277,0.00342479,0.0,0.01007987
2025-09-20 07:00:00+00:00,2971.9975,22.54393351,0.98746953,0.97420003,0.00543997,0.0,0.00999642
2025-09-20 08:00:00+00:00,3037.715,22.54878013,0.98768524,0.97464698,0.00532841,0.0,0.00977414
2025-09-20 09:00:00+00:00,3021.5275,23.61620084,0.98591041,0.97117844,0.00566122,0.00042254,0.01040408
2025-09-20 10:00:00+00:00,3000.8175,27.02534526,0.9830011,0.96441164,0.00618498,0.00066184,0.01143728
2025-09-20 11:00:00+00:00,2992.645,26.01006534,0.98533393,0.96790465,0.00605119,0.00052702,0.01052492
2025-09-20 12:00:00+00:00,3005.98,27.49696729,0.98539379,0.96395304,0.00871631,0.00023975,0.01098087
2025-09-20 13:00:00+00:00,2998.8025,28.11287899,0.98555987,0.96519301,0.00719064,4.376e-05,0.01110225
2025-09-20 14:00:00+00:00,2987.555,27.86710186,0.9854136,0.96654388,0.00665688,0.0,0.01152888
2025-09-20 15:00:00+00:00,3010.7125,28.04537766,0.98661417,0.96539193,0.00917966,0.0,0.01109233
2025-09-20 16:00:00+00:00,3020.7525,27.86715958,0.98708075,0.96599209,0.00941599,0.0,0.01084409
2025-09-20 17:00:00+00:00,3033.6725,28.65734609,0.98579885,0.96205952,0.01017327,0.0,0.01141778
2025-09-20 18:00:00+00:00,3027.9475,27.81966475,0.98602656,0.96373898,0.01010607,0.0,0.0111965
2025-09-20 19:00:00+00:00,2966.5275,27.84462225,0.98577625,0.96329354,0.01019029,0.0,0.01148537
2025-09-20 20:00:00+00:00,2925.145,28.3490916,0.98504847,0.96595909,0.00597647,0.0,0.01187079
2025-09-20 21:00:00+00:00,2885.505,28.02453154,0.98595211,0.96709685,0.00579173,0.0,0.01090381
2025-09-20 22:00:00+00:00,2818.8875,27.64556153,0.98511263,0.96818093,0.00416167,0.0,0.01156827
2025-09-20 23:00:00+00:00,2763.2875,28.01033258,0.98354484,0.97105713,0.0,0.0,0.01243516
2025-09-21 00:00:00+00:00,2746.88,27.59189293,0.98437164,0.97258004,1e-08,1.16e-06,0.01214632
2025-09-21 01:00:00+00:00,2747.9325,27.67341048,0.98383502,0.97238488,0.0,1.28e-06,0.01219191
2025-09-21 02:00:00+00:00,2736.465,27.72591854,0.98338072,0.97204799,0.0,3.426e-05,0.01270995
2025-09-21 03:00:00+00:00,2700.575,27.95956861,0.98288863,0.9711332,0.0,6.169e-05,0.0128827
2025-09-21 04:00:00+00:00,2751.4225,28.23145387,0.98356034,0.97091124,0.0,5.838e-05,0.01298732
2025-09-21 05:00:00+00:00,2768.775,27.98086815,0.98355342,0.97122776,0.0,6.533e-05,0.01294812
2025-09-21 06:00:00+00:00,2815.975,28.46158315,0.98370137,0.97021966,0.0,8.167e-05,0.01235886
2025-09-21 07:00:00+00:00,2932.0225,27.58108589,0.98318534,0.97089151,3.3e-07,8.249e-05,0.01152667
2025-09-21 08:00:00+00:00,2961.59,27.09344728,0.98288203,0.97086456,1.73e-06,0.00010534,0.01189807
2025-09-21 09:00:00+00:00,2945.0675,27.10594596,0.98275245,0.97065351,6.7e-07,0.00065154,0.01187763
2025-09-21 10:00:00+00:00,2986.025,25.57359957,0.98417321,0.97428071,1.38e-06,0.00035959,0.01111017
2025-09-21 11:00:00+00:00,2995.4325,25.10551275,0.98457984,0.97508241,5.3e-07,0.000504,0.01100234
2025-09-21 12:00:00+00:00,3004.04,22.90426092,0.98660534,0.97904343,0.00015263,0.00037108,0.01006235
2025-09-21 13:00:00+00:00,3036.3175,23.33867849,0.98773196,0.97606364,0.00331925,0.00020119,0.00982992
2025-09-21 14:00:00+00:00,3043.6275,24.65806484,0.98823837,0.97308707,0.00562254,8.706e-05,0.00987294
2025-09-21 15:00:00+00:00,3042.9075,24.73641717,0.98916683,0.97449138,0.00519358,0.00011727,0.00947965
2025-09-21 16:00:00+00:00,3059.34,23.91630586,0.98863797,0.97634666,0.0039632,0.00016583,0.00944892
2025-09-21 17:00:00+00:00,3110.135,23.93395058,0.98815648,0.9752914,0.00417214,0.00031153,0.00938937
2025-09-21 18:00:00+00:00,3116.2825,23.32746369,0.98791905,0.9759483,0.00453214,3.37e-05,0.00941458
2025-09-21 19:00:00+00:00,3042.82,23.29969879,0.98824571,0.9769138,0.0034187,0.0,0.00931421
2025-09-21 20:00:00+00:00,3011.05,21.91495133,0.98894305,0.97918758,0.00339136,0.0,0.00891225
2025-09-21 21:00:00+00:00,2925.475,23.00770453,0.98845308,0.97645801,0.0041875,0.0,0.0098212
2025-09-21 22:00:00+00:00,2830.4825,21.65655546,0.98842531,0.9768062,0.00500508,6.25e-06,0.00984181
2025-09-21 23:00:00+00:00,2800.125,24.68612421,0.9879358,0.97331956,0.00469865,0.00025258,0.00927279
2025-09-22 00:00:00+00:00,2769.9775,25.47705222,0.99370471,0.97750692,0.00534179,0.00039809,0.00323493
2025-09-22 01:00:00+00:00,2804.275,25.9920782,0.99326574,0.97603157,0.00580681,0.00032277,0.00349318
2025-09-22 02:00:00+00:00,2816.99,25.82278322,0.99331087,0.97736371,0.0049271,0.00011261,0.00341932
2025-09-22 03:00:00+00:00,2862.06,21.92969511,0.99660591,0.98604509,0.00464255,0.0,0.00186148
2025-09-22 04:00:00+00:00,3041.855,22.44231133,0.99589741,0.98533691,0.00395886,0.0,0.00204586
2025-09-22 05:00:00+00:00,3240.995,22.40945627,0.99626735,0.98279406,0.00728799,1.135e-05,0.00188625
2025-09-22 06:00:00+00:00,3268.875,22.61252149,0.99623182,0.98138075,0.00827448,0.0,0.00199912
2025-09-22 07:00:00+00:00,3289.0075,22.92317493,0.9958374,0.98173363,0.00669525,0.0,0.00229817
2025-09-22 08:00:00+00:00,3280.1825,23.03997007,0.99553856,0.98657637,0.0012177,0.0,0.00220032
2025-09-22 09:00:00+00:00,3254.395,23.89947897,0.99488096,0.98570436,0.00021497,2.52e-05,0.00276528
2025-09-22 10:00:00+00:00,3309.3525,23.71964798,0.98717144,0.97811554,0.00027303,2.46e-05,0.00984745
2025-09-22 11:00:00+00:00,3322.355,23.5161011,0.98830394,0.97670072,0.00396486,2.279e-05,0.00916659
2025-09-22 12:00:00+00:00,3295.8175,23.77403543,0.98752184,0.97785771,0.00061366,2.933e-05,0.00990075
2025-09-22 13:00:00+00:00,3290.0525,24.52894177,0.98721535,0.97743493,0.00065905,0.0,0.01028602
2025-09-22 14:00:00+00:00,3291.2175,25.20640588,0.98812706,0.97706895,0.00066791,0.0,0.01045418
2025-09-22 15:00:00+00:00,3273.7875,25.64914659,0.98810145,0.97488661,0.0021095,0.0,0.01066403
2025-09-22 16:00:00+00:00,3246.9225,26.645491,0.98790483,0.97333624,0.00219235,0.0,0.01097201
2025-09-22 17:00:00+00:00,3286.4325,27.15520633,0.98688475,0.97087668,0.00238565,0.0,0.0111441
2025-09-22 18:00:00+00:00,3329.6,26.36884549,0.98769687,0.9737506,0.00221474,0.0,0.0108056
2025-09-22 19:00:00+00:00,3295.7025,26.51833719,0.98767034,0.97358856,0.00218617,0.0,0.01096357
2025-09-22 20:00:00+00:00,3270.4825,26.80289265,0.98713258,0.9741816,0.00062633,0.0,0.01108934
2025-09-22 21:00:00+00:00,3143.52,26.64150809,0.98852129,0.97558027,0.0006403,0.0,0.00978848
2025-09-22 22:00:00+00:00,3092.2075,28.22234166,0.99236778,0.97682437,0.00071394,1.171e-05,0.00583411
2025-09-22 23:00:00+00:00,2982.1625,26.40442252,0.9970374,0.98455498,0.00066644,0.0,0.00212509
2025-09-23 00:00:00+00:00,2952.4225,26.76194881,0.98908626,0.9762911,0.00066624,0.0,0.01003119
2025-09-23 01:00:00+00:00,2930.325,26.08038323,0.9878952,0.9757271,0.00066084,0.0,0.01108018
2025-09-23 02:00:00+00:00,2918.21,26.41255532,0.98711201,0.97425889,0.00068744,0.0,0.01134844
2025-09-23 03:00:00+00:00,2993.525,26.78009182,0.98745636,0.97254617,0.00248752,0.0,0.01106769
2025-09-23 04:00:00+00:00,3147.2725,27.94253824,0.98562477,0.96899096,0.00316603,0.0,0.01127341
2025-09-23 05:00:00+00:00,3341.715,27.49940619,0.98773486,0.96305125,0.01226957,0.0,0.0097424
2025-09-23 06:00:00+00:00,3421.1425,27.98187072,0.98759087,0.96213788,0.01192546,0.0,0.00942416
2025-09-23 07:00:00+00:00,3425.2475,27.81499107,0.98796832,0.96369074,0.01127583,0.0,0.00905287
2025-09-23 08:00:00+00:00,2981.755,28.64625609,0.98685294,0.96009256,0.01253828,0.0,0.01004649
2025-09-23 09:00:00+00:00,3329.18,27.67756582,0.98860857,0.96514255,0.01137677,0.0,0.00875937
2025-09-23 10:00:00+00:00,3346.16,27.307318,0.98806237,0.96570153,0.00984651,0.0,0.00935974
2025-09-23 11:00:00+00:00,3317.675,27.00467707,0.98798778,0.9661178,0.00960097,0.0,0.00945653
2025-09-23 12:00:00+00:00,3288.36,26.53893328,0.9882529,0.96675396,0.00953702,0.0,0.00885131
2025-09-23 13:00:00+00:00,3305.94,26.22580991,0.98854144,0.96644422,0.01045439,0.0,0.00873956
2025-09-23 14:00:00+00:00,3331.7075,26.2035005,0.98914731,0.96799679,0.00946547,0.0,0.00821468
2025-09-23 15:00:00+00:00,3321.035,26.62993474,0.98873179,0.96619756,0.0096291,0.0,0.00845738
2025-09-23 16:00:00+00:00,3322.475,28.73492021,0.98813618,0.96264896,0.01028658,6.277e-05,0.00903448
2025-09-23 17:00:00+00:00,3342.8575,28.30351776,0.9870985,0.96235555,0.01003554,0.0,0.01008696
2025-09-23 18:00:00+00:00,3333.015,27.85774671,0.98562383,0.96186206,0.00976069,0.0,0.01151788
2025-09-23 19:00:00+00:00,3302.0275,26.11696654,0.98809745,0.96660298,0.00937994,0.0,0.01056469
2025-09-23 20:00:00+00:00,3256.6225,26.13237968,0.98794773,0.9664435,0.00937845,4.37e-06,0.01059407
2025-09-23 21:00:00+00:00,3147.44,25.94306473,0.98822389,0.96583817,0.01007776,1.35e-05,0.01080576
2025-09-23 22:00:00+00:00,3068.8175,25.59994074,0.99611841,0.98054973,0.00451056,0.0,0.00350494
2025-09-23 23:00:00+00:00,3008.9775,25.72419842,0.99457154,0.9757065,0.00838915,0.0,0.00448665
2025-09-24 00:00:00+00:00,3007.9625,25.23740643,0.98818026,0.97501893,0.00328006,0.0,0.01006803
2025-09-24 01:00:00+00:00,2982.3375,25.80972684,0.99519071,0.98041624,0.00450847,0.0,0.00299605
2025-09-24 02:00:00+00:00,3016.165,25.25947069,0.98823979,0.97451376,0.00333197,0.0,0.01006486
2025-09-24 03:00:00+00:00,3052.2425,24.66571349,0.98829784,0.9748743,0.00355978,0.0,0.00989195
2025-09-24 04:00:00+00:00,3254.6925,26.98700465,0.98709769,0.96977794,0.00373787,0.0,0.0109573
2025-09-24 05:00:00+00:00,3370.2475,27.10646696,0.9869956,0.97010658,0.00334716,0.0,0.0109177
2025-09-24 06:00:00+00:00,3386.8775,26.28091171,0.98755798,0.97187309,0.00318135,0.0,0.01045388
2025-09-24 07:00:00+00:00,3444.2175,26.30191118,0.98847307,0.97356309,0.00348392,0.0,0.00968595
2025-09-24 08:00:00+00:00,3462.6625,26.87796479,0.9878033,0.97171951,0.00315868,0.0,0.01025764
2025-09-24 09:00:00+00:00,3407.1175,26.60691955,0.98805954,0.97172659,0.00356255,0.0,0.00990752
2025-09-24 10:00:00+00:00,3365.7675,26.64891867,0.98798755,0.97131323,0.00402205,0.0,0.01020774
2025-09-24 11:00:00+00:00,3327.1725,27.04782548,0.987731,0.97283355,0.00164905,0.0,0.01038664
2025-09-24 12:00:00+00:00,3263.6525,27.05718111,0.98737131,0.97282327,0.00178758,0.0,0.01044592
2025-09-24 13:00:00+00:00,3291.83,27.33538163,0.98764118,0.97051885,0.00377629,0.0,0.0104149
2025-09-24 14:00:00+00:00,3315.1875,26.77851441,0.98778131,0.97097061,0.00470079,0.0,0.0103064
2025-09-24 15:00:00+00:00,3270.4525,28.32496137,0.98593515,0.96660758,0.00417009,0.0,0.0119264
2025-09-24 16:00:00+00:00,3263.1475,30.02215462,0.98470505,0.96360913,0.00376613,3.78e-05,0.01267512
2025-09-24 17:00:00+00:00,3278.9175,29.16687678,0.98508808,0.96550448,0.00385851,4.79e-05,0.01217062
2025-09-24 18:00:00+00:00,3272.7675,28.64208076,0.98532033,0.96598695,0.00364189,0.0,0.01210241
2025-09-24 19:00:00+00:00,3238.66,27.77882014,0.98661827,0.96876066,0.00349672,3.117e-05,0.01137781
2025-09-24 20:00:00+00:00,3181.465,28.04986843,0.98609224,0.96795624,0.00336218,0.0,0.0115073
2025-09-24 21:00:00+00:00,3087.92,28.17105414,0.98646384,0.96855577,0.00312207,0.0,0.01188651
2025-09-24 22:00:00+00:00,2973.325,28.41219815,0.99454196,0.97442667,0.00426235,0.0,0.0047829
2025-09-24 23:00:00+00:00,2944.5125,28.17458124,0.99413814,0.9752021,0.00348601,0.0,0.00429447
2025-09-25 00:00:00+00:00,2962.8275,28.12946059,0.98557113,0.9671948,0.003494,0.0,0.01225817
2025-09-25 01:00:00+00:00,2961.93,27.92015487,0.98552418,0.96669771,0.00417707,0.0,0.01226755
2025-09-25 02:00:00+00:00,2972.8775,28.04679403,0.98528039,0.96564851,0.00420769,0.0,0.01255648
2025-09-25 03:00:00+00:00,3030.5025,28.12557527,0.98548486,0.9656524,0.00402212,0.0,0.01236187
2025-09-25 04:00:00+00:00,3196.795,28.67986775,0.98481181,0.96440209,0.00396899,1.295e-05,0.01269463
2025-09-25 05:00:00+00:00,3421.065,28.55907264,0.98546742,0.96482589,0.00436099,3.296e-05,0.01222885
2025-09-25 06:00:00+00:00,3484.6725,28.38081863,0.98591868,0.96641944,0.00402543,4.193e-05,0.0117648
2025-09-25 07:00:00+00:00,3422.7625,27.51746063,0.98664048,0.96507608,0.007541,0.0,0.01114215
2025-09-25 08:00:00+00:00,3392.345,27.79670244,0.98711526,0.96572812,0.00745227,0.0,0.01071455
2025-09-25 09:00:00+00:00,3308.47,27.96484886,0.98704983,0.96569266,0.00779561,0.0,0.01068853
2025-09-25 10:00:00+00:00,3289.9,27.98234929,0.98680475,0.96511461,0.00791082,0.0,0.01068107
2025-09-25 11:00:00+00:00,3274.4175,27.86637684,0.98668518,0.96499938,0.00814091,0.0,0.01073995
2025-09-25 12:00:00+00:00,3252.5575,27.86181664,0.98720855,0.96557777,0.00823695,0.0,0.01034416
2025-09-25 13:00:00+00:00,3259.8625,28.04811981,0.98674262,0.96520069,0.00813611,0.0,0.01074371
2025-09-25 14:00:00+00:00,3261.185,28.28878877,0.98592169,0.96341236,0.00830232,0.0,0.01147879
2025-09-25 15:00:00+00:00,3240.9725,28.27959065,0.98612909,0.96421185,0.00806176,0.0,0.01136305
2025-09-25 16:00:00+00:00,3259.61,28.5491519,0.98535133,0.96196969,0.00828787,0.0,0.01205299
2025-09-25 17:00:00+00:00,3319.075,28.24461617,0.98574711,0.96286689,0.0082233,0.0,0.01176876
2025-09-25 18:00:00+00:00,3360.005,28.15974923,0.98566935,0.9680102,0.00338849,3.203e-05,0.01174675
2025-09-25 19:00:00+00:00,3326.4475,28.02511166,0.9863428,0.96877172,0.00349552,0.0,0.01134156
2025-09-25 20:00:00+00:00,3254.9675,28.18201474,0.9868347,0.96929549,0.00409723,0.0,0.01091892
2025-09-25 21:00:00+00:00,3168.8825,28.20223861,0.98694911,0.96835671,0.00506251,0.0,0.01119033
2025-09-25 22:00:00+00:00,3073.8,28.71019982,0.99434173,0.97620489,0.00339286,0.0,0.00427392
2025-09-25 23:00:00+00:00,3032.895,28.75586032,0.99383889,0.97563174,0.00370702,0.0,0.00404817
2025-09-26 00:00:00+00:00,3043.42,28.71197665,0.98617821,0.96798822,0.00372744,0.0,0.01141751
2025-09-26 01:00:00+00:00,3045.9125,28.78795427,0.98600766,0.96761085,0.00381533,0.0,0.01153481
2025-09-26 02:00:00+00:00,3055.33,29.01494683,0.98592635,0.96725973,0.00380438,0.0,0.01164339
2025-09-26 03:00:00+00:00,3118.9575,29.65962236,0.98564719,0.96587728,0.00372755,0.0,0.0120328
2025-09-26 04:00:00+00:00,3276.7825,29.88373229,0.98537642,0.96516444,0.00353421,0.0,0.01229639
2025-09-26 05:00:00+00:00,3463.765,29.73592295,0.98579032,0.96355107,0.00614104,0.0,0.01188563
2025-09-26 06:00:00+00:00,3492.9225,26.23624501,0.98800687,0.97342135,0.00581193,5.01e-05,0.00962661
2025-09-26 07:00:00+00:00,3480.795,25.22480321,0.98897007,0.97780684,0.00468891,2.521e-05,0.00897113
2025-09-26 08:00:00+00:00,3427.9775,25.70535978,0.98907376,0.9776862,0.00451,2.448e-05,0.00881599
2025-09-26 09:00:00+00:00,3369.34,25.55890237,0.98901884,0.97795281,0.00455966,2.887e-05,0.00884948
2025-09-26 10:00:00+00:00,3298.045,25.41516912,0.98900203,0.97818381,0.00458625,2.91e-05,0.00881045
2025-09-26 11:00:00+00:00,3264.5475,25.06013661,0.98882613,0.97860589,0.00484793,3.21e-05,0.00888302
2025-09-26 12:00:00+00:00,3247.2925,25.4447352,0.98869383,0.9780652,0.00490506,3.353e-05,0.0089751
2025-09-26 13:00:00+00:00,3243.225,25.16401387,0.98900997,0.97933901,0.00488033,0.0,0.0087219
2025-09-26 14:00:00+00:00,3233.4725,25.32442674,0.98890795,0.97923967,0.00446991,0.0,0.00884904
2025-09-26 15:00:00+00:00,3233.2825,26.16084169,0.98809063,0.97816248,0.00262901,0.0,0.0096148
2025-09-26 16:00:00+00:00,3267.495,25.59701692,0.98802959,0.97858842,0.00291046,0.0,0.00954685
2025-09-26 17:00:00+00:00,3301.545,25.65571569,0.98826801,0.98011382,0.0011817,0.0,0.00960484
2025-09-26 18:00:00+00:00,3293.4775,25.8366251,0.98816941,0.97921962,0.0013601,0.0,0.00976314
2025-09-26 19:00:00+00:00,3226.31,25.49486863,0.98856788,0.98080203,0.00085846,0.0,0.00984916
2025-09-26 20:00:00+00:00,3192.475,23.98542257,0.98931368,0.98333114,0.00073605,0.0,0.00911366
2025-09-26 21:00:00+00:00,3068.125,22.71959554,0.98970164,0.98473192,0.0007496,0.0,0.00878427
2025-09-26 22:00:00+00:00,3057.23,21.70685729,0.99028729,0.98690856,0.00060791,0.0,0.00853502
2025-09-26 23:00:00+00:00,3042.2,21.40018008,0.99056057,0.98807698,0.00060332,0.0,0.00815586
2025-09-27 00:00:00+00:00,3015.61,21.84531444,0.99085423,0.98867591,0.00060147,0.0,0.00808272
2025-09-27 01:00:00+00:00,2993.7675,22.51126991,0.99016288,0.98733787,0.00059289,0.0,0.00826088
2025-09-27 02:00:00+00:00,2975.925,23.77206588,0.98993824,0.98592432,0.00060355,0.0,0.00853616
2025-09-27 03:00:00+00:00,2988.8075,24.38402053,0.98961396,0.9851293,0.00059314,0.0,0.00866721
2025-09-27 04:00:00+00:00,3061.0725,24.92448433,0.98940177,0.98348572,0.00095668,0.0,0.00889137
2025-09-27 05:00:00+00:00,3108.385,24.87214575,0.98877894,0.98001215,0.00335916,0.0,0.00917131
2025-09-27 06:00:00+00:00,3191.89,24.3979801,0.98953293,0.98246745,0.00293874,0.0,0.0084678
2025-09-27 07:00:00+00:00,3222.145,24.56754762,0.98941667,0.9825904,0.00253843,0.0,0.00853424
2025-09-27 08:00:00+00:00,3212.905,23.82440121,0.98979456,0.98402634,0.00250463,0.0,0.0082212
2025-09-27 09:00:00+00:00,3161.56,24.07433064,0.98898349,0.98244282,0.00261594,0.0,0.00878634
2025-09-27 10:00:00+00:00,3077.2775,23.72599597,0.98884669,0.98221088,0.00266186,0.0,0.00889718
2025-09-27 11:00:00+00:00,3038.3975,23.19028525,0.98895637,0.98280068,0.00266783,0.0,0.00883962
2025-09-27 12:00:00+00:00,3007.72,23.47267025,0.98849574,0.98144424,0.00271502,0.0,0.00923307
2025-09-27 13:00:00+00:00,2982.5575,23.68650124,0.98833909,0.98108825,0.00271302,0.0,0.00939199
2025-09-27 14:00:00+00:00,2999.36,24.0737485,0.98816436,0.98146128,0.00190512,0.0,0.00957962
2025-09-27 15:00:00+00:00,3037.0425,26.87416502,0.98685696,0.97578847,0.00046783,0.0,0.01105736
2025-09-27 16:00:00+00:00,3066.285,28.07488576,0.98578536,0.97166843,0.00048284,0.0,0.01206831
2025-09-27 17:00:00+00:00,3108.9775,28.18656217,0.98525902,0.97003398,0.00053849,0.0,0.01252984
2025-09-27 18:00:00+00:00,3087.9775,27.85148355,0.98555459,0.96993739,0.00064048,0.0,0.0123008
2025-09-27 19:00:00+00:00,3016.84,27.36091657,0.98598474,0.97103513,0.00061933,0.0,0.01200332
2025-09-27 20:00:00+00:00,2946.53,26.30328514,0.98695833,0.9729695,0.00062104,0.0,0.01167897
2025-09-27 21:00:00+00:00,2850.765,26.57488549,0.98800299,0.9737348,0.00063673,0.0,0.01119099
2025-09-27 22:00:00+00:00,2794.1575,25.37597129,0.98803181,0.97566616,0.00063261,0.0,0.0113212
2025-09-27 23:00:00+00:00,2751.245,25.01226539,0.98820655,0.97638063,0.00063474,0.0,0.01137096
2025-09-28 00:00:00+00:00,2722.4325,24.17966544,0.98894311,0.97552871,0.00316229,0.0,0.01086458
2025-09-28 01:00:00+00:00,2716.5525,24.11897685,0.98922631,0.9757407,0.00321238,0.0,0.01072362
2025-09-28 02:00:00+00:00,2710.5525,24.76102452,0.98848001,0.97427009,0.00324937,0.0,0.0112642
2025-09-28 03:00:00+00:00,2715.175,24.40942419,0.98874928,0.97539232,0.0031477,0.0,0.01079757
2025-09-28 04:00:00+00:00,2734.2775,25.17386539,0.98862694,0.97439478,0.00315456,0.0,0.01110501
2025-09-28 05:00:00+00:00,2747.3825,25.7356677,0.98816096,0.97388109,0.00268917,0.0,0.01144136
2025-09-28 06:00:00+00:00,2833.99,25.25437563,0.9892139,0.97299914,0.00555611,0.0,0.01036874
2025-09-28 07:00:00+00:00,2875.325,24.22604063,0.98973795,0.9773815,0.00305247,0.0,0.00970341
2025-09-28 08:00:00+00:00,2873.0,24.01778589,0.98918046,0.97715779,0.0030121,0.0,0.01010728
2025-09-28 09:00:00+00:00,2875.6925,23.63795692,0.98923682,0.97753824,0.00299756,0.0,0.00997357
2025-09-28 10:00:00+00:00,2908.2425,23.59103756,0.98921543,0.9771704,0.0030613,0.0,0.01011938
2025-09-28 11:00:00+00:00,2907.2675,23.8088633,0.98928179,0.97385438,0.00683464,0.0,0.00988364
2025-09-28 12:00:00+00:00,2911.4,23.37279401,0.98976141,0.97842173,0.00316995,0.0,0.00969091
2025-09-28 13:00:00+00:00,2915.745,23.38046617,0.98970566,0.97892673,0.00300892,0.0,0.0095025
2025-09-28 14:00:00+00:00,2948.6925,25.62559343,0.98841451,0.97215835,0.00501681,0.0,0.01080556
2025-09-28 15:00:00+00:00,2955.875,25.15122571,0.98844862,0.97482498,0.00204088,0.0,0.0110825
2025-09-28 16:00:00+00:00,2957.0025,28.2385985,0.98633748,0.97145356,1.21e-06,0.0,0.01275083
2025-09-28 17:00:00+00:00,3025.0925,28.1909344,0.98623211,0.97055447,7.6e-07,0.0,0.01272737
2025-09-28 18:00:00+00:00,3047.5325,24.78785112,0.98750738,0.97529866,4e-07,0.0,0.0114933
2025-09-28 19:00:00+00:00,3031.9975,22.90203718,0.98877243,0.98018107,3.2e-07,0.0,0.01019029
2025-09-28 20:00:00+00:00,3006.605,23.37533353,0.98846621,0.9791308,2.8e-07,0.0,0.01046333
2025-09-28 21:00:00+00:00,2930.87,22.6269347,0.98883524,0.98051366,8e-08,0.0,0.01035417
2025-09-28 22:00:00+00:00,2822.23,22.88463662,0.98777747,0.97685953,0.00149036,0.00012939,0.01078748
2025-09-28 23:00:00+00:00,2757.3,23.01470655,0.98735289,0.97591008,0.00150754,0.00015067,0.01096216
2025-09-29 00:00:00+00:00,2706.1175,23.44369105,0.99564255,0.98347524,0.00150736,1.14e-05,0.00316534
2025-09-29 01:00:00+00:00,2713.4825,23.28572255,0.99570278,0.98235402,0.0031512,0.0,0.00305645
2025-09-29 02:00:00+00:00,2726.1975,23.75108252,0.99525766,0.98248357,0.00181376,0.0,0.00334965
2025-09-29 03:00:00+00:00,2789.1725,24.32665096,0.99507526,0.98044639,0.0031656,0.0,0.00350474
2025-09-29 04:00:00+00:00,2920.1925,27.98783516,0.99279364,0.96949146,0.00685939,0.0,0.00490407
2025-09-29 05:00:00+00:00,3125.705,27.87544889,0.99313781,0.96971067,0.0080824,0.0,0.00444699
2025-09-29 06:00:00+00:00,3224.02,28.13900148,0.98935051,0.96604064,0.00762378,0.0,0.00933364
2025-09-29 07:00:00+00:00,3203.9375,27.38983408,0.98833131,0.96790166,0.00718679,0.0,0.01111268
2025-09-29 08:00:00+00:00,3195.9425,27.36275459,0.98897134,0.9707143,0.00671709,0.0,0.01024348
2025-09-29 09:00:00+00:00,3146.1875,27.95963381,0.98826532,0.96868366,0.00644683,0.0,0.01144778
2025-09-29 10:00:00+00:00,3093.92,28.41038759,0.98868237,0.96925616,0.00628515,0.0,0.01117807
2025-09-29 11:00:00+00:00,3104.6425,28.58956377,0.98828836,0.96738688,0.00740939,0.0,0.01152389
2025-09-29 12:00:00+00:00,3094.35,28.91968277,0.98812796,0.96707167,0.00736164,0.0,0.01166836
2025-09-29 13:00:00+00:00,3130.1275,29.54294148,0.9871222,0.96419136,0.00774902,0.0,0.01262058
2025-09-29 14:00:00+00:00,3160.495,29.74182458,0.98705832,0.96255882,0.00875542,0.0,0.01272273
2025-09-29 15:00:00+00:00,3151.2275,29.46168533,0.98661626,0.96081941,0.01015165,0.0,0.01303931
2025-09-29 16:00:00+00:00,3133.7975,29.01693211,0.98691205,0.96196196,0.01022711,0.0,0.01274895
2025-09-29 17:00:00+00:00,3175.545,28.66208192,0.98723651,0.96266492,0.01038418,0.0,0.01244264
2025-09-29 18:00:00+00:00,3162.2275,28.35314295,0.98744497,0.9636397,0.00976134,0.0,0.01222037
2025-09-29 19:00:00+00:00,3135.71,28.54380434,0.98738251,0.96365521,0.00928979,0.0,0.01244615
2025-09-29 20:00:00+00:00,3072.7075,28.51891738,0.98773167,0.96443696,0.00915507,0.0,0.01211164
2025-09-29 21:00:00+00:00,2967.7675,28.38326209,0.98791149,0.96505683,0.00898429,0.0,0.01198603
2025-09-29 22:00:00+00:00,2897.45,28.1987118,0.98721855,0.96422357,0.00859624,8.892e-05,0.01255722
2025-09-29 23:00:00+00:00,2848.815,28.05160803,0.98739294,0.96393848,0.00925394,0.00015069,0.01237072
2025-09-30 00:00:00+00:00,2831.25,27.82856253,0.98727682,0.96385748,0.00929918,0.00011154,0.01250568
2025-09-30 01:00:00+00:00,2821.0475,27.35417188,0.9872216,0.96408048,0.00942988,0.0,0.0126114
2025-09-30 02:00:00+00:00,2822.775,27.56693827,0.98777382,0.96519808,0.00922686,0.0,0.01209117
2025-09-30 03:00:00+00:00,2870.91,27.96267841,0.98763713,0.96258751,0.01118035,0.0,0.01223307
2025-09-30 04:00:00+00:00,3016.805,28.10270863,0.98735998,0.96020813,0.01283202,0.0,0.01246687
2025-09-30 05:00:00+00:00,3203.295,27.63620509,0.98750696,0.96481558,0.00884946,0.0,0.01201482
2025-09-30 06:00:00+00:00,3247.07,27.09346218,0.98905547,0.96640171,0.01055801,0.0,0.01079383
2025-09-30 07:00:00+00:00,3241.56,27.58566575,0.98911362,0.96267772,0.01387148,0.0,0.01074682
2025-09-30 08:00:00+00:00,2813.84,28.30239204,0.98791821,0.9634199,0.01029358,9.8e-07,0.01188576
2025-09-30 09:00:00+00:00,3200.6,28.27365567,0.98895421,0.96529491,0.01013411,1.04e-06,0.01084577
2025-09-30 10:00:00+00:00,3162.3875,28.39777349,0.98841205,0.96507038,0.00964,1.21e-06,0.01141263
2025-09-30 11:00:00+00:00,3129.15,28.85822308,0.98782988,0.96025911,0.01350314,1.06e-06,0.01195525
2025-09-30 12:00:00+00:00,3144.63,29.03129116,0.98850187,0.96293334,0.01177974,1.05e-06,0.01133105
2025-09-30 13:00:00+00:00,3157.255,29.52687756,0.98759174,0.96072653,0.0121893,1.82e-06,0.01215264
2025-09-30 14:00:00+00:00,3162.0875,29.41064494,0.9877852,0.96498544,0.00855036,0.0,0.01205663
2025-09-30 15:00:00+00:00,3140.725,29.4010913,0.98720087,0.96268551,0.0099145,0.0,0.0123538
2025-09-30 16:00:00+00:00,3158.6725,29.26393496,0.98720456,0.9596493,0.0129167,0.0,0.01230864
2025-09-30 17:00:00+00:00,3205.53,27.94852822,0.98792077,0.96327665,0.01230517,0.0,0.01162277
2025-09-30 18:00:00+00:00,3217.4225,28.48103721,0.98734802,0.96405011,0.00958176,0.0,0.01217386
2025-09-30 19:00:00+00:00,3192.3925,28.31659981,0.98766379,0.96509479,0.00939123,0.0,0.01191005
2025-09-30 20:00:00+00:00,3126.6,28.83648182,0.98689932,0.96299057,0.00941203,0.0,0.01264589
2025-09-30 21:00:00+00:00,3022.0825,28.76709961,0.98684297,0.96318208,0.00915353,0.0,0.01284057
2025-09-30 22:00:00+00:00,2962.6325,29.05519898,0.98687915,0.96306976,0.00901353,0.0,0.01294586
2025-09-30 23:00:00+00:00,2912.9225,28.93944392,0.98761824,0.9670342,0.00613255,0.0,0.01223118
2025-10-01 00:00:00+00:00,2878.845,28.55879623,0.98743755,0.96792582,0.00542898,0.0,0.01242491
2025-10-01 01:00:00+00:00,2871.4125,27.90965973,0.9879537,0.968888,0.00567306,0.0,0.01191432
2025-10-01 02:00:00+00:00,2871.3325,27.63986562,0.98800608,0.9693593,0.00581106,0.0,0.01183449
2025-10-01 03:00:00+00:00,2939.415,27.99663153,0.98749602,0.96925233,0.00421219,0.0,0.01237158
2025-10-01 04:00:00+00:00,3087.225,28.57150575,0.98687875,0.9636026,0.00861762,0.0,0.01265731
2025-10-01 05:00:00+00:00,3241.845,25.77090221,0.98840479,0.96894725,0.0084631,0.0,0.01119943
2025-10-01 06:00:00+00:00,3294.72,26.40140049,0.98813336,0.96748506,0.00812258,0.0,0.0115055
2025-10-01 07:00:00+00:00,3291.9975,26.49288777,0.98775326,0.96705728,0.0074241,0.0,0.01182829
2025-10-01 08:00:00+00:00,3255.76,25.62588526,0.98866286,0.97158677,0.00529557,0.0,0.01109203
2025-10-01 09:00:00+00:00,3193.92,25.86930184,0.98854957,0.97112344,0.00553232,0.0,0.01116793
2025-10-01 10:00:00+00:00,3149.925,26.02458146,0.98845148,0.97057853,0.0055041,0.0,0.0112514
2025-10-01 11:00:00+00:00,3126.5025,26.62386635,0.98773867,0.96870821,0.00557446,0.0,0.01190837
2025-10-01 12:00:00+00:00,3118.7025,26.75363862,0.98820466,0.96898037,0.0052454,0.0,0.01147293
2025-10-01 13:00:00+00:00,3131.08,27.78223796,0.98720958,0.96688852,0.00530108,0.0,0.01240493
2025-10-01 14:00:00+00:00,3146.915,28.18030364,0.98683843,0.96579027,0.00559152,0.0,0.01267856
2025-10-01 15:00:00+00:00,3134.03,28.16476127,0.98672523,0.96613136,0.00578902,0.0,0.0126002
2025-10-01 16:00:00+00:00,3163.505,29.03058862,0.98649173,0.96449715,0.00619942,0.0,0.0127748
2025-10-01 17:00:00+00:00,3223.2675,28.8080052,0.98685246,0.96485124,0.00628589,0.0,0.01239863
2025-10-01 18:00:00+00:00,3192.1925,27.38372724,0.98705665,0.97143023,0.00162888,0.0,0.01203144
2025-10-01 19:00:00+00:00,3158.1375,26.92488264,0.98711443,0.97174699,0.00138686,0.0,0.01200464
2025-10-01 20:00:00+00:00,3092.38,27.73726245,0.98676252,0.96971616,0.00127986,0.0,0.01251955
2025-10-01 21:00:00+00:00,3017.045,27.25190885,0.98684771,0.97001618,0.0005851,0.0,0.01277379
2025-10-01 22:00:00+00:00,2916.2825,27.29338946,0.98643415,0.96936406,0.0,0.0,0.01335885
2025-10-01 23:00:00+00:00,2867.66,27.97430256,0.98579353,0.96806746,5.8e-07,0.0,0.01393103
2025-10-02 00:00:00+00:00,2828.005,28.25493343,0.98586502,0.96796257,2e-08,0.0,0.01381859
2025-10-02 01:00:00+00:00,2824.9125,26.4232162,0.98592728,0.97049472,2.6e-07,0.0,0.01375962
2025-10-02 02:00:00+00:00,2796.925,26.32684811,0.98580895,0.97062025,0.00060913,0.0,0.01347732
2025-10-02 03:00:00+00:00,2847.5475,26.10040947,0.98622942,0.97010256,0.00186609,0.0,0.01310587
2025-10-02 04:00:00+00:00,3006.8475,26.5058571,0.98668822,0.96929259,0.00369728,0.0,0.01243281
2025-10-02 05:00:00+00:00,3207.135,25.16613158,0.98748231,0.97193444,0.00289694,0.0,0.01179353
2025-10-02 06:00:00+00:00,3261.0475,24.67405707,0.9880712,0.97367164,0.00219936,0.0,0.01118092
2025-10-02 07:00:00+00:00,3301.2575,24.93318406,0.98804776,0.9733974,0.00214532,0.0,0.01127648
2025-10-02 08:00:00+00:00,3302.9075,24.92870973,0.98831451,0.97146324,0.00365958,0.0,0.01129706
2025-10-02 09:00:00+00:00,3282.42,25.67795821,0.98854176,0.97053959,0.00449347,0.0,0.01109452
2025-10-02 10:00:00+00:00,3263.725,25.67135877,0.98861726,0.97023864,0.00523167,0.0,0.01095743
2025-10-02 11:00:00+00:00,3246.64,25.3146924,0.98866603,0.9703268,0.00532265,0.0,0.01094397
2025-10-02 12:00:00+00:00,3235.3,25.05403799,0.98842292,0.97042325,0.00499882,0.0,0.01124941
2025-10-02 13:00:00+00:00,3265.6275,25.29245796,0.9899082,0.97391155,0.00507365,0.0,0.00995214
2025-10-02 14:00:00+00:00,3282.4025,25.60816497,0.98970487,0.97307999,0.00500887,0.0,0.01015977
2025-10-02 15:00:00+00:00,3218.0875,21.01117669,0.99203655,0.98148585,0.00874142,0.0,0.00788671
2025-10-02 16:00:00+00:00,3236.105,20.2824586,0.99255484,0.98504303,0.00751099,0.0,0.00733352
2025-10-02 17:00:00+00:00,3276.6625,20.72609426,0.99271578,0.98422645,0.00848639,0.0,0.00714247
2025-10-02 18:00:00+00:00,3268.515,20.84675781,0.99251644,0.98431221,0.008203,0.0,0.00709482
2025-10-02 19:00:00+00:00,3212.775,21.08469261,0.99266792,0.98411018,0.00773119,1.81e-06,0.00693448
2025-10-02 20:00:00+00:00,3141.8175,20.84253267,0.99252197,0.98092955,0.01054114,1.04e-06,0.00703554
2025-10-02 21:00:00+00:00,3060.5175,22.35608657,0.99149976,0.98272957,0.00338012,0.0,0.00816068
2025-10-02 22:00:00+00:00,2965.5925,23.0252092,0.99076716,0.97849944,0.00471847,6.023e-05,0.00906225
2025-10-02 23:00:00+00:00,2948.5475,23.15636819,0.99072997,0.97762609,0.00472717,3.941e-05,0.00917522
2025-10-03 00:00:00+00:00,2919.035,22.43764073,0.99081412,0.98265151,0.0008908,4.518e-05,0.00908353
2025-10-03 01:00:00+00:00,2927.3425,22.99958936,0.99101544,0.97889015,0.00397687,5.046e-05,0.00891045
2025-10-03 02:00:00+00:00,2938.5375,22.69275021,0.99095678,0.9790882,0.00426096,3.385e-05,0.00895479
2025-10-03 03:00:00+00:00,2989.73,22.3817048,0.99099082,0.97947927,0.0041539,0.0,0.00889906
2025-10-03 04:00:00+00:00,3127.8175,22.16355103,0.9908495,0.97863398,0.00463288,0.0,0.00892485
2025-10-03 05:00:00+00:00,3311.8175,22.24830776,0.99077563,0.97924484,0.00334277,1.42e-06,0.00902894
2025-10-03 06:00:00+00:00,3375.925,22.07661028,0.99065671,0.9792033,0.00341964,0.0,0.00916244
2025-10-03 07:00:00+00:00,3354.4,22.44424651,0.99079336,0.97915557,0.00333095,0.0,0.00902695
2025-10-03 08:00:00+00:00,3347.09,22.95618631,0.99058672,0.97807516,0.00309466,0.0,0.00915936
2025-10-03 09:00:00+00:00,3351.305,22.79667106,0.99101502,0.97871753,0.00330853,0.0,0.00877179
2025-10-03 10:00:00+00:00,3379.585,22.44018554,0.99092085,0.97866594,0.0032922,0.0,0.00883633
2025-10-03 11:00:00+00:00,3352.955,22.3426888,0.99099573,0.97870997,0.00327642,0.0,0.00875841
2025-10-03 12:00:00+00:00,3330.75,22.25162494,0.99099776,0.97874196,0.00333816,0.0,0.0088286
2025-10-03 13:00:00+00:00,3311.09,21.84360721,0.99124108,0.98034752,0.00302848,0.0,0.00867325
2025-10-03 14:00:00+00:00,3331.575,22.06259879,0.99132241,0.98014372,0.00289137,0.0,0.00864006
2025-10-03 15:00:00+00:00,3328.8,21.86024955,0.99128673,0.9801576,0.00289335,0.0,0.00866963
2025-10-03 16:00:00+00:00,3269.0775,21.08212825,0.9909551,0.9799259,0.00328105,0.0,0.00894064
2025-10-03 17:00:00+00:00,3232.305,21.33141848,0.99120776,0.98028743,0.00376883,0.0,0.00868
2025-10-03 18:00:00+00:00,3188.47,19.72299588,0.99192362,0.98429574,0.00301174,0.0,0.0079326
2025-10-03 19:00:00+00:00,3141.4975,21.49401855,0.9915955,0.98439789,0.00092859,0.0,0.00827044
2025-10-03 20:00:00+00:00,3114.6425,21.25789401,0.99107137,0.98389598,0.00024905,0.0,0.00862709
2025-10-03 21:00:00+00:00,3022.56,21.68103779,0.98986882,0.98040728,0.00035749,0.0,0.00984986
2025-10-03 22:00:00+00:00,3047.7975,24.3642493,0.98827362,0.9752701,0.0,0.0,0.01137613
2025-10-03 23:00:00+00:00,2961.49,24.9252274,0.98860108,0.97578233,0.0,0.00017114,0.01099526
2025-10-04 00:00:00+00:00,2787.1275,25.46695423,0.98781962,0.9739064,0.0,0.00020338,0.01164783
2025-10-04 01:00:00+00:00,2709.335,26.00348675,0.98587589,0.96952181,0.0,0.00025605,0.01341682
2025-10-04 02:00:00+00:00,2303.3875,26.39598846,0.98535555,0.96936271,0.0,0.0001593,0.01410377
2025-10-04 03:00:00+00:00,2421.385,25.92209979,0.9846075,0.96933671,0.0,7e-05,0.01476713
2025-10-04 04:00:00+00:00,2533.9,25.43753632,0.98546272,0.97055109,0.0,0.00021878,0.01390095
2025-10-04 05:00:00+00:00,2533.17,25.04138597,0.98593829,0.97176973,0.0,0.00033022,0.01328741
2025-10-04 06:00:00+00:00,2616.77,25.21008444,0.98673088,0.97299435,0.00027677,0.00031655,0.01269549
2025-10-04 07:00:00+00:00,2693.8025,26.47842728,0.98557812,0.96991216,0.00062388,0.00023084,0.01361401
2025-10-04 08:00:00+00:00,2809.54,26.60008262,0.9861699,0.96970865,0.00078964,0.00013126,0.01315296
2025-10-04 09:00:00+00:00,2800.655,25.44461018,0.98694286,0.97259662,0.00076458,0.0,0.01249029
2025-10-04 10:00:00+00:00,2806.315,24.26604207,0.98742137,0.9750671,0.00075576,0.0,0.01184861
2025-10-04 11:00:00+00:00,2784.8125,25.13947899,0.98732163,0.97345392,0.0006872,1.977e-05,0.01210682
2025-10-04 12:00:00+00:00,2698.1225,25.09602501,0.98727155,0.97326162,0.00071717,0.0,0.0122154
2025-10-04 13:00:00+00:00,2724.7825,24.89357863,0.98841309,0.97526456,0.00069847,0.0,0.01113006
2025-10-04 14:00:00+00:00,2721.2925,26.01771242,0.98640604,0.97091896,0.00074558,0.0,0.01314954
2025-10-04 15:00:00+00:00,2682.9775,24.87243795,0.98767695,0.97319934,0.00160196,0.0,0.01202742
2025-10-04 16:00:00+00:00,2702.0525,24.55595962,0.98866683,0.964383,0.01201563,0.0,0.01108766
2025-10-04 17:00:00+00:00,2742.8225,25.77999999,0.98801426,0.96299733,0.01196605,0.0,0.01170213
2025-10-04 18:00:00+00:00,2704.0825,24.27975377,0.9883757,0.96481808,0.01174187,0.0,0.01136368
2025-10-04 19:00:00+00:00,2650.94,24.55196614,0.98864768,0.96477729,0.0115077,0.0,0.01109114
2025-10-04 20:00:00+00:00,2682.2875,25.12143965,0.98770059,0.9616325,0.01210428,0.0,0.01195258
2025-10-04 21:00:00+00:00,2703.46,23.99046465,0.98782661,0.96329509,0.0121845,0.0,0.01186294
2025-10-04 22:00:00+00:00,2682.4725,23.75372058,0.98764747,0.97025078,0.00551409,0.0,0.01199114
2025-10-04 23:00:00+00:00,2670.2525,22.65377408,0.98768473,0.9764695,0.00076953,4.33e-06,0.01186933
2025-10-05 00:00:00+00:00,2672.8975,25.75587218,0.98588911,0.97025943,0.00080165,9.485e-05,0.01342846
2025-10-05 01:00:00+00:00,2693.3025,25.91739227,0.9854146,0.96903949,0.00078551,0.00035481,0.01370071
2025-10-05 02:00:00+00:00,2704.2175,25.58293728,0.98532031,0.96933787,0.00081461,0.00044625,0.01366234
2025-10-05 03:00:00+00:00,2658.8725,26.11567276,0.9849488,0.96872805,0.00083495,0.00043469,0.0140147
2025-10-05 04:00:00+00:00,2676.9725,25.94933863,0.98515207,0.96942414,0.00082818,0.00063907,0.01370542
2025-10-05 05:00:00+00:00,2717.45,23.87752138,0.98644213,0.9740401,0.00079022,0.00036546,0.01255053
2025-10-05 06:00:00+00:00,2779.5525,26.66488194,0.98501475,0.96870527,0.00079903,0.00043945,0.01372541
2025-10-05 07:00:00+00:00,2852.6375,24.53039823,0.9869921,0.9737001,0.00074882,0.00028781,0.01225704
2025-10-05 08:00:00+00:00,2933.455,23.94555034,0.98809877,0.9756184,0.00070673,0.00033657,0.01122549
2025-10-05 09:00:00+00:00,2919.97,24.54441267,0.9873031,0.97403438,0.00086659,5.255e-05,0.01212158
2025-10-05 10:00:00+00:00,2919.9125,26.05173005,0.98813604,0.96782987,0.00569932,0.00015473,0.0113719
2025-10-05 11:00:00+00:00,2930.6675,24.96408707,0.98821467,0.97058694,0.00639329,5.768e-05,0.01133903
2025-10-05 12:00:00+00:00,2955.545,22.63046017,0.98910243,0.97608496,0.00587391,2.05e-05,0.01056993
2025-10-05 13:00:00+00:00,2958.0725,23.0303665,0.98871661,0.97642383,0.00562366,0.0,0.01098216
2025-10-05 14:00:00+00:00,3021.82,22.88376492,0.98924309,0.97721864,0.00572288,0.0,0.01047908
2025-10-05 15:00:00+00:00,3069.695,23.42908306,0.9894882,0.97718236,0.00562683,0.0,0.01017943
2025-10-05 16:00:00+00:00,3109.2275,24.45169202,0.98956272,0.97409233,0.00712703,0.0,0.01022518
2025-10-05 17:00:00+00:00,3182.23,24.82967317,0.99004788,0.97406787,0.00735652,0.0,0.00976455
2025-10-05 18:00:00+00:00,3164.325,24.9112364,0.9900679,0.9695527,0.01187604,0.0,0.00958932
2025-10-05 19:00:00+00:00,3107.2875,25.31540758,0.98905677,0.97303021,0.00633977,0.0,0.01051012
2025-10-05 20:00:00+00:00,3087.17,25.83271262,0.98878289,0.97334736,0.00516629,0.0,0.01102238
2025-10-05 21:00:00+00:00,3020.3325,26.70813042,0.98919475,0.9710927,0.00680827,0.0,0.0106572
2025-10-05 22:00:00+00:00,2946.195,26.45658462,0.98939651,0.97348327,0.00417134,0.0,0.01029348
2025-10-05 23:00:00+00:00,2889.985,25.83426112,0.98963921,0.97389148,0.00387137,0.0,0.01019833
2025-10-06 00:00:00+00:00,2851.75,26.01168757,0.98908288,0.9722048,0.00407247,0.0,0.01081178
2025-10-06 01:00:00+00:00,2815.9025,25.68770543,0.98914238,0.97261553,0.00405713,0.0,0.01076866
2025-10-06 02:00:00+00:00,2834.865,25.06434545,0.98985278,0.97405015,0.00402609,0.0,0.01008653
2025-10-06 03:00:00+00:00,2901.085,25.10605946,0.98998611,0.97452854,0.00403215,0.0,0.00990489
2025-10-06 04:00:00+00:00,3011.165,25.17055272,0.99069353,0.97734324,0.00310795,0.0,0.00926699
2025-10-06 05:00:00+00:00,3157.74,26.21833146,0.99018572,0.97632785,0.00206111,0.0,0.00976336
2025-10-06 06:00:00+00:00,3234.4275,26.59112201,0.98985363,0.97520787,0.0027097,0.0,0.0101077
2025-10-06 07:00:00+00:00,3252.2925,26.87417894,0.98972887,0.97556636,0.00219525,0.0,0.01024762
2025-10-06 08:00:00+00:00,3285.24,25.58117001,0.9908367,0.9795612,0.00246301,0.0,0.00913585
2025-10-06 09:00:00+00:00,3290.4,25.59605936,0.99133747,0.97507271,0.00772387,0.0,0.00862801
2025-10-06 10:00:00+00:00,3287.1475,25.36256484,0.99140975,0.97378777,0.00947531,0.0,0.00856292
2025-10-06 11:00:00+00:00,3280.4375,25.13230174,0.991412,0.9732805,0.01024953,0.0,0.0085735
2025-10-06 12:00:00+00:00,3314.6975,24.95471624,0.99199254,0.97607329,0.00815499,0.0,0.00800408
2025-10-06 13:00:00+00:00,3337.305,24.86971637,0.9914673,0.97553139,0.00827396,0.0,0.00852934
2025-10-06 14:00:00+00:00,3322.22,24.35241953,0.99175436,0.98063164,0.00383766,0.0,0.00824564
2025-10-06 15:00:00+00:00,3269.375,23.67174726,0.99147072,0.98019464,0.00449171,0.0,0.00852928
2025-10-06 16:00:00+00:00,3275.97,22.98323344,0.99052931,0.97849518,0.00446844,0.0,0.00946708
2025-10-06 17:00:00+00:00,3286.1275,22.26674912,0.99014608,0.97872657,0.00430813,0.0,0.00979973
2025-10-06 18:00:00+00:00,3250.1825,21.64022622,0.99054471,0.97941376,0.00508938,0.0,0.00938067
2025-10-06 19:00:00+00:00,3213.02,21.88548871,0.99042424,0.97917455,0.00519599,0.0,0.00945772
2025-10-06 20:00:00+00:00,3170.81,23.14373032,0.98999088,0.97751359,0.00486605,0.0,0.00981113
2025-10-06 21:00:00+00:00,3080.8675,22.96636057,0.99022417,0.97775881,0.00466337,0.0,0.00960021
2025-10-06 22:00:00+00:00,2972.09,21.95681233,0.99141728,0.98147584,0.00520032,0.0,0.00844974
2025-10-06 23:00:00+00:00,2938.2625,22.36786601,0.99133283,0.98052741,0.00492272,0.0,0.00854864
2025-10-07 00:00:00+00:00,2905.035,22.43227338,0.99103123,0.97953844,0.00522813,0.0,0.00885242
2025-10-07 01:00:00+00:00,2894.7875,22.80639188,0.99094848,0.97887928,0.0051324,0.0,0.00891728
2025-10-07 02:00:00+00:00,2875.7425,22.86091327,0.99075798,0.97887292,0.0050018,0.0,0.00910283
2025-10-07 03:00:00+00:00,2897.4075,22.14911625,0.99083961,0.97973629,0.00513713,0.0,0.0090101
2025-10-07 04:00:00+00:00,3016.085,21.04298217,0.9901865,0.98102002,0.00471958,0.0,0.009466
2025-10-07 05:00:00+00:00,3237.63,22.80209045,0.99005543,0.97622739,0.00858164,0.0,0.00909438
2025-10-07 06:00:00+00:00,3296.775,22.46953665,0.9903645,0.98061877,0.00348185,0.0,0.00926477
2025-10-07 07:00:00+00:00,3291.9175,22.528318,0.99085411,0.98022393,0.00397743,0.0,0.00884521
2025-10-07 08:00:00+00:00,2849.0775,22.01431735,0.99053029,0.98116973,0.0034208,0.0,0.00918073
2025-10-07 09:00:00+00:00,3252.5625,21.30023884,0.99153198,0.98223191,0.00414998,0.0,0.00810107
2025-10-07 10:00:00+00:00,3236.535,20.69941638,0.99194196,0.98188122,0.00640437,0.0,0.00772284
2025-10-07 11:00:00+00:00,3203.488702,20.93350973,0.99184634,0.98347596,0.00416683,1.066e-05,0.00789309
2025-10-07 12:00:00+00:00,3203.50715,21.42531897,0.99167476,0.98724249,0.00043408,2.414e-05,0.00807674
2025-10-07 13:00:00+00:00,3211.39846875,22.26324858,0.99203191,0.98204877,0.00610686,2.503e-05,0.00777349
2025-10-07 14:00:00+00:00,3248.33923675,23.47818883,0.99190794,0.98157974,0.0049759,4.429e-05,0.00779181
2025-10-07 15:00:00+00:00,3230.7350435,24.40161066,0.99149894,0.98046214,0.00423728,4.629e-05,0.00815921
2025-10-07 16:00:00+00:00,3208.706574,24.18964289,0.9907076,0.97637981,0.00709475,3.399e-05,0.00897631
2025-10-07 17:00:00+00:00,3210.27638775,24.25429425,0.99077068,0.97601914,0.00766135,4.469e-05,0.00894583
2025-10-07 18:00:00+00:00,3201.95648275,24.18477207,0.99104168,0.97517939,0.00884041,0.00011092,0.00870905
2025-10-07 19:00:00+00:00,3164.73729775,24.93828226,0.99097605,0.97386213,0.00889942,0.0001289,0.0088154
2025-10-07 20:00:00+00:00,3102.116817,24.47160806,0.99123852,0.97472933,0.00879278,0.00014314,0.00858684
2025-10-07 21:00:00+00:00,3034.06630375,24.8874043,0.99114845,0.9743194,0.00881098,0.00010141,0.00871369
2025-10-07 22:00:00+00:00,2962.730828,24.83904603,0.99162331,0.98241618,0.00119661,1.452e-05,0.00832763
2025-10-07 23:00:00+00:00,2920.142066,24.34028032,0.99180362,0.98438692,0.0,4.202e-05,0.00813613
2025-10-08 00:00:00+00:00,2892.84036825,24.57463761,0.99168848,0.9841261,0.0,4.016e-05,0.008249
2025-10-08 01:00:00+00:00,2897.47709775,24.78789204,0.99176492,0.98421455,0.0,2.841e-05,0.00817281
2025-10-08 02:00:00+00:00,2920.181676,24.83662913,0.99184637,0.984521,0.0,4.308e-05,0.00806758
2025-10-08 03:00:00+00:00,2975.09568275,24.98006707,0.99181713,0.98417561,6.049e-05,2.17e-05,0.00809842
2025-10-08 04:00:00+00:00,3125.7782395,25.03941055,0.99187432,0.97985672,0.00434553,5.374e-05,0.0079954
2025-10-08 05:00:00+00:00,3247.921734,23.95711586,0.99205288,0.9828311,0.00300591,3.491e-05,0.00774095
2025-10-08 06:00:00+00:00,3271.161125,23.67523347,0.99156988,0.98373416,0.00154356,2.52e-06,0.00823757
2025-10-08 07:00:00+00:00,3283.5584805,24.42640054,0.99195756,0.9819135,0.00278702,4.3e-07,0.00791241
2025-10-08 08:00:00+00:00,3288.556763,24.70575952,0.991904,0.98394336,0.00032278,4.6e-07,0.00796696
2025-10-08 09:00:00+00:00,3293.692949,24.36436634,0.99229056,0.98393624,0.00138451,4.4e-07,0.00760172
2025-10-08 10:00:00+00:00,3276.70448325,23.59776532,0.99251182,0.97999568,0.00658341,4.1e-07,0.00738353
2025-10-08 11:00:00+00:00,3287.0160015,22.4567633,0.99272621,0.98285633,0.00467578,3.3e-07,0.00721945
2025-10-08 12:00:00+00:00,3289.33742325,21.44550538,0.99274435,0.9874853,0.0003694,3.9e-07,0.0072228
2025-10-08 13:00:00+00:00,3292.824921,21.65339821,0.99265731,0.98667296,0.00035796,0.0,0.00733351
2025-10-08 14:00:00+00:00,3279.98209475,21.15307726,0.99280225,0.98761006,0.00035237,1.751e-05,0.00713589
2025-10-08 15:00:00+00:00,3260.9977135,20.34248584,0.99284048,0.98930588,0.00037402,4.441e-05,0.00704857
2025-10-08 16:00:00+00:00,3265.80329075,19.38073221,0.9926461,0.99052138,0.00040497,3.588e-05,0.00725854
2025-10-08 17:00:00+00:00,3293.6961065,18.92730471,0.99259825,0.99138095,0.00041232,1.864e-05,0.00730615
2025-10-08 18:00:00+00:00,3268.0049495,20.60404618,0.99223529,0.98854275,0.00039245,6.768e-05,0.00760155
2025-10-08 19:00:00+00:00,3231.98707025,21.58720381,0.99241288,0.9875629,0.00036858,0.00010497,0.00738541
2025-10-08 20:00:00+00:00,3159.9168545,21.93243718,0.99225984,0.98686423,0.00036591,9.715e-05,0.00753488
2025-10-08 21:00:00+00:00,3098.38087325,22.19009113,0.99258338,0.98745892,0.00041709,7.09e-05,0.00724001
2025-10-08 22:00:00+00:00,3028.410105,21.43820101,0.99265057,0.98659666,0.00270913,4.872e-05,0.00721581
2025-10-08 23:00:00+00:00,2991.81173025,20.83489673,0.99297125,0.98755272,0.00262993,2.24e-05,0.00695958
2025-10-09 00:00:00+00:00,2971.29403475,20.51775185,0.99309958,0.98774553,0.00261205,9.55e-06,0.00686422
2025-10-09 01:00:00+00:00,2956.93525175,19.75861534,0.99324007,0.98870497,0.00251653,7.9e-06,0.00673644
2025-10-09 02:00:00+00:00,2943.77818125,18.50139669,0.99361343,0.9927425,0.00087034,0.0,0.00635749
2025-10-09 03:00:00+00:00,2947.0518265,18.27909885,0.99357895,0.99297692,0.0006007,0.0,0.00637013
2025-10-09 04:00:00+00:00,3086.8515945,18.0979577,0.99304499,0.99241198,0.00063234,0.0,0.00692593
2025-10-09 05:00:00+00:00,3251.86179175,18.17758051,0.9925783,0.99194665,0.00063054,0.0,0.00736614
2025-10-09 06:00:00+00:00,3337.72127725,18.44900011,0.99300264,0.99233642,0.00066565,0.0,0.00694832
2025-10-09 07:00:00+00:00,3415.53955025,19.32529363,0.99258011,0.98968775,0.0006369,2.755e-05,0.00721357
2025-10-09 08:00:00+00:00,3422.901026,20.05894113,0.99332755,0.99140272,0.0,3.125e-05,0.00648317
2025-10-09 09:00:00+00:00,3418.3613465,19.954511,0.99354333,0.99144273,0.0,1.449e-05,0.00630358
2025-10-09 10:00:00+00:00,3396.8774955,20.64648772,0.99329122,0.98976003,0.0,0.0,0.00659882
2025-10-09 11:00:00+00:00,3423.20160325,21.56691217,0.9931081,0.98776207,0.0,0.0,0.00686338
2025-10-09 12:00:00+00:00,3412.9616695,21.84504534,0.99304055,0.98714758,0.0,0.0,0.00694442
2025-10-09 13:00:00+00:00,3422.94799225,21.78856363,0.99304566,0.987014,0.0,1e-06,0.00694873
2025-10-09 14:00:00+00:00,3412.17370475,21.40949208,0.99282163,0.9870623,0.0,1.052e-05,0.00715898
2025-10-09 15:00:00+00:00,3374.608476,21.14075752,0.99315477,0.98835945,0.0,9.06e-06,0.00683357
2025-10-09 16:00:00+00:00,3389.3929465,21.32634414,0.99295982,0.98771969,0.0,0.0,0.00703375
2025-10-09 17:00:00+00:00,3378.77559075,20.90689128,0.99305128,0.98859178,0.0,0.0,0.00693681
2025-10-09 18:00:00+00:00,3363.27973,21.26566022,0.99313464,0.98822514,0.0,0.0,0.00686086
2025-10-09 19:00:00+00:00,3323.89337375,21.5148416,0.99297581,0.98751991,0.0,0.0,0.00702079
2025-10-09 20:00:00+00:00,3257.477746,21.49882882,0.99289209,0.98760364,0.0,0.0,0.00709456
2025-10-09 21:00:00+00:00,3222.45324425,21.10166282,0.99282086,0.98787865,0.0,0.0,0.00715073
2025-10-09 22:00:00+00:00,3217.31684625,21.82738486,0.99226826,0.98560219,0.0,0.0,0.00764797
2025-10-09 23:00:00+00:00,3166.04991375,21.62314461,0.99208653,0.98514258,0.0,0.0,0.00782064
2025-10-10 00:00:00+00:00,3153.42771725,21.57327626,0.99219827,0.98537678,0.0,0.0,0.00771162
2025-10-10 01:00:00+00:00,3154.24908725,21.41159837,0.99233507,0.98599555,0.0,0.0,0.0075803
2025-10-10 02:00:00+00:00,3152.994166,21.30324009,0.99251519,0.98667416,0.0,0.0,0.00742379
2025-10-10 03:00:00+00:00,3226.7575495,21.4545345,0.99322676,0.9884615,0.0,0.0,0.00675698
2025-10-10 04:00:00+00:00,3303.15889875,21.36788545,0.99291405,0.98776499,0.0,0.0,0.00707428
2025-10-10 05:00:00+00:00,3422.43486825,20.07663599,0.99324326,0.99010138,0.0,7.4e-07,0.00668418
2025-10-10 06:00:00+00:00,3490.2540745,20.36780164,0.99336903,0.99008421,0.0,3.588e-05,0.00652413
2025-10-10 07:00:00+00:00,3546.00095875,22.30092748,0.99319456,0.98761233,0.0,0.0,0.00677582
2025-10-10 08:00:00+00:00,3586.7376185,23.34969567,0.9929913,0.98619352,0.0,0.0,0.0069855
2025-10-10 09:00:00+00:00,3548.02425825,24.48132379,0.99268343,0.98513882,0.0,0.0,0.00728867
2025-10-10 10:00:00+00:00,3535.57425,24.41331189,0.99279942,0.98540192,0.0,1.96e-06,0.00717642
2025-10-10 11:00:00+00:00,3564.19043475,22.9228639,0.99313623,0.98682299,0.0,0.0,0.00686377
2025-10-10 12:00:00+00:00,3589.70417175,22.04747195,0.99345612,0.98809778,0.0,0.0,0.00653246
2025-10-10 13:00:00+00:00,3582.3093745,22.2339202,0.99340142,0.98793647,0.0,0.0,0.006596
2025-10-10 14:00:00+00:00,3546.48224325,22.02273969,0.99348425,0.98840976,0.0,0.0,0.00651411
2025-10-10 15:00:00+00:00,3516.482131,22.00268274,0.99341865,0.98832994,0.0,0.0,0.00656285
2025-10-10 16:00:00+00:00,3483.693569,21.44606013,0.99347538,0.98916349,0.0,3.14e-06,0.00647428
2025-10-10 17:00:00+00:00,3418.113884,21.24119229,0.99350677,0.98938884,0.0,0.0,0.00643326
2025-10-10 18:00:00+00:00,3345.264193,21.88283037,0.99343373,0.98801026,0.0,0.0,0.00653599
2025-10-10 19:00:00+00:00,3312.7033585,22.07012852,0.99326833,0.98723726,0.0,0.0,0.00671337
2025-10-10 20:00:00+00:00,3274.71736075,22.26708519,0.99318915,0.98668166,0.0,2.473e-05,0.00677148
2025-10-10 21:00:00+00:00,3213.83237575,22.16980391,0.99306956,0.98654774,0.0,3.672e-05,0.00687375
2025-10-10 22:00:00+00:00,3094.949517,21.19920946,0.99330329,0.9887309,0.0,2.099e-05,0.00664205
2025-10-10 23:00:00+00:00,3109.6293375,22.27131442,0.99279914,0.98554211,0.0,6.437e-05,0.00706678
2025-10-11 00:00:00+00:00,3077.69099125,22.88046084,0.9924183,0.98432124,0.0,9.09e-05,0.00740218
2025-10-11 01:00:00+00:00,3045.07160775,23.18331699,0.99219157,0.98371593,0.0,1.742e-05,0.00766055
2025-10-11 02:00:00+00:00,3041.0130515,22.61960831,0.9923973,0.98487208,0.0,8.365e-05,0.00742073
2025-10-11 03:00:00+00:00,3057.11076375,22.28718953,0.99247704,0.98523779,0.0,0.00015853,0.00731862
2025-10-11 04:00:00+00:00,3116.6343775,21.64497784,0.99299091,0.98708704,0.0,0.0,0.0068851
2025-10-11 05:00:00+00:00,3175.20400275,21.55259035,0.99320025,0.98805942,0.0,0.0,0.00654282
2025-10-11 06:00:00+00:00,3234.19066075,20.90273216,0.99382649,0.99054624,0.0,0.0,0.00610296
2025-10-11 07:00:00+00:00,3291.0819295,21.34959502,0.9937113,0.98994519,0.0,0.0,0.00626132
2025-10-11 08:00:00+00:00,3332.2975885,22.02692285,0.99394258,0.98922405,0.0,0.0,0.0060472
2025-10-11 09:00:00+00:00,3313.6206505,21.7898986,0.99384018,0.98988161,0.0,0.0,0.00613447
2025-10-11 10:00:00+00:00,3307.7404295,22.72283991,0.9934246,0.98818523,0.0,0.0,0.00655786
2025-10-11 11:00:00+00:00,3263.0393805,23.52518871,0.99336269,0.9876136,0.0,0.0,0.0066298
2025-10-11 12:00:00+00:00,3251.65410875,24.43422228,0.9930908,0.98643173,0.0,0.0,0.00688897
2025-10-11 13:00:00+00:00,3276.477025,24.52758453,0.99323045,0.98729432,0.0,0.0,0.00675322
2025-10-11 14:00:00+00:00,3321.66175125,24.8974472,0.99325868,0.98695991,0.0,0.0,0.00673268
2025-10-11 15:00:00+00:00,3379.1263565,26.10731761,0.99308253,0.98448643,0.0,1.5e-05,0.00689356
2025-10-11 16:00:00+00:00,3375.52552275,26.30807089,0.99280608,0.98408167,0.0,0.0,0.0070424
2025-10-11 17:00:00+00:00,3351.2181925,26.27854007,0.99281786,0.98408217,0.0,0.0,0.00705396
2025-10-11 18:00:00+00:00,3306.813977,25.59726841,0.9930161,0.98506857,0.0,1.26e-06,0.00689726
2025-10-11 19:00:00+00:00,3299.86952675,25.03738346,0.99318171,0.98564793,0.0,0.0,0.00674642
2025-10-11 20:00:00+00:00,3257.4344085,23.86702013,0.9929772,0.98558416,0.0,0.0,0.00676393
2025-10-11 21:00:00+00:00,3188.00645475,23.30207452,0.99337266,0.98593043,0.0,0.0,0.00655997
2025-10-11 22:00:00+00:00,3140.39588925,23.45840782,0.9933021,0.98553744,0.0,0.0,0.00669672
2025-10-11 23:00:00+00:00,3104.11432725,23.50907695,0.9931147,0.98535742,0.0,0.0,0.0068853
2025-10-12 00:00:00+00:00,3073.8143285,23.33853806,0.99262359,0.98489254,0.0,4.39e-06,0.00734261
2025-10-12 01:00:00+00:00,3060.424603,23.22157927,0.99272891,0.98550971,0.0,0.0,0.00723658
2025-10-12 02:00:00+00:00,3057.87599525,23.48691029,0.99251759,0.98480556,0.0,2.674e-05,0.00741513
2025-10-12 03:00:00+00:00,3059.79006825,24.36064891,0.99240617,0.98350099,0.0,2.493e-05,0.00754207
2025-10-12 04:00:00+00:00,3085.125731,24.83652336,0.99249351,0.98339682,0.0,0.0,0.00748807
2025-10-12 05:00:00+00:00,3137.177031,25.21308219,0.9927605,0.98447184,0.0,0.0,0.00702094
2025-10-12 06:00:00+00:00,3177.0513995,25.295604,0.99298116,0.98499947,0.0,0.0,0.00679017
2025-10-12 07:00:00+00:00,3220.69111075,26.41863913,0.99305077,0.98339807,0.0,0.0,0.00671085
2025-10-12 08:00:00+00:00,3221.618797,26.90809394,0.99253846,0.98296477,0.0,0.0,0.00732103
2025-10-12 09:00:00+00:00,3218.7870045,27.15702618,0.99269476,0.98291989,0.0,0.0,0.00724455
2025-10-12 10:00:00+00:00,3229.709869,27.6153811,0.99271405,0.98233569,0.0,0.0,0.00728157
2025-10-12 11:00:00+00:00,3229.76338925,27.78717648,0.99264205,0.98201575,0.0,0.0,0.00735795
2025-10-12 12:00:00+00:00,3227.967212,27.72977144,0.99259177,0.98211807,0.0,0.0,0.00740657
2025-10-12 13:00:00+00:00,3259.92104225,28.08480462,0.99250078,0.98161873,0.0,0.0,0.00747092
2025-10-12 14:00:00+00:00,3294.50360675,28.00634226,0.99261762,0.98196103,0.0,0.0,0.00738128
2025-10-12 15:00:00+00:00,3339.96236125,27.9230667,0.99259736,0.9821499,0.0,0.0,0.0073665
2025-10-12 16:00:00+00:00,3380.44563375,28.0668136,0.99252584,0.98197901,0.0,0.0,0.00747077
2025-10-12 17:00:00+00:00,3410.54631825,28.14235084,0.99259208,0.9822733,0.0,0.0,0.00740792
2025-10-12 18:00:00+00:00,3405.362919,28.34518286,0.99262045,0.98223649,0.0,0.0,0.00736399
2025-10-12 19:00:00+00:00,3386.42613575,28.63223497,0.99251988,0.98173283,0.0,0.0,0.00747787
2025-10-12 20:00:00+00:00,3345.85353325,28.86465138,0.99239498,0.98107527,0.0,9.56e-06,0.00754285
2025-10-12 21:00:00+00:00,3279.5304255,28.52543936,0.99226987,0.98135356,0.0,1.399e-05,0.0075217
2025-10-12 22:00:00+00:00,3211.3163095,27.23817047,0.9923187,0.98366741,0.0,1.332e-05,0.00764127
2025-10-12 23:00:00+00:00,3168.06775625,26.92012475,0.99219033,0.98349643,0.0,5.9e-06,0.00779983
2025-10-13 00:00:00+00:00,3148.85632675,26.58914935,0.9922604,0.98358817,0.0,0.0,0.0077396
2025-10-13 01:00:00+00:00,3147.684808,26.24784551,0.99226743,0.98366884,0.0,0.0,0.00773257
2025-10-13 02:00:00+00:00,3149.63980475,25.88539086,0.99252489,0.98455985,0.0,0.0,0.00747511
2025-10-13 03:00:00+00:00,3194.58461975,25.44927939,0.99272768,0.98533529,0.0,0.0,0.00727232
2025-10-13 04:00:00+00:00,3320.53387275,24.6869596,0.992316,0.98526387,0.0,0.0,0.00761186
2025-10-13 05:00:00+00:00,3467.41940775,23.74474277,0.99166615,0.98656658,0.0,4.01e-05,0.00810998
2025-10-13 06:00:00+00:00,3533.6932735,23.62553471,0.99227633,0.98709501,0.0,0.0,0.00759754
2025-10-13 07:00:00+00:00,3533.03974175,22.74137724,0.99294361,0.98841765,0.0,0.0,0.00694901
2025-10-13 08:00:00+00:00,3505.12176625,22.62169023,0.99356259,0.98912313,0.0,0.0,0.00641827
2025-10-13 09:00:00+00:00,3488.75853125,23.05321049,0.99315253,0.98829075,0.0,0.0,0.00683291
2025-10-13 10:00:00+00:00,3463.458539,23.24117291,0.99325392,0.988093,0.0,0.0,0.00673234
2025-10-13 11:00:00+00:00,3486.4570475,23.17084261,0.99337757,0.98868332,0.0,0.0,0.00660693
2025-10-13 12:00:00+00:00,3507.94068825,23.28707934,0.9934194,0.98868014,0.0,0.0,0.00655499
2025-10-13 13:00:00+00:00,3522.3598765,23.43060726,0.99344782,0.98867915,0.0,0.0,0.00653732
2025-10-13 14:00:00+00:00,3519.638912,23.94069313,0.99297977,0.98757677,0.0,0.0,0.00700235
2025-10-13 15:00:00+00:00,3478.16138775,24.73155135,0.99231706,0.98636967,0.0,0.0,0.00764496
2025-10-13 16:00:00+00:00,3475.0095565,24.85610586,0.99134635,0.98464266,0.00017786,0.0,0.00848063
2025-10-13 17:00:00+00:00,3460.408382,24.6238541,0.99157756,0.98545802,0.00014101,0.0,0.00826796
2025-10-13 18:00:00+00:00,3448.480761,24.74697924,0.9924347,0.9869004,0.0,0.0,0.00749239
2025-10-13 19:00:00+00:00,3376.82263975,25.35525683,0.99267707,0.98647252,0.0,0.0,0.00730744
2025-10-13 20:00:00+00:00,3297.94586175,25.55157205,0.99245468,0.98607808,0.0,0.0,0.00750215
2025-10-13 21:00:00+00:00,3198.350901,25.73173607,0.99228708,0.98537615,0.00022164,0.0,0.0076062
2025-10-13 22:00:00+00:00,3123.58602925,25.49319496,0.99272882,0.980098,0.00649252,0.0,0.00720769
2025-10-13 23:00:00+00:00,3056.0468585,25.77367269,0.99263005,0.97913302,0.00685397,0.0,0.00734427
2025-10-14 00:00:00+00:00,3020.50167725,25.56553126,0.99258294,0.97930824,0.00676262,0.0,0.00739571
2025-10-14 01:00:00+00:00,3001.8360545,25.44333847,0.99252314,0.97942768,0.00656402,0.0,0.00745465
2025-10-14 02:00:00+00:00,3001.497557,25.34040922,0.9924743,0.97939725,0.00662462,0.0,0.00750218
2025-10-14 03:00:00+00:00,3023.941215,25.24341602,0.9926435,0.97992899,0.00656436,0.0,0.00733438
2025-10-14 04:00:00+00:00,3144.99906,24.72889293,0.99276086,0.98081154,0.00659918,0.0,0.00722054
2025-10-14 05:00:00+00:00,3288.018339,23.20467519,0.99209617,0.98694814,0.00255652,0.0,0.00773198
2025-10-14 06:00:00+00:00,3373.84020325,23.84191408,0.99192162,0.98654506,0.00113707,3.1e-07,0.00796389
2025-10-14 07:00:00+00:00,2987.40319225,23.52646077,0.99192594,0.98774029,0.00041526,3.1e-07,0.00804047
2025-10-14 08:00:00+00:00,3385.2730155,24.20603198,0.99213618,0.98480976,0.00191223,6e-07,0.00782799
2025-10-14 09:00:00+00:00,3406.0659985,24.19785652,0.99274802,0.98242195,0.00498675,4.4e-07,0.00722482
2025-10-14 10:00:00+00:00,3415.64477275,23.62739935,0.99329724,0.98290492,0.00595099,3.3e-07,0.00667842
2025-10-14 11:00:00+00:00,3424.37533,23.81254721,0.99338909,0.98231136,0.0062245,4.4e-07,0.0065829
2025-10-14 12:00:00+00:00,3410.929099,23.62743301,0.99343587,0.98440514,0.00413993,3.7e-07,0.00653856
2025-10-14 13:00:00+00:00,3432.8255375,23.36982065,0.99338998,0.98627736,0.00231865,5.3e-07,0.00658187
2025-10-14 14:00:00+00:00,3438.53348175,21.6243706,0.99342502,0.98974833,0.00192816,0.0,0.00655522
2025-10-14 15:00:00+00:00,3441.01428125,21.74339854,0.99323799,0.98926479,0.00173565,0.0,0.00673937
2025-10-14 16:00:00+00:00,3447.3288475,21.61031753,0.99324772,0.99047466,0.00092966,5.12e-06,0.00672617
2025-10-14 17:00:00+00:00,3442.88777175,20.98269278,0.9933467,0.98922223,0.00297839,1.472e-05,0.00662949
2025-10-14 18:00:00+00:00,3422.384508,20.83780217,0.99333756,0.99012854,0.00189919,2.7e-06,0.00663442
2025-10-14 19:00:00+00:00,3387.49309575,20.69014651,0.99356624,0.99079232,0.00172604,0.0,0.00642184
2025-10-14 20:00:00+00:00,3324.92994275,21.69420641,0.99327059,0.98711458,0.00280788,0.0,0.0066736
2025-10-14 21:00:00+00:00,3243.51912175,21.49254735,0.99326854,0.9883889,0.00218657,0.0,0.00670183
2025-10-14 22:00:00+00:00,3149.848613,22.24695988,0.99348666,0.98774666,0.00160077,0.0,0.00649712
2025-10-14 23:00:00+00:00,3075.884111,22.31113347,0.99328497,0.98680308,0.00211933,0.0,0.0067058
2025-10-15 00:00:00+00:00,3063.073514,22.67553697,0.99322248,0.98635204,0.00213501,0.0,0.00676422
2025-10-15 01:00:00+00:00,3042.821708,22.67738656,0.99330295,0.98695395,0.00212087,0.0,0.00668902
2025-10-15 02:00:00+00:00,3035.68291275,22.0167419,0.99343262,0.98840816,0.00222345,0.0,0.00655334
2025-10-15 03:00:00+00:00,3076.26832625,21.90443176,0.99330251,0.99025154,0.0006668,2.696e-05,0.0066586
2025-10-15 04:00:00+00:00,3188.939487,22.18097439,0.99216974,0.98868136,0.0,7.394e-05,0.00737742
2025-10-15 05:00:00+00:00,3367.939856,24.28644624,0.98891378,0.9770134,0.00434998,9.218e-05,0.00920589
2025-10-15 06:00:00+00:00,3383.034757,23.42917162,0.98982585,0.9809036,0.00303575,4.391e-05,0.00880109
2025-10-15 07:00:00+00:00,3368.23843825,22.11447464,0.99188684,0.98795022,0.0,5.01e-06,0.00763223
2025-10-15 08:00:00+00:00,3359.27556175,21.82291285,0.99262225,0.98735212,0.0014021,0.0,0.0073322
2025-10-15 09:00:00+00:00,3381.9805995,21.77422666,0.99305313,0.98544232,0.00385653,0.0,0.00692063
2025-10-15 10:00:00+00:00,3369.889972,21.22125387,0.9931082,0.98512126,0.00441803,0.0,0.00686791
2025-10-15 11:00:00+00:00,3384.40904875,21.55727927,0.99322485,0.9846194,0.00428917,0.0,0.00677515
2025-10-15 12:00:00+00:00,3428.48646075,21.04755906,0.99333851,0.98569083,0.00437553,0.0,0.00664911
2025-10-15 13:00:00+00:00,3421.720975,20.23979473,0.9933737,0.98833378,0.00267468,0.0,0.00660728
2025-10-15 14:00:00+00:00,3447.61517175,19.73607055,0.9930779,0.99006552,0.00122251,4.434e-05,0.00676485
2025-10-15 15:00:00+00:00,3443.1906005,19.45896432,0.99289528,0.99081999,0.00080221,3.919e-05,0.00693775
2025-10-15 16:00:00+00:00,3453.74503575,19.20828036,0.99356489,0.99218395,0.00138093,0.0,0.00642591
2025-10-15 17:00:00+00:00,3442.0860705,19.79910085,0.99363945,0.98996508,0.00207249,0.0,0.0063536
2025-10-15 18:00:00+00:00,3424.7537005,20.31314741,0.99374294,0.98928521,0.0019758,0.0,0.00625706
2025-10-15 19:00:00+00:00,3365.78484825,20.63084294,0.99394062,0.98949001,0.00192466,0.0,0.0060464
2025-10-15 20:00:00+00:00,3307.11973875,20.87315056,0.99425085,0.99013787,0.00180686,0.0,0.00573158
2025-10-15 21:00:00+00:00,3221.114827,21.19874425,0.99415385,0.98958273,0.00179906,0.0,0.00584563
2025-10-15 22:00:00+00:00,3162.63210225,21.57200059,0.99383097,0.98819618,0.00189355,0.0,0.00616903
2025-10-15 23:00:00+00:00,3132.56973825,21.51501376,0.99383763,0.99019879,0.0,0.0,0.00616237
2025-10-16 00:00:00+00:00,3108.24436475,21.4939025,0.99393949,0.9905594,0.0,0.0,0.00606051
2025-10-16 01:00:00+00:00,3110.369497,21.39361651,0.99398673,0.99047231,0.0,0.0,0.00601327
2025-10-16 02:00:00+00:00,3119.86316775,21.26961617,0.99393447,0.99044465,0.0,0.0,0.00606553
2025-10-16 03:00:00+00:00,3162.44734925,21.31770631,0.99365779,0.98967196,0.0,0.0,0.00634221
2025-10-16 04:00:00+00:00,3296.84275325,21.54143905,0.99381984,0.98982326,0.0,0.0,0.00617964
2025-10-16 05:00:00+00:00,3507.138245,21.80459012,0.99366099,0.98753265,0.0018842,0.0,0.00630484
2025-10-16 06:00:00+00:00,3553.866609,21.91868879,0.99336765,0.98736423,0.00148609,0.0,0.0066274
2025-10-16 07:00:00+00:00,3544.33429225,22.36094976,0.99322047,0.98474014,0.0036532,0.0,0.00677505
2025-10-16 08:00:00+00:00,3573.901171,22.68392039,0.99330226,0.98428909,0.00389272,0.0,0.00669774
2025-10-16 09:00:00+00:00,3553.6975875,22.52083434,0.99341879,0.98460978,0.00392892,0.0,0.00657745
2025-10-16 10:00:00+00:00,3513.9183265,23.04131759,0.99312434,0.98476359,0.00306282,0.0,0.0068227
2025-10-16 11:00:00+00:00,3528.40153125,23.13773831,0.99330281,0.98517265,0.00299979,0.0,0.00665665
2025-10-16 12:00:00+00:00,3524.7436045,23.43055058,0.99331478,0.9841208,0.0037199,0.0,0.00667981
2025-10-16 13:00:00+00:00,3550.21357875,23.58188609,0.99327881,0.9845922,0.00336449,0.0,0.00672119
2025-10-16 14:00:00+00:00,3581.40883675,23.69136322,0.99331699,0.98418911,0.00386285,0.0,0.00668301
2025-10-16 15:00:00+00:00,3555.2413995,23.70609753,0.99269216,0.98344075,0.00395246,0.0,0.00722081
2025-10-16 16:00:00+00:00,3597.5845925,22.63864284,0.99257841,0.98469805,0.00374417,0.0,0.00712368
2025-10-16 17:00:00+00:00,3598.94132075,22.37781258,0.99264274,0.98543659,0.00380639,0.0,0.0070687
2025-10-16 18:00:00+00:00,3584.4661195,23.41646245,0.99273893,0.9842223,0.00386376,0.0,0.00718094
2025-10-16 19:00:00+00:00,3532.60656125,23.99912927,0.99295497,0.98470426,0.00322231,0.0,0.00700093
2025-10-16 20:00:00+00:00,3501.86506275,24.19053734,0.99315013,0.98478954,0.00312176,0.0,0.00683193
2025-10-16 21:00:00+00:00,3423.62238025,23.88136257,0.99320727,0.98509328,0.00312499,0.0,0.00678321
2025-10-16 22:00:00+00:00,3339.5403965,23.64189898,0.99347007,0.98393897,0.00517132,0.0,0.00652139
2025-10-16 23:00:00+00:00,3249.574186,23.25996594,0.99334248,0.98155072,0.00792173,0.0,0.00665139
2025-10-17 00:00:00+00:00,3234.435523,23.58021138,0.99277793,0.98033431,0.00795843,0.0,0.00721657
2025-10-17 01:00:00+00:00,3222.75710675,23.63713282,0.99247806,0.97966363,0.00794015,0.0,0.00751909
2025-10-17 02:00:00+00:00,3239.897617,24.36265305,0.99225238,0.97832589,0.00850603,0.0,0.0077078
2025-10-17 03:00:00+00:00,3275.6954805,24.41787767,0.9924503,0.97872382,0.00825705,0.0,0.00747261
2025-10-17 04:00:00+00:00,3416.33765525,24.80683746,0.99236003,0.97863445,0.00807976,0.0,0.00752202
2025-10-17 05:00:00+00:00,3600.8871355,24.55644183,0.99217333,0.97940553,0.00819819,0.0,0.00751824
2025-10-17 06:00:00+00:00,3680.628121,25.15199614,0.99207538,0.97762413,0.00940395,0.0,0.00760836
2025-10-17 07:00:00+00:00,3693.7891625,25.52617647,0.99186802,0.9769096,0.00956765,0.0,0.00788919
2025-10-17 08:00:00+00:00,3648.34749525,25.90329236,0.99176457,0.97640816,0.00955677,0.0,0.00800707
2025-10-17 09:00:00+00:00,3574.73095375,26.17199419,0.99197051,0.97647675,0.00930719,0.0,0.00787347
2025-10-17 10:00:00+00:00,3522.14116725,26.26889457,0.99177311,0.97607543,0.00947086,0.0,0.00810399
2025-10-17 11:00:00+00:00,3520.603654,26.43938218,0.9916879,0.97573715,0.00940968,0.0,0.00813235
2025-10-17 12:00:00+00:00,3543.469833,26.32987876,0.99206931,0.9763879,0.00927178,0.0,0.00778464
2025-10-17 13:00:00+00:00,3568.747834,26.21108916,0.99239757,0.97671445,0.0092689,0.0,0.00751425
2025-10-17 14:00:00+00:00,3556.9743775,25.81117164,0.99199919,0.97626767,0.00935316,0.0,0.00794655
2025-10-17 15:00:00+00:00,3572.966956,25.28678466,0.99176008,0.97590587,0.00950335,0.0,0.00818505
2025-10-17 16:00:00+00:00,3611.97086925,24.92569354,0.99196388,0.97498789,0.01043617,0.0,0.00801161
2025-10-17 17:00:00+00:00,3609.545598,24.13972051,0.99222903,0.97521213,0.01138299,0.0,0.00774656
2025-10-17 18:00:00+00:00,3572.87176425,24.16634548,0.99207865,0.97490559,0.01161197,0.0,0.00789004
2025-10-17 19:00:00+00:00,3528.41658425,23.77394555,0.99231497,0.97637554,0.01062574,0.0,0.00768256
2025-10-17 20:00:00+00:00,3477.43828775,24.23886112,0.99221859,0.97613406,0.01031507,0.0,0.00768022
2025-10-17 21:00:00+00:00,3338.58820425,24.1138888,0.99244621,0.97662218,0.01037558,0.0,0.00750913
2025-10-17 22:00:00+00:00,3303.32189925,23.64504915,0.99208995,0.98244393,0.00471964,0.0,0.00791005
2025-10-17 23:00:00+00:00,3311.6414025,23.28224908,0.99249093,0.98360274,0.00451175,0.0,0.00750907
2025-10-18 00:00:00+00:00,3284.721468,22.83182273,0.9926016,0.98362151,0.004561,0.0,0.0073984
2025-10-18 01:00:00+00:00,3254.53525125,22.24618946,0.99286298,0.98358682,0.00578422,0.0,0.00713702
2025-10-18 02:00:00+00:00,3236.723612,21.92024759,0.99330446,0.98465289,0.00575006,0.0,0.00669554
2025-10-18 03:00:00+00:00,3273.84241075,21.74947927,0.99340123,0.98503558,0.00556701,0.0,0.00659061
2025-10-18 04:00:00+00:00,3310.978629,21.55435112,0.99354056,0.98522211,0.00579063,0.0,0.00640535
2025-10-18 05:00:00+00:00,3389.01656825,21.69707566,0.99340098,0.98080938,0.00944725,0.0,0.00633664
2025-10-18 06:00:00+00:00,3466.458022,21.72931552,0.99342621,0.98164047,0.00836484,0.0,0.00642909
2025-10-18 07:00:00+00:00,3516.17283675,21.69786908,0.99326796,0.98422919,0.00530699,0.0,0.00672873
2025-10-18 08:00:00+00:00,3537.7481915,21.41853693,0.9935469,0.98427598,0.00599561,0.0,0.00645178
2025-10-18 09:00:00+00:00,3524.5423995,21.14064543,0.99362334,0.98438852,0.00608847,0.0,0.00637231
2025-10-18 10:00:00+00:00,3504.54540625,21.14122097,0.99347541,0.98429361,0.00575259,0.0,0.00651785
2025-10-18 11:00:00+00:00,3478.73373075,21.14025796,0.9933947,0.98458113,0.00528264,0.0,0.0065994
2025-10-18 12:00:00+00:00,3472.303609,20.94592887,0.99347654,0.98533541,0.00484116,0.0,0.00651903
2025-10-18 13:00:00+00:00,3477.38751175,20.65381124,0.9937308,0.98602524,0.00485242,0.0,0.00626377
2025-10-18 14:00:00+00:00,3485.94281725,20.811657,0.99352169,0.98623867,0.00382276,0.0,0.00646936
2025-10-18 15:00:00+00:00,3521.13008225,20.9893934,0.99351369,0.98566057,0.00407882,0.0,0.00647851
2025-10-18 16:00:00+00:00,3556.50382875,20.99034271,0.99343369,0.98592259,0.00372563,1.33e-06,0.00655589
2025-10-18 17:00:00+00:00,3548.94477825,20.92489192,0.99390664,0.98667065,0.00412987,0.0,0.00608475
2025-10-18 18:00:00+00:00,3497.877423,21.06889188,0.99405119,0.9860638,0.00508849,0.0,0.00594148
2025-10-18 19:00:00+00:00,3437.66086825,21.1400858,0.99412512,0.98620542,0.00505926,0.0,0.00586611
2025-10-18 20:00:00+00:00,3378.8230055,21.14209469,0.99414504,0.9863941,0.00493271,0.0,0.00584722
2025-10-18 21:00:00+00:00,3335.11310825,21.11856976,0.9938932,0.98570551,0.00522478,0.0,0.0060998
2025-10-18 22:00:00+00:00,3291.81386325,21.03396237,0.99441891,0.98391853,0.0078957,4.8e-07,0.00558042
2025-10-18 23:00:00+00:00,3234.386958,20.89709938,0.9942208,0.98336489,0.0080319,9.49e-06,0.00577242
2025-10-19 00:00:00+00:00,3202.23086,20.78733019,0.99410404,0.98319165,0.0081406,9.1e-07,0.00589487
2025-10-19 01:00:00+00:00,3186.8926945,20.7637611,0.99385742,0.98286167,0.00823145,1.74e-06,0.00614014
2025-10-19 02:00:00+00:00,3180.30988275,20.87738327,0.9936541,0.98232166,0.00828916,1.37e-06,0.00634455
2025-10-19 03:00:00+00:00,3180.68353925,20.95658605,0.99355778,0.98286047,0.00754658,6.06e-06,0.00643614
2025-10-19 04:00:00+00:00,3209.168659,20.93468187,0.9937935,0.98367489,0.00733047,1.91e-06,0.00620448
2025-10-19 05:00:00+00:00,3262.6218945,21.13695862,0.99386273,0.98276672,0.0081962,6.4e-07,0.00610855
2025-10-19 06:00:00+00:00,3300.7423865,21.40495202,0.99379864,0.98103194,0.00945148,9.55e-06,0.00619179
2025-10-19 07:00:00+00:00,3353.46166225,21.5180218,0.99367663,0.98045239,0.00950288,1.672e-05,0.00630465
2025-10-19 08:00:00+00:00,3406.78246625,21.53974303,0.99372648,0.98132403,0.00861569,2.3e-06,0.00626342
2025-10-19 09:00:00+00:00,3421.87693575,21.87600194,0.99356805,0.98170673,0.00754192,0.0,0.00641947
2025-10-19 10:00:00+00:00,3428.91467775,22.15787215,0.99325954,0.98322249,0.00498099,0.0,0.00672649
2025-10-19 11:00:00+00:00,3424.98309675,22.40198616,0.99322343,0.98232046,0.00534779,0.0,0.00673434
2025-10-19 12:00:00+00:00,3419.58130725,22.39934262,0.99331138,0.98287055,0.00530984,0.0,0.00667876
2025-10-19 13:00:00+00:00,3423.91564025,22.64416341,0.99346836,0.98308779,0.00568451,0.0,0.00652007
2025-10-19 14:00:00+00:00,3425.66295275,23.18923409,0.99313872,0.98258367,0.00566545,0.0,0.00685164
2025-10-19 15:00:00+00:00,3428.2101495,23.39251224,0.99302118,0.98197485,0.0062787,0.0,0.00696857
2025-10-19 16:00:00+00:00,3463.260689,23.97707096,0.99288175,0.98115515,0.00653726,0.0,0.00711105
2025-10-19 17:00:00+00:00,3443.6324615,24.16831969,0.99292689,0.97819354,0.00980126,0.0,0.00706248
2025-10-19 18:00:00+00:00,3386.98684125,25.21760515,0.99849541,0.98112949,0.01144416,0.0,0.00146346
2025-10-19 19:00:00+00:00,3341.431903,25.7269914,0.99844832,0.98101451,0.01159581,0.0,0.00154223
2025-10-19 20:00:00+00:00,3284.18653925,25.85212363,0.99853207,0.98152505,0.01117658,0.0,0.00144355
2025-10-19 21:00:00+00:00,3208.39280125,26.10521515,0.9985023,0.98280316,0.00969556,0.0,0.00142186
2025-10-19 22:00:00+00:00,3129.53946475,26.53973539,0.99821846,0.981898,0.00963654,0.0,0.00172633
2025-10-19 23:00:00+00:00,3077.22179225,26.72478953,0.99826083,0.98182488,0.00963165,0.0,0.00170442
2025-10-20 00:00:00+00:00,3061.95758975,26.69122209,0.9981356,0.98172982,0.00950772,0.0,0.00182056
2025-10-20 01:00:00+00:00,3039.9384045,26.65245449,0.99824517,0.98177377,0.00960854,0.0,0.00173937
2025-10-20 02:00:00+00:00,3023.4290055,26.73692903,0.99823126,0.9816359,0.00965261,0.0,0.00175102
2025-10-20 03:00:00+00:00,3077.55635875,26.8582394,0.99814168,0.98101873,0.01011361,0.0,0.00184438
2025-10-20 04:00:00+00:00,3247.1324965,26.80780021,0.99816564,0.98017783,0.01109962,0.0,0.00180288
2025-10-20 05:00:00+00:00,3415.23978,26.76423637,0.99817884,0.98020086,0.01120022,0.0,0.00178991
2025-10-20 06:00:00+00:00,3462.3121185,26.68266955,0.9985939,0.98060108,0.01136618,0.0,0.00136284
2025-10-20 07:00:00+00:00,3460.11627725,26.8236685,0.99855571,0.98091466,0.01062945,0.0,0.00139935
2025-10-20 08:00:00+00:00,3430.88836675,26.82429111,0.99859329,0.98624441,0.00511917,0.0,0.00135767
2025-10-20 09:00:00+00:00,3414.834365,26.66862581,0.99853151,0.98648325,0.00489986,0.0,0.00142581
2025-10-20 10:00:00+00:00,3445.18181025,26.48173569,0.998477,0.98678659,0.00475558,0.0,0.00144548
2025-10-20 11:00:00+00:00,3420.85211475,26.54887764,0.99878862,0.98748863,0.00417551,0.0,0.00117788
2025-10-20 12:00:00+00:00,3408.25538225,26.16231638,0.99899671,0.98679396,0.00545549,0.0,0.00095207
2025-10-20 13:00:00+00:00,3403.04914525,26.10475336,0.9989407,0.98352753,0.00872036,0.0,0.00101727
2025-10-20 14:00:00+00:00,3414.89045325,26.17984969,0.99902233,0.98091645,0.01130836,0.0,0.0009383
2025-10-20 15:00:00+00:00,3404.663374,25.87861237,0.99845506,0.98079559,0.01114952,0.0,0.00150706
2025-10-20 16:00:00+00:00,3431.744029,25.87710349,0.99837017,0.98065996,0.01115191,0.0,0.00158955
2025-10-20 17:00:00+00:00,3432.684581,25.84854128,0.99848185,0.98072978,0.0111798,0.0,0.00148663
2025-10-20 18:00:00+00:00,3413.27663675,25.74536669,0.99846986,0.98105078,0.0109476,0.0,0.00150124
2025-10-20 19:00:00+00:00,3373.7525105,25.56724767,0.99844695,0.98228735,0.00987546,0.0,0.00152198
2025-10-20 20:00:00+00:00,3304.60733025,25.47448312,0.99845552,0.9837795,0.00822135,0.0,0.00152525
2025-10-20 21:00:00+00:00,3219.7545975,25.16760093,0.99846179,0.98339486,0.00858525,0.0,0.0014412
2025-10-20 22:00:00+00:00,3129.897619,25.39879217,0.9980206,0.98736122,0.00339517,0.0,0.0018416
2025-10-20 23:00:00+00:00,3069.96864275,25.34998236,0.99789843,0.99050618,0.0001655,0.0,0.00189798
2025-10-21 00:00:00+00:00,3046.43796975,25.38847231,0.99779703,0.99027009,0.0,0.0,0.00198195
2025-10-21 01:00:00+00:00,3047.7985725,25.14601585,0.99773282,0.99021602,0.0,0.0,0.00202497
2025-10-21 02:00:00+00:00,3028.23924425,24.93713222,0.99800699,0.99054862,0.0,0.0,0.00174509
2025-10-21 03:00:00+00:00,3070.068917,25.1966148,0.99796419,0.98447819,0.00596222,0.0,0.00185476
2025-10-21 04:00:00+00:00,3201.9315955,25.22294533,0.99791879,0.98054739,0.01038397,0.0,0.00194195
2025-10-21 05:00:00+00:00,3399.671594,25.39330733,0.99802174,0.97910453,0.01200782,0.0,0.00190349
2025-10-21 06:00:00+00:00,3476.80972925,25.30813954,0.99815126,0.97949737,0.01214765,0.0,0.00181904
2025-10-21 07:00:00+00:00,3444.1756045,25.65713218,0.99829651,0.97916645,0.01224971,0.0,0.00166518
2025-10-21 08:00:00+00:00,2973.6627395,25.7091439,0.9983535,0.9792687,0.0123355,0.0,0.00162065
2025-10-21 09:00:00+00:00,3335.07524475,25.89818865,0.99848671,0.98037906,0.01140238,0.0,0.0014929
2025-10-21 10:00:00+00:00,3385.27043625,25.68612752,0.99846521,0.98155951,0.01086388,0.0,0.00142875
2025-10-21 11:00:00+00:00,3326.5190855,25.56623203,0.99868756,0.98216342,0.01062411,0.0,0.0011869
2025-10-21 12:00:00+00:00,3329.084895,25.49932895,0.99858899,0.98166784,0.01128077,0.0,0.00131869
2025-10-21 13:00:00+00:00,3337.01950875,25.64717767,0.99851091,0.98197612,0.01033076,0.0,0.00141124
2025-10-21 14:00:00+00:00,3376.7690915,25.55322294,0.99826475,0.98071964,0.01105407,0.0,0.00166173
2025-10-21 15:00:00+00:00,3364.17887775,25.43818274,0.99826017,0.9803928,0.01123439,0.0,0.00166041
2025-10-21 16:00:00+00:00,3383.968357,25.00185358,0.99831025,0.98078908,0.01113479,0.0,0.0016377
2025-10-21 17:00:00+00:00,3365.30431575,24.40027991,0.99837847,0.9819021,0.01045926,0.0,0.00158886
2025-10-21 18:00:00+00:00,3353.47103525,23.72627134,0.99878979,0.98310085,0.01023971,1.595e-05,0.00117514
2025-10-21 19:00:00+00:00,3305.767417,23.22810297,0.99876434,0.98439093,0.00937107,1.231e-05,0.00119901
2025-10-21 20:00:00+00:00,3237.2911505,23.07486268,0.99875628,0.98417467,0.00933251,4.387e-05,0.00120166
2025-10-21 21:00:00+00:00,3133.08636775,23.06787814,0.99870129,0.98406131,0.00944282,1.664e-05,0.0012744
2025-10-21 22:00:00+00:00,3065.0099255,23.60233128,0.99845264,0.98711478,0.00493978,6.737e-05,0.00147662
2025-10-21 23:00:00+00:00,3013.466949,23.79950211,0.99850409,0.98813179,0.0042426,4.253e-05,0.00146023
2025-10-22 00:00:00+00:00,2984.00550275,23.62239117,0.99857831,0.98529127,0.00721446,3.988e-05,0.00138867
2025-10-22 01:00:00+00:00,2956.5640325,23.88301528,0.99853053,0.98477698,0.00740043,4.613e-05,0.00143071
2025-10-22 02:00:00+00:00,2940.55557375,23.87560422,0.99880036,0.98524499,0.0074101,4.188e-05,0.00116314
2025-10-22 03:00:00+00:00,2977.37155775,23.83103748,0.99868971,0.98890219,0.00370847,9e-08,0.00129529
2025-10-22 04:00:00+00:00,3093.05948575,24.04037425,0.99845112,0.98449396,0.00774226,1.029e-05,0.00151925
2025-10-22 05:00:00+00:00,3283.660061,23.96382226,0.9988219,0.98625974,0.00646864,5.371e-05,0.00113544
2025-10-22 06:00:00+00:00,3328.158693,23.64032909,0.99865104,0.98614425,0.00652425,5.773e-05,0.00130397
2025-10-22 07:00:00+00:00,3319.92185125,23.63592998,0.99870789,0.98552778,0.00693018,5.046e-05,0.00124859
2025-10-22 08:00:00+00:00,3323.44002725,23.75933972,0.99886541,0.98584871,0.00681951,4.89e-05,0.00109198
2025-10-22 09:00:00+00:00,3289.2125525,23.92791056,0.99885132,0.98574512,0.00691371,4.76e-05,0.00110647
2025-10-22 10:00:00+00:00,3256.58438675,23.98495325,0.99859606,0.98541911,0.0069505,4.512e-05,0.00136033
2025-10-22 11:00:00+00:00,3253.3212365,23.92375175,0.99905399,0.9859484,0.00697876,2.429e-05,0.00091852
2025-10-22 12:00:00+00:00,3277.0038635,24.24936647,0.99882889,0.98807308,0.0043298,3.209e-05,0.00111274
2025-10-22 13:00:00+00:00,3312.3194395,24.44720316,0.99883711,0.98248147,0.01004989,3.869e-05,0.00110771
2025-10-22 14:00:00+00:00,3340.85704125,24.77214324,0.99844409,0.98217992,0.00993113,5.068e-05,0.00151779
2025-10-22 15:00:00+00:00,3363.59367275,25.16082079,0.99846612,0.98186397,0.01001066,6.119e-05,0.00147522
2025-10-22 16:00:00+00:00,3379.34202,25.74840519,0.99843932,0.98136715,0.00976385,2.451e-05,0.0015362
2025-10-22 17:00:00+00:00,3363.74791775,26.15055314,0.9985395,0.98143955,0.00940596,0.0,0.0014605
2025-10-22 18:00:00+00:00,3340.040978,26.32774255,0.99867557,0.98156164,0.00945339,0.0,0.00132003
2025-10-22 19:00:00+00:00,3305.3978025,26.33840138,0.9985491,0.98146499,0.00951744,0.0,0.00144894
2025-10-22 20:00:00+00:00,3251.2503435,26.38602052,0.99822377,0.98114983,0.00932004,0.0,0.00173405
2025-10-22 21:00:00+00:00,3139.59694875,26.29990075,0.99810229,0.9807971,0.00951178,0.0,0.00185281
2025-10-22 22:00:00+00:00,3052.5001515,26.36180605,0.9981583,0.98165488,0.00881271,0.0,0.00180529
2025-10-22 23:00:00+00:00,2991.349158,26.23662337,0.99794165,0.98122261,0.0088847,0.0,0.00205672
2025-10-23 00:00:00+00:00,2953.22399875,26.18352337,0.99792253,0.98081821,0.00930422,0.0,0.00207747
2025-10-23 01:00:00+00:00,2934.6924865,26.42841135,0.99799239,0.98098787,0.00908847,0.0,0.00196211
2025-10-23 02:00:00+00:00,2931.008157,26.62265207,0.99810304,0.98081162,0.00964157,0.0,0.00188488
2025-10-23 03:00:00+00:00,2978.01542025,26.68571637,0.99791919,0.97874576,0.01171646,0.0,0.00208081
2025-10-23 04:00:00+00:00,3092.424677,27.00168007,0.9980827,0.97723974,0.01299837,0.0,0.0019173
2025-10-23 05:00:00+00:00,3280.9718425,27.1670808,0.99802986,0.97727553,0.01284256,0.0,0.00197014
2025-10-23 06:00:00+00:00,3375.47276575,27.22365622,0.99817736,0.97804259,0.0124719,0.0,0.00182264
2025-10-23 07:00:00+00:00,3395.9446345,27.25849756,0.99830881,0.97855866,0.01219023,0.0,0.00168904
2025-10-23 08:00:00+00:00,3381.12925225,27.47120389,0.99807768,0.97811108,0.01202133,0.0,0.00191669
2025-10-23 09:00:00+00:00,3349.142713,27.26007146,0.99840998,0.97906624,0.01189814,0.0,0.00158839
2025-10-23 10:00:00+00:00,3315.49064925,27.23326638,0.99832794,0.9788101,0.01216668,0.0,0.00165688
2025-10-23 11:00:00+00:00,3276.402564,27.14155266,0.99886035,0.97954043,0.01212993,0.0,0.001117
2025-10-23 12:00:00+00:00,3319.92962675,27.26765151,0.99868556,0.97937545,0.01177899,0.0,0.00130963
2025-10-23 13:00:00+00:00,3341.0167015,27.059136,0.99864764,0.97983481,0.01166368,0.0,0.00135236
2025-10-23 14:00:00+00:00,3381.1420105,26.95141028,0.9982405,0.97963522,0.01143027,0.0,0.0017595
2025-10-23 15:00:00+00:00,3393.03336475,26.65876459,0.99819114,0.97984896,0.01120656,0.0,0.00180886
2025-10-23 16:00:00+00:00,3427.504993,26.36052863,0.99838903,0.98030654,0.01103848,0.0,0.00161097
2025-10-23 17:00:00+00:00,3419.00320725,26.34231986,0.99837743,0.97984193,0.01133958,0.0,0.00162257
2025-10-23 18:00:00+00:00,3383.34928525,26.34546656,0.99823304,0.97954439,0.01154699,0.0,0.00176674
2025-10-23 19:00:00+00:00,3334.400599,26.17779323,0.99830016,0.97936601,0.01199183,0.0,0.00168339
2025-10-23 20:00:00+00:00,3281.8943175,26.24429208,0.99838191,0.97971019,0.01174213,0.0,0.00159747
2025-10-23 21:00:00+00:00,3206.59467775,26.07650287,0.99830105,0.97981785,0.0116524,0.0,0.00160007
2025-10-23 22:00:00+00:00,3141.430386,26.35828934,0.99801283,0.98048508,0.01009549,0.0,0.00180074
2025-10-23 23:00:00+00:00,3078.64995525,26.09284157,0.99840549,0.98110814,0.01007486,0.0,0.00134727
2025-10-24 00:00:00+00:00,3039.001245,25.81261717,0.99786312,0.98233776,0.00806171,0.0,0.00164406
2025-10-24 01:00:00+00:00,3038.9248405,25.82915382,0.99772188,0.98336836,0.00661515,0.0,0.00169065
2025-10-24 02:00:00+00:00,3010.43175625,26.23684064,0.9973029,0.98068617,0.00823832,0.0,0.00207509
2025-10-24 03:00:00+00:00,3061.48212975,26.15673117,0.9976411,0.98093455,0.00858186,0.0,0.00195388
2025-10-24 04:00:00+00:00,3261.735416,25.76357947,0.99800099,0.98100859,0.01005641,0.0,0.0019322
2025-10-24 05:00:00+00:00,3479.08346875,25.87215087,0.99826505,0.98071529,0.01069283,0.0,0.00173156
2025-10-24 06:00:00+00:00,3545.4329465,25.84164954,0.99823035,0.98017984,0.01116931,0.0,0.00176965
2025-10-24 07:00:00+00:00,3529.124788,26.52151364,0.99826302,0.9785917,0.01135183,0.0,0.00173082
2025-10-24 08:00:00+00:00,3550.0704075,25.7362856,0.99826896,0.98036149,0.01126824,0.0,0.00168273
2025-10-24 09:00:00+00:00,3518.6428115,25.48651588,0.99849982,0.98084652,0.01154065,0.0,0.00147632
2025-10-24 10:00:00+00:00,3488.53792175,25.3691208,0.99847755,0.98025166,0.01186725,0.0,0.00143359
2025-10-24 11:00:00+00:00,3490.3449745,25.19887623,0.9986404,0.98116041,0.01098752,0.0,0.00123192
2025-10-24 12:00:00+00:00,3494.76039525,25.6288822,0.99254,0.97522259,0.00890073,0.0,0.00730521
2025-10-24 13:00:00+00:00,3512.349205,25.45063334,0.99249084,0.97732592,0.00682817,0.0,0.00733979
2025-10-24 14:00:00+00:00,3541.41727575,25.52208364,0.99283292,0.97508469,0.00982365,0.0,0.00704655
2025-10-24 15:00:00+00:00,3575.588769,26.3969132,0.99267331,0.97250152,0.01061151,0.0,0.00732618
2025-10-24 16:00:00+00:00,3515.3271775,26.15928889,0.99251417,0.9728657,0.01050688,0.0,0.00748583
2025-10-24 17:00:00+00:00,3520.92577475,26.16138423,0.99224748,0.97261676,0.01005826,0.0,0.00775249
2025-10-24 18:00:00+00:00,3459.02222925,26.27058071,0.9921655,0.97359515,0.00872767,0.0,0.00776399
2025-10-24 19:00:00+00:00,3392.87527975,26.59935347,0.99170483,0.97436832,0.00683748,0.0,0.00829178
2025-10-24 20:00:00+00:00,3348.814423,26.47520491,0.99139178,0.97974696,0.00061349,0.0,0.00845647
2025-10-24 21:00:00+00:00,3308.510375,26.16568636,0.99059425,0.97818999,0.0004088,0.0,0.00905981
2025-10-24 22:00:00+00:00,3164.479102,26.04076391,0.99082994,0.97903672,0.0,0.0,0.00894267
2025-10-24 23:00:00+00:00,3165.22162325,26.11006868,0.99105551,0.97943546,0.0,0.0,0.00884789
2025-10-25 00:00:00+00:00,3147.2230465,25.79773432,0.99060409,0.97860619,0.0,0.0,0.00926414
2025-10-25 01:00:00+00:00,3119.76276325,24.54064757,0.98944789,0.97756959,0.0,0.0,0.01009085
2025-10-25 02:00:00+00:00,3108.8213515,23.93913441,0.9895345,0.97795029,0.0,0.0,0.01002671
2025-10-25 03:00:00+00:00,3094.321967,23.76611727,0.9894427,0.97806231,0.0,0.0,0.01013573
2025-10-25 04:00:00+00:00,3149.717407,23.44017405,0.99000921,0.97896413,0.0,0.0,0.00980027
2025-10-25 05:00:00+00:00,3240.55801425,23.65687232,0.99126135,0.98154764,0.0,0.0,0.0084206
2025-10-25 06:00:00+00:00,3322.4704095,23.73381945,0.99127292,0.98184135,0.0,0.0,0.00848056
2025-10-25 07:00:00+00:00,3396.4084865,23.45566957,0.99174008,0.98359678,0.0,0.0,0.00808055
2025-10-25 08:00:00+00:00,3439.56150975,23.09586371,0.99205063,0.98131348,0.00413116,0.0,0.00793108
2025-10-25 09:00:00+00:00,3429.99063175,22.84468204,0.99192425,0.98178535,0.00333255,0.0,0.00805412
2025-10-25 10:00:00+00:00,3371.0075375,22.59474042,0.99146755,0.98103079,0.00352774,0.0,0.00844699
2025-10-25 11:00:00+00:00,3354.15284425,22.76511644,0.99131342,0.9807141,0.00340922,0.0,0.00843945
2025-10-25 12:00:00+00:00,3335.0957625,23.04913931,0.99176687,0.98143102,0.00341147,0.0,0.00816632
2025-10-25 13:00:00+00:00,3341.734179,23.18028488,0.99159281,0.98091232,0.00337582,0.0,0.00805257
2025-10-25 14:00:00+00:00,3374.60620825,22.93133768,0.99194121,0.98160972,0.0033925,0.0,0.00781739
2025-10-25 15:00:00+00:00,3437.62639875,23.11519809,0.99226762,0.98186761,0.00331408,0.0,0.00763653
2025-10-25 16:00:00+00:00,3463.08737,23.15828036,0.9926221,0.98253501,0.00325626,0.0,0.00736311
2025-10-25 17:00:00+00:00,3458.9305325,23.07466109,0.9926902,0.98315674,0.00314561,0.0,0.00722934
2025-10-25 18:00:00+00:00,3396.81602075,23.23805562,0.99211205,0.98211841,0.0033921,5.128e-05,0.00758222
2025-10-25 19:00:00+00:00,3338.2830025,23.19135549,0.99173276,0.98133531,0.00348757,1.582e-05,0.00811154
2025-10-25 20:00:00+00:00,3279.62332675,23.15162273,0.99138644,0.98096071,0.00364167,4.311e-05,0.00830275
2025-10-25 21:00:00+00:00,3229.191471,22.80102782,0.98994832,0.97890156,0.00403514,0.0001074,0.00939257
2025-10-25 22:00:00+00:00,3182.44326875,23.60255242,0.98990146,0.97746588,0.00412899,0.00028411,0.00935102
2025-10-25 23:00:00+00:00,3133.895177,23.72589261,0.98873491,0.97480991,0.00449698,0.00063479,0.0100267
2025-10-26 00:00:00+00:00,3100.6287075,24.10613302,0.98801283,0.97204652,0.00658269,0.00050013,0.01052149
2025-10-26 01:00:00+00:00,3067.6464965,25.09149432,0.98696729,0.97043982,0.00613876,0.00041901,0.01110405
2025-10-26 02:00:00+00:00,3053.28202275,25.32116669,0.98711114,0.97150769,0.00519072,0.00028005,0.01114666
2025-10-26 03:00:00+00:00,3046.36825,25.3449097,0.98644051,0.97423295,0.00231518,0.0004262,0.01092694
2025-10-26 04:00:00+00:00,3051.67363625,25.87061038,0.98584482,0.97369714,0.00143933,0.00057197,0.01153107
2025-10-26 05:00:00+00:00,3105.45641625,26.4120904,0.98591361,0.97235936,0.00139798,0.00097704,0.01187699
2025-10-26 06:00:00+00:00,3174.690898,27.46622262,0.98691477,0.97268811,0.00086342,0.00050072,0.01172408
2025-10-26 07:00:00+00:00,3264.472387,27.70299152,0.988034,0.97480809,0.00066109,0.00042193,0.01071253
2025-10-26 08:00:00+00:00,3314.6192155,27.79564731,0.98900215,0.97135255,0.00607255,0.00020183,0.01017532
2025-10-26 09:00:00+00:00,3353.6776035,27.9509298,0.98911696,0.97359062,0.00392048,0.00020546,0.00997496
2025-10-26 10:00:00+00:00,3362.08351625,28.0655282,0.98914364,0.97318484,0.00421935,0.00020104,0.0099321
2025-10-26 11:00:00+00:00,3353.44568325,28.18299459,0.98969773,0.9742646,0.00374107,0.00022905,0.00958639
2025-10-26 12:00:00+00:00,3374.06978725,27.91411906,0.98991974,0.97587995,0.00334883,0.0,0.00950994
2025-10-26 13:00:00+00:00,3385.64271775,28.03306946,0.98986939,0.97843612,0.00050852,0.0,0.00965409
2025-10-26 14:00:00+00:00,3411.22448725,28.09127111,0.98934717,0.97793479,0.00046192,0.0,0.01003868
2025-10-26 15:00:00+00:00,3438.7753235,27.93635439,0.99007366,0.9777837,0.00190297,0.0,0.00949594
2025-10-26 16:00:00+00:00,3461.937653,28.04991078,0.99003368,0.97465302,0.00473671,0.0,0.00968023
2025-10-26 17:00:00+00:00,3438.70904475,28.13218951,0.98969923,0.97442967,0.00437482,0.0,0.00987418
2025-10-26 18:00:00+00:00,3442.427667,28.12148268,0.9897548,0.97316639,0.00563099,0.0,0.00966933
2025-10-26 19:00:00+00:00,3444.40220925,28.10700046,0.98932562,0.97348653,0.00492553,0.0,0.00998896
2025-10-26 20:00:00+00:00,3417.4285595,28.13971094,0.99010775,0.9728462,0.00640102,0.0,0.0093216
2025-10-26 21:00:00+00:00,3373.88325525,28.23124977,0.99004312,0.97414766,0.00481226,0.0,0.00923516
2025-10-26 22:00:00+00:00,3269.19115575,28.46525221,0.98948521,0.97172649,0.00614834,0.0,0.00996909
2025-10-26 23:00:00+00:00,3221.37277925,28.65661834,0.98979093,0.97554856,0.00218186,0.0,0.00990407
2025-10-27 00:00:00+00:00,3180.858891,28.97568144,0.98818309,0.97325443,0.00134798,0.00017742,0.01129545
2025-10-27 01:00:00+00:00,3144.934935,28.91319887,0.98794998,0.97307659,0.00136934,0.00015125,0.01152028
2025-10-27 02:00:00+00:00,3130.08403525,28.90244508,0.98795121,0.97317502,0.00132846,0.00019532,0.01152283
2025-10-27 03:00:00+00:00,3123.2327585,28.43032146,0.98796733,0.97363763,0.00137811,0.0,0.01159124
2025-10-27 04:00:00+00:00,3155.55734275,27.52617002,0.98999929,0.97353833,0.00509795,0.0,0.00980367
2025-10-27 05:00:00+00:00,3315.1417505,27.32971536,0.99026093,0.96874682,0.01074408,0.0,0.00968929
2025-10-27 06:00:00+00:00,3509.95464525,26.9791924,0.99059666,0.97049658,0.0102091,0.0,0.00940167
2025-10-27 07:00:00+00:00,3565.2873065,26.83388743,0.99057806,0.97058891,0.01030776,0.0,0.00942047
2025-10-27 08:00:00+00:00,3569.230169,26.61135147,0.99081841,0.97067724,0.01060789,0.0,0.00918159
2025-10-27 09:00:00+00:00,3577.27331525,26.67229702,0.99110144,0.9699872,0.01109698,0.0,0.00889856
2025-10-27 10:00:00+00:00,3583.097159,26.49613206,0.99107085,0.97045141,0.0110135,0.0,0.00892915
2025-10-27 11:00:00+00:00,3586.2826735,26.38335791,0.99141439,0.97125359,0.01097709,0.0,0.00858561
2025-10-27 12:00:00+00:00,3607.673987,26.31525076,0.99145049,0.97189103,0.01057577,0.0,0.00851372
2025-10-27 13:00:00+00:00,3627.86411375,26.28853849,0.99206447,0.97265011,0.01054492,0.0,0.00793553
2025-10-27 14:00:00+00:00,3649.1802205,26.17189219,0.99206574,0.97349779,0.0100176,0.0,0.00793426
2025-10-27 15:00:00+00:00,3664.26267175,26.39209711,0.99189758,0.97242656,0.0103991,0.0,0.0080895
2025-10-27 16:00:00+00:00,3653.42136,26.32733999,0.99147058,0.97223226,0.01007546,0.0,0.00852942
2025-10-27 17:00:00+00:00,3567.15969075,26.55225589,0.99043094,0.9711421,0.00944694,0.0,0.00956906
2025-10-27 18:00:00+00:00,3560.5916615,26.1996996,0.99102357,0.97240042,0.00932493,0.0,0.008976
2025-10-27 19:00:00+00:00,3565.85692175,25.59096904,0.99150868,0.97240455,0.01044846,0.0,0.00849035
2025-10-27 20:00:00+00:00,3530.13969475,25.11217819,0.99135398,0.97398062,0.00915868,0.0,0.00864447
2025-10-27 21:00:00+00:00,3459.2134055,24.6981433,0.99162597,0.97391308,0.0097106,0.0,0.00832316
2025-10-27 22:00:00+00:00,3363.74076775,24.66016452,0.99165347,0.97666919,0.00710246,0.0,0.00827555
2025-10-27 23:00:00+00:00,3293.6939035,24.31266324,0.99163248,0.9791621,0.00478226,0.0,0.00836752
2025-10-28 00:00:00+00:00,3222.117684,24.14827374,0.99090898,0.97896431,0.00368554,0.0,0.00908226
2025-10-28 01:00:00+00:00,3178.996873,24.29871754,0.99053304,0.97687443,0.00488182,0.0,0.00926853
2025-10-28 02:00:00+00:00,3176.0743285,24.28831995,0.9904394,0.97675623,0.00460669,0.0,0.00947662
2025-10-28 03:00:00+00:00,3171.23982425,24.04880685,0.99005275,0.97681982,0.00428293,0.0,0.0097656
2025-10-28 04:00:00+00:00,3246.03375075,23.94900965,0.99194121,0.97615886,0.00748027,0.0,0.00805879
2025-10-28 05:00:00+00:00,3425.4636515,24.18668997,0.99289728,0.97720276,0.00846844,0.0,0.00710214
2025-10-28 06:00:00+00:00,3608.24282325,24.53340922,0.99346124,0.97630179,0.01000699,0.0,0.00653876
2025-10-28 07:00:00+00:00,3626.977648,24.43355284,0.99385016,0.97898305,0.00810748,0.0,0.00614066
2025-10-28 08:00:00+00:00,3635.21473275,24.68195347,0.99372135,0.97764212,0.00908352,0.0,0.00627865
2025-10-28 09:00:00+00:00,3247.56424575,24.93555613,0.99350868,0.97599178,0.00982305,0.0,0.00649105
2025-10-28 10:00:00+00:00,3604.625769,25.09891899,0.99377364,0.97656472,0.01004494,0.0,0.00622636
2025-10-28 11:00:00+00:00,3554.107292,25.34820269,0.9934783,0.97541033,0.01046474,0.0,0.00651692
2025-10-28 12:00:00+00:00,3545.938338,25.49441777,0.99351398,0.97565438,0.01025786,0.0,0.00648602
2025-10-28 13:00:00+00:00,3578.92185425,25.59240416,0.99387481,0.97617142,0.01003444,0.0,0.00612519
2025-10-28 14:00:00+00:00,3646.79825225,25.33009892,0.99380139,0.97730906,0.00933559,0.0,0.00619861
2025-10-28 15:00:00+00:00,3662.0202345,25.13341764,0.99374845,0.97656092,0.01006979,0.0,0.00625155
2025-10-28 16:00:00+00:00,3680.120312,25.18657929,0.99374249,0.97648093,0.01011667,0.0,0.00625751
2025-10-28 17:00:00+00:00,3659.8157005,25.29236051,0.99347012,0.97593748,0.01017626,0.0,0.00652988
2025-10-28 18:00:00+00:00,3647.51833425,25.19014462,0.99315067,0.97577938,0.00998803,0.0,0.00684933
2025-10-28 19:00:00+00:00,3622.58916025,25.56708562,0.99310716,0.97474818,0.00984706,0.0,0.00689284
2025-10-28 20:00:00+00:00,3573.19259025,25.82787197,0.99295969,0.97570244,0.00785094,0.0,0.00704031
2025-10-28 21:00:00+00:00,3489.36044225,25.61928479,0.9927062,0.97563458,0.00792026,0.0,0.0072938
2025-10-28 22:00:00+00:00,3431.49971375,25.40912084,0.99246998,0.9733574,0.00984735,0.0,0.00753002
2025-10-28 23:00:00+00:00,3386.38695575,25.36456714,0.99271033,0.97503943,0.00842774,0.0,0.00728967
2025-10-29 00:00:00+00:00,3347.40930325,25.57473519,0.99220249,0.97555739,0.00724849,0.0,0.00779751
2025-10-29 01:00:00+00:00,3315.820887,26.09119683,0.99210443,0.9748416,0.00730559,0.0,0.00789557
2025-10-29 02:00:00+00:00,3311.8372415,26.06935592,0.9923795,0.97550527,0.00724144,0.0,0.0076205
2025-10-29 03:00:00+00:00,3258.78747525,25.95949629,0.99241124,0.97453935,0.00865522,0.0,0.00758876
2025-10-29 04:00:00+00:00,3272.262777,26.17347379,0.99208885,0.97289189,0.01014256,0.0,0.00791115
2025-10-29 05:00:00+00:00,3422.84071075,26.72514637,0.99201135,0.97169919,0.01035085,0.0,0.00798865
2025-10-29 06:00:00+00:00,3626.8050985,27.33422143,0.99233932,0.97170132,0.01000005,0.0,0.00766068
2025-10-29 07:00:00+00:00,3659.5114135,27.54172139,0.99208917,0.97102717,0.01017286,0.0,0.0079038
2025-10-29 08:00:00+00:00,3646.50598275,27.61976601,0.99186034,0.97079218,0.0103541,0.0,0.00813502
2025-10-29 09:00:00+00:00,3616.87019075,27.83968448,0.9917735,0.97051158,0.0104542,0.0,0.00822307
2025-10-29 10:00:00+00:00,3566.1113205,28.18632435,0.99163883,0.97016406,0.01035681,0.0,0.00836117
2025-10-29 11:00:00+00:00,3519.34765775,28.26195562,0.99145524,0.96994507,0.01046297,0.0,0.0085391
2025-10-29 12:00:00+00:00,3514.2231895,28.34943117,0.9918832,0.97026485,0.01059922,0.0,0.00809601
2025-10-29 13:00:00+00:00,3512.976392,28.25118399,0.99324903,0.97196121,0.01066782,0.0,0.00670766
2025-10-29 14:00:00+00:00,3567.58004675,28.21715787,0.99378612,0.97274973,0.01058512,0.0,0.00621388
2025-10-29 15:00:00+00:00,3648.619553,28.17935895,0.99363487,0.97248256,0.01069034,0.0,0.00636513
2025-10-29 16:00:00+00:00,3695.60873425,28.26505409,0.99358415,0.97257687,0.01046871,0.0,0.00641585
2025-10-29 17:00:00+00:00,3709.33358525,28.55098001,0.99365461,0.97219215,0.0104827,0.0,0.00634539
2025-10-29 18:00:00+00:00,3718.951291,28.5760032,0.993487,0.97270683,0.00970482,0.0,0.006513
2025-10-29 19:00:00+00:00,3713.6812305,28.57274944,0.99263289,0.97194313,0.00952314,0.0,0.00736711
2025-10-29 20:00:00+00:00,3682.28691675,28.30269716,0.99173326,0.97074207,0.01021839,0.0,0.00826674
2025-10-29 21:00:00+00:00,3626.283907,28.23426597,0.99179592,0.97055667,0.01034959,0.0,0.00820408
2025-10-29 22:00:00+00:00,3555.6265335,28.08947066,0.99170561,0.97053779,0.01036151,0.0,0.00829439
2025-10-29 23:00:00+00:00,3473.181994,28.03433842,0.99186011,0.97082972,0.01038427,0.0,0.00813989
2025-10-30 00:00:00+00:00,3428.72240925,28.17439131,0.99190198,0.97071515,0.01039412,0.0,0.00809802
2025-10-30 01:00:00+00:00,3395.61915675,28.15266856,0.99148763,0.97030131,0.01046286,0.0,0.00851237
2025-10-30 02:00:00+00:00,3407.62802825,28.68199608,0.99107405,0.96911251,0.01040208,0.0,0.00892595
2025-10-30 03:00:00+00:00,3422.92628425,28.62547579,0.99151324,0.97004723,0.00993787,0.0,0.00848676
2025-10-30 04:00:00+00:00,3490.526966,28.18473156,0.9916659,0.97065319,0.01028484,0.0,0.0083341
2025-10-30 05:00:00+00:00,3658.21245825,28.03232271,0.99177574,0.97106982,0.01022446,0.0,0.00822426
2025-10-30 06:00:00+00:00,3863.68076,28.01405188,0.9917808,0.97222785,0.00913057,0.0,0.0082192
2025-10-30 07:00:00+00:00,3896.88759625,28.32229617,0.9918002,0.97173003,0.00903831,0.0,0.0081998
2025-10-30 08:00:00+00:00,3883.1661305,28.35849844,0.99190898,0.9712742,0.00966706,0.0,0.00809102
2025-10-30 09:00:00+00:00,3822.14294975,28.30834266,0.9919687,0.97064398,0.01067996,0.0,0.00803062
2025-10-30 10:00:00+00:00,3774.606616,28.3812845,0.99230056,0.9712317,0.01046501,0.0,0.00769944
2025-10-30 11:00:00+00:00,3738.267081,28.39147295,0.99276638,0.97169657,0.01050893,0.0,0.00723362
2025-10-30 12:00:00+00:00,3707.60471425,28.61072748,0.99324945,0.97169121,0.01053885,0.0,0.00675055
2025-10-30 13:00:00+00:00,3704.9674075,28.86631212,0.99297329,0.97159362,0.00992029,0.0,0.00698964
2025-10-30 14:00:00+00:00,3754.0609485,29.19708822,0.99257369,0.97251833,0.00760173,0.0,0.00737054
2025-10-30 15:00:00+00:00,3843.49015175,29.14474618,0.99208303,0.96930326,0.01028105,0.0,0.00786801
2025-10-30 16:00:00+00:00,3844.1323275,29.11480623,0.99124026,0.96811909,0.01088136,0.0,0.00867001
2025-10-30 17:00:00+00:00,3791.143698,28.83367161,0.99141289,0.96852803,0.01104713,0.0,0.00845816
2025-10-30 18:00:00+00:00,3788.83717,28.92830875,0.9914781,0.96875709,0.01082763,0.0,0.00827181
2025-10-30 19:00:00+00:00,3796.07487825,28.99488866,0.99186016,0.96933052,0.01064317,0.0,0.00783529
2025-10-30 20:00:00+00:00,3779.98376075,28.92880282,0.99143446,0.96908487,0.01074279,0.0,0.00814949
2025-10-30 21:00:00+00:00,3725.4644565,29.23936598,0.9912704,0.96839874,0.01072231,0.0,0.00850112
2025-10-30 22:00:00+00:00,3646.751051,29.55569809,0.99082791,0.96910155,0.0089708,0.0,0.00896287
2025-10-30 23:00:00+00:00,3549.1861775,29.81937756,0.99064511,0.96598732,0.01120975,0.0,0.00913655
2025-10-31 00:00:00+00:00,3502.512553,29.85507928,0.99015795,0.96519442,0.01134778,0.0,0.0096085
2025-10-31 01:00:00+00:00,3470.09768075,29.70867285,0.99011554,0.9652736,0.01136849,0.0,0.00965669
2025-10-31 02:00:00+00:00,3450.65303075,29.66037638,0.99016833,0.96515231,0.01139741,0.0,0.00958672
2025-10-31 03:00:00+00:00,3466.044995,29.30526311,0.99081226,0.96635992,0.01135862,0.0,0.00893483
2025-10-31 04:00:00+00:00,3515.6016395,29.14037136,0.99055329,0.96608121,0.01131148,0.0,0.00923549
2025-10-31 05:00:00+00:00,3674.04524275,28.73334657,0.9906096,0.9667628,0.01091577,0.0,0.00921211
2025-10-31 06:00:00+00:00,3881.884357,27.87014355,0.99100503,0.96974723,0.00900251,0.0,0.00874608
2025-10-31 07:00:00+00:00,3952.546,27.2630521,0.99148848,0.97098331,0.00880855,0.0,0.00834547
2025-10-31 08:00:00+00:00,3947.38733025,26.49768247,0.99215239,0.97254017,0.00898545,0.0,0.00781251
2025-10-31 09:00:00+00:00,3922.48193825,26.10073883,0.99263671,0.9733526,0.00921027,0.0,0.00736329
2025-10-31 10:00:00+00:00,3875.36741,25.60735894,0.99311285,0.97571984,0.00771396,0.0,0.00688369
2025-10-31 11:00:00+00:00,3833.15302825,25.08051342,0.99294772,0.97491651,0.00875119,0.0,0.00705228
2025-10-31 12:00:00+00:00,3824.837983,24.52353389,0.99348203,0.97625965,0.00868837,0.0,0.00651235
2025-10-31 13:00:00+00:00,3844.2300575,24.51203195,0.99334054,0.97640267,0.00830057,0.0,0.00665579
2025-10-31 14:00:00+00:00,3847.375867,23.83867797,0.99371301,0.97811288,0.00808156,0.0,0.00628675
2025-10-31 15:00:00+00:00,3841.01188975,23.89193023,0.99330675,0.97778962,0.00776367,0.0,0.00669325
2025-10-31 16:00:00+00:00,3823.3482415,23.80075686,0.99336679,0.97767426,0.00807297,0.0,0.00662485
2025-10-31 17:00:00+00:00,3772.06508675,23.81423308,0.99351298,0.97673772,0.00915336,0.0,0.00648084
2025-10-31 18:00:00+00:00,3719.07716275,23.83621592,0.99340253,0.97751781,0.00801972,0.0,0.0065931
2025-10-31 19:00:00+00:00,3682.39066575,23.77418259,0.99372259,0.97932772,0.00654964,0.0,0.00627741
2025-10-31 20:00:00+00:00,3618.58771275,23.7841709,0.99341867,0.97935051,0.00586742,0.0,0.00658133
2025-10-31 21:00:00+00:00,3559.03375725,24.00872903,0.99332522,0.97654742,0.00835294,0.0,0.00667478
2025-10-31 22:00:00+00:00,3449.957885,23.93036848,0.99338402,0.97715094,0.00823615,0.0,0.00661598
2025-10-31 23:00:00+00:00,3456.597501,24.18717735,0.99297167,0.98121177,0.00290784,0.0,0.00702833
2025-11-01 00:00:00+00:00,3397.315051,24.1275993,0.99254798,0.98352149,0.0,0.0,0.00745202
2025-11-01 01:00:00+00:00,3345.923166,23.92126972,0.99240409,0.98320152,0.0,0.0,0.00759591
2025-11-01 02:00:00+00:00,3316.2165835,23.60425478,0.99207219,0.98288415,0.0,0.0,0.00792781
2025-11-01 03:00:00+00:00,3295.21361225,23.67262592,0.99210234,0.98268036,0.0,0.0,0.00789766
2025-11-01 04:00:00+00:00,3289.40108025,23.58480202,0.99147382,0.98195766,0.0,0.0,0.00852464
2025-11-01 05:00:00+00:00,3300.26987225,23.61769032,0.99132732,0.98171951,0.0,0.0,0.00867083
2025-11-01 06:00:00+00:00,3386.36876325,23.7231005,0.99148364,0.98183158,0.0,0.0,0.00811848
2025-11-01 07:00:00+00:00,3459.97919375,23.79715145,0.99171475,0.98250156,0.0,0.0,0.00803954
2025-11-01 08:00:00+00:00,3522.92601125,23.4913831,0.99222566,0.98217432,0.00141154,0.0,0.00759159
2025-11-01 09:00:00+00:00,3550.30214525,23.49469265,0.99191454,0.98331618,0.0,0.0,0.00770349
2025-11-01 10:00:00+00:00,3526.34219575,23.45135148,0.99150495,0.98274277,0.0,0.0,0.00813275
2025-11-01 11:00:00+00:00,3504.33830125,23.49716303,0.99202591,0.98341127,0.0,0.0,0.00777551
2025-11-01 12:00:00+00:00,3507.94138075,23.53475626,0.99193466,0.98153288,0.00168454,0.0,0.00797296
2025-11-01 13:00:00+00:00,3522.44124275,23.35314788,0.99285113,0.98245722,0.00261756,0.0,0.00714177
2025-11-01 14:00:00+00:00,3543.079514,23.08483148,0.99329659,0.98291987,0.00333307,0.0,0.00669054
2025-11-01 15:00:00+00:00,3572.942217,23.17833003,0.99330612,0.98169482,0.00437917,0.0,0.00669385
2025-11-01 16:00:00+00:00,3575.380934,23.08451723,0.99362948,0.98179938,0.00481762,0.0,0.00634898
2025-11-01 17:00:00+00:00,3544.700862,23.00471591,0.99370928,0.9826056,0.00402901,0.0,0.00628906
2025-11-01 18:00:00+00:00,3500.08599875,22.99280193,0.99371987,0.98430123,0.00213397,0.0,0.00627526
2025-11-01 19:00:00+00:00,3445.01821225,23.08789222,0.99370234,0.98478639,0.00160115,0.0,0.00627737
2025-11-01 20:00:00+00:00,3384.71443825,22.87899182,0.99370186,0.98406943,0.00256243,0.0,0.00629537
2025-11-01 21:00:00+00:00,3342.1590855,22.91198428,0.99331065,0.98462737,0.00117312,0.0,0.00668882
2025-11-01 22:00:00+00:00,3286.92260275,22.73960829,0.99290017,0.98422476,0.00138016,0.0,0.00705224
2025-11-01 23:00:00+00:00,3227.10122325,23.18268113,0.99284621,0.98454451,0.0,0.0,0.00715143
2025-11-02 00:00:00+00:00,3196.96502225,23.3342907,0.99254756,0.98414869,0.0,0.0,0.00745244
2025-11-02 01:00:00+00:00,3159.617054,23.91290377,0.99250961,0.98336898,0.0,0.0,0.00748574
2025-11-02 02:00:00+00:00,3138.92176725,24.42280401,0.99187656,0.98238635,0.0,0.0,0.00812344
2025-11-02 03:00:00+00:00,3111.32158925,25.32813825,0.99151135,0.98127465,0.0,0.0,0.0084148
2025-11-02 04:00:00+00:00,3088.1919875,26.34395865,0.99126184,0.98048304,0.0,0.0,0.00861559
2025-11-02 05:00:00+00:00,3130.3691015,27.2708207,0.99089375,0.97667669,0.00233929,0.0,0.00889689
2025-11-02 06:00:00+00:00,3175.434294,27.78239468,0.99068932,0.97759322,0.00061626,0.0,0.00871925
2025-11-02 07:00:00+00:00,3236.21100675,27.71936546,0.99058182,0.97813994,0.00037461,0.0,0.0087995
2025-11-02 08:00:00+00:00,3284.2012765,27.46162103,0.99102611,0.97914603,0.0,0.0,0.00875417
2025-11-02 09:00:00+00:00,3322.344805,27.70592046,0.99102664,0.97836388,0.0,0.0,0.00866793
2025-11-02 10:00:00+00:00,3323.730632,27.84181978,0.99095902,0.97831439,0.0,0.0,0.00890276
2025-11-02 11:00:00+00:00,3314.0705895,27.67198025,0.99157232,0.97978451,0.0,0.0,0.00835115
2025-11-02 12:00:00+00:00,3325.5553915,27.87997169,0.99161496,0.97980775,0.0,0.0,0.00832702
2025-11-02 13:00:00+00:00,3342.8108445,28.09392991,0.99141415,0.97943075,0.0,0.0,0.00858
2025-11-02 14:00:00+00:00,3397.85699325,28.10585003,0.99035909,0.9785121,0.0,0.0,0.0095695
2025-11-02 15:00:00+00:00,3476.91225975,28.0422962,0.99130324,0.97971315,0.0,0.0,0.00865964
2025-11-02 16:00:00+00:00,3505.59592025,28.06398151,0.99205284,0.98046637,0.0,0.0,0.00794536
2025-11-02 17:00:00+00:00,3515.1820665,27.79505736,0.99152741,0.98028576,0.0,0.0,0.00835933
2025-11-02 18:00:00+00:00,3520.666505,27.45223173,0.99175735,0.98122783,0.0,0.0,0.00805621
2025-11-02 19:00:00+00:00,3513.8954165,27.23581358,0.99198226,0.9816135,0.0,0.0,0.00795342
2025-11-02 20:00:00+00:00,3494.733529,26.38773269,0.99239925,0.97547453,0.00775222,0.0,0.00755738
2025-11-02 21:00:00+00:00,3440.11281625,26.05933915,0.99236377,0.97861876,0.00461481,0.0,0.00762223
2025-11-02 22:00:00+00:00,3383.28111725,25.6782459,0.99253504,0.97990554,0.00363704,0.0,0.00746496
2025-11-02 23:00:00+00:00,3314.201781,25.62908603,0.99188387,0.9812219,0.00058538,0.0,0.00811613
2025-11-03 00:00:00+00:00,3302.2047545,25.64771125,0.99183385,0.98159749,0.0,0.0,0.00816615
2025-11-03 01:00:00+00:00,3290.7593625,25.5314205,0.99186125,0.98167579,0.0,0.0,0.00813875
2025-11-03 02:00:00+00:00,3290.500843,25.86348356,0.99171779,0.98116057,0.0,0.0,0.00828164
2025-11-03 03:00:00+00:00,3281.3099575,26.16311771,0.99150652,0.98070942,0.0,0.0,0.00849348
2025-11-03 04:00:00+00:00,3321.19985175,25.95833049,0.99209534,0.98162075,0.0,0.0,0.00790466
2025-11-03 05:00:00+00:00,3428.70975425,25.0102137,0.99174246,0.98142037,0.0,0.0,0.00825754
2025-11-03 06:00:00+00:00,3635.75059525,25.2274578,0.99011757,0.97785883,0.0,0.0,0.00921673
2025-11-03 07:00:00+00:00,3696.26936925,25.11806916,0.9895523,0.97755197,0.0,0.0,0.00959975
2025-11-03 08:00:00+00:00,3696.12875025,25.93332791,0.98976512,0.97739944,0.0,0.0,0.00953022
2025-11-03 09:00:00+00:00,3658.055925,26.77117943,0.99061646,0.9784799,0.0,0.0,0.00894211
2025-11-03 10:00:00+00:00,3613.069666,27.25699745,0.99107736,0.97885944,0.0,0.0,0.00862961
2025-11-03 11:00:00+00:00,3571.47536525,27.40087395,0.99061311,0.97840825,0.00014664,0.0,0.00891645
2025-11-03 12:00:00+00:00,3522.95030125,26.97217466,0.99081416,0.9795697,0.0,0.0,0.00873332
2025-11-03 13:00:00+00:00,3541.77271475,26.71633983,0.99122658,0.98003332,0.0,0.0,0.00826895
2025-11-03 14:00:00+00:00,3591.7561935,25.91904564,0.99095607,0.97785331,0.00288998,0.0,0.00856617
2025-11-03 15:00:00+00:00,3666.590009,25.49932552,0.99120703,0.97925819,0.00215772,0.0,0.00855337
2025-11-03 16:00:00+00:00,3640.34691475,24.69514493,0.99169981,0.98014744,0.00219577,0.0,0.00821143
2025-11-03 17:00:00+00:00,3624.75208875,24.02909143,0.99199374,0.98179747,0.00174834,0.0,0.00800283
2025-11-03 18:00:00+00:00,3631.86589825,23.46834823,0.99236769,0.98219902,0.0023469,0.0,0.00763231
2025-11-03 19:00:00+00:00,3610.55226925,22.82637228,0.99260174,0.9852182,0.00079367,0.0,0.00739055
2025-11-03 20:00:00+00:00,3570.8707705,22.3661625,0.99260488,0.98484896,0.00169541,0.0,0.00733383
2025-11-03 21:00:00+00:00,3524.367585,22.61565291,0.99165635,0.98237451,0.00212334,0.0,0.00764541
2025-11-03 22:00:00+00:00,3427.308386,22.3675194,0.98978993,0.98023443,0.00140571,0.0,0.00846467
2025-11-03 23:00:00+00:00,3335.25412625,23.38761624,0.98797439,0.97665089,0.0,1.887e-05,0.0091737
2025-11-04 00:00:00+00:00,3257.0981615,24.1754846,0.98677029,0.97386322,0.0,5.085e-05,0.01011422
2025-11-04 01:00:00+00:00,3245.3757785,24.80308415,0.98603038,0.97262355,0.0,0.0001371,0.01031408
2025-11-04 02:00:00+00:00,3189.3211255,24.06602457,0.98619383,0.97366432,0.0,0.00012376,0.01010787
2025-11-04 03:00:00+00:00,3168.82998625,23.9341009,0.98706553,0.97451211,0.0,0.00010604,0.00967537
2025-11-04 04:00:00+00:00,3195.20442575,22.3664665,0.98860612,0.97779221,0.0,0.0,0.00929003
2025-11-04 05:00:00+00:00,3342.04259825,24.07569937,0.99087624,0.97947073,0.0,0.0,0.00855203
2025-11-04 06:00:00+00:00,3486.482256,23.65612045,0.9915945,0.98089654,0.00122681,0.0,0.0077237
2025-11-04 07:00:00+00:00,3485.6797505,24.48604029,0.9916441,0.97783911,0.00364391,0.0,0.00799867
2025-11-04 08:00:00+00:00,3415.018602,25.13717543,0.99172236,0.977216,0.00399705,0.0,0.00801593
2025-11-04 09:00:00+00:00,3438.453925,25.83120174,0.99165058,0.97633376,0.00399098,0.0,0.0081597
2025-11-04 10:00:00+00:00,3436.31921525,25.82781375,0.99166337,0.97621759,0.003944,8.82e-06,0.00817326
2025-11-04 11:00:00+00:00,3424.830023,25.43278331,0.99121083,0.97625984,0.00376396,2.896e-05,0.00860265
2025-11-04 12:00:00+00:00,3436.656358,23.89480871,0.99262749,0.98003112,0.00393797,0.0,0.00736732
2025-11-04 13:00:00+00:00,3457.35686675,23.12925472,0.99241436,0.98106341,0.00388717,0.0,0.00758564
2025-11-04 14:00:00+00:00,3502.5480135,22.70489055,0.99281573,0.98229893,0.00370165,0.0,0.00718156
2025-11-04 15:00:00+00:00,3562.88183375,22.736773,0.99270609,0.98238295,0.00367798,0.0,0.00729118
2025-11-04 16:00:00+00:00,3532.30868925,22.57237869,0.99272129,0.9829143,0.00351025,0.0,0.00727871
2025-11-04 17:00:00+00:00,3528.82170225,22.27982893,0.9928296,0.98344013,0.00346063,0.0,0.0071704
2025-11-04 18:00:00+00:00,3506.96534025,22.51742922,0.99286124,0.9831425,0.00345189,0.0,0.00713876
2025-11-04 19:00:00+00:00,3474.9591965,23.00231404,0.99271832,0.98213673,0.00348432,0.0,0.00728168
2025-11-04 20:00:00+00:00,3410.6428775,23.5897992,0.99234635,0.98035473,0.00360034,0.0,0.00765365
2025-11-04 21:00:00+00:00,3334.53614275,24.5658573,0.99192819,0.97858698,0.00341367,0.0,0.00807181
2025-11-04 22:00:00+00:00,3241.94737125,25.34436997,0.99115982,0.97643745,0.00305434,2e-07,0.00883891
2025-11-04 23:00:00+00:00,3166.61427925,25.97403727,0.99116399,0.97861425,3.044e-05,3.09e-06,0.00874428
2025-11-05 00:00:00+00:00,3103.58005025,26.44600514,0.9907363,0.97783044,0.0,7.23e-06,0.00910033
2025-11-05 01:00:00+00:00,3048.41813475,25.28128068,0.99079741,0.97861529,0.0,0.0,0.00920259
2025-11-05 02:00:00+00:00,3037.82528,25.35657183,0.99033862,0.97698351,0.0,1.722e-05,0.00950057
2025-11-05 03:00:00+00:00,3025.84273375,25.65514467,0.99052762,0.97695304,0.0,3.574e-05,0.00916918
2025-11-05 04:00:00+00:00,3066.25992775,26.07538439,0.99070152,0.97754611,0.0,0.0,0.00913512
2025-11-05 05:00:00+00:00,3205.93039225,25.93387139,0.9913071,0.9790864,0.0,0.0,0.00862937
2025-11-05 06:00:00+00:00,3406.14420675,25.54682425,0.99217546,0.98113694,0.0,0.0,0.00782454
2025-11-05 07:00:00+00:00,3450.905441,23.9462844,0.99210447,0.9833386,0.0,0.0,0.00746943
2025-11-05 08:00:00+00:00,3445.7385425,24.38333497,0.9919593,0.98291555,0.0,0.0,0.00753015
2025-11-05 09:00:00+00:00,3489.080717,24.21739369,0.99217412,0.98292883,0.0,0.0,0.00759093
2025-11-05 10:00:00+00:00,3462.27316275,23.87664258,0.9927647,0.98400688,0.0,0.0,0.00714732
2025-11-05 11:00:00+00:00,3449.4534355,23.34834492,0.99279211,0.98451706,0.0,0.0,0.00716644
2025-11-05 12:00:00+00:00,3479.778785,23.11750176,0.99304241,0.98515711,0.0,0.0,0.00693114
2025-11-05 13:00:00+00:00,3480.70553775,22.60143373,0.99328356,0.98613956,0.0,0.0,0.00671644
2025-11-05 14:00:00+00:00,3498.05548775,22.80905664,0.99318181,0.98600515,0.0,0.0,0.00681819
2025-11-05 15:00:00+00:00,3563.93274925,23.19399546,0.99298808,0.98521403,0.00026433,0.0,0.00701192
2025-11-05 16:00:00+00:00,3565.69939375,23.12681233,0.993375,0.98395949,0.00256939,0.0,0.006625
2025-11-05 17:00:00+00:00,3577.142083,23.1920693,0.99345717,0.983784,0.00247895,0.0,0.00654283
2025-11-05 18:00:00+00:00,3558.330203,23.39292721,0.99318927,0.98334507,0.00260945,0.0,0.00681073
2025-11-05 19:00:00+00:00,3563.97708175,23.74291481,0.99342329,0.98250268,0.00317447,0.0,0.00657671
2025-11-05 20:00:00+00:00,3516.3438485,24.31056556,0.99307562,0.98156171,0.00302083,0.0,0.00692438
2025-11-05 21:00:00+00:00,3458.630587,25.06451484,0.99253878,0.98318655,2.77e-05,0.0,0.00746122
2025-11-05 22:00:00+00:00,3372.97348575,25.69399705,0.99207401,0.98206458,0.0,0.0,0.00791528
2025-11-05 23:00:00+00:00,3261.48765,26.20812934,0.99151645,0.9807624,0.0,0.0,0.00840039
2025-11-06 00:00:00+00:00,3181.888349,26.75927261,0.99085222,0.97948801,0.0,0.0,0.00905156
2025-11-06 01:00:00+00:00,3148.786358,27.06317972,0.99043583,0.97857436,0.0,0.0,0.00944059
2025-11-06 02:00:00+00:00,3151.73144925,27.48595355,0.99007297,0.97760329,0.0,0.0,0.00980528
2025-11-06 03:00:00+00:00,3168.16415175,27.8376759,0.99254802,0.97956719,0.0,0.0,0.00729076
2025-11-06 04:00:00+00:00,3207.8564725,28.07446189,0.99015785,0.97741025,0.0,0.0,0.00969428
2025-11-06 05:00:00+00:00,3335.5044035,28.27970625,0.9898799,0.97232391,0.00542908,0.0,0.01007525
2025-11-06 06:00:00+00:00,3563.11425675,28.38888977,0.98977403,0.97048746,0.0075962,0.0,0.0102201
2025-11-06 07:00:00+00:00,3627.03786625,28.31298289,0.99006583,0.96730342,0.01171155,0.0,0.00993417
2025-11-06 08:00:00+00:00,3627.33765525,28.59396534,0.98979806,0.96819475,0.01009971,0.0,0.01018098
2025-11-06 09:00:00+00:00,3607.52869425,28.50162463,0.99065576,0.96813775,0.01143858,0.0,0.00934363
2025-11-06 10:00:00+00:00,3580.41320325,28.67181598,0.99114978,0.96840163,0.01127899,0.0,0.00884633
2025-11-06 11:00:00+00:00,3559.73237125,30.14768692,0.99112077,0.96600051,0.0106103,0.0,0.00887492
2025-11-06 12:00:00+00:00,3552.65289175,30.72487963,0.99082377,0.96817761,0.00672969,0.0,0.00914009
2025-11-06 13:00:00+00:00,3543.7725595,30.92101199,0.9905321,0.96470638,0.00974706,0.0,0.00943276
2025-11-06 14:00:00+00:00,3613.2130975,30.34982145,0.99130791,0.9658388,0.01074267,0.0,0.00868915
2025-11-06 15:00:00+00:00,3700.975074,30.22558935,0.99152299,0.96762436,0.00881849,0.0,0.00846009
2025-11-06 16:00:00+00:00,3691.138694,29.92340988,0.99128154,0.96759287,0.00923487,0.0,0.0087143
2025-11-06 17:00:00+00:00,3662.96139775,29.59959362,0.99154129,0.96874139,0.00872889,0.0,0.00845871
2025-11-06 18:00:00+00:00,3635.22586875,28.95304448,0.99216445,0.96950667,0.00956059,0.0,0.00783555
2025-11-06 19:00:00+00:00,3605.32060175,28.70482118,0.99239238,0.96988623,0.00992953,0.0,0.00760762
2025-11-06 20:00:00+00:00,3550.4821875,28.71847635,0.9920654,0.96924496,0.01018065,0.0,0.0079346
2025-11-06 21:00:00+00:00,3484.0549235,28.69611206,0.99187442,0.96969649,0.00935426,0.0,0.00812558
2025-11-06 22:00:00+00:00,3405.28678075,28.76519805,0.99156404,0.97085121,0.00762128,0.0,0.00843308
2025-11-06 23:00:00+00:00,3289.10067875,29.20578609,0.99103747,0.97577734,0.00124478,0.0,0.00892864
2025-11-07 00:00:00+00:00,3227.37318475,28.92955293,0.99056099,0.97067564,0.00596833,0.0,0.00940847
2025-11-07 01:00:00+00:00,3187.2160765,28.99641328,0.99038959,0.96574596,0.01045864,0.0,0.00958098
2025-11-07 02:00:00+00:00,3182.62110925,29.45272882,0.99026129,0.96658604,0.00885804,0.0,0.00968291
2025-11-07 03:00:00+00:00,3197.02368075,29.10115683,0.99047437,0.9661953,0.01016667,0.0,0.00949722
2025-11-07 04:00:00+00:00,3241.4149455,28.82716441,0.99090461,0.96711042,0.01079695,0.0,0.00909539
2025-11-07 05:00:00+00:00,3389.5988375,28.88720293,0.99142616,0.96958261,0.00901414,0.0,0.00857384
2025-11-07 06:00:00+00:00,3564.96045775,29.25759053,0.99181308,0.9705101,0.00783432,0.0,0.00818512
2025-11-07 07:00:00+00:00,3628.77527275,28.8060724,0.99152322,0.96838617,0.01048256,0.0,0.00847678
2025-11-07 08:00:00+00:00,3641.1741585,27.97698039,0.99230676,0.97138924,0.00967905,0.0,0.00769324
2025-11-07 09:00:00+00:00,3627.15814875,27.93958595,0.99337013,0.97251149,0.00962488,0.0,0.00662987
2025-11-07 10:00:00+00:00,3607.887092,27.97424994,0.99286918,0.9719534,0.00969789,0.0,0.00713031
2025-11-07 11:00:00+00:00,3563.00491725,28.39341641,0.99263721,0.97081213,0.01001188,0.0,0.00736279
2025-11-07 12:00:00+00:00,3535.0606315,28.53956877,0.99263878,0.97074702,0.01004903,0.0,0.00736122
2025-11-07 13:00:00+00:00,3506.5453005,28.83282476,0.99253363,0.97007915,0.01021511,0.0,0.00746637
2025-11-07 14:00:00+00:00,3500.30937,29.00152936,0.99233356,0.97000497,0.00948953,0.0,0.00766644
2025-11-07 15:00:00+00:00,3507.46493325,30.01190206,0.99133875,0.97097218,0.00539214,0.0,0.00866125
2025-11-07 16:00:00+00:00,3506.05073725,29.59567507,0.99201266,0.97260146,0.00544681,0.0,0.00798734
2025-11-07 17:00:00+00:00,3467.0386975,29.93959601,0.99151318,0.97144948,0.00552489,0.0,0.00848682
2025-11-07 18:00:00+00:00,3422.8379795,29.83608308,0.99170255,0.97182135,0.00552856,0.0,0.00829745
2025-11-07 19:00:00+00:00,3384.56647975,29.64925147,0.99176651,0.97178623,0.00571955,0.0,0.00823349
2025-11-07 20:00:00+00:00,3353.1665725,29.5292097,0.99182301,0.9713533,0.00649408,0.0,0.00817699
2025-11-07 21:00:00+00:00,3297.619476,29.57514579,0.99198414,0.9726635,0.00539873,0.0,0.00801586
2025-11-07 22:00:00+00:00,3234.37198975,29.51400711,0.99166717,0.97165421,0.00576606,0.0,0.00833283
2025-11-07 23:00:00+00:00,3102.6387825,29.31693768,0.99152103,0.9687669,0.00851186,0.0,0.00847897
2025-11-08 00:00:00+00:00,3083.88555975,29.47812439,0.99151969,0.96883204,0.0081823,0.0,0.00848031
2025-11-08 01:00:00+00:00,3134.5268615,29.05579026,0.99184802,0.9703714,0.007813,0.0,0.00815198
2025-11-08 02:00:00+00:00,3114.601905,29.10166827,0.99152974,0.96942317,0.00825014,0.0,0.00847026
2025-11-08 03:00:00+00:00,3098.36053475,29.30451642,0.99143309,0.9691172,0.00843699,0.0,0.00856691
2025-11-08 04:00:00+00:00,3086.0738705,29.22252504,0.99139308,0.96899423,0.00889889,0.0,0.00860692
2025-11-08 05:00:00+00:00,3131.38453325,28.9764104,0.99174606,0.9696888,0.00944606,0.0,0.00825394
2025-11-08 06:00:00+00:00,3216.544186,28.75632664,0.9921376,0.97191648,0.00802249,0.0,0.00773874
2025-11-08 07:00:00+00:00,3311.394819,28.53038728,0.99243,0.97284813,0.00770105,0.0,0.00739338
2025-11-08 08:00:00+00:00,3401.468116,28.35610669,0.99267579,0.97312086,0.00799681,0.0,0.00728992
2025-11-08 09:00:00+00:00,3430.87095925,28.62600102,0.99253992,0.97437403,0.00616716,0.0,0.00745798
2025-11-08 10:00:00+00:00,3430.31346175,28.729545,0.99251111,0.97387411,0.00635889,0.0,0.00748889
2025-11-08 11:00:00+00:00,3443.28987675,28.45173451,0.99263896,0.97316365,0.00786607,0.0,0.00736104
2025-11-08 12:00:00+00:00,3448.709894,28.72523586,0.99251756,0.97206543,0.00860011,0.0,0.00748192
2025-11-08 13:00:00+00:00,3431.5094945,29.06740253,0.99211649,0.97381525,0.00563945,0.0,0.00788351
2025-11-08 14:00:00+00:00,3438.0863105,28.89483126,0.99195943,0.97119476,0.00793889,0.0,0.00804057
2025-11-08 15:00:00+00:00,3481.692534,28.87724532,0.99189102,0.97025423,0.00869957,0.0,0.00810898
2025-11-08 16:00:00+00:00,3493.0012645,28.99561233,0.99152807,0.96891677,0.00914027,0.0,0.00847193
2025-11-08 17:00:00+00:00,3481.7840245,28.94002828,0.99137576,0.96921425,0.00836704,0.0,0.00862364
2025-11-08 18:00:00+00:00,3426.99712925,28.55774848,0.99156483,0.96981015,0.00843717,0.0,0.00843517
2025-11-08 19:00:00+00:00,3385.47249475,28.22282536,0.99163009,0.96956618,0.00929056,0.0,0.00836991
2025-11-08 20:00:00+00:00,3334.00477175,27.75649758,0.99187814,0.97152189,0.00807639,0.0,0.00812186
2025-11-08 21:00:00+00:00,3295.2294245,27.83798925,0.99170921,0.97351301,0.0056579,0.0,0.00829079
2025-11-08 22:00:00+00:00,3237.288687,27.98936418,0.99155455,0.97249538,0.00634211,0.0,0.00844545
2025-11-08 23:00:00+00:00,3195.50986175,28.0771167,0.9924894,0.97476476,0.00510749,0.0,0.0075106
2025-11-09 00:00:00+00:00,3156.9543955,28.17105881,0.99191402,0.9737997,0.00513024,0.0,0.00808598
2025-11-09 01:00:00+00:00,3129.6808515,27.98213351,0.99182856,0.97334406,0.00538793,0.0,0.00817144
2025-11-09 02:00:00+00:00,3088.6547615,27.45493289,0.99147917,0.97249569,0.00623799,0.0,0.00852083
2025-11-09 03:00:00+00:00,3066.2602055,27.70567932,0.99129048,0.97155456,0.00633917,0.0,0.00870888
2025-11-09 04:00:00+00:00,3079.59514475,27.90637072,0.99131954,0.97159817,0.00630513,0.0,0.00868046
2025-11-09 05:00:00+00:00,3124.79311375,27.94049542,0.99155156,0.97214723,0.00599695,0.0,0.00844844
2025-11-09 06:00:00+00:00,3186.30651375,27.80201688,0.99155795,0.97456236,0.00388053,0.0,0.00825526
2025-11-09 07:00:00+00:00,3244.1032255,27.94922444,0.99164163,0.97507121,0.00363473,0.0,0.00814874
2025-11-09 08:00:00+00:00,3314.86083225,27.80500865,0.99189561,0.9756049,0.00365236,0.0,0.00808339
2025-11-09 09:00:00+00:00,3360.830467,27.84599657,0.99173201,0.97576868,0.00336279,0.0,0.00815117
2025-11-09 10:00:00+00:00,3390.78695975,28.08590808,0.99183539,0.97545845,0.0035449,0.0,0.00809342
2025-11-09 11:00:00+00:00,3394.98768425,28.21951277,0.99160263,0.97515545,0.00334207,0.0,0.00839737
2025-11-09 12:00:00+00:00,3409.2916515,28.17344581,0.9917358,0.97524674,0.00342736,0.0,0.0082642
2025-11-09 13:00:00+00:00,3436.0644605,28.21622202,0.99136011,0.97412416,0.0036202,0.0,0.00863989
2025-11-09 14:00:00+00:00,3468.03737925,28.10385784,0.99109637,0.97372172,0.00389022,0.0,0.00890363
2025-11-09 15:00:00+00:00,3529.90145475,27.92241311,0.99117757,0.97451003,0.00345602,0.0,0.00882243
2025-11-09 16:00:00+00:00,3546.91385625,28.10805115,0.9909495,0.97358377,0.00357787,0.0,0.0090505
2025-11-09 17:00:00+00:00,3531.524329,28.16002401,0.99111488,0.9738553,0.00352577,0.0,0.00888319
2025-11-09 18:00:00+00:00,3535.42690575,28.23989683,0.99131443,0.97407328,0.0039814,0.0,0.00867376
2025-11-09 19:00:00+00:00,3549.95791675,28.25377651,0.99155304,0.97492023,0.00359368,0.0,0.00839863
2025-11-09 20:00:00+00:00,3506.144296,28.20080433,0.9918587,0.973656,0.0059247,0.0,0.00808894
2025-11-09 21:00:00+00:00,3453.71351625,28.116115,0.99198803,0.97407945,0.00627131,0.0,0.00800047
2025-11-09 22:00:00+00:00,3384.56692725,28.16932253,0.99196749,0.974355,0.00592859,0.0,0.00796747
2025-11-09 23:00:00+00:00,3313.1928,28.36113011,0.99198154,0.97753749,0.00252924,0.0,0.00799339
2025-11-10 00:00:00+00:00,3251.9386595,28.33150242,0.99194962,0.97765115,0.00250727,0.0,0.00802963
2025-11-10 01:00:00+00:00,3223.077092,28.04129386,0.99204707,0.97804656,0.00249677,0.0,0.00795293
2025-11-10 02:00:00+00:00,3187.299633,28.21262144,0.99195495,0.97785469,0.00251383,0.0,0.00804396
2025-11-10 03:00:00+00:00,3159.423142,28.40218042,0.99177667,0.97738289,0.00256451,0.0,0.00822333
2025-11-10 04:00:00+00:00,3194.42279125,28.78688191,0.99158716,0.976662,0.00263875,0.0,0.00841284
2025-11-10 05:00:00+00:00,3348.397133,29.07835601,0.99103749,0.97561461,0.00225454,0.0,0.00896251
2025-11-10 06:00:00+00:00,3561.4676645,28.82957191,0.99181295,0.97885207,0.00079972,0.0,0.00818705
2025-11-10 07:00:00+00:00,3634.41285075,28.55186195,0.99153281,0.97915611,0.00078412,0.0,0.00846719
2025-11-10 08:00:00+00:00,3646.153826,28.47136043,0.99164785,0.9790314,0.0013526,0.0,0.00835215
2025-11-10 09:00:00+00:00,3657.2730755,28.63026839,0.9917293,0.97993946,0.00052915,0.0,0.00826694
2025-11-10 10:00:00+00:00,3654.29023475,28.66255447,0.99135282,0.97900008,0.00074599,0.0,0.00862527
2025-11-10 11:00:00+00:00,3674.66014175,28.93340845,0.99125884,0.97767807,0.0015964,0.0,0.00867939
2025-11-10 12:00:00+00:00,3674.819732,28.78253084,0.99116756,0.97782576,0.00144489,0.0,0.00878194
2025-11-10 13:00:00+00:00,3680.94390875,28.20484401,0.99134925,0.97954593,0.00120213,0.0,0.00858252
2025-11-10 14:00:00+00:00,3692.93944125,28.08245804,0.99154048,0.98016229,0.00118308,0.0,0.00839432
2025-11-10 15:00:00+00:00,3745.64167025,28.40547438,0.99164777,0.97910316,0.00171211,0.0,0.00824526
2025-11-10 16:00:00+00:00,3723.77027575,28.69595251,0.99160328,0.97779822,0.00245112,0.0,0.0083362
2025-11-10 17:00:00+00:00,3684.39829425,28.76932293,0.99054578,0.97728808,0.00145899,0.0,0.00940056
2025-11-10 18:00:00+00:00,3663.73743175,27.76392855,0.99198129,0.9743541,0.00814864,0.0,0.00801871
2025-11-10 19:00:00+00:00,3619.998478,27.32988937,0.99218986,0.97303131,0.01050401,0.0,0.00781014
2025-11-10 20:00:00+00:00,3589.68047,27.22091508,0.99238463,0.974201,0.0096035,0.0,0.00761386
2025-11-10 21:00:00+00:00,3509.5379235,27.37766455,0.99222138,0.97374532,0.009418,0.0,0.00771283
2025-11-10 22:00:00+00:00,3400.4905065,27.61034217,0.99224229,0.97359188,0.0090185,0.0,0.00769893
2025-11-10 23:00:00+00:00,3290.72534225,27.63333393,0.99242096,0.97602379,0.00660531,0.0,0.0075783
2025-11-11 00:00:00+00:00,3272.1027295,27.68125703,0.99210758,0.97734592,0.00480645,0.0,0.00789242
2025-11-11 01:00:00+00:00,3250.6222455,27.63996377,0.99191783,0.97709906,0.00484525,0.0,0.00808217
2025-11-11 02:00:00+00:00,3244.90184625,27.45288865,0.99190007,0.97735749,0.00473388,0.0,0.00809987
2025-11-11 03:00:00+00:00,3248.18778575,27.4649444,0.99308577,0.977737,0.0054372,0.0,0.00691423
2025-11-11 04:00:00+00:00,3302.690609,27.41462988,0.99268108,0.98074724,0.0021681,0.0,0.00731886
2025-11-11 05:00:00+00:00,3425.69729475,27.52703968,0.99233502,0.98036383,0.00223239,0.0,0.00766494
2025-11-11 06:00:00+00:00,3616.15511375,28.11481545,0.99200041,0.97830779,0.00243058,0.0,0.00799927
2025-11-11 07:00:00+00:00,3669.69204,27.97399219,0.99191326,0.97846751,0.00255485,0.0,0.00808251
2025-11-11 08:00:00+00:00,3648.07529975,28.335439,0.99160983,0.97716606,0.00262169,0.0,0.00839017
2025-11-11 09:00:00+00:00,3648.30863975,28.19415584,0.99176307,0.97766248,0.00253307,0.0,0.00793352
2025-11-11 10:00:00+00:00,3654.80426225,28.15491631,0.99267918,0.97862323,0.00249759,0.0,0.00714432
2025-11-11 11:00:00+00:00,3640.35835825,27.86985854,0.99217129,0.97835738,0.00249249,0.0,0.00753197
2025-11-11 12:00:00+00:00,3638.7229495,27.70427519,0.99290944,0.9788712,0.00258689,0.0,0.00681158
2025-11-11 13:00:00+00:00,3668.851661,27.23281787,0.99282621,0.97947987,0.0025794,0.0,0.00685255
2025-11-11 14:00:00+00:00,3711.92373,27.23564446,0.99198044,0.97993516,0.00074537,0.0,0.00691839
2025-11-11 15:00:00+00:00,3766.862848,27.5518188,0.99126824,0.97827226,0.00129644,0.0,0.00793367
2025-11-11 16:00:00+00:00,3737.41562425,27.62220325,0.9914541,0.97823972,0.00132583,0.0,0.00782692
2025-11-11 17:00:00+00:00,3702.4364395,27.79615562,0.99181936,0.97926262,0.00050839,0.0,0.00788064
2025-11-11 18:00:00+00:00,3673.2719485,27.38727614,0.99190873,0.98003683,0.00089101,0.0,0.00809127
2025-11-11 19:00:00+00:00,3629.912668,27.35833121,0.99176667,0.9796768,0.0010161,0.0,0.00816511
2025-11-11 20:00:00+00:00,3601.31965925,27.30279744,0.99147541,0.97834625,0.00185952,0.0,0.00822176
2025-11-11 21:00:00+00:00,3561.5987495,27.31036977,0.99077,0.97920207,0.0,0.0,0.00834828
2025-11-11 22:00:00+00:00,3477.11997425,27.16950163,0.99004605,0.97837212,0.0,1.132e-05,0.00846053
2025-11-11 23:00:00+00:00,3358.41811725,26.90185472,0.98962583,0.97798881,0.0,1.152e-05,0.00862839
2025-11-12 00:00:00+00:00,3292.58896625,26.98748339,0.98921109,0.97755179,0.0,2.411e-05,0.00897425
2025-11-12 01:00:00+00:00,3264.869139,27.13185922,0.98868166,0.97634029,0.0,4.636e-05,0.00926469
2025-11-12 02:00:00+00:00,3255.95708325,27.18025885,0.9882348,0.97573973,0.0,6.995e-05,0.00932691
2025-11-12 03:00:00+00:00,3255.688839,27.33806107,0.9882712,0.97520992,0.0,0.000109,0.0090246
2025-11-12 04:00:00+00:00,3278.693539,27.55911788,0.98833513,0.9751172,0.0,7.874e-05,0.00920575
2025-11-12 05:00:00+00:00,3392.40983125,26.98068505,0.98908949,0.97743584,0.0,0.00012749,0.00888948
2025-11-12 06:00:00+00:00,3573.573187,26.39142693,0.99015829,0.97956955,0.0,0.00012127,0.00805914
2025-11-12 07:00:00+00:00,3598.785943,25.81630606,0.98987007,0.98008211,0.0,6.048e-05,0.00820815
2025-11-12 08:00:00+00:00,3597.453789,25.88179854,0.98821351,0.97770644,0.0,0.00010669,0.00898649
2025-11-12 09:00:00+00:00,3609.953623,26.39628805,0.9892329,0.97859563,0.0,4.991e-05,0.00845751
2025-11-12 10:00:00+00:00,3580.6411315,26.52462646,0.9886007,0.97773043,0.0,6.35e-05,0.00873783
2025-11-12 11:00:00+00:00,3548.6191615,26.57650771,0.9882662,0.97699396,0.0,0.00010398,0.0087588
2025-11-12 12:00:00+00:00,3575.95009975,26.25383479,0.98886335,0.97717786,0.0,5.257e-05,0.00856419
2025-11-12 13:00:00+00:00,3605.88269825,25.57369496,0.98974255,0.97883804,0.0,0.0,0.00827331
2025-11-12 14:00:00+00:00,3633.78671975,25.16094664,0.99024285,0.98026834,0.0,0.0,0.00804037
2025-11-12 15:00:00+00:00,3699.6857685,25.08061574,0.9911369,0.98204879,0.0,0.0,0.00764791
2025-11-12 16:00:00+00:00,3683.605963,24.03164078,0.99197321,0.98377653,0.0,0.0,0.00733309
2025-11-12 17:00:00+00:00,3657.16497825,23.47910574,0.99169202,0.98357239,0.0,0.0,0.00727541
2025-11-12 18:00:00+00:00,3636.07448325,24.00435729,0.99119439,0.98220493,0.0,5.59e-06,0.0074534
2025-11-12 19:00:00+00:00,3624.148717,24.21431091,0.99118559,0.98201143,0.0,0.00021152,0.00733416
2025-11-12 20:00:00+00:00,3574.19360825,23.7613055,0.99068972,0.98179467,0.0,0.00029645,0.00781267
2025-11-12 21:00:00+00:00,3503.69407225,24.37635359,0.99078333,0.98089345,0.0,0.00086025,0.00737471
2025-11-12 22:00:00+00:00,3439.1643785,24.4199575,0.99105856,0.98107231,0.0,0.00081227,0.00729781
2025-11-12 23:00:00+00:00,3359.82846425,23.15664374,0.98880405,0.97919453,0.0,0.00107012,0.00798518
2025-11-13 00:00:00+00:00,3320.215431,21.45860863,0.9878786,0.9799813,0.0,0.0009943,0.00815557
2025-11-13 01:00:00+00:00,3297.23177925,21.15509895,0.98724989,0.97919339,0.0,0.00117554,0.00836041
2025-11-13 02:00:00+00:00,3296.808065,21.613892,0.98660158,0.97809847,0.0,0.00110664,0.00869985
2025-11-13 03:00:00+00:00,3298.01499225,21.70386237,0.98671115,0.97755781,0.0,0.00158867,0.00865165
2025-11-13 04:00:00+00:00,3358.514768,22.83401434,0.98902043,0.97976904,0.0,0.00109233,0.00821129
2025-11-13 05:00:00+00:00,3489.999072,22.76020564,0.99152502,0.9838344,0.0,0.00011801,0.00739278
2025-11-13 06:00:00+00:00,3690.69639725,23.04645868,0.99131447,0.98312636,0.0,0.0,0.00741074
2025-11-13 07:00:00+00:00,3789.07244225,22.63935468,0.99127493,0.98382336,0.0,0.0,0.00750538
2025-11-13 08:00:00+00:00,3759.3544965,23.48691507,0.99072457,0.98261612,0.0,0.0,0.00796104
2025-11-13 09:00:00+00:00,3773.596176,24.52224135,0.99068379,0.98125763,0.0,0.0,0.00792701
2025-11-13 10:00:00+00:00,3829.15388075,24.52240214,0.99099036,0.98188853,0.0,0.0,0.00749566
2025-11-13 11:00:00+00:00,3810.0716145,25.01301121,0.99034102,0.98109207,0.0,0.0,0.00806107
2025-11-13 12:00:00+00:00,3796.12562525,24.64352229,0.99100477,0.98186024,0.0,0.0,0.00781919
2025-11-13 13:00:00+00:00,3852.14545225,24.09420474,0.99140513,0.98287898,0.0,0.0,0.00752426
2025-11-13 14:00:00+00:00,3902.809942,24.57321972,0.99139951,0.98244748,0.0,0.0,0.00745202
2025-11-13 15:00:00+00:00,3946.54434375,24.72047611,0.99150676,0.98246088,0.0,0.0,0.0075469
2025-11-13 16:00:00+00:00,3957.225791,24.73142202,0.99175343,0.98298167,0.0,0.0,0.0074922
2025-11-13 17:00:00+00:00,3955.89673825,24.72865312,0.99193538,0.98296213,0.0,0.0,0.00755895
2025-11-13 18:00:00+00:00,3947.5420215,24.78230733,0.99169176,0.98290447,0.0,0.0,0.00753461
2025-11-13 19:00:00+00:00,3902.33502675,24.29802954,0.99187155,0.98355876,0.0,0.0,0.00720914
2025-11-13 20:00:00+00:00,3866.5309595,24.02193719,0.99213127,0.98454232,0.0,0.0,0.00708982
2025-11-13 21:00:00+00:00,3823.131199,23.48941477,0.99185472,0.98420601,0.0,0.0,0.0073583
2025-11-13 22:00:00+00:00,3715.3409135,23.34374178,0.99168024,0.9838333,0.0,0.0,0.00749521
2025-11-13 23:00:00+00:00,3618.14666125,23.58354158,0.99094935,0.98170363,0.0,9.369e-05,0.00790364
2025-11-14 00:00:00+00:00,3560.106619,23.22848261,0.99058168,0.98141662,0.0,8.842e-05,0.0083507
2025-11-14 01:00:00+00:00,3524.9761945,22.96077937,0.99014768,0.98083529,0.0,0.00010561,0.00854752
2025-11-14 02:00:00+00:00,3527.7131,23.19711347,0.99032079,0.98107284,0.0,0.0,0.00836296
2025-11-14 03:00:00+00:00,3516.038982,23.4969791,0.99136471,0.98260022,0.0,0.0,0.00787884
2025-11-14 04:00:00+00:00,3576.64082575,23.90103441,0.99152415,0.98219032,0.0,0.0,0.008057
2025-11-14 05:00:00+00:00,3742.3536135,23.79687536,0.99145372,0.98162545,0.0,0.0,0.00826071
2025-11-14 06:00:00+00:00,3964.5591145,23.16292565,0.98998728,0.97885924,0.00197642,0.0,0.00828435
2025-11-14 07:00:00+00:00,4032.35268325,23.06148479,0.98967677,0.97822007,0.00299402,0.0,0.00876112
2025-11-14 08:00:00+00:00,4039.572583,24.27776796,0.99032036,0.97818683,0.0025871,0.0,0.00865006
2025-11-14 09:00:00+00:00,4049.248064,25.28469115,0.99099436,0.97812162,0.00238627,0.0,0.00804715
2025-11-14 10:00:00+00:00,4046.2928825,25.77122583,0.99085419,0.9798027,0.00010982,0.0,0.00835644
2025-11-14 11:00:00+00:00,4032.940933,25.14575804,0.99047122,0.97990422,8.22e-05,0.0,0.00865794
2025-11-14 12:00:00+00:00,4018.27389125,26.05802489,0.99048187,0.97747902,0.00175443,0.0,0.00826374
2025-11-14 13:00:00+00:00,4046.5322545,25.66321617,0.9901654,0.97540519,0.00361467,0.0,0.00818585
2025-11-14 14:00:00+00:00,4077.18730125,25.7001536,0.9900977,0.97491422,0.00432335,0.0,0.00797894
2025-11-14 15:00:00+00:00,4062.3069685,25.51671994,0.98955507,0.9757529,0.00326228,0.0,0.00872308
2025-11-14 16:00:00+00:00,4082.59407225,25.87414752,0.98993726,0.97633644,0.00243554,0.0,0.00871131
2025-11-14 17:00:00+00:00,4020.68706,26.42905706,0.99116753,0.97910521,0.00051889,0.0,0.00797251
2025-11-14 18:00:00+00:00,3995.7525475,26.61101897,0.99187481,0.97495459,0.00592831,0.0,0.00761264
2025-11-14 19:00:00+00:00,3962.95718625,26.31249733,0.99233491,0.97565418,0.00643286,0.0,0.00730677
2025-11-14 20:00:00+00:00,3884.598649,26.00678218,0.99215455,0.97630526,0.0056581,0.0,0.00743084
2025-11-14 21:00:00+00:00,3837.608677,25.57644458,0.99168521,0.97732837,0.0039245,0.0,0.00787458
2025-11-14 22:00:00+00:00,3703.645375,25.16668956,0.99119673,0.97777363,0.00309306,0.0,0.0082086
2025-11-14 23:00:00+00:00,3715.5594505,25.10685874,0.99089836,0.97975161,0.00050412,0.0,0.00851299
2025-11-15 00:00:00+00:00,3673.41677175,24.40427265,0.99125026,0.98123618,0.0,0.0,0.00820616
2025-11-15 01:00:00+00:00,3611.946948,23.88956153,0.99125478,0.98145059,0.0,0.0,0.00821251
2025-11-15 02:00:00+00:00,3584.02064575,23.4357856,0.99115878,0.98206294,0.0,0.0,0.00832125
2025-11-15 03:00:00+00:00,3570.20773075,23.51617502,0.99126423,0.98201538,0.0,0.0,0.00818868
2025-11-15 04:00:00+00:00,3567.866138,23.20780265,0.99152537,0.98281416,0.0,0.0,0.00806957
2025-11-15 05:00:00+00:00,3613.513849,23.08182081,0.99202168,0.98386738,0.0,0.0,0.00789743
2025-11-15 06:00:00+00:00,3672.9116155,23.07033294,0.99263668,0.98239083,0.00240603,0.0,0.00736332
2025-11-15 07:00:00+00:00,3758.772769,22.9264599,0.9927595,0.98315959,0.00235883,0.0,0.0072405
2025-11-15 08:00:00+00:00,3833.39775125,22.76580285,0.99303965,0.98212315,0.0042659,0.0,0.00696035
2025-11-15 09:00:00+00:00,3895.01592375,22.86459922,0.99317265,0.98141905,0.00489463,0.0,0.00682735
2025-11-15 10:00:00+00:00,3907.253417,22.96322274,0.99306735,0.98001583,0.00594066,0.0,0.00693265
2025-11-15 11:00:00+00:00,3919.77014725,22.9135192,0.99323728,0.98221609,0.00416519,0.0,0.00676272
2025-11-15 12:00:00+00:00,3898.72561725,22.66572374,0.99306071,0.98213238,0.00432518,0.0,0.00693929
2025-11-15 13:00:00+00:00,3894.5944155,23.09464516,0.99300858,0.98060684,0.00528603,0.0,0.00699122
2025-11-15 14:00:00+00:00,3910.315992,23.23733199,0.9934253,0.9811977,0.00506795,0.0,0.0065747
2025-11-15 15:00:00+00:00,3942.363704,23.17189897,0.99362442,0.98125762,0.00523306,0.0,0.00637558
2025-11-15 16:00:00+00:00,3930.774351,22.77463017,0.99372005,0.98403271,0.00273015,0.0,0.00627995
2025-11-15 17:00:00+00:00,3880.0084165,22.7929546,0.99359105,0.9837638,0.00267884,0.0,0.00640895
2025-11-15 18:00:00+00:00,3827.083405,22.77301835,0.99339928,0.98426484,0.00191394,0.0,0.00660039
2025-11-15 19:00:00+00:00,3757.88454125,22.39409789,0.99330962,0.98604825,0.00062707,0.0,0.00668514
2025-11-15 20:00:00+00:00,3693.04709425,22.3001053,0.99320338,0.98633083,0.00029466,0.0,0.00679172
2025-11-15 21:00:00+00:00,3627.200626,22.15051574,0.99302482,0.98613361,0.00030818,0.0,0.00697106
2025-11-15 22:00:00+00:00,3552.5997035,22.27369,0.99236548,0.98525487,0.00032595,0.0,0.00762616
2025-11-15 23:00:00+00:00,3483.71536925,22.35835482,0.99224821,0.98502306,0.00036902,0.0,0.00734845
2025-11-16 00:00:00+00:00,3452.607862,22.78512318,0.99185778,0.98391029,0.00033006,0.0,0.00774737
2025-11-16 01:00:00+00:00,3413.364945,23.01017063,0.99237245,0.98431803,0.00032096,0.0,0.00745462
2025-11-16 02:00:00+00:00,3394.2280255,23.14124259,0.9919798,0.98381545,0.00034362,0.0,0.0079196
2025-11-16 03:00:00+00:00,3372.04734775,22.98823734,0.99207737,0.9843402,0.00030388,0.0,0.00779534
2025-11-16 04:00:00+00:00,3361.70289325,23.0815449,0.99271361,0.98499753,0.000312,0.0,0.00728639
2025-11-16 05:00:00+00:00,3410.11796925,22.91601943,0.9931931,0.98607191,0.0003038,0.0,0.0068069
2025-11-16 06:00:00+00:00,3487.45721825,22.72733973,0.99351929,0.98648246,0.00028005,0.0,0.00648009
2025-11-16 07:00:00+00:00,3545.03386625,23.1251044,0.99331925,0.98580949,0.00029401,0.0,0.00668075
2025-11-16 08:00:00+00:00,3610.0296425,23.2086796,0.99269436,0.98522117,0.00030744,0.0,0.00730564
2025-11-16 09:00:00+00:00,3678.43204425,23.64300907,0.99309214,0.98522559,0.00029733,0.0,0.00690786
2025-11-16 10:00:00+00:00,3708.961988,24.34929168,0.99322239,0.98475975,0.00030789,0.0,0.00677761
2025-11-16 11:00:00+00:00,3735.5543605,25.67191325,0.99318633,0.97598995,0.00811444,0.0,0.00681367
2025-11-16 12:00:00+00:00,3786.197267,24.30136704,0.9934951,0.9784296,0.00730714,0.0,0.0065049
2025-11-16 13:00:00+00:00,3796.329801,23.95689287,0.9932873,0.98492558,0.00040382,0.0,0.00670905
2025-11-16 14:00:00+00:00,3838.2115795,25.00072226,0.99251185,0.98294575,0.00042038,0.0,0.00742412
2025-11-16 15:00:00+00:00,3878.61466075,24.32224349,0.99294242,0.98387518,0.00041476,0.0,0.00697115
2025-11-16 16:00:00+00:00,3910.43101575,23.95520027,0.99286892,0.98411735,0.00040266,0.0,0.00711936
2025-11-16 17:00:00+00:00,3890.09666625,24.35940401,0.99306381,0.98398915,0.00041359,0.0,0.00693619
2025-11-16 18:00:00+00:00,3865.40690225,24.70898235,0.99293891,0.98356481,0.0004359,0.0,0.00706109
2025-11-16 19:00:00+00:00,3877.9791605,24.34104098,0.99278582,0.98380344,0.00040045,0.0,0.00721418
2025-11-16 20:00:00+00:00,3841.34687625,25.10144579,0.99240033,0.98287757,0.00051698,0.0,0.00759967
2025-11-16 21:00:00+00:00,3816.596716,25.54838456,0.9926374,0.97397221,0.00984689,0.0,0.0073626
2025-11-16 22:00:00+00:00,3726.544152,25.80155042,0.99262689,0.97989266,0.00318774,0.0,0.00737047
2025-11-16 23:00:00+00:00,3668.21382875,25.93946391,0.99214773,0.97753264,0.00454761,0.0,0.00785227
2025-11-17 00:00:00+00:00,3603.79491525,24.89450394,0.99278424,0.97896532,0.00504816,0.0,0.00721576
2025-11-17 01:00:00+00:00,3572.71419425,24.69743237,0.99313105,0.98203294,0.00232479,0.0,0.00686895
2025-11-17 02:00:00+00:00,3549.90560425,25.40438894,0.99293317,0.98131554,0.00237607,0.0,0.00706683
2025-11-17 03:00:00+00:00,3543.1993475,26.26062101,0.99346515,0.9813926,0.00238811,0.0,0.00653485
2025-11-17 04:00:00+00:00,3595.91359825,26.59564204,0.99319444,0.98037641,0.00316847,0.0,0.00680556
2025-11-17 05:00:00+00:00,3723.7109105,26.53937565,0.99303107,0.9809511,0.00241176,0.0,0.00696893
2025-11-17 06:00:00+00:00,3919.24402825,26.84070687,0.99291029,0.9788501,0.00434663,0.0,0.00708971
2025-11-17 07:00:00+00:00,3977.06107175,26.51852346,0.99242018,0.97604835,0.00754145,1.37e-06,0.00748648
2025-11-17 08:00:00+00:00,4005.920863,26.55404967,0.99286176,0.97663681,0.00751711,2.97e-06,0.0070146
2025-11-17 09:00:00+00:00,4014.071834,26.56517398,0.99292038,0.97664729,0.00747693,4.86e-06,0.006933
2025-11-17 10:00:00+00:00,4007.96234775,26.68710845,0.99252699,0.97610642,0.00757012,8.92e-06,0.00722257
2025-11-17 11:00:00+00:00,3987.93867225,26.43604392,0.99256127,0.97648317,0.0075608,8.56e-06,0.00717623
2025-11-17 12:00:00+00:00,3996.540313,26.3595387,0.99269797,0.97688261,0.00743912,9.96e-06,0.007028
2025-11-17 13:00:00+00:00,4005.763645,26.44239773,0.99347144,0.97792701,0.0074009,6.46e-06,0.0063367
2025-11-17 14:00:00+00:00,4036.60066625,26.42540229,0.99302037,0.97778273,0.00734065,5.38e-06,0.00682516
2025-11-17 15:00:00+00:00,4063.498958,26.67947423,0.99302922,0.97755707,0.0073196,7.17e-06,0.0068093
2025-11-17 16:00:00+00:00,4018.15417475,26.69745312,0.99306684,0.97682151,0.00813168,1.343e-05,0.00670153
2025-11-17 17:00:00+00:00,3947.83653325,26.89540394,0.99284975,0.97558384,0.00903649,1.269e-05,0.00692046
2025-11-17 18:00:00+00:00,3960.49391175,27.31919645,0.99269355,0.97479899,0.00918485,8.66e-06,0.00712108
2025-11-17 19:00:00+00:00,3946.98556975,27.05893666,0.99285969,0.97602707,0.00840792,6.35e-06,0.00698357
2025-11-17 20:00:00+00:00,3873.221624,26.96898463,0.99277369,0.97592702,0.00836468,3.96e-06,0.00709783
2025-11-17 21:00:00+00:00,3807.07425425,26.97443672,0.99247041,0.97516271,0.00833667,1.51e-06,0.00742756
2025-11-17 22:00:00+00:00,3668.04288825,27.27685294,0.99284778,0.97606497,0.00733762,0.0,0.0070656
2025-11-17 23:00:00+00:00,3567.8110365,27.73801316,0.99324985,0.97501386,0.0079345,2.8e-06,0.00662451
2025-11-18 00:00:00+00:00,3546.00350475,27.6769836,0.99298295,0.97263411,0.01028295,1.86e-06,0.00690092
2025-11-18 01:00:00+00:00,3506.229723,28.12021223,0.99271436,0.97167523,0.01046115,1.4e-07,0.00711995
2025-11-18 02:00:00+00:00,3486.117609,27.93572802,0.99292849,0.97206829,0.01038163,5.93e-06,0.00691472
2025-11-18 03:00:00+00:00,3487.76097025,27.49335357,0.99334982,0.97341005,0.00992546,1.32e-06,0.00654076
2025-11-18 04:00:00+00:00,3534.26104,27.66019443,0.99311563,0.97945285,0.00368399,6.76e-06,0.00674043
2025-11-18 05:00:00+00:00,3686.54222075,27.2698481,0.99341663,0.97760848,0.00721391,1.043e-05,0.00642783
2025-11-18 06:00:00+00:00,3878.05755125,26.97394325,0.99346282,0.97783671,0.00756346,9.02e-06,0.00638989
2025-11-18 07:00:00+00:00,3934.96745425,26.69190596,0.99339428,0.97792874,0.00754079,6.72e-06,0.00647753
2025-11-18 08:00:00+00:00,3908.6695795,27.00896408,0.99344747,0.97765441,0.00766141,7.99e-06,0.00639491
2025-11-18 09:00:00+00:00,3914.5626555,27.61377981,0.99339037,0.97685686,0.0078867,5.14e-06,0.00646918
2025-11-18 10:00:00+00:00,3929.206152,27.69710356,0.99366483,0.97711243,0.00777036,2.46e-06,0.00622426
2025-11-18 11:00:00+00:00,3933.05955425,28.08691965,0.99324937,0.97619286,0.00765396,2.131e-05,0.00652896
2025-11-18 12:00:00+00:00,3931.48886175,28.01782143,0.99359249,0.97673284,0.00764073,1.111e-05,0.00619416
2025-11-18 13:00:00+00:00,3957.845549,28.12868122,0.99347486,0.97639594,0.00770343,9e-06,0.00635698
2025-11-18 14:00:00+00:00,3998.61433425,28.05654022,0.993658,0.97616288,0.0081359,6.35e-06,0.00621133
2025-11-18 15:00:00+00:00,4033.50743125,27.72693653,0.99354292,0.97690563,0.00764204,1.173e-05,0.00630822
2025-11-18 16:00:00+00:00,4009.48491775,27.49909548,0.99349809,0.97713322,0.00774124,1.502e-05,0.0063864
2025-11-18 17:00:00+00:00,3972.4567555,27.42369835,0.99380803,0.97763675,0.00766139,1.416e-05,0.00607076
2025-11-18 18:00:00+00:00,3950.01781275,27.11392144,0.99378869,0.97787853,0.0076306,5.57e-06,0.00609732
2025-11-18 19:00:00+00:00,3926.71179425,26.82339769,0.99405192,0.97849417,0.00764144,2.38e-06,0.00585509
2025-11-18 20:00:00+00:00,3893.50032825,26.85947343,0.99387447,0.97817099,0.00771926,4.71e-06,0.00601741
2025-11-18 21:00:00+00:00,3821.085969,27.12419498,0.99386987,0.97816774,0.00768603,1.16e-06,0.0060533
2025-11-18 22:00:00+00:00,3749.22236825,27.4559578,0.99376431,0.97601855,0.00951611,1.89e-06,0.0061454
2025-11-18 23:00:00+00:00,3718.92541225,27.89082736,0.99273039,0.9730195,0.01051484,4.17e-06,0.00715153
2025-11-19 00:00:00+00:00,3671.46680975,28.03204494,0.9920681,0.97081743,0.01183561,1.63e-06,0.00783214
2025-11-19 01:00:00+00:00,3647.5852795,28.22810603,0.99191617,0.97041592,0.01181834,8.28e-06,0.00793209
2025-11-19 02:00:00+00:00,3629.88320125,28.27813901,0.99192856,0.97036607,0.01188656,4.768e-05,0.00792293
2025-11-19 03:00:00+00:00,3609.4645635,28.3326273,0.99232742,0.97056144,0.01194405,5.042e-05,0.00753631
2025-11-19 04:00:00+00:00,3659.6781595,27.83743783,0.99251,0.97377662,0.00973609,7.357e-05,0.00739219
2025-11-19 05:00:00+00:00,3769.4451465,27.79429871,0.99242538,0.97195791,0.01155627,9.253e-05,0.00747086
2025-11-19 06:00:00+00:00,3928.537562,28.02961493,0.99227972,0.97335858,0.00959298,0.00010479,0.00762827
2025-11-19 07:00:00+00:00,3969.11958275,28.09271489,0.99251425,0.97370064,0.00952327,7.645e-05,0.00737152
2025-11-19 08:00:00+00:00,3981.887221,27.83158851,0.9926842,0.97419048,0.00960501,3.938e-05,0.00723135
2025-11-19 09:00:00+00:00,4010.82314125,27.96777057,0.99263987,0.9736963,0.00972293,1.873e-05,0.00729593
2025-11-19 10:00:00+00:00,3990.18010325,27.99293602,0.99267238,0.97406719,0.00946906,2.416e-05,0.00726044
2025-11-19 11:00:00+00:00,3962.98063975,27.89388379,0.9931133,0.97476669,0.0093992,3.311e-05,0.00681866
2025-11-19 12:00:00+00:00,3878.4899515,27.99988223,0.99290704,0.97445847,0.00949251,5.438e-05,0.00701203
2025-11-19 13:00:00+00:00,3977.36484175,28.42007219,0.99261807,0.97335596,0.00954803,7.76e-05,0.00725587
2025-11-19 14:00:00+00:00,4039.41322475,28.63413201,0.99244781,0.97300553,0.00938472,8.829e-05,0.00738786
2025-11-19 15:00:00+00:00,4109.496324,28.7904123,0.99232664,0.97299458,0.00900753,8.588e-05,0.00749509
2025-11-19 16:00:00+00:00,4089.43664225,29.08194768,0.99227881,0.97208692,0.00922676,5.682e-05,0.0075266
2025-11-19 17:00:00+00:00,4101.34198325,28.79623483,0.99259402,0.97100747,0.01124381,1.949e-05,0.00725366
2025-11-19 18:00:00+00:00,4104.14993925,28.84060207,0.99234495,0.97042065,0.01152934,8.02e-06,0.00750096
2025-11-19 19:00:00+00:00,4088.5088615,28.78361001,0.9926646,0.97281234,0.00960167,8.99e-06,0.00718312
2025-11-19 20:00:00+00:00,3982.17706825,28.4009523,0.99265183,0.97374985,0.00940283,1.001e-05,0.00719221
2025-11-19 21:00:00+00:00,3907.99171125,28.30126884,0.9926396,0.97217083,0.01111291,9.93e-06,0.00720948
2025-11-19 22:00:00+00:00,3832.22538975,28.40220342,0.99245488,0.97166975,0.01120395,1.184e-05,0.00740613
2025-11-19 23:00:00+00:00,3746.1802065,28.37043424,0.99234359,0.97104932,0.01177036,1.277e-05,0.00751395
2025-11-20 00:00:00+00:00,3698.65835725,28.19114864,0.99213022,0.97099658,0.01199792,1.54e-05,0.00771395
2025-11-20 01:00:00+00:00,3681.28660425,27.89410417,0.99221548,0.97138844,0.01211004,1.717e-05,0.00761759
2025-11-20 02:00:00+00:00,3684.478491,27.77921861,0.99234283,0.97184327,0.01194818,1.056e-05,0.00752435
2025-11-20 03:00:00+00:00,3692.7694025,27.5663124,0.99273939,0.97319616,0.01139283,3.91e-06,0.00715835
2025-11-20 04:00:00+00:00,3733.82216375,27.23241899,0.99256687,0.97299005,0.01178616,1.531e-05,0.00734707
2025-11-20 05:00:00+00:00,3880.5168385,27.64208673,0.99235538,0.97180847,0.01172339,5.729e-05,0.00756003
2025-11-20 06:00:00+00:00,4068.57832375,28.33864246,0.99209676,0.97115548,0.01081689,8.333e-05,0.00779937
2025-11-20 07:00:00+00:00,4138.245613,27.87114265,0.99243329,0.97173865,0.01130484,9.115e-05,0.00745736
2025-11-20 08:00:00+00:00,4166.205224,27.92892242,0.99264714,0.97202079,0.01132012,8.389e-05,0.00722524
2025-11-20 09:00:00+00:00,4191.27862,28.32588862,0.99271092,0.97167786,0.01096289,6.995e-05,0.0072041
2025-11-20 10:00:00+00:00,4160.83881175,28.07058624,0.99306864,0.97250021,0.01105644,7.773e-05,0.00685512
2025-11-20 11:00:00+00:00,4133.88285575,28.22106079,0.99312498,0.97206937,0.01139366,7.867e-05,0.00680128
2025-11-20 12:00:00+00:00,4165.4650725,28.02124083,0.99332039,0.97232667,0.01143172,7.533e-05,0.00660323
2025-11-20 13:00:00+00:00,4143.8482345,27.73836369,0.9930911,0.97234385,0.0114822,7.996e-05,0.00682946
2025-11-20 14:00:00+00:00,4188.9434145,27.85118623,0.99295712,0.97194745,0.0115223,8.38e-05,0.00696047
2025-11-20 15:00:00+00:00,4202.95154875,28.58068404,0.9924595,0.97019274,0.01176232,8.095e-05,0.0074444
2025-11-20 16:00:00+00:00,4177.9096445,28.58152252,0.99236073,0.96980432,0.01198792,5.603e-05,0.00751665
2025-11-20 17:00:00+00:00,4158.63185675,28.01621917,0.99279724,0.9717642,0.01154091,2.179e-05,0.00711731
2025-11-20 18:00:00+00:00,4140.084692,28.06349442,0.9930378,0.97434082,0.00942715,7.1e-07,0.00689519
2025-11-20 19:00:00+00:00,4114.66612275,28.04740993,0.99293454,0.97254468,0.01122138,0.0,0.00699594
2025-11-20 20:00:00+00:00,4061.97790075,28.18456699,0.99262052,0.97214871,0.01116068,5.3e-06,0.00722901
2025-11-20 21:00:00+00:00,3991.28757375,28.48256825,0.99212241,0.97069841,0.01167689,8.7e-06,0.00766276
2025-11-20 22:00:00+00:00,3922.25517925,28.21846212,0.99208532,0.97276322,0.00999644,4.81e-06,0.00767802
2025-11-20 23:00:00+00:00,3830.09925925,27.69634024,0.99281237,0.97321975,0.01147178,0.0,0.00703556
2025-11-21 00:00:00+00:00,3765.4721335,27.82289191,0.99275111,0.97410338,0.01020707,0.0,0.00709689
2025-11-21 01:00:00+00:00,3722.19299425,27.73963285,0.99281964,0.9730069,0.01150582,0.0,0.00702114
2025-11-21 02:00:00+00:00,3700.637519,27.56924375,0.99291084,0.97309987,0.01175285,0.0,0.00690114
2025-11-21 03:00:00+00:00,3702.09985475,27.59714089,0.99320696,0.97354901,0.01138106,2.5e-07,0.00661671
2025-11-21 04:00:00+00:00,3763.134277,27.31116302,0.99305532,0.973898,0.01129424,2.025e-05,0.00685719
2025-11-21 05:00:00+00:00,3903.75945175,27.43469363,0.9931163,0.97339624,0.01096416,5.152e-05,0.00680366
2025-11-21 06:00:00+00:00,4112.791014,27.1071047,0.99350914,0.97452902,0.01054215,6.449e-05,0.00639744
2025-11-21 07:00:00+00:00,4196.57128225,26.58984268,0.99370219,0.97580884,0.01000408,3.082e-05,0.0062193
2025-11-21 08:00:00+00:00,4191.94397975,26.30774796,0.99401558,0.97624998,0.01028061,5.47e-06,0.00591618
2025-11-21 09:00:00+00:00,4207.504083,26.22002057,0.99390217,0.97606067,0.01039063,8.05e-06,0.00593606
2025-11-21 10:00:00+00:00,4195.924554,25.6947106,0.99381512,0.97873225,0.00802205,2.008e-05,0.00600882
2025-11-21 11:00:00+00:00,4170.15445475,25.97551127,0.99382569,0.9785229,0.00773103,4.691e-05,0.00594171
2025-11-21 12:00:00+00:00,4162.656682,25.31939313,0.99421814,0.97949155,0.00774894,7.778e-05,0.00554917
2025-11-21 13:00:00+00:00,4158.83205375,24.33521987,0.99419662,0.97828508,0.00972325,9.367e-05,0.00560576
2025-11-21 14:00:00+00:00,4155.39531875,24.11835053,0.99402787,0.97811749,0.00994369,8.681e-05,0.00584812
2025-11-21 15:00:00+00:00,4211.691013,23.49922522,0.99422779,0.97943178,0.00952395,7.877e-05,0.00567228
2025-11-21 16:00:00+00:00,4161.67113,23.06763909,0.99425581,0.98275861,0.00664385,4.541e-05,0.00564161
2025-11-21 17:00:00+00:00,4117.40896025,22.46722638,0.99413595,0.98632096,0.00328563,2.095e-05,0.00574513
2025-11-21 18:00:00+00:00,4071.95496125,22.01615402,0.99400975,0.98593455,0.00373122,8.78e-06,0.0058231
2025-11-21 19:00:00+00:00,3991.71302925,22.25095888,0.99379544,0.98454499,0.00402929,3.78e-06,0.00597848
2025-11-21 20:00:00+00:00,3918.4350065,22.5584148,0.99359644,0.98316458,0.00405631,0.0,0.00617956
2025-11-21 21:00:00+00:00,3852.277904,22.09674893,0.99377274,0.98382279,0.00473687,0.0,0.00604244
2025-11-21 22:00:00+00:00,3746.2127135,22.12609972,0.99268597,0.98501367,0.00186829,0.0,0.00705346
2025-11-21 23:00:00+00:00,3687.2274125,20.72431023,0.99267686,0.98776382,0.00142596,0.0,0.00710724
2025-11-22 00:00:00+00:00,3632.58700525,20.16717386,0.99265589,0.98859236,0.00158169,0.0,0.00708303
2025-11-22 01:00:00+00:00,3589.42285775,19.83378934,0.99243032,0.98915707,0.00115476,0.0,0.00728463
2025-11-22 02:00:00+00:00,3588.34782825,20.06348983,0.99210797,0.9889678,0.00090059,0.0,0.00750624
2025-11-22 03:00:00+00:00,3572.631769,19.87347944,0.99215577,0.98928631,0.00093352,0.0,0.00738998
2025-11-22 04:00:00+00:00,3552.2737655,19.3018623,0.99185763,0.9893625,0.00096561,0.0,0.00737187
2025-11-22 05:00:00+00:00,3573.866858,19.3579413,0.99153712,0.98824574,0.0009261,3.05e-06,0.00750361
2025-11-22 06:00:00+00:00,3609.0326355,19.47855597,0.99166913,0.98812985,0.00103259,1.84e-06,0.00747153
2025-11-22 07:00:00+00:00,3687.08025575,20.01900769,0.99161422,0.98648738,0.00235461,1.396e-05,0.00735637
2025-11-22 08:00:00+00:00,3744.107724,20.5465736,0.99168725,0.98792118,0.00077772,2.386e-05,0.00727047
2025-11-22 09:00:00+00:00,3773.8851135,20.44939473,0.99190988,0.98834802,0.000683,2.79e-05,0.00723071
2025-11-22 10:00:00+00:00,3776.243553,20.49378794,0.99169609,0.98626076,0.00206467,3.048e-05,0.00723077
2025-11-22 11:00:00+00:00,3768.286498,20.7698425,0.99131601,0.98426496,0.00316287,3.116e-05,0.00729605
2025-11-22 12:00:00+00:00,3736.789311,21.26769202,0.99103565,0.98475611,0.00194805,3.002e-05,0.00740866
2025-11-22 13:00:00+00:00,3734.9445175,21.50493042,0.9908803,0.98522674,0.00113248,3.94e-05,0.00764056
2025-11-22 14:00:00+00:00,3754.73276425,21.99851834,0.99090826,0.98564759,0.00076252,2.589e-05,0.0078195
2025-11-22 15:00:00+00:00,3803.8732985,22.54627907,0.99095875,0.98466632,0.00037672,2.003e-05,0.00784923
2025-11-22 16:00:00+00:00,3798.1060785,21.97580171,0.9912839,0.98660387,0.00028417,1.944e-05,0.00754412
2025-11-22 17:00:00+00:00,3762.27602075,22.12740517,0.99121593,0.98595838,0.00035217,1.061e-05,0.00777036
2025-11-22 18:00:00+00:00,3719.79449325,21.65857806,0.99115841,0.98635504,0.0003727,1.366e-05,0.00768237
2025-11-22 19:00:00+00:00,3642.28154575,21.75149717,0.99115628,0.98641583,0.00035921,1.39e-05,0.0078296
2025-11-22 20:00:00+00:00,3594.59922275,21.43150457,0.99105009,0.98704372,0.00028256,0.0,0.00782791
2025-11-22 21:00:00+00:00,3565.78845025,20.75051263,0.99082617,0.98706409,0.00029778,3.093e-05,0.00784007
2025-11-22 22:00:00+00:00,3501.7554755,21.09197048,0.99052392,0.98630242,0.00028812,9.51e-06,0.00806967
2025-11-22 23:00:00+00:00,3480.6877695,21.06900439,0.99056252,0.98488834,0.00157739,4.868e-05,0.00795853
2025-11-23 00:00:00+00:00,3443.9496895,20.65579145,0.9905499,0.98222314,0.00461771,4.252e-05,0.00800677
2025-11-23 01:00:00+00:00,3409.113137,20.56187882,0.99033486,0.98200385,0.00482378,5.04e-05,0.00794761
2025-11-23 02:00:00+00:00,3393.503445,21.6693887,0.98953099,0.97967369,0.00454536,4.978e-05,0.00860814
2025-11-23 03:00:00+00:00,3368.3606145,22.99314929,0.98939756,0.97779526,0.00501481,2.256e-05,0.00894236
2025-11-23 04:00:00+00:00,3371.7961265,26.18501395,0.98879044,0.97237269,0.00643042,0.0,0.0097568
2025-11-23 05:00:00+00:00,3395.6907925,27.3515491,0.98812281,0.96905106,0.00871252,0.0,0.009824
2025-11-23 06:00:00+00:00,3449.67262325,27.97138896,0.98870534,0.97030882,0.00804235,2.634e-05,0.00943471
2025-11-23 07:00:00+00:00,3514.2147175,28.09654344,0.98941334,0.969657,0.00991317,2.747e-05,0.00926597
2025-11-23 08:00:00+00:00,3567.557481,29.0085798,0.98961277,0.96758579,0.01064071,0.0,0.00952249
2025-11-23 09:00:00+00:00,3625.17402275,28.851464,0.989442,0.96785235,0.01051897,0.0,0.00920069
2025-11-23 10:00:00+00:00,3649.312361,28.54837483,0.98961561,0.96887222,0.01050487,6.31e-06,0.00913246
2025-11-23 11:00:00+00:00,3629.06912175,28.44278548,0.99012953,0.96979217,0.01040084,3.567e-05,0.0087961
2025-11-23 12:00:00+00:00,3647.273015,28.6313364,0.99023924,0.96960783,0.01051097,0.0,0.0089339
2025-11-23 13:00:00+00:00,3676.4387865,28.36670652,0.99087666,0.97101525,0.01039062,2.232e-05,0.00868254
2025-11-23 14:00:00+00:00,3719.426167,27.69697379,0.99176855,0.97396198,0.00980556,1.636e-05,0.00801971
2025-11-23 15:00:00+00:00,3765.6692045,27.86034593,0.99157898,0.97325546,0.00980761,9.17e-06,0.00820864
2025-11-23 16:00:00+00:00,3761.5665655,27.65723534,0.99193774,0.97387392,0.00976702,1.04e-06,0.00793605
2025-11-23 17:00:00+00:00,3739.47272,27.41464576,0.99206877,0.9739595,0.01024215,1.07e-05,0.0078006
2025-11-23 18:00:00+00:00,3732.07721325,27.24964231,0.99201658,0.97249894,0.01180214,1.361e-05,0.00786054
2025-11-23 19:00:00+00:00,3752.716297,26.20713878,0.99215564,0.97483569,0.01156505,2.615e-05,0.00770726
2025-11-23 20:00:00+00:00,3717.41265625,26.14367692,0.99224174,0.97522587,0.01139981,2.125e-05,0.0076221
2025-11-23 21:00:00+00:00,3684.598965,26.13447779,0.99215285,0.97529314,0.01112893,8.08e-06,0.00765412
2025-11-23 22:00:00+00:00,3614.22635675,26.00133184,0.99211534,0.97523141,0.01100948,3.52e-06,0.00769382
2025-11-23 23:00:00+00:00,3571.10163325,25.60675545,0.99232383,0.97603776,0.01081413,2.61e-06,0.00751095
2025-11-24 00:00:00+00:00,3521.7652305,25.54480921,0.99231675,0.97620115,0.01071609,1.51e-06,0.00751227
2025-11-24 01:00:00+00:00,3481.657761,25.78200912,0.99215031,0.97550884,0.0108789,2.39e-06,0.00764465
2025-11-24 02:00:00+00:00,3484.43911825,25.59894706,0.99232907,0.97601507,0.01074583,1.01e-06,0.00751749
2025-11-24 03:00:00+00:00,3472.1763245,25.50279667,0.9923372,0.97608844,0.01080494,0.0,0.00751738
2025-11-24 04:00:00+00:00,3517.3590855,25.65688367,0.99256017,0.97582372,0.01121,0.0,0.00730356
2025-11-24 05:00:00+00:00,3669.46647125,26.02248057,0.99246387,0.97558218,0.01089364,0.0,0.00741117
2025-11-24 06:00:00+00:00,3853.51035625,26.18238753,0.99233275,0.9749355,0.01117648,1.269e-05,0.00756087
2025-11-24 07:00:00+00:00,3962.27019225,26.24871963,0.99234752,0.97383785,0.01208982,3.587e-05,0.0075033
2025-11-24 08:00:00+00:00,3976.15491225,26.40994398,0.99228884,0.9734109,0.01229971,5.495e-05,0.00755491
2025-11-24 09:00:00+00:00,3989.27489925,26.35762038,0.99296014,0.97474964,0.01213915,4.424e-05,0.00691397
2025-11-24 10:00:00+00:00,3978.494105,26.39712902,0.9924807,0.97468623,0.01178428,2.137e-05,0.00741807
2025-11-24 11:00:00+00:00,3968.86455225,26.32836823,0.99246679,0.97460683,0.0120462,2.038e-05,0.00742002
2025-11-24 12:00:00+00:00,3970.74763125,26.26468956,0.99214798,0.9745575,0.01197058,2.119e-05,0.00775086
2025-11-24 13:00:00+00:00,3994.639304,26.2836602,0.99293453,0.97521481,0.01214218,2.379e-05,0.00695943
2025-11-24 14:00:00+00:00,4048.956653,26.27551772,0.99262608,0.97523959,0.01182038,2.375e-05,0.00727571
2025-11-24 15:00:00+00:00,4112.9646555,26.40421175,0.99269491,0.97538879,0.01118598,5.488e-05,0.00720297
2025-11-24 16:00:00+00:00,4092.00519075,26.60402679,0.99279456,0.97490432,0.0113595,9.442e-05,0.00709092
2025-11-24 17:00:00+00:00,4062.5269135,26.54138693,0.99243042,0.97360377,0.01214395,9.226e-05,0.00741954
2025-11-24 18:00:00+00:00,4036.82631425,26.4866624,0.99225745,0.97285392,0.01253121,8.957e-05,0.00758326
2025-11-24 19:00:00+00:00,4008.86926425,26.764372,0.99203337,0.97132281,0.01332326,8.069e-05,0.00778533
2025-11-24 20:00:00+00:00,3963.03090975,26.73569885,0.99180234,0.97103935,0.01358277,5.582e-05,0.00800896
2025-11-24 21:00:00+00:00,3909.15500525,26.78238273,0.99169687,0.96952704,0.0149774,3.437e-05,0.00810405
2025-11-24 22:00:00+00:00,3840.7252725,26.92198552,0.99161867,0.97152214,0.01285383,2.733e-05,0.00825065
2025-11-24 23:00:00+00:00,3767.0847935,27.48879036,0.99110965,0.97005261,0.01267637,1.07e-06,0.00877944
2025-11-25 00:00:00+00:00,3717.09629575,27.78447724,0.99054469,0.96886732,0.01281696,1.66e-06,0.00931747
2025-11-25 01:00:00+00:00,3687.84086775,27.92649947,0.98938798,0.96842408,0.0116548,3.87e-06,0.0100799
2025-11-25 02:00:00+00:00,3695.1739355,28.0167218,0.98952819,0.96762368,0.01239474,1.441e-05,0.00993291
2025-11-25 03:00:00+00:00,3703.43688875,27.73726062,0.98998602,0.96886975,0.0116377,1.318e-05,0.00953489
2025-11-25 04:00:00+00:00,3752.83881375,27.07010083,0.99029454,0.97216357,0.00942788,5.203e-05,0.00957235
2025-11-25 05:00:00+00:00,3903.27519725,26.74583467,0.99063477,0.97114608,0.0112655,0.00010428,0.00917672
2025-11-25 06:00:00+00:00,4106.57601025,26.04098408,0.99187139,0.97277179,0.01230889,0.00010288,0.00801817
2025-11-25 07:00:00+00:00,4206.95188825,25.90253573,0.99221102,0.97394188,0.01152373,9.553e-05,0.00765928
2025-11-25 08:00:00+00:00,4225.9889665,26.00081293,0.99264958,0.97393568,0.01156045,7.877e-05,0.00723736
2025-11-25 09:00:00+00:00,4206.2506025,25.59231056,0.99236609,0.97548562,0.01016453,6.45e-05,0.00753334
2025-11-25 10:00:00+00:00,4178.46843675,25.47621368,0.99252339,0.97401363,0.01200389,6.746e-05,0.00736807
2025-11-25 11:00:00+00:00,4109.71173775,25.91028197,0.99262898,0.97434964,0.01152293,8.612e-05,0.00717096
2025-11-25 12:00:00+00:00,4141.26757675,26.57230949,0.99284479,0.97416141,0.01115131,8.025e-05,0.00675464
2025-11-25 13:00:00+00:00,4194.7408395,26.56630062,0.99226708,0.97312311,0.01172259,6.679e-05,0.0069275
2025-11-25 14:00:00+00:00,4276.61004925,26.3342962,0.99183352,0.97051357,0.01427546,8.461e-05,0.00734219
2025-11-25 15:00:00+00:00,4310.616906,26.20939834,0.99132564,0.97147395,0.01293729,3.986e-05,0.00769005
2025-11-25 16:00:00+00:00,4270.68350025,25.83861324,0.99068557,0.9712106,0.0127804,4.836e-05,0.00795519
2025-11-25 17:00:00+00:00,4243.8317635,26.22720894,0.9904401,0.97261076,0.01054641,4.865e-05,0.00832021
2025-11-25 18:00:00+00:00,4200.77843425,25.9524834,0.99022704,0.9742286,0.00888331,5.414e-05,0.00830849
2025-11-25 19:00:00+00:00,4181.5543745,25.65946237,0.98985619,0.97193776,0.01063608,4.052e-05,0.00830524
2025-11-25 20:00:00+00:00,4132.069688,25.12039408,0.98971641,0.97223456,0.01036924,3.322e-05,0.00848551
2025-11-25 21:00:00+00:00,4071.74106775,24.33840136,0.98918652,0.97207012,0.01013951,2.752e-05,0.00856618
2025-11-25 22:00:00+00:00,3991.93766425,23.91541134,0.98897801,0.97327039,0.00861983,4.204e-05,0.00872601
2025-11-25 23:00:00+00:00,3952.93590475,23.45668962,0.98926486,0.97462863,0.00759869,4.684e-05,0.00875106
2025-11-26 00:00:00+00:00,3870.25955125,22.75016687,0.99005779,0.98366427,0.00018143,1.569e-05,0.00855138
2025-11-26 01:00:00+00:00,3816.490781,22.32278433,0.99037864,0.98389467,0.00017092,1.338e-05,0.00847595
2025-11-26 02:00:00+00:00,3814.8777085,21.54294556,0.99038914,0.98442917,0.00016708,2.019e-05,0.0081342
2025-11-26 03:00:00+00:00,3798.20726,21.38603115,0.99050256,0.98428828,0.00021866,1.499e-05,0.00827178
2025-11-26 04:00:00+00:00,3832.2779745,20.78351595,0.98991964,0.98316099,0.00114145,3.183e-05,0.00848969
2025-11-26 05:00:00+00:00,3956.00035475,21.22352027,0.99076659,0.98273569,0.00216748,6.575e-05,0.00756137
2025-11-26 06:00:00+00:00,4107.15953375,22.21505891,0.99380425,0.98099894,0.00854382,7.015e-05,0.00609253
2025-11-26 07:00:00+00:00,4142.9049925,22.27364863,0.99394392,0.97956986,0.01041005,6.258e-05,0.0059315
2025-11-26 08:00:00+00:00,4133.88775175,22.37713183,0.9938402,0.97951286,0.01036548,6.084e-05,0.00604183
2025-11-26 09:00:00+00:00,4135.506321,22.47312628,0.99367132,0.98161343,0.00768591,4.943e-05,0.00623751
2025-11-26 10:00:00+00:00,4115.03530575,22.59821362,0.99368066,0.98169098,0.00761442,5.395e-05,0.00622315
2025-11-26 11:00:00+00:00,4100.0202195,22.86440866,0.99351004,0.98134634,0.00774741,5.602e-05,0.00639432
2025-11-26 12:00:00+00:00,4091.30826575,22.90770979,0.99388516,0.97997685,0.00967346,5.974e-05,0.006029
2025-11-26 13:00:00+00:00,4120.50507525,23.00812957,0.99374325,0.97905389,0.01048423,6.024e-05,0.00616652
2025-11-26 14:00:00+00:00,4183.13538075,22.99705591,0.99383339,0.97915264,0.01047974,6.339e-05,0.00607616
2025-11-26 15:00:00+00:00,4212.712678,23.04503538,0.99351536,0.97874368,0.01054399,4.871e-05,0.00639902
2025-11-26 16:00:00+00:00,4178.2788705,22.89764497,0.9936409,0.97902321,0.01057281,4.93e-05,0.00625732
2025-11-26 17:00:00+00:00,4151.79845425,22.68192767,0.99377354,0.97919368,0.01070822,3.551e-05,0.00612613
2025-11-26 18:00:00+00:00,4121.70887625,22.81894521,0.9937114,0.97900986,0.01072667,1.986e-05,0.00620586
2025-11-26 19:00:00+00:00,4071.610901,22.5036763,0.99356095,0.97963324,0.0098699,3.27e-06,0.00636176
2025-11-26 20:00:00+00:00,4030.6397085,22.2070973,0.99290972,0.98014761,0.00808499,0.0,0.00699966
2025-11-26 21:00:00+00:00,3953.18815225,21.75980215,0.99220646,0.98453903,0.00255946,0.0,0.00731057
2025-11-26 22:00:00+00:00,3870.5734345,21.16041324,0.99148996,0.98573209,0.00053279,0.0,0.00738407
2025-11-26 23:00:00+00:00,3816.84418225,20.13627098,0.99141099,0.98634639,0.00027577,0.0,0.00750981
2025-11-27 00:00:00+00:00,3742.9149585,19.85920807,0.99146645,0.98723551,0.00025467,8.093e-05,0.00748979
2025-11-27 01:00:00+00:00,3694.70257575,19.66716122,0.99191639,0.98828905,0.00025131,3.57e-05,0.00736295
2025-11-27 02:00:00+00:00,3682.97569975,20.03536319,0.99245852,0.98584551,0.00381341,1.241e-05,0.00684171
2025-11-27 03:00:00+00:00,3657.97044825,20.56182618,0.99167366,0.98660871,0.00160032,2.149e-05,0.00717114
2025-11-27 04:00:00+00:00,3675.0054065,20.95802834,0.99173081,0.98627836,0.00256864,0.0,0.00713015
2025-11-27 05:00:00+00:00,3818.51293425,20.88659321,0.99172024,0.98514595,0.00373574,1.131e-05,0.00698497
2025-11-27 06:00:00+00:00,4010.46566025,21.47838549,0.99133509,0.97925649,0.00843909,3.96e-06,0.00733857
2025-11-27 07:00:00+00:00,4078.66090775,21.30864644,0.99166629,0.97769417,0.01088145,3.23e-06,0.00703936
2025-11-27 08:00:00+00:00,4080.7048235,22.07277379,0.99180305,0.9770759,0.0114496,4e-06,0.00701752
2025-11-27 09:00:00+00:00,4072.515132,22.01407986,0.99147684,0.97717268,0.01084111,1.487e-05,0.0071548
2025-11-27 10:00:00+00:00,4079.75771275,21.95617133,0.99147805,0.97684732,0.01163999,1.073e-05,0.00688614
2025-11-27 11:00:00+00:00,4051.356029,22.39983798,0.99140975,0.97627972,0.01162124,5.487e-05,0.00701361
2025-11-27 12:00:00+00:00,4058.30645225,22.67403108,0.99178848,0.97638665,0.01184923,4.055e-05,0.00653383
2025-11-27 13:00:00+00:00,4093.32394075,23.15110034,0.99141012,0.97558664,0.01135605,8.51e-05,0.00674609
2025-11-27 14:00:00+00:00,4155.59335025,23.92728822,0.99104895,0.97585537,0.00972502,8.437e-05,0.00698697
2025-11-27 15:00:00+00:00,4187.74230725,24.76444709,0.99065635,0.97429422,0.00949475,0.00025744,0.00758535
2025-11-27 16:00:00+00:00,4169.92921875,24.90876914,0.99073238,0.97711938,0.00630761,0.00025329,0.00759432
2025-11-27 17:00:00+00:00,4125.75894525,24.70003785,0.99078367,0.97809345,0.00563158,2.49e-06,0.00748294
2025-11-27 18:00:00+00:00,4083.6248615,24.5887248,0.99084674,0.9791801,0.00422515,3.502e-05,0.00743705
2025-11-27 19:00:00+00:00,4042.72716075,23.48634975,0.99149886,0.98033235,0.00529391,2.668e-05,0.00679538
2025-11-27 20:00:00+00:00,3978.44322,22.20523876,0.99196542,0.98328747,0.00433453,3.92e-06,0.00657024
2025-11-27 21:00:00+00:00,3903.4523295,21.30525116,0.99207122,0.98396397,0.00447044,2.56e-06,0.00646993
2025-11-27 22:00:00+00:00,3784.81546525,20.00101193,0.99178421,0.98648823,0.00293139,4.198e-05,0.00628699
2025-11-27 23:00:00+00:00,3662.452187,19.0966844,0.99223915,0.98786096,0.00326077,1.76e-05,0.0060282
2025-11-28 00:00:00+00:00,3566.24676275,18.42938702,0.99268785,0.98936106,0.00332668,9e-08,0.00579995
2025-11-28 01:00:00+00:00,3506.41844675,18.50369483,0.99314763,0.98655227,0.00659516,0.0,0.00570814
2025-11-28 02:00:00+00:00,3459.33534375,18.05124916,0.99286884,0.98909389,0.00377461,0.0,0.00579798
2025-11-28 03:00:00+00:00,3449.214473,17.87585994,0.99181389,0.98759126,0.00339271,0.0,0.00649113
2025-11-28 04:00:00+00:00,3443.98464025,19.32632845,0.9914998,0.98569072,0.00324612,0.0,0.00674705
2025-11-28 05:00:00+00:00,3602.880646,20.15625971,0.9918868,0.9857323,0.00308084,0.0,0.00649121
2025-11-28 06:00:00+00:00,3800.557438,21.31073988,0.9918007,0.98412882,0.00287566,0.0,0.00690704
2025-11-28 07:00:00+00:00,3886.60934675,21.23248073,0.99233165,0.98550176,0.00283066,9.382e-05,0.00656468
2025-11-28 08:00:00+00:00,3854.44058725,21.7595851,0.99213927,0.9841969,0.00348108,0.00026302,0.0068008
2025-11-28 09:00:00+00:00,3834.33217275,21.92967468,0.99135816,0.98301654,0.00292083,0.00034877,0.0070266
2025-11-28 10:00:00+00:00,3831.081125,22.16457335,0.99119824,0.98248906,0.0030538,0.00039686,0.00702002
2025-11-28 11:00:00+00:00,3774.6184795,22.36241994,0.99104337,0.98202022,0.00281443,0.00055688,0.00719398
2025-11-28 12:00:00+00:00,3754.76578675,22.47454803,0.99110342,0.98161966,0.00288488,0.0007058,0.00716533
2025-11-28 13:00:00+00:00,3764.107245,22.60566768,0.99035256,0.98114257,0.0028177,0.0006557,0.00777151
2025-11-28 14:00:00+00:00,3802.2526055,22.23151748,0.99090526,0.9824285,0.00285017,0.00015498,0.00723281
2025-11-28 15:00:00+00:00,3814.15734875,21.64355729,0.99232717,0.98325624,0.00543339,3.77e-05,0.00625738
2025-11-28 16:00:00+00:00,3787.4902225,21.01049257,0.99306527,0.9828522,0.0079164,1.464e-05,0.00581169
2025-11-28 17:00:00+00:00,3759.44406525,21.11445023,0.99308398,0.98235735,0.00792137,3.797e-05,0.00575919
2025-11-28 18:00:00+00:00,3709.94716575,20.37172997,0.99335567,0.98364207,0.00804089,1.89e-05,0.00563164
2025-11-28 19:00:00+00:00,3637.857895,20.00551372,0.99291013,0.98812421,0.00301899,1.899e-05,0.00586682
2025-11-28 20:00:00+00:00,3587.1696615,19.53042453,0.99257124,0.98812225,0.00276235,3.74e-06,0.0060563
2025-11-28 21:00:00+00:00,3550.216568,19.00601879,0.99245494,0.98824064,0.00283647,0.0,0.00621755
2025-11-28 22:00:00+00:00,3479.82989425,18.63647535,0.9922257,0.98854685,0.00289147,2.83e-06,0.00618251
2025-11-28 23:00:00+00:00,3366.918439,18.60368296,0.99179734,0.98767729,0.003056,1.53e-05,0.00625736
2025-11-29 00:00:00+00:00,3360.712188,18.27394364,0.99153658,0.98863283,0.00231561,1.007e-05,0.00637608
2025-11-29 01:00:00+00:00,3335.80115725,18.69973657,0.99126435,0.989307,0.00065732,2.418e-05,0.00655886
2025-11-29 02:00:00+00:00,3299.4819795,18.23321777,0.9913914,0.99012929,0.00065628,1.344e-05,0.00647137
2025-11-29 03:00:00+00:00,3291.7081495,18.10513737,0.99144704,0.99017923,0.00065569,9.64e-06,0.00647426
2025-11-29 04:00:00+00:00,3286.635229,18.5932442,0.99118644,0.98923426,0.00061465,2.722e-05,0.00656095
2025-11-29 05:00:00+00:00,3325.0632205,18.16163124,0.9919671,0.98889609,0.00307016,0.0,0.00617204
2025-11-29 06:00:00+00:00,3397.75542925,17.95889373,0.99220384,0.98856288,0.00364067,0.0,0.00606748
2025-11-29 07:00:00+00:00,3508.9992445,18.18474603,0.99261737,0.98911408,0.0035033,0.0,0.00583106
2025-11-29 08:00:00+00:00,3603.2828555,18.55938736,0.99281588,0.98954199,0.00327389,0.0,0.00570851
2025-11-29 09:00:00+00:00,3672.7004415,18.95655689,0.9929379,0.9893153,0.00362261,0.0,0.00561413
2025-11-29 10:00:00+00:00,3709.9399485,19.28649067,0.99320669,0.9891324,0.00407428,0.0,0.00558254
2025-11-29 11:00:00+00:00,3755.0650265,19.73511724,0.99341601,0.98610762,0.00730833,0.0,0.00537495
2025-11-29 12:00:00+00:00,3775.14664025,19.72694572,0.99322879,0.98858028,0.00436434,0.0,0.00549518
2025-11-29 13:00:00+00:00,3798.924318,19.78880899,0.99338159,0.99039405,0.00271707,0.0,0.0054619
2025-11-29 14:00:00+00:00,3828.07484575,19.90988121,0.99315175,0.98993014,0.00283364,0.0,0.0055587
2025-11-29 15:00:00+00:00,3825.6674985,19.83326159,0.9934577,0.98944602,0.00401147,0.0,0.00540062
2025-11-29 16:00:00+00:00,3837.255991,20.06224625,0.99309528,0.98873844,0.00409089,0.0,0.00554841
2025-11-29 17:00:00+00:00,3829.48795675,20.38938248,0.99337984,0.98879107,0.00405337,0.0,0.00554265
2025-11-29 18:00:00+00:00,3815.38384075,20.58191888,0.99333244,0.98843074,0.00403547,0.0,0.00558738
2025-11-29 19:00:00+00:00,3770.72365575,20.66041141,0.99329231,0.98838385,0.00407117,0.0,0.00562844
2025-11-29 20:00:00+00:00,3739.87922775,20.70681821,0.99346181,0.98852995,0.00402325,0.0,0.00561027
2025-11-29 21:00:00+00:00,3687.986292,20.28141345,0.99348499,0.98941663,0.00404324,0.0,0.00545617
2025-11-29 22:00:00+00:00,3637.26362675,20.18684699,0.99289612,0.9882352,0.00456767,0.0,0.00577154
2025-11-29 23:00:00+00:00,3574.161492,20.84313986,0.99247683,0.98313728,0.00777159,0.0,0.0060974
2025-11-30 00:00:00+00:00,3545.6111235,21.57322878,0.99197555,0.98177953,0.00734296,2.46e-05,0.0064929
2025-11-30 01:00:00+00:00,3506.1908705,21.39310604,0.99224279,0.98230537,0.0074003,1.833e-05,0.00633736
2025-11-30 02:00:00+00:00,3494.813973,22.68975623,0.99095859,0.98114736,0.00574577,0.0,0.00704409
2025-11-30 03:00:00+00:00,3489.25382725,23.08753802,0.99073825,0.97874179,0.00787465,0.0,0.00720156
2025-11-30 04:00:00+00:00,3503.302239,22.55547949,0.99226002,0.98284637,0.00722582,0.0,0.00622963
2025-11-30 05:00:00+00:00,3542.22020675,23.62519622,0.99140728,0.98022829,0.00714387,0.0,0.00672591
2025-11-30 06:00:00+00:00,3568.39548975,24.35828237,0.99213574,0.97940765,0.00803207,0.0,0.00651265
2025-11-30 07:00:00+00:00,3666.783255,25.18827844,0.99185176,0.97788439,0.00773081,3.243e-05,0.00679883
2025-11-30 08:00:00+00:00,3772.174698,25.40535816,0.99171144,0.97611999,0.00899141,0.0,0.00688095
2025-11-30 09:00:00+00:00,3814.297124,25.93888489,0.99078435,0.97682379,0.00555717,0.0,0.00735083
2025-11-30 10:00:00+00:00,3841.56650425,26.09960536,0.99108351,0.97836942,0.00468297,0.0,0.00721584
2025-11-30 11:00:00+00:00,3849.5674815,26.25903382,0.99102739,0.97923824,0.00359151,0.0,0.00725989
2025-11-30 12:00:00+00:00,3859.61657025,26.56229723,0.99144445,0.97849703,0.00399042,0.0,0.00727961
2025-11-30 13:00:00+00:00,3884.41829825,26.82038541,0.99159352,0.97816868,0.00398685,0.0,0.00746711
2025-11-30 14:00:00+00:00,3954.90465575,26.91704157,0.99230883,0.97418566,0.00834735,0.0,0.0072457
2025-11-30 15:00:00+00:00,3973.06743525,26.56947615,0.99277566,0.97401132,0.00918269,0.0,0.0070492
2025-11-30 16:00:00+00:00,3959.4073515,26.06833475,0.99336338,0.97500513,0.00919152,0.0,0.00660909
2025-11-30 17:00:00+00:00,3960.80084625,25.62484109,0.99297783,0.97684083,0.00742995,0.0,0.00702217
2025-11-30 18:00:00+00:00,3975.848149,25.39618854,0.99270321,0.97872316,0.00522881,0.0,0.00707216
2025-11-30 19:00:00+00:00,3969.336047,24.699287,0.99266613,0.97983821,0.00524864,0.0,0.00688596
2025-11-30 20:00:00+00:00,3933.28521,24.1287078,0.99268945,0.98093219,0.0053012,0.0,0.00663708
2025-11-30 21:00:00+00:00,3882.94171975,23.27619617,0.99254229,0.98229666,0.00506235,0.0,0.00639816
2025-11-30 22:00:00+00:00,3784.93716775,23.22201857,0.99201399,0.98475114,0.00168585,0.0,0.00681867
2025-11-30 23:00:00+00:00,3734.41401,23.68156505,0.99222051,0.98422997,0.00180878,0.0,0.00688684
2025-12-01 00:00:00+00:00,3673.22690225,23.77392699,0.99141048,0.98276575,0.00234268,0.0,0.00718257
2025-12-01 01:00:00+00:00,3620.96130075,23.90995139,0.99077467,0.98204812,0.00240527,0.0,0.00728784
2025-12-01 02:00:00+00:00,3592.98924175,23.93618142,0.99022396,0.98283968,0.00144703,0.0,0.0074763
2025-12-01 03:00:00+00:00,3597.057137,25.07255733,0.98962549,0.98051965,0.00154507,0.0,0.00803027
2025-12-01 04:00:00+00:00,3660.1535445,25.13626473,0.99104058,0.97826202,0.00617946,0.0,0.00721179
2025-12-01 05:00:00+00:00,3823.9113215,26.1184801,0.99141938,0.97601607,0.00741766,0.0,0.00732586
2025-12-01 06:00:00+00:00,4026.111299,26.99153128,0.99180901,0.97342824,0.00891336,0.0,0.00756078
2025-12-01 07:00:00+00:00,4074.4772125,27.07030418,0.99142141,0.97257216,0.00930007,0.0,0.007524
2025-12-01 08:00:00+00:00,4067.783941,26.69898844,0.99142425,0.97331912,0.00989901,0.0,0.00733469
2025-12-01 09:00:00+00:00,4017.19243675,26.46655223,0.99173629,0.97428523,0.0100868,0.0,0.00723137
2025-12-01 10:00:00+00:00,4034.2991395,26.28679946,0.9917429,0.97439992,0.01014587,0.0,0.00721511
2025-12-01 11:00:00+00:00,4054.3649965,26.29969604,0.99136252,0.97421637,0.00993308,0.0,0.00731296
2025-12-01 12:00:00+00:00,4010.0599675,26.3203493,0.99105667,0.97376148,0.01013672,0.0,0.00744685
2025-12-01 13:00:00+00:00,4015.86640275,26.26122792,0.99209208,0.97442115,0.01054634,0.0,0.00681426
2025-12-01 14:00:00+00:00,4071.4698585,26.28370331,0.99187293,0.97484838,0.00983909,0.0,0.00747687
2025-12-01 15:00:00+00:00,4119.4401705,25.90064367,0.99180774,0.9754212,0.00934968,0.0,0.00746535
2025-12-01 16:00:00+00:00,4097.46075025,25.06442943,0.99261898,0.9768812,0.00935471,0.0,0.00688159
2025-12-01 17:00:00+00:00,4077.7189,24.37487001,0.99280864,0.97781791,0.00886905,0.0,0.00699479
2025-12-01 18:00:00+00:00,4041.1118045,23.96835427,0.99306952,0.97809852,0.00879958,0.0,0.00680516
2025-12-01 19:00:00+00:00,3982.781674,22.83649543,0.99334663,0.97963516,0.00863723,0.0,0.00656269
2025-12-01 20:00:00+00:00,3911.4972125,22.50502838,0.9933821,0.98338575,0.00519181,0.0,0.00657771
2025-12-01 21:00:00+00:00,3826.41089275,22.11265017,0.99316706,0.98425085,0.00491135,0.0,0.0066984
2025-12-01 22:00:00+00:00,3696.8907285,21.82263785,0.99278436,0.9843246,0.00546979,0.0,0.00665403
2025-12-01 23:00:00+00:00,3571.396615,21.2197554,0.99243119,0.98809216,0.00237742,0.0,0.00656847
2025-12-02 00:00:00+00:00,3454.389038,21.04305202,0.99178871,0.98771003,0.00246625,0.0,0.00677495
2025-12-02 01:00:00+00:00,3427.273576,20.99846588,0.99156705,0.98781953,0.00252638,2.84e-06,0.0067618
2025-12-02 02:00:00+00:00,3413.1568195,20.50578356,0.99200975,0.98886596,0.00245678,0.0,0.00641297
2025-12-02 03:00:00+00:00,3408.635118,20.00982636,0.99193657,0.98895721,0.00246647,0.0,0.0063383
2025-12-02 04:00:00+00:00,3415.44112975,20.01966338,0.99234943,0.98924182,0.00242466,0.0,0.00619147
2025-12-02 05:00:00+00:00,3528.257603,20.42261271,0.99277566,0.98905755,0.00228531,0.0,0.00603687
2025-12-02 06:00:00+00:00,3713.96156875,20.668288,0.99321402,0.98785755,0.00331501,0.0,0.00584354
2025-12-02 07:00:00+00:00,3810.7442235,20.93073694,0.99301562,0.97979335,0.01030258,0.0,0.00585248
2025-12-02 08:00:00+00:00,3800.8260295,20.81122261,0.99314247,0.9799208,0.01041775,0.0,0.00581555
2025-12-02 09:00:00+00:00,3782.03476475,20.48610979,0.99286742,0.98029551,0.01021431,0.0,0.00606277
2025-12-02 10:00:00+00:00,3793.70224275,20.39505569,0.99277292,0.98117669,0.00912832,0.0,0.00595102
2025-12-02 11:00:00+00:00,3769.04552125,20.37232737,0.99299727,0.98118364,0.00950291,0.0,0.00606738
2025-12-02 12:00:00+00:00,3745.274278,20.39220235,0.99265856,0.98151631,0.0081847,0.0,0.0062228
2025-12-02 13:00:00+00:00,3738.026585,20.57348834,0.99269089,0.98324932,0.00595133,0.0,0.00650913
2025-12-02 14:00:00+00:00,3788.3559035,20.22903471,0.992538,0.98568502,0.00354723,0.0,0.00648942
2025-12-02 15:00:00+00:00,3802.68138475,20.52866317,0.99251966,0.9856213,0.00331401,3.305e-05,0.00662273
2025-12-02 16:00:00+00:00,3767.5691775,20.27693778,0.99253817,0.98602789,0.0033687,2.378e-05,0.0066741
2025-12-02 17:00:00+00:00,3733.80757775,20.02287222,0.99261447,0.98724812,0.00268377,0.00015467,0.00645806
2025-12-02 18:00:00+00:00,3702.2690485,20.02696751,0.99234353,0.98877535,0.00043236,0.00026748,0.00644995
2025-12-02 19:00:00+00:00,3659.5638455,20.46279598,0.99183376,0.98734842,0.00041354,0.00049956,0.0067082
2025-12-02 20:00:00+00:00,3623.127356,21.30436846,0.99153701,0.98598075,0.00040904,0.00058694,0.00688636
2025-12-02 21:00:00+00:00,3558.50369175,21.58000744,0.99123524,0.98504875,0.00040343,0.00072517,0.00697503
2025-12-02 22:00:00+00:00,3478.259194,22.16548289,0.99073908,0.98348332,0.00041097,0.0006983,0.00739429
2025-12-02 23:00:00+00:00,3397.84655875,21.89159138,0.99030588,0.98377938,0.00045226,0.0007354,0.00761435
2025-12-03 00:00:00+00:00,3362.00046,21.99319042,0.99038393,0.98348277,0.00041666,0.00082912,0.00757865
2025-12-03 01:00:00+00:00,3320.46238775,22.23297609,0.99038537,0.98299996,0.0004327,0.00066763,0.0076908
2025-12-03 02:00:00+00:00,3308.1385345,22.20076592,0.9903171,0.98249589,0.00042343,0.00085031,0.00784954
2025-12-03 03:00:00+00:00,3292.56126475,21.7102208,0.99068714,0.9836588,0.00043677,0.00063388,0.00764319
2025-12-03 04:00:00+00:00,3330.3907315,21.95135527,0.99075562,0.98304617,0.00044146,0.00063068,0.00791251
2025-12-03 05:00:00+00:00,3467.8156435,22.07211343,0.99084847,0.98254779,0.00113666,0.00054491,0.00810953
2025-12-03 06:00:00+00:00,3658.38579675,22.27177837,0.99206819,0.98228332,0.00379914,9.311e-05,0.00761939
2025-12-03 07:00:00+00:00,3722.66830525,22.5980718,0.99255301,0.977714,0.00881992,3.995e-05,0.00743044
2025-12-03 08:00:00+00:00,3719.4444695,23.0562983,0.99242699,0.97714765,0.00889288,3.618e-05,0.00756022
2025-12-03 09:00:00+00:00,3726.329657,23.65080629,0.99224337,0.97632043,0.00893613,6.481e-05,0.00772858
2025-12-03 10:00:00+00:00,3693.7568195,24.33455227,0.99287347,0.97559425,0.00938084,3.836e-05,0.00710731
2025-12-03 11:00:00+00:00,3673.106224,24.64735096,0.99177898,0.97403697,0.0096778,2.063e-05,0.00820012
2025-12-03 12:00:00+00:00,3647.124004,25.49854966,0.99140504,0.97237565,0.00982524,2.633e-05,0.00858478
2025-12-03 13:00:00+00:00,3701.3153835,25.8764011,0.99151262,0.97312088,0.00924873,2.15e-05,0.00847285
2025-12-03 14:00:00+00:00,3767.0155745,26.42732622,0.99173869,0.97281864,0.00898486,3.339e-05,0.00824818
2025-12-03 15:00:00+00:00,3816.30818975,26.79103466,0.99171072,0.97216245,0.0091751,3.81e-05,0.00827385
2025-12-03 16:00:00+00:00,3778.66933325,27.15422704,0.99146228,0.97179045,0.00910047,5.959e-05,0.00851334
2025-12-03 17:00:00+00:00,3792.480091,27.50918408,0.9913223,0.97173347,0.00884219,5.957e-05,0.00857691
2025-12-03 18:00:00+00:00,3792.76192225,27.38430516,0.99170782,0.97265976,0.00858814,5.348e-05,0.00827015
2025-12-03 19:00:00+00:00,3789.33097425,27.03947631,0.99286905,0.97382473,0.00839725,4.96e-06,0.00712355
2025-12-03 20:00:00+00:00,3776.93054175,26.51451058,0.99172921,0.9731291,0.00840708,0.0,0.00826333
2025-12-03 21:00:00+00:00,3733.782653,26.3199227,0.99153073,0.97305889,0.00840245,0.0,0.0083875
2025-12-03 22:00:00+00:00,3660.01246075,26.07396531,0.99153347,0.97292645,0.00853061,0.0,0.00839968
2025-12-03 23:00:00+00:00,3576.87442825,25.90663109,0.99170159,0.97379774,0.00827814,0.0,0.00820413
2025-12-04 00:00:00+00:00,3478.38916675,26.04908593,0.99153952,0.97351188,0.00835306,0.0,0.00840309
2025-12-04 01:00:00+00:00,3441.73298325,26.4866036,0.99109727,0.97219565,0.00878352,0.0,0.00872036
2025-12-04 02:00:00+00:00,3424.904877,27.05691361,0.99139442,0.97245392,0.00877433,0.0,0.00859114
2025-12-04 03:00:00+00:00,3433.0535085,27.00824725,0.99181922,0.97352414,0.00852584,0.0,0.00818078
2025-12-04 04:00:00+00:00,3478.30612225,26.94509301,0.99189915,0.9738417,0.00838035,0.0,0.00810085
2025-12-04 05:00:00+00:00,3618.11409375,27.14515942,0.99150231,0.9729336,0.00878163,0.0,0.00847974
2025-12-04 06:00:00+00:00,3801.31333625,27.14454979,0.99155229,0.97325873,0.0090175,0.0,0.00843295
2025-12-04 07:00:00+00:00,3833.52351775,27.19655067,0.99151205,0.9736553,0.00887303,0.0,0.00847864
2025-12-04 08:00:00+00:00,3848.4408395,27.26580104,0.99178429,0.9736304,0.00888879,0.0,0.00821396
2025-12-04 09:00:00+00:00,3839.09286,27.63332737,0.99159138,0.9726708,0.00899232,0.0,0.00840862
2025-12-04 10:00:00+00:00,3806.488274,27.53296742,0.99150679,0.97282557,0.00907016,0.0,0.00847882
2025-12-04 11:00:00+00:00,3804.538476,27.65841091,0.99140511,0.9726405,0.00927223,0.0,0.00858247
2025-12-04 12:00:00+00:00,3824.609527,27.85686022,0.99174656,0.97297991,0.00931373,0.0,0.00824276
2025-12-04 13:00:00+00:00,3848.2139805,27.7675833,0.99189046,0.9737375,0.00917085,0.0,0.00809078
2025-12-04 14:00:00+00:00,3924.317294,27.80812307,0.99198653,0.97165662,0.01141728,0.0,0.0079912
2025-12-04 15:00:00+00:00,3949.036161,27.62134328,0.99196353,0.97210982,0.01118993,0.0,0.00803647
2025-12-04 16:00:00+00:00,3935.60518825,27.84946394,0.99165258,0.97118786,0.01131596,0.0,0.00834742
2025-12-04 17:00:00+00:00,3914.5437195,27.82360496,0.99169964,0.97281523,0.00973879,0.0,0.00830036
2025-12-04 18:00:00+00:00,3879.319311,27.82928974,0.99187316,0.97293245,0.00976719,0.0,0.00812684
2025-12-04 19:00:00+00:00,3863.9381015,27.83895916,0.99205137,0.97196953,0.01097029,0.0,0.00794863
2025-12-04 20:00:00+00:00,3844.05789175,27.75847969,0.99205851,0.97194462,0.01120204,0.0,0.00794149
2025-12-04 21:00:00+00:00,3798.16452625,27.90642985,0.991762,0.97145968,0.01098976,0.0,0.008238
2025-12-04 22:00:00+00:00,3718.6455605,27.94482181,0.99166044,0.97118832,0.01098843,0.0,0.00833956
2025-12-04 23:00:00+00:00,3647.474376,27.82127208,0.99176781,0.97165144,0.01086822,0.0,0.00823219
2025-12-05 00:00:00+00:00,3586.8780865,27.99556063,0.99140617,0.97101845,0.01071192,0.0,0.00859383
2025-12-05 01:00:00+00:00,3570.08475225,27.87226133,0.99152928,0.97112953,0.01074176,0.0,0.00847072
2025-12-05 02:00:00+00:00,3572.619237,27.6660154,0.99167973,0.97155354,0.0106439,0.0,0.00832027
2025-12-05 03:00:00+00:00,3580.30193975,27.42544873,0.99215831,0.97228268,0.01066203,0.0,0.00784169
2025-12-05 04:00:00+00:00,3614.75673675,27.10379221,0.99239201,0.97290165,0.01070311,0.0,0.00760799
2025-12-05 05:00:00+00:00,3761.72552775,26.51506576,0.99235584,0.97365096,0.01064891,0.0,0.00764416
2025-12-05 06:00:00+00:00,3939.573252,25.95230105,0.99288452,0.97462596,0.0107311,0.0,0.00711548
2025-12-05 07:00:00+00:00,4015.39322575,25.72849881,0.9928835,0.9752,0.01052857,0.0,0.0071165
2025-12-05 08:00:00+00:00,4004.399949,24.86191526,0.99354094,0.97652859,0.01056104,5.72e-06,0.00642339
2025-12-05 09:00:00+00:00,4029.617065,24.89558073,0.99290424,0.97608878,0.01041629,0.0,0.00709576
2025-12-05 10:00:00+00:00,4008.1569055,24.83444978,0.99292135,0.97616943,0.01046236,0.0,0.00707796
2025-12-05 11:00:00+00:00,4010.952052,24.57027,0.99300518,0.97669245,0.01026561,0.0,0.00699482
2025-12-05 12:00:00+00:00,3993.00798925,24.54809172,0.99329192,0.9770143,0.01015399,0.0,0.00670808
2025-12-05 13:00:00+00:00,4007.40709775,24.3090235,0.99336436,0.9777008,0.00985711,0.0,0.00663564
2025-12-05 14:00:00+00:00,4045.29729875,24.33670261,0.99324056,0.97723575,0.00974091,0.0,0.00675944
2025-12-05 15:00:00+00:00,4071.997437,24.37073671,0.99318937,0.97690347,0.00963778,0.0,0.00681063
2025-12-05 16:00:00+00:00,4031.26582275,24.06614199,0.99320734,0.97716073,0.00980264,0.0,0.00679266
2025-12-05 17:00:00+00:00,3979.55068525,24.37295676,0.99288414,0.9762889,0.00997578,0.0,0.00711586
2025-12-05 18:00:00+00:00,3922.457276,24.10663654,0.99298337,0.97667546,0.00999027,0.0,0.00701663
2025-12-05 19:00:00+00:00,3870.48488875,24.0826038,0.99315304,0.97692662,0.00983922,0.0,0.00684696
2025-12-05 20:00:00+00:00,3812.2200925,23.80681938,0.99309014,0.97703718,0.00987799,0.0,0.00690986
2025-12-05 21:00:00+00:00,3761.97340925,24.09022777,0.99298233,0.97656459,0.0097805,0.0,0.00701767
2025-12-05 22:00:00+00:00,3653.7026425,23.9045771,0.99282917,0.97619826,0.00991119,0.0,0.00717083
2025-12-05 23:00:00+00:00,3639.35048825,23.6940607,0.99288631,0.97820958,0.00820839,0.0,0.00711369
2025-12-06 00:00:00+00:00,3618.84098625,24.04467745,0.99251118,0.97800492,0.00742514,0.0,0.00748882
2025-12-06 01:00:00+00:00,3576.662927,23.84252221,0.99239823,0.97851441,0.00684072,0.0,0.00760177
2025-12-06 02:00:00+00:00,3561.12900425,23.40262648,0.99223984,0.97862235,0.00668845,0.0,0.00754353
2025-12-06 03:00:00+00:00,3537.794709,22.99636123,0.9924946,0.97952653,0.00641645,0.0,0.00741911
2025-12-06 04:00:00+00:00,3531.540807,22.49400651,0.99239455,0.98064713,0.00610103,0.0,0.00736035
2025-12-06 05:00:00+00:00,3549.276852,22.85825122,0.99246026,0.98057996,0.00571252,0.0,0.00744108
2025-12-06 06:00:00+00:00,3619.81528875,22.67195582,0.99253996,0.98062959,0.00547973,0.0,0.00736983
2025-12-06 07:00:00+00:00,3706.47379975,22.21917963,0.99221948,0.9801838,0.00567324,0.0,0.007685
2025-12-06 08:00:00+00:00,3803.0909225,22.26807943,0.99263156,0.97935411,0.00669932,0.0,0.00736691
2025-12-06 09:00:00+00:00,3830.24468225,21.90609309,0.99237366,0.97823183,0.00824987,0.0,0.00758723
2025-12-06 10:00:00+00:00,3833.036058,22.21048836,0.99239741,0.97714115,0.00903744,0.0,0.00760259
2025-12-06 11:00:00+00:00,3831.836352,22.26237866,0.99244444,0.97657117,0.00929069,0.0,0.00755556
2025-12-06 12:00:00+00:00,3795.98080525,22.08424727,0.99231498,0.98166581,0.00438359,0.0,0.00768502
2025-12-06 13:00:00+00:00,3844.9852335,22.0544825,0.99238003,0.98356335,0.0024363,0.0,0.00761997
2025-12-06 14:00:00+00:00,3887.00723925,22.23114031,0.99241906,0.98310235,0.00244181,0.0,0.00758094
2025-12-06 15:00:00+00:00,3888.04404975,22.1441558,0.992448,0.98316972,0.00247213,0.0,0.007552
2025-12-06 16:00:00+00:00,3895.941008,22.3880506,0.99229796,0.97597282,0.00942798,0.0,0.00764292
2025-12-06 17:00:00+00:00,3867.513833,22.60194199,0.99234698,0.97547509,0.00987242,0.0,0.00765302
2025-12-06 18:00:00+00:00,3837.4001665,22.54969314,0.99226484,0.97510005,0.00993632,0.0,0.00757709
2025-12-06 19:00:00+00:00,3784.31375225,22.35881519,0.99184347,0.97512263,0.00921582,0.0,0.00771225
2025-12-06 20:00:00+00:00,3713.15917725,22.11776947,0.99151095,0.97516591,0.00892823,0.0,0.00786825
2025-12-06 21:00:00+00:00,3683.394732,22.1219588,0.99112833,0.97655854,0.00725582,0.0,0.00779439
2025-12-06 22:00:00+00:00,3651.20034,22.26969968,0.99086641,0.9780693,0.00574121,0.0,0.00787635
2025-12-06 23:00:00+00:00,3575.0375885,20.71684857,0.99205001,0.98630366,0.00296771,0.0,0.0067587
2025-12-07 00:00:00+00:00,3526.37473275,20.91553868,0.99160129,0.98665237,0.00153991,1.399e-05,0.0070734
2025-12-07 01:00:00+00:00,3493.012728,20.95842476,0.99123907,0.98747072,0.0,6.928e-05,0.00721734
2025-12-07 02:00:00+00:00,3474.1002725,20.72757309,0.99148802,0.98885963,0.0,6.924e-05,0.00704083
2025-12-07 03:00:00+00:00,3463.47221075,21.005466,0.9906372,0.98714336,0.0,0.00012757,0.00748132
2025-12-07 04:00:00+00:00,3462.29550225,20.86464748,0.99123103,0.98881838,0.0,2.36e-06,0.00716178
2025-12-07 05:00:00+00:00,3476.566949,20.83026998,0.99204491,0.98190964,0.00831966,0.0,0.00670386
2025-12-07 06:00:00+00:00,3529.46602125,20.99817506,0.99196303,0.98041217,0.00951477,0.0,0.00671463
2025-12-07 07:00:00+00:00,3607.97177175,21.45256452,0.99247297,0.9798858,0.00984968,0.0,0.00674595
2025-12-07 08:00:00+00:00,3682.220064,22.491924,0.99235279,0.97751489,0.00984007,0.0,0.00740116
2025-12-07 09:00:00+00:00,3739.78679325,23.04129864,0.99243797,0.97777921,0.00863483,0.0,0.00750708
2025-12-07 10:00:00+00:00,3762.405571,23.65008726,0.99217304,0.97880163,0.00629615,0.0,0.00781028
2025-12-07 11:00:00+00:00,3767.50609175,24.00053247,0.99208838,0.97928723,0.00542892,0.0,0.00787033
2025-12-07 12:00:00+00:00,3777.19838275,23.83721987,0.99229772,0.97649716,0.00893489,0.0,0.00770228
2025-12-07 13:00:00+00:00,3823.671024,24.03926301,0.99227536,0.97566561,0.00959447,0.0,0.00772464
2025-12-07 14:00:00+00:00,3883.282955,24.04498789,0.9922981,0.97590789,0.00948108,0.0,0.0077019
2025-12-07 15:00:00+00:00,3909.1605755,24.08096332,0.99240948,0.97607925,0.00942336,0.0,0.00759052
2025-12-07 16:00:00+00:00,3896.770721,23.94443469,0.9925536,0.97654825,0.00942995,0.0,0.0074464
2025-12-07 17:00:00+00:00,3890.76233375,23.77987312,0.99265803,0.97709472,0.00927427,0.0,0.00734197
2025-12-07 18:00:00+00:00,3868.538825,23.89795719,0.9924524,0.97589922,0.00994173,0.0,0.0075476
2025-12-07 19:00:00+00:00,3867.2470665,24.24891686,0.9921117,0.97569757,0.00938438,0.0,0.00762337
2025-12-07 20:00:00+00:00,3836.030965,24.14165379,0.99205464,0.97568002,0.00948582,0.0,0.0075087
2025-12-07 21:00:00+00:00,3815.399749,24.31076179,0.99156398,0.97990877,0.00441613,0.0,0.00752916
2025-12-07 22:00:00+00:00,3720.05386975,23.33471472,0.99113414,0.98286266,0.00257225,0.0,0.00734387
2025-12-07 23:00:00+00:00,3609.75468125,21.61759015,0.98999347,0.97550201,0.01159289,0.0,0.00732582
2025-12-08 00:00:00+00:00,3558.788383,21.38796222,0.98909344,0.97603154,0.01111123,0.0,0.0072134
2025-12-08 01:00:00+00:00,3574.685034,21.68590495,0.98805657,0.97433558,0.0113297,0.0,0.00763313
2025-12-08 02:00:00+00:00,3572.749929,21.73990582,0.98796197,0.97423013,0.0112122,0.0,0.00763915
2025-12-08 03:00:00+00:00,3571.1702815,21.31433221,0.98838225,0.97485974,0.01160576,4.84e-06,0.0074406
2025-12-08 04:00:00+00:00,3619.12068275,22.54025584,0.98989487,0.97508803,0.01093471,0.0,0.00748012
2025-12-08 05:00:00+00:00,3791.5708705,24.18446555,0.99166837,0.97451045,0.01073103,0.0,0.00759315
2025-12-08 06:00:00+00:00,4001.438215,25.02896393,0.99228377,0.97439136,0.01028651,0.0,0.00747357
2025-12-08 07:00:00+00:00,4082.6502885,25.30664108,0.99220218,0.9740673,0.01032832,0.0,0.00767164
2025-12-08 08:00:00+00:00,4102.0257405,25.24370009,0.99286848,0.97486158,0.01043274,0.0,0.0070541
2025-12-08 09:00:00+00:00,4082.42612325,25.25924269,0.9926399,0.97497839,0.01029594,0.0,0.00691071
2025-12-08 10:00:00+00:00,4049.82400225,25.21738788,0.99290884,0.97506872,0.01016863,0.0,0.00663643
2025-12-08 11:00:00+00:00,4041.53949725,25.25848515,0.99325532,0.97534213,0.01015412,0.0,0.00631577
2025-12-08 12:00:00+00:00,4031.0345855,25.34396308,0.9928103,0.97481078,0.01010979,0.0,0.00684633
2025-12-08 13:00:00+00:00,4070.13497725,25.28480441,0.99311892,0.97507575,0.01009907,0.0,0.00651331
2025-12-08 14:00:00+00:00,4118.61139325,25.52884512,0.99292927,0.97515268,0.00970926,0.0,0.00647551
2025-12-08 15:00:00+00:00,4125.95627475,25.6330369,0.99313612,0.97537615,0.00988236,0.0,0.00628235
2025-12-08 16:00:00+00:00,4087.531923,25.86724263,0.99288947,0.97469641,0.00999354,0.0,0.00639737
2025-12-08 17:00:00+00:00,4054.12140225,26.11378695,0.99313225,0.97489266,0.00981359,0.0,0.00616879
2025-12-08 18:00:00+00:00,4017.42935925,26.59758653,0.9925122,0.97425185,0.00959465,0.0,0.00659638
2025-12-08 19:00:00+00:00,3989.188979,26.93646245,0.99182181,0.97287542,0.01010546,0.0,0.00690613
2025-12-08 20:00:00+00:00,3931.31022175,27.08964371,0.99117702,0.97204824,0.01052756,0.0,0.00708254
2025-12-08 21:00:00+00:00,3862.705153,27.51235345,0.99022615,0.97050862,0.01075365,0.0,0.00754177
2025-12-08 22:00:00+00:00,3777.09704,27.21964899,0.98937157,0.97001193,0.01109143,0.0,0.00786131
2025-12-08 23:00:00+00:00,3668.7841875,26.97083033,0.98916791,0.97176168,0.00988424,2.381e-05,0.00759381
2025-12-09 00:00:00+00:00,3596.4664155,27.46457353,0.98917013,0.97091062,0.00983681,0.0,0.00797889
2025-12-09 01:00:00+00:00,3550.598237,28.15295009,0.98879817,0.96866117,0.01017253,0.0,0.00879754
2025-12-09 02:00:00+00:00,3524.83272175,27.69445827,0.98897911,0.96969763,0.00989959,0.0,0.0086064
2025-12-09 03:00:00+00:00,3522.988438,27.88110042,0.98896095,0.96944362,0.0095717,0.0,0.00851836
2025-12-09 04:00:00+00:00,3568.64039,27.70944659,0.98988381,0.97067923,0.00933961,0.0,0.008446
2025-12-09 05:00:00+00:00,3731.51851375,27.71567012,0.99084712,0.97044812,0.0104925,0.0,0.00838013
2025-12-09 06:00:00+00:00,3914.70172475,27.28174981,0.99214673,0.97199586,0.01112203,0.0,0.00785327
2025-12-09 07:00:00+00:00,3930.95876075,27.16058822,0.99245166,0.97262892,0.01104748,0.0,0.00754803
2025-12-09 08:00:00+00:00,3945.0390305,27.41872365,0.99217948,0.9717507,0.01147775,0.0,0.00782052
2025-12-09 09:00:00+00:00,3981.2971155,27.05584447,0.99237067,0.97203541,0.0119955,0.0,0.00759909
2025-12-09 10:00:00+00:00,3969.8060515,26.79449508,0.99272069,0.9735659,0.01091245,0.0,0.0072793
2025-12-09 11:00:00+00:00,3955.7778025,26.92291643,0.99238418,0.97301681,0.01097074,0.0,0.00761582
2025-12-09 12:00:00+00:00,3953.40064825,27.10709724,0.99268804,0.97318844,0.01103592,0.0,0.00731196
2025-12-09 13:00:00+00:00,3990.4674185,27.02629941,0.9924349,0.97303178,0.01137336,0.0,0.00754091
2025-12-09 14:00:00+00:00,4015.57616575,27.22359674,0.99267518,0.9733417,0.01130852,0.0,0.00728896
2025-12-09 15:00:00+00:00,4044.79131325,27.46913597,0.99268592,0.973261,0.0111811,0.0,0.00728168
2025-12-09 16:00:00+00:00,4038.79485075,27.53490874,0.99252446,0.97234252,0.01186186,0.0,0.00742915
2025-12-09 17:00:00+00:00,3996.86756675,27.64585943,0.99240649,0.97301806,0.01086482,0.0,0.00759095
2025-12-09 18:00:00+00:00,3973.4601055,27.5657706,0.99255453,0.97261249,0.01151897,0.0,0.00741961
2025-12-09 19:00:00+00:00,3942.157689,27.41200326,0.99245029,0.97319023,0.01076561,0.0,0.00754971
2025-12-09 20:00:00+00:00,3901.85163725,27.24010699,0.99218759,0.97415493,0.0092953,0.0,0.00781241
2025-12-09 21:00:00+00:00,3836.16705475,26.62312631,0.99222696,0.97514337,0.00849609,0.0,0.00766442
2025-12-09 22:00:00+00:00,3754.49616975,25.84984685,0.99187383,0.97563075,0.00786444,0.0,0.00770489
2025-12-09 23:00:00+00:00,3687.08311025,24.34554339,0.99169414,0.98442321,0.00015413,0.0,0.00753316
2025-12-10 00:00:00+00:00,3610.4032225,22.92287082,0.99111808,0.9848469,0.0,0.0,0.00777644
2025-12-10 01:00:00+00:00,3571.565465,22.13363183,0.99054667,0.98388304,0.0,0.0,0.00831154
2025-12-10 02:00:00+00:00,3550.77668875,21.21522908,0.99099975,0.98540957,0.0,0.0,0.0079861
2025-12-10 03:00:00+00:00,3531.22922375,20.80963653,0.99141826,0.98620529,0.0,0.0,0.00756088
2025-12-10 04:00:00+00:00,3554.4289025,20.78003024,0.99144316,0.98680791,0.0,0.0,0.00728501
2025-12-10 05:00:00+00:00,3661.37726525,21.29115749,0.99219202,0.98745613,0.0,0.0,0.00708702
2025-12-10 06:00:00+00:00,3849.86473075,21.6118582,0.99264682,0.98737654,0.00041868,0.0,0.00691359
2025-12-10 07:00:00+00:00,3884.912709,22.06211094,0.9927767,0.98409442,0.00326272,0.0,0.00682613
2025-12-10 08:00:00+00:00,3843.797631,22.3272802,0.99256148,0.98360882,0.00341652,0.0,0.00683845
2025-12-10 09:00:00+00:00,3791.9208555,22.76048488,0.99191225,0.98245489,0.00347298,0.0,0.00725916
2025-12-10 10:00:00+00:00,3782.040446,23.27895632,0.99222597,0.98265421,0.00351422,0.0,0.0068498
2025-12-10 11:00:00+00:00,3753.8921455,23.20278255,0.99241607,0.98314083,0.00352041,0.0,0.00650241
2025-12-10 12:00:00+00:00,3770.159204,23.20539769,0.99194678,0.98194989,0.00354264,0.0,0.00669622
2025-12-10 13:00:00+00:00,3784.86672175,22.26081622,0.99280602,0.9837502,0.00346816,0.0,0.00642555
2025-12-10 14:00:00+00:00,3843.96492275,22.09528118,0.99296447,0.98381363,0.00337312,0.0,0.00641014
2025-12-10 15:00:00+00:00,3856.21068575,21.79489964,0.99276182,0.98369042,0.00336682,0.0,0.00665607
2025-12-10 16:00:00+00:00,3796.40534975,21.6634211,0.99253257,0.98371232,0.00341702,0.0,0.00674571
2025-12-10 17:00:00+00:00,3768.1440225,21.93360356,0.99228248,0.98330107,0.00339029,0.0,0.00660033
2025-12-10 18:00:00+00:00,3746.48594425,21.97265026,0.99168908,0.98613493,0.00030075,0.0,0.00673762
2025-12-10 19:00:00+00:00,3744.935741,22.34082152,0.99150256,0.98613566,0.0,0.0,0.00661379
2025-12-10 20:00:00+00:00,3683.07547225,22.54352991,0.99112418,0.9859913,0.0,0.0,0.00703304
2025-12-10 21:00:00+00:00,3637.07806225,23.02529879,0.990915,0.98593948,0.0,0.0,0.00714451
2025-12-10 22:00:00+00:00,3541.92382525,23.78189853,0.99013633,0.98470599,0.0,4.73e-06,0.00731977
2025-12-10 23:00:00+00:00,3496.75919675,25.54944699,0.98892922,0.98008432,0.0,0.0,0.00806769
2025-12-11 00:00:00+00:00,3424.0172815,26.00523946,0.98854613,0.97891442,0.0,2.647e-05,0.0086142
2025-12-11 01:00:00+00:00,3388.53556825,25.76435485,0.98830037,0.97856156,0.0,0.0,0.0088426
2025-12-11 02:00:00+00:00,3369.4355255,25.36170449,0.98818675,0.97849689,0.0,0.0,0.00888911
2025-12-11 03:00:00+00:00,3350.39291375,24.80732337,0.9884464,0.97971483,0.0,4.2e-07,0.00877853
2025-12-11 04:00:00+00:00,3375.6542615,24.81769326,0.98940097,0.98103582,0.0,0.0,0.00852259
2025-12-11 05:00:00+00:00,3530.0489015,24.84584886,0.99227645,0.98478664,0.0001028,0.0,0.00733247
2025-12-11 06:00:00+00:00,3731.77058775,24.54544111,0.99253525,0.98181714,0.00376094,0.0,0.00726842
2025-12-11 07:00:00+00:00,3810.4916005,24.82864329,0.99275661,0.97956118,0.00629232,0.0,0.00724339
2025-12-11 08:00:00+00:00,3795.425678,25.70646485,0.99300262,0.97783147,0.00752418,0.0,0.00696991
2025-12-11 09:00:00+00:00,3818.987887,26.69428728,0.99230354,0.97573412,0.00760294,0.0,0.00764849
2025-12-11 10:00:00+00:00,3791.91029575,26.41331947,0.9924464,0.97631557,0.00804633,0.0,0.00738667
2025-12-11 11:00:00+00:00,3776.66887675,26.61585339,0.99248619,0.9763511,0.00793879,0.0,0.00741375
2025-12-11 12:00:00+00:00,3770.97063975,26.54765034,0.99289408,0.9768481,0.00794943,0.0,0.00693912
2025-12-11 13:00:00+00:00,3790.7272035,26.56771398,0.99295122,0.97663627,0.00787736,0.0,0.00681649
2025-12-11 14:00:00+00:00,3843.013234,26.57658831,0.99333114,0.97736604,0.00763132,0.0,0.00663838
2025-12-11 15:00:00+00:00,3855.76413725,26.42045907,0.99345036,0.97777859,0.00753144,0.0,0.00654964
2025-12-11 16:00:00+00:00,3820.90369775,25.9224914,0.99361935,0.97879447,0.00734564,0.0,0.00638065
2025-12-11 17:00:00+00:00,3796.05717525,25.70758405,0.99372779,0.97898403,0.00744194,0.0,0.00627221
2025-12-11 18:00:00+00:00,3769.41278625,25.75800601,0.99338984,0.97675585,0.00915898,0.0,0.00661016
2025-12-11 19:00:00+00:00,3722.39868775,25.55145181,0.99348169,0.97863191,0.00712815,0.0,0.00651831
2025-12-11 20:00:00+00:00,3689.9524355,25.33847234,0.99324983,0.98066512,0.00467499,0.0,0.00675017
2025-12-11 21:00:00+00:00,3643.1888655,25.19858178,0.99307479,0.97944942,0.00608473,0.0,0.00692521
2025-12-11 22:00:00+00:00,3560.351399,24.54145982,0.99298589,0.97911821,0.00753037,0.0,0.00693362
2025-12-11 23:00:00+00:00,3486.506571,24.9982208,0.99293132,0.97579084,0.00960046,0.0,0.00706868
2025-12-12 00:00:00+00:00,3438.405689,24.69847527,0.99288351,0.97593072,0.00989044,0.0,0.00711628
2025-12-12 01:00:00+00:00,3395.356966,24.54905783,0.99291644,0.97634104,0.00968515,0.0,0.00708215
2025-12-12 02:00:00+00:00,3376.67336425,24.87968891,0.9928612,0.97586933,0.00931079,0.0,0.0071388
2025-12-12 03:00:00+00:00,3363.4274585,24.42552005,0.99317798,0.97693333,0.00938229,0.0,0.00680204
2025-12-12 04:00:00+00:00,3411.66111575,24.41570707,0.99341459,0.97810311,0.00896136,0.0,0.00651641
2025-12-12 05:00:00+00:00,3551.01912525,24.60276156,0.99353323,0.97853641,0.00835635,0.0,0.0064168
2025-12-12 06:00:00+00:00,3705.944798,24.86391323,0.99312274,0.97733865,0.00904827,0.0,0.00683359
2025-12-12 07:00:00+00:00,3802.979481,24.87456685,0.99313285,0.9775376,0.00901211,0.0,0.00681425
2025-12-12 08:00:00+00:00,3816.53041725,24.97354475,0.9931248,0.97718974,0.00892267,0.0,0.00687351
2025-12-12 09:00:00+00:00,3779.36700625,24.73939565,0.99320949,0.97755766,0.00897572,0.0,0.00677886
2025-12-12 10:00:00+00:00,3773.76711,24.2531625,0.99362517,0.97882306,0.00884142,0.0,0.00637385
2025-12-12 11:00:00+00:00,3746.629513,24.25232471,0.9936559,0.97904041,0.00855573,0.0,0.0063441
2025-12-12 12:00:00+00:00,3728.2111495,23.62781613,0.99410929,0.98025248,0.00842205,0.0,0.00589071
2025-12-12 13:00:00+00:00,3781.12789375,23.03316838,0.99400994,0.98134436,0.0078923,0.0,0.00599006
2025-12-12 14:00:00+00:00,3820.1655445,23.39340875,0.99388544,0.98130042,0.00730432,0.0,0.00611456
2025-12-12 15:00:00+00:00,3843.218863,23.13904161,0.99392895,0.98087125,0.0083596,0.0,0.00606191
2025-12-12 16:00:00+00:00,3799.78168,22.62569717,0.99408449,0.98195264,0.0085187,0.0,0.00589108
2025-12-12 17:00:00+00:00,3752.66270425,22.38758569,0.99413649,0.98503625,0.00609954,0.0,0.00584025
2025-12-12 18:00:00+00:00,3708.53845775,23.11476696,0.99403084,0.98382787,0.00588486,0.0,0.00596916
2025-12-12 19:00:00+00:00,3653.97809425,22.974904,0.99417927,0.98308486,0.00660525,0.0,0.00582073
2025-12-12 20:00:00+00:00,3597.17716125,22.74578553,0.99415168,0.9829959,0.00680508,0.0,0.00584829
2025-12-12 21:00:00+00:00,3553.57074325,23.12776399,0.99397553,0.98035833,0.00856553,0.0,0.00602447
2025-12-12 22:00:00+00:00,3455.11192375,23.59511976,0.99367229,0.97924823,0.00909775,0.0,0.00632771
2025-12-12 23:00:00+00:00,3415.36383425,23.96716783,0.99307294,0.9817745,0.00518184,0.0,0.006927
2025-12-13 00:00:00+00:00,3369.14501275,23.89510554,0.99304635,0.98202319,0.0049967,0.0,0.00695365
2025-12-13 01:00:00+00:00,3311.24705275,23.88803957,0.99310182,0.98154125,0.00500353,0.0,0.00689818
2025-12-13 02:00:00+00:00,3295.75622425,24.72650692,0.99278389,0.97994163,0.00493394,0.0,0.00721611
2025-12-13 03:00:00+00:00,3289.55583625,24.76855802,0.99305094,0.98043812,0.00488132,0.0,0.00694906
2025-12-13 04:00:00+00:00,3294.632588,24.87887232,0.99280283,0.97903878,0.00617579,0.0,0.00719717
2025-12-13 05:00:00+00:00,3319.48286375,25.46437151,0.99270979,0.97830776,0.00617408,0.0,0.00724493
2025-12-13 06:00:00+00:00,3409.22104,26.02761391,0.99276401,0.97803241,0.00617656,0.0,0.00695121
2025-12-13 07:00:00+00:00,3519.8280005,25.94844581,0.99267081,0.97470556,0.01003196,0.0,0.00715088
2025-12-13 08:00:00+00:00,3609.20729975,25.89112765,0.99291827,0.97509518,0.01029308,0.0,0.0069547
2025-12-13 09:00:00+00:00,3647.20826925,26.11065256,0.99283219,0.97437165,0.01034219,0.0,0.00711325
2025-12-13 10:00:00+00:00,3672.22241975,25.97699248,0.99297352,0.97491955,0.0102847,0.0,0.00701135
2025-12-13 11:00:00+00:00,3664.0695395,25.74829985,0.99305666,0.97541001,0.01018359,0.0,0.00694025
2025-12-13 12:00:00+00:00,3659.96784025,25.66209147,0.9929065,0.9757518,0.00973114,0.0,0.00708924
2025-12-13 13:00:00+00:00,3692.64940075,25.45854981,0.99321096,0.97638848,0.00976139,0.0,0.00678904
2025-12-13 14:00:00+00:00,3715.35507425,25.47436475,0.9933702,0.97681606,0.00944833,0.0,0.0066276
2025-12-13 15:00:00+00:00,3709.70927875,25.44747724,0.99351691,0.97703684,0.00934389,0.0,0.00648309
2025-12-13 16:00:00+00:00,3708.82845075,25.41548476,0.99348122,0.97622533,0.0098129,0.0,0.00651878
2025-12-13 17:00:00+00:00,3696.420309,24.93722575,0.99360311,0.9768028,0.00960873,0.0,0.00639688
2025-12-13 18:00:00+00:00,3672.80324025,24.2673526,0.99363143,0.97803292,0.00863952,0.0,0.00636131
2025-12-13 19:00:00+00:00,3653.048507,23.56637221,0.99360693,0.98272838,0.00415774,0.0,0.00637791
2025-12-13 20:00:00+00:00,3618.19855625,23.27533301,0.993477,0.98438147,0.00221365,0.0,0.00650171
2025-12-13 21:00:00+00:00,3588.937978,23.28706342,0.99322523,0.98332515,0.00225099,0.0,0.00670833
2025-12-13 22:00:00+00:00,3514.8801205,22.77694298,0.99275558,0.98337695,0.00230996,0.0,0.00697374
2025-12-13 23:00:00+00:00,3407.923763,21.91224364,0.99291863,0.98496146,0.00233686,0.0,0.00671764
2025-12-14 00:00:00+00:00,3295.6691725,21.43287573,0.99246572,0.98500235,0.00243125,0.0,0.00680662
2025-12-14 01:00:00+00:00,3214.67757,20.58825378,0.99180808,0.98491321,0.00262124,0.0,0.00695866
2025-12-14 02:00:00+00:00,3202.491051,20.42176171,0.99122159,0.98570186,0.00123758,0.0,0.00728539
2025-12-14 03:00:00+00:00,3202.33103625,20.47285089,0.99062854,0.98350109,0.00219558,0.0,0.00757037
2025-12-14 04:00:00+00:00,3205.369017,20.18996579,0.99080313,0.98437185,0.00181182,0.0,0.00749051
2025-12-14 05:00:00+00:00,3206.889495,19.43678633,0.99085812,0.98639825,0.00099814,0.0,0.00723457
2025-12-14 06:00:00+00:00,3245.67643125,19.05235989,0.99182215,0.98907577,0.00080527,0.0,0.00661732
2025-12-14 07:00:00+00:00,3269.26563625,19.80932878,0.991577,0.98841042,0.00053753,0.0,0.00668055
2025-12-14 08:00:00+00:00,3348.21619525,20.03823123,0.9914894,0.98814683,0.0005209,0.0,0.00673651
2025-12-14 09:00:00+00:00,3401.84327425,19.91724603,0.99166823,0.9883401,0.00050271,0.0,0.00658332
2025-12-14 10:00:00+00:00,3454.390398,19.64957963,0.99198174,0.98874411,0.0004875,0.0,0.00648058
2025-12-14 11:00:00+00:00,3509.41591775,19.79228747,0.99182743,0.98852223,0.00048639,0.0,0.00653589
2025-12-14 12:00:00+00:00,3510.735982,20.20717251,0.99197157,0.98830141,0.00047303,0.0,0.00653336
2025-12-14 13:00:00+00:00,3512.68422775,20.75337401,0.9915919,0.98709942,0.00047875,0.0,0.00680997
2025-12-14 14:00:00+00:00,3556.7835105,21.77155418,0.99149377,0.98560479,0.00049073,0.0,0.00707818
2025-12-14 15:00:00+00:00,3565.55034075,22.84985264,0.99139914,0.98443935,0.00048297,0.0,0.00727231
2025-12-14 16:00:00+00:00,3567.79695225,22.98468341,0.99168907,0.98443499,0.00096513,0.0,0.00717804
2025-12-14 17:00:00+00:00,3549.31714275,23.23899575,0.99216182,0.98387059,0.00249019,0.0,0.00680424
2025-12-14 18:00:00+00:00,3529.510747,23.51317565,0.99143116,0.98321138,0.00245628,0.0,0.00698133
2025-12-14 19:00:00+00:00,3533.3722135,23.83644669,0.99065173,0.9836728,0.00079552,0.0,0.00715835
2025-12-14 20:00:00+00:00,3511.59570625,23.89854936,0.99016824,0.98158023,0.00227376,0.0,0.00726612
2025-12-14 21:00:00+00:00,3464.263112,22.4700861,0.99065943,0.98478447,0.00064799,0.0,0.00705518
2025-12-14 22:00:00+00:00,3373.8940795,20.57864323,0.99083657,0.98720725,0.0,0.0,0.00698552
2025-12-14 23:00:00+00:00,3287.4674835,19.56374215,0.99139999,0.98938144,0.0,0.0,0.00669525
2025-12-15 00:00:00+00:00,3215.078384,19.51136467,0.99136316,0.98886888,0.0,0.0,0.00691476
2025-12-15 01:00:00+00:00,3143.05787825,19.19306724,0.99160543,0.99007847,0.0,0.0,0.00686771
2025-12-15 02:00:00+00:00,3095.31309425,19.68370251,0.99127748,0.98951034,0.0,0.0,0.0071299
2025-12-15 03:00:00+00:00,3063.22590125,19.69125653,0.99099867,0.98913677,0.0,0.0,0.00716267
2025-12-15 04:00:00+00:00,3132.98509325,20.03453333,0.99134452,0.98848372,0.0,0.0,0.00694738
2025-12-15 05:00:00+00:00,3285.54297375,21.13964455,0.99126005,0.98699637,0.0,0.0,0.00717138
2025-12-15 06:00:00+00:00,3497.45713625,21.75050492,0.99213156,0.98748551,0.0,0.0,0.00700094
2025-12-15 07:00:00+00:00,3609.184503,21.91959399,0.99214788,0.98604549,0.0,0.0,0.00720496
2025-12-15 08:00:00+00:00,3624.05391475,22.59052161,0.99180984,0.98499698,0.0,0.0,0.00727942
2025-12-15 09:00:00+00:00,3592.55780275,22.51609818,0.99176671,0.98476734,0.0,0.0,0.00738926
2025-12-15 10:00:00+00:00,3579.13361,22.3253627,0.99178587,0.98493909,0.0,0.0,0.00752965
2025-12-15 11:00:00+00:00,3572.23972125,21.73595456,0.99120268,0.98573936,0.0,0.0,0.00791788
2025-12-15 12:00:00+00:00,3586.135962,21.51724828,0.99147405,0.98700892,0.0,0.0,0.00783046
2025-12-15 13:00:00+00:00,3586.747214,22.45638036,0.99177153,0.98595688,0.0,0.0,0.00755047
2025-12-15 14:00:00+00:00,3658.7552115,23.44161155,0.99185381,0.98517266,0.0,0.0,0.00765351
2025-12-15 15:00:00+00:00,3717.99651675,24.2631261,0.99170089,0.9845969,0.0,0.0,0.00792048
2025-12-15 16:00:00+00:00,3704.06609225,24.7014554,0.99232187,0.98539922,0.0,0.0,0.0076622
2025-12-15 17:00:00+00:00,3700.7425185,25.34428292,0.99206622,0.98437756,0.0,0.0,0.00792667
2025-12-15 18:00:00+00:00,3685.2573395,25.88978104,0.99201846,0.98385831,0.0,0.0,0.00797388
2025-12-15 19:00:00+00:00,3658.934299,26.13425795,0.99209711,0.9822143,0.00122978,0.0,0.0078969
2025-12-15 20:00:00+00:00,3608.75664775,26.65622316,0.99152481,0.97960866,0.00270061,0.0,0.00835659
2025-12-15 21:00:00+00:00,3530.2916835,26.78086076,0.9913151,0.97993299,0.00198873,0.0,0.00824869
2025-12-15 22:00:00+00:00,3472.70892125,26.76611664,0.99102253,0.9800556,0.00118813,0.0,0.00823643
2025-12-15 23:00:00+00:00,3362.8778955,27.0221314,0.98999348,0.97880531,0.00103788,0.0,0.00839963
2025-12-16 00:00:00+00:00,3305.02435575,27.30868448,0.9894985,0.97745379,0.00184122,0.0,0.0087307
2025-12-16 01:00:00+00:00,3289.492121,27.33785944,0.98993308,0.9777841,0.00229654,0.0,0.00849176
2025-12-16 02:00:00+00:00,3268.433385,27.40793085,0.99047618,0.97808256,0.0023341,0.0,0.00776555
2025-12-16 03:00:00+00:00,3255.71229575,27.24621554,0.99038238,0.97898667,0.00163387,0.0,0.00783463
2025-12-16 04:00:00+00:00,3302.150827,26.49250432,0.99094376,0.98002165,0.00286169,0.0,0.00776476
2025-12-16 05:00:00+00:00,3460.53661325,26.2891239,0.99158283,0.97444484,0.00977561,0.0,0.00763201
2025-12-16 06:00:00+00:00,3685.80947675,25.5580735,0.99253858,0.97625248,0.01074306,0.0,0.00698136
2025-12-16 07:00:00+00:00,3771.70791175,25.9546105,0.99267248,0.97578194,0.01029029,0.0,0.00708179
2025-12-16 08:00:00+00:00,3807.52217775,26.54556755,0.99314622,0.97551302,0.00952983,0.0,0.00683959
2025-12-16 09:00:00+00:00,3785.2484095,26.13145657,0.99263512,0.97544478,0.01010666,0.0,0.00717042
2025-12-16 10:00:00+00:00,3798.134419,25.86851046,0.99296625,0.97632861,0.00998093,0.0,0.00697574
2025-12-16 11:00:00+00:00,3791.909383,25.77889616,0.99289829,0.97644323,0.00993151,0.0,0.00685388
2025-12-16 12:00:00+00:00,3810.2649225,25.77376781,0.99261505,0.97585469,0.0098808,0.0,0.00701448
2025-12-16 13:00:00+00:00,3876.49548425,25.60825621,0.99301402,0.97681601,0.00965629,0.0,0.0066898
2025-12-16 14:00:00+00:00,3939.8301945,25.47279493,0.9932488,0.97743062,0.00967885,0.0,0.00645868
2025-12-16 15:00:00+00:00,3958.665815,25.38081663,0.99315672,0.97732083,0.00955264,0.0,0.00648997
2025-12-16 16:00:00+00:00,3921.44492025,25.42641806,0.99298299,0.9770894,0.00941955,0.0,0.00672441
2025-12-16 17:00:00+00:00,3894.55696725,25.34331732,0.99288555,0.97725996,0.00938241,6.86e-06,0.00662225
2025-12-16 18:00:00+00:00,3859.35617575,25.73745334,0.99270965,0.97604371,0.0094677,0.0,0.00697338
2025-12-16 19:00:00+00:00,3829.96100075,25.76033519,0.99219022,0.97539395,0.00934488,0.0,0.00725433
2025-12-16 20:00:00+00:00,3805.36796975,25.61248914,0.99242507,0.97569835,0.00957924,0.0,0.00707876
2025-12-16 21:00:00+00:00,3734.6777495,26.16753863,0.99190778,0.97409019,0.00957419,0.0,0.00743247
2025-12-16 22:00:00+00:00,3653.2665975,26.66920075,0.99168434,0.98070123,0.00182639,0.0,0.00770473
2025-12-16 23:00:00+00:00,3578.56575025,27.6111059,0.99089196,0.97768337,0.00222938,0.0,0.00819796
2025-12-17 00:00:00+00:00,3514.6520925,27.64238434,0.99043141,0.97713359,0.00230888,0.0,0.0083326
2025-12-17 01:00:00+00:00,3493.02046025,27.62103741,0.99043075,0.97680725,0.00226722,0.0,0.008389
2025-12-17 02:00:00+00:00,3459.554641,27.61689796,0.9898898,0.97604157,0.00230995,0.0,0.00873102
2025-12-17 03:00:00+00:00,3445.12176,27.36936622,0.99013557,0.97675135,0.00232966,0.0,0.0086273
2025-12-17 04:00:00+00:00,3493.313158,27.28273315,0.99095247,0.97587036,0.00470163,0.0,0.00811448
2025-12-17 05:00:00+00:00,3659.162556,27.05882408,0.9916185,0.9733452,0.00884684,0.0,0.00755076
2025-12-17 06:00:00+00:00,3855.1020355,26.36990748,0.9926221,0.97622773,0.00824314,0.0,0.00685475
2025-12-17 07:00:00+00:00,3906.7653525,26.3978591,0.99231619,0.97360889,0.00986655,4.56e-06,0.00763628
2025-12-17 08:00:00+00:00,3897.921254,26.26731055,0.99240525,0.9737006,0.00992846,0.0,0.00759315
2025-12-17 09:00:00+00:00,3910.2864925,26.07765786,0.99239087,0.97386117,0.0098704,0.0,0.00737435
2025-12-17 10:00:00+00:00,3901.8813185,24.83201611,0.99288405,0.97667197,0.00965921,4.93e-06,0.00708544
2025-12-17 11:00:00+00:00,3878.7135955,24.56571043,0.99254054,0.97678795,0.00994378,2.923e-05,0.00738482
2025-12-17 12:00:00+00:00,3891.240856,24.75974721,0.9923316,0.97688242,0.00973899,1.325e-05,0.0074621
2025-12-17 13:00:00+00:00,3918.20335025,24.63793946,0.99239513,0.97707615,0.00979392,1.065e-05,0.00733121
2025-12-17 14:00:00+00:00,3968.3509455,24.6363878,0.99249819,0.97712893,0.00980074,3.97e-06,0.00704173
2025-12-17 15:00:00+00:00,4025.132726,23.77270452,0.99281297,0.97826897,0.00953198,1e-05,0.00664857
2025-12-17 16:00:00+00:00,3984.4444535,23.04492418,0.99307038,0.97883106,0.00944705,1.2e-07,0.00672518
2025-12-17 17:00:00+00:00,3972.25757125,22.35644808,0.99296922,0.97931887,0.00948306,2.543e-05,0.00661754
2025-12-17 18:00:00+00:00,3950.88180375,21.91875551,0.9936089,0.98080246,0.00931077,1.7e-07,0.00629049
2025-12-17 19:00:00+00:00,3933.667789,21.82782185,0.99351494,0.98083172,0.0091133,0.0,0.00624169
2025-12-17 20:00:00+00:00,3885.8484375,21.60510974,0.99343526,0.9812482,0.00884782,0.0,0.00626442
2025-12-17 21:00:00+00:00,3805.95685375,21.79418078,0.99305664,0.98048892,0.00897326,0.0,0.00654401
2025-12-17 22:00:00+00:00,3710.1261855,22.00332482,0.99222179,0.98450909,0.00327206,3.84e-06,0.00681059
2025-12-17 23:00:00+00:00,3584.84418925,20.0319515,0.98941726,0.98510198,0.00081158,7.647e-05,0.00719838
2025-12-18 00:00:00+00:00,3498.286051,19.81914606,0.98898534,0.98534664,0.0,6.667e-05,0.00738659
2025-12-18 01:00:00+00:00,3444.27224225,19.30103926,0.98957185,0.98698536,0.0,4.253e-05,0.00694705
2025-12-18 02:00:00+00:00,3403.4222125,19.18067554,0.98910258,0.98662697,0.0,4.029e-05,0.0069842
2025-12-18 03:00:00+00:00,3350.35352425,18.49801732,0.98947587,0.98779386,0.0,2.503e-05,0.00691198
2025-12-18 04:00:00+00:00,3392.8245435,17.81124495,0.99008135,0.9893828,0.0,9.44e-06,0.0065229
2025-12-18 05:00:00+00:00,3542.96671075,18.49550329,0.99010813,0.98843686,0.0,2.758e-05,0.00653494
2025-12-18 06:00:00+00:00,3734.73580375,18.99299577,0.99049138,0.98776893,0.0,4.397e-05,0.00679966
2025-12-18 07:00:00+00:00,3808.82267225,19.75824725,0.99018992,0.98627646,1e-08,6.381e-05,0.00724836
2025-12-18 08:00:00+00:00,3805.740104,20.64910692,0.99025715,0.98589638,0.0,4.254e-05,0.00715762
2025-12-18 09:00:00+00:00,3751.4666505,20.59390101,0.99017736,0.98687335,0.0,0.0,0.00695402
2025-12-18 10:00:00+00:00,3780.22157325,21.0641723,0.99039071,0.98688129,0.0,0.0,0.00685295
2025-12-18 11:00:00+00:00,3781.7742875,21.68227056,0.99002762,0.98536597,0.0,0.0,0.00710685
2025-12-18 12:00:00+00:00,3754.40747,21.80656136,0.98939869,0.98418523,0.0,0.0,0.00755042
2025-12-18 13:00:00+00:00,3760.88404925,21.49300239,0.9895428,0.98502999,0.0,0.0,0.0074162
2025-12-18 14:00:00+00:00,3778.32835825,21.16740754,0.98999858,0.98570796,0.0,0.0,0.00734358
2025-12-18 15:00:00+00:00,3777.638551,20.20546809,0.99012156,0.9865421,0.0,0.0,0.00726059
2025-12-18 16:00:00+00:00,3739.91343175,18.52167478,0.99121282,0.98924983,0.0,0.0,0.00692565
2025-12-18 17:00:00+00:00,3711.81307875,18.86418993,0.99073565,0.98725017,0.0,0.00033626,0.00709286
2025-12-18 18:00:00+00:00,3710.7386715,19.71612299,0.99052125,0.98545584,3e-08,0.00085548,0.00710446
2025-12-18 19:00:00+00:00,3745.60897475,20.78087054,0.98982052,0.98307394,1e-08,0.00136038,0.00721809
2025-12-18 20:00:00+00:00,3721.58002825,20.49019814,0.98984948,0.98489485,0.0,9.866e-05,0.00712239
2025-12-18 21:00:00+00:00,3677.44798375,21.35532966,0.9895685,0.98451186,0.0,0.0,0.00694332
2025-12-18 22:00:00+00:00,3604.0463535,22.53673813,0.98779298,0.98114613,0.0,0.0,0.00803976
2025-12-18 23:00:00+00:00,3519.781685,22.73655105,0.98612838,0.97987884,0.0,0.0,0.00845171
2025-12-19 00:00:00+00:00,3441.368273,22.66337018,0.98572329,0.9792326,0.0,0.0,0.00867123
2025-12-19 01:00:00+00:00,3406.694945,21.85623833,0.98550737,0.97981564,0.0,0.0,0.00848602
2025-12-19 02:00:00+00:00,3394.87753075,20.68324413,0.98631133,0.98176226,0.0,0.0,0.00803315
2025-12-19 03:00:00+00:00,3375.54884425,19.43617707,0.98709221,0.98406471,0.0,0.0,0.00745608
2025-12-19 04:00:00+00:00,3448.4609785,19.05893489,0.98829806,0.98557624,0.0,0.0,0.00702071
2025-12-19 05:00:00+00:00,3579.8137705,19.36574612,0.99003963,0.9868972,0.0,5.483e-05,0.00658831
2025-12-19 06:00:00+00:00,3739.94428025,20.1075441,0.99117707,0.98707954,0.0,9.445e-05,0.00656581
2025-12-19 07:00:00+00:00,3784.73299875,20.10957871,0.99133323,0.98753468,0.0,9.307e-05,0.00649229
2025-12-19 08:00:00+00:00,3781.750605,19.99746327,0.9914981,0.98821873,1.7e-07,9.565e-05,0.00652478
2025-12-19 09:00:00+00:00,3765.06797525,19.95298371,0.99162322,0.98851081,1.7e-07,9.691e-05,0.00626499
2025-12-19 10:00:00+00:00,3745.71963675,19.91218003,0.99192125,0.98857361,1.7e-07,0.00011745,0.00623535
2025-12-19 11:00:00+00:00,3728.7719335,20.02927715,0.99144627,0.98760262,1.8e-07,0.00013531,0.00645808
2025-12-19 12:00:00+00:00,3719.891874,20.99998722,0.99094617,0.98647331,0.0,0.00015116,0.00670968
2025-12-19 13:00:00+00:00,3747.943798,21.33718322,0.99118985,0.98658481,0.0,0.00015146,0.00671368
2025-12-19 14:00:00+00:00,3792.943612,21.4760282,0.99093148,0.9858437,0.0,0.0002109,0.00681188
2025-12-19 15:00:00+00:00,3758.97270375,21.62494698,0.99057277,0.98515073,0.0,0.00035172,0.00696633
2025-12-19 16:00:00+00:00,3709.34681,21.09048933,0.99053577,0.985213,0.0,0.0005484,0.00705562
2025-12-19 17:00:00+00:00,3682.04224325,21.01455377,0.9907557,0.98506388,0.0,0.00074556,0.00698033
2025-12-19 18:00:00+00:00,3634.4177555,21.18865912,0.99078504,0.98438659,0.0,0.00044983,0.00696704
2025-12-19 19:00:00+00:00,3565.132524,20.82531034,0.99074225,0.98492781,0.0,0.00032805,0.00691138
2025-12-19 20:00:00+00:00,3508.7811295,20.76378699,0.99044537,0.98473508,0.0,0.00013497,0.00703071
2025-12-19 21:00:00+00:00,3456.40355125,20.30833801,0.99024764,0.9850622,0.0,0.00011607,0.00702879
2025-12-19 22:00:00+00:00,3359.2943975,20.13643802,0.98975927,0.98486123,0.0,0.0001331,0.00720292
2025-12-19 23:00:00+00:00,3347.642568,21.22554163,0.98967386,0.98220975,0.0,0.0012203,0.00760018
2025-12-20 00:00:00+00:00,3321.527065,21.01688487,0.98958325,0.98217052,0.0,0.00138069,0.00754311
2025-12-20 01:00:00+00:00,3280.9474535,21.05941072,0.9897986,0.98239187,0.0,0.00152595,0.00758446
2025-12-20 02:00:00+00:00,3265.221041,20.72903481,0.98995351,0.98305646,0.0,0.00148759,0.00731985
2025-12-20 03:00:00+00:00,3258.42155075,21.09078928,0.98968105,0.98241358,0.0,0.00163815,0.00749813
2025-12-20 04:00:00+00:00,3271.13044825,21.04816074,0.99006188,0.98310752,0.0,0.00139766,0.00736527
2025-12-20 05:00:00+00:00,3314.099854,20.96481434,0.99025464,0.98375589,0.0,0.00112886,0.00722913
2025-12-20 06:00:00+00:00,3379.6289045,21.21254994,0.99054696,0.98407288,0.0,0.0007985,0.00727117
2025-12-20 07:00:00+00:00,3473.97723,22.23758252,0.99039615,0.98233541,0.0,0.00105745,0.00732036
2025-12-20 08:00:00+00:00,3570.8570355,22.43371553,0.99082612,0.98315772,0.0,0.00087141,0.00720118
2025-12-20 09:00:00+00:00,3602.840595,22.00196669,0.99123525,0.98464184,0.0,0.00055173,0.00691856
2025-12-20 10:00:00+00:00,3616.3145835,21.98372239,0.99112158,0.98464178,0.0,0.00046672,0.00708167
2025-12-20 11:00:00+00:00,3643.35141375,21.55999858,0.99141877,0.98592332,0.0,0.00013002,0.00687947
2025-12-20 12:00:00+00:00,3644.25673525,21.36738029,0.99145266,0.98620209,0.0,0.00010766,0.00683314
2025-12-20 13:00:00+00:00,3652.45471675,21.1185741,0.99130703,0.98653633,0.0,9.729e-05,0.00686379
2025-12-20 14:00:00+00:00,3688.15319225,20.77862406,0.99141484,0.9849622,0.00257985,0.00011201,0.00674815
2025-12-20 15:00:00+00:00,3680.029245,21.00778062,0.99157075,0.9841163,0.00369167,0.00011445,0.00670327
2025-12-20 16:00:00+00:00,3677.68163725,21.25754629,0.99120112,0.98372096,0.00331151,0.00012254,0.00695
2025-12-20 17:00:00+00:00,3661.87013125,21.26555595,0.99103066,0.98362798,0.00340076,0.00010881,0.00702479
2025-12-20 18:00:00+00:00,3621.81255575,20.94949319,0.99086411,0.9834948,0.00401312,8.503e-05,0.0070654
2025-12-20 19:00:00+00:00,3591.2067325,21.32147918,0.99084843,0.98314788,0.00392532,8.912e-05,0.00707316
2025-12-20 20:00:00+00:00,3558.71452625,21.20859587,0.99042954,0.98290987,0.0030783,0.00010318,0.00739144
2025-12-20 21:00:00+00:00,3518.59170825,21.05770804,0.99024306,0.98219616,0.00369842,9.933e-05,0.00755849
2025-12-20 22:00:00+00:00,3468.42134175,21.10611596,0.99004806,0.98222732,0.00320803,0.00011236,0.00774762
2025-12-20 23:00:00+00:00,3414.09466425,21.10399412,0.99066031,0.98375209,0.0034989,9.984e-05,0.00720712
2025-12-21 00:00:00+00:00,3349.15623575,21.66021169,0.99006923,0.98184695,0.00417139,0.00010379,0.00760317
2025-12-21 01:00:00+00:00,3314.3853505,22.53292716,0.98960911,0.98018883,0.0041232,0.00011759,0.00798812
2025-12-21 02:00:00+00:00,3299.98118975,23.63980504,0.98907845,0.97814991,0.00412211,0.00024599,0.00840047
2025-12-21 03:00:00+00:00,3301.0154965,24.38751075,0.98888145,0.97828689,0.00304635,0.00044234,0.00859032
2025-12-21 04:00:00+00:00,3316.8522155,24.64523907,0.98902747,0.97858212,0.002927,2.867e-05,0.0084074
2025-12-21 05:00:00+00:00,3328.5147215,24.77666247,0.98853734,0.97785106,0.0030963,0.0,0.00883668
2025-12-21 06:00:00+00:00,3394.557389,25.06205449,0.98822237,0.97813115,0.00224307,0.0,0.00916223
2025-12-21 07:00:00+00:00,3485.68908775,25.51782085,0.98781339,0.97894564,0.0,0.0,0.0094385
2025-12-21 08:00:00+00:00,3572.27518475,25.56971785,0.98717918,0.97781299,0.00054836,0.0,0.00983725
2025-12-21 09:00:00+00:00,3623.1126845,25.61235685,0.9874871,0.97640816,0.00271742,0.0,0.00973703
2025-12-21 10:00:00+00:00,3645.369425,25.66606097,0.98790186,0.97209249,0.00764924,3.414e-05,0.00955387
2025-12-21 11:00:00+00:00,3675.18103125,25.64010504,0.98802972,0.97242722,0.00770731,3.036e-05,0.00945375
2025-12-21 12:00:00+00:00,3719.4621075,25.70182202,0.98839792,0.97293039,0.00737925,6.627e-05,0.00927136
2025-12-21 13:00:00+00:00,3766.824961,25.53442853,0.9887368,0.97378571,0.00726813,9.794e-05,0.00907942
2025-12-21 14:00:00+00:00,3804.335243,25.61714916,0.98936924,0.97490864,0.0072744,9.259e-05,0.0089138
2025-12-21 15:00:00+00:00,3829.6734705,25.70663572,0.98972702,0.97498256,0.00799198,7.579e-05,0.00872938
2025-12-21 16:00:00+00:00,3830.540406,26.221726,0.98965315,0.97474788,0.00740004,5.66e-05,0.00905538
2025-12-21 17:00:00+00:00,3805.07985525,26.11048724,0.98933316,0.97466997,0.00724201,6.979e-05,0.00922084
2025-12-21 18:00:00+00:00,3822.19485925,26.2738535,0.98972274,0.97499365,0.00705044,6.879e-05,0.00883549
2025-12-21 19:00:00+00:00,3837.5657715,26.40833235,0.98968389,0.97491185,0.00662449,9.081e-05,0.0087015
2025-12-21 20:00:00+00:00,3819.583309,26.42863603,0.99006287,0.97570949,0.00637006,6.544e-05,0.00839619
2025-12-21 21:00:00+00:00,3803.62764925,26.1709846,0.98995635,0.97656353,0.00587325,7.06e-05,0.00844661
2025-12-21 22:00:00+00:00,3735.614701,26.06861691,0.99063673,0.97776108,0.00562182,8.785e-05,0.00776047
2025-12-21 23:00:00+00:00,3614.76982575,26.34382762,0.99000328,0.97677999,0.00551292,9.992e-05,0.00820966
2025-12-22 00:00:00+00:00,3564.15099,26.27790227,0.99080365,0.97864672,0.0051147,7.366e-05,0.00774362
2025-12-22 01:00:00+00:00,3535.03165375,26.71411088,0.99016085,0.97672779,0.00579504,3.622e-05,0.008237
2025-12-22 02:00:00+00:00,3527.8244115,26.7924139,0.99041636,0.97677098,0.0060526,2.266e-05,0.00816295
2025-12-22 03:00:00+00:00,3543.2368325,26.87981857,0.99044372,0.97665229,0.0061051,2.596e-05,0.00832285
2025-12-22 04:00:00+00:00,3621.27819975,27.21403562,0.99060931,0.97633736,0.00600365,1.539e-05,0.0084334
2025-12-22 05:00:00+00:00,3779.32031375,27.17487364,0.99099638,0.97428923,0.00858751,1.92e-05,0.00831716
2025-12-22 06:00:00+00:00,3921.174666,26.68687947,0.99163363,0.97460336,0.00995772,0.0,0.00805741
2025-12-22 07:00:00+00:00,4051.50740875,26.59727936,0.99214767,0.97511902,0.01020141,0.0,0.00778196
2025-12-22 08:00:00+00:00,4030.6072425,26.47535155,0.99209587,0.9752959,0.01020879,0.0,0.00789082
2025-12-22 09:00:00+00:00,4046.35219925,26.24822559,0.99240325,0.97554892,0.01032452,0.0,0.00751925
2025-12-22 10:00:00+00:00,4118.4387795,25.39085877,0.99277916,0.9769603,0.00990132,0.0,0.00721106
2025-12-22 11:00:00+00:00,4090.286878,24.78304382,0.99320632,0.9789323,0.00895149,0.0,0.00678476
2025-12-22 12:00:00+00:00,4104.73637125,24.6585849,0.99314125,0.9789231,0.00903728,0.0,0.00678582
2025-12-22 13:00:00+00:00,4141.0876765,24.54678492,0.99357576,0.97919054,0.00936959,0.0,0.00638589
2025-12-22 14:00:00+00:00,4178.5270565,24.40068383,0.99341553,0.97881767,0.00956518,0.0,0.00656768
2025-12-22 15:00:00+00:00,4205.4757315,23.76926928,0.99369088,0.97983098,0.00926957,0.0,0.00627398
2025-12-22 16:00:00+00:00,4188.33385325,23.22277498,0.99385674,0.98047015,0.00931399,0.0,0.00613863
2025-12-22 17:00:00+00:00,4149.89552425,23.15551723,0.99379638,0.98288906,0.00686683,0.0,0.00616162
2025-12-22 18:00:00+00:00,4138.64578775,23.26801176,0.99383871,0.98287827,0.00669296,0.0,0.00608517
2025-12-22 19:00:00+00:00,4103.160528,23.50328351,0.99376804,0.98236113,0.00672486,0.0,0.00611246
2025-12-22 20:00:00+00:00,4058.83834125,23.53438759,0.99348576,0.9817906,0.00694671,0.0,0.00637644
2025-12-22 21:00:00+00:00,4010.71996475,23.65823276,0.99299652,0.98080691,0.00711107,0.0,0.00663058
2025-12-22 22:00:00+00:00,3946.1677885,23.86910239,0.99293291,0.97883329,0.00867237,0.0,0.00669011
2025-12-22 23:00:00+00:00,3868.04320425,23.75088457,0.99300681,0.98160478,0.00602252,0.0,0.00691815
2025-12-23 00:00:00+00:00,3777.855826,23.795648,0.99237212,0.98093986,0.00600489,0.0,0.00722806
2025-12-23 01:00:00+00:00,3735.279545,24.10200577,0.99242219,0.98063416,0.0060988,0.0,0.00725804
2025-12-23 02:00:00+00:00,3658.597104,24.0445876,0.99204463,0.98047441,0.00611062,0.0,0.00743497
2025-12-23 03:00:00+00:00,3613.2439585,24.24331677,0.99172272,0.97962817,0.00632651,0.0,0.00757045
2025-12-23 04:00:00+00:00,3637.812291,24.68360407,0.99177608,0.979228,0.00617998,0.0,0.00753887
2025-12-23 05:00:00+00:00,3739.896303,25.03044922,0.99143316,0.97887569,0.00593536,0.0,0.00746538
2025-12-23 06:00:00+00:00,3879.6656485,25.23420216,0.99232532,0.97714841,0.0087679,0.0,0.00740379
2025-12-23 07:00:00+00:00,3945.73002725,25.3998569,0.99259426,0.97675569,0.00956229,0.0,0.00733239
2025-12-23 08:00:00+00:00,3997.7808055,25.59422336,0.99257315,0.97614475,0.01038095,0.0,0.00741103
2025-12-23 09:00:00+00:00,4053.12481,26.02029499,0.99241584,0.9753474,0.0104233,0.0,0.0075446
2025-12-23 10:00:00+00:00,4096.45451375,26.41029874,0.9920085,0.97618728,0.00861249,0.0,0.00748074
2025-12-23 11:00:00+00:00,4065.2535245,26.39838238,0.99177735,0.97546289,0.00923973,0.0,0.00764957
2025-12-23 12:00:00+00:00,4052.150892,26.52232309,0.9917203,0.97605867,0.00846574,0.0,0.00753625
2025-12-23 13:00:00+00:00,4068.94083,26.58675028,0.99188987,0.97423025,0.0103439,0.0,0.00761882
2025-12-23 14:00:00+00:00,4085.604281,26.44795721,0.99216346,0.97579508,0.00933765,0.0,0.00777465
2025-12-23 15:00:00+00:00,4062.6907845,26.38515093,0.99189306,0.97566658,0.00927199,0.0,0.00780705
2025-12-23 16:00:00+00:00,4043.42334325,26.19729922,0.99181645,0.97694768,0.00786708,0.0,0.00787285
2025-12-23 17:00:00+00:00,3995.332287,25.86034455,0.99189284,0.97904983,0.00622756,0.0,0.00791535
2025-12-23 18:00:00+00:00,3970.95948675,25.8916229,0.99134453,0.97818233,0.00613679,0.0,0.00787197
2025-12-23 19:00:00+00:00,3908.98577525,25.75215939,0.99120382,0.97830985,0.00575886,0.0,0.00779808
2025-12-23 20:00:00+00:00,3847.48663325,25.42841347,0.99077672,0.97876733,0.00510748,0.0,0.0075758
2025-12-23 21:00:00+00:00,3808.586283,25.21627842,0.99065238,0.97852667,0.00510442,0.0,0.00761461
2025-12-23 22:00:00+00:00,3756.68868825,24.62352773,0.99056961,0.98047685,0.00351565,0.0,0.00742316
2025-12-23 23:00:00+00:00,3688.51180675,23.75643372,0.99136216,0.98072131,0.00469003,0.0,0.00739626
2025-12-24 00:00:00+00:00,3616.04364825,23.03743941,0.99150777,0.98040886,0.00532122,0.0,0.00719772
2025-12-24 01:00:00+00:00,3574.79509125,22.74304886,0.99128787,0.97987659,0.00515773,0.0,0.00719096
2025-12-24 02:00:00+00:00,3548.438379,22.24026726,0.99178223,0.98114306,0.0049692,0.0,0.00678065
2025-12-24 03:00:00+00:00,3538.95337775,21.8104836,0.99185257,0.98148613,0.00490727,0.0,0.006691
2025-12-24 04:00:00+00:00,3532.73775225,21.5182067,0.99163943,0.98146358,0.00505163,0.0,0.00692331
2025-12-24 05:00:00+00:00,3580.34883625,21.62047938,0.99153524,0.98157362,0.00485659,0.0,0.00685229
2025-12-24 06:00:00+00:00,3656.99145525,21.66863534,0.99169873,0.98349366,0.00329216,0.0,0.00701475
2025-12-24 07:00:00+00:00,3744.5925215,21.58368136,0.99213372,0.98371628,0.00341392,0.0,0.00701661
2025-12-24 08:00:00+00:00,3815.55883425,21.73128068,0.99235567,0.98392979,0.00355778,0.0,0.00688203
2025-12-24 09:00:00+00:00,3859.6743715,22.14088703,0.99184529,0.9834788,0.00306725,0.0,0.00685906
2025-12-24 10:00:00+00:00,3852.342555,21.63453352,0.99181817,0.98415116,0.00313469,0.0,0.00668411
2025-12-24 11:00:00+00:00,3834.8988345,21.24728101,0.99160725,0.98404371,0.0031523,0.0,0.00666169
2025-12-24 12:00:00+00:00,3849.12786875,21.54327221,0.99135752,0.98346374,0.00308201,0.0,0.00677503
2025-12-24 13:00:00+00:00,3858.07968925,21.54544958,0.99192984,0.9841748,0.00309502,0.0,0.00667933
2025-12-24 14:00:00+00:00,3896.26949625,21.52876891,0.99183575,0.98354515,0.00314728,0.0,0.00690104
2025-12-24 15:00:00+00:00,3877.8722575,21.7730532,0.99182638,0.98328022,0.00325256,0.0,0.0071447
2025-12-24 16:00:00+00:00,3701.10778,21.73514004,0.99172766,0.98302363,0.00336869,0.0,0.00734805
2025-12-24 17:00:00+00:00,3595.69708125,21.65637565,0.99136165,0.98224871,0.00336162,0.0,0.00747029
2025-12-24 18:00:00+00:00,3548.258942,21.74521275,0.9907607,0.98125207,0.0033194,4.633e-05,0.00753979
2025-12-24 19:00:00+00:00,3454.32025975,21.76511894,0.99079199,0.98136725,0.0033971,0.00010995,0.00760199
2025-12-24 20:00:00+00:00,3396.93131525,21.27664311,0.99090236,0.98042064,0.00507053,1.848e-05,0.00760489
2025-12-24 21:00:00+00:00,3382.6611085,21.32538422,0.990381,0.97996354,0.00432721,0.00024473,0.00789058
2025-12-24 22:00:00+00:00,3369.8613405,21.45772003,0.99088727,0.98017251,0.00496284,0.00019627,0.00762344
2025-12-24 23:00:00+00:00,3328.01598775,20.12508431,0.99068138,0.98477934,0.00069531,0.00056459,0.00761683
2025-12-25 00:00:00+00:00,3265.1333065,20.21382785,0.99064535,0.98461453,0.00059152,0.00074535,0.00764047
2025-12-25 01:00:00+00:00,3225.43692475,19.72754881,0.9911289,0.98690904,0.00057521,0.00041196,0.00716529
2025-12-25 02:00:00+00:00,3202.6680565,19.51209156,0.99130489,0.98828417,0.00060681,2.449e-05,0.00662442
2025-12-25 03:00:00+00:00,3189.2803475,19.49227423,0.99116281,0.98819955,0.00057455,7.047e-05,0.00660015
2025-12-25 04:00:00+00:00,3198.04226,19.5104203,0.99155694,0.98875026,0.00055304,5.401e-05,0.00660652
2025-12-25 05:00:00+00:00,3224.11546025,19.58224347,0.99058346,0.98739859,0.00057115,2.674e-05,0.00685657
2025-12-25 06:00:00+00:00,3268.49262325,19.68085467,0.99069666,0.98725545,0.00058824,3.173e-05,0.00686137
2025-12-25 07:00:00+00:00,3325.72569525,20.31268294,0.9906913,0.98599955,6.355e-05,0.00066475,0.00722172
2025-12-25 08:00:00+00:00,3388.863549,20.27537788,0.99082183,0.98644717,0.0,0.00044577,0.00713109
2025-12-25 09:00:00+00:00,3439.174715,20.52246865,0.99055901,0.98598234,0.0,0.00054102,0.00709136
2025-12-25 10:00:00+00:00,3471.038871,21.05648337,0.9901252,0.98469142,0.0,0.00076084,0.00718422
2025-12-25 11:00:00+00:00,3473.650613,20.95233609,0.99004294,0.98468002,0.0,0.00072675,0.0071992
2025-12-25 12:00:00+00:00,3480.21712675,20.87547152,0.99028242,0.98484067,0.0,0.000803,0.00722681
2025-12-25 13:00:00+00:00,3510.010756,21.14082045,0.99064515,0.98456526,0.0,0.00083273,0.00748863
2025-12-25 14:00:00+00:00,3530.0386445,21.7110318,0.9907127,0.98383264,0.0,0.00051405,0.00795029
2025-12-25 15:00:00+00:00,3546.02442175,21.88832082,0.99082547,0.98421092,0.0,0.00034928,0.00776244
2025-12-25 16:00:00+00:00,3506.133154,21.83071357,0.99106247,0.9843511,0.0,0.00036555,0.00749801
2025-12-25 17:00:00+00:00,3464.856905,21.77054599,0.9907254,0.98420293,0.0,0.00031965,0.00794185
2025-12-25 18:00:00+00:00,3433.4590915,21.81046408,0.99052147,0.98374126,0.0,0.00045181,0.00803532
2025-12-25 19:00:00+00:00,3386.28584975,21.73557678,0.99038876,0.98378032,0.0,0.00047915,0.00820548
2025-12-25 20:00:00+00:00,3355.473466,21.83150939,0.99048162,0.98427409,0.0,0.00052918,0.00791641
2025-12-25 21:00:00+00:00,3340.4730215,22.00263366,0.99054528,0.98451855,0.0,0.00059294,0.00791542
2025-12-25 22:00:00+00:00,3311.0877195,21.73734605,0.99071459,0.98497723,0.0,0.00056686,0.00784405
2025-12-25 23:00:00+00:00,3255.7356045,22.21236975,0.99008257,0.98319311,0.0,0.00046139,0.00824199
2025-12-26 00:00:00+00:00,3200.81643325,21.97883022,0.99059874,0.98399268,0.0,0.00031584,0.00826103
2025-12-26 01:00:00+00:00,3169.3897725,22.53888957,0.99023803,0.98298743,0.0,0.00027721,0.00847309
2025-12-26 02:00:00+00:00,3158.3240465,22.85159488,0.9897767,0.98194263,0.0,0.00030285,0.00863108
2025-12-26 03:00:00+00:00,3163.09353475,23.76634983,0.98921891,0.98079978,0.0,0.0004598,0.0087555
2025-12-26 04:00:00+00:00,3170.909109,24.16004245,0.98940379,0.98092693,0.0,0.00049112,0.00903114
2025-12-26 05:00:00+00:00,3210.17421275,24.31239736,0.98882372,0.9798738,0.0,0.00059568,0.00920787
2025-12-26 06:00:00+00:00,3299.23246925,24.42854511,0.98939799,0.98048427,0.0,0.00054905,0.00818734
2025-12-26 07:00:00+00:00,3358.13198475,24.23839574,0.98915427,0.98112814,0.0,0.00042078,0.00853781
2025-12-26 08:00:00+00:00,3431.49538025,24.14156309,0.98943057,0.98245631,0.0,0.00018846,0.00816201
2025-12-26 09:00:00+00:00,3470.1761135,23.82548191,0.98925619,0.9833607,0.0,0.0,0.00815385
2025-12-26 10:00:00+00:00,3518.082672,24.45876997,0.98935048,0.98191322,0.0,0.00036388,0.00839976
2025-12-26 11:00:00+00:00,3542.53051275,24.71570839,0.98903968,0.98124369,0.0,0.00046668,0.00874092
2025-12-26 12:00:00+00:00,3566.09924225,25.13153983,0.98880907,0.98084436,0.0,0.0002957,0.00882178
2025-12-26 13:00:00+00:00,3603.251436,25.28035058,0.98925406,0.98136288,0.0,4.892e-05,0.00888512
2025-12-26 14:00:00+00:00,3645.5862245,25.33274141,0.98927802,0.98085516,0.0,1.406e-05,0.00929621
2025-12-26 15:00:00+00:00,3648.68555525,24.76675996,0.98957219,0.98179821,0.0,0.0,0.00903238
2025-12-26 16:00:00+00:00,3599.99288025,24.07957586,0.99038645,0.9832878,0.0,0.0,0.00883591
2025-12-26 17:00:00+00:00,3586.031063,23.23495617,0.99133287,0.98504424,0.0,0.0,0.00826652
2025-12-26 18:00:00+00:00,3573.984047,22.44641851,0.99166287,0.98627165,0.0,0.0,0.0077432
2025-12-26 19:00:00+00:00,3552.64073975,22.44568132,0.99143846,0.9854551,0.0,0.0,0.00778546
2025-12-26 20:00:00+00:00,3513.21676225,22.02691486,0.99152486,0.98582392,0.0,4.61e-06,0.00754599
2025-12-26 21:00:00+00:00,3460.37726975,21.57106211,0.99155367,0.98623759,0.0,8.47e-06,0.00734194
2025-12-26 22:00:00+00:00,3421.10233075,21.15165983,0.99169666,0.98711266,0.0,0.0,0.00732169
2025-12-26 23:00:00+00:00,3398.3929015,20.31087284,0.99225953,0.98934404,0.0,0.0,0.00686002
2025-12-27 00:00:00+00:00,3398.6988215,20.05705532,0.99210987,0.98918182,0.0,0.00021961,0.00682017
2025-12-27 01:00:00+00:00,3392.76458575,19.83668985,0.99232187,0.98970495,0.0,7.251e-05,0.00657497
2025-12-27 02:00:00+00:00,3417.2731785,20.25189071,0.99205824,0.98859619,0.0,0.00031146,0.00688911
2025-12-27 03:00:00+00:00,3441.7965295,20.11606389,0.99208557,0.98873575,0.0,0.0004184,0.00670046
2025-12-27 04:00:00+00:00,3458.282264,19.47540616,0.9925441,0.99108277,0.0,1.817e-05,0.00616818
2025-12-27 05:00:00+00:00,3421.7526155,18.90610089,0.99298452,0.99298452,0.0,0.0,0.00579194
2025-12-27 06:00:00+00:00,3459.4672895,18.81340744,0.99293089,0.99293089,0.0,0.0,0.00575068
2025-12-27 07:00:00+00:00,3569.73267075,18.82137741,0.99296075,0.9929039,0.0,9.5e-07,0.00558654
2025-12-27 08:00:00+00:00,3682.564211,19.0172856,0.99293478,0.9923367,0.0,5.68e-06,0.00567242
2025-12-27 09:00:00+00:00,3761.21461075,19.13069457,0.99300329,0.99227662,0.0,2.05e-06,0.0056218
2025-12-27 10:00:00+00:00,3802.40453825,19.35234499,0.99294061,0.99190002,0.0,3.32e-06,0.00563353
2025-12-27 11:00:00+00:00,3820.20617275,19.2892804,0.99324849,0.99237587,0.0,1.024e-05,0.00542951
2025-12-27 12:00:00+00:00,3848.3138775,19.53979076,0.99326652,0.99183344,0.0,0.00018927,0.00539497
2025-12-27 13:00:00+00:00,3908.537141,20.73155256,0.99314131,0.98950599,0.0,0.00026818,0.00593087
2025-12-27 14:00:00+00:00,3942.170739,21.06982396,0.99318944,0.98885157,0.0,0.0004275,0.00606236
2025-12-27 15:00:00+00:00,3955.9504745,21.38086939,0.99300523,0.98785304,0.0,0.00055068,0.00615496
2025-12-27 16:00:00+00:00,3930.4025815,22.00958814,0.9925701,0.98662398,0.0,0.00045921,0.00644472
2025-12-27 17:00:00+00:00,3889.34241775,21.49857018,0.99267053,0.98760462,0.0,0.00045254,0.00627959
2025-12-27 18:00:00+00:00,3863.6182275,21.76806574,0.99280044,0.98727697,0.0,0.00028068,0.00640619
2025-12-27 19:00:00+00:00,3848.78372275,21.71897283,0.99286081,0.98771273,0.0,0.00013151,0.00637198
2025-12-27 20:00:00+00:00,3764.91522375,21.79586161,0.99273608,0.98773462,0.0,0.00014745,0.0064368
2025-12-27 21:00:00+00:00,3676.042364,21.61489904,0.99215346,0.9876311,0.0,0.00017963,0.00667604
2025-12-27 22:00:00+00:00,3634.2607325,21.94268538,0.99170816,0.98642534,0.0,0.00035487,0.0071749
2025-12-27 23:00:00+00:00,3536.44384375,20.76693457,0.99193766,0.98908999,0.0,0.00038643,0.00670316
2025-12-28 00:00:00+00:00,3470.78143025,20.37135406,0.99207247,0.98944785,0.0,0.00046314,0.0066437
2025-12-28 01:00:00+00:00,3424.651746,20.29795961,0.99203269,0.98945155,0.0,0.00043688,0.00667841
2025-12-28 02:00:00+00:00,3403.85802375,19.95061601,0.99210264,0.99015976,0.0,0.00042812,0.00643366
2025-12-28 03:00:00+00:00,3435.4415035,20.27894745,0.99203839,0.98950988,0.0,0.00045088,0.0066363
2025-12-28 04:00:00+00:00,3440.894879,20.88172688,0.99193256,0.98836114,0.0,0.00029418,0.00696733
2025-12-28 05:00:00+00:00,3496.105371,21.58645753,0.99169806,0.98673714,0.0,0.00032117,0.00718145
2025-12-28 06:00:00+00:00,3548.5832735,21.51552685,0.99208943,0.98764542,0.0,6.653e-05,0.00691703
2025-12-28 07:00:00+00:00,3598.611662,21.25466031,0.99220663,0.9880902,0.0,0.0,0.0068541
2025-12-28 08:00:00+00:00,3636.06059675,20.87465579,0.99249219,0.98925179,0.0,0.0,0.00651843
2025-12-28 09:00:00+00:00,3677.405359,20.63435906,0.9925463,0.98976164,0.0,0.0,0.00643179
2025-12-28 10:00:00+00:00,3722.5464055,20.25756389,0.99280403,0.99083149,0.0,1.301e-05,0.00613778
2025-12-28 11:00:00+00:00,3753.1056425,20.92563293,0.99236787,0.98862516,0.0,5.065e-05,0.00660313
2025-12-28 12:00:00+00:00,3794.07995875,20.85944911,0.99262075,0.98895395,0.0,4.694e-05,0.00636374
2025-12-28 13:00:00+00:00,3813.9950255,21.24448552,0.99257057,0.98797121,0.0,8.116e-05,0.00652757
2025-12-28 14:00:00+00:00,3837.6197945,20.62548988,0.99265022,0.98924557,0.0,5.905e-05,0.00644064
2025-12-28 15:00:00+00:00,3845.89848625,20.24567712,0.99283365,0.99024391,0.0,2.602e-05,0.00617036
2025-12-28 16:00:00+00:00,3804.26150775,19.81441294,0.99329777,0.99171896,0.0,0.0,0.00575268
2025-12-28 17:00:00+00:00,3757.12584725,19.44980455,0.99333809,0.99217857,0.0,0.0,0.00567855
2025-12-28 18:00:00+00:00,3737.31346,19.76349316,0.99279127,0.9904548,0.0,0.0,0.00610221
2025-12-28 19:00:00+00:00,3742.3647595,19.94774473,0.99251672,0.98954479,0.0,0.0,0.00632114
2025-12-28 20:00:00+00:00,3701.015053,19.75380866,0.99258037,0.98993209,0.0,0.0,0.00624706
2025-12-28 21:00:00+00:00,3678.885529,19.84714409,0.99267113,0.98827128,0.00179467,1.394e-05,0.00623083
2025-12-28 22:00:00+00:00,3672.829707,19.68031442,0.99265215,0.98871094,0.0016719,0.0,0.00612079
2025-12-28 23:00:00+00:00,3643.32748475,19.22114748,0.99190956,0.98777012,0.00241438,0.0,0.00609092
2025-12-29 00:00:00+00:00,3595.83176225,18.90598664,0.99189399,0.98880831,0.00203553,0.0,0.00603427
2025-12-29 01:00:00+00:00,3571.668674,18.81051717,0.99156536,0.98864241,0.00201544,0.0,0.00603486
2025-12-29 02:00:00+00:00,3579.12437725,18.84734926,0.9914156,0.98836923,0.00201167,0.0,0.00601123
2025-12-29 03:00:00+00:00,3600.32958325,19.0112116,0.99173717,0.98739356,0.00332088,0.0,0.00591332
2025-12-29 04:00:00+00:00,3632.9212735,18.87138886,0.99176741,0.98784076,0.00314435,0.0,0.00582705
2025-12-29 05:00:00+00:00,3723.955446,18.87731415,0.99158513,0.98685225,0.0036498,0.0,0.00585405
2025-12-29 06:00:00+00:00,3853.915915,19.67186118,0.99181995,0.98490451,0.00449052,0.0,0.00617184
2025-12-29 07:00:00+00:00,3956.854589,19.79475596,0.99231527,0.98531844,0.00443492,0.0,0.00611319
2025-12-29 08:00:00+00:00,4014.0665875,20.28569277,0.99215837,0.98401667,0.00464247,0.0,0.00654776
2025-12-29 09:00:00+00:00,4080.16916925,19.94037434,0.99180646,0.98306922,0.00582767,0.0,0.0065029
2025-12-29 10:00:00+00:00,4116.63783675,19.87092079,0.99219199,0.9835504,0.00576528,0.0,0.00612316
2025-12-29 11:00:00+00:00,4136.11601075,19.73486058,0.9921238,0.98350907,0.00570792,0.0,0.00612946
2025-12-29 12:00:00+00:00,4153.3985635,20.29233137,0.99193431,0.982331,0.00563638,0.0,0.00640132
2025-12-29 13:00:00+00:00,4191.81606325,20.13698608,0.99170577,0.9822564,0.00568619,0.0,0.0064635
2025-12-29 14:00:00+00:00,4216.72344425,20.39095228,0.99183026,0.98201601,0.00562045,0.0,0.00652033
2025-12-29 15:00:00+00:00,4231.5105885,20.62239174,0.99146241,0.98156588,0.00536381,0.0,0.0068135
2025-12-29 16:00:00+00:00,4197.04363275,20.6791167,0.99173827,0.98199872,0.0052967,0.0,0.00673949
2025-12-29 17:00:00+00:00,4147.06178925,20.68576613,0.99203985,0.98082043,0.00724444,0.0,0.00657179
2025-12-29 18:00:00+00:00,4104.77592125,20.59631172,0.99197687,0.98280451,0.00551557,0.0,0.00640173
2025-12-29 19:00:00+00:00,4055.121169,20.7435207,0.99177814,0.98251966,0.00552008,0.0,0.00648067
2025-12-29 20:00:00+00:00,4003.25825375,20.67090028,0.99183778,0.982564,0.00560134,5.342e-05,0.00648042
2025-12-29 21:00:00+00:00,3953.1590305,21.02270876,0.9916612,0.98176318,0.00564321,0.00024567,0.00667077
2025-12-29 22:00:00+00:00,3887.6919335,20.9914864,0.99184008,0.98156657,0.00623948,0.00026043,0.00661069
2025-12-29 23:00:00+00:00,3808.4357605,20.39456488,0.99266166,0.9828606,0.0075851,0.0,0.00613804
2025-12-30 00:00:00+00:00,3754.8464775,20.65015303,0.99231029,0.98204872,0.00775592,6.71e-06,0.00630169
2025-12-30 01:00:00+00:00,3721.2920395,20.51251741,0.99220649,0.98214173,0.0076923,6.99e-06,0.00625661
2025-12-30 02:00:00+00:00,3706.20573525,20.46012809,0.99106623,0.98328585,0.0054739,0.0,0.00650727
2025-12-30 03:00:00+00:00,3699.17433475,20.25275747,0.99137612,0.98503233,0.0047529,0.0,0.00621271
2025-12-30 04:00:00+00:00,3717.886781,21.31502318,0.99143053,0.97906859,0.00925583,0.0,0.00649335
2025-12-30 05:00:00+00:00,3782.85893325,22.13060806,0.99128689,0.97719617,0.01049179,2.151e-05,0.00657106
2025-12-30 06:00:00+00:00,3894.6290815,22.188033,0.99102414,0.97836042,0.00884114,0.0,0.00656654
2025-12-30 07:00:00+00:00,3954.1799285,22.24724488,0.99154434,0.97835229,0.0094387,0.0,0.00635783
2025-12-30 08:00:00+00:00,4039.69713975,22.85148372,0.99143095,0.97882349,0.00832492,0.0,0.0066171
2025-12-30 09:00:00+00:00,4086.77395,22.57035881,0.99160457,0.97950107,0.00910237,5.01e-06,0.00625593
2025-12-30 10:00:00+00:00,4129.36839675,22.65680452,0.99185068,0.98064735,0.00780427,0.0,0.00619902
2025-12-30 11:00:00+00:00,4168.97016425,22.73890211,0.99129042,0.9794435,0.00816452,0.0,0.00624163
2025-12-30 12:00:00+00:00,4149.70712075,23.03075523,0.99137926,0.97836911,0.00911252,6.16e-06,0.00636434
2025-12-30 13:00:00+00:00,4136.87721975,23.3112721,0.99189628,0.978655,0.00931195,0.0,0.00642313
2025-12-30 14:00:00+00:00,4154.908876,23.72620407,0.99199923,0.97761785,0.00972204,0.0,0.00678648
2025-12-30 15:00:00+00:00,4201.1325135,24.3520749,0.99177732,0.97615353,0.00985154,0.0,0.00701452
2025-12-30 16:00:00+00:00,4140.546781,24.65827715,0.99185103,0.97786456,0.00812356,0.0,0.00705989
2025-12-30 17:00:00+00:00,4082.150589,24.83071703,0.99193196,0.97599643,0.00996391,0.0,0.00706165
2025-12-30 18:00:00+00:00,3896.522384,24.98602415,0.9916114,0.97562445,0.00985577,0.0,0.00710497
2025-12-30 19:00:00+00:00,3878.88714275,24.04415439,0.9921884,0.97706741,0.00956135,0.0,0.00672707
2025-12-30 20:00:00+00:00,3924.53858825,23.36954076,0.99276955,0.97824095,0.00933551,0.0,0.00624673
2025-12-30 21:00:00+00:00,3864.277846,23.99497994,0.99259213,0.97733907,0.00949897,0.0,0.00640038
2025-12-30 22:00:00+00:00,3645.986552,24.37133116,0.99274646,0.977207,0.0097051,0.0,0.0062419
2025-12-30 23:00:00+00:00,3676.6868895,25.36105759,0.99081624,0.97218851,0.01112432,0.0,0.00815248
2025-12-31 00:00:00+00:00,3629.048025,26.68474217,0.98934342,0.96987246,0.01125028,0.0,0.00876144
2025-12-31 01:00:00+00:00,3591.69720475,27.25157892,0.9893005,0.96956116,0.01123342,0.0,0.00880364
2025-12-31 02:00:00+00:00,3570.154138,27.57430229,0.9890894,0.96908914,0.01135628,0.0,0.00890016
2025-12-31 03:00:00+00:00,3553.45227,27.4726234,0.98950157,0.9695859,0.01123667,0.0,0.00855389
2025-12-31 04:00:00+00:00,3593.45037525,27.29910908,0.99004046,0.97029682,0.01127002,0.0,0.00807905
2025-12-31 05:00:00+00:00,3632.16877725,26.76583492,0.99086139,0.97134844,0.01152521,0.0,0.00781611
2025-12-31 06:00:00+00:00,3704.5422095,26.64635557,0.99119424,0.97209556,0.01154572,2.2e-06,0.007572
2025-12-31 07:00:00+00:00,3780.693013,26.61967606,0.99198031,0.97398678,0.0110727,2.176e-05,0.00707675
2025-12-31 08:00:00+00:00,3836.978349,26.26944505,0.99220817,0.97484244,0.01097064,0.0,0.00709015
2025-12-31 09:00:00+00:00,3883.7019955,25.84607359,0.99173083,0.97452179,0.01088867,0.0,0.00706855
2025-12-31 10:00:00+00:00,3924.42288525,25.2655294,0.99209147,0.97554535,0.01068637,0.0,0.00688455
2025-12-31 11:00:00+00:00,3922.4792815,24.71579516,0.99225875,0.97618306,0.01050299,0.0,0.00674578
2025-12-31 12:00:00+00:00,3935.40623875,24.70329058,0.9922349,0.97601641,0.01035429,0.0,0.00673888
2025-12-31 13:00:00+00:00,3985.243872,24.49183336,0.9928526,0.97701125,0.01021319,0.0,0.00647052
2025-12-31 14:00:00+00:00,4051.35316175,23.70972826,0.99301837,0.97824452,0.00976695,0.0,0.00618409
2025-12-31 15:00:00+00:00,4057.73639025,23.89706591,0.99210727,0.97591242,0.01040327,0.0,0.00685767
2025-12-31 16:00:00+00:00,3989.60023575,24.3925855,0.99201525,0.97465008,0.01093173,0.0,0.00713464
2025-12-31 17:00:00+00:00,3919.63639575,25.12184197,0.99142766,0.97245957,0.01216937,0.0,0.00753541
2025-12-31 18:00:00+00:00,3830.60591025,25.73306824,0.99063175,0.97186961,0.01157608,0.0,0.0080688
2025-12-31 19:00:00+00:00,3777.64472025,25.40900326,0.99001762,0.97224911,0.01034921,0.0,0.00792497
2025-12-31 20:00:00+00:00,3717.0451855,24.06146164,0.99020777,0.97309151,0.0107341,4.637e-05,0.0076322
2025-12-31 21:00:00+00:00,3663.7151395,22.9287363,0.99011674,0.97356926,0.01096744,6.753e-05,0.00754624
2025-12-31 22:00:00+00:00,3621.15283025,21.48815351,0.99002398,0.97606847,0.01097971,6.351e-05,0.0068428
2025-12-31 23:00:00+00:00,3614.7090935,22.73912423,0.99069693,0.97603155,0.01013281,4.56e-06,0.00732157
