datetime_utc,consumption_mw,ci_lifecycle_gco2eq_per_kwh,included_share_lifecycle,carbon_free_share,share_hydro_pumped_storage,share_biomass,share_other_renewable
2025-01-01 00:00:00+00:00,9452.78,18.18126151,0.96970665,0.96280418,4.541e-05,0.0022392,4.3e-05
2025-01-01 01:00:00+00:00,9190.26,16.43988497,0.97213221,0.96976813,1.2e-07,0.00033366,1.801e-05
2025-01-01 02:00:00+00:00,8975.5925,19.38072213,0.96854511,0.96101821,2.036e-05,0.00091877,5.579e-05
2025-01-01 03:00:00+00:00,8864.1025,22.92532094,0.96555288,0.95138031,0.00065997,0.00145042,8.762e-05
2025-01-01 04:00:00+00:00,9003.075,21.29629667,0.96645766,0.95578588,5.039e-05,0.00122385,7.58e-05
2025-01-01 05:00:00+00:00,9260.42,24.00702465,0.96450343,0.94980226,2.159e-05,0.00212484,9.935e-05
2025-01-01 06:00:00+00:00,9406.035,26.05489926,0.96220225,0.94306435,6.582e-05,0.00382401,0.00012225
2025-01-01 07:00:00+00:00,9512.7475,22.22917541,0.965667,0.95429831,1.641e-05,0.00199682,8.177e-05
2025-01-01 08:00:00+00:00,9816.2125,22.45879876,0.9653943,0.95405317,1.148e-05,0.00197672,7.811e-05
2025-01-01 09:00:00+00:00,10174.8625,23.36865479,0.96608464,0.953069,7.54e-06,0.00271349,8.313e-05
2025-01-01 10:00:00+00:00,10456.6575,22.40741706,0.96730021,0.95603694,1.434e-05,0.0024017,7.244e-05
2025-01-01 11:00:00+00:00,10711.4425,20.37370765,0.97202821,0.96499859,8.97e-06,0.00109777,4.81e-05
2025-01-01 12:00:00+00:00,10977.445,20.58606111,0.97323374,0.96533257,8.424e-05,0.00158614,5.636e-05
2025-01-01 13:00:00+00:00,11259.015,19.17479388,0.97030923,0.96467302,4.193e-05,0.00149281,3.456e-05
2025-01-01 14:00:00+00:00,11635.6475,16.37415546,0.97140123,0.97135665,0.0,0.0,0.0
2025-01-01 15:00:00+00:00,11868.385,16.24509889,0.96900831,0.96897018,0.0,0.0,0.0
2025-01-01 16:00:00+00:00,11851.6775,16.09290644,0.96886073,0.96882269,0.0,0.0,0.0
2025-01-01 17:00:00+00:00,11690.3475,15.88294818,0.96887766,0.96883279,0.0,0.0,0.0
2025-01-01 18:00:00+00:00,11580.2175,15.7445632,0.96878547,0.96874022,0.0,0.0,0.0
2025-01-01 19:00:00+00:00,11510.045,15.71440002,0.96886042,0.96881552,0.0,0.0,0.0
2025-01-01 20:00:00+00:00,11407.6,15.5976148,0.96894111,0.96889557,0.0,0.0,0.0
2025-01-01 21:00:00+00:00,11125.7875,15.63675591,0.9719413,0.97189608,0.0,0.0,0.0
2025-01-01 22:00:00+00:00,10788.755,15.42517736,0.97269186,0.97264471,0.0,0.0,0.0
2025-01-01 23:00:00+00:00,10521.2925,15.25740738,0.96838153,0.96825654,0.0,0.0,9.95e-06
2025-01-02 00:00:00+00:00,10383.2425,15.19308791,0.967537,0.96744021,0.0,0.0,7.76e-06
2025-01-02 01:00:00+00:00,10338.3925,15.1981897,0.96682658,0.96672344,0.0,0.0,6.89e-06
2025-01-02 02:00:00+00:00,10378.665,15.345835,0.9664543,0.96640421,0.0,0.0,1.01e-06
2025-01-02 03:00:00+00:00,10490.095,15.48530641,0.96589634,0.96574412,0.0,0.0,1.549e-05
2025-01-02 04:00:00+00:00,10952.7075,15.85101371,0.96389937,0.96364953,0.0,0.0,3.186e-05
2025-01-02 05:00:00+00:00,11812.2025,16.21982944,0.95693165,0.95650501,6.602e-05,0.0,8.873e-05
2025-01-02 06:00:00+00:00,12306.2425,16.30624381,0.94771047,0.94728095,9.731e-05,0.0,0.0001061
2025-01-02 07:00:00+00:00,12519.07,16.27956637,0.9448896,0.94448625,8.102e-05,0.0,9.557e-05
2025-01-02 08:00:00+00:00,12494.2,16.09985451,0.94489628,0.94445383,0.00011194,4.84e-06,0.0001159
2025-01-02 09:00:00+00:00,12796.1075,16.00675259,0.94485604,0.94446547,9.097e-05,6.81e-06,9.562e-05
2025-01-02 10:00:00+00:00,12769.685,15.95951769,0.94466529,0.94432097,6.959e-05,6.42e-06,7.472e-05
2025-01-02 11:00:00+00:00,12710.5075,15.91408117,0.94335267,0.94304744,6.798e-05,3.43e-06,8.637e-05
2025-01-02 12:00:00+00:00,12553.78,15.91135071,0.94387361,0.9430552,0.00059303,0.0,8.285e-05
2025-01-02 13:00:00+00:00,12534.9525,15.82550433,0.94466229,0.9438839,0.00058621,0.0,7.531e-05
2025-01-02 14:00:00+00:00,12951.6125,15.89433151,0.94550775,0.94450139,0.00078605,1.88e-06,8.7e-05
2025-01-02 15:00:00+00:00,13079.5825,15.68967836,0.94363176,0.94315951,0.00033238,0.0,5.645e-05
2025-01-02 16:00:00+00:00,13127.245,15.65600993,0.94340086,0.9432206,5.524e-05,3e-07,3.976e-05
2025-01-02 17:00:00+00:00,13201.5675,15.68243259,0.9444725,0.94416906,3.619e-05,0.00011708,3.355e-05
2025-01-02 18:00:00+00:00,13148.37,16.24388092,0.94781925,0.94603746,0.00064744,0.00071846,8.71e-05
2025-01-02 19:00:00+00:00,12738.4325,15.8621267,0.94836072,0.94769479,0.00051943,0.0,3.45e-05
2025-01-02 20:00:00+00:00,12379.855,16.01808942,0.95226883,0.95170983,0.00041301,0.0,4.819e-05
2025-01-02 21:00:00+00:00,12059.48,16.13361161,0.95867104,0.95818596,0.00032745,0.0,4.457e-05
2025-01-02 22:00:00+00:00,11805.21,16.28903303,0.96165864,0.96103002,0.00030807,0.0,8.154e-05
2025-01-02 23:00:00+00:00,11584.34,16.20300881,0.96357567,0.96297829,0.0002606,0.0,7.14e-05
2025-01-03 00:00:00+00:00,11463.1275,16.24936409,0.96435772,0.96406416,1.059e-05,0.0,4.454e-05
2025-01-03 01:00:00+00:00,11262.9175,16.2922465,0.96327127,0.96306067,0.0,0.0,2.657e-05
2025-01-03 02:00:00+00:00,11075.62,17.21763431,0.96350569,0.96103777,0.00015369,0.00115801,3.137e-05
2025-01-03 03:00:00+00:00,11072.43,18.01024344,0.96402761,0.96056444,0.00010121,0.00172297,4.916e-05
2025-01-03 04:00:00+00:00,11385.9875,18.31390419,0.9629886,0.95931299,9.999e-05,0.00180867,8.202e-05
2025-01-03 05:00:00+00:00,11944.2625,17.98280957,0.96035743,0.95835195,7.954e-05,0.00079905,8.766e-05
2025-01-03 06:00:00+00:00,12788.36,17.776859,0.95782323,0.95630625,0.00104748,0.0,0.00010626
2025-01-03 07:00:00+00:00,13328.365,17.75015184,0.95796601,0.9564795,0.00109776,0.0,9.481e-05
2025-01-03 08:00:00+00:00,13617.4975,17.22071432,0.95600768,0.95581638,0.0,0.0,2.17e-05
2025-01-03 09:00:00+00:00,13922.6275,17.12446827,0.95674266,0.95653475,8.65e-06,0.0,2.962e-05
2025-01-03 10:00:00+00:00,13976.605,16.86369679,0.95736349,0.95729506,0.0,0.0,4.61e-06
2025-01-03 11:00:00+00:00,13931.66,16.63981829,0.95723202,0.95673655,0.00042502,0.0,4e-06
2025-01-03 12:00:00+00:00,13704.9975,16.30683448,0.95706761,0.95703102,0.0,0.0,3.5e-07
2025-01-03 13:00:00+00:00,13696.445,16.18784139,0.95789469,0.95786129,0.0,0.0,0.0
2025-01-03 14:00:00+00:00,13614.235,16.05535527,0.9539495,0.9538343,3.595e-05,7.1e-07,2.566e-05
2025-01-03 15:00:00+00:00,13773.6075,15.8962785,0.94865019,0.94862258,0.0,0.0,0.0
2025-01-03 16:00:00+00:00,13864.435,15.85446497,0.95112032,0.95106155,1.833e-05,1.9e-07,1.015e-05
2025-01-03 17:00:00+00:00,13709.01,17.08315878,0.95384133,0.95074873,0.00028723,0.0009648,3.53e-05
2025-01-03 18:00:00+00:00,13391.0575,15.59700395,0.9533334,0.95324975,4.388e-05,2e-07,2.245e-05
2025-01-03 19:00:00+00:00,13069.93,15.64482169,0.95369725,0.95342432,0.00021871,4.5e-07,3.077e-05
2025-01-03 20:00:00+00:00,12762.78,15.77290145,0.95972365,0.95881132,0.00073819,3.13e-06,6.039e-05
2025-01-03 21:00:00+00:00,12695.39,16.08114073,0.96254684,0.9604008,0.00184351,4.61e-06,9.159e-05
2025-01-03 22:00:00+00:00,12410.77,15.93153702,0.96249967,0.96066836,0.0015238,4.28e-06,0.00010286
2025-01-03 23:00:00+00:00,12112.11,15.52692395,0.95966009,0.95824978,0.00105791,4.07e-06,9.631e-05
2025-01-04 00:00:00+00:00,11923.585,15.31888611,0.95978408,0.958792,0.0006659,4.16e-06,0.00011315
2025-01-04 01:00:00+00:00,11833.135,15.13209616,0.96005893,0.95963688,0.00012356,4.29e-06,0.00011156
2025-01-04 02:00:00+00:00,11789.745,15.11840542,0.96019744,0.95977687,0.00012478,4.11e-06,0.00011457
2025-01-04 03:00:00+00:00,11723.52,15.28830555,0.96004483,0.9592315,0.00046435,2.83e-06,0.00012775
2025-01-04 04:00:00+00:00,11783.595,15.38136742,0.9594261,0.95870866,0.00036893,3.74e-06,0.00012531
2025-01-04 05:00:00+00:00,11935.505,15.52244185,0.95801364,0.95726203,0.00049745,3.81e-06,9.174e-05
2025-01-04 06:00:00+00:00,11926.0875,15.46614052,0.9505906,0.9503919,2.6e-06,3.52e-06,2.783e-05
2025-01-04 07:00:00+00:00,12190.3875,15.49245481,0.94340332,0.94324648,0.0,2.52e-06,1.899e-05
2025-01-04 08:00:00+00:00,12504.17,15.68070387,0.94236423,0.94212397,0.0,1.46e-06,3.223e-05
2025-01-04 09:00:00+00:00,12941.745,15.96274136,0.94164605,0.9413041,1.153e-05,0.0,5.278e-05
2025-01-04 10:00:00+00:00,12963.7725,16.17458124,0.94069375,0.94037004,0.0,0.0,4.54e-05
2025-01-04 11:00:00+00:00,12827.8875,17.01573229,0.93948671,0.93707339,0.0,0.00128812,0.00011361
2025-01-04 12:00:00+00:00,12708.955,17.21262279,0.93889905,0.93593601,0.0,0.00163165,0.00013048
2025-01-04 13:00:00+00:00,12743.26,16.94069286,0.93877195,0.93674805,4.467e-05,0.00102849,0.00012677
2025-01-04 14:00:00+00:00,13034.2975,17.38485929,0.93858333,0.93568274,1.82e-05,0.00163171,0.00013183
2025-01-04 15:00:00+00:00,13444.86,18.28767533,0.93729718,0.9322072,7.739e-05,0.00293329,0.00024436
2025-01-04 16:00:00+00:00,13498.55,18.7538844,0.93633514,0.93016263,7.338e-05,0.00360602,0.0002741
2025-01-04 17:00:00+00:00,13460.2025,18.93265731,0.93632042,0.92999887,8.53e-05,0.00369304,0.00028567
2025-01-04 18:00:00+00:00,13191.6425,19.58929327,0.9372322,0.92924795,0.00010459,0.00473351,0.00035307
2025-01-04 19:00:00+00:00,12837.48,19.17721578,0.93855839,0.9317069,0.00028736,0.00400272,0.00031266
2025-01-04 20:00:00+00:00,12492.18,18.06373485,0.93934095,0.9353478,0.00093386,0.00184316,0.00023177
2025-01-04 21:00:00+00:00,12161.75,17.39514011,0.94503045,0.94353948,0.00089287,0.0,0.00018684
2025-01-04 22:00:00+00:00,12100.39,17.5516889,0.95080385,0.94887771,0.00126637,0.0,0.00021434
2025-01-04 23:00:00+00:00,11949.645,17.7053117,0.95913911,0.95758184,0.00092612,0.0,0.00019388
2025-01-05 00:00:00+00:00,11845.0775,17.77045922,0.95913104,0.95743253,0.00102238,0.0,0.00023274
2025-01-05 01:00:00+00:00,11716.4725,17.86389309,0.95852936,0.95673834,0.00111601,0.0,0.00023159
2025-01-05 02:00:00+00:00,11704.595,18.00978047,0.95834697,0.95626079,0.00137529,0.0,0.0002621
2025-01-05 03:00:00+00:00,11718.0575,18.09130318,0.95879107,0.95649711,0.00150791,0.0,0.00028588
2025-01-05 04:00:00+00:00,11828.815,18.31898384,0.95886427,0.95627326,0.00181305,0.0,0.00028222
2025-01-05 05:00:00+00:00,12014.02,18.48452736,0.95954024,0.95658623,0.00220831,0.0,0.00026463
2025-01-05 06:00:00+00:00,12362.6025,18.44666852,0.95947335,0.95624267,0.00252999,0.0,0.00025052
2025-01-05 07:00:00+00:00,12727.4425,18.47721662,0.95674819,0.95409012,0.00197679,0.0,0.00023646
2025-01-05 08:00:00+00:00,12992.6225,18.42871237,0.9557946,0.95410928,0.00101809,0.0,0.00022718
2025-01-05 09:00:00+00:00,13200.485,18.46069399,0.95523058,0.95345326,0.0011449,0.0,0.00021789
2025-01-05 10:00:00+00:00,13212.3125,18.50393458,0.95458576,0.95230764,0.00159593,0.0,0.00022941
2025-01-05 11:00:00+00:00,13144.3325,18.51496439,0.95480944,0.95260955,0.0015059,0.0,0.00022641
2025-01-05 12:00:00+00:00,13050.345,18.59091662,0.95404221,0.95190517,0.00143693,0.0,0.00022157
2025-01-05 13:00:00+00:00,13130.3875,18.75020395,0.95441021,0.95173659,0.0019715,0.0,0.00020777
2025-01-05 14:00:00+00:00,13444.1275,19.50725568,0.95255229,0.94944834,0.00063701,0.00038871,0.00017767
2025-01-05 15:00:00+00:00,13833.33,20.39406877,0.95216608,0.94710762,0.0007245,0.00075502,0.00016568
2025-01-05 16:00:00+00:00,13917.3175,20.64270569,0.95257342,0.94674058,0.00129204,0.00070775,0.00016586
2025-01-05 17:00:00+00:00,13776.2175,20.20025249,0.95358098,0.94865266,0.00091813,0.00073207,0.00015555
2025-01-05 18:00:00+00:00,13499.35,19.4975561,0.95332047,0.95012647,0.00042111,0.00048958,0.00013833
2025-01-05 19:00:00+00:00,13259.365,18.41172699,0.95298399,0.9524216,9.662e-05,0.0,0.00011202
2025-01-05 20:00:00+00:00,12904.9,18.43641676,0.95913531,0.95820565,0.00040656,0.0,0.00012944
2025-01-05 21:00:00+00:00,12520.14,18.68371792,0.96352236,0.96175674,0.00060703,8.031e-05,0.00013038
2025-01-05 22:00:00+00:00,12169.3025,18.98452167,0.96451835,0.96224102,2.818e-05,0.00029093,5.677e-05
2025-01-05 23:00:00+00:00,11702.5225,18.7982777,0.96647706,0.96424308,2.054e-05,0.00021826,5.611e-05
2025-01-06 00:00:00+00:00,11577.8075,18.78619563,0.96820092,0.96560069,1.429e-05,0.0003673,6.516e-05
2025-01-06 01:00:00+00:00,11500.8275,18.78471676,0.96781484,0.96505862,1.374e-05,0.00041915,7.891e-05
2025-01-06 02:00:00+00:00,11394.3825,18.61093584,0.96824289,0.96569496,1.291e-05,0.00035659,9.004e-05
2025-01-06 03:00:00+00:00,11285.3775,18.6421207,0.96723477,0.96418118,4.1e-07,0.00048038,7.36e-05
2025-01-06 04:00:00+00:00,11381.6175,18.54318913,0.96780203,0.96496891,7e-07,0.00043545,7.323e-05
2025-01-06 05:00:00+00:00,11545.315,18.6039339,0.96692187,0.96430693,6e-06,0.00053126,4.49e-05
2025-01-06 06:00:00+00:00,11606.9425,17.92889443,0.96435657,0.96377007,8.356e-05,0.0,0.00010959
2025-01-06 07:00:00+00:00,11873.0,17.99037614,0.96411439,0.9629554,0.00057684,1.562e-05,0.00012574
2025-01-06 08:00:00+00:00,12049.165,17.77739097,0.96347933,0.96249825,0.00044401,1.519e-05,0.00011853
2025-01-06 09:00:00+00:00,12403.345,17.79659951,0.9643387,0.96315944,0.00058902,2.378e-05,0.00013425
2025-01-06 10:00:00+00:00,12571.4875,17.66106881,0.96268545,0.96201748,0.00013707,6.9e-07,0.0001323
2025-01-06 11:00:00+00:00,12643.3725,17.57686446,0.96167878,0.96106874,0.00010361,0.0,0.00011874
2025-01-06 12:00:00+00:00,12494.3175,17.39047084,0.96113273,0.96059733,7.889e-05,0.0,9.968e-05
2025-01-06 13:00:00+00:00,12468.4425,17.67137817,0.9628624,0.96118812,6.111e-05,0.00064657,8.622e-05
2025-01-06 14:00:00+00:00,12700.395,17.31443581,0.96174014,0.96069433,6.851e-05,0.00031345,8.424e-05
2025-01-06 15:00:00+00:00,12953.6475,17.16174899,0.96347874,0.96292789,8.799e-05,0.0,0.0001082
2025-01-06 16:00:00+00:00,13028.81,17.31890494,0.96409264,0.96290829,0.00053059,2.737e-05,0.00015562
2025-01-06 17:00:00+00:00,12694.645,16.95712376,0.96329245,0.96235426,0.00035046,5.58e-06,0.00014968
2025-01-06 18:00:00+00:00,12250.7525,16.69094748,0.96572751,0.96487042,0.00029005,7.79e-06,0.0001445
2025-01-06 19:00:00+00:00,11969.0175,16.45020412,0.9682101,0.96763764,9.544e-05,0.0,0.00011303
2025-01-06 20:00:00+00:00,11372.65,15.94564911,0.96953544,0.96920627,2.209e-05,0.0,3.468e-05
2025-01-06 21:00:00+00:00,11061.965,15.70909402,0.97126494,0.97099866,0.0,0.0,1.213e-05
2025-01-06 22:00:00+00:00,10648.0525,15.45011683,0.9725681,0.97230962,0.0,0.0,1.315e-05
2025-01-06 23:00:00+00:00,10420.2725,15.44175547,0.97530107,0.97497909,0.0,0.0,1.378e-05
2025-01-07 00:00:00+00:00,10268.475,15.22447292,0.97619653,0.97588935,0.0,0.0,1.682e-05
2025-01-07 01:00:00+00:00,10223.9575,15.17503499,0.9767255,0.97635869,6.6e-07,0.0,2.13e-05
2025-01-07 02:00:00+00:00,10070.9575,15.03401706,0.97600672,0.97566445,4.07e-06,0.0,2.073e-05
2025-01-07 03:00:00+00:00,10173.97,15.08729117,0.97610496,0.97573973,5.05e-06,0.0,2.331e-05
2025-01-07 04:00:00+00:00,10596.39,15.26778435,0.97560107,0.97516679,3.248e-05,0.0,3.914e-05
2025-01-07 05:00:00+00:00,11350.8975,15.48042314,0.97227736,0.9718218,5.804e-05,0.0,5.547e-05
2025-01-07 06:00:00+00:00,12216.635,15.65228209,0.96879647,0.96838467,5.953e-05,0.0,6.659e-05
2025-01-07 07:00:00+00:00,12652.37,15.78811366,0.96786777,0.96742367,7.024e-05,0.0,7.733e-05
2025-01-07 08:00:00+00:00,12789.4025,15.88953526,0.96679404,0.96632819,7.966e-05,0.0,8.528e-05
2025-01-07 09:00:00+00:00,12921.6425,15.93141819,0.96908467,0.96859376,8.789e-05,1.27e-06,9.636e-05
2025-01-07 10:00:00+00:00,12890.0675,15.98009987,0.96885316,0.96837948,6.856e-05,2.99e-06,8.413e-05
2025-01-07 11:00:00+00:00,12883.29,15.97697487,0.96854466,0.96808133,6.74e-05,3.75e-06,8.258e-05
2025-01-07 12:00:00+00:00,12777.0525,15.80225017,0.96880054,0.96846993,3.066e-05,4.96e-06,4.966e-05
2025-01-07 13:00:00+00:00,12668.7025,15.71445392,0.96916588,0.96894155,0.0,5.19e-06,2.309e-05
2025-01-07 14:00:00+00:00,12900.0675,15.96432043,0.96945029,0.9680758,0.0,0.00100438,5.124e-05
2025-01-07 15:00:00+00:00,12999.295,16.23016373,0.969828,0.96743715,0.0,0.00191069,6.687e-05
2025-01-07 16:00:00+00:00,13201.55,16.56876416,0.97100289,0.96692748,0.0,0.00337582,9.972e-05
2025-01-07 17:00:00+00:00,12837.75,16.55367088,0.97202839,0.96736405,0.0,0.00389046,0.00011134
2025-01-07 18:00:00+00:00,12625.2375,16.33750438,0.97242329,0.96839018,0.0,0.00336875,5.994e-05
2025-01-07 19:00:00+00:00,12211.12,16.47806887,0.97295895,0.96798073,0.0,0.00418651,2.749e-05
2025-01-07 20:00:00+00:00,11806.5125,16.78396731,0.97398861,0.96754332,0.0,0.00547464,2.977e-05
2025-01-07 21:00:00+00:00,11248.6775,16.72419386,0.97373177,0.96716991,0.0,0.00561781,2.506e-05
2025-01-07 22:00:00+00:00,10778.35,16.70345001,0.97322065,0.96627057,0.0,0.0059687,2.223e-05
2025-01-07 23:00:00+00:00,10474.7375,16.54969585,0.97202331,0.96439171,0.0,0.00640807,4.496e-05
2025-01-08 00:00:00+00:00,10342.7975,16.68958037,0.97200812,0.96410279,0.0,0.00666315,4.905e-05
2025-01-08 01:00:00+00:00,10237.9275,16.86974787,0.97137507,0.9632447,0.0,0.00683207,4.833e-05
2025-01-08 02:00:00+00:00,10181.385,16.95782035,0.97072668,0.96242688,0.0,0.00700411,4.267e-05
2025-01-08 03:00:00+00:00,10250.0325,17.00727168,0.97059344,0.96275386,0.0,0.00662932,3.7e-05
2025-01-08 04:00:00+00:00,10578.9775,15.92046382,0.97080025,0.96808756,0.0,0.0022065,2.889e-05
2025-01-08 05:00:00+00:00,11480.81,15.82490814,0.96850485,0.96815118,3.889e-05,2.1e-07,5.926e-05
2025-01-08 06:00:00+00:00,12270.0025,16.31882206,0.96318561,0.96261467,9.731e-05,3.13e-06,0.00011211
2025-01-08 07:00:00+00:00,12532.6675,16.58356004,0.95808674,0.95747967,0.00019716,5.91e-06,8.909e-05
2025-01-08 08:00:00+00:00,12599.515,16.6791771,0.95483664,0.95455776,2.468e-05,5.05e-06,3.962e-05
2025-01-08 09:00:00+00:00,12707.1875,17.69921805,0.95517948,0.95297712,8.131e-05,0.00083233,4.102e-05
2025-01-08 10:00:00+00:00,12719.1575,19.3921461,0.95230447,0.9458229,0.00021809,0.00328444,0.00017459
2025-01-08 11:00:00+00:00,12691.165,18.46751342,0.95333047,0.94956675,0.00072818,0.00107256,0.00011154
2025-01-08 12:00:00+00:00,12548.76,18.24237484,0.94905789,0.94595124,0.00049794,0.00105643,8.077e-05
2025-01-08 13:00:00+00:00,12634.9025,19.24942765,0.94467708,0.93877559,0.00107766,0.00209239,0.00010107
2025-01-08 14:00:00+00:00,12840.745,19.75486829,0.94666294,0.93931919,0.00195031,0.00197185,0.00013365
2025-01-08 15:00:00+00:00,13042.51,20.24363358,0.9452206,0.93842551,0.00062473,0.00196996,0.00012149
2025-01-08 16:00:00+00:00,13180.2525,19.28961959,0.94249426,0.9379031,0.00049102,0.00123309,0.00011775
2025-01-08 17:00:00+00:00,12914.3325,21.20462108,0.94301759,0.93448324,0.0006565,0.00257149,0.0001456
2025-01-08 18:00:00+00:00,12619.015,20.42027523,0.94216632,0.93486706,0.00042721,0.00300689,0.00019836
2025-01-08 19:00:00+00:00,12411.5975,17.74416755,0.94283276,0.94201821,0.00018759,0.0,0.00014153
2025-01-08 20:00:00+00:00,11975.425,17.64476862,0.94338883,0.94255537,0.00020696,0.0,0.00014794
2025-01-08 21:00:00+00:00,11503.86,17.69177336,0.95021383,0.94904722,0.00052145,0.0,0.0001484
2025-01-08 22:00:00+00:00,11046.25,17.61266416,0.95493808,0.95351896,0.00079626,0.0,0.00013607
2025-01-08 23:00:00+00:00,10801.615,17.62542085,0.95392309,0.95299358,0.00026891,0.0,8.741e-05
2025-01-09 00:00:00+00:00,10606.12,17.71312043,0.95464636,0.95350009,0.00046869,0.0,0.00010965
2025-01-09 01:00:00+00:00,10538.8325,17.71735591,0.95296706,0.95156142,0.00076349,0.0,9.194e-05
2025-01-09 02:00:00+00:00,10458.455,17.85180897,0.95306581,0.95152496,0.0008632,0.0,0.00011807
2025-01-09 03:00:00+00:00,10486.415,18.02154378,0.95274922,0.95037666,0.00160457,0.0,0.00016802
2025-01-09 04:00:00+00:00,10933.2875,18.44927801,0.95230502,0.94849659,0.00299623,0.0,0.00021056
2025-01-09 05:00:00+00:00,11963.7575,18.82330004,0.94836047,0.94365679,0.00388598,0.0,0.00022043
2025-01-09 06:00:00+00:00,12822.9025,19.17011347,0.94050013,0.93530435,0.00326429,0.00087207,0.00019283
2025-01-09 07:00:00+00:00,13207.39,21.12004454,0.93732,0.92787745,0.00252941,0.00381402,0.00034121
2025-01-09 08:00:00+00:00,13112.31,21.19906184,0.93492537,0.92599739,0.00156192,0.00433625,0.00035965
2025-01-09 09:00:00+00:00,13072.21,21.1140294,0.93402469,0.9255943,0.00145489,0.00404292,0.00032681
2025-01-09 10:00:00+00:00,13076.85,19.66256532,0.93299619,0.92900064,0.00130867,0.00142019,0.00015639
2025-01-09 11:00:00+00:00,13027.3675,19.14223948,0.93396064,0.93156996,0.00175631,0.0,9.427e-05
2025-01-09 12:00:00+00:00,12873.7825,19.23439123,0.93554601,0.93243717,0.0024791,0.0,9.839e-05
2025-01-09 13:00:00+00:00,12896.1525,19.28912188,0.93642452,0.93312274,0.00261588,0.0,0.00011247
2025-01-09 14:00:00+00:00,13066.135,19.38063054,0.93681814,0.93312144,0.00294816,0.0,0.00012369
2025-01-09 15:00:00+00:00,13274.1725,19.5250728,0.9352544,0.93163113,0.00249518,8.695e-05,0.00010964
2025-01-09 16:00:00+00:00,13438.89,19.1366553,0.93446973,0.93172053,0.00211381,0.0,0.00010097
2025-01-09 17:00:00+00:00,13341.385,19.21335552,0.93536059,0.93211223,0.00256695,0.0,0.00012038
2025-01-09 18:00:00+00:00,13176.3225,19.40802104,0.9377565,0.93391627,0.00314277,0.0,0.00011951
2025-01-09 19:00:00+00:00,12753.2475,19.02177311,0.93615293,0.93409347,0.00150538,0.0,9.027e-05
2025-01-09 20:00:00+00:00,12247.95,18.87828918,0.93728783,0.93567621,0.00109374,0.0,0.00011121
2025-01-09 21:00:00+00:00,11933.51,19.08149748,0.94038832,0.93808169,0.00163438,0.0,0.00016352
2025-01-09 22:00:00+00:00,11503.0625,19.06334896,0.9458049,0.94327603,0.00176986,0.0,0.00019278
2025-01-09 23:00:00+00:00,11047.6875,19.03921514,0.95487994,0.95200355,0.00212838,0.0,0.00019164
2025-01-10 00:00:00+00:00,10928.565,19.05763568,0.95591684,0.95234088,0.00279135,0.0,0.00021316
2025-01-10 01:00:00+00:00,10962.315,19.04836069,0.95671745,0.95316291,0.00272997,0.0,0.00022013
2025-01-10 02:00:00+00:00,10978.01,18.88524861,0.95626204,0.95305787,0.0024232,0.0,0.00020497
2025-01-10 03:00:00+00:00,10935.125,18.68242594,0.95556842,0.9524531,0.00239205,0.0,0.00020618
2025-01-10 04:00:00+00:00,11310.865,18.57235042,0.95074014,0.94809556,0.00194568,0.0,0.0001858
2025-01-10 05:00:00+00:00,12241.005,18.49148402,0.94142807,0.93952355,0.00124081,0.0,0.00017173
2025-01-10 06:00:00+00:00,13117.5025,18.37952108,0.93923461,0.93721656,0.00137879,0.0,0.00016221
2025-01-10 07:00:00+00:00,13520.025,18.14934904,0.93706301,0.93487631,0.00163621,0.0,0.00013649
2025-01-10 08:00:00+00:00,13612.97,18.26992101,0.93829338,0.9358428,0.00185091,0.0,0.00014559
2025-01-10 09:00:00+00:00,13738.585,18.33950556,0.93987084,0.93723143,0.00200686,0.0,0.00015071
2025-01-10 10:00:00+00:00,13805.5725,18.25527353,0.93954736,0.93759495,0.00133783,0.0,0.0001058
2025-01-10 11:00:00+00:00,13709.44,18.03587822,0.93774199,0.93704048,0.00020034,0.0,0.0001082
2025-01-10 12:00:00+00:00,13558.0825,18.20250852,0.94139219,0.93954985,0.00121608,0.0,0.00014953
2025-01-10 13:00:00+00:00,13515.7875,17.98561983,0.94075652,0.93945584,0.00072729,0.0,0.00012843
2025-01-10 14:00:00+00:00,13446.0725,17.62701018,0.93903995,0.93812599,0.00045023,0.0,9.939e-05
2025-01-10 15:00:00+00:00,13639.67,17.47347284,0.93891757,0.93851612,1.478e-05,0.0,5.206e-05
2025-01-10 16:00:00+00:00,13690.635,17.34968429,0.93905518,0.93854394,1.405e-05,7.899e-05,5.388e-05
2025-01-10 17:00:00+00:00,13361.24,17.18686055,0.94042107,0.9399834,3.443e-05,0.0,6.307e-05
2025-01-10 18:00:00+00:00,13032.5075,17.07040634,0.94691873,0.94648107,4.761e-05,0.0,6.971e-05
2025-01-10 19:00:00+00:00,12573.05,16.8563953,0.95323175,0.95279853,4.672e-05,0.0,7.04e-05
2025-01-10 20:00:00+00:00,12142.4925,16.80951076,0.95689676,0.95617961,0.00028224,0.0,9.314e-05
2025-01-10 21:00:00+00:00,11792.69,16.67007122,0.9607803,0.96035989,3.483e-05,0.0,6.354e-05
2025-01-10 22:00:00+00:00,11420.805,16.42874811,0.96328949,0.96298453,0.0,0.0,3.56e-05
2025-01-10 23:00:00+00:00,11290.4725,16.34321928,0.96593347,0.96570482,0.0,0.0,1.084e-05
2025-01-11 00:00:00+00:00,11201.205,16.20124081,0.96847255,0.96826074,0.0,0.0,1.471e-05
2025-01-11 01:00:00+00:00,11037.26,16.04206724,0.97088916,0.97083414,0.0,0.0,3.71e-06
2025-01-11 02:00:00+00:00,11024.9875,15.90555177,0.97046438,0.97043653,0.0,0.0,0.0
2025-01-11 03:00:00+00:00,10894.255,15.73645224,0.97036935,0.97033563,0.0,0.0,0.0
2025-01-11 04:00:00+00:00,11042.2325,15.66994205,0.96791733,0.96788924,0.0,0.0,0.0
2025-01-11 05:00:00+00:00,11136.9675,15.63430344,0.96640045,0.96636635,0.0,0.0,0.0
2025-01-11 06:00:00+00:00,11479.7,15.66914829,0.96526512,0.965226,0.0,0.0,0.0
2025-01-11 07:00:00+00:00,11819.4,15.7444018,0.96380429,0.96377178,0.0,0.0,0.0
2025-01-11 08:00:00+00:00,12127.2125,15.69683267,0.96452326,0.96449115,0.0,0.0,0.0
2025-01-11 09:00:00+00:00,12389.325,15.67372223,0.96445506,0.96442264,0.0,0.0,0.0
2025-01-11 10:00:00+00:00,12401.365,15.86456699,0.96521629,0.96518375,0.0,0.0,0.0
2025-01-11 11:00:00+00:00,12382.3275,15.85330973,0.9647993,0.96476669,0.0,0.0,0.0
2025-01-11 12:00:00+00:00,12405.4825,15.83664039,0.96452434,0.96449162,0.0,0.0,0.0
2025-01-11 13:00:00+00:00,12464.5575,15.89830089,0.96435539,0.96432832,0.0,0.0,0.0
2025-01-11 14:00:00+00:00,12546.11,15.92908462,0.96404976,0.9639293,0.0,0.0,0.0
2025-01-11 15:00:00+00:00,12824.3725,15.910004,0.96243585,0.96239126,0.0,0.0,0.0
2025-01-11 16:00:00+00:00,12952.28,16.09976713,0.96290781,0.96279812,0.0,0.0,1.221e-05
2025-01-11 17:00:00+00:00,12849.505,16.27307118,0.96285973,0.96267102,0.0,0.0,2.359e-05
2025-01-11 18:00:00+00:00,12590.02,16.49301662,0.96310701,0.96286772,0.0,0.0,2.261e-05
2025-01-11 19:00:00+00:00,12172.295,16.57614728,0.96224046,0.96200044,0.0,0.0,1.544e-05
2025-01-11 20:00:00+00:00,11795.3625,16.60220217,0.96170469,0.9614164,1.45e-05,0.0,2.639e-05
2025-01-11 21:00:00+00:00,11415.3225,16.59797925,0.96217829,0.96200588,0.0,0.0,1.206e-05
2025-01-11 22:00:00+00:00,11101.3675,16.51775059,0.96197441,0.96184626,0.0,0.0,1.263e-05
2025-01-11 23:00:00+00:00,10841.37,16.17373836,0.9654258,0.96539152,0.0,0.0,4e-08
2025-01-12 00:00:00+00:00,10647.1975,15.95435323,0.96525827,0.96522982,0.0,0.0,0.0
2025-01-12 01:00:00+00:00,10563.745,15.85893621,0.96484458,0.96479784,0.0,0.0,2.82e-06
2025-01-12 02:00:00+00:00,10516.7475,15.81983851,0.96476643,0.96473763,0.0,0.0,0.0
2025-01-12 03:00:00+00:00,10550.4025,15.73297828,0.96355937,0.96352441,0.0,0.0,0.0
2025-01-12 04:00:00+00:00,10693.8825,15.73493112,0.96208468,0.96205524,0.0,0.0,0.0
2025-01-12 05:00:00+00:00,11163.8325,15.77505647,0.95987606,0.9598412,0.0,0.0,0.0
2025-01-12 06:00:00+00:00,11537.5075,15.84052619,0.96189823,0.96186338,0.0,0.0,0.0
2025-01-12 07:00:00+00:00,11929.6225,15.99315442,0.9608985,0.96060717,5.772e-05,0.0,6.134e-05
2025-01-12 08:00:00+00:00,12316.665,16.63040774,0.95840446,0.95604053,0.00011715,0.00158707,0.00016894
2025-01-12 09:00:00+00:00,12656.17,17.27162161,0.95556666,0.95147126,0.00012868,0.00303238,0.00024019
2025-01-12 10:00:00+00:00,12732.75,17.7541908,0.95372392,0.94843603,8.709e-05,0.00412293,0.00024621
2025-01-12 11:00:00+00:00,12554.58,18.0624929,0.95294928,0.94683488,9.514e-05,0.004633,0.00027427
2025-01-12 12:00:00+00:00,12420.75,18.09372146,0.94730338,0.9408941,8.58e-05,0.00488883,0.00030018
2025-01-12 13:00:00+00:00,12412.8975,17.94504804,0.93889299,0.93239045,0.0,0.00517017,0.0002726
2025-01-12 14:00:00+00:00,12700.0875,18.2938094,0.93884511,0.93128538,0.00039236,0.0053959,0.00028429
2025-01-12 15:00:00+00:00,13443.69,18.92241774,0.94124136,0.9317396,0.00184363,0.0055029,0.00035212
2025-01-12 16:00:00+00:00,13770.23,18.99734026,0.94055011,0.93122281,0.00137208,0.00560853,0.00034452
2025-01-12 17:00:00+00:00,13861.39,19.00299544,0.94014636,0.93084424,0.00129659,0.00572328,0.00035356
2025-01-12 18:00:00+00:00,13796.77,19.02288475,0.94128545,0.93232957,0.00091328,0.00578176,0.00035341
2025-01-12 19:00:00+00:00,13340.98,18.86564297,0.94194567,0.93330353,0.00081916,0.00585383,0.00032789
2025-01-12 20:00:00+00:00,12809.93,18.6429801,0.94512309,0.93721169,0.00107037,0.0049986,0.00034245
2025-01-12 21:00:00+00:00,12323.1,18.19453756,0.95054686,0.94407262,0.00104836,0.00388328,0.00035049
2025-01-12 22:00:00+00:00,12062.77,17.75871356,0.95992938,0.95422896,0.00155753,0.00296201,0.00033525
2025-01-12 23:00:00+00:00,11904.52,17.29132078,0.96640472,0.96247733,0.00105571,0.00206721,0.00022362
2025-01-13 00:00:00+00:00,11830.16,16.90310108,0.96885499,0.9663707,3.169e-05,0.00186209,0.00011498
2025-01-13 01:00:00+00:00,11858.3175,16.53015845,0.96970878,0.96801823,0.0,0.0013708,3.245e-05
2025-01-13 02:00:00+00:00,11677.39,16.10613523,0.97027717,0.96921976,0.0,0.00085474,4.51e-06
2025-01-13 03:00:00+00:00,11741.14,15.78216155,0.97088208,0.96991291,0.0,0.0007901,3.02e-06
2025-01-13 04:00:00+00:00,12084.995,15.63491677,0.97100676,0.96987832,0.0,0.00094595,3.4e-06
2025-01-13 05:00:00+00:00,13185.8,15.98544718,0.97121761,0.96892929,0.00042729,0.00151547,2.04e-05
2025-01-13 06:00:00+00:00,13772.6,16.66756744,0.96838692,0.96318953,0.00086913,0.00344037,8.722e-05
2025-01-13 07:00:00+00:00,13947.98,17.14822648,0.9681066,0.96122007,0.00089687,0.00496653,9.575e-05
2025-01-13 08:00:00+00:00,13834.38,16.95180973,0.96839226,0.96188429,0.00055208,0.00495849,9.462e-05
2025-01-13 09:00:00+00:00,13757.56,16.74886251,0.96949631,0.9634385,0.00039015,0.00474953,8.004e-05
2025-01-13 10:00:00+00:00,13714.95,16.46392856,0.97156189,0.96605083,0.00012771,0.00459096,3.057e-05
2025-01-13 11:00:00+00:00,13508.06,16.36645374,0.97480552,0.96919868,0.00023077,0.00462611,2.235e-05
2025-01-13 12:00:00+00:00,13319.17,16.21792387,0.97466904,0.96926652,0.0,0.00465175,2.135e-05
2025-01-13 13:00:00+00:00,13469.725,16.20769479,0.97620197,0.97099691,0.0,0.00448176,2.01e-05
2025-01-13 14:00:00+00:00,13412.855,16.16576297,0.97544144,0.97018946,0.0,0.00445711,1.977e-05
2025-01-13 15:00:00+00:00,13484.43,15.93876013,0.97469333,0.96946893,0.0,0.00449288,2.003e-05
2025-01-13 16:00:00+00:00,13460.5225,15.83378776,0.97511949,0.96993804,0.0,0.00445244,2.018e-05
2025-01-13 17:00:00+00:00,13063.3175,15.78838676,0.97473596,0.96941579,0.0,0.00456127,2.078e-05
2025-01-13 18:00:00+00:00,12785.2975,15.81005178,0.97614388,0.97076684,0.0,0.00460909,2.099e-05
2025-01-13 19:00:00+00:00,12401.605,15.84565414,0.97644182,0.97105924,0.0,0.00460554,2.113e-05
2025-01-13 20:00:00+00:00,11809.805,15.71202827,0.97642377,0.9711838,0.0,0.00447109,2.099e-05
2025-01-13 21:00:00+00:00,11308.4025,15.34743851,0.97630797,0.97156945,0.0,0.00402465,1.919e-05
2025-01-13 22:00:00+00:00,10718.81,15.09341231,0.97519146,0.97081757,0.0,0.00371358,1.77e-05
2025-01-13 23:00:00+00:00,10386.775,14.59209865,0.97620886,0.97306945,0.0,0.00267512,1.25e-05
2025-01-14 00:00:00+00:00,10246.4725,14.61914212,0.97502182,0.97161619,0.0,0.00290326,1.345e-05
2025-01-14 01:00:00+00:00,10095.9,14.72783209,0.97467511,0.97097281,0.0,0.00316216,1.461e-05
2025-01-14 02:00:00+00:00,9880.4475,14.80828903,0.97422547,0.9703629,0.0,0.00330072,1.447e-05
2025-01-14 03:00:00+00:00,9760.7175,14.51041459,0.9719489,0.96871641,0.0,0.00275768,9.94e-06
2025-01-14 04:00:00+00:00,10267.77,14.48089346,0.97306597,0.97038752,0.0,0.00227769,8.81e-06
2025-01-14 05:00:00+00:00,11316.51,14.69064054,0.97531722,0.9737867,0.0,0.00127876,4.91e-06
2025-01-14 06:00:00+00:00,12135.3475,15.76482784,0.97425007,0.9703539,0.0,0.00326606,1.254e-05
2025-01-14 07:00:00+00:00,12233.1875,16.27286209,0.97430549,0.96899096,0.0,0.00452799,1.737e-05
2025-01-14 08:00:00+00:00,12299.805,16.36377368,0.97422192,0.96895699,0.0,0.00449675,1.68e-05
2025-01-14 09:00:00+00:00,12469.48,16.60214007,0.97486889,0.96974868,0.0,0.00438252,1.593e-05
2025-01-14 10:00:00+00:00,12443.9775,16.63025224,0.97508062,0.97042122,0.0,0.00398682,1.654e-05
2025-01-14 11:00:00+00:00,12240.3975,16.68972806,0.97473592,0.97001566,0.0,0.00404222,1.56e-05
2025-01-14 12:00:00+00:00,12065.0675,16.49632143,0.97446333,0.9706264,0.0,0.00322167,1.251e-05
2025-01-14 13:00:00+00:00,12187.7875,16.568652,0.97474012,0.97059052,0.0,0.00353978,1.343e-05
2025-01-14 14:00:00+00:00,12308.3,16.72212269,0.97489626,0.9703161,0.0,0.00383192,1.458e-05
2025-01-14 15:00:00+00:00,12520.8325,16.83453676,0.97458316,0.96939253,0.0,0.00442658,1.683e-05
2025-01-14 16:00:00+00:00,12595.15,17.00835464,0.97398445,0.96825044,0.0,0.00491496,1.864e-05
2025-01-14 17:00:00+00:00,12335.1975,16.88072739,0.9725997,0.96786011,1.953e-05,0.00404704,1.547e-05
2025-01-14 18:00:00+00:00,12106.9975,17.23050744,0.97265636,0.96773259,0.0,0.00421106,1.591e-05
2025-01-14 19:00:00+00:00,11812.275,17.63260151,0.9715794,0.96585563,0.0,0.00489353,1.835e-05
2025-01-14 20:00:00+00:00,11443.725,17.85123632,0.97182907,0.96638214,0.0,0.00466485,1.74e-05
2025-01-14 21:00:00+00:00,10801.145,17.85408219,0.97142809,0.9667953,0.0,0.00396633,1.53e-05
2025-01-14 22:00:00+00:00,10176.865,17.96955021,0.96976924,0.96488713,0.0,0.00414073,1.687e-05
2025-01-14 23:00:00+00:00,9970.505,17.90596532,0.96838493,0.96435724,0.0,0.00339609,1.413e-05
2025-01-15 00:00:00+00:00,9592.37,17.09366294,0.96741778,0.96737869,0.0,0.0,0.0
2025-01-15 01:00:00+00:00,9632.285,17.38574933,0.96783143,0.96779334,0.0,0.0,9.3e-07
2025-01-15 02:00:00+00:00,9773.0575,17.40684087,0.96405305,0.96382219,0.00010008,0.0,1.233e-05
2025-01-15 03:00:00+00:00,10247.45,17.66900279,0.95606476,0.95526537,0.00032882,0.0,0.00010577
2025-01-15 04:00:00+00:00,10788.04,17.81742665,0.95052012,0.94802419,0.00186152,0.0,0.00020404
2025-01-15 05:00:00+00:00,11690.1525,17.9498648,0.94866437,0.94467243,0.003093,0.0,0.00026602
2025-01-15 06:00:00+00:00,12763.41,18.27383014,0.94639604,0.94090197,0.00216035,0.001773,0.00034001
2025-01-15 07:00:00+00:00,13151.92,19.39109769,0.9474508,0.93722438,0.00219001,0.00541946,0.00044668
2025-01-15 08:00:00+00:00,12969.97,18.74808032,0.9486343,0.9384306,0.00242188,0.00555638,0.00030301
2025-01-15 09:00:00+00:00,12480.94,17.9841659,0.948228,0.93908563,0.00270519,0.00535301,0.00021034
2025-01-15 10:00:00+00:00,11951.53,17.52888558,0.94833861,0.94053146,0.00149601,0.00535602,0.00017022
2025-01-15 11:00:00+00:00,12085.5,17.1354896,0.95040259,0.94334479,0.00121099,0.00487949,0.00011891
2025-01-15 12:00:00+00:00,12135.26,16.71803413,0.95731443,0.95111395,0.00105594,0.0042388,4.263e-05
2025-01-15 13:00:00+00:00,12284.4,16.17831351,0.96466093,0.95992167,0.0008456,0.00319949,2.126e-05
2025-01-15 14:00:00+00:00,12551.63,16.05655112,0.96566755,0.96070111,0.00119989,0.00309405,2.129e-05
2025-01-15 15:00:00+00:00,12882.99,15.89514371,0.96603918,0.96170734,0.00070288,0.00292566,2.889e-05
2025-01-15 16:00:00+00:00,12896.76,15.82730508,0.967,0.96273704,0.00074659,0.0028311,2.921e-05
2025-01-15 17:00:00+00:00,12577.755,15.43870501,0.96788214,0.9640917,0.00020074,0.00295314,2.035e-05
2025-01-15 18:00:00+00:00,12369.7875,15.34051144,0.9696179,0.96600582,0.0,0.00297337,1.717e-05
2025-01-15 19:00:00+00:00,12059.2525,15.40314741,0.97216734,0.96827398,0.0,0.00323331,1.58e-05
2025-01-15 20:00:00+00:00,11597.6175,15.33554488,0.97495165,0.97110301,0.0,0.00319693,1.557e-05
2025-01-15 21:00:00+00:00,10958.8775,15.3121133,0.97422099,0.97018736,0.0,0.00334882,1.641e-05
2025-01-15 22:00:00+00:00,10552.335,15.38241551,0.97375299,0.96905103,0.0,0.00390938,1.899e-05
2025-01-15 23:00:00+00:00,10139.9875,15.40157672,0.9768472,0.971707,0.0,0.00426857,2.125e-05
2025-01-16 00:00:00+00:00,10017.375,15.30322062,0.97670033,0.97163563,0.0,0.00422966,2.062e-05
2025-01-16 01:00:00+00:00,9756.73,15.20972544,0.97710708,0.9722021,0.0,0.00409224,2.031e-05
2025-01-16 02:00:00+00:00,9562.3925,15.185315,0.97642438,0.97152899,0.0,0.00406414,2.1e-05
2025-01-16 03:00:00+00:00,9511.6175,15.08337996,0.97803988,0.97327065,0.0,0.00394953,2.198e-05
2025-01-16 04:00:00+00:00,9921.65,15.0614249,0.97825645,0.9737325,0.0,0.00375194,2.086e-05
2025-01-16 05:00:00+00:00,10843.31,15.21989783,0.97610205,0.97204958,0.0,0.00335774,1.856e-05
2025-01-16 06:00:00+00:00,11818.98,15.35142627,0.97513358,0.97117605,0.0,0.00325869,1.739e-05
2025-01-16 07:00:00+00:00,12167.8375,15.4980123,0.97454947,0.97056451,0.0,0.00326557,2.537e-05
2025-01-16 08:00:00+00:00,12129.615,15.53055181,0.97623926,0.97234964,0.0,0.00311594,1.973e-05
2025-01-16 09:00:00+00:00,12117.335,15.57736106,0.97673134,0.97301171,0.0,0.00306758,2.111e-05
2025-01-16 10:00:00+00:00,11997.965,16.42577135,0.97874172,0.97330983,0.0,0.00324377,2.266e-05
2025-01-16 11:00:00+00:00,11907.2575,15.60676563,0.97871579,0.97480042,0.0,0.00324521,2.011e-05
2025-01-16 12:00:00+00:00,11871.4525,15.62797308,0.9789537,0.97477111,0.0,0.0034644,1.951e-05
2025-01-16 13:00:00+00:00,12064.4675,15.76439284,0.97878056,0.97395429,0.0,0.00402003,2.219e-05
2025-01-16 14:00:00+00:00,12201.1425,15.70115688,0.97854755,0.97387084,0.0,0.00380979,2.304e-05
2025-01-16 15:00:00+00:00,12513.65,15.65526081,0.97874012,0.97435178,0.0,0.00356193,3.522e-05
2025-01-16 16:00:00+00:00,12602.0225,15.84166473,0.97775045,0.97315971,0.0,0.00373521,3.548e-05
2025-01-16 17:00:00+00:00,12125.8875,15.9847897,0.97740236,0.97313626,0.0,0.00353598,2.354e-05
2025-01-16 18:00:00+00:00,11839.14,16.05637781,0.97655338,0.97233065,0.0,0.00352474,1.888e-05
2025-01-16 19:00:00+00:00,11569.755,16.59956394,0.97617482,0.97048047,0.0,0.00476774,2.477e-05
2025-01-16 20:00:00+00:00,10958.1775,16.70256851,0.97645806,0.97041457,0.0,0.00508032,2.569e-05
2025-01-16 21:00:00+00:00,10385.145,16.6691479,0.97633178,0.97005326,0.0,0.00528471,2.674e-05
2025-01-16 22:00:00+00:00,9835.155,16.72599166,0.97620885,0.9693243,0.0,0.00578987,2.96e-05
2025-01-16 23:00:00+00:00,9539.285,16.53268754,0.97868502,0.97169668,0.0,0.00588076,3.069e-05
2025-01-17 00:00:00+00:00,9351.5175,16.30774766,0.97875414,0.97199324,0.0,0.0056943,2.992e-05
2025-01-17 01:00:00+00:00,9302.1675,16.04990721,0.97907308,0.97286791,0.0,0.00522657,2.77e-05
2025-01-17 02:00:00+00:00,9295.215,15.96394305,0.9788479,0.97290464,0.0,0.00499484,2.506e-05
2025-01-17 03:00:00+00:00,9297.35,15.92461707,0.97870786,0.9729947,0.0,0.00479361,1.978e-05
2025-01-17 04:00:00+00:00,9653.9025,15.5405177,0.98092783,0.97809131,0.0,0.00236052,1.098e-05
2025-01-17 05:00:00+00:00,10796.435,15.39532724,0.97578835,0.97477621,0.0,0.00081545,3.51e-06
2025-01-17 06:00:00+00:00,11978.735,15.6827833,0.97600375,0.97496426,0.0,0.00077274,1.729e-05
2025-01-17 07:00:00+00:00,12208.2725,15.83916306,0.97534251,0.97375104,0.0,0.00119353,2.655e-05
2025-01-17 08:00:00+00:00,12083.4875,16.00276545,0.97506989,0.97292844,0.0,0.00169402,2.107e-05
2025-01-17 09:00:00+00:00,12127.725,15.99594616,0.97445185,0.97232155,0.0,0.00169984,1.878e-05
2025-01-17 10:00:00+00:00,12064.445,15.9943183,0.97577228,0.97365588,0.0,0.0017241,1.225e-05
2025-01-17 11:00:00+00:00,12002.445,16.21717591,0.97682246,0.97342833,0.0,0.00283487,1.069e-05
2025-01-17 12:00:00+00:00,11749.8775,16.11702229,0.97705765,0.97318987,0.0,0.00322896,1.264e-05
2025-01-17 13:00:00+00:00,11640.4825,15.67195082,0.97735831,0.97410198,0.0,0.00270738,1.161e-05
2025-01-17 14:00:00+00:00,11612.4525,14.7456979,0.97852783,0.97783421,0.0,0.00054899,2.38e-06
2025-01-17 15:00:00+00:00,11924.8425,14.65754178,0.97864367,0.97769353,0.0,0.00076955,3.31e-06
2025-01-17 16:00:00+00:00,12055.9875,14.59394319,0.97943652,0.97839452,0.0,0.00085366,3.23e-06
2025-01-17 17:00:00+00:00,11777.3675,14.5239297,0.98071518,0.97981802,0.0,0.00072736,2.81e-06
2025-01-17 18:00:00+00:00,11416.7075,14.60076528,0.98200016,0.98077069,0.0,0.00100594,3.62e-06
2025-01-17 19:00:00+00:00,10932.2725,14.98825593,0.98112435,0.9784371,0.0,0.00223466,7.53e-06
2025-01-17 20:00:00+00:00,10504.595,15.16562045,0.9814238,0.97829533,0.0,0.002612,8.67e-06
2025-01-17 21:00:00+00:00,10111.0575,15.10046867,0.98111452,0.97794118,0.0,0.00264453,8.86e-06
2025-01-17 22:00:00+00:00,9816.545,15.34381981,0.98040008,0.97653048,0.0,0.00321825,1.084e-05
2025-01-17 23:00:00+00:00,9273.305,15.4170075,0.97948773,0.97453511,0.0,0.00412596,1.753e-05
2025-01-18 00:00:00+00:00,9036.15,15.72135803,0.97795163,0.97201122,0.0,0.00495496,2.23e-05
2025-01-18 01:00:00+00:00,8942.5075,15.87626891,0.97803338,0.97198515,0.0,0.00505963,1.72e-05
2025-01-18 02:00:00+00:00,8825.6725,16.1827932,0.97737667,0.97076746,0.0,0.0055178,1.925e-05
2025-01-18 03:00:00+00:00,8795.665,16.53594665,0.97705318,0.96968988,0.0,0.00617207,2.23e-05
2025-01-18 04:00:00+00:00,8868.4825,16.47691189,0.97801065,0.9709812,0.0,0.00590356,2.197e-05
2025-01-18 05:00:00+00:00,9178.4325,16.57884166,0.97682523,0.96985526,0.0,0.0058329,2.119e-05
2025-01-18 06:00:00+00:00,9710.6075,16.44078729,0.97358818,0.96744891,0.0,0.00513306,2.047e-05
2025-01-18 07:00:00+00:00,10220.2275,16.53981252,0.97304921,0.9670462,0.0,0.00501635,2.099e-05
2025-01-18 08:00:00+00:00,10570.91,17.09579015,0.97345528,0.96645591,0.00040553,0.00548556,3.285e-05
2025-01-18 09:00:00+00:00,10665.18,17.64200732,0.97273884,0.96448427,0.00154106,0.00537827,0.0001237
2025-01-18 10:00:00+00:00,10612.69,18.07319594,0.9715089,0.96270765,0.00187419,0.00544123,0.00017661
2025-01-18 11:00:00+00:00,10577.62,18.41736605,0.97242303,0.96349073,0.00171428,0.00561793,0.00019486
2025-01-18 12:00:00+00:00,10721.59,18.47709048,0.9707154,0.96217036,0.00158639,0.0055339,0.00014729
2025-01-18 13:00:00+00:00,10797.31,18.41194599,0.9706677,0.9622982,0.0017872,0.00525348,0.0001407
2025-01-18 14:00:00+00:00,10983.22,17.89846966,0.97448307,0.96789425,0.00209229,0.00346405,0.00016325
2025-01-18 15:00:00+00:00,11105.89,17.66440114,0.9756831,0.97068493,0.00201107,0.00195939,0.0002788
2025-01-18 16:00:00+00:00,11186.68,17.43747679,0.97468766,0.97095748,0.00127854,0.00153637,0.00026013
2025-01-18 17:00:00+00:00,10776.16,16.9514092,0.97612117,0.97402335,0.00042985,0.0010596,0.00015765
2025-01-18 18:00:00+00:00,10540.51,16.41060146,0.9768971,0.9765089,9.59e-06,7.819e-05,8.616e-05
2025-01-18 19:00:00+00:00,10497.3975,16.14094115,0.97747077,0.97727809,0.0,0.0,4.446e-05
2025-01-18 20:00:00+00:00,10107.575,15.99275224,0.97737774,0.97723412,0.0,0.0,3.043e-05
2025-01-18 21:00:00+00:00,9690.645,15.9405402,0.97764279,0.9775576,0.0,0.0,1.545e-05
2025-01-18 22:00:00+00:00,9371.525,15.82366341,0.97812292,0.97808683,0.0,0.0,0.0
2025-01-18 23:00:00+00:00,9274.84,15.81748487,0.9788395,0.97880918,0.0,0.0,0.0
2025-01-19 00:00:00+00:00,9106.13,15.63554107,0.97881797,0.97878709,0.0,0.0,0.0
2025-01-19 01:00:00+00:00,9015.725,15.42366249,0.97851442,0.97848212,0.0,0.0,0.0
2025-01-19 02:00:00+00:00,8804.97,15.48064651,0.9780124,0.97726212,0.0,0.00059735,2.07e-06
2025-01-19 03:00:00+00:00,8832.615,15.39017615,0.97791836,0.97698462,0.0,0.0007576,2.45e-06
2025-01-19 04:00:00+00:00,8761.1675,15.175274,0.97748187,0.97683015,0.0,0.00051996,1.69e-06
2025-01-19 05:00:00+00:00,9115.82,15.31177979,0.97643521,0.97504284,0.0,0.0011368,3.7e-06
2025-01-19 06:00:00+00:00,9530.7725,15.21669319,0.97681868,0.97538953,0.0,0.00117699,3.78e-06
2025-01-19 07:00:00+00:00,9834.07,15.49526978,0.97543583,0.97285088,0.0,0.00214264,7.28e-06
2025-01-19 08:00:00+00:00,10355.87,14.89813903,0.9756579,0.97546014,0.0,0.0,4.561e-05
2025-01-19 09:00:00+00:00,10596.1775,15.01065016,0.97531019,0.97508336,1.93e-06,0.0,5.649e-05
2025-01-19 10:00:00+00:00,10792.725,15.31785693,0.97489399,0.9734891,0.0,0.00109755,2.234e-05
2025-01-19 11:00:00+00:00,10947.5525,15.84420643,0.97387822,0.97052714,0.0,0.00276891,1.859e-05
2025-01-19 12:00:00+00:00,10784.81,15.97865662,0.97346174,0.96972721,0.00015149,0.00297436,1.407e-05
2025-01-19 13:00:00+00:00,10916.78,16.38662976,0.97307631,0.96813406,0.00058734,0.00355367,4.263e-05
2025-01-19 14:00:00+00:00,11268.51,16.73732251,0.97072895,0.96530985,0.00106304,0.0034153,9.897e-05
2025-01-19 15:00:00+00:00,11760.28,17.38605262,0.96496398,0.95858605,0.00199082,0.00310242,0.00026824
2025-01-19 16:00:00+00:00,12001.87,18.07569864,0.96161113,0.95408503,0.00316297,0.00301438,0.00032543
2025-01-19 17:00:00+00:00,11848.22,18.36783216,0.9605205,0.95356171,0.00299556,0.00255246,0.00036243
2025-01-19 18:00:00+00:00,11733.33,19.02083721,0.95984457,0.95266097,0.00285015,0.00277367,0.00042036
2025-01-19 19:00:00+00:00,11481.87,19.29656479,0.95954486,0.95283839,0.00275547,0.00236264,0.00046341
2025-01-19 20:00:00+00:00,11152.06,19.32946809,0.96537093,0.95977734,0.00268928,0.00140512,0.00049665
2025-01-19 21:00:00+00:00,10739.26,19.48788855,0.97080618,0.96576667,0.00225138,0.00142236,0.00044738
2025-01-19 22:00:00+00:00,10365.78,19.33836805,0.97011107,0.96598618,0.00184864,0.00122794,0.00036001
2025-01-19 23:00:00+00:00,10038.19,19.21240982,0.96728232,0.9642208,0.00100128,0.00124635,0.00027762
2025-01-20 00:00:00+00:00,9894.06,19.19014202,0.96711036,0.96431941,0.00090623,0.00109531,0.0002717
2025-01-20 01:00:00+00:00,9855.44,19.10785618,0.96724989,0.96480944,0.00070213,0.00103356,0.00023326
2025-01-20 02:00:00+00:00,9803.04,19.95569741,0.96533512,0.95941505,0.00028191,0.00423165,0.00029674
2025-01-20 03:00:00+00:00,10040.84,19.36051338,0.96527841,0.96163938,0.00066818,0.00194816,0.00027433
2025-01-20 04:00:00+00:00,10538.13,19.17793537,0.95463993,0.95127274,0.00114716,0.00125256,0.00031719
2025-01-20 05:00:00+00:00,11574.98,19.94851398,0.94756319,0.94178305,0.00154404,0.00254075,0.00046087
2025-01-20 06:00:00+00:00,12266.01,20.69514165,0.94517012,0.93747013,0.00141196,0.00389458,0.00045983
2025-01-20 07:00:00+00:00,12438.73,20.55962568,0.93772375,0.93009956,0.00107692,0.00417079,0.00039838
2025-01-20 08:00:00+00:00,12530.4,20.36131405,0.93771963,0.93041947,0.00156129,0.00360972,0.00037531
2025-01-20 09:00:00+00:00,12510.87,19.61941457,0.93772262,0.9330134,0.00105434,0.00215348,0.0002897
2025-01-20 10:00:00+00:00,12353.52,19.92726037,0.93505627,0.92960624,0.00036776,0.00302138,0.00030669
2025-01-20 11:00:00+00:00,12167.93,19.8779218,0.933837,0.92841873,6.508e-05,0.00311852,0.00027919
2025-01-20 12:00:00+00:00,12040.51,19.37962039,0.93493209,0.930532,7.838e-05,0.00260785,0.00017652
2025-01-20 13:00:00+00:00,12035.25,19.321012,0.93511509,0.93016031,0.0,0.00308174,0.00018651
2025-01-20 14:00:00+00:00,12204.2225,19.30472368,0.93550631,0.9299199,0.0,0.00357935,0.00020861
2025-01-20 15:00:00+00:00,12557.755,19.72356881,0.93875462,0.93142397,0.0004371,0.00441019,0.00027809
2025-01-20 16:00:00+00:00,12733.77,19.68648395,0.93899376,0.93121285,0.0008033,0.00449817,0.00029906
2025-01-20 17:00:00+00:00,12481.77,19.54007316,0.93718149,0.92914398,0.00056959,0.00475484,0.00031595
2025-01-20 18:00:00+00:00,12345.45,19.54745721,0.9381359,0.93012652,0.00042612,0.00482923,0.00033024
2025-01-20 19:00:00+00:00,12025.29,18.89078028,0.9397849,0.9332448,0.00076115,0.00390973,0.00031363
2025-01-20 20:00:00+00:00,11505.6,18.41649462,0.94261844,0.93699761,0.00110936,0.00306924,0.00032298
2025-01-20 21:00:00+00:00,10937.06,17.62638277,0.94600238,0.94249623,0.00062138,0.00196602,0.00023783
2025-01-20 22:00:00+00:00,10493.3275,17.01629811,0.95157875,0.9502513,3.316e-05,0.00090023,9.015e-05
2025-01-20 23:00:00+00:00,10323.3025,17.07372977,0.9544507,0.95325328,6.972e-05,0.00065436,0.00013717
2025-01-21 00:00:00+00:00,10107.49,16.87177745,0.95756139,0.95710968,7.424e-05,0.0,0.00013385
2025-01-21 01:00:00+00:00,9914.8475,16.84787918,0.95729939,0.9568719,7.317e-05,6.1e-07,0.00012734
2025-01-21 02:00:00+00:00,9827.1525,16.80515211,0.95708614,0.9566029,9.527e-05,2.16e-06,0.00015219
2025-01-21 03:00:00+00:00,9865.3625,16.79479628,0.95582808,0.95522061,0.00013628,0.0,0.00019605
2025-01-21 04:00:00+00:00,10229.48,16.91362066,0.95361404,0.95216574,0.00088356,3.83e-06,0.00025742
2025-01-21 05:00:00+00:00,11300.6725,17.36885103,0.94840747,0.94612832,0.00158403,4.56e-06,0.00029152
2025-01-21 06:00:00+00:00,12381.2,18.75773177,0.9422746,0.9355561,0.0021583,0.0031641,0.00040756
2025-01-21 07:00:00+00:00,12558.94,19.90400635,0.94175807,0.93220626,0.00200694,0.00537458,0.0004262
2025-01-21 08:00:00+00:00,12532.6,20.12060153,0.94070239,0.93060235,0.00119082,0.00688611,0.00043226
2025-01-21 09:00:00+00:00,12565.2,20.22018067,0.94131257,0.93110429,0.00145444,0.0067538,0.00046146
2025-01-21 10:00:00+00:00,12524.66,20.23051428,0.94061952,0.93071295,0.0013975,0.00656262,0.00050298
2025-01-21 11:00:00+00:00,12347.1,20.24412084,0.93945926,0.92964208,0.00122181,0.00662921,0.00053272
2025-01-21 12:00:00+00:00,12268.63,20.36380443,0.94084332,0.93049988,0.00174039,0.0065525,0.00056333
2025-01-21 13:00:00+00:00,12275.51,20.43734104,0.94090691,0.93030303,0.00185142,0.00666746,0.00055653
2025-01-21 14:00:00+00:00,12399.53,20.4940066,0.94210285,0.93153803,0.00197755,0.006398,0.00054573
2025-01-21 15:00:00+00:00,12643.88,20.4651739,0.94062501,0.9311062,0.00112099,0.0062358,0.0005165
2025-01-21 16:00:00+00:00,12736.41,20.41043339,0.94078722,0.93187916,0.00076427,0.0061162,0.00045967
2025-01-21 17:00:00+00:00,12374.34,20.20934488,0.94335914,0.93480162,0.00055873,0.00616419,0.00037585
2025-01-21 18:00:00+00:00,12048.52,19.6592741,0.94424749,0.9371036,0.00132731,0.00445857,0.00035116
2025-01-21 19:00:00+00:00,11720.37,20.09438496,0.94542098,0.93656082,0.00156408,0.0056531,0.00041678
2025-01-21 20:00:00+00:00,11278.22,19.95559399,0.94707185,0.93920018,0.00119046,0.00512419,0.00035711
2025-01-21 21:00:00+00:00,10794.6,20.28939823,0.94491183,0.93600318,0.00026243,0.00682523,0.00027058
2025-01-21 22:00:00+00:00,10413.38,20.49985681,0.9536371,0.94353891,0.00036471,0.00763918,0.00022707
2025-01-21 23:00:00+00:00,9945.61,20.62228075,0.9622857,0.95155714,0.00038741,0.00813648,0.0002144
2025-01-22 00:00:00+00:00,9773.18,20.70436936,0.96260164,0.95127939,0.00057385,0.00844765,0.00024574
2025-01-22 01:00:00+00:00,9739.3,20.98870532,0.96167847,0.9498958,0.00053635,0.00863607,0.00026636
2025-01-22 02:00:00+00:00,9602.16,20.6626465,0.96141759,0.95068821,0.0011319,0.0071093,0.0002549
2025-01-22 03:00:00+00:00,9471.12,20.29642388,0.95832638,0.94952604,0.00098774,0.00549852,0.0003193
2025-01-22 04:00:00+00:00,9887.89,19.55215924,0.95299672,0.94771461,0.00107928,0.00266824,0.00033469
2025-01-22 05:00:00+00:00,10911.76,19.5479634,0.94081219,0.93651217,0.00127683,0.00176465,0.00031167
2025-01-22 06:00:00+00:00,11912.69,20.46670573,0.93567702,0.92891684,0.00189928,0.00296521,0.00034536
2025-01-22 07:00:00+00:00,12143.32,20.99960354,0.93546311,0.92846436,0.00120557,0.00335155,0.00035693
2025-01-22 08:00:00+00:00,12098.92,21.21793799,0.9368885,0.93027825,0.00088121,0.0030835,0.00035509
2025-01-22 09:00:00+00:00,12069.35,20.44847014,0.93605041,0.9311572,0.00091011,0.0020631,0.0002696
2025-01-22 10:00:00+00:00,12112.9725,18.96117929,0.93439368,0.93355932,0.00047684,0.0,0.00014438
2025-01-22 11:00:00+00:00,12072.94,19.39180461,0.93758727,0.93561728,0.00153153,0.0,0.00018539
2025-01-22 12:00:00+00:00,11950.6325,19.27805062,0.93620064,0.93451486,0.00134222,0.0,0.00014718
2025-01-22 13:00:00+00:00,11907.2625,19.29402221,0.94167226,0.9396602,0.0016643,0.0,0.00014052
2025-01-22 14:00:00+00:00,12128.51,19.54460219,0.9415144,0.93783484,0.00324663,0.0,0.00017143
2025-01-22 15:00:00+00:00,12379.0725,19.58600874,0.93753944,0.93383273,0.00326889,0.0,0.00017894
2025-01-22 16:00:00+00:00,12517.06,19.51387337,0.93649784,0.93337483,0.00268367,0.0,0.0001851
2025-01-22 17:00:00+00:00,12387.8925,19.54438364,0.93656844,0.9335575,0.00252744,0.0,0.00020436
2025-01-22 18:00:00+00:00,12056.5475,19.50196765,0.93772428,0.93441075,0.00280856,0.0,0.00020716
2025-01-22 19:00:00+00:00,11756.6825,19.30402584,0.93560523,0.93354085,0.00158053,0.0,0.00019683
2025-01-22 20:00:00+00:00,11364.515,19.23712376,0.93552271,0.93376495,0.00130896,0.0,0.00018291
2025-01-22 21:00:00+00:00,10867.9025,19.21929179,0.93649563,0.93452301,0.00148961,0.0,0.00021
2025-01-22 22:00:00+00:00,10436.0025,19.35998351,0.94145164,0.9387172,0.00214176,0.0,0.00025457
2025-01-22 23:00:00+00:00,9991.58,19.22574168,0.95262237,0.94953475,0.00254181,0.0,0.00023993
2025-01-23 00:00:00+00:00,9785.035,19.11140053,0.95857901,0.95584387,0.00213327,0.0,0.00026778
2025-01-23 01:00:00+00:00,9734.765,18.92035236,0.95876369,0.95655368,0.00160861,0.0,0.0002634
2025-01-23 02:00:00+00:00,9644.78,18.6748168,0.9583703,0.95675036,0.00108102,0.0,0.00024405
2025-01-23 03:00:00+00:00,9677.965,18.4261802,0.95764202,0.95637996,0.00077161,0.0,0.00022611
2025-01-23 04:00:00+00:00,10077.3,18.32452268,0.94978751,0.94881835,0.00048322,0.0,0.00021161
2025-01-23 05:00:00+00:00,11290.15,18.56927455,0.94320194,0.9420513,0.0007259,0.0,0.00018224
2025-01-23 06:00:00+00:00,12128.955,18.5180176,0.94181745,0.94059375,0.00089919,0.0,0.00013234
2025-01-23 07:00:00+00:00,12343.5075,18.27895373,0.94083052,0.94045846,0.00010191,0.0,9.411e-05
2025-01-23 08:00:00+00:00,12464.95,18.45064714,0.9417318,0.94078614,0.000614,0.0,0.00012347
2025-01-23 09:00:00+00:00,12585.305,18.50100187,0.94280077,0.94175802,0.00067297,0.0,0.00015051
2025-01-23 10:00:00+00:00,12572.52,19.34898012,0.9437844,0.94087781,0.00085526,0.0,0.00017343
2025-01-23 11:00:00+00:00,12598.8375,18.4278495,0.9434681,0.94228137,0.00078389,0.0,0.00017095
2025-01-23 12:00:00+00:00,12594.3475,18.21886411,0.9438093,0.94302885,0.00043661,0.0,0.00015793
2025-01-23 13:00:00+00:00,12483.3575,18.16173301,0.94325276,0.94246983,0.00035533,0.0,0.00019551
2025-01-23 14:00:00+00:00,12707.69,18.56029257,0.94284953,0.94051103,0.0007954,0.00040996,0.00022673
2025-01-23 15:00:00+00:00,12924.3275,19.49489949,0.94353807,0.93860888,0.00169077,0.0009745,0.00025874
2025-01-23 16:00:00+00:00,12951.3,19.0265792,0.94393894,0.93995872,0.00179684,0.00052289,0.00026902
2025-01-23 17:00:00+00:00,12799.495,18.3686934,0.94492999,0.94176574,0.00232974,6.546e-05,0.00028839
2025-01-23 18:00:00+00:00,12572.63,18.16547552,0.94584357,0.94282253,0.00239439,0.0,0.00028483
2025-01-23 19:00:00+00:00,12188.1975,17.96045727,0.94969236,0.94741086,0.00168527,0.0,0.00026088
2025-01-23 20:00:00+00:00,11603.3425,17.71762954,0.95499784,0.95331861,0.00110231,0.0,0.00025831
2025-01-23 21:00:00+00:00,11039.78,17.46911585,0.95921048,0.95818006,0.00048289,0.0,0.00023426
2025-01-23 22:00:00+00:00,10668.2825,17.24447354,0.96025295,0.95957042,0.00019459,0.0,0.00021315
2025-01-23 23:00:00+00:00,10342.68,17.22873984,0.96404224,0.9632231,0.00018883,0.0,0.00024661
2025-01-24 00:00:00+00:00,10116.6075,17.13973923,0.96469755,0.96402191,0.00015398,0.0,0.00020441
2025-01-24 01:00:00+00:00,9871.75,16.92539589,0.96394961,0.96355194,9.996e-05,0.0,0.00012135
2025-01-24 02:00:00+00:00,9837.4725,17.20067258,0.9639069,0.96302539,7.654e-05,0.00016305,9.901e-05
2025-01-24 03:00:00+00:00,9921.3025,17.86681588,0.96395396,0.96179009,0.00010181,0.0005931,0.00011117
2025-01-24 04:00:00+00:00,10203.6375,17.14030786,0.96235285,0.96178239,0.00016358,0.0,0.0001833
2025-01-24 05:00:00+00:00,11388.5825,18.00604412,0.95968314,0.95693754,0.00217627,0.0,0.00027398
2025-01-24 06:00:00+00:00,12177.685,18.14265857,0.95464372,0.9520889,0.00203663,0.0,0.00023293
2025-01-24 07:00:00+00:00,12436.1275,18.08946352,0.95331689,0.95103835,0.00174328,9.057e-05,0.00019062
2025-01-24 08:00:00+00:00,12342.7,18.28499443,0.9528915,0.9501674,0.00163699,0.00058648,0.00020521
2025-01-24 09:00:00+00:00,12224.265,18.09733348,0.95339208,0.95128549,0.0016705,0.0,0.00019753
2025-01-24 10:00:00+00:00,12062.83,18.08272948,0.95648262,0.95453912,0.00149183,0.0,0.00020669
2025-01-24 11:00:00+00:00,11972.4375,17.9477042,0.95766962,0.95623071,0.00100144,0.0,0.00019601
2025-01-24 12:00:00+00:00,11953.6175,17.78233258,0.96003349,0.95930741,0.00036258,0.0,0.00016093
2025-01-24 13:00:00+00:00,11985.42,17.63785432,0.96180834,0.96128578,0.00014764,0.0,0.00016442
2025-01-24 14:00:00+00:00,11930.72,17.64280024,0.96544911,0.96435594,0.0006319,0.0,0.00022001
2025-01-24 15:00:00+00:00,12181.1875,17.44924781,0.966141,0.96550339,0.00019586,0.0,0.00020794
2025-01-24 16:00:00+00:00,12249.1175,17.20880169,0.96880958,0.96823464,0.00017903,0.0,0.000189
2025-01-24 17:00:00+00:00,12088.95,17.04330287,0.97183808,0.97141129,0.00011912,0.0,0.00013769
2025-01-24 18:00:00+00:00,11615.2975,16.70245125,0.97261676,0.97237158,4.062e-05,0.0,6.82e-05
2025-01-24 19:00:00+00:00,11214.6675,16.37451537,0.97290012,0.97284324,0.0,1.5e-07,5.83e-06
2025-01-24 20:00:00+00:00,10720.9675,16.18484413,0.97298676,0.97295652,0.0,0.0,0.0
2025-01-24 21:00:00+00:00,10356.8025,15.78791465,0.97438151,0.97434189,0.0,0.0,3.09e-06
2025-01-24 22:00:00+00:00,10016.4525,15.75783841,0.97345948,0.97207625,0.0,0.00105891,2.588e-05
2025-01-24 23:00:00+00:00,9673.91,15.28906122,0.98058932,0.98028809,0.0,3.641e-05,6.345e-05
2025-01-25 00:00:00+00:00,9366.1825,15.5420169,0.98024584,0.97868733,0.0,0.00106804,7.265e-05
2025-01-25 01:00:00+00:00,9101.28,15.56569159,0.97941443,0.97730451,0.0,0.00152437,7.443e-05
2025-01-25 02:00:00+00:00,9132.6425,15.38753011,0.97975419,0.97806192,0.0,0.00127053,4.091e-05
2025-01-25 03:00:00+00:00,9091.1325,15.28539665,0.97946435,0.97808533,0.0,0.00105138,2.871e-05
2025-01-25 04:00:00+00:00,9227.435,15.58226968,0.9784123,0.97561743,0.0,0.00227852,1.784e-05
2025-01-25 05:00:00+00:00,9467.03,15.72736483,0.97850127,0.97553136,0.0,0.00243151,1.474e-05
2025-01-25 06:00:00+00:00,9797.89,15.81456882,0.97931285,0.97645615,0.0,0.0023433,1.103e-05
2025-01-25 07:00:00+00:00,10119.72,15.93377099,0.97864571,0.97583456,0.0,0.00230232,1.702e-05
2025-01-25 08:00:00+00:00,10355.235,16.48339178,0.97834867,0.97335925,0.0,0.00406255,4.305e-05
2025-01-25 09:00:00+00:00,10560.14,16.57858184,0.97913272,0.97377384,0.0,0.00437397,4.564e-05
2025-01-25 10:00:00+00:00,10667.1875,16.4252041,0.97865462,0.97407638,0.0,0.00376649,2.909e-05
2025-01-25 11:00:00+00:00,10794.72,15.9010536,0.97969047,0.97739677,0.0,0.00188061,1.306e-05
2025-01-25 12:00:00+00:00,10885.1275,15.67063187,0.97997182,0.97859936,0.0,0.00109577,1.578e-05
2025-01-25 13:00:00+00:00,10864.4175,15.75227416,0.98102343,0.97932971,0.0,0.00132666,3.222e-05
2025-01-25 14:00:00+00:00,10950.2825,15.63745207,0.98071335,0.97919655,0.0,0.00116194,3.395e-05
2025-01-25 15:00:00+00:00,11351.3825,15.4308796,0.98125899,0.98037696,0.0,0.00058196,4.654e-05
2025-01-25 16:00:00+00:00,11590.68,15.28777949,0.98089819,0.98028514,2.19e-06,0.00035365,3.815e-05
2025-01-25 17:00:00+00:00,11366.8075,15.20395359,0.9811355,0.98045971,0.0,0.00046088,2.72e-05
2025-01-25 18:00:00+00:00,11077.405,15.13382927,0.98094739,0.98009797,0.0,0.00068145,3.46e-06
2025-01-25 19:00:00+00:00,10771.275,15.32634148,0.98082253,0.97874151,0.0,0.00171968,8.27e-06
2025-01-25 20:00:00+00:00,10363.5,15.01429254,0.98092526,0.9795195,0.0,0.0011537,5.57e-06
2025-01-25 21:00:00+00:00,10145.015,15.01930205,0.98053657,0.97879699,0.0,0.00143648,7e-06
2025-01-25 22:00:00+00:00,9976.4475,15.15230986,0.97992972,0.97726835,0.0,0.00220684,1.092e-05
2025-01-25 23:00:00+00:00,9847.0325,15.4373786,0.97940141,0.97519044,0.0,0.00351585,1.717e-05
2025-01-26 00:00:00+00:00,9649.1875,15.76818841,0.97877306,0.97319991,0.0,0.00466273,2.248e-05
2025-01-26 01:00:00+00:00,9495.88,16.00362437,0.97817439,0.97178513,0.0,0.00534513,2.609e-05
2025-01-26 02:00:00+00:00,9297.1275,16.01386763,0.97787929,0.97166261,0.0,0.00519539,2.613e-05
2025-01-26 03:00:00+00:00,9324.3975,16.09935727,0.97800584,0.97192507,0.0,0.00507781,2.617e-05
2025-01-26 04:00:00+00:00,9394.265,16.10593108,0.97876788,0.97321104,0.0,0.0046398,2.416e-05
2025-01-26 05:00:00+00:00,9620.2275,15.82921681,0.97656788,0.97269718,0.0,0.00320968,2.158e-05
2025-01-26 06:00:00+00:00,9832.9175,15.26556462,0.97578371,0.97433123,0.0,0.00112999,2.913e-05
2025-01-26 07:00:00+00:00,10196.32,15.34096836,0.9755956,0.97395746,0.0,0.00127644,3.132e-05
2025-01-26 08:00:00+00:00,10656.7125,15.4390172,0.97562302,0.97417018,0.0,0.0009478,8.802e-05
2025-01-26 09:00:00+00:00,10768.1925,15.77725886,0.97491523,0.97379466,0.000233,0.00033322,0.00018641
2025-01-26 10:00:00+00:00,10908.15,16.4281613,0.97520114,0.97249748,0.00217257,0.0,0.00022147
2025-01-26 11:00:00+00:00,11035.455,16.67682543,0.97536426,0.97287758,0.00192727,0.0,0.00023933
2025-01-26 12:00:00+00:00,11126.0425,17.13326302,0.97569954,0.97297515,0.00211413,6.75e-06,0.00029161
2025-01-26 13:00:00+00:00,11264.68,17.63518546,0.97441221,0.97033386,0.00175614,0.00141348,0.00031445
2025-01-26 14:00:00+00:00,11364.7,17.55169279,0.97364448,0.96956349,0.00148791,0.00179075,0.00022202
2025-01-26 15:00:00+00:00,11950.23,17.53178228,0.97236027,0.96811561,0.00205233,0.00154749,0.00018977
2025-01-26 16:00:00+00:00,12249.69,17.82615608,0.97067279,0.96513649,0.00220803,0.00264473,0.000194
2025-01-26 17:00:00+00:00,12331.44,18.13849617,0.97000316,0.96324547,0.00240967,0.00347315,0.00025953
2025-01-26 18:00:00+00:00,12127.23,18.23093546,0.97044095,0.96317784,0.00259104,0.00366424,0.00033011
2025-01-26 19:00:00+00:00,11922.79,18.25712017,0.96951215,0.9625637,0.00201874,0.00384358,0.00036899
2025-01-26 20:00:00+00:00,11483.65,17.89730953,0.97148823,0.96633557,0.00219956,0.00204676,0.00035893
2025-01-26 21:00:00+00:00,11006.9975,17.22749274,0.97188494,0.96944495,0.00148707,0.00040508,0.0002416
2025-01-26 22:00:00+00:00,10593.045,16.64685119,0.97188263,0.97157155,1.57e-06,7.791e-05,3.359e-05
2025-01-26 23:00:00+00:00,10311.14,16.63197871,0.97132,0.97069531,0.00016767,0.0,0.00021888
2025-01-27 00:00:00+00:00,10220.425,16.41394871,0.97207792,0.9718075,0.0,0.0,7.152e-05
2025-01-27 01:00:00+00:00,10052.0125,16.37244294,0.97166954,0.97132844,2.9e-07,0.00011211,9.1e-07
2025-01-27 02:00:00+00:00,10120.105,18.02064389,0.97229417,0.96853401,1.4e-07,0.00117468,5.06e-06
2025-01-27 03:00:00+00:00,10326.16,18.13816218,0.97183197,0.96816109,3e-08,0.00105497,5.85e-06
2025-01-27 04:00:00+00:00,10740.4475,17.25012035,0.97073759,0.96926988,4.3e-07,0.00046004,2.81e-06
2025-01-27 05:00:00+00:00,11763.1975,16.93699723,0.96731966,0.96728434,0.0,5e-08,2.32e-06
2025-01-27 06:00:00+00:00,12913.14,17.59892832,0.96598198,0.96378928,0.00197106,1.5e-06,7.147e-05
2025-01-27 07:00:00+00:00,13166.97,18.64056887,0.96678322,0.96195744,0.00317191,0.00052349,0.00016027
2025-01-27 08:00:00+00:00,13105.0375,20.29589587,0.96647115,0.95764704,0.00387099,0.00175891,0.00018614
2025-01-27 09:00:00+00:00,13061.28,19.82481071,0.96004637,0.95378554,0.00140082,0.00171184,0.00011642
2025-01-27 10:00:00+00:00,12723.2575,17.76109785,0.9597748,0.95854802,0.00022895,0.0002745,8.35e-05
2025-01-27 11:00:00+00:00,12753.7875,17.21596192,0.96266569,0.9624903,0.0,2.51e-06,3.837e-05
2025-01-27 12:00:00+00:00,12811.04,17.05360432,0.96288492,0.96273648,0.0,1.9e-06,3.313e-05
2025-01-27 13:00:00+00:00,12915.415,17.47613911,0.96108488,0.95981686,9.33e-06,0.00043616,4.985e-05
2025-01-27 14:00:00+00:00,12921.5175,17.06393521,0.96260251,0.96176912,0.00047353,8e-07,0.00017798
2025-01-27 15:00:00+00:00,13230.56,17.33384732,0.96422301,0.96231353,0.00142939,0.0,0.00023798
2025-01-27 16:00:00+00:00,13520.845,17.60780276,0.9615352,0.9587184,0.00225582,0.0,0.0002804
2025-01-27 17:00:00+00:00,13071.83,17.43574598,0.96037193,0.95696547,0.00283973,0.0,0.00029342
2025-01-27 18:00:00+00:00,12496.285,17.02984711,0.95797986,0.95638255,0.0010621,0.0,0.00025855
2025-01-27 19:00:00+00:00,11996.4125,16.81514537,0.95817483,0.95760555,9.597e-05,0.0,0.00017546
2025-01-27 20:00:00+00:00,11362.115,16.86755861,0.96051918,0.95994912,8.581e-05,0.0,0.00017377
2025-01-27 21:00:00+00:00,10817.4025,16.88293002,0.96127421,0.96077952,4.677e-05,0.0,0.00014118
2025-01-27 22:00:00+00:00,10495.1825,17.09110622,0.96583034,0.96478872,0.0,0.00057605,0.00010715
2025-01-27 23:00:00+00:00,10260.51,17.47917088,0.96777724,0.96536589,0.0,0.00174482,0.00010878
2025-01-28 00:00:00+00:00,10036.2775,17.85450119,0.96924543,0.96517787,0.0,0.00316065,0.00011505
2025-01-28 01:00:00+00:00,9916.605,18.51021931,0.9681572,0.96164641,0.0,0.00527153,0.00011995
2025-01-28 02:00:00+00:00,9687.9175,18.77544216,0.96537503,0.95746295,0.0,0.00645417,0.00012095
2025-01-28 03:00:00+00:00,9604.6025,18.68750117,0.96417966,0.95669131,0.0,0.00601951,0.00011262
2025-01-28 04:00:00+00:00,9872.9175,18.33653915,0.96361856,0.95809923,5.69e-06,0.00434409,0.00012363
2025-01-28 05:00:00+00:00,10906.6325,18.48474969,0.95965303,0.95547038,2.77e-06,0.00294922,0.0001186
2025-01-28 06:00:00+00:00,11889.655,18.98035032,0.95391851,0.94938128,1.599e-05,0.00303289,0.00015723
2025-01-28 07:00:00+00:00,12037.275,23.12261727,0.95112699,0.93819475,0.00018826,0.0062145,0.00031853
2025-01-28 08:00:00+00:00,12017.4975,23.41677811,0.95171923,0.93851478,0.00022749,0.00627006,0.00030637
2025-01-28 09:00:00+00:00,11944.97,22.52467208,0.95378565,0.94264653,0.00021466,0.00558182,0.00024461
2025-01-28 10:00:00+00:00,12056.825,19.53015449,0.95346939,0.94807384,1.906e-05,0.00417246,0.0002622
2025-01-28 11:00:00+00:00,11771.9875,19.40740039,0.95125472,0.94638827,0.00016607,0.00388371,0.00025261
2025-01-28 12:00:00+00:00,11772.03,19.88676641,0.95202851,0.94637019,0.00088776,0.00379781,0.00027737
2025-01-28 13:00:00+00:00,11899.78,20.07636171,0.95120539,0.94550063,0.00066895,0.00402979,0.00029134
2025-01-28 14:00:00+00:00,12085.91,20.4354488,0.95127116,0.94450422,0.00092411,0.00466585,0.00035535
2025-01-28 15:00:00+00:00,12259.83,20.57358403,0.95103291,0.94405763,0.00114231,0.00460877,0.00037346
2025-01-28 16:00:00+00:00,12473.34,20.86844074,0.95215619,0.94443505,0.00157461,0.00489764,0.00041777
2025-01-28 17:00:00+00:00,12211.95,20.93185953,0.95147009,0.9433064,0.00171135,0.00518508,0.00042842
2025-01-28 18:00:00+00:00,11981.04,20.98464544,0.95060738,0.94275307,0.00116437,0.00542381,0.00042986
2025-01-28 19:00:00+00:00,11569.35,20.92434722,0.95274262,0.94539504,0.00111812,0.00497187,0.00043606
2025-01-28 20:00:00+00:00,11143.09,20.14232982,0.95360627,0.94905765,0.00137991,0.00228057,0.00034353
2025-01-28 21:00:00+00:00,10607.36,19.28353235,0.95866474,0.95703128,0.00115838,0.0,0.00022922
2025-01-28 22:00:00+00:00,10066.7925,18.98822004,0.95567346,0.95469575,0.0005599,0.0,0.00021236
2025-01-28 23:00:00+00:00,9675.9975,18.8258462,0.95510339,0.95394256,0.00075717,0.0,0.00022309
2025-01-29 00:00:00+00:00,9395.745,18.67423571,0.95543351,0.95490012,0.0001709,0.0,0.000187
2025-01-29 01:00:00+00:00,9312.845,18.60518298,0.95649031,0.95595615,0.00016399,0.0,0.00018625
2025-01-29 02:00:00+00:00,9377.2325,18.47373454,0.95566314,0.95503298,0.00018631,0.0,0.0002184
2025-01-29 03:00:00+00:00,9484.255,18.46041879,0.95432245,0.95365888,0.00019726,0.0,0.0002303
2025-01-29 04:00:00+00:00,9903.5625,18.70731987,0.95057391,0.94902125,0.00102559,0.0,0.00026959
2025-01-29 05:00:00+00:00,10906.3675,19.01834711,0.94619348,0.94340317,0.00222109,0.0,0.00028927
2025-01-29 06:00:00+00:00,11940.8925,19.0366675,0.94540576,0.94295017,0.00185963,0.0,0.00029391
2025-01-29 07:00:00+00:00,11994.97,19.53941473,0.94403518,0.93988547,0.00149797,0.00152807,0.00035194
2025-01-29 08:00:00+00:00,12041.67,19.61252461,0.94381752,0.93930073,0.00130184,0.00197571,0.00038679
2025-01-29 09:00:00+00:00,12028.56,18.60556058,0.94186407,0.93970509,0.00077792,0.0006438,0.00027671
2025-01-29 10:00:00+00:00,12071.77,19.30421137,0.93931615,0.93499522,0.00071376,0.00234852,0.00035126
2025-01-29 11:00:00+00:00,12158.41,19.09355171,0.93836457,0.93483003,0.00020009,0.00234843,0.00029011
2025-01-29 12:00:00+00:00,12178.95,19.48870566,0.9390358,0.93359768,0.00018365,0.00407207,0.00038327
2025-01-29 13:00:00+00:00,12179.33,19.37098188,0.9399657,0.93408925,0.00039102,0.00446152,0.00037425
2025-01-29 14:00:00+00:00,12200.09,19.09663784,0.94040254,0.93508394,0.00044452,0.00387749,0.00031878
2025-01-29 15:00:00+00:00,12436.17,18.79617729,0.93970165,0.93475513,0.00038228,0.00359008,0.00028463
2025-01-29 16:00:00+00:00,12634.57,18.79957749,0.93911069,0.93353585,0.00010783,0.00437411,0.00026343
2025-01-29 17:00:00+00:00,12442.45,18.49314498,0.94050301,0.93564364,0.0005545,0.00332031,0.00022381
2025-01-29 18:00:00+00:00,12290.0,18.65474265,0.94338215,0.93751311,0.00054285,0.00414597,0.00021293
2025-01-29 19:00:00+00:00,11950.875,18.27661803,0.94525518,0.94022767,0.00013602,0.00388212,0.00015286
2025-01-29 20:00:00+00:00,11450.255,17.9014572,0.95263115,0.94838246,7.381e-05,0.0032469,0.00014812
2025-01-29 21:00:00+00:00,10984.96,17.76909741,0.95975928,0.95521266,2.959e-05,0.00364575,0.0001038
2025-01-29 22:00:00+00:00,10607.8825,17.43166222,0.96011718,0.95583576,0.0,0.00357973,4.726e-05
2025-01-29 23:00:00+00:00,10198.2325,17.66248925,0.96042673,0.95420919,0.0,0.0052428,6.766e-05
2025-01-30 00:00:00+00:00,10005.715,17.94801195,0.96201744,0.95444779,0.0,0.00652125,3.906e-05
2025-01-30 01:00:00+00:00,9957.315,18.15261475,0.95941223,0.95123516,0.0,0.00709952,2.001e-05
2025-01-30 02:00:00+00:00,9878.175,18.24942229,0.95935017,0.95100374,0.0,0.0072415,2.175e-05
2025-01-30 03:00:00+00:00,9948.03,18.06973486,0.95779395,0.95049312,0.0,0.00634768,2.347e-05
2025-01-30 04:00:00+00:00,10374.7425,17.7771555,0.95531589,0.95038767,0.0,0.00428374,1.837e-05
2025-01-30 05:00:00+00:00,11488.075,17.95968859,0.94774379,0.94330926,0.0,0.00386512,7.922e-05
2025-01-30 06:00:00+00:00,12493.94,18.00766741,0.9411877,0.93721689,0.00023288,0.00320675,0.00011261
2025-01-30 07:00:00+00:00,12477.15,18.08655022,0.94028454,0.93621235,0.00033577,0.00323773,0.00011255
2025-01-30 08:00:00+00:00,12433.62,18.14315586,0.93921467,0.9352107,0.0002263,0.00327899,0.00012834
2025-01-30 09:00:00+00:00,12333.13,18.29642816,0.93810281,0.93378301,0.00049775,0.00331789,9.327e-05
2025-01-30 10:00:00+00:00,12193.91,18.15062177,0.9392607,0.93602137,0.000234,0.00259625,7.159e-05
2025-01-30 11:00:00+00:00,12134.7725,18.22023752,0.93914724,0.93617267,0.0,0.00258281,6.782e-05
2025-01-30 12:00:00+00:00,12222.375,18.27337373,0.93853097,0.93546942,4.105e-05,0.00260167,5.83e-05
2025-01-30 13:00:00+00:00,12156.71,18.34412879,0.93964555,0.93591347,0.00062328,0.00266371,6.51e-05
2025-01-30 14:00:00+00:00,12245.35,18.59476441,0.9417664,0.9365987,0.00071749,0.00383678,0.00011591
2025-01-30 15:00:00+00:00,12481.16,18.7997156,0.94204994,0.93559103,0.00104731,0.00465595,0.00016208
2025-01-30 16:00:00+00:00,12591.56,18.99273445,0.93979033,0.93199384,0.00130524,0.00558393,0.00019416
2025-01-30 17:00:00+00:00,12413.95,18.84046483,0.9394091,0.9317615,0.00134949,0.00541681,0.00019064
2025-01-30 18:00:00+00:00,12169.73,18.53244009,0.94043474,0.93409668,0.00088036,0.00461708,0.00020795
2025-01-30 19:00:00+00:00,11697.3,18.06604261,0.9438768,0.93845807,0.00045434,0.00418441,0.00016958
2025-01-30 20:00:00+00:00,11265.14,17.53263559,0.94860745,0.94479988,0.0,0.00319096,0.00010293
2025-01-30 21:00:00+00:00,10872.74,17.36898881,0.95213439,0.94873752,0.0,0.00279897,6.474e-05
2025-01-30 22:00:00+00:00,10544.1325,17.1808288,0.95566765,0.95254461,0.0,0.00258326,4.914e-05
2025-01-30 23:00:00+00:00,10143.7525,16.99148919,0.95940245,0.95630133,0.0,0.00258881,4.342e-05
2025-01-31 00:00:00+00:00,9910.435,16.89096665,0.96033514,0.95787444,0.0,0.00194075,7.031e-05
2025-01-31 01:00:00+00:00,9691.8075,16.96596033,0.96022587,0.95762962,0.0,0.00200875,8.587e-05
2025-01-31 02:00:00+00:00,9672.42,17.06833546,0.95953135,0.95691504,0.0,0.00198863,0.00010237
2025-01-31 03:00:00+00:00,9684.9575,17.068691,0.95837331,0.95585098,0.0,0.00196689,0.00011585
2025-01-31 04:00:00+00:00,10050.435,16.96180468,0.95608207,0.9545178,5.812e-05,0.00098397,0.00016587
2025-01-31 05:00:00+00:00,11047.96,17.42861733,0.9451699,0.94254018,0.00067263,0.00139737,0.000186
2025-01-31 06:00:00+00:00,12089.75,17.86018768,0.93562655,0.93201778,0.0001214,0.00280715,0.00021275
2025-01-31 07:00:00+00:00,12331.8575,18.081219,0.93389405,0.92914566,0.0,0.00390356,0.00024908
2025-01-31 08:00:00+00:00,12420.8825,17.94673684,0.93579062,0.93139423,0.0,0.00373041,0.00023416
2025-01-31 09:00:00+00:00,12308.1075,17.95778527,0.93329073,0.92887937,0.0,0.00379147,0.00022003
2025-01-31 10:00:00+00:00,12018.4025,17.96876796,0.93152516,0.9274432,0.0,0.00343336,0.00021719
2025-01-31 11:00:00+00:00,11883.765,17.61913438,0.93181244,0.92901795,0.0,0.00225564,0.00016902
2025-01-31 12:00:00+00:00,11800.42,17.50368516,0.93352853,0.93133961,0.00023953,0.00143674,0.00015212
2025-01-31 13:00:00+00:00,11656.3875,17.12552979,0.93431998,0.9324224,0.0,0.00145774,0.00013321
2025-01-31 14:00:00+00:00,11866.9175,16.86835977,0.93593757,0.93417405,9.314e-05,0.00125147,0.00012801
2025-01-31 15:00:00+00:00,12201.515,16.57724113,0.93669683,0.93556678,0.0,0.00077968,9.939e-05
2025-01-31 16:00:00+00:00,12511.89,16.5719289,0.93915242,0.93747264,0.0004676,0.00081698,0.00011378
2025-01-31 17:00:00+00:00,12486.8425,16.63113302,0.93886763,0.93670295,9.232e-05,0.0016395,0.00013843
2025-01-31 18:00:00+00:00,12086.4525,16.1037668,0.93810878,0.93689221,0.0002641,0.00080016,4.706e-05
2025-01-31 19:00:00+00:00,11630.4575,15.68799846,0.94342733,0.94339812,0.0,0.0,0.0
2025-01-31 20:00:00+00:00,11324.15,15.64838192,0.9497836,0.9497604,0.0,0.0,0.0
2025-01-31 21:00:00+00:00,11071.93,15.54136732,0.95342768,0.95340473,0.0,0.0,0.0
2025-01-31 22:00:00+00:00,11004.97,15.47687923,0.95667168,0.95664851,0.0,0.0,0.0
2025-01-31 23:00:00+00:00,10671.715,15.21572472,0.96409668,0.96405535,0.0,1.7e-07,4.83e-06
2025-02-01 00:00:00+00:00,10561.805,15.250311,0.96636794,0.96631554,0.0,2.1e-07,9.13e-06
2025-02-01 01:00:00+00:00,10090.2,15.14983491,0.96591082,0.96587281,0.0,9e-08,3.27e-06
2025-02-01 02:00:00+00:00,10161.3875,15.08514318,0.96604999,0.96602454,0.0,0.0,0.0
2025-02-01 03:00:00+00:00,10217.5725,15.05556951,0.96638165,0.96636146,0.0,0.0,0.0
2025-02-01 04:00:00+00:00,10221.4675,15.0926443,0.96556658,0.96554011,0.0,0.0,0.0
2025-02-01 05:00:00+00:00,10512.525,15.19107082,0.96364145,0.96361651,0.0,0.0,0.0
2025-02-01 06:00:00+00:00,11207.8475,15.28512251,0.96088017,0.9608289,0.0,1.3e-07,3.2e-06
2025-02-01 07:00:00+00:00,11329.8075,15.52597414,0.95870547,0.95866031,0.0,0.0,0.0
2025-02-01 08:00:00+00:00,11528.46,15.92677756,0.95491928,0.95457718,0.00031178,1e-08,2.99e-06
2025-02-01 09:00:00+00:00,11507.41,16.16883763,0.95239597,0.95213334,0.00023435,2e-08,1.95e-06
2025-02-01 10:00:00+00:00,11374.045,16.51579721,0.95547677,0.95514851,0.00029808,3e-08,2.95e-06
2025-02-01 11:00:00+00:00,11232.1575,16.8908903,0.95319965,0.9523786,0.00077151,1e-07,7.34e-06
2025-02-01 12:00:00+00:00,11156.8075,16.93285078,0.95306609,0.95243385,0.00058642,1e-07,5.67e-06
2025-02-01 13:00:00+00:00,11173.3,16.89475986,0.95488231,0.95423651,0.00060244,7e-08,7.12e-06
2025-02-01 14:00:00+00:00,11537.03,16.88581586,0.95397914,0.9535784,0.00027658,0.0,2.887e-05
2025-02-01 15:00:00+00:00,11990.0225,16.87209355,0.95070682,0.95008283,0.0005783,1.3e-07,9.94e-06
2025-02-01 16:00:00+00:00,12262.74,17.14309466,0.94676153,0.94483262,0.00030621,0.00140619,1.315e-05
2025-02-01 17:00:00+00:00,12281.985,16.96786523,0.94662071,0.94563327,0.0,0.0008518,5.59e-06
2025-02-01 18:00:00+00:00,12186.065,16.82138648,0.94763199,0.94748359,9.979e-05,0.0,5.98e-06
2025-02-01 19:00:00+00:00,11903.69,16.87889554,0.94779717,0.94742432,0.00033285,0.0,4.08e-06
2025-02-01 20:00:00+00:00,11517.7,17.09394661,0.95178623,0.95099734,0.00071986,0.0,1.408e-05
2025-02-01 21:00:00+00:00,11380.585,17.23218901,0.95829185,0.95746377,0.00072755,0.0,2.323e-05
2025-02-01 22:00:00+00:00,11194.045,17.28026151,0.96163053,0.96047965,0.00105753,0.0,2.116e-05
2025-02-01 23:00:00+00:00,11118.3025,17.24007183,0.96297462,0.96205509,0.00080071,0.0,3.24e-05
2025-02-02 00:00:00+00:00,11248.11,17.35225323,0.96364631,0.96255494,0.00080224,0.0,0.00011015
2025-02-02 01:00:00+00:00,11167.4475,17.39468194,0.96447853,0.96338977,0.00066969,0.0,0.00015881
2025-02-02 02:00:00+00:00,11097.4,17.70790106,0.9651818,0.9628052,0.00080047,0.00093057,0.00019669
2025-02-02 03:00:00+00:00,11163.53,17.87722732,0.96524729,0.96248375,0.0006594,0.00134997,0.00021878
2025-02-02 04:00:00+00:00,11123.75,17.93834241,0.96428244,0.96123011,0.00111156,0.001246,0.00021658
2025-02-02 05:00:00+00:00,11031.73,18.34672651,0.96059658,0.95585469,0.00124766,0.00272055,0.00017045
2025-02-02 06:00:00+00:00,11225.59,18.77361635,0.95830491,0.95182839,0.00184221,0.00369761,0.00019837
2025-02-02 07:00:00+00:00,11519.2,18.91614844,0.95800081,0.95149105,0.00180399,0.00366811,0.00023274
2025-02-02 08:00:00+00:00,11851.13,19.14334079,0.95712498,0.95029721,0.00213268,0.00371613,0.00021709
2025-02-02 09:00:00+00:00,12114.44,19.24531724,0.95643903,0.95003091,0.00245341,0.00302456,0.00022998
2025-02-02 10:00:00+00:00,12143.46,19.30030499,0.95580445,0.94936377,0.00306387,0.00254721,0.00021493
2025-02-02 11:00:00+00:00,12210.54,19.35141391,0.95699585,0.95071834,0.00314432,0.00230561,0.00022222
2025-02-02 12:00:00+00:00,12225.41,19.35898008,0.95760513,0.95202163,0.0025814,0.00206742,0.00027522
2025-02-02 13:00:00+00:00,12240.19,19.25713915,0.95764391,0.95219943,0.00274227,0.00178376,0.00028256
2025-02-02 14:00:00+00:00,12263.08,19.16415501,0.95535766,0.94942647,0.00342374,0.00173534,0.0002152
2025-02-02 15:00:00+00:00,12671.1725,18.79947183,0.94926561,0.9451442,0.00352568,0.0,0.00023132
2025-02-02 16:00:00+00:00,13032.3,18.79405002,0.94674525,0.94267647,0.00329517,0.00021052,0.00021109
2025-02-02 17:00:00+00:00,12794.4975,18.70121384,0.94715221,0.94337256,0.00327132,0.0,0.00020163
2025-02-02 18:00:00+00:00,12471.7775,18.45361092,0.944317,0.94178535,0.00210779,0.00013881,8.947e-05
2025-02-02 19:00:00+00:00,12252.48,18.56166798,0.94401342,0.94141631,0.00176708,0.00051727,7.845e-05
2025-02-02 20:00:00+00:00,12143.25,18.70265882,0.94588593,0.94267837,0.00229046,0.00053778,0.00011764
2025-02-02 21:00:00+00:00,11683.71,18.64741098,0.95415875,0.95102944,0.00222875,0.00056751,0.00010044
2025-02-02 22:00:00+00:00,11275.48,18.68500092,0.9603002,0.95698166,0.00196889,0.00098326,8.713e-05
2025-02-02 23:00:00+00:00,11014.3,18.859706,0.96014683,0.95606771,0.00165134,0.00191378,9.666e-05
2025-02-03 00:00:00+00:00,10946.16,18.69367308,0.96181133,0.95908174,0.00109004,0.00115361,0.00012199
2025-02-03 01:00:00+00:00,10791.72,18.61302503,0.96128257,0.95845765,0.00150313,0.00085546,0.00014464
2025-02-03 02:00:00+00:00,10799.4,18.80381795,0.95920363,0.95570996,0.00116451,0.0017094,0.00019021
2025-02-03 03:00:00+00:00,10893.06,18.8352821,0.95643195,0.95293652,0.00110538,0.00176044,0.00018835
2025-02-03 04:00:00+00:00,11535.14,19.09245369,0.94934254,0.94496779,0.00195342,0.00168277,0.00021849
2025-02-03 05:00:00+00:00,12455.41,19.38808721,0.93994084,0.9344867,0.00290261,0.00166297,0.00024206
2025-02-03 06:00:00+00:00,13222.94,19.58112014,0.93902237,0.93341946,0.00279642,0.0017743,0.00022829
2025-02-03 07:00:00+00:00,13333.15,19.64774745,0.93886385,0.93292125,0.0030073,0.00176308,0.00024996
2025-02-03 08:00:00+00:00,13339.43,19.72638746,0.93942589,0.93348962,0.00296801,0.00172855,0.00028841
2025-02-03 09:00:00+00:00,13136.6175,19.08777635,0.94095375,0.93654663,0.00393634,1.94e-06,0.00020885
2025-02-03 10:00:00+00:00,13149.205,19.18775469,0.93998139,0.9353989,0.00403514,0.0,0.00024376
2025-02-03 11:00:00+00:00,13119.2425,19.16189985,0.94058794,0.9361659,0.00383588,0.0,0.00024931
2025-02-03 12:00:00+00:00,13135.08,18.97501882,0.93758263,0.93391021,0.00317867,0.0,0.00021709
2025-02-03 13:00:00+00:00,13087.6675,18.95329608,0.93870606,0.93511455,0.00317565,0.0,0.00019327
2025-02-03 14:00:00+00:00,13128.04,19.16555169,0.93841531,0.93409034,0.00304692,0.00060789,0.00021168
2025-02-03 15:00:00+00:00,13338.29,19.20579607,0.93923136,0.93447947,0.00325562,0.00073073,0.00023157
2025-02-03 16:00:00+00:00,13419.56,19.92907466,0.93545384,0.92941949,0.00253817,0.00208725,0.00028431
2025-02-03 17:00:00+00:00,13591.87,20.6478403,0.93828331,0.92964632,0.00286298,0.00358408,0.00038734
2025-02-03 18:00:00+00:00,13127.78,20.62852003,0.93690085,0.92792474,0.00280516,0.00393262,0.00037455
2025-02-03 19:00:00+00:00,12911.99,20.56115613,0.9394424,0.93047729,0.00265776,0.00414325,0.00039773
2025-02-03 20:00:00+00:00,12377.575,19.32167228,0.94250976,0.93705822,0.00291999,0.0014809,0.00028413
2025-02-03 21:00:00+00:00,11820.825,18.55255359,0.94397466,0.94063183,0.00284589,0.0,0.00024713
2025-02-03 22:00:00+00:00,11422.085,18.64115271,0.95089416,0.94769111,0.00235281,0.00014284,0.00031226
2025-02-03 23:00:00+00:00,10877.73,18.40187292,0.95772004,0.95435102,0.00283787,0.0,0.00026
2025-02-04 00:00:00+00:00,10785.8075,18.3128497,0.95739826,0.95402426,0.00287503,0.0,0.00024404
2025-02-04 01:00:00+00:00,10861.1575,18.33389263,0.95731191,0.95392827,0.00274586,0.0,0.00030469
2025-02-04 02:00:00+00:00,10746.905,18.41525698,0.95785218,0.9543591,0.00282742,0.0,0.00032464
2025-02-04 03:00:00+00:00,10733.28,18.32405345,0.95783607,0.95422811,0.00299368,0.0,0.00030546
2025-02-04 04:00:00+00:00,11100.96,18.38083859,0.95235948,0.94818977,0.00353875,0.0,0.00029819
2025-02-04 05:00:00+00:00,12065.185,18.52831185,0.94354367,0.93929578,0.00360546,0.0,0.00030161
2025-02-04 06:00:00+00:00,12682.9625,18.41068481,0.94209058,0.937967,0.00352964,0.0,0.00025579
2025-02-04 07:00:00+00:00,12921.46,18.26388206,0.94135493,0.93819312,0.00262367,0.0,0.00023498
2025-02-04 08:00:00+00:00,12983.7175,18.31210545,0.94294501,0.93941287,0.0029926,0.0,0.00025237
2025-02-04 09:00:00+00:00,13050.025,18.36537056,0.94498985,0.94107585,0.00327861,0.0,0.00029486
2025-02-04 10:00:00+00:00,13045.145,18.41306978,0.94704953,0.94257785,0.00376204,0.0,0.00033306
2025-02-04 11:00:00+00:00,12966.895,18.23725279,0.94678624,0.94284322,0.00328635,0.0,0.0003198
2025-02-04 12:00:00+00:00,12921.0725,18.2852038,0.95107279,0.94689168,0.00349061,0.0,0.0003285
2025-02-04 13:00:00+00:00,12768.9875,18.08347337,0.95591791,0.95192214,0.00332862,0.0,0.00030987
2025-02-04 14:00:00+00:00,12835.14,18.65214661,0.95779378,0.95134534,0.00251145,0.00262777,0.00037317
2025-02-04 15:00:00+00:00,13036.17,18.26331619,0.95749277,0.95132654,0.00285106,0.00231687,0.0003193
2025-02-04 16:00:00+00:00,13383.73,18.15002689,0.96283033,0.9568074,0.00300746,0.00207766,0.00028374
2025-02-04 17:00:00+00:00,13103.46,17.75511476,0.96507475,0.96042282,0.00174639,0.00204537,0.00024319
2025-02-04 18:00:00+00:00,12683.96,17.26360018,0.96524063,0.96150146,0.00076551,0.00213534,0.00020713
2025-02-04 19:00:00+00:00,12127.215,16.62561839,0.96588616,0.96328278,2.123e-05,0.0019656,0.00010308
2025-02-04 20:00:00+00:00,11736.005,16.34389083,0.96751336,0.96510713,0.0,0.00187239,5.447e-05
2025-02-04 21:00:00+00:00,11029.2075,15.94657953,0.96974904,0.9679269,0.0,0.00145053,3.326e-05
2025-02-04 22:00:00+00:00,10462.0125,15.59938905,0.96722311,0.96571714,0.0,0.0012874,2.85e-06
2025-02-04 23:00:00+00:00,10084.5475,15.35025105,0.96778393,0.96640956,0.0,0.00114811,9.87e-06
2025-02-05 00:00:00+00:00,9991.3525,15.17340622,0.96871088,0.96741226,0.0,0.00110493,2.32e-06
2025-02-05 01:00:00+00:00,9962.1825,15.12591482,0.96876809,0.96756304,0.0,0.00102917,3.6e-06
2025-02-05 02:00:00+00:00,9878.7275,14.98929373,0.96823254,0.96725654,0.0,0.00083361,3.63e-06
2025-02-05 03:00:00+00:00,9914.695,14.94887237,0.96788622,0.9670712,0.0,0.00069505,2.87e-06
2025-02-05 04:00:00+00:00,10248.31,14.89870307,0.96690761,0.96635974,0.0,0.00046452,1.94e-06
2025-02-05 05:00:00+00:00,11199.1825,15.06097765,0.96623602,0.9658002,0.0,0.00035398,5.61e-06
2025-02-05 06:00:00+00:00,12274.1275,15.27615048,0.96544311,0.96497576,0.0,0.00024553,4.304e-05
2025-02-05 07:00:00+00:00,12368.325,15.35702794,0.96535762,0.96482502,0.0,0.00039624,1.144e-05
2025-02-05 08:00:00+00:00,12363.72,15.8799762,0.966136,0.96489473,3.441e-05,0.00045888,4.485e-05
2025-02-05 09:00:00+00:00,12231.8675,15.73980631,0.96511151,0.96438907,9.25e-06,0.0003219,2.091e-05
2025-02-05 10:00:00+00:00,12095.17,16.72219825,0.96215096,0.95966326,0.0,0.00050183,1.522e-05
2025-02-05 11:00:00+00:00,11921.2025,15.90095003,0.96638349,0.96572335,0.0,0.00026219,1.726e-05
2025-02-05 12:00:00+00:00,11708.3275,15.75062482,0.96584588,0.96546201,0.0,0.00030399,3.82e-06
2025-02-05 13:00:00+00:00,11590.7875,15.74835302,0.96677437,0.96622906,0.0,0.00044375,5.68e-06
2025-02-05 14:00:00+00:00,11788.0825,15.67494487,0.96714443,0.96672713,0.0,0.00030486,1.516e-05
2025-02-05 15:00:00+00:00,11967.945,15.52813563,0.96724986,0.96718651,0.0,0.0,1.276e-05
2025-02-05 16:00:00+00:00,12282.52,15.53609642,0.96521742,0.96507796,4.37e-06,0.0,3.334e-05
2025-02-05 17:00:00+00:00,12250.3325,15.46048334,0.96419413,0.96407859,0.0,0.0,2.513e-05
2025-02-05 18:00:00+00:00,12173.945,15.44456959,0.96524812,0.96514772,0.0,0.0,2.109e-05
2025-02-05 19:00:00+00:00,11924.9425,15.54732655,0.96426889,0.96383425,0.0,0.00030625,2.039e-05
2025-02-05 20:00:00+00:00,11591.2175,15.74309088,0.96431214,0.96349298,0.0,0.00066572,1.522e-05
2025-02-05 21:00:00+00:00,10881.9825,15.77439218,0.96433787,0.96344819,0.0,0.00072609,1.543e-05
2025-02-05 22:00:00+00:00,10509.105,15.48035191,0.96554982,0.96544547,0.0,0.0,2.477e-05
2025-02-05 23:00:00+00:00,10368.1475,15.78239956,0.96636936,0.96554858,0.0,0.00065525,1.449e-05
2025-02-06 00:00:00+00:00,10377.225,16.00922666,0.96657062,0.96521971,0.0,0.00107024,2.024e-05
2025-02-06 01:00:00+00:00,10082.4175,15.9327781,0.96561708,0.9649136,0.0,0.00048764,2.39e-05
2025-02-06 02:00:00+00:00,9971.975,15.90169628,0.9650541,0.96491171,0.0,0.0,3.456e-05
2025-02-06 03:00:00+00:00,10096.0125,16.04491586,0.96359121,0.96330592,2.523e-05,0.0,6.653e-05
2025-02-06 04:00:00+00:00,10534.2225,16.31744386,0.9546334,0.95401858,0.00026891,0.0,8.786e-05
2025-02-06 05:00:00+00:00,11695.4925,17.06771226,0.94610761,0.94392653,0.00094228,0.00064124,0.00013765
2025-02-06 06:00:00+00:00,12642.0,17.6041334,0.94149668,0.93746133,0.00202962,0.00118624,0.00016431
2025-02-06 07:00:00+00:00,12878.86,18.37880301,0.9412853,0.9355226,0.00217002,0.00219945,0.00024026
2025-02-06 08:00:00+00:00,12744.43,19.14142279,0.93885008,0.93120423,0.00251999,0.0032153,0.00032427
2025-02-06 09:00:00+00:00,12313.95,18.59377524,0.93752299,0.93180387,0.00255382,0.00197034,0.00023137
2025-02-06 10:00:00+00:00,12009.27,18.71062343,0.93432869,0.92878143,0.00247057,0.0019821,0.00023229
2025-02-06 11:00:00+00:00,11725.88,18.26379935,0.93164019,0.92790915,0.00122345,0.00166164,0.00019747
2025-02-06 12:00:00+00:00,11590.58,17.84590229,0.93243431,0.9301848,0.00012073,0.00149721,0.00014915
2025-02-06 13:00:00+00:00,11616.81,17.70090477,0.93434304,0.93147706,0.00019835,0.00214819,0.0001711
2025-02-06 14:00:00+00:00,11779.0,17.65001428,0.93659879,0.93287412,0.00032288,0.00283588,0.00021279
2025-02-06 15:00:00+00:00,12271.99,17.89127006,0.93916021,0.93388042,0.00120083,0.00332044,0.00027198
2025-02-06 16:00:00+00:00,12795.82,18.00348074,0.94090741,0.9350091,0.0014596,0.00361305,0.0002449
2025-02-06 17:00:00+00:00,12744.24,17.91399032,0.94000897,0.93473027,0.00097643,0.00352075,0.00019129
2025-02-06 18:00:00+00:00,12606.77,17.89478407,0.93988641,0.93495563,0.00059316,0.00346558,0.00015229
2025-02-06 19:00:00+00:00,12388.54,17.9195169,0.94193478,0.9367549,0.00073352,0.00348491,0.00012483
2025-02-06 20:00:00+00:00,12022.295,17.76831551,0.94756884,0.94295195,0.00010104,0.00351205,0.00011085
2025-02-06 21:00:00+00:00,11632.535,17.66839567,0.95432318,0.94973538,0.0,0.00356955,0.00011094
2025-02-06 22:00:00+00:00,11274.7075,17.73983729,0.95979626,0.95503881,0.0,0.0037655,9.897e-05
2025-02-06 23:00:00+00:00,10908.48,17.62687164,0.95954898,0.95480072,0.0,0.00400224,2.087e-05
2025-02-07 00:00:00+00:00,10879.29,17.56449892,0.9615673,0.95672851,0.0,0.00402794,4.038e-05
2025-02-07 01:00:00+00:00,10875.2775,17.62145494,0.96167395,0.95621842,0.0,0.00455206,4.175e-05
2025-02-07 02:00:00+00:00,10907.7725,17.87686547,0.96197411,0.9556961,0.0,0.00531696,2.815e-05
2025-02-07 03:00:00+00:00,10974.82,17.7065901,0.96202296,0.95641054,0.0,0.0047567,2.327e-05
2025-02-07 04:00:00+00:00,11333.875,17.5318644,0.95714516,0.95271248,0.0,0.00370698,3.205e-05
2025-02-07 05:00:00+00:00,12393.13,18.11528245,0.94643955,0.94170337,0.00022851,0.00374989,3.517e-05
2025-02-07 06:00:00+00:00,13323.955,18.36007219,0.94070758,0.93607084,0.0,0.00392573,1.882e-05
2025-02-07 07:00:00+00:00,13390.1025,18.41253762,0.94028296,0.93595847,0.0,0.00366274,2.08e-05
2025-02-07 08:00:00+00:00,13290.08,18.47269661,0.93954694,0.93576676,0.00058696,0.00269579,2.574e-05
2025-02-07 09:00:00+00:00,13002.8,18.64408013,0.94061718,0.93676663,0.00139411,0.0020097,3.664e-05
2025-02-07 10:00:00+00:00,12795.68,18.77661463,0.94456215,0.94100728,0.00167712,0.00135863,0.00011877
2025-02-07 11:00:00+00:00,12548.41,18.74176998,0.94867044,0.94623091,0.00126281,0.00071583,0.00012096
2025-02-07 12:00:00+00:00,12282.075,18.480145,0.94895945,0.94802175,8.93e-06,0.00056529,3.91e-05
2025-02-07 13:00:00+00:00,12253.4,19.29603768,0.95179482,0.9490476,0.00018226,0.00115688,3.911e-05
2025-02-07 14:00:00+00:00,12394.18,18.59488378,0.95386045,0.95182135,0.00067684,0.00102135,5.349e-05
2025-02-07 15:00:00+00:00,12632.16,18.36658386,0.95277988,0.95120425,0.00050361,0.00080628,4.037e-05
2025-02-07 16:00:00+00:00,12899.1375,18.23333989,0.95419607,0.95305693,0.00093937,0.0,7.895e-05
2025-02-07 17:00:00+00:00,12525.305,17.91710565,0.95466185,0.95367213,0.00084914,0.0,5.832e-05
2025-02-07 18:00:00+00:00,12189.8475,17.896758,0.95794106,0.95650714,0.00114274,0.0,0.00011495
2025-02-07 19:00:00+00:00,11678.995,17.48190419,0.9613168,0.96078909,0.0003146,1.4e-06,6.984e-05
2025-02-07 20:00:00+00:00,11163.895,17.24928785,0.96795533,0.9677629,0.0,0.0,4.706e-05
2025-02-07 21:00:00+00:00,10860.3125,17.03573294,0.96999108,0.96974783,0.0,0.0,6.225e-05
2025-02-07 22:00:00+00:00,10559.72,16.80474083,0.97148799,0.9712202,0.0,0.0,7.007e-05
2025-02-07 23:00:00+00:00,10213.5725,16.51680581,0.97062582,0.97033827,0.0,0.0,7.405e-05
2025-02-08 00:00:00+00:00,9954.305,16.36591784,0.97061264,0.97033223,0.0,0.0,7.163e-05
2025-02-08 01:00:00+00:00,10042.7775,16.34232013,0.97276291,0.97248071,0.0,0.0,7.432e-05
2025-02-08 02:00:00+00:00,9946.1575,16.22017622,0.9729706,0.97270776,0.0,0.0,6.723e-05
2025-02-08 03:00:00+00:00,9892.975,16.2342002,0.97262274,0.97243088,0.0,0.0,4.72e-05
2025-02-08 04:00:00+00:00,9699.605,16.18855531,0.97225253,0.97210059,0.0,0.0,3.599e-05
2025-02-08 05:00:00+00:00,9677.795,16.34095141,0.97159792,0.971429,0.0,0.0,4.078e-05
2025-02-08 06:00:00+00:00,10224.0075,16.35250475,0.96776224,0.96763757,0.0,0.0,2.853e-05
2025-02-08 07:00:00+00:00,10678.6675,16.51359107,0.9641727,0.9640081,0.0,0.0,3.626e-05
2025-02-08 08:00:00+00:00,11108.2325,16.7976004,0.96365659,0.96338474,0.0,0.0,6.676e-05
2025-02-08 09:00:00+00:00,11395.7025,17.07296773,0.96035986,0.95997398,1.701e-05,0.0,0.00010297
2025-02-08 10:00:00+00:00,11534.86,17.3155497,0.95392941,0.95358067,5.64e-06,0.0,9.074e-05
2025-02-08 11:00:00+00:00,11593.72,17.52701025,0.95259166,0.95223441,1.528e-05,0.0,9.421e-05
2025-02-08 12:00:00+00:00,11472.6125,17.5394433,0.95174753,0.95156245,0.0,0.0,4.237e-05
2025-02-08 13:00:00+00:00,11355.9875,17.52083128,0.95051014,0.9502962,0.0,0.0,4.942e-05
2025-02-08 14:00:00+00:00,11587.8525,17.46535863,0.94831419,0.94789414,4.607e-05,0.0,0.00011812
2025-02-08 15:00:00+00:00,11739.9025,17.60676519,0.94417286,0.9436194,0.00019768,0.0,0.000125
2025-02-08 16:00:00+00:00,12212.015,17.84327206,0.94550653,0.94451229,0.00055241,0.0,0.00016087
2025-02-08 17:00:00+00:00,12084.38,17.77008744,0.9446483,0.94390938,0.00030493,0.0,0.0001477
2025-02-08 18:00:00+00:00,11707.9425,17.68260441,0.94360495,0.94307022,0.00017775,0.0,0.00011248
2025-02-08 19:00:00+00:00,11296.955,17.66868833,0.94829148,0.94791942,2.549e-05,0.0,9.844e-05
2025-02-08 20:00:00+00:00,10829.375,17.66502282,0.95666117,0.95629457,1.481e-05,0.0,9.41e-05
2025-02-08 21:00:00+00:00,10527.875,17.59340702,0.96033631,0.96009298,0.0,0.0,5.875e-05
2025-02-08 22:00:00+00:00,10329.7675,17.60968339,0.96218303,0.96192556,0.0,0.0,6.247e-05
2025-02-08 23:00:00+00:00,10074.6425,17.60420103,0.962815,0.96236095,2.97e-05,0.0,0.00012459
2025-02-09 00:00:00+00:00,9948.24,17.6507029,0.96382752,0.96335234,1.649e-05,0.0,0.00012578
2025-02-09 01:00:00+00:00,9827.5375,17.72403007,0.96465014,0.96409694,2.728e-05,0.0,0.00015205
2025-02-09 02:00:00+00:00,9845.0625,17.72515414,0.96478417,0.96416208,3.022e-05,0.0,0.00017143
2025-02-09 03:00:00+00:00,9756.05,17.6873026,0.96422268,0.9635829,4.844e-05,0.0,0.00018115
2025-02-09 04:00:00+00:00,9807.485,17.61063651,0.96387113,0.96310832,0.00015143,0.0,0.00021599
2025-02-09 05:00:00+00:00,9980.56,17.67787166,0.96188492,0.96079494,0.00041544,0.0,0.00024392
2025-02-09 06:00:00+00:00,10342.4075,17.80080254,0.95717792,0.95567055,0.00084993,0.0,0.00025411
2025-02-09 07:00:00+00:00,10611.6625,17.83023998,0.95460226,0.95258814,0.00138695,0.0,0.00026196
2025-02-09 08:00:00+00:00,11049.385,17.8987526,0.95168629,0.94961116,0.0014993,0.0,0.00022638
2025-02-09 09:00:00+00:00,11347.405,17.90671416,0.9509848,0.94940248,0.00103315,0.0,0.00020435
2025-02-09 10:00:00+00:00,11527.9075,17.98073228,0.9529313,0.95118169,0.00116635,0.0,0.00021664
2025-02-09 11:00:00+00:00,11624.5475,18.12342976,0.95579304,0.95351615,0.00158986,0.0,0.0002712
2025-02-09 12:00:00+00:00,11514.9,17.91224409,0.95581348,0.95364627,0.00146067,0.0,0.0002939
2025-02-09 13:00:00+00:00,11560.755,17.68846002,0.95562008,0.9528068,0.002217,0.0,0.00026957
2025-02-09 14:00:00+00:00,11629.655,17.2622405,0.95106503,0.94895511,0.00157976,0.0,0.00023733
2025-02-09 15:00:00+00:00,12066.0725,16.724231,0.94896634,0.94813207,0.00038302,0.0,0.00019152
2025-02-09 16:00:00+00:00,12377.035,16.43181386,0.9499779,0.94891313,0.00057705,0.0,0.00021105
2025-02-09 17:00:00+00:00,12363.655,17.32564961,0.95256474,0.94992912,9.283e-05,0.00051143,0.00017642
2025-02-09 18:00:00+00:00,12173.6075,16.3674039,0.95503099,0.95376526,4.084e-05,0.00022797,0.00014502
2025-02-09 19:00:00+00:00,11834.8675,15.7726905,0.95750071,0.95705121,1.77e-05,0.0,0.0001219
2025-02-09 20:00:00+00:00,11599.7425,15.75429537,0.96004833,0.95956164,3.436e-05,0.0,0.00013714
2025-02-09 21:00:00+00:00,11196.415,15.59664083,0.95914501,0.95875601,6.66e-06,0.0,0.00010253
2025-02-09 22:00:00+00:00,11061.7775,15.41654083,0.95984166,0.9595255,0.0,0.0,8.058e-05
2025-02-09 23:00:00+00:00,11162.17,15.32015744,0.96119148,0.96102096,0.0,0.0,4.298e-05
2025-02-10 00:00:00+00:00,11078.3125,15.27318807,0.96050737,0.96035171,0.0,0.0,3.59e-05
2025-02-10 01:00:00+00:00,11126.2475,15.35258432,0.96030618,0.96023946,0.0,0.0,1.316e-05
2025-02-10 02:00:00+00:00,11129.46,15.39355399,0.96018962,0.96017166,0.0,0.0,0.0
2025-02-10 03:00:00+00:00,11253.325,15.45771938,0.95976656,0.95972987,0.0,0.0,4.97e-06
2025-02-10 04:00:00+00:00,11609.0,15.696519,0.95622636,0.95620349,0.0,0.0,1.39e-06
2025-02-10 05:00:00+00:00,12396.095,16.22220866,0.94638475,0.9458165,1.736e-05,0.00018119,4.6e-07
2025-02-10 06:00:00+00:00,13188.19,20.16591007,0.93746808,0.93037567,0.00024988,0.00210639,6.75e-06
2025-02-10 07:00:00+00:00,13232.3325,20.42128379,0.93640793,0.92935387,0.00028931,0.00199486,6.51e-06
2025-02-10 08:00:00+00:00,13179.8875,19.92505844,0.93697175,0.93149252,0.0002369,0.00152838,1.39e-05
2025-02-10 09:00:00+00:00,12877.09,20.32148816,0.93577591,0.93005297,0.00028772,0.00170011,2.19e-05
2025-02-10 10:00:00+00:00,12612.5225,20.40488564,0.93595725,0.93063979,0.00028571,0.00163255,6.391e-05
2025-02-10 11:00:00+00:00,12304.5,18.09052012,0.93563018,0.93509455,0.00020031,0.0,0.00011542
2025-02-10 12:00:00+00:00,12073.4125,19.45116024,0.93477217,0.93176217,0.00015745,0.0008823,8.976e-05
2025-02-10 13:00:00+00:00,12169.595,19.18105797,0.93478371,0.9317553,0.00014761,0.00094551,0.00012024
2025-02-10 14:00:00+00:00,12491.5825,19.82703593,0.93668286,0.93187841,0.00026058,0.00156283,0.0001044
2025-02-10 15:00:00+00:00,12844.8175,19.87031909,0.93737578,0.93257694,0.00022276,0.00130231,9.365e-05
2025-02-10 16:00:00+00:00,13155.06,19.16569646,0.93701837,0.93300155,0.00032239,0.00114981,8.242e-05
2025-02-10 17:00:00+00:00,13054.135,19.19691299,0.93711838,0.93278102,0.00020967,0.00126638,3.771e-05
2025-02-10 18:00:00+00:00,12949.4525,19.35627889,0.93843221,0.93338244,0.00021837,0.00150849,5.12e-06
2025-02-10 19:00:00+00:00,12588.84,18.71693911,0.94430144,0.93964942,0.00021241,0.00183583,6.44e-06
2025-02-10 20:00:00+00:00,12195.6275,18.82912536,0.95068859,0.94577765,0.0001529,0.00197685,6.41e-06
2025-02-10 21:00:00+00:00,11818.0975,17.68310666,0.95512666,0.95261655,1.045e-05,0.00100937,3.67e-06
2025-02-10 22:00:00+00:00,11304.1875,16.40830773,0.96000341,0.95998001,0.0,0.0,0.0
2025-02-10 23:00:00+00:00,11086.485,17.72983976,0.96200703,0.95942695,2.9e-07,0.00098905,4.48e-06
2025-02-11 00:00:00+00:00,11068.645,19.1101484,0.9638946,0.95870813,6.4e-06,0.0018402,9.73e-06
2025-02-11 01:00:00+00:00,11131.89,19.29915187,0.96462678,0.95899167,7.4e-07,0.00220287,8.26e-06
2025-02-11 02:00:00+00:00,11111.4175,19.45827172,0.96494523,0.95904677,3.87e-06,0.00210524,1.078e-05
2025-02-11 03:00:00+00:00,11216.395,19.11384352,0.96415408,0.95902909,2.06e-06,0.00188972,8.4e-06
2025-02-11 04:00:00+00:00,11693.7675,19.257415,0.96133531,0.95623762,1.02e-06,0.00183936,5.99e-06
2025-02-11 05:00:00+00:00,12547.0825,20.28630267,0.94857536,0.9420849,0.0,0.00193126,9.59e-06
2025-02-11 06:00:00+00:00,13579.44,18.5869524,0.94046101,0.93678582,0.00027663,0.00150112,4.47e-05
2025-02-11 07:00:00+00:00,13435.5525,18.10870252,0.94134792,0.93884557,0.0006719,0.00058812,1.244e-05
2025-02-11 08:00:00+00:00,13437.8825,17.80814351,0.94200297,0.94055429,0.00038874,0.00030664,1.517e-05
2025-02-11 09:00:00+00:00,13215.5975,19.50098198,0.94047757,0.93654219,4.701e-05,0.00131656,3.505e-05
2025-02-11 10:00:00+00:00,12868.635,20.00095919,0.94346316,0.93863799,0.00042331,0.00153209,3.84e-05
2025-02-11 11:00:00+00:00,12703.5725,20.30920327,0.94862442,0.9437154,0.00020924,0.00160819,2.877e-05
2025-02-11 12:00:00+00:00,12449.805,20.26496898,0.94972176,0.94504924,0.0,0.00155809,1.012e-05
2025-02-11 13:00:00+00:00,12458.0225,20.0615664,0.95117138,0.94656163,2.23e-06,0.00155047,7.61e-06
2025-02-11 14:00:00+00:00,12502.9025,18.43177491,0.95505208,0.95296341,1.37e-06,0.00067498,2.69e-06
2025-02-11 15:00:00+00:00,12849.815,19.30423602,0.9562419,0.95220733,0.00035267,0.00096162,1.069e-05
2025-02-11 16:00:00+00:00,13328.2725,17.42730125,0.95758334,0.95525177,0.00220464,0.0,1.715e-05
2025-02-11 17:00:00+00:00,13265.6375,17.31037687,0.9576739,0.95487628,0.00264506,0.0,2.818e-05
2025-02-11 18:00:00+00:00,13042.19,17.20877369,0.95887196,0.95595238,0.00230393,0.00042272,2.416e-05
2025-02-11 19:00:00+00:00,12728.92,16.90414752,0.95823125,0.95639779,0.00123113,0.00044549,1.334e-05
2025-02-11 20:00:00+00:00,12309.0375,16.6406499,0.95843254,0.95772972,0.00048563,0.00014322,7.31e-06
2025-02-11 21:00:00+00:00,11940.19,16.49307292,0.96132941,0.96076168,0.00050591,3.49e-06,7.43e-06
2025-02-11 22:00:00+00:00,11418.9425,16.23942054,0.96161508,0.96152436,0.0,0.0,1.945e-05
2025-02-11 23:00:00+00:00,10962.215,16.08943994,0.96722634,0.96707696,0.0,0.0,3.501e-05
2025-02-12 00:00:00+00:00,10837.235,16.10902392,0.96757418,0.96741931,0.0,0.0,3.478e-05
2025-02-12 01:00:00+00:00,10799.055,16.06828255,0.96732422,0.96712496,0.0,0.0,4.833e-05
2025-02-12 02:00:00+00:00,10778.9225,15.98775267,0.96608393,0.96601149,0.0,0.0,1.42e-05
2025-02-12 03:00:00+00:00,10856.8275,16.19474027,0.96318506,0.96310719,0.0,0.0,1.566e-05
2025-02-12 04:00:00+00:00,11270.4625,16.97918221,0.95156306,0.94995812,5.865e-05,0.00057242,1.928e-05
2025-02-12 05:00:00+00:00,12270.9775,20.21876263,0.94042103,0.93341429,0.00041009,0.00205546,9.36e-06
2025-02-12 06:00:00+00:00,13026.2525,21.40024686,0.93775984,0.92933758,0.00045318,0.00196339,3.068e-05
2025-02-12 07:00:00+00:00,13094.7825,21.91884258,0.93634458,0.92743208,0.00047147,0.00194952,2.158e-05
2025-02-12 08:00:00+00:00,13272.5825,22.54322837,0.93593624,0.92632222,0.00042841,0.00197983,4.597e-05
2025-02-12 09:00:00+00:00,13240.0275,22.45003441,0.93611943,0.9272715,0.0003296,0.0020084,6.048e-05
2025-02-12 10:00:00+00:00,13135.895,21.48363615,0.93583402,0.92913892,0.00030599,0.00156322,6.508e-05
2025-02-12 11:00:00+00:00,13177.135,21.17650175,0.93651415,0.93055326,0.00078315,0.0013347,9.932e-05
2025-02-12 12:00:00+00:00,13028.8075,19.56926294,0.93699066,0.93364444,0.00157485,0.00034859,0.00015531
2025-02-12 13:00:00+00:00,13020.3325,18.96076365,0.93728284,0.93459971,0.00203696,4.59e-05,0.00016368
2025-02-12 14:00:00+00:00,13080.0125,18.72938982,0.93714734,0.93475849,0.00187168,0.0,0.00018332
2025-02-12 15:00:00+00:00,13130.7675,20.66997135,0.93567664,0.93103205,0.00034941,0.00095782,0.00012667
2025-02-12 16:00:00+00:00,13626.0,18.57193597,0.93530047,0.93362302,0.00013336,0.00091293,0.00012961
2025-02-12 17:00:00+00:00,13622.73,18.81518714,0.93554297,0.93273052,6.799e-05,0.00196933,0.00015951
2025-02-12 18:00:00+00:00,13378.96,18.62370807,0.93571081,0.93320781,2.472e-05,0.00192309,0.00014937
2025-02-12 19:00:00+00:00,12955.5825,18.11347834,0.93730524,0.93654857,5.126e-05,0.00049716,5.457e-05
2025-02-12 20:00:00+00:00,12433.27,17.82557832,0.9382977,0.93799601,0.00011427,0.0,4.3e-05
2025-02-12 21:00:00+00:00,11923.89,17.59094624,0.93945361,0.93927092,2.887e-05,0.0,3.502e-05
2025-02-12 22:00:00+00:00,11579.3275,17.75758297,0.94807974,0.94733605,0.00044157,0.0,9.922e-05
2025-02-12 23:00:00+00:00,11117.4825,17.56371074,0.95589199,0.95546378,0.00026423,0.0,5.079e-05
2025-02-13 00:00:00+00:00,10997.36,17.56118958,0.95646763,0.95606125,0.00021665,0.0,6.446e-05
2025-02-13 01:00:00+00:00,10900.0075,17.34963984,0.95809982,0.95796224,1.049e-05,0.0,3.827e-05
2025-02-13 02:00:00+00:00,10939.9225,17.31045436,0.95792365,0.95758565,0.0001739,0.0,6.214e-05
2025-02-13 03:00:00+00:00,10955.11,17.3323695,0.95775627,0.95727279,0.00028568,0.0,8.006e-05
2025-02-13 04:00:00+00:00,11291.42,17.43582411,0.94983958,0.94926519,0.00035478,0.0,9.14e-05
2025-02-13 05:00:00+00:00,12285.2025,17.66162128,0.94126069,0.94022056,0.00077239,0.0,0.00010125
2025-02-13 06:00:00+00:00,13120.3675,17.45308622,0.93866773,0.93844175,0.00013369,0.0,1.903e-05
2025-02-13 07:00:00+00:00,13264.7975,17.56090528,0.93911602,0.93895351,5.416e-05,0.0,2.041e-05
2025-02-13 08:00:00+00:00,13196.3175,17.78065892,0.93969159,0.93912229,0.00043302,0.0,3.356e-05
2025-02-13 09:00:00+00:00,13089.3425,17.8935226,0.9397327,0.93908445,0.00049659,0.0,4.424e-05
2025-02-13 10:00:00+00:00,12866.95,18.05233725,0.93838657,0.93721417,0.00095648,0.0,7.61e-05
2025-02-13 11:00:00+00:00,12869.37,18.20223169,0.93948728,0.93802856,0.00124122,0.0,8.261e-05
2025-02-13 12:00:00+00:00,12848.3925,18.404636,0.93770454,0.93579,0.00160812,0.0,0.00011989
2025-02-13 13:00:00+00:00,12843.5875,18.42396025,0.94066871,0.93882809,0.00148413,0.0,0.00013282
2025-02-13 14:00:00+00:00,12996.9225,18.36286546,0.93980041,0.93786258,0.00155919,0.0,0.00013896
2025-02-13 15:00:00+00:00,13075.06,18.00619738,0.93604761,0.93474001,0.00104608,0.0,9.195e-05
2025-02-13 16:00:00+00:00,13643.035,18.80498741,0.93510392,0.93304808,0.00028526,0.00027124,5.872e-05
2025-02-13 17:00:00+00:00,13155.3275,17.80943325,0.93640492,0.93608308,0.00017677,0.0,4.294e-05
2025-02-13 18:00:00+00:00,12922.6775,17.94833069,0.93698414,0.93602663,0.00077384,0.0,5.207e-05
2025-02-13 19:00:00+00:00,12656.2025,17.88959066,0.93663849,0.93595461,0.00052447,0.0,4.224e-05
2025-02-13 20:00:00+00:00,12191.2075,17.83920016,0.93528874,0.93488465,0.00027126,0.0,2.854e-05
2025-02-13 21:00:00+00:00,11970.6425,17.8245232,0.93385714,0.93372414,0.0,0.0,2.96e-05
2025-02-13 22:00:00+00:00,11746.7325,17.93319922,0.93541587,0.93504455,0.00013858,0.0,5.684e-05
2025-02-13 23:00:00+00:00,11388.96,17.94239343,0.93606938,0.93586854,5.442e-05,0.0,3.476e-05
2025-02-14 00:00:00+00:00,11313.56,17.947868,0.9387466,0.93837514,0.00022905,0.0,3.238e-05
2025-02-14 01:00:00+00:00,11349.675,17.96852753,0.93807367,0.93777982,0.00015525,0.0,3.314e-05
2025-02-14 02:00:00+00:00,11459.13,17.96129141,0.93869299,0.93838255,0.00018971,0.0,2.821e-05
2025-02-14 03:00:00+00:00,11590.2675,17.89578073,0.93810547,0.937855,0.00016691,0.0,1.833e-05
2025-02-14 04:00:00+00:00,12099.215,18.06111884,0.93656922,0.93560412,0.00077382,0.0,4.86e-05
2025-02-14 05:00:00+00:00,13196.0575,18.08816147,0.93580688,0.9348946,0.00075265,0.0,3.736e-05
2025-02-14 06:00:00+00:00,13957.8775,18.12438958,0.93578781,0.93482684,0.00075051,1.627e-05,2.091e-05
2025-02-14 07:00:00+00:00,14040.235,18.24787579,0.9368173,0.93558133,0.00097178,2.096e-05,1.709e-05
2025-02-14 08:00:00+00:00,13807.725,18.31419575,0.93458896,0.93378587,0.00065485,8.78e-06,1.292e-05
2025-02-14 09:00:00+00:00,13406.03,18.64749931,0.93430203,0.93279052,0.00133105,5.96e-06,2.275e-05
2025-02-14 10:00:00+00:00,13095.4375,19.02789362,0.93503139,0.93271067,0.00207307,8e-06,2.705e-05
2025-02-14 11:00:00+00:00,12831.185,19.09143229,0.93363319,0.93149575,0.0019664,3.3e-07,2.884e-05
2025-02-14 12:00:00+00:00,12417.13,19.01707857,0.9319939,0.93020623,0.00165192,1e-08,2.352e-05
2025-02-14 13:00:00+00:00,12273.8925,18.75142961,0.9326695,0.93120768,0.00136056,3e-07,1.817e-05
2025-02-14 14:00:00+00:00,12525.13,18.59761714,0.93482069,0.9328513,0.00177576,8.86e-06,2.025e-05
2025-02-14 15:00:00+00:00,12700.98,18.05681892,0.93575715,0.93516251,0.0004659,6.15e-06,1.502e-05
2025-02-14 16:00:00+00:00,13101.1425,17.87671128,0.93694549,0.93629925,0.00048233,8.89e-06,1.673e-05
2025-02-14 17:00:00+00:00,13098.64,18.07436077,0.93743517,0.93540227,0.00061547,0.00077226,6.448e-05
2025-02-14 18:00:00+00:00,12854.44,17.77516803,0.93650404,0.93470241,0.00049233,0.00070243,7.112e-05
2025-02-14 19:00:00+00:00,12675.0525,17.38230414,0.93792417,0.93683329,0.00084018,0.0,7.891e-05
2025-02-14 20:00:00+00:00,12447.7125,17.30341122,0.93816699,0.93700659,0.00085239,0.0,0.00010433
2025-02-14 21:00:00+00:00,12154.89,17.28015314,0.93867578,0.93686396,0.00143791,1.27e-06,0.0001468
2025-02-14 22:00:00+00:00,11882.6175,17.1200552,0.94493061,0.94323424,0.00126122,0.0,0.0001696
2025-02-14 23:00:00+00:00,11596.88,16.94643194,0.95155231,0.9498086,0.00123599,0.0,0.00019822
2025-02-15 00:00:00+00:00,11481.1625,16.74988219,0.95738642,0.9558523,0.00105572,0.0,0.00018305
2025-02-15 01:00:00+00:00,11544.7425,16.63505386,0.96139684,0.95967431,0.00128367,0.0,0.00017274
2025-02-15 02:00:00+00:00,11416.88,16.42331791,0.96345623,0.96176586,0.00126163,0.0,0.000167
2025-02-15 03:00:00+00:00,11386.695,16.28463278,0.96402776,0.96234207,0.00125906,0.0,0.00016128
2025-02-15 04:00:00+00:00,11482.0175,16.13765477,0.9633038,0.96182637,0.00110155,0.0,0.00012485
2025-02-15 05:00:00+00:00,11649.4275,16.04439053,0.96293416,0.96185668,0.00079645,0.0,7.651e-05
2025-02-15 06:00:00+00:00,11881.36,16.02572285,0.96088148,0.96034359,0.00031825,0.0,5.57e-05
2025-02-15 07:00:00+00:00,12141.8125,16.12530487,0.95906105,0.95892434,0.0,0.0,3.081e-05
2025-02-15 08:00:00+00:00,12424.805,16.33415464,0.95840371,0.95822298,0.0,0.0,4.263e-05
2025-02-15 09:00:00+00:00,12470.2525,16.50344644,0.9583902,0.95823593,0.0,0.0,3.704e-05
2025-02-15 10:00:00+00:00,12377.9025,16.64057868,0.95636826,0.95600284,0.00015653,0.0,5.056e-05
2025-02-15 11:00:00+00:00,12367.56,16.85967534,0.95657007,0.95593127,0.00042327,0.0,5.302e-05
2025-02-15 12:00:00+00:00,12352.905,16.82070332,0.95665301,0.95622896,0.00025395,0.0,4.064e-05
2025-02-15 13:00:00+00:00,12370.4325,16.73663448,0.9554646,0.95497853,0.00029994,0.0,4.507e-05
2025-02-15 14:00:00+00:00,12616.755,16.54159036,0.95201118,0.95168598,0.00019147,0.0,3.072e-05
2025-02-15 15:00:00+00:00,13140.3025,16.40157128,0.94811872,0.9479972,0.0,0.0,2.706e-05
2025-02-15 16:00:00+00:00,13503.425,16.19558765,0.94362947,0.94350163,1.955e-05,0.0,2.363e-05
2025-02-15 17:00:00+00:00,13487.9575,15.98990419,0.94349096,0.94343905,0.0,3e-08,9.77e-06
2025-02-15 18:00:00+00:00,13122.1475,15.73703367,0.94195639,0.94189234,0.0,0.0,1.15e-05
2025-02-15 19:00:00+00:00,12778.145,15.64214956,0.9427022,0.94261082,0.0,0.0,2.021e-05
2025-02-15 20:00:00+00:00,12572.0325,15.63740083,0.94535873,0.94527484,0.0,3e-08,1.678e-05
2025-02-15 21:00:00+00:00,12506.9,15.67196757,0.94596519,0.94583514,0.0,0.0,2.923e-05
2025-02-15 22:00:00+00:00,12288.185,15.64099745,0.94640449,0.9462117,0.0,0.0,4.599e-05
2025-02-15 23:00:00+00:00,11949.7625,15.58243165,0.94584703,0.94566582,0.0,2.03e-06,4.346e-05
2025-02-16 00:00:00+00:00,11930.4,15.57535527,0.94554038,0.94529211,0.0,9.7e-07,6.178e-05
2025-02-16 01:00:00+00:00,11914.4575,15.52457598,0.94577649,0.94553791,2.32e-06,1.86e-06,6.08e-05
2025-02-16 02:00:00+00:00,12064.435,15.45310538,0.94519463,0.94493404,6.53e-06,7e-07,6.665e-05
2025-02-16 03:00:00+00:00,12139.5025,15.47895501,0.94271671,0.94244177,1.288e-05,0.0,7.217e-05
2025-02-16 04:00:00+00:00,12054.6925,15.40519609,0.9416728,0.9414664,0.0,2e-08,5.066e-05
2025-02-16 05:00:00+00:00,12469.665,15.66405522,0.93979738,0.93963229,0.0,2.9e-07,3.824e-05
2025-02-16 06:00:00+00:00,12529.905,15.75704807,0.93855309,0.9383326,2.268e-05,0.0,4.878e-05
2025-02-16 07:00:00+00:00,12823.1325,18.66256179,0.93899635,0.93389781,0.00038197,0.00131693,8.885e-05
2025-02-16 08:00:00+00:00,13100.525,16.65168611,0.94008009,0.93856734,0.00128074,0.0,5.793e-05
2025-02-16 09:00:00+00:00,13041.1825,17.07516461,0.94056953,0.9389533,0.00136486,0.0,7.196e-05
2025-02-16 10:00:00+00:00,12786.65,17.45383928,0.93803948,0.93661144,0.00113017,0.0,9.427e-05
2025-02-16 11:00:00+00:00,12452.465,17.79491934,0.93789352,0.93627488,0.00132122,1.21e-06,8.755e-05
2025-02-16 12:00:00+00:00,12083.395,17.72135014,0.93693793,0.93617977,0.00043456,1.2e-07,9.815e-05
2025-02-16 13:00:00+00:00,11983.4475,17.40378641,0.93759978,0.93727581,2.629e-05,0.0,8.771e-05
2025-02-16 14:00:00+00:00,12276.105,17.28946854,0.94031465,0.93998198,3.727e-05,1.03e-06,9.106e-05
2025-02-16 15:00:00+00:00,12764.02,17.18229391,0.93942192,0.93869073,0.00030325,0.0,0.00015753
2025-02-16 16:00:00+00:00,13174.5325,18.39924555,0.93924368,0.93618204,0.0001829,0.0004798,0.00013446
2025-02-16 17:00:00+00:00,13154.895,21.89218595,0.93932669,0.92998686,0.00045617,0.00169233,9.774e-05
2025-02-16 18:00:00+00:00,13072.0275,16.77931496,0.94043734,0.94019527,1.831e-05,0.0,6.391e-05
2025-02-16 19:00:00+00:00,12734.7675,16.71349525,0.93985968,0.93963832,1.346e-05,8e-08,5.844e-05
2025-02-16 20:00:00+00:00,12409.4875,16.77510601,0.94246741,0.94230844,0.0,1.9e-07,3.831e-05
2025-02-16 21:00:00+00:00,11994.27,16.77999025,0.94456925,0.94444509,0.0,1.58e-06,2.844e-05
2025-02-16 22:00:00+00:00,11733.1475,16.67570743,0.94350447,0.94334651,0.0,1e-08,3.8e-05
2025-02-16 23:00:00+00:00,11463.2275,16.44803873,0.94601289,0.94588832,0.0,0.0,3.048e-05
2025-02-17 00:00:00+00:00,11267.5375,16.43986516,0.94564656,0.94551229,0.0,0.0,3.306e-05
2025-02-17 01:00:00+00:00,11262.69,16.43014053,0.94723798,0.94711045,0.0,0.0,3.1e-05
2025-02-17 02:00:00+00:00,11422.0725,16.44824102,0.94586283,0.94571601,0.0,0.0,3.606e-05
2025-02-17 03:00:00+00:00,11479.25,16.42794973,0.94617457,0.94603346,0.0,0.0,3.452e-05
2025-02-17 04:00:00+00:00,11803.2025,16.53051318,0.9431729,0.94306418,0.0,0.0,2.445e-05
2025-02-17 05:00:00+00:00,12726.8175,16.51971734,0.93937148,0.93927079,0.0,0.0,2.227e-05
2025-02-17 06:00:00+00:00,13399.795,16.54455687,0.93799264,0.93763746,0.00026153,0.0,2.106e-05
2025-02-17 07:00:00+00:00,13577.34,16.68971743,0.93746124,0.93734482,0.0,0.0,2.515e-05
2025-02-17 08:00:00+00:00,13538.9725,17.02969789,0.93772357,0.93761759,0.0,0.0,2.245e-05
2025-02-17 09:00:00+00:00,13346.87,20.63687779,0.93855002,0.93317149,0.00027678,0.00113537,3.434e-05
2025-02-17 10:00:00+00:00,13024.7575,22.74786126,0.93677576,0.92856357,0.00044556,0.00195216,5.232e-05
2025-02-17 11:00:00+00:00,12710.945,22.48306792,0.93461039,0.92702243,0.00040083,0.00187429,4.313e-05
2025-02-17 12:00:00+00:00,12533.295,21.09218024,0.93528862,0.92996035,0.00033788,0.0013406,3.118e-05
2025-02-17 13:00:00+00:00,12465.7175,18.04249665,0.93505875,0.93432276,3.146e-05,0.00011844,3.465e-05
2025-02-17 14:00:00+00:00,12619.465,17.43647929,0.93737982,0.93716885,3.111e-05,0.0,3.592e-05
2025-02-17 15:00:00+00:00,13044.8725,17.2511171,0.93855755,0.93817011,0.00012545,0.0,5.706e-05
2025-02-17 16:00:00+00:00,13578.525,17.02924922,0.94136652,0.94085815,0.00030463,0.0,4.252e-05
2025-02-17 17:00:00+00:00,13529.2375,16.62621838,0.94054064,0.94038791,0.00012402,0.0,1.83e-06
2025-02-17 18:00:00+00:00,13589.7625,16.65764768,0.94238259,0.94209844,0.00023145,0.0,9.14e-06
2025-02-17 19:00:00+00:00,13202.9625,16.56116383,0.94135576,0.94124429,0.0,0.0,2.033e-05
2025-02-17 20:00:00+00:00,12868.0625,16.52543058,0.94165526,0.94122781,0.00026408,0.0,4.143e-05
2025-02-17 21:00:00+00:00,12429.8625,16.34560345,0.94228925,0.94197624,0.0001737,0.0,2.713e-05
2025-02-17 22:00:00+00:00,12018.8325,16.32623497,0.94703146,0.94624723,0.00047976,0.0,9.039e-05
2025-02-17 23:00:00+00:00,11733.6,16.33834221,0.9560096,0.95493173,0.0008294,0.0,5.776e-05
2025-02-18 00:00:00+00:00,11769.6425,16.24164795,0.95553862,0.95460753,0.0006104,0.0,7.243e-05
2025-02-18 01:00:00+00:00,11708.615,15.94905931,0.95631486,0.95558314,0.00048429,0.0,5.636e-05
2025-02-18 02:00:00+00:00,11664.195,15.69906065,0.95635295,0.95598303,0.00024719,0.0,2.554e-05
2025-02-18 03:00:00+00:00,11870.62,15.64303043,0.96117061,0.96056945,0.00052302,0.0,1.72e-05
2025-02-18 04:00:00+00:00,12206.255,15.69847458,0.96121347,0.95999661,0.00108784,0.0,2.833e-05
2025-02-18 05:00:00+00:00,13428.7375,15.49803225,0.95556028,0.9550627,0.00044869,0.0,8.7e-06
2025-02-18 06:00:00+00:00,14071.795,15.57011984,0.95427539,0.95358271,0.0,0.00057248,1.64e-05
2025-02-18 07:00:00+00:00,14005.1575,15.73815757,0.95252463,0.95192693,0.0,0.00048874,1.29e-05
2025-02-18 08:00:00+00:00,13606.4575,15.9502889,0.95397999,0.95369111,0.00025252,0.0,2.66e-06
2025-02-18 09:00:00+00:00,13260.1,16.33391607,0.95160889,0.95127662,0.00027458,0.0,5.36e-06
2025-02-18 10:00:00+00:00,12852.6525,16.74562721,0.94993475,0.94986846,0.0,0.0,6.68e-06
2025-02-18 11:00:00+00:00,12370.8825,17.08354397,0.94977214,0.94973056,0.0,0.0,1.83e-06
2025-02-18 12:00:00+00:00,11886.065,17.08448974,0.94692626,0.94687959,0.0,0.0,2.42e-06
2025-02-18 13:00:00+00:00,11895.3575,17.24201523,0.9496859,0.94886697,0.00075235,0.0,5.43e-06
2025-02-18 14:00:00+00:00,12169.7075,17.17895033,0.9526931,0.9515056,0.00109464,0.0,7e-06
2025-02-18 15:00:00+00:00,12638.52,17.19708856,0.95605414,0.95423665,0.00171469,0.0,7.69e-06
2025-02-18 16:00:00+00:00,13365.82,17.18616169,0.95772351,0.95590118,0.00172586,0.0,7.34e-06
2025-02-18 17:00:00+00:00,13238.55,16.85949907,0.95722666,0.95619606,0.00094667,0.0,1.146e-05
2025-02-18 18:00:00+00:00,13284.09,16.64912746,0.95661446,0.95606254,0.00050135,0.0,5.2e-06
2025-02-18 19:00:00+00:00,13062.73,16.67257808,0.95351168,0.95292044,0.00054677,0.0,4.58e-06
2025-02-18 20:00:00+00:00,12776.49,16.83649624,0.95422125,0.95323486,0.00087907,0.0,1.791e-05
2025-02-18 21:00:00+00:00,12486.6475,17.06077555,0.95592055,0.95457931,0.00118091,0.0,3.033e-05
2025-02-18 22:00:00+00:00,12193.0,17.15593064,0.95578013,0.95450904,0.00116337,0.0,1.92e-05
2025-02-18 23:00:00+00:00,11941.645,17.41870426,0.95969221,0.95848831,0.00105619,0.0,3.355e-05
2025-02-19 00:00:00+00:00,11537.4775,17.4364069,0.9596853,0.95862974,0.0009142,0.0,3.12e-05
2025-02-19 01:00:00+00:00,11356.485,17.41678428,0.95989398,0.95944837,0.00040293,0.0,7.91e-06
2025-02-19 02:00:00+00:00,11407.99,17.50009833,0.95817244,0.95770243,0.00043657,0.0,5.01e-06
2025-02-19 03:00:00+00:00,11804.66,17.7766864,0.95453305,0.95344515,0.0010052,0.0,1.551e-05
2025-02-19 04:00:00+00:00,12393.41,18.01060277,0.94764181,0.94603214,0.00151694,0.0,1.45e-05
2025-02-19 05:00:00+00:00,13240.6,17.97173005,0.94566797,0.94437581,0.00121969,0.0,8.87e-06
2025-02-19 06:00:00+00:00,13967.9575,19.1618999,0.94374264,0.94008002,0.00160984,0.00040581,1.16e-05
2025-02-19 07:00:00+00:00,13982.0825,22.45281591,0.94201686,0.9331629,0.00170878,0.00147053,2.166e-05
2025-02-19 08:00:00+00:00,13780.395,22.16063743,0.94023961,0.93226041,0.00163647,0.00136951,2.137e-05
2025-02-19 09:00:00+00:00,13595.485,18.80365304,0.94486768,0.94241211,0.0020173,5.601e-05,9.64e-06
2025-02-19 10:00:00+00:00,13180.005,18.86256009,0.94691928,0.94420565,0.00225667,4.702e-05,9.23e-06
2025-02-19 11:00:00+00:00,12719.2625,18.83897275,0.94648201,0.9436793,0.00236656,6.544e-05,1.183e-05
2025-02-19 12:00:00+00:00,12561.615,18.88270076,0.94456378,0.9412117,0.00295486,6.041e-05,1.421e-05
2025-02-19 13:00:00+00:00,12441.1425,18.61931916,0.94731381,0.94446706,0.00269954,0.0,1.756e-05
2025-02-19 14:00:00+00:00,12593.7475,18.31590526,0.94975312,0.94743299,0.00218816,0.0,1.631e-05
2025-02-19 15:00:00+00:00,12949.48,18.08872277,0.94826741,0.94633938,0.00100768,0.00069259,5.925e-05
2025-02-19 16:00:00+00:00,13747.67,18.21057007,0.94969586,0.94686279,0.00132191,0.00114548,0.00010365
2025-02-19 17:00:00+00:00,13636.04,18.6303671,0.94863798,0.94436401,0.00125818,0.00183184,9.734e-05
2025-02-19 18:00:00+00:00,13471.16,20.35964883,0.94967668,0.94237641,0.0009424,0.00278058,9.203e-05
2025-02-19 19:00:00+00:00,13135.66,19.31474621,0.95361947,0.94807175,0.00057485,0.00245254,6.424e-05
2025-02-19 20:00:00+00:00,12924.67,17.72951205,0.95612505,0.95305884,0.00062454,0.00199979,6.309e-05
2025-02-19 21:00:00+00:00,12532.29,17.48664974,0.96065814,0.95816219,0.00087858,0.00122591,7.266e-05
2025-02-19 22:00:00+00:00,12297.55,17.22870354,0.96206349,0.96023652,0.00103697,0.0003908,0.00011847
2025-02-19 23:00:00+00:00,12037.51,16.97235606,0.96440768,0.96384584,0.00032649,0.0,7.335e-05
2025-02-20 00:00:00+00:00,12010.775,17.09509367,0.96712357,0.96641488,3.779e-05,0.00020962,1.307e-05
2025-02-20 01:00:00+00:00,11892.2625,16.95894685,0.96913376,0.96864379,2.514e-05,0.00015543,7.15e-06
2025-02-20 02:00:00+00:00,11958.3575,18.05327895,0.96869653,0.96606112,0.00016317,0.00086044,3.41e-06
2025-02-20 03:00:00+00:00,12083.47,18.53312596,0.97021059,0.96671321,0.0002134,0.00119034,5.79e-06
2025-02-20 04:00:00+00:00,12406.6025,19.30350256,0.96602032,0.96107149,0.00027441,0.00154804,4.207e-05
2025-02-20 05:00:00+00:00,13425.56,18.5063941,0.95952182,0.95621689,0.0001902,0.00089673,5.536e-05
2025-02-20 06:00:00+00:00,14259.41,20.23365835,0.95938941,0.95255033,0.00034656,0.00224633,6.658e-05
2025-02-20 07:00:00+00:00,14185.08,20.31554188,0.9594013,0.95154318,0.00085628,0.00265244,0.0001303
2025-02-20 08:00:00+00:00,13593.2675,19.75557672,0.95776737,0.95110222,0.00031226,0.00255608,0.00010374
2025-02-20 09:00:00+00:00,13260.3275,18.81845647,0.95756202,0.95331129,0.00022191,0.00152745,5.873e-05
2025-02-20 10:00:00+00:00,12910.605,18.88511901,0.95798216,0.9539725,0.00017802,0.0015306,2.224e-05
2025-02-20 11:00:00+00:00,12366.915,18.7356259,0.96066455,0.95667841,0.00013953,0.00177126,1.016e-05
2025-02-20 12:00:00+00:00,12110.3225,18.01215469,0.96322001,0.96031852,0.00013803,0.00130413,5.8e-06
2025-02-20 13:00:00+00:00,12119.5,16.90942339,0.96718854,0.96597042,7.428e-05,0.00042357,2.75e-05
2025-02-20 14:00:00+00:00,12420.8375,15.95756545,0.9699411,0.96978151,0.0,0.0,2.965e-05
2025-02-20 15:00:00+00:00,12758.21,15.65782954,0.97046868,0.97020981,0.0,0.0,5.242e-05
2025-02-20 16:00:00+00:00,13106.95,15.53861557,0.97206485,0.97130568,1.286e-05,0.0004269,6.2e-05
2025-02-20 17:00:00+00:00,13154.1225,15.13860886,0.97305279,0.97276943,0.0,8.747e-05,3.701e-05
2025-02-20 18:00:00+00:00,13062.365,14.89147958,0.97435236,0.97427804,0.0,0.0,1.249e-05
2025-02-20 19:00:00+00:00,12875.0825,14.74980407,0.97522416,0.97520289,0.0,0.0,0.0
2025-02-20 20:00:00+00:00,12466.7625,14.70629998,0.97570058,0.9756791,0.0,0.0,0.0
2025-02-20 21:00:00+00:00,11943.6825,14.55531728,0.97616865,0.97614677,0.0,0.0,0.0
2025-02-20 22:00:00+00:00,11609.685,14.59702976,0.9791809,0.97856334,0.0,0.00051457,2.13e-06
2025-02-20 23:00:00+00:00,11304.8775,14.62978597,0.9799643,0.97857659,0.0,0.00117492,4.91e-06
2025-02-21 00:00:00+00:00,11226.8775,14.62670245,0.97775241,0.97599848,0.0,0.00148668,6.27e-06
2025-02-21 01:00:00+00:00,11333.3775,14.70678514,0.97717993,0.97520879,0.0,0.0016662,7.13e-06
2025-02-21 02:00:00+00:00,11040.5725,14.58453746,0.97728906,0.97568012,0.0,0.00135405,5.94e-06
2025-02-21 03:00:00+00:00,11294.14,14.7290513,0.97671503,0.97485503,0.0,0.00157038,7.76e-06
2025-02-21 04:00:00+00:00,11219.71,14.55412961,0.97346213,0.97276999,0.0,0.00057234,2.89e-06
2025-02-21 05:00:00+00:00,11996.49,15.08652624,0.96852168,0.96701623,0.0,0.0010644,5.673e-05
2025-02-21 06:00:00+00:00,12960.42,15.74062015,0.96720331,0.96544144,0.00046127,0.00074306,0.00013467
2025-02-21 07:00:00+00:00,12858.0125,15.65840283,0.96386592,0.96265332,0.00086379,0.0,0.00010888
2025-02-21 08:00:00+00:00,13042.8425,15.75291213,0.96324885,0.9626414,0.00032549,0.0,8.977e-05
2025-02-21 09:00:00+00:00,13190.56,15.9494851,0.9646749,0.96420851,0.00020481,0.0,8.923e-05
2025-02-21 10:00:00+00:00,13026.6275,16.30532477,0.96577267,0.96517351,0.00030988,0.0,9.523e-05
2025-02-21 11:00:00+00:00,12934.8125,16.95428218,0.96747055,0.96567848,0.00023534,0.00097368,8.017e-05
2025-02-21 12:00:00+00:00,12871.2525,17.41770005,0.96957605,0.9664395,0.00027787,0.0019076,9.536e-05
2025-02-21 13:00:00+00:00,12568.43,17.11018693,0.97051023,0.96808208,0.00077164,0.00098239,0.00018469
2025-02-21 14:00:00+00:00,12442.3625,16.77393347,0.96909727,0.9672456,0.00124325,0.0,0.00023847
2025-02-21 15:00:00+00:00,12390.3175,16.58335345,0.96964673,0.96769204,0.00140437,0.0,0.00022654
2025-02-21 16:00:00+00:00,12734.39,16.49877148,0.9702693,0.96819678,0.0014751,0.0,0.0002395
2025-02-21 17:00:00+00:00,12563.2325,16.1124122,0.96974206,0.96841227,0.00079552,0.0,0.00020162
2025-02-21 18:00:00+00:00,11976.0575,15.52580392,0.97066913,0.97024604,7.635e-05,0.0,0.00012168
2025-02-21 19:00:00+00:00,11515.805,15.31196188,0.97168286,0.97161319,0.0,0.0,1.106e-05
2025-02-21 20:00:00+00:00,10969.6575,15.27719853,0.97362582,0.97359984,0.0,0.0,8.3e-07
2025-02-21 21:00:00+00:00,10523.8225,15.12511111,0.97395707,0.97393484,0.0,0.0,0.0
2025-02-21 22:00:00+00:00,10088.7,15.07711937,0.97497968,0.97427449,0.0,0.00058779,2.19e-06
2025-02-21 23:00:00+00:00,9784.0175,14.77874444,0.97633272,0.97574441,0.0,0.00049656,1.76e-06
2025-02-22 00:00:00+00:00,9694.8525,14.80514195,0.97687577,0.97579358,0.0,0.00092131,3.34e-06
2025-02-22 01:00:00+00:00,9742.2425,14.7369086,0.97722933,0.97620084,0.0,0.00088195,3.27e-06
2025-02-22 02:00:00+00:00,9647.765,14.66417286,0.97731628,0.97630482,0.0,0.00086857,3.15e-06
2025-02-22 03:00:00+00:00,9548.4675,14.58898478,0.97760928,0.97682317,0.0,0.00066724,2.6e-06
2025-02-22 04:00:00+00:00,9629.515,14.60287924,0.97688677,0.97595291,0.0,0.00080249,3.12e-06
2025-02-22 05:00:00+00:00,9667.25,14.95326567,0.9736588,0.97158747,0.0,0.0017973,6.92e-06
2025-02-22 06:00:00+00:00,9913.6675,15.00184818,0.96943043,0.96754179,0.0,0.00163825,6.33e-06
2025-02-22 07:00:00+00:00,10387.8025,15.08680144,0.96731054,0.9655561,0.0,0.00152262,5.8e-06
2025-02-22 08:00:00+00:00,10681.4125,15.295341,0.96574893,0.96408236,0.0,0.00145957,5.94e-06
2025-02-22 09:00:00+00:00,10976.425,15.69127598,0.96109719,0.95879281,0.0,0.00202095,8.44e-06
2025-02-22 10:00:00+00:00,11098.0025,15.93939774,0.95801269,0.95556971,0.0,0.00213743,8.87e-06
2025-02-22 11:00:00+00:00,10864.5925,16.08425819,0.95881646,0.95629963,0.0,0.00220928,9.02e-06
2025-02-22 12:00:00+00:00,10747.185,16.05012769,0.95838322,0.95596106,0.0,0.00212471,8.83e-06
2025-02-22 13:00:00+00:00,10532.46,16.03484859,0.9597036,0.95700054,0.0,0.00233433,2.081e-05
2025-02-22 14:00:00+00:00,10662.76,15.9235052,0.96102251,0.95820858,0.0,0.00240821,3e-05
2025-02-22 15:00:00+00:00,10862.0525,15.65005091,0.96152251,0.95932888,0.0,0.00177139,5.069e-05
2025-02-22 16:00:00+00:00,11295.98,15.39504888,0.96217077,0.960429,0.0,0.00134655,5.41e-05
2025-02-22 17:00:00+00:00,11184.9975,15.33811064,0.96205307,0.96044013,0.0,0.0013003,3.745e-05
2025-02-22 18:00:00+00:00,10900.4975,15.3488507,0.96184591,0.96006316,0.0,0.00149649,2.451e-05
2025-02-22 19:00:00+00:00,10471.63,15.35361103,0.9635965,0.96129676,0.0,0.00201626,1.03e-05
2025-02-22 20:00:00+00:00,10292.515,15.28964072,0.96490157,0.96291663,0.0,0.00166293,2.853e-05
2025-02-22 21:00:00+00:00,9962.5825,15.28359347,0.96416218,0.96217998,0.0,0.00166477,2.827e-05
2025-02-22 22:00:00+00:00,9796.19,15.38054462,0.96427506,0.96161695,0.0,0.0023249,1.406e-05
2025-02-22 23:00:00+00:00,9719.725,15.16587026,0.9662307,0.96373798,0.0,0.00217243,1.521e-05
2025-02-23 00:00:00+00:00,9337.505,15.19326394,0.96887984,0.96635959,0.0,0.00221824,9.08e-06
2025-02-23 01:00:00+00:00,9285.1525,15.26933889,0.96844837,0.96571486,0.0,0.0024106,9.86e-06
2025-02-23 02:00:00+00:00,9093.6575,15.32455734,0.96733356,0.96463356,0.0,0.00237888,9.89e-06
2025-02-23 03:00:00+00:00,9097.2975,15.45495853,0.96669443,0.96380159,0.0,0.00253043,1.499e-05
2025-02-23 04:00:00+00:00,9092.115,15.75933514,0.96609326,0.96282508,0.0,0.00272242,5.453e-05
2025-02-23 05:00:00+00:00,9269.505,16.51717191,0.96456526,0.95953107,0.0,0.00430008,5.893e-05
2025-02-23 06:00:00+00:00,9446.5625,16.65907964,0.96242972,0.95789916,0.0,0.00366124,0.00010927
2025-02-23 07:00:00+00:00,9879.315,16.8225118,0.95916363,0.95522574,0.0,0.00310546,0.00010482
2025-02-23 08:00:00+00:00,10268.9625,16.91950292,0.9585268,0.95555218,0.0,0.00229266,8.657e-05
2025-02-23 09:00:00+00:00,10351.0925,17.08627538,0.95767786,0.95544989,1.329e-05,0.00168633,8.446e-05
2025-02-23 10:00:00+00:00,10443.6775,17.34709579,0.95742663,0.95533019,4.59e-06,0.00168221,4.992e-05
2025-02-23 11:00:00+00:00,10519.93,17.5431531,0.95536101,0.95328428,0.0,0.00171169,3.593e-05
2025-02-23 12:00:00+00:00,10361.565,18.60445558,0.95408104,0.95047184,1.218e-05,0.00198085,2.69e-05
2025-02-23 13:00:00+00:00,10275.1975,18.64478398,0.95373548,0.95022357,4e-07,0.00170902,3.475e-05
2025-02-23 14:00:00+00:00,10465.5125,17.6171454,0.95648066,0.95480435,2.131e-05,0.00085545,7.938e-05
2025-02-23 15:00:00+00:00,10875.1175,17.4008296,0.95979829,0.95844432,0.00075354,0.0,0.00022953
2025-02-23 16:00:00+00:00,11449.0325,17.44339729,0.96159833,0.95984476,0.00113661,0.0,0.00026645
2025-02-23 17:00:00+00:00,11712.3925,17.33878286,0.96303237,0.96149331,0.00102214,0.0,0.0002248
2025-02-23 18:00:00+00:00,11585.1075,17.09525795,0.96395119,0.96251711,0.00087607,0.0,0.00023581
2025-02-23 19:00:00+00:00,11213.435,16.75742802,0.96408292,0.96284855,0.00074739,0.0,0.00020017
2025-02-23 20:00:00+00:00,10829.58,16.26632449,0.96417402,0.96374827,5.685e-05,0.0,0.00012286
2025-02-23 21:00:00+00:00,10429.575,15.89543447,0.96452925,0.96435815,0.0,0.0,3.636e-05
2025-02-23 22:00:00+00:00,10008.5325,16.06405828,0.96804435,0.96668228,5.14e-06,0.00052628,4.88e-06
2025-02-23 23:00:00+00:00,9797.2275,15.58970216,0.9741193,0.97247891,5.35e-06,0.0007225,3.77e-06
2025-02-24 00:00:00+00:00,9709.4625,14.64963814,0.97543521,0.97541675,0.0,0.0,0.0
2025-02-24 01:00:00+00:00,9684.5675,14.48952875,0.9758928,0.97587337,0.0,0.0,0.0
2025-02-24 02:00:00+00:00,9665.0125,14.46746768,0.97636356,0.9760805,0.0,0.00023171,1.11e-06
2025-02-24 03:00:00+00:00,9576.16,14.4259851,0.97677967,0.97653249,0.0,0.00019509,9.1e-07
2025-02-24 04:00:00+00:00,9948.4775,14.44142469,0.97786767,0.97784278,0.0,0.0,0.0
2025-02-24 05:00:00+00:00,10894.4775,14.62652047,0.97501525,0.9749912,0.0,0.0,0.0
2025-02-24 06:00:00+00:00,11595.0275,14.66988633,0.97286322,0.97282885,0.0,0.0,2.98e-06
2025-02-24 07:00:00+00:00,11827.5125,14.77455176,0.97004835,0.96997894,0.0,0.0,0.0
2025-02-24 08:00:00+00:00,11859.005,14.75453224,0.97016706,0.97009195,0.0,0.0,0.0
2025-02-24 09:00:00+00:00,11975.3375,14.70966907,0.96894365,0.96891675,0.0,0.0,0.0
2025-02-24 10:00:00+00:00,11679.905,14.57625883,0.96822204,0.96819433,0.0,0.0,0.0
2025-02-24 11:00:00+00:00,11568.54,14.60315431,0.96918574,0.96915847,0.0,0.0,0.0
2025-02-24 12:00:00+00:00,11403.1375,14.49986993,0.96829394,0.96826619,0.0,0.0,0.0
2025-02-24 13:00:00+00:00,11431.385,14.93860068,0.96856289,0.96725395,0.0,0.00063043,4.34e-06
2025-02-24 14:00:00+00:00,11678.01,14.82062916,0.96816753,0.96646198,0.0,0.00144864,1.006e-05
2025-02-24 15:00:00+00:00,11803.8025,14.86373066,0.9676839,0.96596453,0.0,0.00146298,1.013e-05
2025-02-24 16:00:00+00:00,12119.6575,14.7055703,0.96589814,0.96477457,0.0,0.00094721,6.8e-06
2025-02-24 17:00:00+00:00,12051.985,14.73831868,0.96695746,0.96575993,0.0,0.00100323,7.53e-06
2025-02-24 18:00:00+00:00,11795.445,14.77866143,0.9669233,0.96555687,0.0,0.00114895,8.49e-06
2025-02-24 19:00:00+00:00,11325.8975,14.71039487,0.96800905,0.96700308,0.0,0.00083931,6.26e-06
2025-02-24 20:00:00+00:00,10818.47,14.69081944,0.9741978,0.97334248,0.0,0.0007087,5.39e-06
2025-02-24 21:00:00+00:00,10247.7025,14.67838991,0.97446087,0.97354462,0.0,0.00075828,5.82e-06
2025-02-24 22:00:00+00:00,9819.65,14.63344159,0.97438565,0.97328601,0.0,0.00092297,6.83e-06
2025-02-24 23:00:00+00:00,9798.5825,14.71661283,0.97387764,0.97208952,0.0,0.00150588,1.086e-05
2025-02-25 00:00:00+00:00,9673.125,15.18351536,0.97304546,0.96993532,0.0,0.00264517,1.858e-05
2025-02-25 01:00:00+00:00,9528.065,15.55098138,0.97227925,0.96801464,0.0,0.0036498,2.519e-05
2025-02-25 02:00:00+00:00,9465.44,15.75951272,0.97208427,0.96797928,0.0,0.00349343,2.505e-05
2025-02-25 03:00:00+00:00,9493.47,15.88284258,0.96761425,0.96401011,0.0,0.00303206,2.305e-05
2025-02-25 04:00:00+00:00,9836.3825,15.8355486,0.96162179,0.95914387,0.0,0.00201816,3.11e-05
2025-02-25 05:00:00+00:00,10751.0975,15.98361512,0.95969477,0.95861665,0.0,0.00081174,2.778e-05
2025-02-25 06:00:00+00:00,11308.75,16.2210271,0.95550355,0.95507963,0.0,0.00033694,2.85e-06
2025-02-25 07:00:00+00:00,11672.175,16.64414399,0.95650295,0.95580081,0.00033601,0.00021533,1.205e-05
2025-02-25 08:00:00+00:00,11670.1325,16.86548487,0.95671827,0.95574471,0.00072134,2.2e-07,5.295e-05
2025-02-25 09:00:00+00:00,11549.6575,17.02215628,0.95850559,0.95760685,0.00071271,0.0,5.007e-05
2025-02-25 10:00:00+00:00,11447.38,17.17335848,0.95675243,0.95606129,0.00044871,0.0,5.709e-05
2025-02-25 11:00:00+00:00,11474.8175,17.34702184,0.95426386,0.95365497,0.00033282,0.0,6.296e-05
2025-02-25 12:00:00+00:00,11382.1775,17.4365534,0.95571906,0.95505844,0.00038844,0.0,7.516e-05
2025-02-25 13:00:00+00:00,11346.38,17.52934126,0.95659648,0.95556265,0.00069351,0.0,0.00010834
2025-02-25 14:00:00+00:00,11312.45,17.41235155,0.95631221,0.95531943,0.00065171,0.0,0.00010763
2025-02-25 15:00:00+00:00,11436.9975,17.41039404,0.95667099,0.95518274,0.00105434,0.0,0.00016749
2025-02-25 16:00:00+00:00,12078.785,17.71953315,0.95975215,0.95717219,0.00202827,0.0,0.00023567
2025-02-25 17:00:00+00:00,12113.44,17.57927589,0.96127278,0.95909431,0.00170343,0.0,0.00019426
2025-02-25 18:00:00+00:00,11765.1775,17.39664126,0.9606284,0.95908839,0.00107074,0.0,0.00017338
2025-02-25 19:00:00+00:00,11439.9575,17.14478299,0.96159405,0.96125884,6.017e-05,0.0,7.2e-05
2025-02-25 20:00:00+00:00,11064.825,17.09772332,0.96438823,0.96419452,0.0,0.0,3.819e-05
2025-02-25 21:00:00+00:00,10489.48,16.96017504,0.96575487,0.96564425,0.0,0.0,1.916e-05
2025-02-25 22:00:00+00:00,10015.725,16.76183435,0.96621403,0.96611676,0.0,0.0,1.699e-05
2025-02-25 23:00:00+00:00,10027.6125,16.59945076,0.96539358,0.96531261,0.0,0.0,1.261e-05
2025-02-26 00:00:00+00:00,9838.1775,16.51505322,0.9655731,0.96546585,0.0,0.0,1.967e-05
2025-02-26 01:00:00+00:00,9610.6625,16.45330297,0.96546474,0.96536784,0.0,0.0,1.692e-05
2025-02-26 02:00:00+00:00,9504.7675,16.62719423,0.96545026,0.96529047,0.0,0.0,3.138e-05
2025-02-26 03:00:00+00:00,9611.095,16.81687652,0.963413,0.96320702,0.0,0.0,3.961e-05
2025-02-26 04:00:00+00:00,10051.0875,16.92009601,0.95868622,0.95848611,0.0,0.0,3.736e-05
2025-02-26 05:00:00+00:00,10770.8625,17.04215827,0.95197104,0.95173762,7.37e-06,0.0,4.766e-05
2025-02-26 06:00:00+00:00,11407.2475,17.32195507,0.94951257,0.94844653,0.00064536,0.0,0.00014504
2025-02-26 07:00:00+00:00,11474.67,17.47492721,0.94802345,0.94649633,0.00098807,0.0,0.00019035
2025-02-26 08:00:00+00:00,11587.4325,17.67843677,0.94735426,0.94590291,0.00087803,0.0,0.00019782
2025-02-26 09:00:00+00:00,11349.45,17.93357392,0.9482967,0.94671644,0.00097549,0.0,0.00022188
2025-02-26 10:00:00+00:00,11357.1175,18.13955255,0.94917727,0.94741877,0.00128361,0.0,0.00017805
2025-02-26 11:00:00+00:00,11293.63,18.38806266,0.94921017,0.94750022,0.00119827,0.0,0.00018713
2025-02-26 12:00:00+00:00,11181.555,18.45536606,0.95032113,0.94903848,0.00079321,0.0,0.00018035
2025-02-26 13:00:00+00:00,11190.3925,18.39757945,0.95108639,0.94978649,0.00080015,0.0,0.00017824
2025-02-26 14:00:00+00:00,11379.6,18.4096777,0.95116497,0.94962579,0.00099361,0.0,0.00020516
2025-02-26 15:00:00+00:00,11532.315,18.32373473,0.94842111,0.94643416,0.00138784,0.0,0.00023268
2025-02-26 16:00:00+00:00,12007.09,18.1760618,0.94790948,0.94572806,0.00165067,0.0,0.00021347
2025-02-26 17:00:00+00:00,11944.3075,18.00894763,0.94944094,0.94753923,0.0014286,0.0,0.00019687
2025-02-26 18:00:00+00:00,11654.9675,17.85661721,0.95109995,0.94949468,0.00116902,0.0,0.00017948
2025-02-26 19:00:00+00:00,11407.365,17.59706117,0.95277171,0.95197967,0.00046713,0.0,0.00012098
2025-02-26 20:00:00+00:00,11029.8775,17.40535507,0.95751219,0.95725767,4.252e-05,0.0,7.106e-05
2025-02-26 21:00:00+00:00,10637.87,17.41524502,0.96165992,0.96142651,3.237e-05,0.0,5.83e-05
2025-02-26 22:00:00+00:00,10174.3,17.37135277,0.96157712,0.9614094,4.71e-06,0.0,3.093e-05
2025-02-26 23:00:00+00:00,10072.5225,17.75263308,0.9638011,0.96243374,0.0,0.00106784,2.729e-05
2025-02-27 00:00:00+00:00,9907.185,17.92104161,0.96523895,0.963307,0.0,0.00160448,1.625e-05
2025-02-27 01:00:00+00:00,9701.3975,17.41106779,0.96439301,0.96400228,0.0,0.00026157,1.631e-05
2025-02-27 02:00:00+00:00,9567.55,17.40632391,0.96313444,0.96277359,0.0,0.0002186,2.076e-05
2025-02-27 03:00:00+00:00,9775.1075,17.4617932,0.96156082,0.96143434,0.0,0.0,2.32e-05
2025-02-27 04:00:00+00:00,10141.71,17.49982031,0.95891189,0.958761,1.622e-05,0.0,3.105e-05
2025-02-27 05:00:00+00:00,11102.5875,17.83870854,0.95458094,0.95353569,0.00083544,0.0,6.525e-05
2025-02-27 06:00:00+00:00,11970.3975,18.08672369,0.9467231,0.94560305,0.00091418,0.0,7.261e-05
2025-02-27 07:00:00+00:00,12090.48,18.37431757,0.94646835,0.94488861,0.00125197,0.0,0.00010485
2025-02-27 08:00:00+00:00,11813.3425,18.58396993,0.94596763,0.94382873,0.0016444,0.0,0.00013166
2025-02-27 09:00:00+00:00,11727.7225,18.68098577,0.94524152,0.94322355,0.00154749,0.0,0.00015502
2025-02-27 10:00:00+00:00,11571.515,18.83992611,0.94537867,0.943346,0.00151896,0.0,0.00016917
2025-02-27 11:00:00+00:00,11298.015,18.94172999,0.9478744,0.94580968,0.00158133,0.0,0.00015793
2025-02-27 12:00:00+00:00,11141.025,18.85320318,0.94650183,0.94498135,0.00105584,0.0,0.00012629
2025-02-27 13:00:00+00:00,11100.0525,18.83037683,0.94877421,0.94706674,0.00125599,0.0,0.0001512
2025-02-27 14:00:00+00:00,11362.82,18.76891398,0.94752174,0.94581655,0.00123528,0.0,0.00016684
2025-02-27 15:00:00+00:00,11702.5,18.78457303,0.94715453,0.94477572,0.00190946,0.0,0.0001898
2025-02-27 16:00:00+00:00,12153.685,18.83408839,0.94820037,0.94501024,0.00258211,0.0,0.00023656
2025-02-27 17:00:00+00:00,12180.6225,18.58423805,0.94935069,0.94678938,0.0020665,0.0,0.00021083
2025-02-27 18:00:00+00:00,11943.5625,18.27457064,0.94886192,0.94683004,0.00168551,0.0,0.00014746
2025-02-27 19:00:00+00:00,11590.1975,18.01079744,0.94873781,0.94736098,0.00111802,0.0,0.00010601
2025-02-27 20:00:00+00:00,11219.2025,17.81953082,0.95279228,0.95192557,0.00060821,0.0,8.876e-05
2025-02-27 21:00:00+00:00,10839.755,17.56576412,0.95785172,0.95759143,8.195e-05,0.0,4.362e-05
2025-02-27 22:00:00+00:00,10559.3025,17.40047074,0.96316173,0.96301566,0.0,0.0,2.964e-05
2025-02-27 23:00:00+00:00,10404.5175,17.34751612,0.96691511,0.96654456,1.644e-05,0.0,8.546e-05
2025-02-28 00:00:00+00:00,10389.2175,17.22896614,0.9676203,0.96729612,1.073e-05,0.0,7.069e-05
2025-02-28 01:00:00+00:00,10291.34,17.19819485,0.96747599,0.96703365,4.676e-05,0.0,0.00011974
2025-02-28 02:00:00+00:00,10284.9025,17.14266771,0.96739405,0.96706158,1.307e-05,0.0,7.737e-05
2025-02-28 03:00:00+00:00,10388.165,17.18084223,0.965149,0.96480613,2.3e-05,6.6e-07,8.503e-05
2025-02-28 04:00:00+00:00,10866.48,17.4646328,0.96078758,0.95978484,0.00057264,1.12e-06,0.00015426
2025-02-28 05:00:00+00:00,11755.4425,17.90466527,0.95408579,0.95220791,0.00143197,3.9e-06,0.00019601
2025-02-28 06:00:00+00:00,12258.9675,18.08185416,0.94828993,0.94642176,0.00138583,4.5e-06,0.00021806
2025-02-28 07:00:00+00:00,12171.6625,18.1893398,0.94549549,0.9437823,0.00122665,3.67e-06,0.00019986
2025-02-28 08:00:00+00:00,11959.98,18.32740961,0.94416599,0.94247839,0.00119713,5.02e-06,0.00019431
2025-02-28 09:00:00+00:00,11836.01,18.53641246,0.94444258,0.94273073,0.00125219,5.44e-06,0.00021095
2025-02-28 10:00:00+00:00,11731.115,18.68623515,0.94501505,0.94345406,0.00110761,4.51e-06,0.00020849
2025-02-28 11:00:00+00:00,11642.7325,18.75495852,0.94518591,0.9438895,0.00077853,4.51e-06,0.00018031
2025-02-28 12:00:00+00:00,11454.995,18.63114461,0.94493013,0.9439475,0.00054547,2.27e-06,0.00014124
2025-02-28 13:00:00+00:00,11234.38,18.44705125,0.9453404,0.94432428,0.0006232,1.76e-06,0.00013374
2025-02-28 14:00:00+00:00,11387.29,18.38269108,0.94617092,0.94498151,0.00066741,1.52e-06,0.0001664
2025-02-28 15:00:00+00:00,11537.7625,17.95097258,0.94603814,0.94476416,0.0007915,6.86e-06,0.00016253
2025-02-28 16:00:00+00:00,12057.0075,17.75215721,0.94972375,0.94761311,0.00165507,4.96e-06,0.0001784
2025-02-28 17:00:00+00:00,12275.28,17.71015687,0.95288388,0.95038638,0.00205542,4.18e-06,0.0001918
2025-02-28 18:00:00+00:00,11980.205,17.51081584,0.95829858,0.95590179,0.0019194,3.59e-06,0.00020112
2025-02-28 19:00:00+00:00,11648.14,17.26078359,0.96283538,0.96113299,0.00126249,2.26e-06,0.00016117
2025-02-28 20:00:00+00:00,11196.465,17.08077386,0.96054321,0.95927966,0.00083273,0.0,0.00016402
2025-02-28 21:00:00+00:00,10724.72,16.73347297,0.96107906,0.96058533,0.00021318,1.25e-06,9.839e-05
2025-02-28 22:00:00+00:00,10420.13,16.78589788,0.96284699,0.9624874,0.00012707,1.48e-06,7.475e-05
2025-02-28 23:00:00+00:00,10182.09,16.82706623,0.96709827,0.96689708,1.695e-05,8.6e-07,5.944e-05
2025-03-01 00:00:00+00:00,10075.795,16.90020811,0.97064394,0.97041084,9.94e-06,6.8e-07,5.789e-05
2025-03-01 01:00:00+00:00,10026.0475,17.07620298,0.96885133,0.96851954,1.801e-05,0.0,8.974e-05
2025-03-01 02:00:00+00:00,9950.0975,17.23107581,0.96858251,0.96821692,1.681e-05,0.0,9.399e-05
2025-03-01 03:00:00+00:00,10055.0275,17.42688058,0.96617853,0.9657869,1.62e-05,0.0,0.00010349
2025-03-01 04:00:00+00:00,10149.28,17.62265915,0.96436284,0.96396801,1.543e-05,0.0,0.0001007
2025-03-01 05:00:00+00:00,10356.57,17.72531064,0.96073224,0.96034076,1.488e-05,0.0,9.801e-05
2025-03-01 06:00:00+00:00,10514.0575,17.73980906,0.95714241,0.95673292,2.63e-05,0.0,0.00011719
2025-03-01 07:00:00+00:00,10869.68,18.1491752,0.95632293,0.95544286,0.00039509,0.0,0.00019316
2025-03-01 08:00:00+00:00,11119.745,18.45726517,0.95620549,0.95519022,0.00053513,0.0,0.00019123
2025-03-01 09:00:00+00:00,11172.09,18.6252364,0.95831543,0.95775116,7.829e-05,0.0,0.00016388
2025-03-01 10:00:00+00:00,11106.41,18.86932345,0.95656257,0.95603026,3.546e-05,0.0,0.00015934
2025-03-01 11:00:00+00:00,10912.815,18.74467204,0.95641611,0.9560748,1.057e-05,0.0,8.088e-05
2025-03-01 12:00:00+00:00,10591.1775,18.33550458,0.95856483,0.95847476,0.0,0.0,1.421e-05
2025-03-01 13:00:00+00:00,10548.24,17.86437516,0.96038767,0.96034025,0.0,0.0,5.03e-06
2025-03-01 14:00:00+00:00,10722.0025,17.32215249,0.96272332,0.96270054,0.0,0.0,0.0
2025-03-01 15:00:00+00:00,10999.0725,16.90137748,0.96373479,0.96362412,0.0,0.0,1.862e-05
2025-03-01 16:00:00+00:00,11502.67,16.6299969,0.9618284,0.96158262,0.0,0.0,4.758e-05
2025-03-01 17:00:00+00:00,11613.89,16.41547734,0.96231787,0.96212156,0.0,0.0,3.89e-05
2025-03-01 18:00:00+00:00,11065.925,16.12002984,0.96346197,0.96343949,0.0,0.0,0.0
2025-03-01 19:00:00+00:00,10782.645,15.99318289,0.96828498,0.96826217,0.0,0.0,0.0
2025-03-01 20:00:00+00:00,10500.085,16.00007449,0.9736622,0.97363971,0.0,0.0,0.0
2025-03-01 21:00:00+00:00,10251.5475,15.82048468,0.97685126,0.97682817,0.0,0.0,0.0
2025-03-01 22:00:00+00:00,9823.69,15.46523268,0.97846965,0.97845188,0.0,0.0,0.0
2025-03-01 23:00:00+00:00,9720.145,15.11444399,0.982109,0.98209065,0.0,0.0,0.0
2025-03-02 00:00:00+00:00,9697.8025,14.99652167,0.98291935,0.98290094,0.0,0.0,0.0
2025-03-02 01:00:00+00:00,9573.8125,14.79405402,0.98244904,0.98243064,0.0,0.0,0.0
2025-03-02 02:00:00+00:00,9583.6225,14.75015408,0.98247443,0.98245603,0.0,0.0,0.0
2025-03-02 03:00:00+00:00,9445.39,14.63442294,0.98290971,0.98289136,0.0,0.0,0.0
2025-03-02 04:00:00+00:00,9595.4525,14.5215276,0.98285936,0.98283455,0.0,0.0,0.0
2025-03-02 05:00:00+00:00,9651.6475,14.35798332,0.98260277,0.98258365,0.0,0.0,0.0
2025-03-02 06:00:00+00:00,9748.6975,14.27538753,0.98241274,0.9823943,0.0,0.0,0.0
2025-03-02 07:00:00+00:00,9852.93,14.37554207,0.98027463,0.98025006,0.0,0.0,0.0
2025-03-02 08:00:00+00:00,9947.5375,14.54436035,0.97886921,0.97883906,0.0,0.0,0.0
2025-03-02 09:00:00+00:00,9977.63,14.78249224,0.97587385,0.97564037,0.0,0.0001791,1.13e-06
2025-03-02 10:00:00+00:00,9713.27,14.93749209,0.97371128,0.97360185,0.0,7.255e-05,4.6e-07
2025-03-02 11:00:00+00:00,9616.8725,15.01618613,0.97299649,0.97266161,0.0,0.00026054,1.62e-06
2025-03-02 12:00:00+00:00,9486.105,14.89495254,0.97391551,0.97383558,0.0,4.697e-05,3e-07
2025-03-02 13:00:00+00:00,9630.5225,14.84841362,0.97541634,0.97539109,0.0,0.0,0.0
2025-03-02 14:00:00+00:00,10047.745,14.9331472,0.97739197,0.97730919,0.0,3.1e-07,1.295e-05
2025-03-02 15:00:00+00:00,10493.68,15.20685605,0.97920408,0.97905161,0.0,0.0,2.69e-05
2025-03-02 16:00:00+00:00,11018.3575,15.40539269,0.98020679,0.98014298,0.0,0.0,7.77e-06
2025-03-02 17:00:00+00:00,11342.52,15.61813863,0.98208146,0.9819653,0.0,0.0,2.108e-05
2025-03-02 18:00:00+00:00,11043.53,15.41998914,0.98186437,0.98184163,0.0,0.0,0.0
2025-03-02 19:00:00+00:00,10662.11,15.09851719,0.98197365,0.98195033,0.0,0.0,0.0
2025-03-02 20:00:00+00:00,10245.82,14.97514624,0.98166619,0.98164336,0.0,0.0,0.0
2025-03-02 21:00:00+00:00,9791.6975,14.69326666,0.98200418,0.98198062,0.0,0.0,0.0
2025-03-02 22:00:00+00:00,9357.82,14.43707679,0.98075461,0.98073611,0.0,0.0,0.0
2025-03-02 23:00:00+00:00,9213.0075,14.17860546,0.97876291,0.97874425,0.0,0.0,0.0
2025-03-03 00:00:00+00:00,9083.37,14.10010009,0.97895291,0.97893363,0.0,0.0,0.0
2025-03-03 01:00:00+00:00,9115.23,14.14670986,0.97975476,0.97973565,0.0,0.0,0.0
2025-03-03 02:00:00+00:00,9229.1275,14.18178699,0.97936841,0.9793493,0.0,0.0,0.0
2025-03-03 03:00:00+00:00,9342.765,14.14311317,0.97982212,0.97980294,0.0,0.0,0.0
2025-03-03 04:00:00+00:00,9643.5,14.1519468,0.97997771,0.97995159,0.0,0.0,2.5e-07
2025-03-03 05:00:00+00:00,10772.1225,14.52081176,0.97860571,0.97858297,0.0,0.0,1.11e-06
2025-03-03 06:00:00+00:00,11497.9,14.81248408,0.97936867,0.97935214,0.0,0.0,0.0
2025-03-03 07:00:00+00:00,11625.15,15.08040274,0.97787087,0.97784919,0.0,0.0,0.0
2025-03-03 08:00:00+00:00,11375.0,15.33573817,0.97740257,0.97730401,0.0,0.0,0.0
2025-03-03 09:00:00+00:00,11155.3875,15.5449368,0.97516461,0.97514219,0.0,0.0,0.0
2025-03-03 10:00:00+00:00,10785.9475,15.63157693,0.9729183,0.97289514,0.0,0.0,0.0
2025-03-03 11:00:00+00:00,10430.6575,15.39495793,0.97391364,0.97388373,0.0,0.0,0.0
2025-03-03 12:00:00+00:00,10254.805,15.17164748,0.97519221,0.9751682,0.0,0.0,0.0
2025-03-03 13:00:00+00:00,10252.7025,14.90962418,0.97595551,0.97593166,0.0,0.0,0.0
2025-03-03 14:00:00+00:00,10638.1775,14.58017077,0.98013862,0.98011482,0.0,0.0,0.0
2025-03-03 15:00:00+00:00,11086.27,14.88477932,0.9806554,0.97872385,0.0,0.00162784,1.098e-05
2025-03-03 16:00:00+00:00,11562.1175,14.38181442,0.98025788,0.98022911,0.0,0.0,0.0
2025-03-03 17:00:00+00:00,11597.1925,14.36601038,0.98118103,0.98111063,0.0,3.589e-05,2.4e-07
2025-03-03 18:00:00+00:00,11352.17,14.27898636,0.98034483,0.980322,0.0,0.0,0.0
2025-03-03 19:00:00+00:00,10967.09,14.24780998,0.98294441,0.98292152,0.0,0.0,0.0
2025-03-03 20:00:00+00:00,10753.47,14.31928146,0.98094698,0.9809186,0.0,0.0,0.0
2025-03-03 21:00:00+00:00,10228.0925,14.28316668,0.9810162,0.98064459,0.0,0.00029759,1.92e-06
2025-03-03 22:00:00+00:00,9799.955,14.10700357,0.9805479,0.98052374,0.0,0.0,0.0
2025-03-03 23:00:00+00:00,9477.0425,14.05252156,0.9821607,0.98214201,0.0,0.0,0.0
2025-03-04 00:00:00+00:00,9282.41,14.10282549,0.98197516,0.9819559,0.0,0.0,0.0
2025-03-04 01:00:00+00:00,9164.1625,14.09265065,0.98196743,0.98194861,0.0,0.0,0.0
2025-03-04 02:00:00+00:00,9161.5775,14.05157373,0.98211087,0.98208572,0.0,0.0,0.0
2025-03-04 03:00:00+00:00,9192.8875,14.0801869,0.98176188,0.98174328,0.0,0.0,0.0
2025-03-04 04:00:00+00:00,9473.2975,14.06950562,0.98184853,0.9818235,0.0,0.0,0.0
2025-03-04 05:00:00+00:00,10440.445,14.47128964,0.98205974,0.98203581,0.0,0.0,0.0
2025-03-04 06:00:00+00:00,11267.6375,14.82605869,0.98249955,0.98246866,0.0,2.9e-07,3.27e-06
2025-03-04 07:00:00+00:00,11237.1775,15.05631941,0.98154537,0.98152317,0.0,0.0,0.0
2025-03-04 08:00:00+00:00,11131.6825,15.41249744,0.9799922,0.97989138,0.0,0.0,0.0
2025-03-04 09:00:00+00:00,11114.6925,15.58817478,0.97867965,0.97865683,0.0,0.0,0.0
2025-03-04 10:00:00+00:00,10821.18,15.69249916,0.97699994,0.9769763,0.0,0.0,0.0
2025-03-04 11:00:00+00:00,10759.575,15.74746147,0.97344526,0.97341493,0.0,0.0,0.0
2025-03-04 12:00:00+00:00,10982.0025,15.95673631,0.97475589,0.97473217,0.0,0.0,0.0
2025-03-04 13:00:00+00:00,11013.4725,16.30111956,0.9761636,0.9761403,0.0,0.0,0.0
2025-03-04 14:00:00+00:00,11109.2675,16.41255381,0.97641417,0.97639107,0.0,0.0,0.0
2025-03-04 15:00:00+00:00,11286.7925,16.40468292,0.97810328,0.97808053,0.0,0.0,0.0
2025-03-04 16:00:00+00:00,11740.2425,16.34985961,0.97886209,0.97883407,0.0,0.0,0.0
2025-03-04 17:00:00+00:00,11690.98,16.18826961,0.97908458,0.97905247,0.0,6e-08,1.02e-06
2025-03-04 18:00:00+00:00,11259.975,15.86720076,0.97881733,0.97879497,0.0,0.0,0.0
2025-03-04 19:00:00+00:00,11015.72,15.59427788,0.97972758,0.97970542,0.0,0.0,0.0
2025-03-04 20:00:00+00:00,10540.625,15.09263959,0.9804603,0.9804316,0.0,0.0,0.0
2025-03-04 21:00:00+00:00,10051.3225,14.61749754,0.97996271,0.97993886,0.0,0.0,0.0
2025-03-04 22:00:00+00:00,9495.265,14.42829847,0.97967205,0.97964733,0.0,0.0,0.0
2025-03-04 23:00:00+00:00,9204.9225,14.33128466,0.97866775,0.97864244,0.0,0.0,0.0
2025-03-05 00:00:00+00:00,9035.37,14.27690963,0.97790879,0.97788309,0.0,0.0,0.0
2025-03-05 01:00:00+00:00,8897.4,14.24607651,0.97945571,0.97942984,0.0,0.0,0.0
2025-03-05 02:00:00+00:00,8826.605,14.17576091,0.97899021,0.97896361,0.0,0.0,0.0
2025-03-05 03:00:00+00:00,8816.015,14.25372846,0.97909782,0.97907188,0.0,0.0,0.0
2025-03-05 04:00:00+00:00,9226.775,14.19004432,0.97927222,0.97924682,0.0,0.0,0.0
2025-03-05 05:00:00+00:00,10157.7525,14.39009657,0.97972414,0.97969983,0.0,0.0,0.0
2025-03-05 06:00:00+00:00,10931.615,14.72744178,0.97771822,0.97692398,0.0,0.00065579,9.39e-06
2025-03-05 07:00:00+00:00,11094.2525,15.22626085,0.97736946,0.97535353,0.0,0.00167283,2.568e-05
2025-03-05 08:00:00+00:00,11069.075,14.82835344,0.97763406,0.97752076,0.0,0.0,0.0
2025-03-05 09:00:00+00:00,10849.4275,14.87893552,0.97623157,0.97620093,0.0,0.0,0.0
2025-03-05 10:00:00+00:00,10897.365,14.90628679,0.97604622,0.97601447,0.0,0.0,0.0
2025-03-05 11:00:00+00:00,10850.08,14.76205007,0.97442611,0.97439225,0.0,0.0,0.0
2025-03-05 12:00:00+00:00,10736.69,14.83534367,0.97555455,0.97552194,0.0,0.0,0.0
2025-03-05 13:00:00+00:00,10801.635,14.88878501,0.97812339,0.97809297,0.0,0.0,0.0
2025-03-05 14:00:00+00:00,10892.89,14.91197541,0.97879279,0.97876907,0.0,0.0,0.0
2025-03-05 15:00:00+00:00,11076.01,15.02755674,0.98006432,0.98004099,0.0,0.0,0.0
2025-03-05 16:00:00+00:00,11496.9775,15.93408328,0.9794834,0.97642616,0.0,0.00258234,3.815e-05
2025-03-05 17:00:00+00:00,11482.7075,15.62314465,0.97971655,0.97853362,0.0,0.00098103,1.438e-05
2025-03-05 18:00:00+00:00,11206.9375,16.40195594,0.97769425,0.97322194,0.0,0.00378811,5.602e-05
2025-03-05 19:00:00+00:00,10854.6025,16.33175759,0.97886244,0.97483835,0.0,0.0033906,5.164e-05
2025-03-05 20:00:00+00:00,10262.6925,15.69013659,0.97857803,0.97704818,0.0,0.00127428,1.925e-05
2025-03-05 21:00:00+00:00,9701.4325,15.30480486,0.9778512,0.97781981,0.0,0.0,0.0
2025-03-05 22:00:00+00:00,9263.6075,15.2847834,0.97429299,0.97426187,0.0,0.0,0.0
2025-03-05 23:00:00+00:00,8829.34,15.24098497,0.97404505,0.97398618,0.0,4.1e-07,7.79e-06
2025-03-06 00:00:00+00:00,8672.7175,15.08020723,0.97449864,0.97444458,0.0,3.9e-07,4.18e-06
2025-03-06 01:00:00+00:00,8669.9,14.86101317,0.97472455,0.9746828,0.0,2e-07,2.31e-06
2025-03-06 02:00:00+00:00,8517.355,14.64732264,0.97468435,0.97465267,0.0,0.0,0.0
2025-03-06 03:00:00+00:00,8512.9075,14.43059153,0.97452899,0.97449724,0.0,0.0,0.0
2025-03-06 04:00:00+00:00,8932.015,14.55877845,0.97561473,0.97558442,0.0,0.0,0.0
2025-03-06 05:00:00+00:00,10002.4875,14.75943326,0.97512544,0.97509698,0.0,0.0,0.0
2025-03-06 06:00:00+00:00,10633.2825,14.60923338,0.97249976,0.97247087,0.0,0.0,0.0
2025-03-06 07:00:00+00:00,10736.5425,14.74327598,0.97258147,0.97254648,0.0,0.0,0.0
2025-03-06 08:00:00+00:00,10821.775,14.98404507,0.97173102,0.97161663,0.0,0.0,0.0
2025-03-06 09:00:00+00:00,10674.315,15.11833514,0.97108402,0.97104934,0.0,0.0,0.0
2025-03-06 10:00:00+00:00,10336.0575,15.22747963,0.96803582,0.96799989,0.0,0.0,0.0
2025-03-06 11:00:00+00:00,10140.6675,15.33199176,0.96642812,0.96639163,0.0,0.0,0.0
2025-03-06 12:00:00+00:00,10036.065,15.25154544,0.96555433,0.96551687,0.0,0.0,0.0
2025-03-06 13:00:00+00:00,10013.0425,15.18183209,0.9680809,0.96804375,0.0,0.0,0.0
2025-03-06 14:00:00+00:00,10039.8775,14.96497561,0.96828285,0.9682449,0.0,0.0,0.0
2025-03-06 15:00:00+00:00,10404.365,14.89913756,0.96846041,0.96842954,0.0,0.0,0.0
2025-03-06 16:00:00+00:00,10922.505,15.20131963,0.97253447,0.97238169,0.0,2.36e-06,2.705e-05
2025-03-06 17:00:00+00:00,11216.7725,15.41251299,0.97360385,0.97350271,0.0,1.38e-06,1.584e-05
2025-03-06 18:00:00+00:00,11242.1275,15.54414143,0.97356119,0.97348417,0.0,1.01e-06,9.79e-06
2025-03-06 19:00:00+00:00,10917.285,15.70159164,0.97313592,0.97307932,0.0,5.2e-07,4.86e-06
2025-03-06 20:00:00+00:00,10431.31,15.97799788,0.97298413,0.97295521,0.0,0.0,0.0
2025-03-06 21:00:00+00:00,10100.695,16.07743697,0.97241768,0.97238786,0.0,0.0,0.0
2025-03-06 22:00:00+00:00,9761.21,16.2299379,0.97246316,0.9724087,0.0,0.0,0.0
2025-03-06 23:00:00+00:00,9249.1525,16.52457175,0.97379808,0.97376795,0.0,0.0,0.0
2025-03-07 00:00:00+00:00,9016.295,16.75585151,0.97307796,0.97305362,0.0,0.0,0.0
2025-03-07 01:00:00+00:00,8947.2275,16.96079721,0.97194794,0.97191749,0.0,0.0,0.0
2025-03-07 02:00:00+00:00,8878.84,17.0822299,0.97107402,0.97101337,0.0,0.0,6.95e-06
2025-03-07 03:00:00+00:00,9168.9475,17.30398049,0.97037606,0.97029776,0.0,0.0,1.166e-05
2025-03-07 04:00:00+00:00,9637.5725,17.36565753,0.97041948,0.97028381,0.0,0.0,2.571e-05
2025-03-07 05:00:00+00:00,10448.73,17.32370416,0.96581734,0.96559324,2.862e-05,0.0,6.294e-05
2025-03-07 06:00:00+00:00,11163.595,17.50492354,0.96579128,0.9650711,0.00039308,0.0,0.00013139
2025-03-07 07:00:00+00:00,11363.595,17.43763185,0.96427091,0.96362331,0.00036675,0.0,0.00010791
2025-03-07 08:00:00+00:00,11158.18,17.53708022,0.96173348,0.96115509,0.00021104,0.0,0.00010143
2025-03-07 09:00:00+00:00,10812.6275,17.67141835,0.95952328,0.95934676,0.0,0.0,3.184e-05
2025-03-07 10:00:00+00:00,10245.585,17.72569819,0.95866606,0.95857844,0.0,0.0,1.238e-05
2025-03-07 11:00:00+00:00,9717.6275,17.41957266,0.95796572,0.95792248,0.0,0.0,0.0
2025-03-07 12:00:00+00:00,9175.8775,17.06553643,0.957165,0.95712014,0.0,0.0,0.0
2025-03-07 13:00:00+00:00,9040.3375,16.81875339,0.9619697,0.96192665,0.0,0.0,0.0
2025-03-07 14:00:00+00:00,9118.81,16.4039455,0.96451834,0.96447404,0.0,0.0,1.75e-06
2025-03-07 15:00:00+00:00,9757.1875,16.20654867,0.96679622,0.96664922,0.0,1.5e-07,2.799e-05
2025-03-07 16:00:00+00:00,10369.63,16.05568757,0.96864026,0.96842209,0.0,0.0,4.223e-05
2025-03-07 17:00:00+00:00,10455.7275,15.80490798,0.96763457,0.96746214,0.0,2.1e-07,3.166e-05
2025-03-07 18:00:00+00:00,10091.6625,15.58360405,0.96729467,0.96714969,0.0,9.7e-07,2.586e-05
2025-03-07 19:00:00+00:00,9751.9275,15.5009454,0.96887103,0.96859856,0.0,2.68e-06,5.606e-05
2025-03-07 20:00:00+00:00,9303.3525,15.13191801,0.96784243,0.96771505,0.0,4.8e-07,2.143e-05
2025-03-07 21:00:00+00:00,8961.975,15.06396749,0.96772017,0.96762177,0.0,1.2e-07,1.486e-05
2025-03-07 22:00:00+00:00,8580.2825,15.01391754,0.96858869,0.96848581,0.0,1.1e-07,1.08e-05
2025-03-07 23:00:00+00:00,8525.4475,14.91451001,0.96904675,0.96900118,0.0,0.0,0.0
2025-03-08 00:00:00+00:00,8331.8425,14.8906733,0.9699657,0.9699262,0.0,0.0,0.0
2025-03-08 01:00:00+00:00,8130.0325,14.9411871,0.97050732,0.9704677,0.0,0.0,0.0
2025-03-08 02:00:00+00:00,8068.0275,15.00419117,0.97026304,0.9702233,0.0,0.0,0.0
2025-03-08 03:00:00+00:00,8043.5475,15.07121584,0.97037989,0.97034105,0.0,0.0,0.0
2025-03-08 04:00:00+00:00,8196.85,15.05951908,0.96885777,0.9688192,0.0,0.0,0.0
2025-03-08 05:00:00+00:00,8385.405,15.13548353,0.96653293,0.96645409,0.0,3.7e-07,9.62e-06
2025-03-08 06:00:00+00:00,8632.7825,15.44690258,0.96570442,0.96541943,3.478e-05,1.6e-07,8.037e-05
2025-03-08 07:00:00+00:00,8890.71,15.64234248,0.96323593,0.96287953,4.244e-05,1.335e-05,9.443e-05
2025-03-08 08:00:00+00:00,9071.075,16.24439547,0.96049211,0.95836603,0.0,0.00177253,7.134e-05
2025-03-08 09:00:00+00:00,9057.4925,16.3002249,0.95869829,0.95676079,0.0,0.0017833,4.292e-05
2025-03-08 10:00:00+00:00,8969.395,16.36535176,0.95779825,0.95596889,0.0,0.00168917,3.911e-05
2025-03-08 11:00:00+00:00,8940.9875,16.48635342,0.95740767,0.9553954,0.0,0.0018624,4.328e-05
2025-03-08 12:00:00+00:00,8816.5525,16.31057059,0.9559599,0.95449665,0.0,0.00133412,3.097e-05
2025-03-08 13:00:00+00:00,8758.545,16.31978294,0.95769478,0.95589161,0.0,0.00165719,3.832e-05
2025-03-08 14:00:00+00:00,9018.915,16.50079489,0.95969419,0.95863983,0.00013229,0.00049738,0.00013401
2025-03-08 15:00:00+00:00,9329.695,16.79900483,0.96349033,0.96137705,0.00040785,0.00109357,0.00021663
2025-03-08 16:00:00+00:00,9990.3,17.12727155,0.96553675,0.96309305,0.00057872,0.00117095,0.00025592
2025-03-08 17:00:00+00:00,10377.145,17.24381226,0.96503592,0.96191538,0.00117904,0.00132572,0.00023107
2025-03-08 18:00:00+00:00,10197.88,17.40404457,0.96545121,0.962075,0.00128572,0.00143857,0.00024282
2025-03-08 19:00:00+00:00,9755.18,17.31576135,0.96406209,0.96094489,0.00120774,0.00125578,0.00024622
2025-03-08 20:00:00+00:00,9425.035,17.31230188,0.96370672,0.96061513,0.00050241,0.00194135,0.00024446
2025-03-08 21:00:00+00:00,9132.185,17.14815924,0.96318331,0.96122971,0.00032701,0.00097908,0.00023134
2025-03-08 22:00:00+00:00,8914.405,17.2542378,0.96170602,0.95921084,0.00026259,0.00156007,0.0002318
2025-03-08 23:00:00+00:00,8770.79,17.32128027,0.96257247,0.95951843,0.00018497,0.00226159,0.00023993
2025-03-09 00:00:00+00:00,8658.975,17.45560268,0.96329329,0.95987314,0.00011486,0.0026067,0.00024244
2025-03-09 01:00:00+00:00,8635.425,17.28565307,0.96338986,0.96115598,7.877e-05,0.00153282,0.00020036
2025-03-09 02:00:00+00:00,8648.915,17.35362605,0.96401005,0.96207453,4.366e-05,0.00138089,0.00017041
2025-03-09 03:00:00+00:00,8600.115,17.27050012,0.96438032,0.96394015,6.881e-05,0.0,0.00013234
2025-03-09 04:00:00+00:00,8705.805,17.61659961,0.9652319,0.96468286,0.00014108,0.0,0.00016261
2025-03-09 05:00:00+00:00,8751.7625,17.73457742,0.96448566,0.96415605,5.551e-05,0.0,0.00010016
2025-03-09 06:00:00+00:00,8858.3675,18.07991813,0.96481543,0.96418336,0.00022233,0.0,0.00015932
2025-03-09 07:00:00+00:00,8920.385,18.12492088,0.96373758,0.96346259,4.531e-05,0.0,7.125e-05
2025-03-09 08:00:00+00:00,8836.38,17.97826576,0.95972239,0.95962611,0.0,0.0,9.94e-06
2025-03-09 09:00:00+00:00,8747.3325,17.9564234,0.95697063,0.95689399,0.0,0.0,4.31e-06
2025-03-09 10:00:00+00:00,8675.87,18.49416333,0.95119028,0.94970643,6.97e-06,0.00050022,3.047e-05
2025-03-09 11:00:00+00:00,8608.4125,19.16189577,0.94565217,0.94283182,4.15e-06,0.00105042,4.245e-05
2025-03-09 12:00:00+00:00,8481.605,18.48704986,0.94384063,0.94223119,2.62e-06,0.00057372,2.844e-05
2025-03-09 13:00:00+00:00,8554.7925,17.90788253,0.94985336,0.94971468,0.0,0.0,1.635e-05
2025-03-09 14:00:00+00:00,8722.005,18.10446458,0.95198515,0.95179116,0.0,0.0,3.215e-05
2025-03-09 15:00:00+00:00,9274.755,18.72566953,0.95502652,0.95346511,0.00115881,0.0,0.00017255
2025-03-09 16:00:00+00:00,9981.33,18.88650417,0.95520415,0.95334197,0.00145584,0.0,0.00018987
2025-03-09 17:00:00+00:00,10333.79,18.935186,0.95581074,0.95373848,0.00166162,0.0,0.00018364
2025-03-09 18:00:00+00:00,10307.01,18.8676293,0.95500369,0.95307778,0.00152346,0.0,0.00017478
2025-03-09 19:00:00+00:00,10132.16,18.78019527,0.95464347,0.95320838,0.00109008,0.0,0.00015867
2025-03-09 20:00:00+00:00,9865.22,18.72829804,0.95583956,0.95448563,0.00098211,0.0,0.00016975
2025-03-09 21:00:00+00:00,9494.845,18.57992747,0.95603448,0.95489697,0.00082946,0.0,0.00014284
2025-03-09 22:00:00+00:00,9278.185,18.46082406,0.95609065,0.95521526,0.00057314,0.0,0.00012267
2025-03-09 23:00:00+00:00,9238.8,18.51316384,0.95559343,0.9549098,0.00032799,0.0,0.00013687
2025-03-10 00:00:00+00:00,9216.66,18.48932587,0.95671367,0.95612467,0.0002489,0.0,0.00012587
2025-03-10 01:00:00+00:00,9063.205,18.43278351,0.95509709,0.95465029,0.00015614,0.0,9.941e-05
2025-03-10 02:00:00+00:00,9172.705,18.41932378,0.95570911,0.9552485,0.00020015,0.0,9.345e-05
2025-03-10 03:00:00+00:00,9350.26,18.45353302,0.95555217,0.95495724,0.00028173,0.0,0.00011924
2025-03-10 04:00:00+00:00,9854.78,18.58395112,0.95273852,0.95190452,0.00042447,0.0,0.00015498
2025-03-10 05:00:00+00:00,10584.0675,18.41976416,0.94864885,0.94664372,0.00174608,0.0,4.433e-05
2025-03-10 06:00:00+00:00,11279.5825,18.3265231,0.94632805,0.94416243,0.00192643,0.0,3.088e-05
2025-03-10 07:00:00+00:00,11374.905,18.21617889,0.94421259,0.94277631,0.00114643,0.0,9.861e-05
2025-03-10 08:00:00+00:00,11168.29,18.24465616,0.94229752,0.94102145,0.00098841,0.0,9.633e-05
2025-03-10 09:00:00+00:00,11128.575,18.47807882,0.94169458,0.94020445,0.00115681,0.0,0.00011807
2025-03-10 10:00:00+00:00,11078.115,18.66156246,0.94232894,0.94076153,0.00117278,0.0,0.00011935
2025-03-10 11:00:00+00:00,11001.07,18.70961377,0.94414502,0.94286904,0.00080705,0.0,0.00015331
2025-03-10 12:00:00+00:00,10828.765,18.59067676,0.94591605,0.94476886,0.00070654,0.0,0.00014551
2025-03-10 13:00:00+00:00,10763.055,18.30710928,0.94670333,0.94572473,0.00056847,0.0,0.000137
2025-03-10 14:00:00+00:00,10826.455,18.13888983,0.94828881,0.94726224,0.0006659,0.0,0.00013524
2025-03-10 15:00:00+00:00,11059.22,17.9893042,0.94982347,0.94878805,0.0007246,0.0,0.0001062
2025-03-10 16:00:00+00:00,11562.9,17.72785835,0.94924253,0.94826452,0.00072241,0.0,7.488e-05
2025-03-10 17:00:00+00:00,11727.275,17.47668458,0.94956267,0.94877958,0.00061915,0.0,3.096e-05
2025-03-10 18:00:00+00:00,11676.3025,17.37907594,0.95062751,0.94981756,0.00069665,0.0,8.88e-06
2025-03-10 19:00:00+00:00,11431.665,17.37490893,0.95257488,0.95163671,0.00073753,0.0,5.378e-05
2025-03-10 20:00:00+00:00,11038.49,17.35953218,0.95753165,0.95666618,0.00065101,0.0,7.525e-05
2025-03-10 21:00:00+00:00,10492.07,17.32844285,0.96130162,0.96042513,0.00057543,0.0,0.00011272
2025-03-10 22:00:00+00:00,10147.615,17.30941989,0.96588938,0.96518905,0.00041734,0.0,9.667e-05
2025-03-10 23:00:00+00:00,9680.715,17.26026156,0.96496844,0.96459261,8.524e-05,0.0,0.00010353
2025-03-11 00:00:00+00:00,9516.3825,17.39218523,0.96485123,0.964152,0.00028461,0.0,0.00014944
2025-03-11 01:00:00+00:00,9386.6575,17.39685974,0.96442265,0.96396662,0.00010869,0.0,0.00012524
2025-03-11 02:00:00+00:00,9408.315,17.50729491,0.96304156,0.96235111,0.00027668,0.0,0.00015507
2025-03-11 03:00:00+00:00,9436.7525,17.62676225,0.96316676,0.96231935,0.00042398,0.0,0.00016503
2025-03-11 04:00:00+00:00,9909.79,17.85640618,0.95607878,0.95462226,0.00097684,0.0,0.00019851
2025-03-11 05:00:00+00:00,10818.875,17.97795637,0.9466794,0.94450059,0.00184683,0.0,0.00014537
2025-03-11 06:00:00+00:00,11594.215,18.17353025,0.94379582,0.94126242,0.00211223,0.0,0.00016827
2025-03-11 07:00:00+00:00,11863.015,18.37918981,0.94337936,0.94080132,0.00214947,0.0,0.00016666
2025-03-11 08:00:00+00:00,11879.09,19.17152132,0.94280922,0.93855771,0.00259356,0.0,0.00019135
2025-03-11 09:00:00+00:00,11660.25,18.74829165,0.94188881,0.93849167,0.00291974,0.0,0.00019637
2025-03-11 10:00:00+00:00,11714.86,18.9347804,0.94118254,0.93772856,0.00299914,0.0,0.00018015
2025-03-11 11:00:00+00:00,11614.11,18.90079441,0.93967239,0.93728611,0.00193308,0.0,0.00018106
2025-03-11 12:00:00+00:00,11463.4825,18.84147201,0.93972818,0.93694008,0.00235092,0.0,0.0001712
2025-03-11 13:00:00+00:00,11371.295,18.8335762,0.94285196,0.93981282,0.00263918,0.0,0.00014954
2025-03-11 14:00:00+00:00,11502.42,18.7613305,0.94378371,0.94026371,0.00310506,0.0,0.00016025
2025-03-11 15:00:00+00:00,11708.5525,18.63480342,0.94268807,0.9396381,0.00260342,0.0,0.00018565
2025-03-11 16:00:00+00:00,11997.64,18.39895734,0.94046931,0.93769709,0.00233473,0.0,0.0001727
2025-03-11 17:00:00+00:00,12230.6925,18.37778261,0.94031422,0.93708427,0.00283473,0.0,0.00014405
2025-03-11 18:00:00+00:00,12064.485,18.24029639,0.94118803,0.9382449,0.00261892,0.0,0.00012315
2025-03-11 19:00:00+00:00,11714.6175,18.27625643,0.9418896,0.93899669,0.00253662,0.0,0.0001334
2025-03-11 20:00:00+00:00,11310.5075,18.31552934,0.94364764,0.94060242,0.00267944,0.0,0.00014667
2025-03-11 21:00:00+00:00,10805.785,18.24166765,0.94596957,0.94334675,0.00230504,0.0,0.00013718
2025-03-11 22:00:00+00:00,10325.855,18.22392337,0.94751383,0.94526769,0.00190482,0.0,0.00013758
2025-03-11 23:00:00+00:00,10293.615,18.32124441,0.9413103,0.93908374,0.00176289,0.0,0.00018288
2025-03-12 00:00:00+00:00,10037.05,18.34725017,0.94147264,0.93982561,0.00118397,0.0,0.00017642
2025-03-12 01:00:00+00:00,9867.655,18.34573868,0.94081206,0.93928792,0.00115536,0.0,0.00013943
2025-03-12 02:00:00+00:00,9862.665,18.33047768,0.94005892,0.93846125,0.00120181,0.0,0.00015776
2025-03-12 03:00:00+00:00,9881.115,18.30480687,0.94039508,0.93879883,0.00121836,0.0,0.00014359
2025-03-12 04:00:00+00:00,10258.625,18.30834762,0.93927819,0.93714553,0.00178263,0.0,0.00012992
2025-03-12 05:00:00+00:00,11046.835,18.25229442,0.93758454,0.93567203,0.00157743,0.0,0.00011536
2025-03-12 06:00:00+00:00,11943.765,18.31566212,0.936931,0.93487378,0.00173688,0.0,0.00011258
2025-03-12 07:00:00+00:00,12248.49,18.37637388,0.93808383,0.93601394,0.00176871,0.0,0.00010594
2025-03-12 08:00:00+00:00,12356.3925,18.47076859,0.93842843,0.93649221,0.00160929,0.0,0.00012001
2025-03-12 09:00:00+00:00,12348.7225,18.6666307,0.9397254,0.93779903,0.00156379,0.0,0.0001312
2025-03-12 10:00:00+00:00,12390.9075,18.88061635,0.9411283,0.938835,0.00200119,0.0,9.919e-05
2025-03-12 11:00:00+00:00,12438.0075,18.98000322,0.9416231,0.93905042,0.00215564,0.0,0.00014021
2025-03-12 12:00:00+00:00,12326.1025,18.97676639,0.94123781,0.9387637,0.00200525,0.0,0.00016637
2025-03-12 13:00:00+00:00,12216.6675,18.82979275,0.94090228,0.93921561,0.00126665,0.0,0.00015523
2025-03-12 14:00:00+00:00,12181.1875,18.73248788,0.94009375,0.9384072,0.00128983,0.0,0.00015905
2025-03-12 15:00:00+00:00,12263.94,18.67425323,0.93874545,0.9370896,0.00128258,0.0,0.00014453
2025-03-12 16:00:00+00:00,12482.6775,18.58073826,0.9378776,0.93586403,0.00166581,0.0,0.0001054
2025-03-12 17:00:00+00:00,12395.025,18.55020573,0.93820046,0.93637191,0.0015363,0.0,8.476e-05
2025-03-12 18:00:00+00:00,12105.5525,18.57075821,0.93854881,0.93674643,0.00147722,0.0,9.988e-05
2025-03-12 19:00:00+00:00,11925.33,18.67067201,0.93971652,0.93776659,0.00159524,0.0,0.00011411
2025-03-12 20:00:00+00:00,11464.465,18.60279168,0.93954336,0.9376276,0.00155457,0.0,0.00011544
2025-03-12 21:00:00+00:00,11126.37,18.71523106,0.94013407,0.93814127,0.00160849,0.0,0.00012702
2025-03-12 22:00:00+00:00,10630.13,18.70850396,0.94087555,0.93870412,0.00177194,0.0,0.00013684
2025-03-12 23:00:00+00:00,10259.515,18.7084221,0.940602,0.93811098,0.00208424,0.0,0.00014332
2025-03-13 00:00:00+00:00,10119.725,18.76155107,0.94125386,0.93887382,0.00193744,0.0,0.0001708
2025-03-13 01:00:00+00:00,10027.425,18.70039297,0.93986945,0.93763172,0.00183156,0.0,0.00015711
2025-03-13 02:00:00+00:00,10049.535,18.71821894,0.94074917,0.93831542,0.0020307,0.0,0.00015858
2025-03-13 03:00:00+00:00,10128.465,18.62738841,0.94032491,0.93779994,0.0021585,0.0,0.00015377
2025-03-13 04:00:00+00:00,10556.075,21.64751608,0.94106394,0.93259668,0.00259775,0.00150086,0.0001538
2025-03-13 05:00:00+00:00,11402.785,20.65787017,0.93946395,0.93276346,0.00228709,0.0010581,0.00013091
2025-03-13 06:00:00+00:00,12127.49,19.40087791,0.93741768,0.93287245,0.00268468,0.00036743,0.00012901
2025-03-13 07:00:00+00:00,12441.22,19.16396813,0.93585162,0.93259062,0.00200194,0.00022097,0.00011532
2025-03-13 08:00:00+00:00,12569.9575,18.84245352,0.93582334,0.93374827,0.00170124,0.0,0.00011617
2025-03-13 09:00:00+00:00,12547.635,19.05635748,0.93536945,0.93324992,0.00176531,0.0,0.00012898
2025-03-13 10:00:00+00:00,12616.735,19.39643223,0.93703707,0.9346555,0.00196904,0.0,0.00013676
2025-03-13 11:00:00+00:00,12488.415,19.38428282,0.93652226,0.93473621,0.00137314,0.0,0.00015744
2025-03-13 12:00:00+00:00,12348.01,19.45482452,0.93813629,0.93524743,0.00241501,0.0,0.00017804
2025-03-13 13:00:00+00:00,12289.255,19.26064997,0.938538,0.93577603,0.00231935,0.0,0.00016965
2025-03-13 14:00:00+00:00,12394.625,19.07917432,0.9380887,0.93547514,0.0021604,0.0,0.00017084
2025-03-13 15:00:00+00:00,12477.0475,18.85487182,0.93881713,0.93630419,0.00213845,0.0,0.00014297
2025-03-13 16:00:00+00:00,12719.32,18.71587016,0.94062799,0.93824889,0.00196438,0.0,0.00016236
2025-03-13 17:00:00+00:00,12881.785,18.49580686,0.94360023,0.94185214,0.00141964,0.0,0.00011675
2025-03-13 18:00:00+00:00,12773.285,18.519265,0.94409517,0.94206856,0.00136647,8.257e-05,0.00014386
2025-03-13 19:00:00+00:00,12573.1925,18.13401632,0.94439962,0.94245398,0.00160217,0.0,0.00013214
2025-03-13 20:00:00+00:00,12183.205,17.98326912,0.94609582,0.94413301,0.00150913,0.0,0.00017471
2025-03-13 21:00:00+00:00,11947.915,17.86853289,0.94537881,0.94347484,0.00140818,0.0,0.00019604
2025-03-13 22:00:00+00:00,11637.1,17.67682834,0.94555469,0.94353293,0.00153514,0.0,0.00019499
2025-03-13 23:00:00+00:00,11110.27,16.65123723,0.94370354,0.94332313,0.00031913,0.0,7.58e-06
2025-03-14 00:00:00+00:00,11143.1,16.63111454,0.94419804,0.94344483,0.00062225,0.0,2.352e-05
2025-03-14 01:00:00+00:00,11094.12,16.64195749,0.94523779,0.94429624,0.00072309,0.0,6.414e-05
2025-03-14 02:00:00+00:00,11101.355,16.60769775,0.9474885,0.94644164,0.00080419,0.0,6.565e-05
2025-03-14 03:00:00+00:00,11193.87,16.51888363,0.94607147,0.94530935,0.00051893,0.0,6.029e-05
2025-03-14 04:00:00+00:00,11576.99,16.65494996,0.94370063,0.94264032,0.00084003,0.0,5.918e-05
2025-03-14 05:00:00+00:00,12308.7075,16.56347514,0.94091799,0.9400464,0.00070377,0.0,3.172e-05
2025-03-14 06:00:00+00:00,12899.455,16.61285413,0.93846609,0.93778261,0.00049214,0.0,4.972e-05
2025-03-14 07:00:00+00:00,12865.78,17.10362744,0.93801377,0.93665504,0.00115076,0.0,5.043e-05
2025-03-14 08:00:00+00:00,12491.7525,17.80399638,0.93684776,0.93538626,0.0012887,0.0,3.801e-05
2025-03-14 09:00:00+00:00,12011.73,18.37155771,0.93719379,0.93583266,0.00116853,0.0,6.237e-05
2025-03-14 10:00:00+00:00,11610.49,18.7612892,0.93751547,0.93597948,0.00123736,0.0,0.00010826
2025-03-14 11:00:00+00:00,11175.34,18.68383351,0.93734286,0.93568191,0.00128032,0.0,9.392e-05
2025-03-14 12:00:00+00:00,10725.4825,18.23750772,0.93804514,0.93705589,0.00068074,0.0,9.37e-05
2025-03-14 13:00:00+00:00,10599.48,18.13193374,0.93779762,0.93595723,0.00141874,0.0,0.00014273
2025-03-14 14:00:00+00:00,10577.79,17.96157865,0.93946419,0.93697822,0.00142594,0.00038392,0.000189
2025-03-14 15:00:00+00:00,10751.9775,17.45716952,0.9395195,0.93779641,0.00132519,0.0,0.00014161
2025-03-14 16:00:00+00:00,11503.8375,17.20075934,0.93915469,0.93776485,0.00105354,0.0,0.00010103
2025-03-14 17:00:00+00:00,11958.76,16.97406746,0.93942483,0.93801445,0.00105713,0.0,0.00011439
2025-03-14 18:00:00+00:00,11915.15,18.28638748,0.94064459,0.93516129,0.00113464,0.00258402,0.00026423
2025-03-14 19:00:00+00:00,11629.52,18.44423623,0.94015337,0.93315993,0.00101835,0.00417522,0.00030044
2025-03-14 20:00:00+00:00,11269.18,17.92637293,0.9421916,0.9356808,0.00095689,0.00423124,0.00028115
2025-03-14 21:00:00+00:00,11076.61,18.21578709,0.94172631,0.93354136,0.00133703,0.00526548,0.00030179
2025-03-14 22:00:00+00:00,10893.73,18.37863928,0.94474897,0.93547924,0.00183929,0.00595502,0.00032911
2025-03-14 23:00:00+00:00,10657.65,16.91225504,0.95098732,0.94584828,0.00103892,0.00303932,0.00031782
2025-03-15 00:00:00+00:00,10447.93,16.511047,0.95109424,0.94701777,0.00062726,0.00243902,0.00032346
2025-03-15 01:00:00+00:00,10241.73,16.08220345,0.95292826,0.94999392,0.00052194,0.00149495,0.00032357
2025-03-15 02:00:00+00:00,10141.58,15.73826313,0.95709487,0.95486332,0.00043831,0.00094532,0.00032124
2025-03-15 03:00:00+00:00,10302.85,16.19319677,0.95838956,0.95420105,0.00037415,0.00273157,0.00031518
2025-03-15 04:00:00+00:00,10346.62,16.27473882,0.95791942,0.95302899,0.00041287,0.00339132,0.00029498
2025-03-15 05:00:00+00:00,10396.18,16.0510425,0.9582124,0.95378439,0.00034858,0.00306792,0.00026523
2025-03-15 06:00:00+00:00,10417.35,16.3439226,0.95733701,0.95240673,0.00030126,0.00352867,0.00025841
2025-03-15 07:00:00+00:00,10382.8375,16.63347603,0.95376313,0.94842805,0.00011407,0.00421289,0.00016931
2025-03-15 08:00:00+00:00,10173.9875,16.65983193,0.95565521,0.95142095,9.783e-05,0.00329302,0.00014804
2025-03-15 09:00:00+00:00,10232.0125,16.85969069,0.95511332,0.95132669,7.25e-05,0.0029683,0.00011975
2025-03-15 10:00:00+00:00,10141.7125,17.00608622,0.9545597,0.95109558,3.741e-05,0.00274304,8.335e-05
2025-03-15 11:00:00+00:00,9921.5225,16.90168313,0.95554752,0.95235534,5.87e-06,0.00259683,5.144e-05
2025-03-15 12:00:00+00:00,9852.39,16.73828014,0.95550417,0.95227133,1.09e-05,0.00262556,4.631e-05
2025-03-15 13:00:00+00:00,9665.5325,16.44568996,0.95728481,0.95379139,7.55e-06,0.0028771,4.974e-05
2025-03-15 14:00:00+00:00,9854.915,15.88110642,0.95956069,0.95617186,5.3e-05,0.00269803,8.855e-05
2025-03-15 15:00:00+00:00,10188.2125,15.5564317,0.96395959,0.96043341,7.752e-05,0.00276734,0.00010946
2025-03-15 16:00:00+00:00,10569.615,15.09909608,0.96390467,0.9616294,0.00013329,0.00163285,0.00013633
2025-03-15 17:00:00+00:00,11036.57,14.84447758,0.96537518,0.96416347,0.00020553,0.00061954,0.00014234
2025-03-15 18:00:00+00:00,10809.9325,14.58950932,0.96489748,0.9644322,0.00015465,0.0,0.00014881
2025-03-15 19:00:00+00:00,10572.535,14.66774291,0.96691883,0.96641364,0.00013343,0.0,0.00014813
2025-03-15 20:00:00+00:00,10350.5875,14.61393218,0.96809401,0.96756255,0.00013915,0.0,0.00015732
2025-03-15 21:00:00+00:00,10093.7275,14.60684121,0.96658973,0.96613136,9.341e-05,0.0,0.00012728
2025-03-15 22:00:00+00:00,9756.06,14.61096006,0.96704487,0.96656403,0.00010297,0.0,0.00013853
2025-03-15 23:00:00+00:00,9583.325,15.0420984,0.96549685,0.96295909,8.268e-05,0.0019143,0.00010549
2025-03-16 00:00:00+00:00,9408.23,16.0299603,0.96513058,0.95890553,8.217e-05,0.00510804,0.0001286
2025-03-16 01:00:00+00:00,9315.255,16.00459486,0.96638177,0.96053534,9.438e-05,0.00471039,0.00014592
2025-03-16 02:00:00+00:00,9334.405,16.15649348,0.96557551,0.95939603,0.00011063,0.00496946,0.00016127
2025-03-16 03:00:00+00:00,9336.5625,16.51962425,0.96558518,0.95833072,0.00010896,0.0058952,0.00017184
2025-03-16 04:00:00+00:00,9439.15,16.4130374,0.96585236,0.95923703,0.00011795,0.00531994,0.00017799
2025-03-16 05:00:00+00:00,9643.305,16.12479546,0.9649185,0.95948047,7.302e-05,0.00440789,0.00012987
2025-03-16 06:00:00+00:00,9829.7525,15.08556753,0.96516385,0.96394926,5.891e-05,0.00070783,0.00010781
2025-03-16 07:00:00+00:00,9764.3375,15.15310648,0.96493289,0.96461232,0.0,0.0,6.681e-05
2025-03-16 08:00:00+00:00,9685.98,15.40009369,0.96167498,0.96146303,0.0,0.0,3.987e-05
2025-03-16 09:00:00+00:00,9472.8825,15.49756763,0.96321999,0.96310399,0.0,0.0,1.812e-05
2025-03-16 10:00:00+00:00,9630.3,15.50359347,0.9619439,0.96181998,0.0,0.0,2.054e-05
2025-03-16 11:00:00+00:00,9697.4875,16.08989396,0.9624528,0.96139717,7.4e-07,0.00042892,1.517e-05
2025-03-16 12:00:00+00:00,9619.2225,16.103659,0.9618077,0.96061261,1.81e-06,0.00045831,1.61e-05
2025-03-16 13:00:00+00:00,9697.585,15.15793203,0.96376781,0.96370004,0.0,0.0,8.25e-06
2025-03-16 14:00:00+00:00,9902.02,14.85492738,0.96572886,0.96567931,0.0,0.0,4.05e-06
2025-03-16 15:00:00+00:00,10210.6375,14.83845251,0.96899536,0.96883379,2.241e-05,0.0,3.877e-05
2025-03-16 16:00:00+00:00,11216.5175,14.99705328,0.96834743,0.96814125,1.449e-05,0.0,4.605e-05
2025-03-16 17:00:00+00:00,11821.9725,15.27006589,0.96813465,0.96729341,0.00013652,0.00030658,0.00011371
2025-03-16 18:00:00+00:00,11626.2425,14.96115174,0.96677797,0.96645733,2.373e-05,8.049e-05,5.277e-05
2025-03-16 19:00:00+00:00,11556.9575,15.14740966,0.9698655,0.96955164,3.95e-05,0.0,7.893e-05
2025-03-16 20:00:00+00:00,11356.345,15.08656144,0.97089173,0.97062982,2.452e-05,0.0,6.238e-05
2025-03-16 21:00:00+00:00,11069.2625,14.94072231,0.97115841,0.97078353,6.551e-05,0.0,0.00010069
2025-03-16 22:00:00+00:00,10873.24,14.99459173,0.97099124,0.97061117,7.113e-05,0.0,0.00010426
2025-03-16 23:00:00+00:00,10540.9325,14.9718885,0.97285672,0.97227053,0.00013607,0.0,0.00017064
2025-03-17 00:00:00+00:00,10549.44,15.01576382,0.97275607,0.97214534,0.0001535,0.0,0.00018131
2025-03-17 01:00:00+00:00,10616.1,15.06649078,0.97157283,0.9709058,0.00017544,0.0,0.00020234
2025-03-17 02:00:00+00:00,10534.0725,15.18903802,0.96841726,0.96783557,0.00015794,0.0,0.00017716
2025-03-17 03:00:00+00:00,10844.4625,15.59637697,0.96437352,0.96292093,0.00016054,0.00076647,0.00017212
2025-03-17 04:00:00+00:00,11011.25,15.94799905,0.9572105,0.95466989,0.0001314,0.00184938,0.0001377
2025-03-17 05:00:00+00:00,11680.96,16.0153194,0.95089675,0.94861156,0.00027042,0.00164406,8.147e-05
2025-03-17 06:00:00+00:00,12352.05,15.78321274,0.9469745,0.94648002,0.0,0.00038628,2.353e-05
2025-03-17 07:00:00+00:00,12278.755,16.07794945,0.94472349,0.94469219,0.0,0.0,0.0
2025-03-17 08:00:00+00:00,11902.755,16.61849576,0.94293546,0.94286194,0.0,0.0,1.03e-05
2025-03-17 09:00:00+00:00,11231.4375,16.94807148,0.9449974,0.94490764,0.0,0.0,1.407e-05
2025-03-17 10:00:00+00:00,11025.905,18.14287056,0.95043887,0.94791951,0.0,0.0,1.876e-05
2025-03-17 11:00:00+00:00,10846.8075,16.73899226,0.95102976,0.95092269,0.0,0.0,1.558e-05
2025-03-17 12:00:00+00:00,10559.1125,16.41475544,0.95332138,0.9532313,0.0,0.0,1.374e-05
2025-03-17 13:00:00+00:00,10680.9475,16.14568484,0.9538387,0.95366519,0.0,0.0,3.279e-05
2025-03-17 14:00:00+00:00,10927.7125,15.63758443,0.95007452,0.94985034,1.724e-05,0.0,5.384e-05
2025-03-17 15:00:00+00:00,11008.725,15.12328006,0.94964702,0.94947193,0.0,0.0,3.425e-05
2025-03-17 16:00:00+00:00,11676.385,15.64983904,0.94995317,0.94864415,0.00103561,0.0,8.037e-05
2025-03-17 17:00:00+00:00,11867.5525,15.67709749,0.95125106,0.94950898,0.00138701,0.0,0.00010296
2025-03-17 18:00:00+00:00,11571.595,15.72127465,0.95019083,0.94830751,0.0011742,0.00010535,8.01e-05
2025-03-17 19:00:00+00:00,11263.7475,14.72225003,0.94985617,0.94974125,0.0,0.0,1.991e-05
2025-03-17 20:00:00+00:00,11052.7925,14.75827701,0.95190855,0.95178154,0.0,0.0,2.368e-05
2025-03-17 21:00:00+00:00,10369.95,14.82605685,0.95487254,0.95465728,2.716e-05,0.0,5.412e-05
2025-03-17 22:00:00+00:00,9889.2075,14.84153754,0.95785618,0.95761454,4.728e-05,0.0,6.722e-05
2025-03-17 23:00:00+00:00,9894.4275,14.86192693,0.96399986,0.96371841,3.049e-05,0.0,9.952e-05
2025-03-18 00:00:00+00:00,9775.5075,14.92496629,0.96467627,0.96439543,1.422e-05,0.0,8.879e-05
2025-03-18 01:00:00+00:00,9588.315,14.92878981,0.96444952,0.96411911,1.684e-05,0.0,0.00011122
2025-03-18 02:00:00+00:00,9668.6675,14.97904091,0.96113005,0.96077697,1.193e-05,0.0,0.00010479
2025-03-18 03:00:00+00:00,9735.015,15.11993163,0.9574211,0.95716496,5.08e-06,0.0,6.956e-05
2025-03-18 04:00:00+00:00,10083.89,15.19445373,0.95291028,0.95277665,0.0,0.0,2.787e-05
2025-03-18 05:00:00+00:00,10704.015,15.44202181,0.94905273,0.94875821,0.0001574,0.0,2.458e-05
2025-03-18 06:00:00+00:00,11352.7475,15.64610419,0.94880798,0.94860925,0.00013431,0.0,4.82e-06
2025-03-18 07:00:00+00:00,11206.1325,15.74553261,0.94801554,0.94798307,0.0,0.0,0.0
2025-03-18 08:00:00+00:00,10905.395,16.14319692,0.94449274,0.94417345,0.0,0.00014178,2.492e-05
2025-03-18 09:00:00+00:00,10200.6175,16.27726062,0.94894634,0.94882854,0.0,0.0,1.311e-05
2025-03-18 10:00:00+00:00,9791.24,16.50541035,0.94865271,0.94846687,7e-08,3.057e-05,1.032e-05
2025-03-18 11:00:00+00:00,9408.7475,16.88458832,0.95069318,0.94999071,2.9e-07,0.00022812,1.567e-05
2025-03-18 12:00:00+00:00,9099.455,17.02703917,0.9493681,0.94818897,7.8e-07,0.00036838,2.442e-05
2025-03-18 13:00:00+00:00,8932.8425,17.17976108,0.94976654,0.94522947,0.0,0.00376524,4.898e-05
2025-03-18 14:00:00+00:00,9184.7675,16.46159217,0.95634055,0.95221894,0.0,0.00331632,5.594e-05
2025-03-18 15:00:00+00:00,9680.1225,16.09137624,0.95826804,0.9540293,1.214e-05,0.00339821,9.755e-05
2025-03-18 16:00:00+00:00,10399.2925,16.24362336,0.95981293,0.95394785,2.605e-05,0.00465763,0.00015193
2025-03-18 17:00:00+00:00,10796.8075,16.29728708,0.96000272,0.95334675,4.752e-05,0.00534315,0.00015252
2025-03-18 18:00:00+00:00,10636.1825,16.02871007,0.9645895,0.95849741,2.5e-06,0.00502464,0.00010575
2025-03-18 19:00:00+00:00,10398.25,15.63938837,0.96456027,0.96025125,7.12e-06,0.00348925,0.00010005
2025-03-18 20:00:00+00:00,10266.0625,15.95460451,0.96516388,0.9598533,1.74e-05,0.00426937,0.00015453
2025-03-18 21:00:00+00:00,9904.395,16.22227326,0.96440431,0.95789819,1.474e-05,0.00536163,0.00014456
2025-03-18 22:00:00+00:00,9495.0,16.9358808,0.96306954,0.95411986,1.186e-05,0.00750302,0.00015429
2025-03-18 23:00:00+00:00,9323.7825,16.64491073,0.96388139,0.95648255,2.366e-05,0.00612792,0.00017709
2025-03-19 00:00:00+00:00,9170.8775,16.80746316,0.96345798,0.95544134,2.929e-05,0.00663036,0.00019669
2025-03-19 01:00:00+00:00,9139.685,16.98252865,0.96243657,0.95376295,6.139e-05,0.00718688,0.00020988
2025-03-19 02:00:00+00:00,9168.2725,17.00190515,0.96281688,0.95433721,7.588e-05,0.00692554,0.00024725
2025-03-19 03:00:00+00:00,9335.25,16.877261,0.96257967,0.95446395,6.277e-05,0.00673808,0.00019233
2025-03-19 04:00:00+00:00,9616.265,16.25122872,0.96232329,0.95658759,9.2e-05,0.00463665,0.0001389
2025-03-19 05:00:00+00:00,10542.5075,17.43960249,0.95661776,0.94853663,0.0001097,0.00659278,0.0001407
2025-03-19 06:00:00+00:00,11224.36,17.81818747,0.95342594,0.9455772,4.721e-05,0.00663171,8.389e-05
2025-03-19 07:00:00+00:00,11120.2175,18.17603741,0.95207362,0.94431686,9.75e-06,0.00666393,4.867e-05
2025-03-19 08:00:00+00:00,10682.5225,18.49207466,0.9497706,0.94203287,0.0,0.00672151,3.944e-05
2025-03-19 09:00:00+00:00,10157.835,18.53962969,0.94720531,0.94020839,0.0,0.00601942,3.653e-05
2025-03-19 10:00:00+00:00,9907.925,17.75853651,0.94665047,0.94324998,0.0,0.00290648,1.767e-05
2025-03-19 11:00:00+00:00,9683.8675,16.88064509,0.94900884,0.94895608,0.0,0.0,0.0
2025-03-19 12:00:00+00:00,9426.2625,18.01606272,0.94869093,0.94626617,3e-07,0.00127632,1.27e-05
2025-03-19 13:00:00+00:00,9493.7925,17.92662937,0.94868048,0.94369417,0.0,0.00432089,2.509e-05
2025-03-19 14:00:00+00:00,9694.855,17.83119445,0.95237205,0.94753888,2.546e-05,0.00412707,4.825e-05
2025-03-19 15:00:00+00:00,9889.915,18.13165991,0.9504135,0.9441662,0.0,0.00548543,2.995e-05
2025-03-19 16:00:00+00:00,10505.77,18.82453714,0.95182269,0.94268465,0.00081701,0.00726001,0.00010055
2025-03-19 17:00:00+00:00,10944.03,18.82852753,0.95095868,0.94203603,0.0007582,0.00700803,0.00018607
2025-03-19 18:00:00+00:00,10891.33,18.75786048,0.95063792,0.94167649,0.00040518,0.00727819,0.00012969
2025-03-19 19:00:00+00:00,10664.78,18.52578503,0.94922528,0.94068905,4.871e-05,0.0072416,0.00015046
2025-03-19 20:00:00+00:00,10299.185,17.85989343,0.95086831,0.9448413,4.651e-05,0.00499198,0.0001323
2025-03-19 21:00:00+00:00,9920.68,17.52109619,0.95229193,0.94734127,6.238e-05,0.00396688,0.00013269
2025-03-19 22:00:00+00:00,9637.39,17.05128969,0.95544659,0.9521721,6.169e-05,0.00256097,0.00010976
2025-03-19 23:00:00+00:00,9670.4125,16.45281928,0.95653882,0.95607737,8.416e-05,0.0,5.179e-05
2025-03-20 00:00:00+00:00,9509.6275,16.51753508,0.95654802,0.95605207,0.00013523,0.0,6.394e-05
2025-03-20 01:00:00+00:00,9505.1575,16.67503819,0.95617015,0.95573743,0.00011456,0.0,0.00013076
2025-03-20 02:00:00+00:00,9471.4825,16.84585005,0.95537625,0.95491516,9.927e-05,0.0,0.00014771
2025-03-20 03:00:00+00:00,9528.7825,16.85504974,0.95326658,0.95288103,9.402e-05,0.0,0.00012488
2025-03-20 04:00:00+00:00,9724.91,16.83775775,0.94894437,0.94871392,4.231e-05,0.0,7.762e-05
2025-03-20 05:00:00+00:00,10452.0475,16.73349322,0.94400964,0.94386723,8.1e-06,0.0,5.256e-05
2025-03-20 06:00:00+00:00,10969.395,16.9438915,0.9427785,0.94257642,1.448e-05,0.0,7.702e-05
2025-03-20 07:00:00+00:00,11126.5775,17.51401611,0.94428436,0.94412886,1.818e-05,0.0,4.744e-05
2025-03-20 08:00:00+00:00,10897.415,18.08716537,0.94410929,0.94387233,3.714e-05,0.0,7.44e-05
2025-03-20 09:00:00+00:00,10628.6575,18.37350852,0.94682069,0.94670571,0.0,0.0,1.827e-05
2025-03-20 10:00:00+00:00,10223.8325,18.37474978,0.94509887,0.94496812,0.0,0.0,1.978e-05
2025-03-20 11:00:00+00:00,9983.3075,18.5003518,0.94349036,0.94302638,2.4e-07,0.00013671,1.225e-05
2025-03-20 12:00:00+00:00,9590.325,18.56098037,0.94336355,0.94254963,3.9e-07,0.0002573,1.31e-05
2025-03-20 13:00:00+00:00,9537.73,18.15411733,0.94609902,0.94587917,6e-08,3.795e-05,1.277e-05
2025-03-20 14:00:00+00:00,9590.8,17.96086793,0.9462459,0.94613989,0.0,0.0,1.59e-05
2025-03-20 15:00:00+00:00,9806.0625,17.51940569,0.94381922,0.94377924,0.0,0.0,0.0
2025-03-20 16:00:00+00:00,10322.065,17.43018907,0.94480934,0.94350828,0.00121208,0.0,3e-08
2025-03-20 17:00:00+00:00,10877.79,17.40160102,0.94666875,0.94485087,0.00171305,0.0,0.0
2025-03-20 18:00:00+00:00,10884.2375,17.12540616,0.94554916,0.94402487,0.00143704,0.0,0.0
2025-03-20 19:00:00+00:00,10677.2025,16.92433065,0.94416405,0.94363519,0.00047729,0.0,9.7e-07
2025-03-20 20:00:00+00:00,10405.3425,16.81919009,0.94412539,0.94408632,0.0,0.0,0.0
2025-03-20 21:00:00+00:00,10046.5575,17.12421139,0.94526184,0.94522345,0.0,0.0,0.0
2025-03-20 22:00:00+00:00,9752.3875,17.1859837,0.94456265,0.94452355,0.0,0.0,0.0
2025-03-20 23:00:00+00:00,9442.265,17.5641735,0.94511021,0.94469019,0.00034951,0.0,5.37e-06
2025-03-21 00:00:00+00:00,9049.445,17.62677443,0.94382439,0.94339728,0.00037038,0.0,5.29e-06
2025-03-21 01:00:00+00:00,8934.86,17.67718611,0.94333447,0.9427877,0.00041254,0.0,2.042e-05
2025-03-21 02:00:00+00:00,9097.4275,17.74132059,0.94358081,0.94320457,0.00028237,0.0,1.908e-05
2025-03-21 03:00:00+00:00,9360.97,17.81824219,0.94334298,0.94285903,0.00039425,0.0,2.261e-05
2025-03-21 04:00:00+00:00,9657.56,17.97839723,0.94384679,0.94287081,0.00087285,0.0,2.048e-05
2025-03-21 05:00:00+00:00,10403.185,18.20729965,0.94349626,0.9417259,0.00156589,0.0,4.289e-05
2025-03-21 06:00:00+00:00,10916.155,18.31359734,0.93846337,0.9375112,0.00079524,0.0,2.466e-05
2025-03-21 07:00:00+00:00,10911.94,18.87517539,0.93865972,0.93745813,0.00098511,0.0,3.736e-05
2025-03-21 08:00:00+00:00,10518.13,19.33178631,0.94056456,0.9398979,0.00046315,0.0,3.067e-05
2025-03-21 09:00:00+00:00,10136.6675,19.36194315,0.94132716,0.94123147,0.0,0.0,0.0
2025-03-21 10:00:00+00:00,9729.35,19.21232369,0.94361649,0.94347955,0.0,0.0,0.0
2025-03-21 11:00:00+00:00,9636.9475,19.6457273,0.94557865,0.94432009,1.67e-06,0.00055937,6.38e-06
2025-03-21 12:00:00+00:00,9403.06,20.37187842,0.95018322,0.9471052,3.83e-06,0.00143784,2.245e-05
2025-03-21 13:00:00+00:00,9257.365,20.64375128,0.95299287,0.94882787,1.03e-06,0.00160693,4.65e-05
2025-03-21 14:00:00+00:00,9262.7525,19.72906839,0.95371676,0.95039043,9.2e-07,0.00136293,2.883e-05
2025-03-21 15:00:00+00:00,9489.0375,18.63213958,0.94779169,0.94508168,6.41e-05,0.00132054,3.397e-05
2025-03-21 16:00:00+00:00,9996.1175,17.83812146,0.94783562,0.94528525,2.249e-05,0.00145004,1.123e-05
2025-03-21 17:00:00+00:00,10301.7,16.92694809,0.94947401,0.94790888,5.59e-05,0.0008094,3.59e-06
2025-03-21 18:00:00+00:00,10145.105,16.54465099,0.94964558,0.94742948,0.00011162,0.00108856,3.147e-05
2025-03-21 19:00:00+00:00,9707.475,16.23708861,0.9523351,0.94982718,0.00014644,0.00105859,4.827e-05
2025-03-21 20:00:00+00:00,9312.94,16.29954704,0.95575686,0.95220433,0.00019144,0.00146404,6.881e-05
2025-03-21 21:00:00+00:00,9175.5375,16.58360388,0.96088604,0.95614566,0.00016015,0.00215054,7.838e-05
2025-03-21 22:00:00+00:00,9152.77,16.17171696,0.96600431,0.96174956,2.971e-05,0.00215605,4.953e-05
2025-03-21 23:00:00+00:00,8994.115,15.06036688,0.97025605,0.96792719,9.47e-06,0.00128701,3.162e-05
2025-03-22 00:00:00+00:00,8997.7525,15.60991935,0.96814299,0.96335989,1e-07,0.00406425,3.498e-05
2025-03-22 01:00:00+00:00,8950.4425,15.32284947,0.96949267,0.96541764,0.0,0.00349896,2.243e-05
2025-03-22 02:00:00+00:00,8991.1325,14.99854638,0.97010567,0.96705112,0.0,0.00262451,1.653e-05
2025-03-22 03:00:00+00:00,8947.8825,15.07728603,0.96975162,0.96634251,0.0,0.00293394,1.855e-05
2025-03-22 04:00:00+00:00,9004.3175,15.23187939,0.96946042,0.96562827,0.0,0.00316743,9.137e-05
2025-03-22 05:00:00+00:00,8955.3225,15.38875835,0.96785651,0.96378311,0.0,0.00337643,8.707e-05
2025-03-22 06:00:00+00:00,9151.795,15.0863901,0.9652923,0.9630884,0.0,0.00169926,9.902e-05
2025-03-22 07:00:00+00:00,9475.0325,14.81072885,0.96319055,0.96306161,0.0,0.0,2.852e-05
2025-03-22 08:00:00+00:00,9690.8175,15.31442485,0.96109233,0.96103323,0.0,0.0,0.0
2025-03-22 09:00:00+00:00,9576.5625,15.86118944,0.95506476,0.9549826,0.0,0.0,5.54e-06
2025-03-22 10:00:00+00:00,9366.79,20.72470774,0.94613673,0.94043909,1.207e-05,0.0008688,9.432e-05
2025-03-22 11:00:00+00:00,9249.365,21.78956908,0.9443137,0.93754012,2.123e-05,0.00095392,5.459e-05
2025-03-22 12:00:00+00:00,8985.155,21.46384967,0.94558763,0.93897064,2.237e-05,0.00100975,5.336e-05
2025-03-22 13:00:00+00:00,8673.7025,20.42589177,0.94985689,0.94373607,4.163e-05,0.00107349,8.239e-05
2025-03-22 14:00:00+00:00,8635.6525,15.33970967,0.95890623,0.95880365,0.0,0.0,1.72e-05
2025-03-22 15:00:00+00:00,8953.8725,14.77196561,0.96344328,0.96337041,0.0,0.0,4.34e-06
2025-03-22 16:00:00+00:00,9633.2775,15.89703206,0.96565283,0.96044604,5.23e-06,0.00436285,8.036e-05
2025-03-22 17:00:00+00:00,10098.35,15.70703688,0.96838937,0.96328236,0.0,0.0043682,3.686e-05
2025-03-22 18:00:00+00:00,9866.08,15.87518069,0.96869675,0.9626158,0.0,0.00522189,4.816e-05
2025-03-22 19:00:00+00:00,9603.22,15.69334414,0.97019255,0.96466364,0.0,0.00476893,3.248e-05
2025-03-22 20:00:00+00:00,9378.3425,14.99143709,0.97067154,0.96732155,0.0,0.00283821,4.104e-05
2025-03-22 21:00:00+00:00,9344.965,15.19543109,0.96989496,0.96569162,0.0,0.00359665,3.933e-05
2025-03-22 22:00:00+00:00,9033.3025,14.82545262,0.96963915,0.96677604,0.0,0.00239788,4.54e-05
2025-03-22 23:00:00+00:00,8797.2775,15.30191973,0.96862401,0.9635713,0.0,0.00421142,0.0001188
2025-03-23 00:00:00+00:00,8786.8075,15.48151236,0.96839982,0.962583,0.0,0.0048813,0.00011853
2025-03-23 01:00:00+00:00,8942.8575,15.4722247,0.9670905,0.96137874,0.0,0.00474905,0.00011659
2025-03-23 02:00:00+00:00,9028.525,15.76563146,0.96438532,0.9578493,0.0,0.0054732,0.00013358
2025-03-23 03:00:00+00:00,9060.02,15.7904895,0.9644687,0.95815392,1.981e-05,0.00519634,0.00015742
2025-03-23 04:00:00+00:00,9204.89,15.95691336,0.96427593,0.9577032,0.0,0.00548257,0.00014146
2025-03-23 05:00:00+00:00,9164.6625,16.09971989,0.96436705,0.95834914,0.0,0.00501973,0.00012165
2025-03-23 06:00:00+00:00,9124.2875,15.30291944,0.96354594,0.96150037,0.0,0.00162595,7.166e-05
2025-03-23 07:00:00+00:00,9065.0975,15.51434867,0.96291298,0.9626614,0.0,0.0,9.277e-05
2025-03-23 08:00:00+00:00,8887.365,16.25249984,0.95784269,0.95766277,0.0,0.0,5.074e-05
2025-03-23 09:00:00+00:00,8731.115,16.87571151,0.95573938,0.95562696,0.0,1.063e-05,1.09e-05
2025-03-23 10:00:00+00:00,8483.245,17.38169833,0.95444847,0.95410706,0.0,0.00022389,3.19e-06
2025-03-23 11:00:00+00:00,8313.56,17.37291241,0.95452997,0.95444825,0.0,0.0,0.0
2025-03-23 12:00:00+00:00,8352.105,17.2141539,0.95737852,0.95723142,0.0,0.0,2.626e-05
2025-03-23 13:00:00+00:00,8275.74,16.80428021,0.95957728,0.95935552,0.0,0.0,5.904e-05
2025-03-23 14:00:00+00:00,8462.015,16.4157671,0.96199318,0.96173065,0.0,0.0,8.261e-05
2025-03-23 15:00:00+00:00,8857.0775,15.8733605,0.9643062,0.96390782,3.397e-05,0.0,0.0001336
2025-03-23 16:00:00+00:00,9710.9425,15.63146383,0.96796908,0.96747632,9.828e-05,0.0,0.00014627
2025-03-23 17:00:00+00:00,10314.55,15.46950521,0.96993768,0.96955807,5.25e-05,0.0,0.00011425
2025-03-23 18:00:00+00:00,10274.1775,15.20196825,0.9692998,0.96902024,4.831e-05,0.0,7.77e-05
2025-03-23 19:00:00+00:00,10052.775,15.1843082,0.96987176,0.9695055,7.662e-05,0.0,0.00010377
2025-03-23 20:00:00+00:00,9761.9825,15.17522644,0.97014125,0.969814,6.257e-05,0.0,9.642e-05
2025-03-23 21:00:00+00:00,9648.2175,15.12818171,0.96788562,0.96750305,6.252e-05,0.0,0.00012345
2025-03-23 22:00:00+00:00,9553.8475,15.1787936,0.96463729,0.96407687,0.00012299,0.0,0.0001768
2025-03-23 23:00:00+00:00,9457.4425,15.51458099,0.96168999,0.96008861,8.894e-05,0.00106892,0.00012621
2025-03-24 00:00:00+00:00,9427.08,15.904567,0.96195822,0.95945663,7.416e-05,0.00188999,0.00011963
2025-03-24 01:00:00+00:00,9477.69,16.2869088,0.96117821,0.95794798,9.441e-05,0.00247901,0.00013415
2025-03-24 02:00:00+00:00,9594.2175,16.30988212,0.96034862,0.95744212,0.0001292,0.00212362,0.00015514
2025-03-24 03:00:00+00:00,9741.29,16.12128357,0.95811225,0.95657506,0.0001659,0.00087667,0.00016345
2025-03-24 04:00:00+00:00,10146.14,17.01480983,0.95205332,0.94724681,0.00050543,0.00331085,0.00023659
2025-03-24 05:00:00+00:00,10843.38,16.32643597,0.94907076,0.94696814,0.0011706,0.00072999,1.6e-05
2025-03-24 06:00:00+00:00,11254.1,16.63669476,0.94461081,0.94256588,0.00096376,0.00065618,0.00015099
2025-03-24 07:00:00+00:00,11155.6525,16.94183685,0.94327491,0.94219988,0.00082837,0.0,0.00012633
2025-03-24 08:00:00+00:00,10715.585,17.43825584,0.93965384,0.93910561,0.00031336,2.8e-07,8.317e-05
2025-03-24 09:00:00+00:00,10385.2425,17.7224441,0.93807792,0.93766801,0.00014789,9.1e-07,9.088e-05
2025-03-24 10:00:00+00:00,10124.875,17.66431411,0.93994395,0.93970135,6.048e-05,2.9e-07,4.583e-05
2025-03-24 11:00:00+00:00,9972.5075,17.46644843,0.94211417,0.94163128,0.00014279,0.0,0.00012335
2025-03-24 12:00:00+00:00,9808.3375,17.07218037,0.94479603,0.94433915,0.00014973,0.0,0.00011728
2025-03-24 13:00:00+00:00,9855.675,16.54897277,0.94833346,0.94806774,6.456e-05,0.0,6.6e-05
2025-03-24 14:00:00+00:00,9932.7575,15.95714389,0.94875485,0.94828993,0.0002164,0.0,9.391e-05
2025-03-24 15:00:00+00:00,10141.9675,15.78408217,0.95114256,0.94951786,0.00148215,0.0,2.707e-05
2025-03-24 16:00:00+00:00,10582.9875,15.4520765,0.9537668,0.95139092,0.0022785,0.0,0.0
2025-03-24 17:00:00+00:00,10689.77,15.3008614,0.95410817,0.95152195,0.00247137,0.0,0.0
2025-03-24 18:00:00+00:00,10634.9025,15.12441506,0.95536205,0.95282575,0.00226733,0.0001535,2.22e-06
2025-03-24 19:00:00+00:00,10433.0,14.76600877,0.95774431,0.95588708,0.00072728,0.00091983,4.98e-06
2025-03-24 20:00:00+00:00,10146.89,14.15610978,0.96299087,0.96266476,0.00010052,1.84e-05,7.803e-05
2025-03-24 21:00:00+00:00,9901.405,14.4060958,0.96554506,0.96416557,7.287e-05,0.00098943,5.618e-05
2025-03-24 22:00:00+00:00,9553.4325,14.50383466,0.96538472,0.96359832,2.924e-05,0.00141322,3.62e-05
2025-03-24 23:00:00+00:00,9121.4425,14.37588803,0.96409939,0.96303289,7.315e-05,0.00060766,0.0001098
2025-03-25 00:00:00+00:00,8748.83,14.34174302,0.96367653,0.96256234,2.666e-05,0.00075244,8.841e-05
2025-03-25 01:00:00+00:00,8601.7675,14.32861213,0.96318156,0.96232241,4.125e-05,0.00050085,9.424e-05
2025-03-25 02:00:00+00:00,8589.3525,14.35441952,0.96316099,0.96210148,0.0,0.00079531,5.24e-05
2025-03-25 03:00:00+00:00,8593.8575,14.50611965,0.96127198,0.96009211,7.744e-05,0.00071884,0.00011894
2025-03-25 04:00:00+00:00,8999.485,14.39401718,0.95942304,0.95875647,5.478e-05,0.00032593,9.857e-05
2025-03-25 05:00:00+00:00,9892.46,14.83086082,0.95512093,0.95479032,7.255e-05,0.0,0.00010587
2025-03-25 06:00:00+00:00,10734.6025,15.55752059,0.95069127,0.94958216,0.00085853,0.0,8.975e-05
2025-03-25 07:00:00+00:00,11008.015,15.90924395,0.95007043,0.94935243,0.00063678,0.0,1.083e-05
2025-03-25 08:00:00+00:00,11183.4575,16.30618952,0.9501235,0.94934408,0.00058859,0.0,5.444e-05
2025-03-25 09:00:00+00:00,11202.67,16.53388423,0.94851458,0.9478949,0.00041339,0.0,6.412e-05
2025-03-25 10:00:00+00:00,11267.085,16.74818564,0.95097012,0.9503529,0.00035789,0.0,7.813e-05
2025-03-25 11:00:00+00:00,11216.78,16.99206136,0.95314135,0.95248018,0.00042437,0.0,7.427e-05
2025-03-25 12:00:00+00:00,11084.825,17.00074506,0.94991253,0.94931247,0.00038452,2.9e-07,4.91e-05
2025-03-25 13:00:00+00:00,10903.5775,17.25853968,0.95166376,0.9508306,0.00049662,0.0,0.00010289
2025-03-25 14:00:00+00:00,10819.7425,17.41070919,0.9490332,0.94792703,0.00069023,0.0,0.0001265
2025-03-25 15:00:00+00:00,10837.84,17.24117289,0.94720237,0.94688339,0.00013407,0.0,5.424e-05
2025-03-25 16:00:00+00:00,10974.0725,17.46991825,0.94764561,0.94665694,0.00078169,0.0,5.412e-05
2025-03-25 17:00:00+00:00,10989.47,17.58964705,0.94775216,0.94600802,0.00160344,0.0,0.0
2025-03-25 18:00:00+00:00,10961.0375,17.46929318,0.94680092,0.94637349,0.00023948,0.0,5.281e-05
2025-03-25 19:00:00+00:00,10678.5575,17.43276843,0.94524045,0.94506477,0.0,0.0,5.674e-05
2025-03-25 20:00:00+00:00,10224.15,17.39481064,0.94632935,0.9461762,0.0,0.0,4.682e-05
2025-03-25 21:00:00+00:00,9733.3625,17.37815485,0.94864731,0.94850381,1.066e-05,0.0,3.945e-05
2025-03-25 22:00:00+00:00,9137.0875,17.35529184,0.95249558,0.95219975,8.202e-05,0.0,6.943e-05
2025-03-25 23:00:00+00:00,8842.8825,17.4470933,0.95215966,0.95163622,8.431e-05,0.0,0.00017287
2025-03-26 00:00:00+00:00,8779.68,17.40987727,0.95166521,0.95102076,0.00010842,0.0,0.00020147
2025-03-26 01:00:00+00:00,8681.3675,17.48994163,0.95137657,0.95059907,0.00013538,0.0,0.00025732
2025-03-26 02:00:00+00:00,8711.475,17.49754921,0.95007503,0.94939644,0.00012724,0.0,0.00021222
2025-03-26 03:00:00+00:00,8749.2075,17.53877767,0.94830776,0.94771557,0.00011948,0.0,0.00018409
2025-03-26 04:00:00+00:00,9082.4275,17.61489263,0.94604136,0.94563295,6.319e-05,0.0,0.00012347
2025-03-26 05:00:00+00:00,9780.1575,17.4847705,0.94426958,0.94422868,0.0,0.0,0.0
2025-03-26 06:00:00+00:00,10759.725,17.83921394,0.94477823,0.94444377,0.00028346,0.0,8.8e-07
2025-03-26 07:00:00+00:00,10787.2525,18.10797631,0.94268367,0.94250671,1.278e-05,0.0,4.986e-05
2025-03-26 08:00:00+00:00,10620.4525,19.10520905,0.94179976,0.94058553,4.714e-05,0.00020467,7.957e-05
2025-03-26 09:00:00+00:00,10572.3575,20.74528439,0.94154686,0.93783746,0.00012422,0.00119334,0.00013721
2025-03-26 10:00:00+00:00,10467.61,20.01907156,0.94137729,0.9391656,0.00012284,0.0006488,0.00015477
2025-03-26 11:00:00+00:00,10269.0275,18.97998926,0.94026309,0.93953324,8.483e-05,8.929e-05,0.00014519
2025-03-26 12:00:00+00:00,9935.6725,18.5748015,0.93959414,0.9390407,8.77e-05,0.0,0.00013631
2025-03-26 13:00:00+00:00,9771.565,18.15453806,0.9386161,0.9381085,7.849e-05,0.0,0.00010592
2025-03-26 14:00:00+00:00,9726.66,17.61237966,0.94001701,0.93952278,8.391e-05,0.0,0.00013404
2025-03-26 15:00:00+00:00,9948.5075,17.05664851,0.94111842,0.94070778,8.093e-05,0.0,8.421e-05
2025-03-26 16:00:00+00:00,10358.805,16.73275317,0.94430464,0.94274885,0.00146539,0.0,9.5e-07
2025-03-26 17:00:00+00:00,10672.91,16.25662955,0.94531931,0.94362412,0.00157116,0.0,0.0
2025-03-26 18:00:00+00:00,10577.605,16.10482159,0.945308,0.9432692,0.00192068,0.0,0.0
2025-03-26 19:00:00+00:00,10179.195,15.9038512,0.94617315,0.94442451,0.00165383,0.0,0.0
2025-03-26 20:00:00+00:00,9877.995,15.84145843,0.94773231,0.94611407,0.00066872,0.00075693,5.12e-06
2025-03-26 21:00:00+00:00,9326.775,15.54801671,0.94953421,0.94759853,0.00013713,0.00122804,0.00013303
2025-03-26 22:00:00+00:00,9080.4975,15.19186507,0.95290367,0.95180885,0.00019462,0.00040719,0.00014864
2025-03-26 23:00:00+00:00,9080.33,14.80798745,0.95634625,0.95589637,0.00014291,0.0,0.00010614
2025-03-27 00:00:00+00:00,8845.0675,14.77878382,0.95583179,0.95532647,9.624e-05,0.00010377,9.504e-05
2025-03-27 01:00:00+00:00,8729.845,15.20443095,0.95717419,0.95540136,8.221e-05,0.00122247,9.471e-05
2025-03-27 02:00:00+00:00,8697.96,15.02739323,0.95735277,0.95628063,7.516e-05,0.00057921,0.00010284
2025-03-27 03:00:00+00:00,8768.69,14.86158827,0.95730431,0.95669654,5.144e-05,0.0001867,0.00011695
2025-03-27 04:00:00+00:00,9070.43,14.78574105,0.95698636,0.9566062,4.796e-05,2.84e-06,0.00010095
2025-03-27 05:00:00+00:00,9959.9725,15.08326866,0.9545601,0.95415347,5.56e-05,1.86e-06,0.00010674
2025-03-27 06:00:00+00:00,10508.9725,15.29303857,0.95489094,0.95447975,0.00014328,2.53e-06,7.774e-05
2025-03-27 07:00:00+00:00,10675.55,15.47050246,0.95395842,0.95382087,3.281e-05,5.9e-07,2.377e-05
2025-03-27 08:00:00+00:00,10768.695,15.71293712,0.95555569,0.95545565,2.993e-05,2.5e-07,6.51e-06
2025-03-27 09:00:00+00:00,10776.56,16.16404903,0.95737547,0.95608348,1.85e-06,0.00107392,6.83e-06
2025-03-27 10:00:00+00:00,11031.395,16.68648142,0.95706314,0.9545702,0.0,0.00211898,1.189e-05
2025-03-27 11:00:00+00:00,10962.81,16.42845156,0.95730777,0.955538,0.0,0.00148606,8.4e-06
2025-03-27 12:00:00+00:00,10833.865,16.38890763,0.95883568,0.95690652,0.0,0.00161104,1.46e-05
2025-03-27 13:00:00+00:00,10724.0,16.22334764,0.95936622,0.95713944,0.0,0.00184381,3.152e-05
2025-03-27 14:00:00+00:00,10640.7325,16.06000717,0.9610146,0.95915973,1.626e-05,0.00150178,3.145e-05
2025-03-27 15:00:00+00:00,10738.1175,15.85317676,0.96227281,0.96033709,1.634e-05,0.00157491,3.831e-05
2025-03-27 16:00:00+00:00,11134.7275,15.36626594,0.96317457,0.96293329,2.117e-05,2.28e-06,6.695e-05
2025-03-27 17:00:00+00:00,11057.9975,15.72617421,0.96499662,0.96328674,3.05e-05,0.00125555,7.817e-05
2025-03-27 18:00:00+00:00,10878.6675,16.43937602,0.96497777,0.96026683,2.414e-05,0.00394139,7.748e-05
2025-03-27 19:00:00+00:00,10519.7375,16.77009974,0.96501227,0.9586161,6.22e-06,0.00553833,4.837e-05
2025-03-27 20:00:00+00:00,10039.925,16.74004837,0.96501261,0.95867209,1.97e-06,0.00545988,6.173e-05
2025-03-27 21:00:00+00:00,9717.895,16.45724744,0.96498699,0.95920536,0.0,0.00504006,2.897e-05
2025-03-27 22:00:00+00:00,9205.8025,16.24139823,0.96599916,0.96066822,0.0,0.00463701,2.679e-05
2025-03-27 23:00:00+00:00,8789.2475,15.85741085,0.96707702,0.96294101,0.0,0.0035225,5.025e-05
2025-03-28 00:00:00+00:00,8544.175,15.65424702,0.96734353,0.96393751,0.0,0.00282077,7.313e-05
2025-03-28 01:00:00+00:00,8441.64,15.58870236,0.96795784,0.96425059,2.13e-06,0.003029,9.696e-05
2025-03-28 02:00:00+00:00,8380.6325,15.75613229,0.96835997,0.96372486,8.95e-06,0.00382289,0.00010133
2025-03-28 03:00:00+00:00,8403.575,15.88584185,0.9683485,0.96334315,2.099e-05,0.00409706,0.00011896
2025-03-28 04:00:00+00:00,8592.6475,15.59876576,0.96813973,0.96438971,3.869e-05,0.00288595,0.00015399
2025-03-28 05:00:00+00:00,9338.5875,15.50740346,0.96781842,0.96468841,3.819e-05,0.00232174,0.00015047
2025-03-28 06:00:00+00:00,10040.0125,14.97938199,0.96916888,0.96785456,3.04e-05,0.0007802,0.0001389
2025-03-28 07:00:00+00:00,10265.3525,14.68524125,0.96903649,0.96870185,6.03e-06,0.0,0.00011414
2025-03-28 08:00:00+00:00,10094.23,14.88752093,0.96530667,0.96428425,0.0,0.00068653,6.472e-05
2025-03-28 09:00:00+00:00,9923.6725,14.95670973,0.96119508,0.96092985,0.0,0.0,6.939e-05
2025-03-28 10:00:00+00:00,9668.7725,15.07207447,0.95891795,0.95868711,0.0,0.0,5.431e-05
2025-03-28 11:00:00+00:00,9301.0275,15.20065012,0.95702816,0.95682329,0.0,0.0,4.81e-05
2025-03-28 12:00:00+00:00,8975.995,15.16874915,0.95582518,0.95558884,0.0,0.0,5.751e-05
2025-03-28 13:00:00+00:00,8759.475,15.0326263,0.95741048,0.95713004,0.0,0.0,7.748e-05
2025-03-28 14:00:00+00:00,8772.6575,15.59960477,0.9616867,0.95856018,0.0,0.00253763,6.197e-05
2025-03-28 15:00:00+00:00,9016.38,15.42256553,0.9657553,0.96233247,0.0,0.00279177,7.747e-05
2025-03-28 16:00:00+00:00,9644.8825,14.37698298,0.96996381,0.96971942,0.0,0.00017623,7e-07
2025-03-28 17:00:00+00:00,10053.0375,14.6376238,0.97112688,0.97004346,0.0,0.00088154,9.25e-06
2025-03-28 18:00:00+00:00,9857.91,14.90149364,0.97160414,0.96945051,0.0,0.00185231,7.52e-06
2025-03-28 19:00:00+00:00,9556.665,14.95934438,0.97152972,0.96896228,0.0,0.00222415,9.02e-06
2025-03-28 20:00:00+00:00,8883.37,14.85898296,0.97214829,0.96997893,0.0,0.00187562,7.62e-06
2025-03-28 21:00:00+00:00,8687.785,14.96181259,0.9720199,0.96933037,0.0,0.00232809,9.62e-06
2025-03-28 22:00:00+00:00,8649.8625,15.08763419,0.97199226,0.9691219,0.0,0.00248198,1.043e-05
2025-03-28 23:00:00+00:00,8591.13,15.13417101,0.97193908,0.96886825,0.0,0.00266108,1.236e-05
2025-03-29 00:00:00+00:00,8493.6,15.0311456,0.9717554,0.9689831,0.0,0.00240789,1.079e-05
2025-03-29 01:00:00+00:00,8425.82,15.04793708,0.97066609,0.96782218,0.0,0.00247167,1.026e-05
2025-03-29 02:00:00+00:00,8277.5625,14.96659864,0.97048921,0.96814216,0.0,0.0020252,1.184e-05
2025-03-29 03:00:00+00:00,8190.83,15.28144623,0.97038919,0.96742439,0.0,0.00244253,6.336e-05
2025-03-29 04:00:00+00:00,8170.305,15.09560399,0.9704941,0.96819208,0.0,0.00190118,4.528e-05
2025-03-29 05:00:00+00:00,8278.65,15.19714668,0.96938141,0.96744134,0.0,0.0016041,2.861e-05
2025-03-29 06:00:00+00:00,8463.3275,15.43776931,0.9673599,0.96589772,0.0,0.00112571,5.449e-05
2025-03-29 07:00:00+00:00,8657.685,15.94671984,0.96485334,0.9629601,0.0,0.00156755,2.675e-05
2025-03-29 08:00:00+00:00,8775.1475,16.56148755,0.96258025,0.96036002,0.0,0.00188864,1.169e-05
2025-03-29 09:00:00+00:00,8688.1825,16.74977404,0.9560714,0.95446606,0.0,0.00135247,4.21e-06
2025-03-29 10:00:00+00:00,8718.2,16.92276882,0.95341973,0.95187822,0.0,0.0012646,2.93e-06
2025-03-29 11:00:00+00:00,8772.585,16.73577436,0.95370581,0.95161458,0.0,0.00177032,9.71e-06
2025-03-29 12:00:00+00:00,8603.3525,16.63650332,0.95546755,0.95350399,0.0,0.00172762,1.3e-05
2025-03-29 13:00:00+00:00,8394.4775,16.52247741,0.95649456,0.95428921,0.0,0.0019635,1.538e-05
2025-03-29 14:00:00+00:00,8403.2075,16.08500497,0.96232485,0.96122996,0.0,0.000884,4.174e-05
2025-03-29 15:00:00+00:00,8641.59,16.36635551,0.9658015,0.96373882,5.992e-05,0.00151249,0.00013351
2025-03-29 16:00:00+00:00,9121.015,16.55216496,0.96746328,0.96558654,0.00027232,0.00073909,0.00026134
2025-03-29 17:00:00+00:00,9718.55,16.76157126,0.96991084,0.9675578,0.00038554,0.0010497,0.00027468
2025-03-29 18:00:00+00:00,9565.165,16.69164577,0.96918405,0.96704637,0.00021131,0.00110143,0.00020891
2025-03-29 19:00:00+00:00,9217.51,16.50921219,0.96859069,0.96693745,0.00016981,0.00082026,0.00019737
2025-03-29 20:00:00+00:00,9175.125,16.38739519,0.96844856,0.96745096,8.802e-05,0.00032477,0.0001687
2025-03-29 21:00:00+00:00,8987.93,16.16809577,0.9676308,0.9672302,1.176e-05,1.92e-06,0.00011411
2025-03-29 22:00:00+00:00,8751.9675,16.09247609,0.9676255,0.96728912,0.0,6.5e-07,0.00010576
2025-03-29 23:00:00+00:00,8579.49,16.46603032,0.97005046,0.97001494,0.0,0.0,0.0
2025-03-30 00:00:00+00:00,8620.425,17.09516068,0.96926481,0.96736669,2.04e-06,0.00131803,9.24e-06
2025-03-30 01:00:00+00:00,8543.205,17.95125092,0.96816015,0.9649272,2.22e-06,0.00120048,3.635e-05
2025-03-30 02:00:00+00:00,8436.71,18.2747896,0.96693101,0.96326949,2.18e-06,0.00040032,6.31e-05
2025-03-30 03:00:00+00:00,8507.52,18.27664615,0.96714637,0.96386572,2.92e-06,0.00017145,8.334e-05
2025-03-30 04:00:00+00:00,8505.205,18.30390158,0.97050361,0.9668664,1.61e-06,0.00017756,5.993e-05
2025-03-30 05:00:00+00:00,8671.5375,18.77119566,0.96663357,0.96172574,4.638e-05,0.00057358,9.421e-05
2025-03-30 06:00:00+00:00,8832.395,18.96091756,0.96609839,0.96154516,3.437e-05,0.00093856,9.749e-05
2025-03-30 07:00:00+00:00,9235.3,19.17335026,0.96660178,0.96301255,1.139e-05,0.00079769,7.782e-05
2025-03-30 08:00:00+00:00,9273.94,19.04625509,0.96433192,0.96139975,2.41e-06,0.00059047,9.483e-05
2025-03-30 09:00:00+00:00,9325.855,20.53615347,0.96065478,0.95525179,1.562e-05,0.0012225,0.0001073
2025-03-30 10:00:00+00:00,9238.5175,20.67690819,0.95653555,0.95053556,1.077e-05,0.00149051,0.00013424
2025-03-30 11:00:00+00:00,9146.095,20.62213224,0.95562387,0.94974215,2.722e-05,0.00158494,9.562e-05
2025-03-30 12:00:00+00:00,9153.6125,20.10840453,0.95522069,0.9501827,1.951e-05,0.00136464,9.425e-05
2025-03-30 13:00:00+00:00,9101.285,20.34341716,0.95474187,0.94889096,2.157e-05,0.00161005,0.00010689
2025-03-30 14:00:00+00:00,9255.4,19.34052444,0.96134723,0.95819321,1.133e-05,0.00091118,9.267e-05
2025-03-30 15:00:00+00:00,9708.0725,20.17300566,0.96413195,0.96006831,2.968e-05,0.00122217,5.761e-05
2025-03-30 16:00:00+00:00,9998.645,19.85375169,0.96044216,0.95772135,8.92e-06,0.00046675,6.329e-05
2025-03-30 17:00:00+00:00,10176.26,18.70822886,0.96067438,0.96005957,4.007e-05,4.757e-05,0.00010524
2025-03-30 18:00:00+00:00,10099.855,18.49179965,0.96016635,0.95971272,9.095e-05,0.0,0.00010208
2025-03-30 19:00:00+00:00,9831.7925,18.2806431,0.95995133,0.95978672,0.0,0.0,3.951e-05
2025-03-30 20:00:00+00:00,9513.2875,18.19006813,0.96009748,0.95965716,4.675e-05,0.0,0.00010913
2025-03-30 21:00:00+00:00,9100.8125,17.84653883,0.96022134,0.95985785,2.482e-05,0.0,9.251e-05
2025-03-30 22:00:00+00:00,8798.55,17.551907,0.95894877,0.95862549,1.159e-05,0.0,0.00010099
2025-03-30 23:00:00+00:00,8829.1625,17.36578513,0.95898741,0.95874678,0.0,0.0,7.157e-05
2025-03-31 00:00:00+00:00,8816.205,17.16619403,0.96033694,0.96012157,0.0,0.0,6.467e-05
2025-03-31 01:00:00+00:00,8763.0275,16.9209965,0.95911017,0.95899094,0.0,0.0,3.1e-05
2025-03-31 02:00:00+00:00,8889.1975,16.70125873,0.95767858,0.95753127,0.0,0.0,3.812e-05
2025-03-31 03:00:00+00:00,9325.235,16.6321164,0.95575919,0.95555152,0.0,6.3e-07,5.694e-05
2025-03-31 04:00:00+00:00,9990.7475,16.71467187,0.95389343,0.95384655,0.0,0.0,0.0
2025-03-31 05:00:00+00:00,10428.7425,16.84735751,0.95214744,0.95210779,0.0,0.0,0.0
2025-03-31 06:00:00+00:00,10698.9475,17.42608438,0.94894156,0.94886917,0.0,0.0,1.173e-05
2025-03-31 07:00:00+00:00,10737.7675,18.20118634,0.94570591,0.94565962,0.0,0.0,0.0
2025-03-31 08:00:00+00:00,10437.59,19.05354747,0.94148606,0.94135485,0.0,0.0,2.309e-05
2025-03-31 09:00:00+00:00,10278.1675,19.70051914,0.93887893,0.9386854,0.0,0.0,3.854e-05
2025-03-31 10:00:00+00:00,9995.4625,20.08442707,0.93955735,0.93933397,0.0,0.0,6.062e-05
2025-03-31 11:00:00+00:00,9833.3875,20.17160992,0.94083515,0.94061847,2.5e-07,0.0,5.176e-05
2025-03-31 12:00:00+00:00,9597.88,19.98972158,0.94198337,0.94177942,0.0,0.0,4.843e-05
2025-03-31 13:00:00+00:00,9429.8775,19.59879776,0.94195567,0.94170969,2.082e-05,0.0,5.561e-05
2025-03-31 14:00:00+00:00,9277.6175,19.12332634,0.94121467,0.94106166,0.0,0.0,3.496e-05
2025-03-31 15:00:00+00:00,9516.5125,18.76414039,0.94346056,0.94331745,0.0,0.0,3.439e-05
2025-03-31 16:00:00+00:00,9688.33,18.47368558,0.94597572,0.94563168,2.802e-05,0.0,8.227e-05
2025-03-31 17:00:00+00:00,9844.035,18.22156963,0.94951476,0.94904278,7.921e-05,4.1e-06,0.00011258
2025-03-31 18:00:00+00:00,9915.2925,17.93966416,0.94944346,0.94933464,5.537e-05,1.1e-07,2.89e-06
2025-03-31 19:00:00+00:00,9601.4875,17.84545117,0.94964557,0.94954287,1.03e-05,7.2e-07,1.68e-05
2025-03-31 20:00:00+00:00,9396.325,17.86912933,0.95257371,0.95248393,1.059e-05,4e-07,1.302e-05
2025-03-31 21:00:00+00:00,9087.9675,17.76819078,0.95332229,0.95289843,4.681e-05,0.0,0.00011383
2025-03-31 22:00:00+00:00,9003.93,17.53368262,0.95764812,0.95693777,9.36e-05,0.0,0.00020111
2025-03-31 23:00:00+00:00,8910.48,17.39060311,0.95871346,0.95810032,1.099e-05,2.27e-06,0.00019732
2025-04-01 00:00:00+00:00,8908.48,17.42811823,0.95832987,0.95690084,0.00077103,3.92e-06,0.00019451
2025-04-01 01:00:00+00:00,8999.63,17.47577987,0.95918247,0.95737541,0.00118769,6.21e-06,0.00017605
2025-04-01 02:00:00+00:00,9332.295,17.59896933,0.96001251,0.95798626,0.0014886,6.97e-06,0.00014892
2025-04-01 03:00:00+00:00,9880.6,17.72223555,0.96065001,0.95821826,0.00190711,7.27e-06,0.00014826
2025-04-01 04:00:00+00:00,10617.38,17.84042166,0.9586773,0.95578067,0.00232307,1.021e-05,0.00015277
2025-04-01 05:00:00+00:00,10984.93,17.63797265,0.95590078,0.95363206,0.00181211,1.133e-05,0.00010332
2025-04-01 06:00:00+00:00,10968.57,18.1123355,0.95250478,0.95010837,0.00174185,1.05e-05,0.00014076
2025-04-01 07:00:00+00:00,10497.235,18.76840644,0.9491209,0.94686923,0.00162212,3.39e-06,0.00013856
2025-04-01 08:00:00+00:00,9992.84,19.27394751,0.94594918,0.94411487,0.0013259,4.15e-06,0.00010336
2025-04-01 09:00:00+00:00,9706.71,19.62635003,0.9435012,0.94223989,0.00067475,1.162e-05,0.00012312
2025-04-01 10:00:00+00:00,9414.45,19.53461066,0.94118051,0.94091614,0.0,0.0,5.703e-05
2025-04-01 11:00:00+00:00,9169.7075,19.35111482,0.94169182,0.94162282,0.0,0.0,3.63e-06
2025-04-01 12:00:00+00:00,9183.055,20.34014473,0.94417344,0.94229611,2.95e-06,0.00057191,1.536e-05
2025-04-01 13:00:00+00:00,9033.7225,18.69701515,0.94652545,0.94647396,0.0,0.0,0.0
2025-04-01 14:00:00+00:00,9097.185,18.18556159,0.95006534,0.94960984,7.317e-05,0.0,0.00010346
2025-04-01 15:00:00+00:00,9485.5,18.18339639,0.9576079,0.95629295,0.00066494,0.0,0.00016465
2025-04-01 16:00:00+00:00,9785.3,17.5433401,0.95956478,0.95763014,0.0013064,5.8e-07,0.00015359
2025-04-01 17:00:00+00:00,9897.07,16.93775136,0.96105979,0.95940994,0.00103175,1.6e-06,0.00017576
2025-04-01 18:00:00+00:00,10170.65,16.68362075,0.96154648,0.96007073,0.00086781,3.91e-06,0.00017735
2025-04-01 19:00:00+00:00,9776.06,16.8264806,0.96103827,0.95917352,0.001109,0.0,0.00025486
2025-04-01 20:00:00+00:00,9429.065,16.69187808,0.96101661,0.95926374,0.00103316,0.0,0.00023283
2025-04-01 21:00:00+00:00,9054.745,16.87530963,0.96064492,0.95873349,0.00096033,0.0,0.00033978
2025-04-01 22:00:00+00:00,8915.585,17.03899114,0.95843947,0.95615428,0.00046573,0.0008177,0.00035231
2025-04-01 23:00:00+00:00,8784.54,16.81407306,0.9580034,0.95616394,0.00031903,0.00051024,0.00036085
2025-04-02 00:00:00+00:00,8645.965,16.80540368,0.9576297,0.9556379,0.00030961,0.00067536,0.00035875
2025-04-02 01:00:00+00:00,8738.455,17.05742294,0.95857394,0.95600216,0.00048187,0.00120719,0.00029851
2025-04-02 02:00:00+00:00,8871.815,17.08027015,0.95753036,0.95529157,0.00062543,0.00079729,0.00026699
2025-04-02 03:00:00+00:00,9378.27,17.28014239,0.9586511,0.95498726,0.00227407,0.00063178,0.00023553
2025-04-02 04:00:00+00:00,10050.855,17.35078193,0.95686654,0.95319665,0.00268277,0.00023592,0.00020443
2025-04-02 05:00:00+00:00,10506.85,17.34237527,0.95320246,0.94978999,0.00211651,0.0007293,0.00014808
2025-04-02 06:00:00+00:00,10523.145,17.90205912,0.95173775,0.94793534,0.00154339,0.00153678,0.00016614
2025-04-02 07:00:00+00:00,10056.4325,18.15659725,0.94736937,0.9451072,0.00153332,0.0,0.00020122
2025-04-02 08:00:00+00:00,9724.135,18.31054519,0.94239697,0.94137496,0.0,0.00032444,0.00019672
2025-04-02 09:00:00+00:00,9333.78,18.53061663,0.94625613,0.94572307,0.0,0.0,0.00013868
2025-04-02 10:00:00+00:00,9137.7375,18.72369658,0.9468876,0.94632479,0.0,0.0,0.00017673
2025-04-02 11:00:00+00:00,8943.0625,19.59138142,0.94424642,0.94252537,2e-07,0.00021838,0.00023449
2025-04-02 12:00:00+00:00,8762.215,18.37063184,0.94380199,0.94326395,0.0,0.0,0.00015529
2025-04-02 13:00:00+00:00,8693.9575,17.7989083,0.94606413,0.94564346,0.0,0.0,0.00011627
2025-04-02 14:00:00+00:00,8731.8175,17.22022754,0.94760097,0.94736715,0.0,0.0,5.924e-05
2025-04-02 15:00:00+00:00,9194.7025,17.19259307,0.95239005,0.95188761,0.0,0.0,0.00015281
2025-04-02 16:00:00+00:00,9348.565,17.55759744,0.96023231,0.95888998,0.00065011,0.0,0.00019946
2025-04-02 17:00:00+00:00,9438.2475,17.57750031,0.96257125,0.96076059,0.00115719,0.0,0.0001806
2025-04-02 18:00:00+00:00,9672.5025,17.40380405,0.9656124,0.96406784,0.0009455,0.0,0.00017821
2025-04-02 19:00:00+00:00,9349.685,17.37633179,0.96538426,0.96345226,0.00069346,0.00066463,0.00015948
2025-04-02 20:00:00+00:00,8854.995,17.05285437,0.96523357,0.96386214,0.00045592,0.00039693,0.00014615
2025-04-02 21:00:00+00:00,8330.775,16.69481513,0.96424309,0.96338744,0.00025348,0.0,0.00017806
2025-04-02 22:00:00+00:00,8096.69,16.35880362,0.96362619,0.96267112,0.00014874,0.0,0.00023803
2025-04-02 23:00:00+00:00,8055.16,16.37809558,0.96333554,0.96225664,0.00027551,2.5e-07,0.00022967
2025-04-03 00:00:00+00:00,8073.205,16.43339476,0.96390485,0.96274404,0.00026367,1.37e-06,0.00029432
2025-04-03 01:00:00+00:00,8192.77,16.44051887,0.96555764,0.96429938,0.00045297,5.38e-06,0.00025495
2025-04-03 02:00:00+00:00,8395.42,16.35071692,0.96674484,0.96559119,0.00056906,8.8e-06,0.00018197
2025-04-03 03:00:00+00:00,8905.535,16.2910159,0.96832677,0.96698952,0.00071654,5.2e-06,0.00019492
2025-04-03 04:00:00+00:00,9669.285,16.23398135,0.9686349,0.96624714,0.00193642,2.96e-06,0.00012129
2025-04-03 05:00:00+00:00,9995.37,16.28827404,0.96697667,0.96420324,0.00238304,2.48e-06,8.347e-05
2025-04-03 06:00:00+00:00,9716.555,16.61627364,0.96820707,0.96496525,0.00270182,0.0,0.00011555
2025-04-03 07:00:00+00:00,9659.475,16.84313208,0.96352822,0.96252883,0.00042289,0.0,0.00016789
2025-04-03 08:00:00+00:00,9402.6475,16.84448269,0.95752949,0.95726156,0.0,0.0,7.34e-05
2025-04-03 09:00:00+00:00,8931.26,17.29489864,0.95129226,0.95098867,0.0,0.0,8.324e-05
2025-04-03 10:00:00+00:00,8672.7675,17.47619014,0.95029954,0.94997181,0.0,0.0,9.164e-05
2025-04-03 11:00:00+00:00,8630.4825,17.59369083,0.95142463,0.95023978,0.0,0.00104858,2.508e-05
2025-04-03 12:00:00+00:00,8526.4,17.23818336,0.95413812,0.95313669,0.0,0.00091776,1.102e-05
2025-04-03 13:00:00+00:00,8071.745,16.5631682,0.9566018,0.95634319,0.0,3.46e-06,6.547e-05
2025-04-03 14:00:00+00:00,8062.9675,16.03902789,0.95903651,0.95886124,0.0,7.3e-07,3.768e-05
2025-04-03 15:00:00+00:00,8451.1025,15.75029081,0.9665284,0.96589579,9.67e-06,0.0,0.00019493
2025-04-03 16:00:00+00:00,8896.51,15.71708596,0.97187093,0.97080562,0.00040584,0.0,0.00019807
2025-04-03 17:00:00+00:00,9009.955,15.64583183,0.97458867,0.97332265,0.00050768,0.0,0.00023344
2025-04-03 18:00:00+00:00,8911.53,15.29410196,0.97449617,0.97358985,0.00030889,0.0,0.00018852
2025-04-03 19:00:00+00:00,8465.525,15.13023645,0.97320376,0.97246823,7.005e-05,0.0,0.00022354
2025-04-03 20:00:00+00:00,8078.3125,14.95985225,0.97177833,0.97122616,0.0,0.0,0.00018168
2025-04-03 21:00:00+00:00,7801.195,14.69947097,0.97071773,0.97054669,0.0,0.0,4.339e-05
2025-04-03 22:00:00+00:00,7428.675,14.68302922,0.97699459,0.97674402,0.00013317,0.0,2.823e-05
2025-04-03 23:00:00+00:00,7339.69,14.60000127,0.97700036,0.97683605,8.624e-05,0.0,1.791e-05
2025-04-04 00:00:00+00:00,7440.405,14.54147669,0.97667354,0.97659147,0.0,0.0,1.84e-05
2025-04-04 01:00:00+00:00,7359.5775,14.50566059,0.97593709,0.97583203,0.0,0.0,2.592e-05
2025-04-04 02:00:00+00:00,7717.06,14.70593012,0.97148591,0.97126406,0.0,0.0,6.041e-05
2025-04-04 03:00:00+00:00,8121.51,14.84070312,0.97159118,0.97098652,0.00030603,0.0,8.248e-05
2025-04-04 04:00:00+00:00,9010.105,15.30481866,0.96955766,0.96821345,0.0010984,0.0,4.596e-05
2025-04-04 05:00:00+00:00,9875.5,15.71105537,0.96821957,0.96641793,0.00149465,0.0,6.676e-05
2025-04-04 06:00:00+00:00,9886.39,15.96094032,0.96578161,0.96430627,0.00111088,2e-08,9.366e-05
2025-04-04 07:00:00+00:00,9491.69,16.23955929,0.96179027,0.96086789,0.00063202,2e-08,8.268e-05
2025-04-04 08:00:00+00:00,9432.2175,16.53359728,0.95595466,0.95551319,0.00021536,1e-08,6.112e-05
2025-04-04 09:00:00+00:00,9326.17,17.18606658,0.9508814,0.95066807,6.179e-05,1e-08,3.179e-05
2025-04-04 10:00:00+00:00,8898.0725,18.60638798,0.94938038,0.94754951,5.33e-05,0.00074021,3.552e-05
2025-04-04 11:00:00+00:00,8969.2175,17.72499624,0.95011885,0.94974705,2.16e-06,7.067e-05,4.855e-05
2025-04-04 12:00:00+00:00,8651.1875,19.35231382,0.94896091,0.94589492,6.34e-06,0.00127428,5.728e-05
2025-04-04 13:00:00+00:00,8400.115,17.89624625,0.95095135,0.94940065,4.03e-06,0.00058265,3.785e-05
2025-04-04 14:00:00+00:00,8456.0525,17.55055982,0.95838957,0.95654959,7.411e-05,0.00051731,4.23e-05
2025-04-04 15:00:00+00:00,8866.17,16.22415386,0.96046561,0.96007235,0.00013098,4e-08,7.112e-05
2025-04-04 16:00:00+00:00,9116.165,16.4170646,0.96519164,0.96381528,0.0010285,6e-08,0.00010024
2025-04-04 17:00:00+00:00,9243.47,16.23222422,0.96698321,0.9659448,0.00072695,4e-08,8.718e-05
2025-04-04 18:00:00+00:00,9243.21,16.07987861,0.96513592,0.96443405,0.00047426,3e-08,6.661e-05
2025-04-04 19:00:00+00:00,8763.8275,15.89231335,0.9642426,0.96391585,0.0001232,3e-08,5.182e-05
2025-04-04 20:00:00+00:00,8338.225,15.76275175,0.96648369,0.96642194,0.0,1e-08,1.014e-05
2025-04-04 21:00:00+00:00,8121.0725,15.80373638,0.96884044,0.96875538,0.0,2e-08,1.624e-05
2025-04-04 22:00:00+00:00,8149.05,15.81110761,0.96777863,0.96771909,0.0,1e-08,7.84e-06
2025-04-04 23:00:00+00:00,8150.185,16.01098455,0.9669814,0.9669275,0.0,1e-08,2.78e-06
2025-04-05 00:00:00+00:00,8071.8875,16.10457764,0.96686698,0.96680446,0.0,1e-08,3.68e-06
2025-04-05 01:00:00+00:00,7988.635,16.04589239,0.96643705,0.96637933,0.0,1e-08,3.53e-06
2025-04-05 02:00:00+00:00,8043.8175,16.08065928,0.96540187,0.96533737,0.0,1e-08,3.78e-06
2025-04-05 03:00:00+00:00,8271.835,16.15383748,0.96512774,0.96503785,0.0,2e-08,1.471e-05
2025-04-05 04:00:00+00:00,8515.195,16.38760909,0.96392856,0.96381792,0.0,2e-08,1.922e-05
2025-04-05 05:00:00+00:00,8916.7025,16.68257731,0.96207235,0.96197826,0.0,1e-08,1.415e-05
2025-04-05 06:00:00+00:00,9056.625,17.17124322,0.96208733,0.96201817,0.0,1e-08,9.11e-06
2025-04-05 07:00:00+00:00,9017.48,17.56277581,0.95741002,0.95733959,0.0,1e-08,9.46e-06
2025-04-05 08:00:00+00:00,8797.3775,17.57656549,0.95011473,0.95004319,0.0,0.0,8.4e-06
2025-04-05 09:00:00+00:00,8881.6725,17.62740579,0.94410654,0.944016,8.5e-07,0.0,7.63e-06
2025-04-05 10:00:00+00:00,9119.2575,20.91718636,0.93495118,0.93024819,9.624e-05,0.00084098,6.249e-05
2025-04-05 11:00:00+00:00,9083.3,25.56533386,0.92702037,0.91593352,9.004e-05,0.0026609,0.00013315
2025-04-05 12:00:00+00:00,9040.73,27.63736817,0.92498754,0.9105346,7.692e-05,0.0036364,0.00015225
2025-04-05 13:00:00+00:00,8847.2275,25.58330961,0.92983795,0.91715896,0.00010426,0.00312366,0.00015212
2025-04-05 14:00:00+00:00,8649.695,18.14063837,0.94404898,0.94163454,0.00012542,0.000506,8.116e-05
2025-04-05 15:00:00+00:00,8935.455,17.20269094,0.95533236,0.95513011,6.844e-05,2e-08,2.652e-05
2025-04-05 16:00:00+00:00,9379.6225,17.25732882,0.95665653,0.9563093,0.00013946,5e-08,4.566e-05
2025-04-05 17:00:00+00:00,9739.925,17.60768057,0.96122568,0.96058845,0.00035244,7e-08,7.074e-05
2025-04-05 18:00:00+00:00,9834.005,17.6476564,0.96074686,0.95977469,0.00069731,8e-08,7.758e-05
2025-04-05 19:00:00+00:00,9505.1725,17.28685386,0.95833325,0.95772777,0.00034505,5e-08,9.449e-05
2025-04-05 20:00:00+00:00,9251.145,16.95558421,0.95823537,0.95784153,0.00017974,7e-08,0.00010778
2025-04-05 21:00:00+00:00,9074.8875,16.69796139,0.95895641,0.95866403,0.00011859,4e-08,5.915e-05
2025-04-05 22:00:00+00:00,9047.5325,16.52986462,0.96334161,0.96305732,0.00011381,4e-08,4.492e-05
2025-04-05 23:00:00+00:00,8942.16,16.46931045,0.96493527,0.96451831,0.00020114,5e-08,8.162e-05
2025-04-06 00:00:00+00:00,8857.0475,16.25912853,0.9648102,0.96450949,0.0001416,5e-08,6.408e-05
2025-04-06 01:00:00+00:00,8812.6075,16.15492129,0.96716077,0.96688488,0.00013558,6e-08,7.41e-05
2025-04-06 02:00:00+00:00,8839.475,16.14095073,0.96895356,0.96862456,0.00017261,5e-08,5.587e-05
2025-04-06 03:00:00+00:00,8806.175,16.26174247,0.96917645,0.96840615,0.00057573,7e-08,8.436e-05
2025-04-06 04:00:00+00:00,8878.5925,16.46787868,0.96920623,0.96793536,0.00098654,7e-08,0.00014451
2025-04-06 05:00:00+00:00,9013.025,16.57710967,0.96815356,0.96687917,0.00097848,8e-08,8.26e-05
2025-04-06 06:00:00+00:00,9286.3375,16.28558887,0.96613241,0.96607424,0.0,1e-08,9.1e-06
2025-04-06 07:00:00+00:00,9543.6525,16.59912156,0.96387262,0.96380894,0.0,1e-08,1.05e-05
2025-04-06 08:00:00+00:00,9687.1075,16.56934859,0.95827394,0.95800582,0.00010958,3e-08,4.109e-05
2025-04-06 09:00:00+00:00,9655.8625,17.07946023,0.95375689,0.95330862,0.00019336,5e-08,7.171e-05
2025-04-06 10:00:00+00:00,9561.0,17.18298918,0.95349606,0.95310156,0.00016883,4e-08,5.992e-05
2025-04-06 11:00:00+00:00,9115.71,18.24563193,0.95063178,0.9490033,0.00021429,0.00034449,7.899e-05
2025-04-06 12:00:00+00:00,9056.195,20.12584495,0.94606556,0.94139482,0.00019917,0.00119598,9.567e-05
2025-04-06 13:00:00+00:00,8816.0275,18.33086015,0.95310349,0.95025231,0.00024433,0.00067764,8.591e-05
2025-04-06 14:00:00+00:00,8708.87,16.26232284,0.96224988,0.962138,1.845e-05,1e-08,1.438e-05
2025-04-06 15:00:00+00:00,8994.5275,16.53038107,0.96597686,0.96591003,0.0,1e-08,7.31e-06
2025-04-06 16:00:00+00:00,9370.3375,16.68822979,0.96571859,0.96511638,0.00037637,8e-08,7.024e-05
2025-04-06 17:00:00+00:00,9684.255,16.7559244,0.96775753,0.96665728,0.00086242,6e-08,7.174e-05
2025-04-06 18:00:00+00:00,9781.4725,16.72760659,0.96583998,0.96457699,0.0010055,7e-08,8.095e-05
2025-04-06 19:00:00+00:00,9358.1875,16.55404777,0.96664421,0.96560433,0.00079587,8e-08,6.834e-05
2025-04-06 20:00:00+00:00,9005.2225,16.31183648,0.96602554,0.96552443,0.00031974,5e-08,5.534e-05
2025-04-06 21:00:00+00:00,8632.0275,16.16775601,0.96519381,0.96489981,0.00014384,4e-08,4.126e-05
2025-04-06 22:00:00+00:00,8530.4175,16.24399978,0.96676409,0.96646501,0.00014327,3e-08,4.663e-05
2025-04-06 23:00:00+00:00,8392.39,16.29372453,0.96677331,0.9665235,0.00011731,4e-08,3.928e-05
2025-04-07 00:00:00+00:00,8451.675,16.30047371,0.96687775,0.96665707,9.859e-05,2e-08,3.367e-05
2025-04-07 01:00:00+00:00,8596.64,16.37130228,0.96616041,0.96586894,0.00013516,4e-08,4.622e-05
2025-04-07 02:00:00+00:00,8668.05,16.56413873,0.96551397,0.9650438,0.00030108,4e-08,5.06e-05
2025-04-07 03:00:00+00:00,9112.275,16.9362729,0.96455839,0.96364724,0.000708,6e-08,6.17e-05
2025-04-07 04:00:00+00:00,9877.91,17.4207798,0.96087664,0.95924181,0.00138065,6e-08,7.234e-05
2025-04-07 05:00:00+00:00,10360.9625,17.5632514,0.95696013,0.95552471,0.00125601,3e-08,3.257e-05
2025-04-07 06:00:00+00:00,10448.56,18.33474746,0.95478743,0.95217419,0.00239203,5e-08,5.51e-05
2025-04-07 07:00:00+00:00,10285.03,19.09520673,0.95125877,0.94807014,0.00294206,5e-08,6.513e-05
2025-04-07 08:00:00+00:00,10110.2075,19.40642063,0.94673486,0.94574035,0.00079563,5e-08,5.289e-05
2025-04-07 09:00:00+00:00,9633.4175,19.4116313,0.94250509,0.94242298,0.0,1e-08,6.44e-06
2025-04-07 10:00:00+00:00,9532.46,19.49729664,0.94282073,0.94273139,0.0,0.0,6.02e-06
2025-04-07 11:00:00+00:00,9672.8775,20.26958598,0.94222201,0.94086497,4.39e-06,0.00042556,1.22e-05
2025-04-07 12:00:00+00:00,9604.19,19.8094984,0.94243954,0.94125894,4.02e-06,0.00036212,9.63e-06
2025-04-07 13:00:00+00:00,9513.4025,18.91854875,0.94620909,0.94613426,0.0,0.0,4.89e-06
2025-04-07 14:00:00+00:00,9392.97,19.0933977,0.95043553,0.94999225,0.00031112,1.604e-05,7.01e-06
2025-04-07 15:00:00+00:00,9733.8475,19.17199058,0.95119688,0.95011167,0.00092544,0.0,2.621e-05
2025-04-07 16:00:00+00:00,9787.7725,19.01796464,0.95171128,0.95000943,0.00147373,0.0,5.466e-05
2025-04-07 17:00:00+00:00,9799.385,18.83472701,0.95224141,0.95023895,0.00173329,0.0,7.125e-05
2025-04-07 18:00:00+00:00,9950.5975,18.82080578,0.95314683,0.95066715,0.00222847,0.0,6.984e-05
2025-04-07 19:00:00+00:00,9725.755,18.85198697,0.95424408,0.95152094,0.00241211,0.0,8.634e-05
2025-04-07 20:00:00+00:00,9381.0325,18.84212048,0.9549572,0.95239303,0.00226276,0.0,8.729e-05
2025-04-07 21:00:00+00:00,9000.4375,18.72860442,0.95449539,0.95208701,0.00209208,0.0,9.428e-05
2025-04-07 22:00:00+00:00,8640.235,18.81830498,0.96331872,0.96070025,0.00225974,0.0,0.00011789
2025-04-07 23:00:00+00:00,8745.355,18.82603076,0.96441757,0.96199263,0.00208007,0.0,0.00011636
2025-04-08 00:00:00+00:00,8705.795,18.7717617,0.96527388,0.96308172,0.00185161,0.0,0.00011612
2025-04-08 01:00:00+00:00,8685.295,18.70373214,0.96579912,0.96372802,0.00174139,0.0,0.00011118
2025-04-08 02:00:00+00:00,8961.295,18.66760426,0.96338519,0.9612043,0.00190461,0.0,9.126e-05
2025-04-08 03:00:00+00:00,9403.91,18.83515813,0.95943848,0.95611701,0.00296104,0.0,0.00010926
2025-04-08 04:00:00+00:00,10083.2025,18.72849387,0.95630178,0.95312148,0.0028591,0.0,8.442e-05
2025-04-08 05:00:00+00:00,10754.0575,18.83054634,0.95556752,0.95288127,0.00246176,0.0,4.244e-05
2025-04-08 06:00:00+00:00,10767.155,19.05876054,0.95175947,0.9497714,0.00179277,0.0,4.724e-05
2025-04-08 07:00:00+00:00,10423.2775,19.54860023,0.9466151,0.94481567,0.00158154,0.0,5.64e-05
2025-04-08 08:00:00+00:00,10122.8825,19.59196342,0.9375317,0.93713579,0.00026635,0.0,3.002e-05
2025-04-08 09:00:00+00:00,9968.78,19.54231816,0.93542894,0.93524045,6.014e-05,0.0,2.482e-05
2025-04-08 10:00:00+00:00,9836.9075,19.36271416,0.93447805,0.93435006,0.0,0.0,1.673e-05
2025-04-08 11:00:00+00:00,9892.9825,18.94997327,0.93706187,0.93696692,0.0,0.0,7.86e-06
2025-04-08 12:00:00+00:00,9868.4,18.46978548,0.939238,0.9391489,0.0,0.0,7.69e-06
2025-04-08 13:00:00+00:00,9946.7525,18.14072637,0.94657197,0.94620257,0.00018845,0.0,4.218e-05
2025-04-08 14:00:00+00:00,9842.0225,17.78663343,0.95414219,0.95354079,0.0003872,1e-07,5.373e-05
2025-04-08 15:00:00+00:00,10012.55,17.56198292,0.95980025,0.95862908,0.0009121,9e-07,6.673e-05
2025-04-08 16:00:00+00:00,9970.235,17.20216557,0.96159272,0.95949942,0.00178263,1.3e-06,8.306e-05
2025-04-08 17:00:00+00:00,10211.0525,16.76535038,0.96380621,0.96166585,0.00188392,2.46e-06,6.764e-05
2025-04-08 18:00:00+00:00,10267.4625,16.39064798,0.96473745,0.96340305,0.00111241,1.71e-06,5.809e-05
2025-04-08 19:00:00+00:00,10017.23,16.09411576,0.96631786,0.96522026,0.00087859,0.0,5.434e-05
2025-04-08 20:00:00+00:00,9703.515,15.72805717,0.96680873,0.96604716,0.00056041,0.0,5.734e-05
2025-04-08 21:00:00+00:00,9158.6375,15.43790028,0.96489681,0.96434787,0.00034167,0.0,4.723e-05
2025-04-08 22:00:00+00:00,8864.2625,14.953233,0.96609606,0.9656589,0.00023473,9e-08,5.221e-05
2025-04-08 23:00:00+00:00,8847.17,15.71433943,0.96619815,0.96160854,0.00022095,0.0039986,6.123e-05
2025-04-09 00:00:00+00:00,8293.47,16.5565378,0.96578104,0.95737358,0.00017592,0.00767491,8.297e-05
2025-04-09 01:00:00+00:00,8319.6225,16.53333804,0.96591015,0.95745515,0.00019636,0.00770145,8.194e-05
2025-04-09 02:00:00+00:00,8406.0975,16.47210555,0.96621559,0.95787651,0.00022795,0.00755504,9.111e-05
2025-04-09 03:00:00+00:00,8581.8275,15.50718172,0.96661305,0.96206216,0.00024629,0.00394156,7.212e-05
2025-04-09 04:00:00+00:00,9398.2525,14.4972541,0.96787957,0.96745529,0.00023663,2.16e-06,4.4e-05
2025-04-09 05:00:00+00:00,10373.6525,14.99698275,0.96712073,0.96533589,0.00055266,0.00098966,4.779e-05
2025-04-09 06:00:00+00:00,10474.335,15.13990786,0.96472921,0.96391752,0.00059619,3.488e-05,4.873e-05
2025-04-09 07:00:00+00:00,10197.05,15.66097232,0.95927962,0.95825984,0.00031894,0.00048198,6.503e-05
2025-04-09 08:00:00+00:00,10188.76,16.83680391,0.95704175,0.95275615,9.036e-05,0.00387166,6.708e-05
2025-04-09 09:00:00+00:00,10130.4575,17.75878519,0.9531676,0.94640806,2.731e-05,0.00630818,4.101e-05
2025-04-09 10:00:00+00:00,9804.1075,17.81104997,0.95030701,0.94462883,0.0,0.00529408,3.391e-05
2025-04-09 11:00:00+00:00,9473.2975,16.85955568,0.95192348,0.94954803,0.0,0.00216658,1.877e-05
2025-04-09 12:00:00+00:00,9391.8025,17.50537635,0.95397965,0.94835762,0.0,0.00525644,3.363e-05
2025-04-09 13:00:00+00:00,9350.6125,17.50770946,0.95638568,0.94964469,9.09e-06,0.00628918,4.319e-05
2025-04-09 14:00:00+00:00,9281.215,16.91005544,0.95894196,0.95280309,0.0,0.00573558,3.938e-05
2025-04-09 15:00:00+00:00,9707.6775,16.46326008,0.96323751,0.95701779,0.00014091,0.00561517,6.064e-05
2025-04-09 16:00:00+00:00,10061.985,16.05865425,0.96562311,0.96026763,0.00017652,0.00474461,7.13e-05
2025-04-09 17:00:00+00:00,10461.2125,15.21475559,0.96827269,0.96586055,0.00024559,0.00185489,6.66e-05
2025-04-09 18:00:00+00:00,10916.0125,15.12210815,0.96953688,0.96899703,0.00035018,0.0,5.002e-05
2025-04-09 19:00:00+00:00,10700.385,15.7168486,0.96871386,0.96562157,0.00030609,0.00243648,6.877e-05
2025-04-09 20:00:00+00:00,10186.495,16.17364555,0.96805726,0.96264261,0.00018504,0.00478593,7.341e-05
2025-04-09 21:00:00+00:00,9600.6075,16.47638626,0.96350337,0.95715554,0.00019264,0.00564925,8.071e-05
2025-04-09 22:00:00+00:00,9326.0575,16.63692187,0.96605336,0.96015078,3.785e-05,0.00540879,8.048e-05
2025-04-09 23:00:00+00:00,9059.245,17.14265594,0.96567493,0.95890044,0.00012365,0.00613612,9.85e-05
2025-04-10 00:00:00+00:00,9065.8475,17.83621765,0.96523107,0.95781817,0.00015094,0.006436,0.00011333
2025-04-10 01:00:00+00:00,9034.0825,17.76948343,0.96537044,0.96040814,3.709e-05,0.00423842,0.0001103
2025-04-10 02:00:00+00:00,9299.305,17.41791913,0.9633291,0.96270595,4.061e-05,0.00026521,8.827e-05
2025-04-10 03:00:00+00:00,9736.6825,18.07736479,0.96156404,0.96109342,0.00017309,0.0,8.807e-05
2025-04-10 04:00:00+00:00,10442.005,18.29306419,0.95729148,0.95609228,0.00088303,2.23e-06,7.728e-05
2025-04-10 05:00:00+00:00,11053.635,18.20579516,0.954758,0.95305917,0.00144018,3.59e-06,5.828e-05
2025-04-10 06:00:00+00:00,10999.3425,17.99846954,0.95252555,0.95090715,0.00146805,1.38e-06,3.55e-05
2025-04-10 07:00:00+00:00,10638.565,17.84816397,0.95084027,0.94946832,0.00117217,1.57e-06,4.873e-05
2025-04-10 08:00:00+00:00,10376.905,17.32662651,0.95010661,0.94989901,6.82e-05,1.72e-06,2.676e-05
2025-04-10 09:00:00+00:00,10298.5525,17.18963537,0.95105709,0.95084719,4.199e-05,7.1e-07,2.808e-05
2025-04-10 10:00:00+00:00,10111.2775,17.07243995,0.95594497,0.95559241,1.703e-05,8.81e-06,6.616e-05
2025-04-10 11:00:00+00:00,9673.2775,17.1158247,0.95633763,0.95519612,5.17e-06,1.164e-05,7.043e-05
2025-04-10 12:00:00+00:00,10028.5525,16.21923311,0.95895374,0.95866197,9.4e-07,8.89e-06,7.93e-05
2025-04-10 13:00:00+00:00,10096.19,16.2204292,0.96141958,0.96037146,0.0,0.00066806,5.583e-05
2025-04-10 14:00:00+00:00,10133.77,15.54724992,0.96516382,0.96489475,9.78e-06,7.81e-06,7.467e-05
2025-04-10 15:00:00+00:00,10352.875,15.31985638,0.96906695,0.96879168,1.891e-05,7.93e-06,7.947e-05
2025-04-10 16:00:00+00:00,10487.1575,15.09723969,0.97012682,0.96976684,2.719e-05,1.067e-05,0.00010019
2025-04-10 17:00:00+00:00,10517.19,15.12467593,0.96968107,0.96935264,2.585e-05,9.56e-06,8.76e-05
2025-04-10 18:00:00+00:00,10413.75,14.83452386,0.96897127,0.96883364,8.93e-06,3.74e-06,3.298e-05
2025-04-10 19:00:00+00:00,9884.135,14.64396899,0.96878886,0.96874989,0.0,0.0,0.0
2025-04-10 20:00:00+00:00,9349.1425,14.45911437,0.96758665,0.96754595,0.0,0.0,0.0
2025-04-10 21:00:00+00:00,8822.0375,14.40367496,0.96659469,0.9665596,0.0,0.0,0.0
2025-04-10 22:00:00+00:00,8498.9625,14.54781111,0.96544098,0.96534987,0.0,2.51e-06,2.107e-05
2025-04-10 23:00:00+00:00,8306.5975,14.57709394,0.9647961,0.96465618,0.0,4.47e-06,3.802e-05
2025-04-11 00:00:00+00:00,8150.1875,14.60604758,0.96403792,0.96389418,0.0,4.48e-06,3.736e-05
2025-04-11 01:00:00+00:00,8141.645,14.81496791,0.96329083,0.96315809,0.0,3.67e-06,3.163e-05
2025-04-11 02:00:00+00:00,8140.11,15.46403145,0.96441459,0.96388128,2.72e-06,0.00028105,2.88e-05
2025-04-11 03:00:00+00:00,8527.5225,16.0209379,0.96376228,0.96283253,5.62e-06,0.00062219,3.207e-05
2025-04-11 04:00:00+00:00,9396.3125,16.76146719,0.9629822,0.9620342,1.737e-05,0.00059342,2.782e-05
2025-04-11 05:00:00+00:00,10116.0675,17.54530201,0.96035388,0.9592545,0.00013362,0.00056436,7.097e-05
2025-04-11 06:00:00+00:00,10193.68,18.70834744,0.95930532,0.95736418,0.00067567,0.00061007,0.00013784
2025-04-11 07:00:00+00:00,9903.695,19.38033603,0.95006314,0.94767797,0.00016366,0.0010685,0.00011199
2025-04-11 08:00:00+00:00,9636.2925,19.57468911,0.94507527,0.94380313,8.37e-06,0.00077202,3.121e-05
2025-04-11 09:00:00+00:00,9471.95,20.90521066,0.93998652,0.9368973,3.408e-05,0.00149149,5.843e-05
2025-04-11 10:00:00+00:00,9319.405,21.77087247,0.93152389,0.92731437,1.763e-05,0.00178076,9.008e-05
2025-04-11 11:00:00+00:00,9007.065,21.78822531,0.92934586,0.92464231,1.794e-05,0.0020414,0.00011147
2025-04-11 12:00:00+00:00,8849.9125,21.6926951,0.93295341,0.92802026,2.352e-05,0.00219017,0.00012243
2025-04-11 13:00:00+00:00,8911.2075,20.19802111,0.9429899,0.94077105,1.573e-05,0.00101459,6.891e-05
2025-04-11 14:00:00+00:00,8853.945,19.00798129,0.95182602,0.95158336,5.99e-06,3.984e-05,3.96e-05
2025-04-11 15:00:00+00:00,9284.235,18.99060548,0.95743187,0.95676424,1.835e-05,3.542e-05,0.00017171
2025-04-11 16:00:00+00:00,9525.0575,19.02005368,0.96262892,0.96161757,0.00045288,3.131e-05,0.00017642
2025-04-11 17:00:00+00:00,9317.31,18.59821507,0.96334642,0.96216347,0.00064708,3.028e-05,0.00016465
2025-04-11 18:00:00+00:00,9250.4875,18.06782379,0.96502256,0.9640988,0.00043959,2.778e-05,0.00015018
2025-04-11 19:00:00+00:00,8904.7025,17.37940198,0.96562397,0.96481757,0.00021561,3.237e-05,0.00019455
2025-04-11 20:00:00+00:00,8661.7575,16.89401322,0.96574154,0.96517218,3.153e-05,2.663e-05,0.00017457
2025-04-11 21:00:00+00:00,8239.8025,16.23568054,0.96561912,0.96507242,5.275e-05,2.056e-05,0.00014211
2025-04-11 22:00:00+00:00,7955.0375,15.53251498,0.96967657,0.96920539,4.42e-05,1.683e-05,0.0001329
2025-04-11 23:00:00+00:00,7785.555,15.23273924,0.96834338,0.96659164,4.993e-05,0.00124215,0.00015135
2025-04-12 00:00:00+00:00,7580.4425,15.49747281,0.96783624,0.96409891,0.0001035,0.00305986,0.00014688
2025-04-12 01:00:00+00:00,7540.3875,15.76122338,0.96952975,0.96454932,4.608e-05,0.00428729,0.00014956
2025-04-12 02:00:00+00:00,7518.7825,15.58301614,0.96821849,0.96326085,4.256e-05,0.00434531,0.00012465
2025-04-12 03:00:00+00:00,7736.34,15.42729348,0.96846265,0.96448865,4.454e-05,0.00333969,0.00014802
2025-04-12 04:00:00+00:00,7859.99,15.48026873,0.96674946,0.96320692,5.069e-05,0.00290837,0.00014133
2025-04-12 05:00:00+00:00,7978.49,15.76824703,0.96356524,0.95980626,5.883e-05,0.0030101,0.00016926
2025-04-12 06:00:00+00:00,8405.75,15.54607913,0.96053205,0.95856168,1.48e-05,0.00167091,5.742e-05
2025-04-12 07:00:00+00:00,8612.685,15.99504355,0.95449813,0.95338479,0.0,0.00088457,4.383e-05
2025-04-12 08:00:00+00:00,8442.755,16.69655034,0.95119733,0.94984747,0.0,0.00114921,2.738e-05
2025-04-12 09:00:00+00:00,8146.505,16.96950118,0.94570259,0.94544443,7.69e-06,2.96e-06,1.483e-05
2025-04-12 10:00:00+00:00,7939.32,17.83049153,0.93378018,0.93328262,2.121e-05,6.39e-06,3.476e-05
2025-04-12 11:00:00+00:00,7809.3525,17.78441371,0.92795509,0.92766975,1.154e-05,3.28e-06,1.901e-05
2025-04-12 12:00:00+00:00,7639.3075,17.63488316,0.9277377,0.92757477,3.99e-06,1.41e-06,7.84e-06
2025-04-12 13:00:00+00:00,7522.1375,17.34606936,0.9358614,0.93539183,2.309e-05,6.2e-06,5.092e-05
2025-04-12 14:00:00+00:00,7613.65,16.46837354,0.9487382,0.9483728,3.06e-06,4.99e-06,0.00010076
2025-04-12 15:00:00+00:00,8081.165,16.53316399,0.96067651,0.96060873,0.0,4.1e-07,8.55e-06
2025-04-12 16:00:00+00:00,8377.065,17.14486244,0.96569991,0.96502202,0.00019274,7.6e-06,0.00015454
2025-04-12 17:00:00+00:00,8490.0525,17.00563746,0.96837015,0.9677189,0.00017188,8.42e-06,0.00014871
2025-04-12 18:00:00+00:00,8728.865,17.17245394,0.96991819,0.96923639,0.00024142,8.42e-06,0.00013281
2025-04-12 19:00:00+00:00,8659.2575,17.06761966,0.96973048,0.96912617,0.00023352,6.37e-06,0.00010786
2025-04-12 20:00:00+00:00,8491.1675,16.93412901,0.96930448,0.96877769,0.00021039,5.26e-06,8.91e-05
2025-04-12 21:00:00+00:00,8266.65,16.83837947,0.96768644,0.96716562,0.00014813,6.71e-06,0.000113
2025-04-12 22:00:00+00:00,8117.015,16.77913379,0.96985569,0.96941416,0.00015731,5e-06,8.503e-05
2025-04-12 23:00:00+00:00,8035.335,16.75125407,0.96935986,0.96776734,0.00013285,0.00108781,0.00010137
2025-04-13 00:00:00+00:00,7969.9575,16.33369456,0.96993986,0.96852365,0.0,0.00123664,3.689e-05
2025-04-13 01:00:00+00:00,7951.09,16.15730675,0.96851309,0.96767141,0.0,0.00073077,1.626e-05
2025-04-13 02:00:00+00:00,8006.5525,16.41982951,0.96888395,0.96687957,0.0,0.00186506,9.71e-06
2025-04-13 03:00:00+00:00,7955.29,16.29654416,0.96835646,0.96686921,0.0,0.00131203,2.982e-05
2025-04-13 04:00:00+00:00,7660.0575,16.14583701,0.96574796,0.96552148,3.9e-07,3.77e-06,6.616e-05
2025-04-13 05:00:00+00:00,7544.3725,16.59520803,0.96136102,0.9610759,1.62e-06,4.55e-06,7.98e-05
2025-04-13 06:00:00+00:00,7650.235,17.00603393,0.95941055,0.9593646,0.0,0.0,0.0
2025-04-13 07:00:00+00:00,7712.215,17.62300358,0.95116227,0.95106193,0.0,1.07e-06,1.838e-05
2025-04-13 08:00:00+00:00,7604.3375,17.83027385,0.94221068,0.9421069,0.0,8.1e-07,1.216e-05
2025-04-13 09:00:00+00:00,7526.3725,17.95014539,0.94110211,0.94101614,0.0,0.0,0.0
2025-04-13 10:00:00+00:00,7429.4425,17.85121832,0.94006082,0.93997369,0.0,0.0,0.0
2025-04-13 11:00:00+00:00,7423.3225,17.61889137,0.94188916,0.94181259,0.0,0.0,0.0
2025-04-13 12:00:00+00:00,7373.64,17.10110853,0.94544093,0.94537538,0.0,0.0,0.0
2025-04-13 13:00:00+00:00,7359.6925,16.82005641,0.95390682,0.95360672,0.0,4.36e-06,7.821e-05
2025-04-13 14:00:00+00:00,7739.4125,16.56737753,0.96200171,0.96172538,0.0,3.99e-06,6.844e-05
2025-04-13 15:00:00+00:00,8458.51,16.11046494,0.96761853,0.96756768,0.0,0.0,0.0
2025-04-13 16:00:00+00:00,8619.835,16.15648163,0.96937793,0.96909334,1.61e-06,4.22e-06,6.977e-05
2025-04-13 17:00:00+00:00,8930.35,15.82688236,0.97194728,0.97179785,0.0,1.91e-06,3.198e-05
2025-04-13 18:00:00+00:00,8978.5225,15.75554173,0.97114777,0.97086135,1.03e-06,2.985e-05,7.051e-05
2025-04-13 19:00:00+00:00,8791.155,15.4355764,0.97067314,0.97046055,0.0,0.00017316,1.31e-06
2025-04-13 20:00:00+00:00,8472.325,15.18971268,0.96970497,0.96967002,0.0,0.0,0.0
2025-04-13 21:00:00+00:00,8039.3725,15.45673691,0.96909126,0.96768304,0.0,0.00132519,1.005e-05
2025-04-13 22:00:00+00:00,7830.095,15.50591238,0.97000032,0.96741191,0.0,0.00246414,1.852e-05
2025-04-13 23:00:00+00:00,7681.38,15.44845095,0.97085115,0.96838595,0.0,0.00235326,1.73e-05
2025-04-14 00:00:00+00:00,7818.645,15.6301886,0.97104703,0.96777352,0.0,0.00313511,2.305e-05
2025-04-14 01:00:00+00:00,7714.575,15.5164486,0.97172127,0.96912042,0.0,0.00248416,1.684e-05
2025-04-14 02:00:00+00:00,7770.8975,15.43302063,0.97144794,0.96909977,0.0,0.00224177,1.68e-05
2025-04-14 03:00:00+00:00,8026.64,15.62417369,0.97051439,0.96827268,0.0,0.00199562,7.048e-05
2025-04-14 04:00:00+00:00,8819.1025,15.6442037,0.97044902,0.96996776,3.356e-05,7.83e-06,0.0001372
2025-04-14 05:00:00+00:00,9430.1675,16.57438168,0.96622501,0.96309416,0.00065742,0.00181151,0.00021456
2025-04-14 06:00:00+00:00,9778.885,16.90102794,0.9640361,0.96078254,0.00069392,0.0019838,0.00019021
2025-04-14 07:00:00+00:00,9844.1625,16.70969013,0.96036952,0.95976206,0.00010743,9e-06,0.00015686
2025-04-14 08:00:00+00:00,9676.25,17.2400751,0.95700054,0.95486277,5.05e-06,0.00166818,0.00012561
2025-04-14 09:00:00+00:00,9335.08,17.83878413,0.95504325,0.95149422,9.1e-07,0.00318219,0.00010136
2025-04-14 10:00:00+00:00,9096.9225,17.89706927,0.95323506,0.9498651,2.81e-06,0.00286199,0.00012999
2025-04-14 11:00:00+00:00,9025.8525,18.21222293,0.95364684,0.94877331,3.02e-06,0.00435543,0.00013279
2025-04-14 12:00:00+00:00,9029.9075,18.12581123,0.95536158,0.94970561,3.5e-07,0.00525668,6.964e-05
2025-04-14 13:00:00+00:00,8928.99,17.33467276,0.95915076,0.95617667,0.0,0.00272646,4.664e-05
2025-04-14 14:00:00+00:00,8951.405,16.65618886,0.96102997,0.9606473,4.61e-06,6.47e-06,0.00010125
2025-04-14 15:00:00+00:00,9237.435,16.81429995,0.96142982,0.95985876,0.00015983,0.00085164,0.00015116
2025-04-14 16:00:00+00:00,9329.76,17.63218647,0.9624122,0.95698275,0.00043808,0.00428406,0.00016944
2025-04-14 17:00:00+00:00,9345.42,18.04652814,0.96507635,0.95795149,0.00064046,0.00574028,0.00020024
2025-04-14 18:00:00+00:00,9467.08,18.10245038,0.96476346,0.95750616,0.00064374,0.00589945,0.00022438
2025-04-14 19:00:00+00:00,9252.6925,17.90994758,0.96520698,0.95876721,0.00064683,0.00506028,0.00017991
2025-04-14 20:00:00+00:00,8808.5375,17.70773145,0.96465318,0.95879236,0.00054437,0.00462365,0.00015804
2025-04-14 21:00:00+00:00,8591.6225,17.58966575,0.96481984,0.95991687,0.00066369,0.00344336,0.0001859
2025-04-14 22:00:00+00:00,8214.825,17.6608045,0.96503952,0.96017559,0.00049754,0.00370046,0.00014656
2025-04-14 23:00:00+00:00,8238.9775,17.51253642,0.96694526,0.96268194,0.00052481,0.00318594,0.00012243
2025-04-15 00:00:00+00:00,8243.765,17.70837459,0.96623539,0.96146294,0.00051082,0.00363815,0.00014382
2025-04-15 01:00:00+00:00,8334.6575,17.53951688,0.9658614,0.96165917,0.00045757,0.00306997,0.00016342
2025-04-15 02:00:00+00:00,8357.3125,17.17425031,0.96443061,0.96148869,0.00024876,0.00210642,0.00013956
2025-04-15 03:00:00+00:00,8661.88,16.81750788,0.96482659,0.96398292,0.00014866,2.14e-05,0.00017989
2025-04-15 04:00:00+00:00,9241.775,16.99326515,0.96115552,0.9602505,0.00021822,0.00033203,9.114e-05
2025-04-15 05:00:00+00:00,9600.6175,17.19428519,0.96078446,0.9604681,0.00021352,1.44e-06,1.109e-05
2025-04-15 06:00:00+00:00,9543.495,17.88645277,0.95747502,0.95667247,6.505e-05,0.00035686,1.418e-05
2025-04-15 07:00:00+00:00,9377.995,19.09918262,0.95558114,0.95454098,7.61e-06,0.00045743,1.469e-05
2025-04-15 08:00:00+00:00,9163.775,19.6784426,0.95090904,0.94944128,2.91e-06,0.00076253,1.507e-05
2025-04-15 09:00:00+00:00,8897.8925,19.95100311,0.94564409,0.94370293,6.77e-06,0.00095503,1.976e-05
2025-04-15 10:00:00+00:00,8885.705,19.40096849,0.94298518,0.94218202,1.62e-06,0.00032218,1.24e-05
2025-04-15 11:00:00+00:00,8692.33,18.87390858,0.94524934,0.94510125,3e-07,3.325e-05,7.64e-06
2025-04-15 12:00:00+00:00,8627.3875,18.5988747,0.94985917,0.9497834,0.0,1.12e-06,5.9e-06
2025-04-15 13:00:00+00:00,8720.865,18.20135923,0.95551637,0.95543887,0.0,1.26e-06,9.48e-06
2025-04-15 14:00:00+00:00,8773.075,17.70298813,0.95867896,0.95859782,0.0,1.43e-06,1.036e-05
2025-04-15 15:00:00+00:00,9025.24,17.31477154,0.96359626,0.96352041,0.0,1.61e-06,1.061e-05
2025-04-15 16:00:00+00:00,9191.3175,16.7588954,0.96746635,0.96739037,0.0,1.7e-06,1.145e-05
2025-04-15 17:00:00+00:00,9370.4025,16.34310034,0.96979703,0.96969178,5.15e-06,2.81e-06,1.59e-05
2025-04-15 18:00:00+00:00,9297.4225,15.88296258,0.96950508,0.96943487,0.0,1.76e-06,9.89e-06
2025-04-15 19:00:00+00:00,9032.3225,15.56885284,0.97081001,0.97074622,0.0,1.65e-06,1.01e-05
2025-04-15 20:00:00+00:00,8398.5325,15.30995284,0.96951124,0.96944532,0.0,1.62e-06,1.119e-05
2025-04-15 21:00:00+00:00,8032.4375,15.07084593,0.96791624,0.96785167,0.0,1.51e-06,1.045e-05
2025-04-15 22:00:00+00:00,7996.065,15.05757888,0.97140094,0.97136469,0.0,0.0,0.0
2025-04-15 23:00:00+00:00,7841.28,15.21569301,0.9729935,0.97295789,0.0,0.0,0.0
2025-04-16 00:00:00+00:00,7703.06,15.41642604,0.97380241,0.97376773,0.0,0.0,0.0
2025-04-16 01:00:00+00:00,7579.3575,15.49755691,0.97299447,0.97292645,0.0,1.18e-06,9.62e-06
2025-04-16 02:00:00+00:00,7569.2175,15.47990034,0.9725597,0.97252915,0.0,0.0,0.0
2025-04-16 03:00:00+00:00,7827.885,15.73358418,0.97278272,0.97274571,0.0,0.0,0.0
2025-04-16 04:00:00+00:00,8536.2375,15.86156575,0.97123336,0.97119663,0.0,0.0,0.0
2025-04-16 05:00:00+00:00,9364.23,16.88103339,0.97061943,0.97015997,0.00019336,6.74e-06,5.234e-05
2025-04-16 06:00:00+00:00,9703.3575,17.54386059,0.96993039,0.969414,0.00022615,9.46e-06,7.652e-05
2025-04-16 07:00:00+00:00,9700.635,18.00356778,0.96524683,0.96491662,0.00010072,7.46e-06,8.978e-05
2025-04-16 08:00:00+00:00,9603.3375,18.30058104,0.96191778,0.96167907,2.403e-05,6.12e-06,4.136e-05
2025-04-16 09:00:00+00:00,9557.58,18.46829209,0.96044107,0.96032617,3.33e-06,1.86e-06,1.315e-05
2025-04-16 10:00:00+00:00,9378.44,18.32266889,0.96025338,0.9601623,0.0,1.5e-06,1.075e-05
2025-04-16 11:00:00+00:00,9306.48,18.04937666,0.96205839,0.96200458,0.0,0.0,0.0
2025-04-16 12:00:00+00:00,9282.885,17.74748942,0.96227754,0.96222917,0.0,0.0,0.0
2025-04-16 13:00:00+00:00,9352.47,17.63143545,0.96481648,0.96454051,5.758e-05,6.36e-06,4.343e-05
2025-04-16 14:00:00+00:00,9377.3575,17.85225426,0.96825947,0.96769244,0.00021957,1.077e-05,7.641e-05
2025-04-16 15:00:00+00:00,9527.405,18.13884308,0.96750879,0.96616763,0.00053269,2.851e-05,0.00020145
2025-04-16 16:00:00+00:00,9517.15,18.02795257,0.96927944,0.96758211,0.00087329,3.163e-05,0.00020035
2025-04-16 17:00:00+00:00,9438.475,17.77404348,0.96977157,0.9679166,0.00110518,2.826e-05,0.00018755
2025-04-16 18:00:00+00:00,9452.6625,17.88483943,0.97036905,0.96847661,0.0011031,2.827e-05,0.00018624
2025-04-16 19:00:00+00:00,9198.3125,17.5128434,0.97139365,0.97047807,0.00025968,2.437e-05,0.00016173
2025-04-16 20:00:00+00:00,8753.2175,17.51107579,0.97211786,0.97122203,0.00025308,2.258e-05,0.00015483
2025-04-16 21:00:00+00:00,8294.48,17.28340515,0.97095261,0.97017823,0.00017068,2.142e-05,0.00015385
2025-04-16 22:00:00+00:00,7957.865,16.92406815,0.96821105,0.96748733,6.573e-05,2.452e-05,0.00016148
2025-04-16 23:00:00+00:00,7759.1925,16.83703777,0.96715733,0.96649261,3.86e-05,2.27e-05,0.00016242
2025-04-17 00:00:00+00:00,7747.7825,16.98297559,0.9679252,0.96718348,5.347e-05,2.49e-05,0.00017901
2025-04-17 01:00:00+00:00,7671.545,17.01270762,0.96949733,0.96895619,5.18e-06,1.952e-05,0.00013093
2025-04-17 02:00:00+00:00,7824.165,17.36573001,0.97024395,0.9695415,3.973e-05,2.469e-05,0.00016765
2025-04-17 03:00:00+00:00,8038.84,17.79684123,0.97160459,0.97067458,0.00010096,3.071e-05,0.00019616
2025-04-17 04:00:00+00:00,8601.0925,18.24137389,0.97061976,0.96957915,0.00021359,3.156e-05,0.00019101
2025-04-17 05:00:00+00:00,9254.045,18.70409693,0.96969993,0.96850014,0.00028096,3.722e-05,0.00020671
2025-04-17 06:00:00+00:00,9522.2925,18.9939456,0.96795989,0.96685181,0.00027029,3.612e-05,0.00020219
2025-04-17 07:00:00+00:00,9498.325,19.22561828,0.96372107,0.96285311,0.00029332,2.36e-05,0.00015824
2025-04-17 08:00:00+00:00,9605.525,19.44374105,0.95944021,0.95891571,5.033e-05,1.912e-05,0.00012049
2025-04-17 09:00:00+00:00,9569.0075,19.32707515,0.9577886,0.95771249,0.0,0.0,0.0
2025-04-17 10:00:00+00:00,9524.4475,19.42958214,0.95683329,0.95657965,0.0,8.7e-06,5.408e-05
2025-04-17 11:00:00+00:00,9250.475,19.09070563,0.95604389,0.95598086,0.0,0.0,0.0
2025-04-17 12:00:00+00:00,8956.13,18.91226358,0.9566612,0.95660493,0.0,0.0,0.0
2025-04-17 13:00:00+00:00,8703.3025,18.69437914,0.9593083,0.95925259,0.0,0.0,0.0
2025-04-17 14:00:00+00:00,8574.1025,18.32881472,0.96328784,0.96323877,0.0,0.0,0.0
2025-04-17 15:00:00+00:00,8771.97,18.03770069,0.96820216,0.96800863,7.266e-05,2.48e-06,1.629e-05
2025-04-17 16:00:00+00:00,8864.4275,17.73608977,0.97069888,0.97031025,0.00011541,9.12e-06,5.942e-05
2025-04-17 17:00:00+00:00,8928.7,17.28178086,0.97243018,0.97193404,0.00011514,1.359e-05,8.477e-05
2025-04-17 18:00:00+00:00,8751.52,16.73912746,0.97282739,0.97234859,0.00012171,1.188e-05,8.454e-05
2025-04-17 19:00:00+00:00,8339.99,16.32605686,0.97207658,0.97167181,9.093e-05,1.034e-05,7.572e-05
2025-04-17 20:00:00+00:00,8048.63,15.94023501,0.97143892,0.97122333,2.12e-05,5.95e-06,4.546e-05
2025-04-17 21:00:00+00:00,7749.095,15.91493363,0.97396929,0.97385332,0.0,3.13e-06,2.379e-05
2025-04-17 22:00:00+00:00,7577.7925,16.02018247,0.97344243,0.97329579,0.0,4.23e-06,3.334e-05
2025-04-17 23:00:00+00:00,7398.5375,16.13870768,0.97343893,0.97317387,0.0,8.47e-06,5.782e-05
2025-04-18 00:00:00+00:00,7223.1425,16.21625545,0.97180937,0.97151963,0.0,9.44e-06,7.596e-05
2025-04-18 01:00:00+00:00,7174.4725,16.32990157,0.9703047,0.97008892,0.0,6.74e-06,4.837e-05
2025-04-18 02:00:00+00:00,7171.0925,16.3862843,0.9702871,0.97016359,0.0,3.3e-06,2.519e-05
2025-04-18 03:00:00+00:00,7211.8675,16.70079964,0.96932989,0.96894025,1.249e-05,1.233e-05,0.0001058
2025-04-18 04:00:00+00:00,7292.065,16.87932238,0.96850303,0.96813063,2.48e-05,1.103e-05,9.375e-05
2025-04-18 05:00:00+00:00,7638.835,17.57655141,0.96828883,0.96765309,8.911e-05,1.765e-05,0.00014398
2025-04-18 06:00:00+00:00,7994.0725,18.27348794,0.96674147,0.96587935,0.00015266,2.311e-05,0.00019245
2025-04-18 07:00:00+00:00,8256.615,18.46442482,0.96225492,0.96163702,9.994e-05,1.645e-05,0.00014022
2025-04-18 08:00:00+00:00,8459.97,18.51120913,0.95740325,0.95711753,7.22e-06,7.02e-06,5.899e-05
2025-04-18 09:00:00+00:00,8520.9675,18.81323027,0.95586583,0.95561571,0.0,6.22e-06,4.769e-05
2025-04-18 10:00:00+00:00,8628.2825,19.01076425,0.95468389,0.95445669,0.0,6.38e-06,4.92e-05
2025-04-18 11:00:00+00:00,8550.83,19.12784971,0.95368236,0.95335619,3.09e-06,1.028e-05,7.491e-05
2025-04-18 12:00:00+00:00,8389.07,19.12032127,0.95657861,0.9562905,2.07e-06,9.36e-06,6.861e-05
2025-04-18 13:00:00+00:00,8322.7925,19.00833931,0.95968859,0.95931272,1.538e-05,1.213e-05,9.006e-05
2025-04-18 14:00:00+00:00,8288.6525,18.90646128,0.96205693,0.96138153,4.303e-05,2.292e-05,0.00017471
2025-04-18 15:00:00+00:00,8289.625,18.90371723,0.96640187,0.96548873,0.00012496,2.905e-05,0.00021161
2025-04-18 16:00:00+00:00,8408.31,18.94348051,0.97037378,0.96927373,0.0002025,3.532e-05,0.00024124
2025-04-18 17:00:00+00:00,8255.6675,18.84801726,0.97009255,0.96889411,0.0002505,3.764e-05,0.00024679
2025-04-18 18:00:00+00:00,8258.695,18.51737606,0.96946099,0.96837523,0.00021252,3.555e-05,0.00022962
2025-04-18 19:00:00+00:00,8050.225,18.17383,0.96913302,0.96829412,0.00015016,2.851e-05,0.000181
2025-04-18 20:00:00+00:00,7737.4925,18.00261863,0.97054144,0.96972445,0.00012281,2.954e-05,0.00019308
2025-04-18 21:00:00+00:00,7407.355,17.69240311,0.9693451,0.96855128,4.613e-05,3.251e-05,0.00021153
2025-04-18 22:00:00+00:00,6968.2575,17.60820886,0.96911425,0.96845127,3.3e-05,2.568e-05,0.00017715
2025-04-18 23:00:00+00:00,6775.21,17.41999125,0.96907555,0.96839019,2.748e-05,2.611e-05,0.0001813
2025-04-19 00:00:00+00:00,6745.0625,17.22888048,0.96961127,0.96891977,2.614e-05,2.584e-05,0.00019192
2025-04-19 01:00:00+00:00,6710.5025,17.00611387,0.96954196,0.96894731,1.944e-05,2.168e-05,0.00015471
2025-04-19 02:00:00+00:00,6676.485,16.7824698,0.97024544,0.96976133,6.73e-06,1.769e-05,0.00013244
2025-04-19 03:00:00+00:00,6601.955,16.61714693,0.96872986,0.96822114,5.59e-06,1.862e-05,0.00012823
2025-04-19 04:00:00+00:00,6602.5875,16.54946209,0.96939238,0.9689768,0.0,1.576e-05,0.00010607
2025-04-19 05:00:00+00:00,6992.1025,16.72279823,0.9690104,0.96853088,7.34e-06,1.811e-05,0.00012465
2025-04-19 06:00:00+00:00,7521.67,16.96791847,0.96816869,0.96788089,0.0,1.067e-05,6.957e-05
2025-04-19 07:00:00+00:00,7897.125,17.19045552,0.96744343,0.96725388,0.0,6.48e-06,4.511e-05
2025-04-19 08:00:00+00:00,8103.755,17.15964967,0.96654014,0.96646459,0.0,0.0,0.0
2025-04-19 09:00:00+00:00,8385.96,16.88215812,0.96381084,0.96365352,0.0,3.29e-06,2.352e-05
2025-04-19 10:00:00+00:00,8378.24,16.60842062,0.95861503,0.95738287,2.611e-05,0.00035974,0.00014552
2025-04-19 11:00:00+00:00,8186.7675,16.05040617,0.95874315,0.95800029,4.243e-05,2.477e-05,0.0001856
2025-04-19 12:00:00+00:00,8149.4175,16.89238106,0.9578764,0.95560586,3.974e-05,0.00081457,0.00019643
2025-04-19 13:00:00+00:00,8268.13,16.20514467,0.9643729,0.9639003,5.41e-06,1.75e-05,5.482e-05
2025-04-19 14:00:00+00:00,8432.105,16.61190172,0.96904891,0.96891095,1e-08,4.22e-06,1.088e-05
2025-04-19 15:00:00+00:00,8518.2225,16.72970867,0.97061279,0.97045391,2e-08,5.43e-06,1.369e-05
2025-04-19 16:00:00+00:00,8461.0,16.62934204,0.97047683,0.97023061,2e-08,9.28e-06,2.381e-05
2025-04-19 17:00:00+00:00,8392.755,16.48090538,0.969855,0.96964027,0.0,7.73e-06,1.61e-05
2025-04-19 18:00:00+00:00,8263.9375,16.38624057,0.97097922,0.97060894,1.39e-06,1.408e-05,3.094e-05
2025-04-19 19:00:00+00:00,8129.295,16.21106029,0.97111999,0.97088466,0.0,8.5e-06,1.987e-05
2025-04-19 20:00:00+00:00,8139.07,16.0312562,0.97172432,0.97159544,0.0,3.85e-06,1.195e-05
2025-04-19 21:00:00+00:00,7973.21,15.83861395,0.97056258,0.97042694,0.0,4.12e-06,1.215e-05
2025-04-19 22:00:00+00:00,7562.7175,15.73922044,0.96969272,0.96961946,0.0,1.83e-06,1.062e-05
2025-04-19 23:00:00+00:00,7500.315,15.52744775,0.96942942,0.969326,0.0,2.94e-06,1.776e-05
2025-04-20 00:00:00+00:00,7450.5675,15.58044654,0.9693909,0.96925698,0.0,4.1e-06,2.51e-05
2025-04-20 01:00:00+00:00,7370.945,15.64035162,0.96906247,0.96893497,0.0,3.64e-06,2.358e-05
2025-04-20 02:00:00+00:00,7260.8225,15.80772025,0.96975406,0.96962663,0.0,3.67e-06,2.316e-05
2025-04-20 03:00:00+00:00,7360.315,16.0072999,0.97105506,0.97090914,0.0,4.37e-06,2.887e-05
2025-04-20 04:00:00+00:00,7438.12,16.34524509,0.97203761,0.97193955,0.0,2.32e-06,1.457e-05
2025-04-20 05:00:00+00:00,7680.2325,16.6990026,0.97118655,0.97098766,0.0,6.19e-06,3.454e-05
2025-04-20 06:00:00+00:00,8087.0725,17.06265836,0.97118362,0.97102404,0.0,4.7e-06,2.969e-05
2025-04-20 07:00:00+00:00,8458.5025,16.97428475,0.97024388,0.97012427,0.0,2.65e-06,1.741e-05
2025-04-20 08:00:00+00:00,8757.5325,16.68194566,0.96653893,0.96618096,0.0,1.133e-05,7.429e-05
2025-04-20 09:00:00+00:00,8916.56,17.67590838,0.96089943,0.95824263,4.451e-05,0.00105293,0.00016049
2025-04-20 10:00:00+00:00,8958.7475,16.94881565,0.96288211,0.96210616,4.814e-05,2.431e-05,0.00016889
2025-04-20 11:00:00+00:00,8924.3825,18.06106395,0.95938419,0.95645804,4.276e-05,0.00115085,0.00018794
2025-04-20 12:00:00+00:00,8869.325,18.79744879,0.9577291,0.95332784,4.046e-05,0.00196011,0.00021534
2025-04-20 13:00:00+00:00,8758.5975,18.04818965,0.9624443,0.95981705,3.73e-06,0.0012692,7.919e-05
2025-04-20 14:00:00+00:00,8787.06,17.35500545,0.96777049,0.9677198,0.0,0.0,0.0
2025-04-20 15:00:00+00:00,8963.73,17.75634404,0.9663622,0.96594195,4.838e-05,1.176e-05,0.00010038
2025-04-20 16:00:00+00:00,9061.7025,18.21855019,0.96885693,0.96809362,0.00019917,1.731e-05,0.00013236
2025-04-20 17:00:00+00:00,9039.615,18.07093816,0.96944566,0.96870346,0.0001969,1.544e-05,0.00012251
2025-04-20 18:00:00+00:00,9124.4425,18.09256109,0.97050871,0.9698101,0.00019868,1.488e-05,0.00012224
2025-04-20 19:00:00+00:00,9092.215,18.00067241,0.97052088,0.96997387,0.00015664,1.109e-05,9.411e-05
2025-04-20 20:00:00+00:00,8742.4975,17.58701778,0.96970226,0.96936773,7.176e-05,8.23e-06,6.79e-05
2025-04-20 21:00:00+00:00,8360.76,17.35708439,0.96775112,0.96725569,7.945e-05,1.361e-05,0.00011628
2025-04-20 22:00:00+00:00,8225.4525,17.6579138,0.96888484,0.96823977,5.836e-05,2.081e-05,0.00018305
2025-04-20 23:00:00+00:00,8131.735,17.88146106,0.97022519,0.96931783,0.00012717,2.732e-05,0.00023648
2025-04-21 00:00:00+00:00,7993.5325,17.69393506,0.96984199,0.96895987,0.00010544,2.751e-05,0.00024075
2025-04-21 01:00:00+00:00,7884.1275,17.48117408,0.96925011,0.96861033,3.525e-05,2.128e-05,0.00018327
2025-04-21 02:00:00+00:00,7876.835,17.60073981,0.97013018,0.969493,4.314e-05,2.126e-05,0.00018473
2025-04-21 03:00:00+00:00,7826.1925,17.54528665,0.97069019,0.96990842,8.252e-05,2.498e-05,0.0002178
2025-04-21 04:00:00+00:00,7995.1125,17.57637351,0.96905849,0.96814489,0.00010264,3.045e-05,0.00024511
2025-04-21 05:00:00+00:00,8206.255,17.7652707,0.96728162,0.96629501,8.709e-05,3.745e-05,0.00027049
2025-04-21 06:00:00+00:00,8605.365,18.04529935,0.96578162,0.96498824,5.56e-05,3.019e-05,0.00022614
2025-04-21 07:00:00+00:00,8996.7875,18.28069147,0.96363292,0.9628698,0.0001209,2.503e-05,0.00019011
2025-04-21 08:00:00+00:00,9294.0275,18.47862184,0.9638547,0.96322479,9.117e-05,2.043e-05,0.00016059
2025-04-21 09:00:00+00:00,9352.63,18.36720202,0.96305177,0.9626366,2.999e-05,1.351e-05,0.00011023
2025-04-21 10:00:00+00:00,9319.7475,19.75589635,0.95871111,0.95510757,3.076e-05,0.00215758,0.00010264
2025-04-21 11:00:00+00:00,9446.9525,19.53391344,0.95848837,0.95524161,2.861e-05,0.00191906,0.00010962
2025-04-21 12:00:00+00:00,9502.755,19.20277993,0.95887168,0.95620676,1.607e-05,0.00161422,9.739e-05
2025-04-21 13:00:00+00:00,9301.995,18.14151145,0.96148804,0.96119379,0.0,9.99e-06,7.13e-05
2025-04-21 14:00:00+00:00,9358.6175,18.27827295,0.96541699,0.96495218,4.615e-05,1.539e-05,0.00010998
2025-04-21 15:00:00+00:00,9561.7225,18.5371101,0.96491882,0.96364273,0.00047655,3.015e-05,0.00019553
2025-04-21 16:00:00+00:00,9613.34,18.47999879,0.96599263,0.964092,0.00099131,3.527e-05,0.00022993
2025-04-21 17:00:00+00:00,9590.7725,18.03612724,0.96735069,0.96609491,0.00047798,2.95e-05,0.00019774
2025-04-21 18:00:00+00:00,9552.0525,17.81830895,0.96824451,0.96717251,0.00032469,2.874e-05,0.00018298
2025-04-21 19:00:00+00:00,9283.465,17.36975588,0.96991155,0.968987,0.00025012,2.684e-05,0.0001748
2025-04-21 20:00:00+00:00,8901.2875,17.02985039,0.96894581,0.96832097,0.00012458,1.98e-05,0.0001397
2025-04-21 21:00:00+00:00,8512.4725,16.99797446,0.96946798,0.96885596,9.86e-05,1.924e-05,0.00014243
2025-04-21 22:00:00+00:00,8289.045,17.04378258,0.96865321,0.96794263,0.00014195,2.115e-05,0.00015837
2025-04-21 23:00:00+00:00,8023.975,17.22482879,0.96725405,0.966574,0.00015179,1.939e-05,0.00014206
2025-04-22 00:00:00+00:00,7932.6725,17.43863145,0.96642918,0.9655652,0.00020955,2.438e-05,0.00018745
2025-04-22 01:00:00+00:00,7881.425,17.63817916,0.96413483,0.96320271,0.00022596,2.771e-05,0.0001484
2025-04-22 02:00:00+00:00,7954.8125,17.77968912,0.96482061,0.9641472,0.00015073,2.228e-05,0.0001365
2025-04-22 03:00:00+00:00,8293.7825,18.00666187,0.96041443,0.959708,0.00022639,2.037e-05,0.000106
2025-04-22 04:00:00+00:00,9102.4675,18.51137708,0.95708331,0.95549794,0.00107424,2.91e-05,0.00016676
2025-04-22 05:00:00+00:00,9860.0825,18.69150498,0.95686256,0.95489737,0.00162556,2.146e-05,0.0001048
2025-04-22 06:00:00+00:00,10041.4675,19.92806458,0.95212194,0.94832769,0.00037876,0.00131063,4.304e-05
2025-04-22 07:00:00+00:00,10447.355,21.22952827,0.95032503,0.94473926,0.00058904,0.00182819,8.274e-05
2025-04-22 08:00:00+00:00,10467.6875,19.39161684,0.94983631,0.94842427,6.971e-05,0.00057709,8.84e-05
2025-04-22 09:00:00+00:00,10552.1125,18.84574722,0.94876046,0.9486061,0.0,1.471e-05,7.091e-05
2025-04-22 10:00:00+00:00,10446.9425,18.87388462,0.9488006,0.94861987,0.0,1.58e-05,8.241e-05
2025-04-22 11:00:00+00:00,10330.57,19.17856148,0.9516402,0.95052273,0.00080074,2.794e-05,0.00016142
2025-04-22 12:00:00+00:00,10112.805,19.12013696,0.9511698,0.94988074,0.00099261,2.69e-05,0.0001559
2025-04-22 13:00:00+00:00,10034.68,19.11932242,0.95283871,0.95101944,0.00148909,2.948e-05,0.00018451
2025-04-22 14:00:00+00:00,10081.97,18.99586674,0.95362491,0.95221244,0.00108853,3.065e-05,0.00019893
2025-04-22 15:00:00+00:00,10117.9125,19.06548748,0.95554197,0.95378546,0.00136141,3.496e-05,0.00019841
2025-04-22 16:00:00+00:00,10072.8575,19.0220413,0.95646052,0.95489777,0.00117362,3.622e-05,0.00021337
2025-04-22 17:00:00+00:00,9915.0025,18.82535132,0.95624088,0.95462154,0.00127868,3.076e-05,0.00017429
2025-04-22 18:00:00+00:00,9719.6625,18.52963544,0.95480003,0.95421348,1.448e-05,0.00012428,5.455e-05
2025-04-22 19:00:00+00:00,9529.65,18.23704049,0.95499521,0.95483234,2.083e-05,1.191e-05,9.013e-05
2025-04-22 20:00:00+00:00,9200.8425,18.30993877,0.95592992,0.95548914,0.000232,2.015e-05,0.00013406
2025-04-22 21:00:00+00:00,8611.6125,18.25278441,0.95665579,0.95604634,0.00040688,1.712e-05,0.00010012
2025-04-22 22:00:00+00:00,8215.955,18.05045501,0.95523089,0.95486838,9.176e-05,2.908e-05,0.0001843
2025-04-22 23:00:00+00:00,8185.99,17.85443645,0.95433998,0.95409028,4.246e-05,2.327e-05,0.00014142
2025-04-23 00:00:00+00:00,8042.4425,17.62260155,0.95268496,0.95249227,2.709e-05,2.002e-05,0.0001164
2025-04-23 01:00:00+00:00,8148.17,17.32426442,0.95071795,0.95053143,2.201e-05,1.993e-05,0.00012298
2025-04-23 02:00:00+00:00,8117.655,16.87674511,0.95033555,0.95022633,0.0,1.434e-05,8.267e-05
2025-04-23 03:00:00+00:00,8333.5325,16.85791205,0.95039724,0.94997628,0.00023847,2.345e-05,0.00013716
2025-04-23 04:00:00+00:00,8995.41,16.67472522,0.94895569,0.94859775,0.00018511,1.767e-05,0.00011745
2025-04-23 05:00:00+00:00,9689.575,16.98766561,0.94811947,0.94687875,0.00101527,1.872e-05,0.00012979
2025-04-23 06:00:00+00:00,9922.3625,16.82370974,0.94531418,0.94487047,0.00028531,6.75e-06,5.525e-05
2025-04-23 07:00:00+00:00,9911.3375,16.93156345,0.94460972,0.94441803,9.315e-05,3.99e-06,3.605e-05
2025-04-23 08:00:00+00:00,10064.0525,17.35134617,0.94818546,0.9478812,0.00016303,6e-06,8.596e-05
2025-04-23 09:00:00+00:00,9981.865,17.57508074,0.95016584,0.94985519,0.00017513,5.17e-06,0.00012385
2025-04-23 10:00:00+00:00,10075.71,17.81170723,0.94996587,0.94972307,0.00011922,4.66e-06,0.00011695
2025-04-23 11:00:00+00:00,10015.525,18.02253222,0.94940517,0.94900917,0.00024183,5.11e-06,0.00014567
2025-04-23 12:00:00+00:00,9998.9575,18.17610241,0.95134117,0.95087529,0.00030325,4.27e-06,0.00010816
2025-04-23 13:00:00+00:00,9870.2775,18.0323977,0.95025048,0.95000406,0.00011677,4.14e-06,0.00012388
2025-04-23 14:00:00+00:00,9893.865,18.0328507,0.95076841,0.95046968,0.00016219,5.7e-06,0.00016785
2025-04-23 15:00:00+00:00,9927.535,18.19539768,0.95126817,0.95015872,0.00090038,7.6e-06,0.0002142
2025-04-23 16:00:00+00:00,9975.7475,18.33283708,0.95105708,0.9495187,0.00130591,1.096e-05,0.00021611
2025-04-23 17:00:00+00:00,9921.7775,18.3436189,0.95079706,0.9495494,0.00103594,7.78e-06,0.00018773
2025-04-23 18:00:00+00:00,9838.1275,17.9951711,0.9496733,0.94961172,0.0,1.89e-06,3.1e-05
2025-04-23 19:00:00+00:00,9738.5675,19.48245497,0.95003553,0.94678638,0.00021663,0.00126801,4.396e-05
2025-04-23 20:00:00+00:00,9366.0075,17.97616763,0.95132305,0.95124136,6.07e-06,3.51e-06,7.077e-05
2025-04-23 21:00:00+00:00,8960.2075,17.95298025,0.95145872,0.95134866,1.661e-05,5.91e-06,9.206e-05
2025-04-23 22:00:00+00:00,8623.355,18.13676738,0.95038243,0.95021346,4.614e-05,1.151e-05,0.00013353
2025-04-23 23:00:00+00:00,8625.9,18.20114717,0.95310926,0.95292854,4.824e-05,1.346e-05,0.00015237
2025-04-24 00:00:00+00:00,8365.515,18.21120347,0.95492612,0.9547442,4.541e-05,1.872e-05,0.00016443
2025-04-24 01:00:00+00:00,8372.785,18.25376303,0.95531772,0.9551185,4.414e-05,2.135e-05,0.00017126
2025-04-24 02:00:00+00:00,8422.2275,18.31002583,0.95688108,0.95670622,3.665e-05,1.701e-05,0.00015555
2025-04-24 03:00:00+00:00,8583.41,18.2341744,0.95199878,0.95184439,3.408e-05,1.481e-05,0.00014275
2025-04-24 04:00:00+00:00,9596.3225,18.57222226,0.95030453,0.94978695,0.0003607,1.721e-05,0.00013307
2025-04-24 05:00:00+00:00,10072.5325,18.7306993,0.94811055,0.94747382,0.0004854,1.817e-05,0.00010326
2025-04-24 06:00:00+00:00,9972.5825,18.98168205,0.94449447,0.94406153,0.00029083,1.994e-05,9.035e-05
2025-04-24 07:00:00+00:00,9676.7775,19.26963804,0.93890308,0.93880374,2.833e-05,7.76e-06,3.293e-05
2025-04-24 08:00:00+00:00,9497.63,19.62788429,0.93723027,0.93708209,4.477e-05,1.523e-05,7.566e-05
2025-04-24 09:00:00+00:00,9239.015,19.73873135,0.93536972,0.93510095,0.00010577,2.811e-05,0.00012637
2025-04-24 10:00:00+00:00,9170.92,19.63220869,0.93529944,0.93498975,0.00013174,2.956e-05,0.00014338
2025-04-24 11:00:00+00:00,9081.5075,19.33883646,0.93596076,0.93566212,0.00012031,2.905e-05,0.00014701
2025-04-24 12:00:00+00:00,9044.19,19.03948304,0.93738043,0.93708196,0.00011664,2.99e-05,0.0001077
2025-04-24 13:00:00+00:00,9071.785,18.63486732,0.94159226,0.94133378,9.133e-05,2.611e-05,8.932e-05
2025-04-24 14:00:00+00:00,9220.0725,18.14858485,0.94548583,0.94521454,9.789e-05,2.734e-05,9.483e-05
2025-04-24 15:00:00+00:00,9566.345,17.88403784,0.95014472,0.94973463,0.00017851,3.462e-05,0.00013354
2025-04-24 16:00:00+00:00,9649.855,17.61902816,0.95144962,0.95116596,8.227e-05,3.204e-05,0.00012297
2025-04-24 17:00:00+00:00,9691.875,17.464732,0.95344057,0.95317819,8.824e-05,2.446e-05,8.464e-05
2025-04-24 18:00:00+00:00,9555.9125,17.19405009,0.95322067,0.95289058,0.00018952,2.074e-05,7.776e-05
2025-04-24 19:00:00+00:00,9585.49,16.9975969,0.95407688,0.95375424,0.00016871,2.397e-05,7.954e-05
2025-04-24 20:00:00+00:00,9084.0275,16.47865893,0.95436221,0.95404764,0.00017571,2.265e-05,7.69e-05
2025-04-24 21:00:00+00:00,8634.075,16.17272012,0.95320448,0.95297741,0.00010231,2.142e-05,0.0001048
2025-04-24 22:00:00+00:00,8320.8625,16.00143143,0.95529209,0.9549921,0.00013806,3.089e-05,0.00016441
2025-04-24 23:00:00+00:00,8191.63,15.97857043,0.95728603,0.95700888,0.00010733,3.161e-05,0.00015497
2025-04-25 00:00:00+00:00,8176.39,15.92309081,0.95647161,0.95625241,7.254e-05,2.751e-05,0.00014391
2025-04-25 01:00:00+00:00,8143.105,15.91900238,0.95650122,0.95626904,7.895e-05,2.728e-05,0.00014756
2025-04-25 02:00:00+00:00,8208.2125,16.00252887,0.95594432,0.95570405,8.715e-05,2.811e-05,0.00014981
2025-04-25 03:00:00+00:00,8416.785,16.1604786,0.95677337,0.95657501,6.541e-05,2.338e-05,0.00011734
2025-04-25 04:00:00+00:00,9179.8825,16.86135789,0.9543033,0.95371437,0.00042585,2.542e-05,0.00013265
2025-04-25 05:00:00+00:00,9850.915,17.66266057,0.95155145,0.95136226,4.611e-05,2.68e-05,0.00011602
2025-04-25 06:00:00+00:00,9889.325,18.66180628,0.9486083,0.94794399,0.00048454,2.984e-05,0.00013417
2025-04-25 07:00:00+00:00,9765.0925,19.20336037,0.94111634,0.94089726,5.932e-05,2.827e-05,0.00013102
2025-04-25 08:00:00+00:00,9561.6325,19.56121929,0.93555385,0.93534435,5.99e-05,2.416e-05,0.00013169
2025-04-25 09:00:00+00:00,9464.4,19.79745267,0.93362726,0.93345137,3.951e-05,2.136e-05,8.969e-05
2025-04-25 10:00:00+00:00,9097.005,19.69437441,0.93150581,0.93140959,0.0,1.13e-05,6.142e-05
2025-04-25 11:00:00+00:00,9034.24,19.54330801,0.93337461,0.93327441,0.0,1.191e-05,6.718e-05
2025-04-25 12:00:00+00:00,8853.25,19.29403512,0.93449665,0.93436422,0.0,1.446e-05,8.524e-05
2025-04-25 13:00:00+00:00,8718.9425,18.7477865,0.9359198,0.93572431,4.705e-05,2.011e-05,0.0001248
2025-04-25 14:00:00+00:00,8753.1075,18.22612203,0.94095049,0.94079659,2.33e-05,1.759e-05,0.0001079
2025-04-25 15:00:00+00:00,9139.5875,17.94808366,0.94806997,0.94782497,0.0001032,1.386e-05,9.134e-05
2025-04-25 16:00:00+00:00,9278.385,17.92531316,0.95316231,0.95205083,0.00092106,2.013e-05,0.00010998
2025-04-25 17:00:00+00:00,9386.195,17.85956292,0.95570003,0.95411127,0.00136258,2.483e-05,0.00014904
2025-04-25 18:00:00+00:00,9294.89,17.75100027,0.95566891,0.95358102,0.00186285,2.486e-05,0.00014727
2025-04-25 19:00:00+00:00,9392.7925,17.67013947,0.95842375,0.95699284,0.00125209,1.851e-05,0.00011127
2025-04-25 20:00:00+00:00,9171.655,17.3467143,0.9601621,0.95962949,0.00037649,1.695e-05,0.00010543
2025-04-25 21:00:00+00:00,8923.33,17.17470758,0.96059028,0.96027543,0.00016536,1.501e-05,0.0001066
2025-04-25 22:00:00+00:00,8649.6775,16.86291472,0.96307459,0.9629866,0.0,1.098e-05,7.772e-05
2025-04-25 23:00:00+00:00,8674.0,16.82259812,0.96440033,0.96432809,0.0,8.29e-06,6.466e-05
2025-04-26 00:00:00+00:00,8548.5175,16.77661101,0.9650914,0.96502013,0.0,8.01e-06,5.89e-05
2025-04-26 01:00:00+00:00,8706.4625,16.88733047,0.96550513,0.96544858,0.0,5.33e-06,3.798e-05
2025-04-26 02:00:00+00:00,8741.6425,16.99845039,0.96497104,0.96490121,0.0,7.77e-06,6.174e-05
2025-04-26 03:00:00+00:00,8738.155,17.30465885,0.96438197,0.96428219,0.0,1.297e-05,0.00010433
2025-04-26 04:00:00+00:00,8806.5125,17.75942669,0.96161164,0.96153407,0.0,8.83e-06,7.472e-05
2025-04-26 05:00:00+00:00,8599.555,18.34162048,0.95682728,0.9567726,0.0,3.41e-06,2.554e-05
2025-04-26 06:00:00+00:00,8474.14,18.98668091,0.95091548,0.9508673,0.0,2.14e-06,1.634e-05
2025-04-26 07:00:00+00:00,8315.9175,19.51313948,0.95022154,0.95016614,0.0,3.18e-06,2.453e-05
2025-04-26 08:00:00+00:00,8152.4575,19.77256813,0.94636669,0.94628351,0.0,6.23e-06,5.181e-05
2025-04-26 09:00:00+00:00,7990.4075,19.60660568,0.93683144,0.93675624,0.0,5.67e-06,3.17e-05
2025-04-26 10:00:00+00:00,7783.4025,19.32799943,0.93039764,0.93032943,0.0,3.8e-06,1.027e-05
2025-04-26 11:00:00+00:00,7648.8875,19.26789517,0.93046092,0.93039547,0.0,3.3e-06,1.042e-05
2025-04-26 12:00:00+00:00,7529.61,18.97963627,0.93138193,0.93126628,0.0,6.65e-06,2.146e-05
2025-04-26 13:00:00+00:00,7444.93,18.79650082,0.93726988,0.93717492,0.0,6.6e-06,1.945e-05
2025-04-26 14:00:00+00:00,7587.4725,18.74083684,0.9453501,0.94526924,0.0,6.48e-06,4.6e-05
2025-04-26 15:00:00+00:00,8120.8375,19.14393544,0.95049649,0.95037706,0.0,9.65e-06,7.114e-05
2025-04-26 16:00:00+00:00,8294.07,18.95122489,0.95341458,0.95320278,6.65e-05,1.737e-05,0.00011428
2025-04-26 17:00:00+00:00,8471.79,18.79388068,0.95793164,0.95740463,0.00030893,2.479e-05,0.00015588
2025-04-26 18:00:00+00:00,8798.82,18.53443075,0.95944035,0.95896878,0.00027175,2.543e-05,0.00015447
2025-04-26 19:00:00+00:00,8731.22,18.13361955,0.96080692,0.96048455,0.00015922,2.193e-05,0.00013009
2025-04-26 20:00:00+00:00,8380.525,17.58490085,0.96339475,0.96320691,5.674e-05,1.979e-05,0.00011097
2025-04-26 21:00:00+00:00,8069.2225,17.21198135,0.96424688,0.96413528,0.0,1.745e-05,9.889e-05
2025-04-26 22:00:00+00:00,7909.9025,17.08005744,0.96903243,0.96891386,2.492e-05,1.434e-05,7.793e-05
2025-04-26 23:00:00+00:00,7995.43,16.917577,0.96936868,0.9692838,0.0,1.277e-05,7.974e-05
2025-04-27 00:00:00+00:00,7960.8525,16.83466647,0.96932759,0.96927616,0.0,5.34e-06,3.263e-05
2025-04-27 01:00:00+00:00,8001.955,16.96029989,0.97015344,0.97006471,0.0,1.223e-05,6.131e-05
2025-04-27 02:00:00+00:00,8047.6175,17.14752089,0.97086998,0.97077256,0.0,1.528e-05,7.758e-05
2025-04-27 03:00:00+00:00,7858.75,17.23461396,0.96992564,0.96983447,0.0,1.281e-05,7.655e-05
2025-04-27 04:00:00+00:00,7551.8625,17.23221131,0.96780851,0.96729656,0.00030514,2.151e-05,0.00015226
2025-04-27 05:00:00+00:00,7539.27,17.48376739,0.96622759,0.96580253,0.00023573,1.716e-05,0.00012445
2025-04-27 06:00:00+00:00,7672.4675,17.61900726,0.96003372,0.95996005,0.0,4.75e-06,3.746e-05
2025-04-27 07:00:00+00:00,7646.2525,17.61253666,0.95100619,0.95091966,0.0,4.39e-06,3.613e-05
2025-04-27 08:00:00+00:00,7665.715,20.46667857,0.94065446,0.93629691,4.753e-05,0.00075786,8.58e-05
2025-04-27 09:00:00+00:00,7626.4425,20.4558741,0.9337175,0.92902632,1.072e-05,0.00089814,8.218e-05
2025-04-27 10:00:00+00:00,7581.7875,22.67618941,0.92898976,0.92141622,4.391e-05,0.00159165,9.388e-05
2025-04-27 11:00:00+00:00,7649.2725,20.81493386,0.93207663,0.92666415,2.022e-05,0.00122913,6.214e-05
2025-04-27 12:00:00+00:00,7668.0575,19.94097643,0.93463154,0.92991933,1.12e-06,0.00125514,4.534e-05
2025-04-27 13:00:00+00:00,7728.3225,19.00876552,0.94020846,0.93651452,1e-07,0.00132855,6.046e-05
2025-04-27 14:00:00+00:00,7443.6975,16.86282594,0.95214851,0.95208582,0.0,0.0,1.243e-05
2025-04-27 15:00:00+00:00,7702.6975,17.36139162,0.96085918,0.96081189,0.0,0.0,1.96e-06
2025-04-27 16:00:00+00:00,8040.9325,17.33472607,0.96407156,0.9639326,2.879e-05,4e-08,6.39e-05
2025-04-27 17:00:00+00:00,8282.575,17.58286155,0.96836064,0.96683099,0.00136515,6e-08,0.00011613
2025-04-27 18:00:00+00:00,8529.81,17.65275293,0.96931565,0.96847318,0.00068896,5e-08,9.601e-05
2025-04-27 19:00:00+00:00,8400.305,17.52643044,0.96848356,0.96795538,0.00039032,6e-08,0.00011091
2025-04-27 20:00:00+00:00,8141.175,17.26343516,0.96773691,0.96756712,6.052e-05,6e-08,0.00013028
2025-04-27 21:00:00+00:00,8048.3025,17.01820375,0.96884393,0.9687718,0.0,3e-08,6.641e-05
2025-04-27 22:00:00+00:00,7515.3525,16.97940607,0.96792714,0.9678757,0.0,2e-08,4.265e-05
2025-04-27 23:00:00+00:00,7341.895,16.94296399,0.96792105,0.96789168,0.0,0.0,0.0
2025-04-28 00:00:00+00:00,7388.6225,16.96597588,0.96782022,0.96778925,0.0,0.0,3.27e-06
2025-04-28 01:00:00+00:00,7370.7825,16.89133803,0.96653265,0.96649301,0.0,0.0,5.5e-06
2025-04-28 02:00:00+00:00,7469.245,16.7994839,0.96559789,0.9655687,0.0,0.0,0.0
2025-04-28 03:00:00+00:00,7549.21,16.80286679,0.96477566,0.96472832,0.0,2e-08,3.393e-05
2025-04-28 04:00:00+00:00,8394.8025,17.38098616,0.96536359,0.96489875,0.0002884,8e-08,0.00017027
2025-04-28 05:00:00+00:00,9171.005,17.99351909,0.96591648,0.96477735,0.00089039,1.1e-07,0.00020238
2025-04-28 06:00:00+00:00,9016.7075,18.10861027,0.96349107,0.96279881,0.00052023,7e-08,0.00014736
2025-04-28 07:00:00+00:00,9016.5825,18.08999474,0.95900441,0.9586732,0.00018844,8e-08,0.00012971
2025-04-28 08:00:00+00:00,9053.9125,18.19333503,0.95662114,0.95652755,0.0,1e-08,2.878e-05
2025-04-28 09:00:00+00:00,9475.0525,17.80199386,0.95450188,0.95436421,9.83e-06,6e-08,0.00010475
2025-04-28 10:00:00+00:00,9353.405,17.29047349,0.9512987,0.95099292,0.00012838,8e-08,0.00011392
2025-04-28 11:00:00+00:00,9385.93,16.95204838,0.95213309,0.95189443,7.413e-05,8e-08,0.00016328
2025-04-28 12:00:00+00:00,9294.1175,16.70550669,0.95357135,0.95331495,6.079e-05,9e-08,0.00020123
2025-04-28 13:00:00+00:00,9188.39,16.59173363,0.95844308,0.95818385,7.447e-05,1e-07,0.00021986
2025-04-28 14:00:00+00:00,8613.455,16.40262059,0.96164885,0.96140191,6.054e-05,1.1e-07,0.00023572
2025-04-28 15:00:00+00:00,8963.0425,15.8993169,0.96720376,0.96699427,4.617e-05,1e-07,0.00021121
2025-04-28 16:00:00+00:00,8797.9875,15.79520425,0.9689779,0.96872321,6.523e-05,1.1e-07,0.00022348
2025-04-28 17:00:00+00:00,9129.3825,15.59743569,0.97078215,0.97048865,0.00011914,1.1e-07,0.00022018
2025-04-28 18:00:00+00:00,8950.0375,15.66329805,0.97116306,0.9708525,0.00013671,1.1e-07,0.0001955
2025-04-28 19:00:00+00:00,8804.805,15.54529843,0.96883602,0.9685822,7.613e-05,1.1e-07,0.00023731
2025-04-28 20:00:00+00:00,8449.745,15.38336723,0.96826656,0.96811575,2.77e-05,8e-08,0.00014959
2025-04-28 21:00:00+00:00,8078.31,15.20115185,0.96868011,0.96861782,0.0,3e-08,5.773e-05
2025-04-28 22:00:00+00:00,7948.19,15.21918347,0.96716111,0.96711454,0.0,1e-08,3.061e-05
2025-04-28 23:00:00+00:00,7666.51,15.26629575,0.96539087,0.96534475,0.0,0.0,1.64e-05
2025-04-29 00:00:00+00:00,7702.8125,15.33574435,0.96437991,0.96433281,0.0,0.0,1.99e-05
2025-04-29 01:00:00+00:00,7598.0125,15.28553973,0.96387343,0.96383431,0.0,0.0,1.682e-05
2025-04-29 02:00:00+00:00,7317.0325,15.4318696,0.96283763,0.96272979,0.0,0.0,0.00014319
2025-04-29 03:00:00+00:00,7394.7625,15.70390491,0.96043542,0.96024722,8.17e-06,0.0,0.00021355
2025-04-29 04:00:00+00:00,8337.0025,16.55921794,0.96250578,0.96196887,0.00029009,0.0,0.00022001
2025-04-29 05:00:00+00:00,9206.2275,16.85918713,0.96184739,0.96121802,0.00041528,0.0,0.0001508
2025-04-29 06:00:00+00:00,9247.74,17.44631949,0.9580773,0.95730643,0.00055226,0.0,0.00011367
2025-04-29 07:00:00+00:00,8919.2475,17.45960591,0.94898238,0.9488203,1.539e-05,0.0,6.897e-05
2025-04-29 08:00:00+00:00,8686.235,18.16547018,0.94441773,0.94429873,0.0,0.0,1.891e-05
2025-04-29 09:00:00+00:00,8630.7025,18.76434819,0.93579201,0.93566557,0.0,0.0,2.965e-05
2025-04-29 10:00:00+00:00,8583.94,19.01207416,0.93647945,0.93630435,0.0,0.0,3.541e-05
2025-04-29 11:00:00+00:00,8467.04,19.18470179,0.93573009,0.93516879,5.2e-07,8.468e-05,3.676e-05
2025-04-29 12:00:00+00:00,8319.1975,18.84171669,0.93948918,0.9393213,0.0,0.0,3.522e-05
2025-04-29 13:00:00+00:00,8388.75,18.55909179,0.94335557,0.94323678,0.0,0.0,2.958e-05
2025-04-29 14:00:00+00:00,8634.81,18.49241335,0.95308986,0.95300503,0.0,0.0,1.792e-05
2025-04-29 15:00:00+00:00,8754.33,18.82958155,0.9598632,0.95930905,0.00034755,0.0,0.00011548
2025-04-29 16:00:00+00:00,8705.2425,18.80795386,0.96061407,0.95993408,0.00045348,0.0,0.00016165
2025-04-29 17:00:00+00:00,8810.36,18.8843493,0.96263097,0.96190273,0.00051535,0.0,0.00011994
2025-04-29 18:00:00+00:00,8741.65,18.81829495,0.96356473,0.96298563,0.00041884,0.0,7.323e-05
2025-04-29 19:00:00+00:00,8710.21,18.9415382,0.96328266,0.96261697,0.00049377,0.0,7.256e-05
2025-04-29 20:00:00+00:00,8461.88,18.91788935,0.96372136,0.96307896,0.00046374,0.0,0.0001077
2025-04-29 21:00:00+00:00,8093.3275,18.60621013,0.96277047,0.96231712,0.00028333,0.0,0.00015666
2025-04-29 22:00:00+00:00,7473.04,18.45896205,0.96913414,0.96864569,0.00030661,4.86e-06,0.00013147
2025-04-29 23:00:00+00:00,7246.705,18.16607605,0.96874061,0.96847187,8.592e-05,7.36e-06,0.00017683
2025-04-30 00:00:00+00:00,7237.005,17.86812094,0.96788546,0.9676274,5.385e-05,1.368e-05,0.00024598
2025-04-30 01:00:00+00:00,7153.4525,17.49564998,0.96693677,0.96676547,3.67e-06,1.811e-05,0.00017759
2025-04-30 02:00:00+00:00,7061.5925,17.39365121,0.96744607,0.96729268,7e-07,1.454e-05,0.00016847
2025-04-30 03:00:00+00:00,7289.7975,17.10235783,0.96737212,0.96720516,1.674e-05,8.57e-06,0.00018254
2025-04-30 04:00:00+00:00,8183.9075,17.61915368,0.96751642,0.96709654,0.00022207,6.65e-06,0.00015998
2025-04-30 05:00:00+00:00,8987.9325,18.26407042,0.96628192,0.96552671,0.00052805,7.23e-06,0.00016232
2025-04-30 06:00:00+00:00,9128.235,18.60067299,0.96119797,0.96070329,0.00030291,6.16e-06,0.00012865
2025-04-30 07:00:00+00:00,9181.34,18.75671014,0.95707229,0.9568801,4.882e-05,3.9e-06,7.003e-05
2025-04-30 08:00:00+00:00,9214.75,19.037129,0.95167744,0.95156903,0.0,5.5e-07,1.154e-05
2025-04-30 09:00:00+00:00,9208.9275,19.2224993,0.9446807,0.94452076,0.0,3.24e-06,6.649e-05
2025-04-30 10:00:00+00:00,8994.0625,20.27365945,0.93671191,0.93534939,1.571e-05,0.00049759,0.00010586
2025-04-30 11:00:00+00:00,8854.3525,21.51113398,0.9315387,0.92832441,3.008e-05,0.00132382,0.00017282
2025-04-30 12:00:00+00:00,8491.285,19.77061832,0.9336701,0.93312672,3.035e-05,0.00017004,0.00018418
2025-04-30 13:00:00+00:00,8246.4125,19.32293895,0.93942093,0.93931648,3.37e-06,0.0,0.00013922
2025-04-30 14:00:00+00:00,8370.23,19.36030926,0.95069369,0.95060499,0.0,0.0,5.245e-05
2025-04-30 15:00:00+00:00,8636.56,19.34395177,0.95722092,0.95667376,0.00039931,0.0,0.00021182
2025-04-30 16:00:00+00:00,8487.125,19.16727606,0.9634856,0.9622144,0.00110625,0.0,0.00019268
2025-04-30 17:00:00+00:00,8432.65,18.86632753,0.96491684,0.96422041,0.00057437,0.0,0.00017223
2025-04-30 18:00:00+00:00,8537.0525,18.6868733,0.96551511,0.96494554,0.00045585,0.0,0.0001347
2025-04-30 19:00:00+00:00,8662.05,18.70461494,0.96597564,0.96481426,0.00101931,0.0,0.00016779
2025-04-30 20:00:00+00:00,8338.7975,18.53103822,0.96708241,0.96611319,0.00081755,0.0,0.00015109
2025-04-30 21:00:00+00:00,7937.535,18.10629803,0.96482099,0.96429185,0.00041832,0.0,0.00016617
2025-04-30 22:00:00+00:00,7533.9,18.08141123,0.96423752,0.96294786,0.00118103,0.0,0.00014246
2025-04-30 23:00:00+00:00,7383.66,18.10540694,0.96438989,0.96380155,0.00046962,0.0,0.00016696
2025-05-01 00:00:00+00:00,7377.4725,18.1462387,0.96427943,0.96362564,0.0005297,0.0,0.00019481
2025-05-01 01:00:00+00:00,7313.7825,18.11512831,0.96416143,0.96340889,0.00063953,0.0,0.00015736
2025-05-01 02:00:00+00:00,7289.665,18.10669626,0.96428388,0.96366747,0.00050366,0.0,0.00014031
2025-05-01 03:00:00+00:00,7235.875,18.16197873,0.96363329,0.96287311,0.00063901,0.0,0.0001886
2025-05-01 04:00:00+00:00,7183.7875,18.43304941,0.96563456,0.96468182,0.00082561,0.0,0.00024231
2025-05-01 05:00:00+00:00,7369.355,18.91973506,0.96480475,0.96387782,0.00075699,0.0,0.00021367
2025-05-01 06:00:00+00:00,7721.9075,19.30101512,0.96168273,0.9615681,0.0,0.0,0.0001389
2025-05-01 07:00:00+00:00,7841.24,19.498782,0.95367349,0.95356383,0.0,0.0,5.943e-05
2025-05-01 08:00:00+00:00,7721.815,21.18524766,0.94380068,0.94054367,3.074e-05,0.0005461,0.00020222
2025-05-01 09:00:00+00:00,7911.68,24.55905891,0.93332468,0.92544986,3.672e-05,0.0015941,0.00022661
2025-05-01 10:00:00+00:00,8126.46,25.27887225,0.93205209,0.92310794,5.356e-05,0.00221585,0.000228
2025-05-01 11:00:00+00:00,7995.5425,25.72960316,0.93143673,0.92160161,5.416e-05,0.00268504,0.0002212
2025-05-01 12:00:00+00:00,7990.085,26.5537063,0.93229277,0.92086628,7.467e-05,0.00312914,0.00021891
2025-05-01 13:00:00+00:00,7454.64,23.13905653,0.93861845,0.93083291,5.19e-05,0.00211613,0.00017515
2025-05-01 14:00:00+00:00,7297.47,17.47679129,0.94931317,0.94919009,0.0,0.0,4.572e-05
2025-05-01 15:00:00+00:00,7500.56,17.49553782,0.9584903,0.9584019,0.0,0.0,8.015e-05
2025-05-01 16:00:00+00:00,7755.74,17.28600385,0.96282311,0.96267264,7.416e-05,0.0,0.00014146
2025-05-01 17:00:00+00:00,8063.9825,17.08956604,0.96608015,0.9657524,0.00022531,0.0,0.00016399
2025-05-01 18:00:00+00:00,8083.1025,16.43657428,0.96770875,0.96747504,0.00014695,0.0,0.00016025
2025-05-01 19:00:00+00:00,7804.9075,15.74688761,0.96704493,0.96690764,7.074e-05,0.0,0.0001453
2025-05-01 20:00:00+00:00,7299.25,15.01871312,0.96533134,0.96527722,0.0,0.0,0.00011174
2025-05-01 21:00:00+00:00,7132.3875,15.11834622,0.96566126,0.96455374,0.0,0.0010088,0.00015886
2025-05-01 22:00:00+00:00,6869.8425,14.72328473,0.96328182,0.96129587,0.0,0.00184166,0.00016591
2025-05-01 23:00:00+00:00,6635.9425,14.16822794,0.96279585,0.96224871,0.0,0.00047266,0.00012608
2025-05-02 00:00:00+00:00,6545.59,14.23960889,0.96281897,0.96215813,0.0,0.00058068,0.00015664
2025-05-02 01:00:00+00:00,6567.52,14.57817327,0.9619005,0.95921085,0.0,0.00251741,0.0001334
2025-05-02 02:00:00+00:00,6619.7175,15.3532898,0.96132864,0.95501107,0.0,0.00595668,9.335e-05
2025-05-02 03:00:00+00:00,6897.96,14.69730346,0.96230107,0.9598662,0.0,0.00226655,0.0001217
2025-05-02 04:00:00+00:00,7491.795,14.8912337,0.96165214,0.96030456,0.0,0.00122944,0.00018235
2025-05-02 05:00:00+00:00,8303.1875,15.69604656,0.96140986,0.95871606,0.0,0.00246973,0.00018392
2025-05-02 06:00:00+00:00,8582.39,15.88924525,0.95915439,0.95728655,0.0,0.00169918,0.00018504
2025-05-02 07:00:00+00:00,8676.65,17.09685111,0.95673185,0.95146633,0.0,0.00490209,0.00012902
2025-05-02 08:00:00+00:00,8640.92,17.45818217,0.95210813,0.94733016,0.0,0.00439877,0.00015333
2025-05-02 09:00:00+00:00,8564.005,17.66957076,0.94895859,0.94509601,0.0,0.0035186,0.00017463
2025-05-02 10:00:00+00:00,8562.7575,17.72255109,0.94412399,0.9421306,1.958e-05,0.00168302,0.00025991
2025-05-02 11:00:00+00:00,8432.8025,17.56659746,0.9409778,0.93978077,2.289e-05,0.00096372,0.00020805
2025-05-02 12:00:00+00:00,8057.56,17.32193144,0.93983098,0.93911625,9.53e-06,0.00053179,0.00014954
2025-05-02 13:00:00+00:00,7765.6625,17.17706511,0.94421859,0.94263793,0.0,0.00138414,9.788e-05
2025-05-02 14:00:00+00:00,7823.4025,16.32353674,0.94979091,0.9488718,0.0,0.0007598,0.00010098
2025-05-02 15:00:00+00:00,8368.6,16.03041648,0.95832574,0.95612796,0.0,0.00201231,7.41e-05
2025-05-02 16:00:00+00:00,8274.17,15.55419208,0.96337867,0.96137113,0.0,0.0018545,9.595e-05
2025-05-02 17:00:00+00:00,8055.205,15.62831776,0.96634181,0.96385409,0.0,0.00227752,9.153e-05
2025-05-02 18:00:00+00:00,8268.835,15.3555948,0.96780333,0.96586124,0.0,0.00179438,7.354e-05
2025-05-02 19:00:00+00:00,8054.92,15.14051338,0.96732394,0.96673027,0.0,0.00052379,4.698e-05
2025-05-02 20:00:00+00:00,7863.615,15.04123262,0.96675193,0.9660511,0.0,0.00061929,2.779e-05
2025-05-02 21:00:00+00:00,7587.05,14.84798769,0.96659649,0.96625417,0.0,0.00027733,6.26e-05
2025-05-02 22:00:00+00:00,7354.18,14.5836075,0.96625483,0.96604756,0.0,0.00015428,0.00010836
2025-05-02 23:00:00+00:00,7123.945,14.82985972,0.96546488,0.9643114,0.0,0.00104698,0.00019121
2025-05-03 00:00:00+00:00,7085.445,15.17519534,0.96445157,0.96191003,0.0,0.00237081,0.00022242
2025-05-03 01:00:00+00:00,7221.975,15.40184085,0.96421965,0.96066192,0.0,0.00334059,0.00023617
2025-05-03 02:00:00+00:00,7142.5825,15.43910559,0.96358163,0.95999154,0.0,0.00336743,0.00023613
2025-05-03 03:00:00+00:00,7065.825,15.23865812,0.96064975,0.95857209,8.3e-07,0.00192014,0.00020255
2025-05-03 04:00:00+00:00,7147.7625,15.68510404,0.95831001,0.9555431,0.0,0.00256462,0.00021034
2025-05-03 05:00:00+00:00,7271.8275,16.34793142,0.9550911,0.95163089,0.0,0.00310093,0.00018406
2025-05-03 06:00:00+00:00,7529.4825,17.04463704,0.9508818,0.94728469,0.0,0.0032256,0.00012745
2025-05-03 07:00:00+00:00,7594.5175,17.44551211,0.94494763,0.94199252,0.0,0.00265792,6.695e-05
2025-05-03 08:00:00+00:00,7635.2975,17.89520198,0.94149539,0.938563,0.0,0.00261361,5.249e-05
2025-05-03 09:00:00+00:00,7610.74,18.04175325,0.94108818,0.93836001,0.0,0.00240784,4.312e-05
2025-05-03 10:00:00+00:00,7503.665,18.3414412,0.94023456,0.93769064,0.0,0.0021105,0.00014934
2025-05-03 11:00:00+00:00,7551.6025,18.08802547,0.9409208,0.93964555,1.751e-05,0.00088738,0.00020634
2025-05-03 12:00:00+00:00,7484.795,17.55522898,0.94312546,0.94282683,0.0,0.0,0.00016592
2025-05-03 13:00:00+00:00,7379.0425,16.88432831,0.94825381,0.94799011,0.0,6.1e-07,0.00012796
2025-05-03 14:00:00+00:00,7409.34,16.68482249,0.94997121,0.94797961,2.5e-07,0.00165624,0.00010875
2025-05-03 15:00:00+00:00,7758.4075,17.51524968,0.95748157,0.95394885,5.285e-05,0.00184691,0.00018303
2025-05-03 16:00:00+00:00,7918.8,16.94133863,0.96372537,0.96189788,0.00023544,0.00089232,0.0002954
2025-05-03 17:00:00+00:00,7878.2475,16.67268275,0.96682814,0.96606615,0.00043992,0.0,0.00023155
2025-05-03 18:00:00+00:00,7908.72,16.9016308,0.96874107,0.96659121,0.00177544,3.267e-05,0.00026587
2025-05-03 19:00:00+00:00,8011.79,16.82518916,0.96836615,0.96735777,0.00059539,8.487e-05,0.00026504
2025-05-03 20:00:00+00:00,7759.8025,16.83457835,0.96687012,0.96562121,0.00042259,0.00050527,0.0002609
2025-05-03 21:00:00+00:00,7437.0125,16.21217152,0.96621118,0.96518265,0.00022736,0.00051665,0.00026131
2025-05-03 22:00:00+00:00,7161.385,15.5473399,0.96529237,0.96295108,0.0,0.00210117,0.00015064
2025-05-03 23:00:00+00:00,6919.355,15.14870028,0.96589004,0.96323505,0.0,0.00242103,0.00011104
2025-05-04 00:00:00+00:00,6956.975,15.12745219,0.96655554,0.96328995,0.0,0.00300832,0.00011283
2025-05-04 01:00:00+00:00,6957.975,15.01354184,0.96922723,0.96567739,0.0,0.00327564,0.00011686
2025-05-04 02:00:00+00:00,6774.1775,14.90010204,0.97080963,0.96749497,0.0,0.0030427,0.00010831
2025-05-04 03:00:00+00:00,6725.525,14.69824514,0.96970268,0.96710679,0.0,0.00235643,0.00011981
2025-05-04 04:00:00+00:00,6942.95,14.57905155,0.96802973,0.96562801,0.0,0.00216623,0.00011163
2025-05-04 05:00:00+00:00,7135.5325,14.96653525,0.96523994,0.96215266,0.0,0.00279905,0.0001233
2025-05-04 06:00:00+00:00,7361.04,16.10935205,0.96174186,0.95604518,0.0,0.00521657,9.257e-05
2025-05-04 07:00:00+00:00,7482.45,16.94322202,0.95451077,0.94766546,0.0,0.00639221,5.038e-05
2025-05-04 08:00:00+00:00,7689.16,17.40657231,0.95218965,0.94569281,0.0,0.0060344,3.903e-05
2025-05-04 09:00:00+00:00,7945.875,17.02540608,0.95152901,0.94819651,0.0,0.00300711,1.951e-05
2025-05-04 10:00:00+00:00,8083.3375,17.09198571,0.95220672,0.94919635,0.0,0.00267936,5.307e-05
2025-05-04 11:00:00+00:00,8281.725,17.37565148,0.95205428,0.94877889,0.0,0.0029226,0.00010937
2025-05-04 12:00:00+00:00,8514.9375,16.93758776,0.94902573,0.94840414,0.0,0.00035115,0.00016393
2025-05-04 13:00:00+00:00,8215.6075,16.77929876,0.95196751,0.95008917,0.0,0.00160989,9.32e-05
2025-05-04 14:00:00+00:00,8326.3425,16.84791492,0.95732491,0.95282432,0.0,0.00413376,8.501e-05
2025-05-04 15:00:00+00:00,8647.565,17.01007759,0.96111263,0.95426146,0.0,0.00638715,0.00013822
2025-05-04 16:00:00+00:00,8819.6425,16.17482541,0.96207537,0.95810449,2.589e-05,0.00357216,0.00023791
2025-05-04 17:00:00+00:00,8955.14,16.32454803,0.96454194,0.96200391,0.00016791,0.00198628,0.00027652
2025-05-04 18:00:00+00:00,9063.3275,16.61147321,0.9665336,0.96338775,0.00021593,0.0025778,0.00024256
2025-05-04 19:00:00+00:00,9256.0475,16.47637364,0.96714264,0.96515146,0.00016152,0.00156671,0.00018772
2025-05-04 20:00:00+00:00,8752.3025,16.30314744,0.96483894,0.96155851,0.0,0.0030016,0.00011895
2025-05-04 21:00:00+00:00,8479.4375,16.68199192,0.96557977,0.95974097,0.0,0.00543675,0.0001446
2025-05-04 22:00:00+00:00,8268.6175,16.9014305,0.96709679,0.95989287,2.022e-05,0.00666707,0.00024408
2025-05-04 23:00:00+00:00,8228.5175,17.34483195,0.96634339,0.95867138,0.00011104,0.00695111,0.00036989
2025-05-05 00:00:00+00:00,8206.9225,17.32813665,0.96724099,0.95969978,4.814e-05,0.00692906,0.00030644
2025-05-05 01:00:00+00:00,8146.54,17.29595628,0.96504806,0.95741697,1.97e-05,0.00707089,0.00026034
2025-05-05 02:00:00+00:00,8266.8275,17.64495443,0.96505603,0.95765369,5.898e-05,0.00677866,0.00031089
2025-05-05 03:00:00+00:00,8515.61,17.73678027,0.96577465,0.96148028,0.00035964,0.00353073,0.0002548
2025-05-05 04:00:00+00:00,9329.6925,18.20743044,0.96519576,0.96258128,0.00105249,0.00127426,0.00022123
2025-05-05 05:00:00+00:00,9935.785,18.81726081,0.9617209,0.95973342,0.00173665,3.63e-06,0.00021625
2025-05-05 06:00:00+00:00,9811.345,19.08034902,0.95584466,0.95476173,0.00073979,4.37e-06,0.00026213
2025-05-05 07:00:00+00:00,9461.695,19.13955716,0.95150227,0.95062698,0.00062526,3.57e-06,0.0001907
2025-05-05 08:00:00+00:00,9176.055,18.70645787,0.94631247,0.94607472,2.35e-06,3.71e-06,0.00016118
2025-05-05 09:00:00+00:00,8824.4525,18.31516232,0.94381087,0.94350432,1.624e-05,3.17e-06,0.00019584
2025-05-05 10:00:00+00:00,8586.5475,17.74278422,0.94228651,0.94196915,2.424e-05,3.5e-07,0.00019136
2025-05-05 11:00:00+00:00,8468.53,17.29835035,0.94462788,0.94436758,8.67e-06,3.13e-06,0.00016617
2025-05-05 12:00:00+00:00,8505.065,17.01168768,0.9472324,0.94692481,3.446e-05,2.07e-06,0.00020675
2025-05-05 13:00:00+00:00,8698.1325,16.5727745,0.95290173,0.95260737,2.479e-05,1.11e-06,0.000179
2025-05-05 14:00:00+00:00,8675.5125,16.12326545,0.9576907,0.95746877,2.48e-06,0.0,0.00017684
2025-05-05 15:00:00+00:00,8955.6825,15.78043881,0.96331817,0.96313419,0.0,0.0,0.00016732
2025-05-05 16:00:00+00:00,8995.84,15.78721948,0.96586418,0.9656261,5.32e-05,0.0,0.00018207
2025-05-05 17:00:00+00:00,9185.03,16.02087525,0.96773585,0.96741955,0.00014158,0.0,0.00010652
2025-05-05 18:00:00+00:00,9164.385,15.98754347,0.968634,0.96832193,0.00016018,0.0,0.00010404
2025-05-05 19:00:00+00:00,9081.63,15.77448793,0.96811514,0.96786746,0.00012837,0.0,0.00010137
2025-05-05 20:00:00+00:00,8733.8975,15.3230624,0.96766983,0.96751251,1.5e-06,0.0,0.00016947
2025-05-05 21:00:00+00:00,8357.795,15.02128555,0.96691888,0.96674496,4.5e-07,0.0,0.00017712
2025-05-05 22:00:00+00:00,7956.525,15.08924978,0.9691082,0.96899322,0.0,0.0,0.00010712
2025-05-05 23:00:00+00:00,7885.545,15.04461984,0.96716376,0.96704525,0.0,0.0,0.00010815
2025-05-06 00:00:00+00:00,7936.18,15.20435755,0.96808794,0.96795885,0.0,0.0,9.829e-05
2025-05-06 01:00:00+00:00,7745.8475,15.52165841,0.9674736,0.96665923,0.0,0.00065464,0.00011393
2025-05-06 02:00:00+00:00,7648.4225,15.66002557,0.96468329,0.96443489,0.0,0.00010866,0.0001174
2025-05-06 03:00:00+00:00,7836.2925,16.38223308,0.96287179,0.96275124,0.0,0.0,0.00011085
2025-05-06 04:00:00+00:00,8562.585,17.15943731,0.961063,0.96091544,2.236e-05,0.0,0.00010432
2025-05-06 05:00:00+00:00,9005.3975,17.78382333,0.95712954,0.95683538,0.00015018,0.0,0.00010019
2025-05-06 06:00:00+00:00,8897.235,18.048913,0.95268302,0.95237978,9.172e-05,1.46e-06,5.847e-05
2025-05-06 07:00:00+00:00,9010.7025,18.30210775,0.94645204,0.94579283,0.0,0.00048107,8.567e-05
2025-05-06 08:00:00+00:00,9045.3275,18.62198617,0.94373316,0.94262708,0.0,0.00088516,5.935e-05
2025-05-06 09:00:00+00:00,9018.4175,18.53985084,0.93918881,0.93895578,0.0,0.0,9.153e-05
2025-05-06 10:00:00+00:00,8863.545,18.61914868,0.9381481,0.93792266,0.0,0.0,0.00010257
2025-05-06 11:00:00+00:00,8768.5875,18.70495724,0.93898281,0.9387724,0.0,0.0,0.00010982
2025-05-06 12:00:00+00:00,8692.5925,18.64319792,0.94021213,0.93986263,0.0,0.00012455,0.00013323
2025-05-06 13:00:00+00:00,8831.7375,18.57437364,0.9448969,0.94426076,9.918e-05,0.00024453,0.00017599
2025-05-06 14:00:00+00:00,8901.3675,18.38404244,0.95131428,0.95077402,0.00025224,1.355e-05,0.00021453
2025-05-06 15:00:00+00:00,9229.8625,18.28176541,0.95470128,0.95338863,0.00103696,0.0,0.00023448
2025-05-06 16:00:00+00:00,9301.195,18.37914753,0.95877414,0.95704895,0.00147347,0.0,0.00017385
2025-05-06 17:00:00+00:00,9250.8125,18.56419,0.96013861,0.95781095,0.00202991,0.0,0.00018832
2025-05-06 18:00:00+00:00,8945.78,18.51808243,0.95990104,0.95748731,0.00215578,0.0,0.00016828
2025-05-06 19:00:00+00:00,9003.67,18.64432189,0.95998431,0.95695122,0.00227013,0.0004502,0.0001827
2025-05-06 20:00:00+00:00,8716.245,18.31724648,0.95888192,0.95766152,0.00101481,0.0,0.00019518
2025-05-06 21:00:00+00:00,8119.12,18.09488179,0.95549772,0.95368776,0.00013542,0.00141064,0.00017628
2025-05-06 22:00:00+00:00,7781.725,18.02937269,0.9574008,0.95487512,0.00013807,0.00203313,0.00027582
2025-05-06 23:00:00+00:00,7735.6125,18.33237462,0.95695472,0.95210776,0.00014925,0.00416862,0.00030255
2025-05-07 00:00:00+00:00,7675.76,18.17374972,0.95559108,0.95096871,0.0002468,0.00383687,0.00032756
2025-05-07 01:00:00+00:00,7598.44,18.23866034,0.95538151,0.95038479,0.00016591,0.00428605,0.00034615
2025-05-07 02:00:00+00:00,7671.1875,17.7758161,0.95527961,0.95314863,0.0001602,0.00161512,0.00032363
2025-05-07 03:00:00+00:00,8075.415,17.98997881,0.95128306,0.95024842,0.00078665,0.0,0.00029484
2025-05-07 04:00:00+00:00,8898.89,18.75642008,0.94901109,0.94748681,0.00128851,0.0,0.00023152
2025-05-07 05:00:00+00:00,9320.185,19.38223749,0.94225764,0.94065973,0.00107278,0.00028407,0.00016692
2025-05-07 06:00:00+00:00,9290.9275,20.6373105,0.93511671,0.93144751,0.00019888,0.00292468,0.00022248
2025-05-07 07:00:00+00:00,9024.7975,20.87542991,0.93002912,0.92680178,1.79e-06,0.0027926,0.00019852
2025-05-07 08:00:00+00:00,9103.4075,20.86041126,0.92720354,0.92431369,0.0,0.00247017,0.00020486
2025-05-07 09:00:00+00:00,8986.9425,20.94340744,0.92334527,0.92013034,0.0,0.00275781,0.00016367
2025-05-07 10:00:00+00:00,8875.765,20.88929794,0.92587304,0.92279445,0.0,0.00264467,0.00012833
2025-05-07 11:00:00+00:00,8747.3175,20.66350491,0.92750228,0.92546009,0.0,0.00168858,0.00011675
2025-05-07 12:00:00+00:00,8604.7075,20.48112879,0.93052598,0.92840925,0.0,0.00176847,0.00010874
2025-05-07 13:00:00+00:00,8365.46,20.13224108,0.93337151,0.93170555,0.0,0.00131643,0.00013181
2025-05-07 14:00:00+00:00,8190.305,20.07739159,0.93623746,0.93327407,6.003e-05,0.00248713,0.00020512
2025-05-07 15:00:00+00:00,8479.11,20.049637,0.94365341,0.93907269,0.00099932,0.00304903,0.00029035
2025-05-07 16:00:00+00:00,8525.565,20.03365729,0.94795881,0.94324022,0.00125169,0.00295596,0.00030978
2025-05-07 17:00:00+00:00,8737.15,19.95002492,0.95033175,0.94563975,0.00123754,0.00292075,0.00032263
2025-05-07 18:00:00+00:00,9035.6225,20.19893835,0.95215379,0.9462795,0.00129553,0.00375762,0.00036519
2025-05-07 19:00:00+00:00,9004.9675,20.12890788,0.95315627,0.94775465,0.00077805,0.00401535,0.00035567
2025-05-07 20:00:00+00:00,8731.585,20.23960411,0.95421924,0.94860047,0.00088497,0.0041221,0.00037298
2025-05-07 21:00:00+00:00,8298.14,19.88074193,0.9543395,0.94998686,0.00090425,0.00292773,0.0002845
2025-05-07 22:00:00+00:00,7744.99,19.62560774,0.95079895,0.94610148,0.00098107,0.00313752,0.00026269
2025-05-07 23:00:00+00:00,7660.915,19.57176341,0.94994844,0.94549879,0.00113818,0.00265435,0.00025558
2025-05-08 00:00:00+00:00,7509.52,19.21692982,0.94820656,0.9453655,0.0010429,0.00130727,0.00022741
2025-05-08 01:00:00+00:00,7551.005,18.80142645,0.94935473,0.94787583,0.00119139,0.0,0.00016836
2025-05-08 02:00:00+00:00,7631.3725,18.866986,0.9491531,0.94796982,0.00088957,0.0,0.0001972
2025-05-08 03:00:00+00:00,7945.9025,19.05869275,0.94814233,0.94606322,0.00179653,0.0,0.0002053
2025-05-08 04:00:00+00:00,8674.49,19.11395948,0.94382752,0.94245297,0.00113791,1.37e-06,0.00017842
2025-05-08 05:00:00+00:00,9088.1025,19.20150447,0.93734399,0.93695011,0.0001681,8.57e-06,0.0001647
2025-05-08 06:00:00+00:00,9132.5725,19.66312578,0.93282039,0.93232287,0.00016477,1.469e-05,0.00015897
2025-05-08 07:00:00+00:00,9093.535,21.41974933,0.92743038,0.92323724,0.00033587,0.00256803,0.00018019
2025-05-08 08:00:00+00:00,9010.77,23.59506119,0.92134714,0.9143303,0.00050527,0.00132807,0.00023164
2025-05-08 09:00:00+00:00,8701.37,21.77782489,0.91750365,0.91408805,0.00046708,0.00087768,0.00018807
2025-05-08 10:00:00+00:00,8478.3375,24.01867559,0.91158243,0.90419641,0.00026316,0.00233051,0.00020817
2025-05-08 11:00:00+00:00,8159.735,22.83901393,0.92173726,0.91627732,0.00019005,0.00326997,0.00019418
2025-05-08 12:00:00+00:00,8240.0025,21.69495313,0.93026322,0.92661184,0.00022093,0.00223297,0.0002518
2025-05-08 13:00:00+00:00,8259.45,21.74217947,0.93223961,0.92726703,0.00040106,0.00337404,0.00020765
2025-05-08 14:00:00+00:00,8294.965,21.7945608,0.9373217,0.93103286,0.00047498,0.00396554,0.00021583
2025-05-08 15:00:00+00:00,8651.4475,20.3704439,0.94326819,0.93997783,0.00042496,0.00203472,0.00019383
2025-05-08 16:00:00+00:00,8766.9475,19.83289921,0.948043,0.94530624,0.00106871,0.00082097,0.00019851
2025-05-08 17:00:00+00:00,8896.8525,20.02703104,0.94959915,0.94543889,0.00144886,0.00110164,0.00017849
2025-05-08 18:00:00+00:00,8785.6875,22.42334086,0.94986705,0.9374337,0.00260949,0.00496575,0.00023917
2025-05-08 19:00:00+00:00,8825.3175,20.28295585,0.95220124,0.94544926,0.00223413,0.00213707,0.00022415
2025-05-08 20:00:00+00:00,8543.4575,18.35768856,0.95337682,0.95161299,0.00139196,2.607e-05,0.00023848
2025-05-08 21:00:00+00:00,8090.72,18.23817105,0.95345088,0.95146735,0.00152132,4.09e-05,0.00023947
2025-05-08 22:00:00+00:00,7586.9125,18.0545967,0.95511073,0.95291662,0.00182498,2.614e-05,0.00027496
2025-05-08 23:00:00+00:00,7371.465,17.66549798,0.95361978,0.95253651,0.00076085,2.544e-05,0.00028197
2025-05-09 00:00:00+00:00,7219.395,17.73303293,0.95299401,0.95251551,0.00015607,2.568e-05,0.00034601
2025-05-09 01:00:00+00:00,7288.8575,17.96446205,0.95388374,0.9530866,0.00045686,2.522e-05,0.00037736
2025-05-09 02:00:00+00:00,7473.76,18.02704706,0.95377769,0.95303364,0.00041454,2.478e-05,0.00036523
2025-05-09 03:00:00+00:00,7609.9175,18.23063618,0.95216866,0.95154439,0.00029193,2.578e-05,0.00036372
2025-05-09 04:00:00+00:00,8437.75,18.46855027,0.94984278,0.94825516,0.00128921,2.156e-05,0.0003077
2025-05-09 05:00:00+00:00,9258.0225,18.68185769,0.94777543,0.94694114,0.00055659,2.189e-05,0.00024963
2025-05-09 06:00:00+00:00,9629.95,18.91429789,0.94930863,0.94869102,0.0002707,1.857e-05,0.00021595
2025-05-09 07:00:00+00:00,9702.4025,19.36538948,0.94721651,0.94609981,0.00022325,0.00043556,0.00024228
2025-05-09 08:00:00+00:00,9674.9875,20.26517226,0.94358777,0.94047474,8.675e-05,0.00193668,0.00025212
2025-05-09 09:00:00+00:00,9596.905,21.39559601,0.93679192,0.93154998,6.951e-05,0.00305523,0.00021075
2025-05-09 10:00:00+00:00,9603.1025,21.72456134,0.93349089,0.92754178,8.911e-05,0.00351026,0.00029899
2025-05-09 11:00:00+00:00,9487.225,21.49587011,0.93788156,0.93273294,8.595e-05,0.00302699,0.0002646
2025-05-09 12:00:00+00:00,9342.23,21.80008652,0.93737633,0.93150174,8.016e-05,0.00354936,0.00025403
2025-05-09 13:00:00+00:00,9212.225,21.40178833,0.93988198,0.93490897,0.00013806,0.00291108,0.0003402
2025-05-09 14:00:00+00:00,9118.875,20.48660747,0.94496631,0.94174593,0.00014835,0.00207803,0.00036466
2025-05-09 15:00:00+00:00,9185.6525,19.84054299,0.94724559,0.94629244,0.00017282,0.00037573,0.00040301
2025-05-09 16:00:00+00:00,9145.2825,19.71092351,0.94812425,0.9472904,0.00048246,2.008e-05,0.00035062
2025-05-09 17:00:00+00:00,9038.725,19.70901432,0.94812473,0.94596816,0.00180748,1.63e-05,0.00032807
2025-05-09 18:00:00+00:00,8703.425,19.64699794,0.94869278,0.94612381,0.00223427,1.739e-05,0.00029458
2025-05-09 19:00:00+00:00,8638.2425,19.4720727,0.94816093,0.94664419,0.00118644,1.577e-05,0.00031611
2025-05-09 20:00:00+00:00,8361.575,19.25912417,0.94767266,0.94708206,0.00026045,1.838e-05,0.00033184
2025-05-09 21:00:00+00:00,7936.76,19.02532833,0.94601063,0.94562848,8.574e-05,2.137e-05,0.00036335
2025-05-09 22:00:00+00:00,7705.1425,19.32370088,0.94647091,0.94605027,5.176e-05,2.435e-05,0.00041544
2025-05-09 23:00:00+00:00,7593.865,19.26685794,0.94499767,0.94463177,2.569e-05,2.22e-05,0.00041988
2025-05-10 00:00:00+00:00,7553.18,19.29401739,0.94586219,0.94546869,3.342e-05,2.309e-05,0.00044491
2025-05-10 01:00:00+00:00,7519.2775,19.43545109,0.94657417,0.94618226,3.061e-05,2.461e-05,0.00046268
2025-05-10 02:00:00+00:00,7410.755,19.44589348,0.94720984,0.94684278,3.166e-05,2.28e-05,0.00041043
2025-05-10 03:00:00+00:00,7412.74,19.56451169,0.94737337,0.94699941,4.686e-05,1.686e-05,0.00037779
2025-05-10 04:00:00+00:00,7478.415,19.70181713,0.94724005,0.94682561,5.768e-05,1.769e-05,0.00043333
2025-05-10 05:00:00+00:00,7628.665,19.90875485,0.94586731,0.94543139,5.708e-05,1.725e-05,0.00047153
2025-05-10 06:00:00+00:00,7836.63,19.69035629,0.94164713,0.94128342,2.35e-05,1.355e-05,0.00036582
2025-05-10 07:00:00+00:00,7978.15,19.66313672,0.94033016,0.9399721,0.0,1.175e-05,0.00035135
2025-05-10 08:00:00+00:00,8123.9975,20.04916496,0.94521779,0.94464855,4.4e-07,9.335e-05,0.00052103
2025-05-10 09:00:00+00:00,8211.47,22.08096021,0.93704801,0.93316234,2.389e-05,0.00202656,0.00055522
2025-05-10 10:00:00+00:00,8062.305,22.9488316,0.93517699,0.92972229,3.738e-05,0.00314979,0.00060276
2025-05-10 11:00:00+00:00,7946.295,22.52233865,0.93479699,0.93036643,5.037e-05,0.00227989,0.0005688
2025-05-10 12:00:00+00:00,7820.2325,23.03442886,0.93428465,0.9287314,5.223e-05,0.00280057,0.00054272
2025-05-10 13:00:00+00:00,7673.8875,21.7958508,0.93903259,0.93521589,4.581e-05,0.00177932,0.00051204
2025-05-10 14:00:00+00:00,7884.98,19.75447688,0.94657976,0.94622023,0.0,1.082e-05,0.00039058
2025-05-10 15:00:00+00:00,8116.75,19.76257909,0.95199058,0.95165289,0.0,1.546e-05,0.00039886
2025-05-10 16:00:00+00:00,8268.485,19.70662928,0.95444203,0.95412675,1.079e-05,7.37e-06,0.00039088
2025-05-10 17:00:00+00:00,8291.835,19.68385559,0.95549063,0.95485517,0.00033193,5.02e-06,0.0002916
2025-05-10 18:00:00+00:00,8185.695,19.4748796,0.95646017,0.95572115,0.0003672,4.92e-06,0.00036706
2025-05-10 19:00:00+00:00,8221.0075,19.10796172,0.95667394,0.95634561,1.584e-05,4.17e-06,0.00036481
2025-05-10 20:00:00+00:00,8022.97,18.76526069,0.95649807,0.95618235,3.649e-05,2.96e-06,0.00036532
2025-05-10 21:00:00+00:00,7794.4525,18.61316654,0.95696005,0.95663862,2.438e-05,1.26e-06,0.00048327
2025-05-10 22:00:00+00:00,7715.1075,18.83779081,0.95784484,0.95703652,1.19e-06,0.00048449,0.00043452
2025-05-10 23:00:00+00:00,7575.3525,18.99586389,0.95769661,0.95651328,9.17e-06,0.00085551,0.00042648
2025-05-11 00:00:00+00:00,7468.5475,19.1514844,0.95753908,0.95588045,5.12e-06,0.00130086,0.00044017
2025-05-11 01:00:00+00:00,7444.1175,19.07091064,0.95779273,0.95726245,2.159e-05,0.000199,0.00047699
2025-05-11 02:00:00+00:00,7373.075,19.24350932,0.95783348,0.95687229,4.426e-05,0.00058593,0.00048264
2025-05-11 03:00:00+00:00,7257.3625,19.41780905,0.95760382,0.95633624,4.481e-05,0.00087399,0.00045997
2025-05-11 04:00:00+00:00,7243.7475,19.4519224,0.95791936,0.95744184,4.919e-05,8.178e-05,0.00046526
2025-05-11 05:00:00+00:00,7247.4225,19.28499059,0.95378607,0.95349079,0.0,0.0,0.00038061
2025-05-11 06:00:00+00:00,7429.585,19.22054832,0.94904106,0.94873326,0.0,0.0,0.00036934
2025-05-11 07:00:00+00:00,7692.3925,20.21468274,0.94968475,0.9468701,1e-08,0.00230984,0.0004724
2025-05-11 08:00:00+00:00,7893.5425,20.37560353,0.94305704,0.93895915,2.362e-05,0.00345697,0.00050764
2025-05-11 09:00:00+00:00,8048.31,21.43411089,0.93747808,0.93173171,6.965e-05,0.00411199,0.00043615
2025-05-11 10:00:00+00:00,8034.3225,20.98463549,0.93429156,0.93074305,5.934e-05,0.00219937,0.00045225
2025-05-11 11:00:00+00:00,7940.85,22.6409376,0.93227622,0.92581151,8.724e-05,0.00376804,0.00043422
2025-05-11 12:00:00+00:00,7783.085,22.50228495,0.93083956,0.92425693,6.56e-06,0.00371196,0.00040832
2025-05-11 13:00:00+00:00,7774.68,22.75120615,0.93445523,0.92693105,7.21e-05,0.00377215,0.00040495
2025-05-11 14:00:00+00:00,7955.885,20.87543854,0.94424097,0.94045919,3.055e-05,0.00227034,0.00045709
2025-05-11 15:00:00+00:00,8100.6075,19.16599229,0.95024989,0.94995235,0.0,0.0,0.00031558
2025-05-11 16:00:00+00:00,8404.84,19.28151697,0.95378926,0.95345781,5.609e-05,0.0,0.00032806
2025-05-11 17:00:00+00:00,8524.37,19.49173204,0.95876933,0.95760501,0.00083503,0.0,0.00030639
2025-05-11 18:00:00+00:00,8495.165,19.08963893,0.9599839,0.95920939,0.00042203,0.0,0.00032266
2025-05-11 19:00:00+00:00,8503.82,18.60402462,0.96000225,0.959646,9.646e-05,0.0,0.0002842
2025-05-11 20:00:00+00:00,8310.0075,18.14492818,0.95943067,0.95919943,3.16e-06,0.0,0.00025693
2025-05-11 21:00:00+00:00,8035.655,18.09815623,0.96024193,0.96001613,1.05e-06,0.0,0.00029918
2025-05-11 22:00:00+00:00,7745.9425,18.21281337,0.96028783,0.9600533,6.05e-06,0.0,0.00026844
2025-05-11 23:00:00+00:00,7711.6375,18.32092916,0.95948977,0.95924597,1.011e-05,0.0,0.00028417
2025-05-12 00:00:00+00:00,7599.0575,18.4098468,0.95756933,0.95732947,8.06e-06,0.0,0.00033499
2025-05-12 01:00:00+00:00,7628.41,18.5213756,0.95732515,0.95707899,2.064e-05,0.0,0.00030981
2025-05-12 02:00:00+00:00,7600.64,18.66125794,0.95658226,0.95633313,2.178e-05,0.0,0.00032255
2025-05-12 03:00:00+00:00,7695.76,19.01676463,0.95609951,0.95548727,0.00033008,0.0,0.00030306
2025-05-12 04:00:00+00:00,8390.135,19.25360207,0.95376504,0.95178002,0.00165792,1.517e-05,0.00020875
2025-05-12 05:00:00+00:00,8853.1275,19.62950839,0.95084156,0.9487799,0.00174125,0.0,0.00028068
2025-05-12 06:00:00+00:00,8919.115,20.31712956,0.94929823,0.94545521,0.00311329,0.00022666,0.00030368
2025-05-12 07:00:00+00:00,8799.32,20.61707917,0.94004846,0.93880179,6.597e-05,0.00053144,0.00029765
2025-05-12 08:00:00+00:00,8525.325,21.89755419,0.9334727,0.93032019,3.395e-05,0.00179594,0.00018301
2025-05-12 09:00:00+00:00,8428.4725,22.12697725,0.92899967,0.92578641,4.122e-05,0.00187284,0.00012955
2025-05-12 10:00:00+00:00,8444.7725,22.53620807,0.92931232,0.92545197,5.637e-05,0.00216126,0.00015254
2025-05-12 11:00:00+00:00,8390.4675,21.52317716,0.9306232,0.92839393,1.933e-05,0.00121232,0.00013292
2025-05-12 12:00:00+00:00,8297.6425,21.48919345,0.93222516,0.92977473,2.229e-05,0.00138046,8.551e-05
2025-05-12 13:00:00+00:00,8329.6075,21.82233273,0.93581809,0.93252742,4.339e-05,0.00187998,7.77e-05
2025-05-12 14:00:00+00:00,8340.72,21.27445979,0.94114056,0.93843822,3.294e-05,0.00143252,0.00012378
2025-05-12 15:00:00+00:00,8594.125,20.52256844,0.94663514,0.94469827,3.112e-05,0.00076928,0.00027752
2025-05-12 16:00:00+00:00,8675.785,19.50721309,0.952435,0.95138365,0.00067374,2.045e-05,0.00029041
2025-05-12 17:00:00+00:00,8701.4925,19.21150479,0.95583375,0.95357274,0.00192759,0.0,0.0002473
2025-05-12 18:00:00+00:00,8536.0675,18.79485515,0.95715846,0.9553073,0.00151374,0.0,0.00025258
2025-05-12 19:00:00+00:00,8438.2625,18.36841416,0.95685029,0.95572984,0.00086839,0.0,0.00023612
2025-05-12 20:00:00+00:00,8072.645,18.01799973,0.95783018,0.95724612,0.00033778,7.29e-06,0.00023402
2025-05-12 21:00:00+00:00,7656.79,17.59319287,0.9587868,0.95853354,4.113e-05,0.0,0.00023307
2025-05-12 22:00:00+00:00,7223.72,17.28695073,0.95842074,0.95814214,1.395e-05,1.47e-06,0.00024436
2025-05-12 23:00:00+00:00,7176.77,17.2110612,0.95876781,0.95846634,9.81e-06,9.66e-06,0.0003091
2025-05-13 00:00:00+00:00,7210.15,17.15203449,0.95753896,0.95713422,4.88e-06,0.00013116,0.00032948
2025-05-13 01:00:00+00:00,7112.87,17.58442854,0.95746198,0.9555365,4.16e-06,0.00160729,0.00032342
2025-05-13 02:00:00+00:00,7151.3,17.56374498,0.95760099,0.95589817,4.32e-06,0.00145681,0.00024737
2025-05-13 03:00:00+00:00,7429.965,17.7473612,0.95958758,0.95927847,3.059e-05,1.455e-05,0.00027564
2025-05-13 04:00:00+00:00,8219.1825,18.38465243,0.95949843,0.95691838,0.00231214,8.84e-06,0.00013633
2025-05-13 05:00:00+00:00,8851.6475,18.72165278,0.95675603,0.95413976,0.00238914,5.69e-06,8.068e-05
2025-05-13 06:00:00+00:00,8954.3575,18.9614335,0.95689949,0.9556806,0.00094856,8.88e-06,0.00014114
2025-05-13 07:00:00+00:00,8780.04,18.81806594,0.95430085,0.95407001,0.0,8.21e-06,0.00013527
2025-05-13 08:00:00+00:00,8815.355,18.72140707,0.95338066,0.95315331,0.0,6.65e-06,0.00010977
2025-05-13 09:00:00+00:00,8634.1175,18.66997047,0.94776745,0.94713887,8.05e-06,0.0001749,0.00016163
2025-05-13 10:00:00+00:00,8515.94,18.71988403,0.94470897,0.94363277,1.114e-05,0.00040803,0.0001725
2025-05-13 11:00:00+00:00,8270.0475,18.37316586,0.94080971,0.93979136,9.67e-06,0.00042216,3.27e-05
2025-05-13 12:00:00+00:00,8468.6775,18.09948521,0.94545736,0.94395336,1.216e-05,0.00068384,3.942e-05
2025-05-13 13:00:00+00:00,8705.725,17.87178618,0.95093466,0.94901649,1.618e-05,0.00090067,4.343e-05
2025-05-13 14:00:00+00:00,8825.92,16.62453636,0.95770791,0.95723307,0.0,0.00014846,8.397e-05
2025-05-13 15:00:00+00:00,8907.56,15.86861041,0.95900768,0.95881367,0.0,2.12e-06,0.00012364
2025-05-13 16:00:00+00:00,8774.81,16.08162074,0.96221758,0.96138846,0.00055564,0.0,0.00019767
2025-05-13 17:00:00+00:00,8543.3475,16.24874902,0.96185226,0.96049502,0.00112612,0.0,0.00010295
2025-05-13 18:00:00+00:00,8387.0575,15.5547733,0.96104001,0.96058349,0.00026608,7.3e-07,2.046e-05
2025-05-13 19:00:00+00:00,8391.2875,15.46138432,0.96161398,0.9611512,0.00034751,1.57e-06,2.554e-05
2025-05-13 20:00:00+00:00,8055.2425,15.25748946,0.96195519,0.96173909,6.274e-05,5.08e-06,7.917e-05
2025-05-13 21:00:00+00:00,7570.1325,15.23822865,0.96310218,0.96281265,8.294e-05,1.019e-05,0.00016462
2025-05-13 22:00:00+00:00,7066.85,15.10827837,0.96353215,0.96321511,0.00011867,9.05e-06,0.00012638
2025-05-13 23:00:00+00:00,6762.925,14.7018858,0.9632581,0.96245635,7.506e-05,0.00062481,4.98e-05
2025-05-14 00:00:00+00:00,6657.11,14.48223543,0.96271147,0.96180875,2.053e-05,0.00078788,9.43e-06
2025-05-14 01:00:00+00:00,6741.785,14.62983359,0.96056972,0.95920847,0.0,0.00116356,0.00014327
2025-05-14 02:00:00+00:00,6857.125,14.6152,0.96061666,0.95961708,0.0,0.00081062,0.00017001
2025-05-14 03:00:00+00:00,7024.305,14.27594637,0.96055734,0.96041683,0.0,5.17e-06,0.00013211
2025-05-14 04:00:00+00:00,7968.6375,14.62264518,0.96183358,0.9615794,9.712e-05,2.81e-06,8.685e-05
2025-05-14 05:00:00+00:00,8518.255,15.18037187,0.95874939,0.95785048,0.00077206,1.3e-07,6.16e-06
2025-05-14 06:00:00+00:00,8631.8125,15.54226891,0.95249135,0.95205524,0.00027714,5.17e-06,6.233e-05
2025-05-14 07:00:00+00:00,8947.215,15.81807357,0.95197026,0.95182903,0.0,4.2e-07,2.504e-05
2025-05-14 08:00:00+00:00,8746.185,16.50798051,0.95120799,0.95103462,0.0,9.2e-07,4.371e-05
2025-05-14 09:00:00+00:00,8807.02,17.17246306,0.94723286,0.94696512,0.0,2.29e-06,0.00011968
2025-05-14 10:00:00+00:00,8902.1625,17.36901581,0.94420672,0.94386107,6.712e-05,0.0,0.0001204
2025-05-14 11:00:00+00:00,8900.5625,17.29911583,0.94519138,0.9448371,5.69e-05,0.0,0.00020128
2025-05-14 12:00:00+00:00,8870.6375,17.0602548,0.94769884,0.94733414,6.016e-05,7.1e-07,0.00019393
2025-05-14 13:00:00+00:00,8586.5375,17.04290923,0.95130972,0.95019503,8.02e-06,0.00045328,0.00012527
2025-05-14 14:00:00+00:00,8571.91,15.70802988,0.95334919,0.95321204,0.0,1e-08,1.59e-06
2025-05-14 15:00:00+00:00,8671.3525,14.82570841,0.96267749,0.96254637,0.0,5.3e-07,4.113e-05
2025-05-14 16:00:00+00:00,8789.695,14.61385388,0.96292079,0.96283145,0.0,0.0,0.0
2025-05-14 17:00:00+00:00,8739.99,14.6876273,0.96292916,0.96264636,0.00016011,3.1e-07,5.806e-05
2025-05-14 18:00:00+00:00,8942.6825,14.7904599,0.96486682,0.96384961,0.00084148,2.5e-07,1.683e-05
2025-05-14 19:00:00+00:00,8882.53,14.27789845,0.96392798,0.96368676,0.00017456,3.1e-07,8.28e-06
2025-05-14 20:00:00+00:00,8628.48,14.09052474,0.96356037,0.96350883,0.0,5.5e-07,1.314e-05
2025-05-14 21:00:00+00:00,8297.115,14.02395197,0.96361246,0.96355076,0.0,1.29e-06,4.08e-05
2025-05-14 22:00:00+00:00,7827.1,14.2030515,0.96341183,0.96258971,0.0,0.00071576,5.048e-05
2025-05-14 23:00:00+00:00,7540.755,14.36915555,0.96208052,0.96018283,0.0,0.00178755,4.28e-05
2025-05-15 00:00:00+00:00,7473.6875,14.24519452,0.96243202,0.96153113,0.0,0.00078665,8.781e-05
2025-05-15 01:00:00+00:00,7524.7875,14.05671353,0.96303945,0.96244067,0.0,0.00050718,4.373e-05
2025-05-15 02:00:00+00:00,7512.39,13.96725923,0.96305715,0.96300234,0.0,1.22e-06,2.239e-05
2025-05-15 03:00:00+00:00,7739.445,14.27013314,0.96309661,0.9630378,0.0,1.45e-06,2.899e-05
2025-05-15 04:00:00+00:00,8261.8025,14.63337831,0.96124051,0.96116264,0.0,1.6e-07,2.8e-06
2025-05-15 05:00:00+00:00,8815.7925,15.16613132,0.95903161,0.95894469,0.0,5.9e-07,9.57e-06
2025-05-15 06:00:00+00:00,8771.925,15.70654792,0.95684139,0.95673663,0.0,8.5e-07,1.042e-05
2025-05-15 07:00:00+00:00,8712.7775,16.15818221,0.9538565,0.95374724,0.0,5e-08,3.5e-07
2025-05-15 08:00:00+00:00,8542.535,16.88909368,0.94965818,0.94946689,0.0,2.37e-06,1.136e-05
2025-05-15 09:00:00+00:00,8471.105,17.49407354,0.95062121,0.95002741,0.0,0.00032123,5.048e-05
2025-05-15 10:00:00+00:00,8646.1175,18.08640468,0.94755341,0.9457737,0.0,0.00138819,8.905e-05
2025-05-15 11:00:00+00:00,8443.88,18.23513582,0.94500763,0.94380252,4.771e-05,0.00072184,0.0001259
2025-05-15 12:00:00+00:00,8384.3175,18.2706892,0.94510798,0.94322562,4.601e-05,0.00138323,0.00022816
2025-05-15 13:00:00+00:00,8102.2275,18.33285665,0.94759936,0.94517472,6.21e-06,0.00170823,0.00027735
2025-05-15 14:00:00+00:00,8045.655,17.51575861,0.95246543,0.95014656,0.0,0.00198084,0.00023754
2025-05-15 15:00:00+00:00,8137.4225,16.88152703,0.95949001,0.95742913,0.0,0.00183301,0.00011307
2025-05-15 16:00:00+00:00,8177.9475,16.17629931,0.96174059,0.96161368,0.0,2.45e-06,6.115e-05
2025-05-15 17:00:00+00:00,8380.195,16.20106233,0.96495701,0.96419028,0.0005687,3.399e-05,7.45e-05
2025-05-15 18:00:00+00:00,8360.49,16.21731053,0.96805225,0.96694549,0.00088021,8e-07,8.769e-05
2025-05-15 19:00:00+00:00,8372.455,15.89120682,0.96999754,0.96987534,0.0,4.03e-06,0.00011726
2025-05-15 20:00:00+00:00,7997.71,15.4613122,0.9700173,0.96988848,0.0,6.22e-06,0.0001286
2025-05-15 21:00:00+00:00,7542.22,15.16966287,0.96775183,0.96763968,0.0,3.86e-06,8.593e-05
2025-05-15 22:00:00+00:00,7291.7475,14.62801539,0.96863986,0.96854391,0.0,2.42e-06,6.936e-05
2025-05-15 23:00:00+00:00,7166.0525,14.40370926,0.9685998,0.96848123,0.0,4.98e-06,7.229e-05
2025-05-16 00:00:00+00:00,7430.6025,14.4075135,0.96910622,0.96897729,0.0,5.83e-06,4.325e-05
2025-05-16 01:00:00+00:00,7363.5025,14.31282599,0.96915731,0.96903668,0.0,5.42e-06,4.034e-05
2025-05-16 02:00:00+00:00,7268.315,14.50904785,0.96879674,0.96865556,0.0,7.51e-06,3.954e-05
2025-05-16 03:00:00+00:00,7471.1375,15.08769983,0.96929191,0.96911307,0.0,1.064e-05,0.00012581
2025-05-16 04:00:00+00:00,8297.255,16.10335371,0.96773047,0.9675163,0.0,1.248e-05,0.00018796
2025-05-16 05:00:00+00:00,8701.385,16.98505911,0.96402442,0.96383404,0.0,1.105e-05,0.00016406
2025-05-16 06:00:00+00:00,9023.0,17.75055434,0.9595292,0.9593612,0.0,8.31e-06,9.581e-05
2025-05-16 07:00:00+00:00,9011.32,18.2875159,0.95402277,0.95387333,0.0,5.26e-06,5.939e-05
2025-05-16 08:00:00+00:00,8706.0175,18.37207726,0.95001442,0.94978023,0.0,6.25e-06,7.303e-05
2025-05-16 09:00:00+00:00,8467.145,18.10349559,0.94457429,0.94430527,0.0,5.62e-06,7.537e-05
2025-05-16 10:00:00+00:00,8324.4275,18.14387354,0.94157186,0.94124186,2.757e-05,6.19e-06,8.913e-05
2025-05-16 11:00:00+00:00,8107.6325,18.11086483,0.94320274,0.94283739,6.036e-05,8.03e-06,0.00013219
2025-05-16 12:00:00+00:00,7867.4225,17.94984866,0.94405981,0.94370642,4.975e-05,8.66e-06,0.00013876
2025-05-16 13:00:00+00:00,7524.8225,17.5605697,0.9476032,0.94735439,0.0,5.75e-06,9.234e-05
2025-05-16 14:00:00+00:00,7463.4,16.91231606,0.95511917,0.95490159,0.0,5.9e-06,9.598e-05
2025-05-16 15:00:00+00:00,7776.5225,16.6412922,0.96128764,0.9611154,0.0,6.25e-06,0.00010302
2025-05-16 16:00:00+00:00,7491.425,16.44982847,0.96476393,0.96462171,0.0,6.08e-06,9.004e-05
2025-05-16 17:00:00+00:00,7546.4325,16.22785982,0.96805724,0.96790982,0.0,9.4e-06,0.00014964
2025-05-16 18:00:00+00:00,7637.35,15.89367539,0.9697502,0.96952857,0.0,1.162e-05,0.00018814
2025-05-16 19:00:00+00:00,7591.62,15.59006462,0.96915074,0.96897316,0.0,1.387e-05,0.00022403
2025-05-16 20:00:00+00:00,7166.2125,15.02035684,0.96760881,0.96744333,0.0,1.257e-05,0.00020684
2025-05-16 21:00:00+00:00,6745.18,15.33986553,0.96562053,0.96287892,0.0,0.00257007,0.0001224
2025-05-16 22:00:00+00:00,6634.6325,15.66704247,0.96540254,0.95934846,0.0,0.00571166,0.00027245
2025-05-16 23:00:00+00:00,6564.0825,16.26979281,0.96424117,0.95488053,0.0,0.00894678,0.00027303
2025-05-17 00:00:00+00:00,6347.285,16.32002595,0.96400442,0.95374373,0.0,0.00985471,0.00024006
2025-05-17 01:00:00+00:00,6261.405,15.969235,0.96424474,0.95598073,0.0,0.00787861,0.00027414
2025-05-17 02:00:00+00:00,6229.4675,16.10503748,0.9642676,0.95550339,0.0,0.00835576,0.00029201
2025-05-17 03:00:00+00:00,6496.5875,15.92031371,0.96419084,0.95734572,0.0,0.00647636,0.00026633
2025-05-17 04:00:00+00:00,6378.8575,15.80126597,0.96288902,0.96008211,0.0,0.00246635,0.00032201
2025-05-17 05:00:00+00:00,6626.7,15.78003589,0.9617046,0.96142874,0.0,1.074e-05,0.00026248
2025-05-17 06:00:00+00:00,6929.285,16.37175895,0.95889336,0.95865738,0.0,9.28e-06,0.00015681
2025-05-17 07:00:00+00:00,7321.125,16.75480249,0.95377386,0.95347697,0.0,1.261e-05,0.00020563
2025-05-17 08:00:00+00:00,7858.7825,16.91552463,0.95321602,0.95278181,0.0,1.285e-05,0.00029833
2025-05-17 09:00:00+00:00,8020.3225,17.61129259,0.94773999,0.94611219,0.00013709,0.00059632,0.00033585
2025-05-17 10:00:00+00:00,8018.965,17.1450956,0.94760343,0.94678153,0.00013481,0.00012421,0.00028687
2025-05-17 11:00:00+00:00,7777.435,18.05760661,0.94587473,0.94335702,0.00012689,0.0011198,0.0002658
2025-05-17 12:00:00+00:00,8021.985,18.4482943,0.94601365,0.94253809,0.00014169,0.00159094,0.00028559
2025-05-17 13:00:00+00:00,7930.5275,17.57888243,0.95407406,0.95120767,1.462e-05,0.00214278,0.00025563
2025-05-17 14:00:00+00:00,7952.5625,16.84719398,0.96035451,0.95998082,0.0,0.0,0.00028077
2025-05-17 15:00:00+00:00,8038.0575,17.24051385,0.96689147,0.96665252,0.0,0.0,0.00018474
2025-05-17 16:00:00+00:00,8178.9725,17.71688959,0.96860422,0.96720613,1.2e-05,0.00111682,0.00025838
2025-05-17 17:00:00+00:00,8120.14,17.7039388,0.97076986,0.97054036,0.0,3.24e-06,0.00026487
2025-05-17 18:00:00+00:00,8127.5325,17.45778017,0.97109194,0.97082104,0.0,6.91e-06,0.00025393
2025-05-17 19:00:00+00:00,8141.455,17.18327383,0.97168689,0.97067091,0.0,0.0008087,0.00022827
2025-05-17 20:00:00+00:00,7775.365,17.01063913,0.97159364,0.9693971,0.0,0.00200549,0.00016988
2025-05-17 21:00:00+00:00,7474.22,17.01914012,0.97173569,0.96755568,0.0,0.00391142,0.00021791
2025-05-17 22:00:00+00:00,7171.26,16.78649526,0.97150336,0.96714387,0.0,0.00412218,5.583e-05
2025-05-17 23:00:00+00:00,7156.4775,16.56784907,0.97055608,0.96604291,0.0,0.00429016,0.00011261
2025-05-18 00:00:00+00:00,7059.4175,16.49086825,0.9715381,0.96692442,0.0,0.00441042,8.426e-05
2025-05-18 01:00:00+00:00,6796.805,16.28208145,0.9729171,0.9687089,0.0,0.00397631,0.00011631
2025-05-18 02:00:00+00:00,6698.505,16.12159669,0.97326566,0.96937433,0.0,0.00366017,0.0001511
2025-05-18 03:00:00+00:00,6594.7675,15.23759838,0.97228708,0.97206971,0.0,2.48e-06,0.00025954
2025-05-18 04:00:00+00:00,6572.86,15.32651647,0.97041046,0.96961782,0.0,0.00059368,0.00015527
2025-05-18 05:00:00+00:00,6725.8975,15.85051338,0.9682404,0.96754517,0.0,0.00046815,0.00015517
2025-05-18 06:00:00+00:00,7016.3875,16.53047596,0.96433654,0.96225489,0.0,0.00180856,0.00010983
2025-05-18 07:00:00+00:00,7213.815,16.59736828,0.96070113,0.96041329,0.0,2.97e-06,0.00015903
2025-05-18 08:00:00+00:00,6849.3825,16.92930499,0.95357354,0.95317961,0.0,5.41e-06,0.00016849
2025-05-18 09:00:00+00:00,6712.0175,17.51360152,0.95462276,0.95329694,0.0,0.00086575,0.00028121
2025-05-18 10:00:00+00:00,7050.245,17.88556038,0.95107357,0.9494309,1.819e-05,0.0011064,0.00034805
2025-05-18 11:00:00+00:00,7372.1025,17.55020102,0.947976,0.94753036,3.66e-05,6.57e-06,0.00016609
2025-05-18 12:00:00+00:00,7197.1175,17.5209572,0.94713552,0.94670767,3.618e-05,8.25e-06,0.00017726
2025-05-18 13:00:00+00:00,7237.22,17.00258164,0.95169282,0.95129624,0.0,9.62e-06,0.00021031
2025-05-18 14:00:00+00:00,6914.6125,16.91963754,0.95528561,0.95439135,0.0,0.00050541,0.00027653
2025-05-18 15:00:00+00:00,7223.73,16.64633399,0.96462585,0.96440458,0.0,5.76e-06,0.00014818
2025-05-18 16:00:00+00:00,7779.5375,17.05302346,0.97161974,0.97144119,0.0,5.35e-06,0.00015609
2025-05-18 17:00:00+00:00,7740.0725,17.1510194,0.97318005,0.97298017,0.0,8.43e-06,0.00022922
2025-05-18 18:00:00+00:00,8040.2975,17.1138038,0.97379291,0.97355018,0.0,6.06e-06,0.00023571
2025-05-18 19:00:00+00:00,8056.2775,16.95719785,0.97373165,0.973561,0.0,4.48e-06,0.00019473
2025-05-18 20:00:00+00:00,7921.4,16.65990353,0.97400869,0.97385837,0.0,2.73e-06,0.00017393
2025-05-18 21:00:00+00:00,7402.2875,16.20851302,0.97299905,0.97285369,0.0,0.0,0.00016921
2025-05-18 22:00:00+00:00,7231.68,15.66552243,0.97436022,0.97423196,0.0,0.0,0.0001361
2025-05-18 23:00:00+00:00,7012.51,15.3758282,0.97405253,0.97383099,0.0,0.00010831,0.00010534
2025-05-19 00:00:00+00:00,7059.5975,15.09930005,0.97436939,0.97427147,0.0,0.0,0.00010159
2025-05-19 01:00:00+00:00,6970.7175,15.04228047,0.97479521,0.97468463,0.0,0.0,0.00011298
2025-05-19 02:00:00+00:00,6961.645,15.0692191,0.97452918,0.97442235,0.0,0.0,9.718e-05
2025-05-19 03:00:00+00:00,7071.3775,15.35660754,0.97353145,0.97337331,0.0,0.0,0.00015562
2025-05-19 04:00:00+00:00,8017.2825,16.09011152,0.97086002,0.97063012,0.0,0.0,0.00023621
2025-05-19 05:00:00+00:00,8755.4525,17.30648029,0.96759847,0.96734533,0.0,0.0,0.00022137
2025-05-19 06:00:00+00:00,8799.98,18.2329551,0.96288463,0.96261423,0.0,0.0,0.00018355
2025-05-19 07:00:00+00:00,8641.5975,18.6297463,0.95675409,0.95647644,0.0,0.0,0.00010112
2025-05-19 08:00:00+00:00,8591.6075,18.82309752,0.9533651,0.95299215,0.0,0.0,0.00015135
2025-05-19 09:00:00+00:00,8375.655,18.98631552,0.94923033,0.94883241,0.0,0.0,0.00016773
2025-05-19 10:00:00+00:00,8397.4325,20.2348089,0.94752177,0.94454742,7.528e-05,0.0,0.00021715
2025-05-19 11:00:00+00:00,8334.5875,18.96159298,0.95118966,0.95071261,4.019e-05,0.0,0.00028096
2025-05-19 12:00:00+00:00,8165.9375,18.55787714,0.95166059,0.95124626,1.895e-05,0.0,0.00021755
2025-05-19 13:00:00+00:00,8022.3725,18.127716,0.95455096,0.95420005,0.0,6e-07,0.00015339
2025-05-19 14:00:00+00:00,7998.5075,17.52722172,0.9612004,0.96088183,0.0,0.0,0.0001495
2025-05-19 15:00:00+00:00,8301.2225,16.88753306,0.96648337,0.9659406,0.00020695,0.0,0.00021693
2025-05-19 16:00:00+00:00,8157.32,16.13184092,0.97141455,0.97077168,0.00032899,1.15e-06,0.0002479
2025-05-19 17:00:00+00:00,8149.255,15.63282804,0.97527343,0.97467071,0.00032354,0.0,0.00029304
2025-05-19 18:00:00+00:00,8152.0025,15.22929702,0.97755231,0.97693754,0.00031676,0.0,0.00029737
2025-05-19 19:00:00+00:00,7928.9,14.94196173,0.97850183,0.97796299,0.00029381,0.0,0.00029523
2025-05-19 20:00:00+00:00,7591.7975,14.8603611,0.97996346,0.97944561,0.0002643,0.0,0.00031014
2025-05-19 21:00:00+00:00,7088.7075,14.28723286,0.97849176,0.9783518,2.23e-06,0.0,0.00013117
2025-05-19 22:00:00+00:00,6694.19,14.48547718,0.97885084,0.97626379,0.0,0.00239013,0.00015178
2025-05-19 23:00:00+00:00,6591.3475,15.83088363,0.97666145,0.96847125,0.0,0.00780636,0.00018145
2025-05-20 00:00:00+00:00,6549.0525,16.14369831,0.97659028,0.9670594,0.0,0.00912289,0.00016875
2025-05-20 01:00:00+00:00,6437.635,16.23792003,0.97600096,0.96620801,0.0,0.00936968,0.00015559
2025-05-20 02:00:00+00:00,6522.985,16.43197992,0.97486772,0.96500848,4.6e-07,0.0094183,0.00021805
2025-05-20 03:00:00+00:00,6794.2775,16.50200159,0.97385476,0.96567787,4.026e-05,0.00764367,0.00038101
2025-05-20 04:00:00+00:00,7498.5525,16.06687125,0.97160239,0.96749243,5.274e-05,0.00360814,0.00039897
2025-05-20 05:00:00+00:00,8385.4825,16.00751587,0.96914718,0.96836688,4.371e-05,0.00032064,0.00040152
2025-05-20 06:00:00+00:00,8532.255,17.03841729,0.96266581,0.95974467,8e-07,0.00252516,0.00018879
2025-05-20 07:00:00+00:00,8374.285,18.3027358,0.95511341,0.95063442,0.0,0.00395427,7.41e-05
2025-05-20 08:00:00+00:00,8416.3325,19.3283007,0.95066952,0.94444241,0.0,0.00569572,0.00010339
2025-05-20 09:00:00+00:00,8084.1825,19.63524284,0.94719208,0.94211105,0.0,0.00455937,0.00012419
2025-05-20 10:00:00+00:00,8154.95,19.50240002,0.94655062,0.9430259,5.7e-06,0.00297332,0.00024158
2025-05-20 11:00:00+00:00,8018.4725,19.38170341,0.94659402,0.94335348,3.537e-05,0.0026794,0.00024373
2025-05-20 12:00:00+00:00,8025.11,19.10771922,0.94766574,0.94470392,0.0,0.00248962,0.00017062
2025-05-20 13:00:00+00:00,7969.7625,18.64743442,0.95087068,0.94823283,0.0,0.00221869,0.00012921
2025-05-20 14:00:00+00:00,7934.0575,17.76466599,0.95655029,0.95407364,0.0,0.00214852,2.54e-06
2025-05-20 15:00:00+00:00,8285.82,17.627504,0.96286714,0.95881098,8.96e-06,0.0036372,0.00021486
2025-05-20 16:00:00+00:00,8263.53,16.20859039,0.96955898,0.96918403,6.59e-06,0.00011568,0.00020991
2025-05-20 17:00:00+00:00,8266.7875,16.4596644,0.97458389,0.97405585,0.00015489,0.0,0.00039357
2025-05-20 18:00:00+00:00,8142.41,16.71163422,0.9757959,0.97293956,0.00035524,0.00206349,0.00035889
2025-05-20 19:00:00+00:00,8050.0825,16.32243145,0.97740139,0.97581274,0.00037802,0.0008199,0.00042899
2025-05-20 20:00:00+00:00,7875.8775,16.0948897,0.97782025,0.97717861,0.00025112,0.0,0.00051929
2025-05-20 21:00:00+00:00,7380.89,16.53729818,0.97523209,0.97100581,2.959e-05,0.00375657,0.00044579
2025-05-20 22:00:00+00:00,6992.6075,15.42138302,0.97773755,0.97692842,0.0,0.00059274,0.00025396
2025-05-20 23:00:00+00:00,6811.5075,15.39727131,0.976557,0.97533779,0.0,0.00097801,0.00026423
2025-05-21 00:00:00+00:00,6766.9375,16.29426797,0.97599415,0.97092997,0.0,0.00473251,0.00025798
2025-05-21 01:00:00+00:00,6817.4725,16.40197991,0.97591347,0.97143553,0.0,0.00414425,0.00027812
2025-05-21 02:00:00+00:00,6676.1675,15.5775728,0.976373,0.9755157,0.0,0.00064421,0.00022179
2025-05-21 03:00:00+00:00,7038.5975,16.03973536,0.97521033,0.97501465,0.0,6e-07,0.00018513
2025-05-21 04:00:00+00:00,8083.185,16.89261928,0.97525611,0.97492431,4.08e-06,4.854e-05,0.0002997
2025-05-21 05:00:00+00:00,8831.695,17.46514837,0.97321185,0.97294351,0.0,0.0,0.00019961
2025-05-21 06:00:00+00:00,9049.065,18.01857357,0.9706087,0.97030844,0.0,0.0,0.00015527
2025-05-21 07:00:00+00:00,9309.775,18.68081809,0.96872258,0.96760039,0.0,0.0,5.894e-05
2025-05-21 08:00:00+00:00,9561.265,18.99416879,0.96762741,0.96572373,2.9e-06,0.00115818,2.53e-05
2025-05-21 09:00:00+00:00,9721.8075,19.66626102,0.96646788,0.96377407,1.613e-05,0.00125739,0.00011807
2025-05-21 10:00:00+00:00,9779.7125,19.15874831,0.96363338,0.96174607,1.154e-05,0.00081852,0.00022784
2025-05-21 11:00:00+00:00,9718.465,18.40058954,0.96169338,0.96079128,2.06e-06,0.00021999,0.00018087
2025-05-21 12:00:00+00:00,9674.8025,19.75633785,0.96234297,0.95968922,7.8e-07,0.00026725,0.00019664
2025-05-21 13:00:00+00:00,9645.2525,19.46639984,0.96437258,0.96138269,9.2e-07,0.00043606,0.0002025
2025-05-21 14:00:00+00:00,9613.6125,17.6933006,0.97105803,0.97074987,0.0,0.0,9.646e-05
2025-05-21 15:00:00+00:00,9579.155,17.52732703,0.96844865,0.96826907,0.0,0.0,1.958e-05
2025-05-21 16:00:00+00:00,9434.455,17.39035394,0.97014516,0.96999266,0.0,0.0,7.974e-05
2025-05-21 17:00:00+00:00,9440.25,17.23698045,0.96975484,0.96957521,0.0,0.0,0.0001548
2025-05-21 18:00:00+00:00,9282.3125,17.08999534,0.97013766,0.96995517,0.0,0.0,0.00014093
2025-05-21 19:00:00+00:00,9207.735,16.89237482,0.96830472,0.96809166,1.164e-05,3.3e-06,0.00021493
2025-05-21 20:00:00+00:00,8807.7525,16.51137334,0.96932045,0.96915811,0.0,0.0,0.00019483
2025-05-21 21:00:00+00:00,8273.9275,16.95271378,0.96817281,0.96306372,0.0,0.00485701,9.312e-05
2025-05-21 22:00:00+00:00,7897.805,17.04955875,0.96680185,0.95842107,0.0,0.00800534,0.00018425
2025-05-21 23:00:00+00:00,7740.85,16.72713164,0.96884302,0.96023652,0.0,0.00821322,0.00021251
2025-05-22 00:00:00+00:00,7654.745,16.54574843,0.97061406,0.96197601,0.0,0.00824087,0.00018626
2025-05-22 01:00:00+00:00,7641.185,16.37659275,0.96992235,0.96132662,0.0,0.00821774,0.00015741
2025-05-22 02:00:00+00:00,7567.69,16.25948306,0.97094786,0.96236205,0.0,0.00821785,0.00015167
2025-05-22 03:00:00+00:00,7865.2,16.06842043,0.97170833,0.96374108,0.0,0.00758147,0.0001803
2025-05-22 04:00:00+00:00,8800.6975,15.76087133,0.97248846,0.96626732,0.0,0.00588347,0.0001414
2025-05-22 05:00:00+00:00,9539.5275,15.77076442,0.97162683,0.96555491,0.0,0.00570508,8.395e-05
2025-05-22 06:00:00+00:00,9800.435,15.99926125,0.96968756,0.96359989,2.71e-06,0.00538536,5.625e-05
2025-05-22 07:00:00+00:00,10122.7375,16.49395374,0.96808852,0.96111718,4.25e-06,0.00603155,0.00010264
2025-05-22 08:00:00+00:00,10294.2525,16.56801669,0.96745594,0.96223447,1.371e-05,0.00396703,5.833e-05
2025-05-22 09:00:00+00:00,10319.415,16.33272713,0.9647694,0.96260367,8.84e-06,0.00106164,0.00011595
2025-05-22 10:00:00+00:00,10409.54,16.88077217,0.96343361,0.96045437,4.37e-06,0.00162032,0.00015095
2025-05-22 11:00:00+00:00,10268.5475,17.01008869,0.9627127,0.95950572,2.76e-06,0.0017145,9.891e-05
2025-05-22 12:00:00+00:00,10165.015,17.09727538,0.96277775,0.9593425,8.7e-07,0.00182349,9.247e-05
2025-05-22 13:00:00+00:00,10086.23,16.85454492,0.96390644,0.96104546,8.1e-07,0.00128252,0.00011256
2025-05-22 14:00:00+00:00,9959.2125,16.70638737,0.96454664,0.95997559,6.13e-06,0.00344164,0.00019367
2025-05-22 15:00:00+00:00,9926.7675,16.31335424,0.96537537,0.95884513,0.0,0.00608437,0.00016158
2025-05-22 16:00:00+00:00,9616.6925,16.17807929,0.96642083,0.95966601,0.0,0.00636202,0.00014671
2025-05-22 17:00:00+00:00,9357.4675,15.63985993,0.96729473,0.96340327,0.0,0.0036019,0.00014267
2025-05-22 18:00:00+00:00,9284.495,15.08127321,0.96916577,0.9687795,7.999e-05,0.00014948,0.00010085
2025-05-22 19:00:00+00:00,9333.9625,15.2775893,0.96986808,0.9688972,0.00035864,0.00044219,0.0001181
2025-05-22 20:00:00+00:00,9211.1725,15.32542024,0.96831364,0.96729514,0.00024648,0.00060816,9.853e-05
2025-05-22 21:00:00+00:00,8692.4375,15.15662836,0.96707339,0.96619778,5.525e-05,0.00058027,0.00024585
2025-05-22 22:00:00+00:00,8391.415,15.47342171,0.970032,0.96660139,0.0,0.00314533,0.00025091
2025-05-22 23:00:00+00:00,8187.31,15.84076599,0.97035762,0.96608566,0.0,0.00394295,0.00031252
2025-05-23 00:00:00+00:00,7958.4325,15.90833807,0.97003081,0.96577101,0.0,0.00393494,0.00029806
2025-05-23 01:00:00+00:00,7794.1525,15.94357218,0.97058527,0.96678526,0.0,0.00348183,0.00029314
2025-05-23 02:00:00+00:00,7676.5425,15.89433438,0.97188331,0.96889199,1.85e-06,0.00269335,0.00028668
2025-05-23 03:00:00+00:00,7898.7125,15.65845314,0.97229053,0.97188612,0.00013301,0.0,0.00029188
2025-05-23 04:00:00+00:00,8781.195,16.44731857,0.97270662,0.97167458,0.00076727,0.0,0.00015225
2025-05-23 05:00:00+00:00,9496.0025,17.03929801,0.970878,0.9694198,0.0011643,0.0,0.00012076
2025-05-23 06:00:00+00:00,9786.2825,17.28580558,0.96879215,0.9673034,0.00115027,0.0,9.484e-05
2025-05-23 07:00:00+00:00,9652.02,17.33670719,0.96671447,0.96569572,0.00055155,2.834e-05,0.00017261
2025-05-23 08:00:00+00:00,9567.49,17.66523353,0.96125082,0.95824404,0.0,0.00243827,0.00019842
2025-05-23 09:00:00+00:00,9706.3125,19.21315713,0.9577703,0.95004641,1.5e-07,0.00667138,0.0002022
2025-05-23 10:00:00+00:00,9572.525,20.1660762,0.95821447,0.94898715,1.46e-06,0.00763194,0.00018651
2025-05-23 11:00:00+00:00,9293.7625,20.57283086,0.95565814,0.94509672,1.38e-06,0.00828261,0.00018884
2025-05-23 12:00:00+00:00,9087.8225,20.515522,0.95446653,0.94415705,1.526e-05,0.00795904,0.0002077
2025-05-23 13:00:00+00:00,8918.73,20.3686039,0.95347945,0.94267562,1.58e-05,0.00868503,0.00020296
2025-05-23 14:00:00+00:00,8914.435,19.71183118,0.95417038,0.94407744,8.92e-06,0.00854075,0.00012488
2025-05-23 15:00:00+00:00,8868.1025,18.30126484,0.96258864,0.95522135,1.156e-05,0.00641766,0.00012151
2025-05-23 16:00:00+00:00,8754.065,17.68060888,0.96623636,0.95993848,0.00023663,0.00563463,0.00015036
2025-05-23 17:00:00+00:00,8647.9475,18.19605141,0.96919909,0.96089581,0.00161412,0.00616377,0.00022229
2025-05-23 18:00:00+00:00,8519.41,18.26221776,0.97148995,0.96296228,0.0021123,0.00588499,0.00033338
2025-05-23 19:00:00+00:00,8373.28,18.26922918,0.97163123,0.9637477,0.00168811,0.00568487,0.00034176
2025-05-23 20:00:00+00:00,8349.1525,17.66468915,0.97260494,0.96741166,0.00101934,0.00373114,0.00034405
2025-05-23 21:00:00+00:00,7991.2275,17.8952935,0.97122052,0.96281901,0.00092603,0.00699564,0.00021716
2025-05-23 22:00:00+00:00,7665.335,16.97658809,0.9702347,0.96539239,0.00034887,0.00406542,0.00031966
2025-05-23 23:00:00+00:00,7551.4025,16.69312347,0.97090361,0.96778962,0.00037254,0.00232016,0.00045545
2025-05-24 00:00:00+00:00,7506.935,16.64625661,0.97037922,0.96676297,1.188e-05,0.00321709,0.00033821
2025-05-24 01:00:00+00:00,7413.35,16.9264101,0.97108981,0.96658259,0.0001447,0.00388058,0.00044005
2025-05-24 02:00:00+00:00,7247.3625,16.72709989,0.97120194,0.96728968,9.45e-05,0.00333496,0.00052415
2025-05-24 03:00:00+00:00,7169.34,16.72594064,0.97037924,0.966885,7.571e-05,0.00289879,0.00058779
2025-05-24 04:00:00+00:00,7229.7025,16.22208153,0.96840993,0.96742344,5.001e-05,0.0004646,0.00053105
2025-05-24 05:00:00+00:00,7420.43,16.21213795,0.96528169,0.96469229,7.6e-05,1.673e-05,0.0005133
2025-05-24 06:00:00+00:00,7433.7325,16.01416097,0.96222753,0.96176537,0.0,2.36e-06,0.00035398
2025-05-24 07:00:00+00:00,7452.7825,16.19079278,0.95641577,0.95595495,0.0,1.47e-06,0.0002221
2025-05-24 08:00:00+00:00,7690.2075,16.58708863,0.95724243,0.95645503,0.0,0.00029655,0.00028557
2025-05-24 09:00:00+00:00,7839.6225,17.17428109,0.95618601,0.95435446,0.0,0.00128236,0.00031188
2025-05-24 10:00:00+00:00,7909.48,17.31352696,0.95590805,0.95447435,3.094e-05,0.00079919,0.00032446
2025-05-24 11:00:00+00:00,7941.965,17.29732654,0.9547695,0.95352317,0.0,0.00069687,0.0003055
2025-05-24 12:00:00+00:00,7720.81,17.11708977,0.95372357,0.95244531,0.0,0.00082873,0.00016613
2025-05-24 13:00:00+00:00,7692.8625,16.99000802,0.95690642,0.95530304,0.0,0.00108219,0.00027357
2025-05-24 14:00:00+00:00,7657.6425,16.3296074,0.96081954,0.96033156,0.0,2.19e-06,0.00033529
2025-05-24 15:00:00+00:00,7964.07,15.86321942,0.96572745,0.96528607,0.0,2.65e-06,0.00043182
2025-05-24 16:00:00+00:00,8040.3875,16.05315221,0.96969648,0.9691713,1.9e-07,3.125e-05,0.00055231
2025-05-24 17:00:00+00:00,7958.325,15.8938639,0.97058278,0.97009646,2.4e-07,3.66e-06,0.00056302
2025-05-24 18:00:00+00:00,7968.445,15.76543198,0.97121305,0.97076444,1.012e-05,3.77e-06,0.00044928
2025-05-24 19:00:00+00:00,7894.0675,15.58647279,0.97177452,0.97135579,3.1e-07,3.68e-06,0.00053551
2025-05-24 20:00:00+00:00,7820.475,15.70642737,0.97213047,0.97165838,4.835e-05,3.6e-06,0.00051944
2025-05-24 21:00:00+00:00,7479.9525,15.24148716,0.97053254,0.97010976,3e-08,3.75e-06,0.00056215
2025-05-24 22:00:00+00:00,7378.59,14.88646007,0.97189046,0.97136695,0.0,0.00015448,0.00045153
2025-05-24 23:00:00+00:00,7143.75,15.10464321,0.97155312,0.97015275,5.87e-06,0.00082942,0.00050726
2025-05-25 00:00:00+00:00,7190.7225,15.41563029,0.97272414,0.96995018,6.739e-05,0.00178786,0.00050254
2025-05-25 01:00:00+00:00,7170.565,16.08974505,0.97147355,0.96715829,0.00017457,0.00266187,0.00048798
2025-05-25 02:00:00+00:00,7091.0625,16.24594017,0.97163553,0.96727331,0.00020636,0.00265988,0.00041765
2025-05-25 03:00:00+00:00,6856.5675,16.34680908,0.96854948,0.96487949,0.00017544,0.00175936,0.00040433
2025-05-25 04:00:00+00:00,6824.465,16.58506951,0.96707854,0.9646265,2.585e-05,0.00117081,0.00040764
2025-05-25 05:00:00+00:00,7048.8475,16.58376439,0.96550435,0.96502953,0.0,3.32e-06,0.00038696
2025-05-25 06:00:00+00:00,7444.1075,17.27811502,0.96267618,0.96213842,0.0,3.45e-06,0.00047025
2025-05-25 07:00:00+00:00,7762.0375,17.37122804,0.96190424,0.96122073,2.977e-05,4.1e-06,0.00064739
2025-05-25 08:00:00+00:00,8139.0625,17.14613527,0.95990949,0.9593343,5.9e-07,3.48e-06,0.00052542
2025-05-25 09:00:00+00:00,8402.7025,17.27047132,0.96056406,0.95987665,5.243e-05,3.65e-06,0.00058704
2025-05-25 10:00:00+00:00,8485.5025,17.13215899,0.96064719,0.95991924,8.061e-05,3.29e-06,0.00052693
2025-05-25 11:00:00+00:00,8615.43,17.11828824,0.96105735,0.96019768,9.035e-05,0.00010365,0.0005632
2025-05-25 12:00:00+00:00,8481.2725,16.99594583,0.96213147,0.960783,0.00011982,0.00057082,0.00059859
2025-05-25 13:00:00+00:00,8432.38,16.714022,0.96641195,0.96492005,0.00015222,0.0006634,0.00056657
2025-05-25 14:00:00+00:00,8396.535,16.82289856,0.96620921,0.96364448,0.00012906,0.00106301,0.00052195
2025-05-25 15:00:00+00:00,8420.9475,15.86343707,0.97172887,0.97050522,1.917e-05,0.0005214,0.00029927
2025-05-25 16:00:00+00:00,8577.12,16.206543,0.97179418,0.96980243,1.78e-06,0.00068196,0.00031332
2025-05-25 17:00:00+00:00,8634.48,15.77314581,0.97427835,0.97345279,1.6e-06,0.00019622,0.00043155
2025-05-25 18:00:00+00:00,8847.0175,15.57899051,0.97539869,0.9750193,0.0,3.24e-06,0.00053962
2025-05-25 19:00:00+00:00,8501.2275,15.31485847,0.9745934,0.973529,0.0,0.00068397,0.00056067
2025-05-25 20:00:00+00:00,8147.06,15.05883721,0.97341257,0.97304586,0.0,3.03e-06,0.00052407
2025-05-25 21:00:00+00:00,7733.915,15.82031082,0.97088566,0.96681048,0.0,0.00362444,0.00049958
2025-05-25 22:00:00+00:00,7490.4975,16.54533611,0.96939148,0.96085905,0.0,0.00799431,0.0004622
2025-05-25 23:00:00+00:00,7289.29,16.77992355,0.96957762,0.95962151,0.0,0.00937466,0.00048339
2025-05-26 00:00:00+00:00,7185.83,16.81754037,0.9689792,0.95874766,0.0,0.00967654,0.00043411
2025-05-26 01:00:00+00:00,7138.695,17.04193886,0.96895549,0.95797554,0.0,0.01040833,0.00042651
2025-05-26 02:00:00+00:00,7104.6725,17.13803715,0.96915423,0.95833501,0.0,0.01021526,0.00048943
2025-05-26 03:00:00+00:00,7240.455,16.39167463,0.96944345,0.96168186,0.0,0.00728206,0.00042256
2025-05-26 04:00:00+00:00,8195.1575,16.54606014,0.96989216,0.96405703,3.6e-07,0.00536604,0.00041976
2025-05-26 05:00:00+00:00,9124.335,17.02817579,0.96879274,0.96456999,8.88e-06,0.00349158,0.0004592
2025-05-26 06:00:00+00:00,9418.49,17.64355751,0.96501912,0.96071099,6.341e-05,0.00356143,0.00050507
2025-05-26 07:00:00+00:00,9287.215,18.03638955,0.95726649,0.95209853,6.097e-05,0.00424734,0.00049661
2025-05-26 08:00:00+00:00,9023.0,18.78316081,0.95252288,0.94650533,3.818e-05,0.00487122,0.00043428
2025-05-26 09:00:00+00:00,8979.23,19.4403564,0.94780965,0.94171195,2.991e-05,0.00424649,0.00031748
2025-05-26 10:00:00+00:00,8964.6075,18.36450671,0.9482044,0.94417602,6.4e-07,0.00345437,0.00015822
2025-05-26 11:00:00+00:00,8981.18,19.46140759,0.94738417,0.94187231,1.488e-05,0.00320035,0.00022656
2025-05-26 12:00:00+00:00,8748.6275,18.66313755,0.94532794,0.94132854,1.355e-05,0.00276663,0.00023524
2025-05-26 13:00:00+00:00,8628.9125,19.05012074,0.94839892,0.94244177,2.921e-05,0.00392338,0.00031299
2025-05-26 14:00:00+00:00,8447.5375,18.27633928,0.95425463,0.95067712,0.00013903,0.00183573,0.00050801
2025-05-26 15:00:00+00:00,8687.0725,17.18734749,0.95854305,0.95487798,0.00013358,0.00270571,0.00035537
2025-05-26 16:00:00+00:00,8536.585,15.88786666,0.96667502,0.96606966,0.000191,0.0,0.00034982
2025-05-26 17:00:00+00:00,8460.0125,15.82489134,0.97145932,0.9707522,0.00024872,0.0,0.00046767
2025-05-26 18:00:00+00:00,8546.055,15.80744366,0.97473683,0.97396421,0.000338,0.0,0.0004599
2025-05-26 19:00:00+00:00,8477.56,15.6272207,0.97604984,0.97539621,0.00026297,0.0,0.00039239
2025-05-26 20:00:00+00:00,8227.5875,15.48807576,0.97554839,0.9749381,0.00020508,0.0,0.00044105
2025-05-26 21:00:00+00:00,7800.0175,15.52466383,0.97407077,0.97303934,0.0002077,0.00039311,0.00046946
2025-05-26 22:00:00+00:00,7385.835,15.83963861,0.97337714,0.97049465,0.00018645,0.00226801,0.00036302
2025-05-26 23:00:00+00:00,7175.5925,15.99100109,0.9725318,0.96897238,0.0002037,0.00288165,0.00048786
2025-05-27 00:00:00+00:00,7203.9925,15.83249662,0.97308249,0.97042414,0.00015657,0.00165545,0.00047902
2025-05-27 01:00:00+00:00,7090.795,16.24637261,0.9725563,0.96827604,0.00011476,0.00244122,0.00045817
2025-05-27 02:00:00+00:00,7138.0925,16.23348517,0.9729236,0.9687559,0.00010807,0.0029344,0.00044734
2025-05-27 03:00:00+00:00,7450.315,16.75228672,0.97122723,0.9677614,0.00013586,0.00210875,0.0005559
2025-05-27 04:00:00+00:00,8077.9775,17.35394095,0.97112184,0.96808915,0.00020873,0.00164595,0.0004683
2025-05-27 05:00:00+00:00,8662.665,17.94250534,0.96534789,0.9626805,0.00025754,0.00130946,0.00035755
2025-05-27 06:00:00+00:00,8972.755,18.4260209,0.96394282,0.96111476,0.00028243,0.00118058,0.00027922
2025-05-27 07:00:00+00:00,9048.065,18.88696535,0.96058613,0.95624164,0.000233,0.00266801,0.00029868
2025-05-27 08:00:00+00:00,9195.3125,19.31851918,0.96168161,0.95610113,0.00013461,0.00375411,0.00027548
2025-05-27 09:00:00+00:00,9251.755,18.88620672,0.96374497,0.95870568,6.85e-05,0.00367703,0.0002394
2025-05-27 10:00:00+00:00,9226.47,19.17187694,0.96678731,0.96039806,0.00011343,0.00466443,0.00021178
2025-05-27 11:00:00+00:00,9281.585,18.42082124,0.96867894,0.96275813,0.00017816,0.00456909,0.00015022
2025-05-27 12:00:00+00:00,9124.9675,18.25642587,0.97000438,0.96446354,0.00021579,0.00396807,0.00024925
2025-05-27 13:00:00+00:00,8995.6175,17.02769332,0.97288533,0.96918924,0.00018215,0.00278665,0.00024499
2025-05-27 14:00:00+00:00,8622.1175,16.52646356,0.97302124,0.96810266,0.00014385,0.00429971,0.00020114
2025-05-27 15:00:00+00:00,8835.7525,16.31760812,0.97336429,0.96726704,0.00019072,0.00552146,0.00012624
2025-05-27 16:00:00+00:00,8873.8675,15.53153125,0.97487401,0.97239687,0.00031592,0.00172977,0.00037725
2025-05-27 17:00:00+00:00,8789.5375,15.77841473,0.9766935,0.97367545,0.00041046,0.00208969,0.0005586
2025-05-27 18:00:00+00:00,8607.9975,15.45269246,0.9772999,0.97536642,0.00045969,0.00102331,0.00058798
2025-05-27 19:00:00+00:00,8503.985,15.60518326,0.97796923,0.97512478,0.0004836,0.00189831,0.00057499
2025-05-27 20:00:00+00:00,8203.0025,15.47988184,0.97788644,0.97564984,0.00047332,0.00131281,0.00057286
2025-05-27 21:00:00+00:00,7698.2325,15.14828894,0.97615203,0.97523933,0.00048228,3.94e-06,0.00059474
2025-05-27 22:00:00+00:00,7400.8475,15.39598062,0.97694142,0.97512807,0.00047013,0.00096065,0.00048884
2025-05-27 23:00:00+00:00,7387.8175,16.13109716,0.97601748,0.97141677,0.0004424,0.00366186,0.00051201
2025-05-28 00:00:00+00:00,7407.48,16.25882573,0.97678447,0.97205773,0.00045642,0.00376431,0.00049305
2025-05-28 01:00:00+00:00,7327.4325,16.24493172,0.9761195,0.97167534,0.000394,0.00357503,0.00053225
2025-05-28 02:00:00+00:00,7246.22,16.30234854,0.97500699,0.97076322,0.00040585,0.00333558,0.00058295
2025-05-28 03:00:00+00:00,7375.735,16.4826031,0.97461095,0.97053106,0.00046749,0.00310103,0.00060401
2025-05-28 04:00:00+00:00,8236.14,17.04013468,0.973389,0.96972744,0.00045595,0.00271099,0.00052246
2025-05-28 05:00:00+00:00,8726.195,17.09436274,0.97200199,0.96943861,0.00046785,0.00160157,0.0004299
2025-05-28 06:00:00+00:00,8958.3025,18.01312592,0.96952058,0.9659586,0.00076984,0.00220969,0.0005342
2025-05-28 07:00:00+00:00,8859.515,18.46063999,0.96442915,0.96146906,0.00069979,0.00156979,0.00043699
2025-05-28 08:00:00+00:00,8888.5525,19.48120138,0.95866936,0.95389551,0.00039471,0.00252497,0.00050824
2025-05-28 09:00:00+00:00,8746.2375,19.74845032,0.95652788,0.95195614,0.00052189,0.00225331,0.00051867
2025-05-28 10:00:00+00:00,8551.715,19.21545269,0.95457084,0.95150527,0.0003539,0.00206051,0.00050663
2025-05-28 11:00:00+00:00,8246.255,19.05476084,0.95486687,0.95328459,0.00035378,0.00063806,0.00050224
2025-05-28 12:00:00+00:00,8005.37,19.8365327,0.95317041,0.9484451,0.00039094,0.0035275,0.00032353
2025-05-28 13:00:00+00:00,7929.7125,19.3282981,0.95623663,0.95372907,0.00026201,0.00164488,0.00033898
2025-05-28 14:00:00+00:00,8041.3425,18.87377414,0.9577247,0.95715951,9.857e-05,0.0,0.00047086
2025-05-28 15:00:00+00:00,8080.6,18.78312763,0.96653666,0.96598006,0.00012583,0.0,0.00047139
2025-05-28 16:00:00+00:00,8194.4725,18.76202631,0.9719974,0.97125396,0.00024508,2.85e-06,0.00068785
2025-05-28 17:00:00+00:00,8325.4825,18.77698939,0.97585559,0.97511266,0.0003075,0.0,0.0006262
2025-05-28 18:00:00+00:00,8247.005,18.62973458,0.97785931,0.97713265,0.0003094,0.0,0.00066585
2025-05-28 19:00:00+00:00,8083.2075,18.3270146,0.97841718,0.97752044,0.00051605,1.53e-06,0.00061237
2025-05-28 20:00:00+00:00,7912.8275,18.18084154,0.97818311,0.9772229,0.00055555,2.67e-06,0.0006168
2025-05-28 21:00:00+00:00,7456.6675,17.84530531,0.97688107,0.97627659,0.00019279,2.81e-06,0.00066105
2025-05-28 22:00:00+00:00,7175.01,17.77702378,0.9763856,0.97441485,0.00016191,0.00136327,0.00067562
2025-05-28 23:00:00+00:00,7010.88,17.71500267,0.97703176,0.9755874,0.00010788,0.00089809,0.00062236
2025-05-29 00:00:00+00:00,6943.655,17.68461561,0.97734551,0.97645645,0.00012928,0.00034389,0.00060938
2025-05-29 01:00:00+00:00,6899.1125,17.7779099,0.97725201,0.97671643,0.00014143,0.0,0.0006475
2025-05-29 02:00:00+00:00,6838.0325,17.88396434,0.97657424,0.97609248,0.00012383,0.0,0.00055476
2025-05-29 03:00:00+00:00,6889.6375,18.19243493,0.97580224,0.97531863,0.00013472,0.0,0.00052305
2025-05-29 04:00:00+00:00,7041.1425,18.7641944,0.97573143,0.97519598,0.00016713,0.0,0.00047061
2025-05-29 05:00:00+00:00,7225.44,19.42983021,0.969674,0.96912163,0.0001647,0.0,0.00042185
2025-05-29 06:00:00+00:00,7462.2725,20.19799087,0.9631608,0.96258727,0.00015085,0.0,0.00049826
2025-05-29 07:00:00+00:00,7501.35,20.80501019,0.95701433,0.95638109,0.00013729,0.0,0.00051694
2025-05-29 08:00:00+00:00,7422.24,20.85385634,0.94748971,0.94703548,0.00010847,0.0,0.00025411
2025-05-29 09:00:00+00:00,7479.0975,20.98149165,0.94012865,0.93933246,0.00020572,0.00016377,0.00020998
2025-05-29 10:00:00+00:00,7484.37,21.82719416,0.9375795,0.93503525,0.00022309,0.00124675,0.00023742
2025-05-29 11:00:00+00:00,7444.215,22.8956437,0.93648576,0.93126988,0.00020156,0.0027218,0.00024464
2025-05-29 12:00:00+00:00,7384.165,22.7484505,0.9356991,0.92971914,0.00018145,0.00306622,0.00022918
2025-05-29 13:00:00+00:00,7297.8625,21.58103619,0.94303599,0.9381885,0.00022548,0.00236886,0.00022501
2025-05-29 14:00:00+00:00,7386.4425,20.45183267,0.95264584,0.94918594,0.00021118,0.00157504,0.00031092
2025-05-29 15:00:00+00:00,7602.4925,19.31452578,0.96588925,0.96544445,7.987e-05,7.447e-05,0.00021594
2025-05-29 16:00:00+00:00,7742.085,19.14598489,0.97254886,0.97189228,0.0002738,0.0,0.00050019
2025-05-29 17:00:00+00:00,7754.475,18.84952496,0.97671556,0.97605381,0.00028874,1.79e-06,0.0005276
2025-05-29 18:00:00+00:00,7740.0125,18.59699808,0.9785821,0.97802825,0.00021518,3.57e-06,0.00052816
2025-05-29 19:00:00+00:00,7602.6225,18.30319918,0.97959394,0.97907499,0.00020612,3.3e-06,0.00054146
2025-05-29 20:00:00+00:00,7544.2125,18.17589149,0.98017352,0.97965448,0.00018734,3.23e-06,0.00051146
2025-05-29 21:00:00+00:00,7131.54,17.92176522,0.97975632,0.97923492,0.00022708,1.97e-06,0.00044652
2025-05-29 22:00:00+00:00,6777.7225,17.61862921,0.98007757,0.97968431,9.345e-05,0.0,0.00050777
2025-05-29 23:00:00+00:00,6766.765,17.41316493,0.97996888,0.97950058,0.00011958,0.0,0.0005775
2025-05-30 00:00:00+00:00,6788.7125,17.35286423,0.98046374,0.97996409,0.00013347,0.0,0.00064515
2025-05-30 01:00:00+00:00,6755.7125,17.09744855,0.97996075,0.97948601,0.00013124,0.0,0.00059466
2025-05-30 02:00:00+00:00,6656.7575,16.9617723,0.97977706,0.97935209,0.00012702,0.0,0.0004968
2025-05-30 03:00:00+00:00,6718.5275,17.02969234,0.9795213,0.97912325,0.00013417,0.0,0.00041397
2025-05-30 04:00:00+00:00,7204.425,17.44106,0.97880053,0.97842658,8.49e-05,0.0,0.00038912
2025-05-30 05:00:00+00:00,7738.8675,17.75513084,0.97732642,0.97690073,8.569e-05,0.0,0.00039853
2025-05-30 06:00:00+00:00,8103.045,17.88483925,0.97694788,0.97657459,2.885e-05,0.0,0.00038454
2025-05-30 07:00:00+00:00,8355.2975,17.60529363,0.97470306,0.97440176,0.0,0.0,0.00017656
2025-05-30 08:00:00+00:00,8586.52,17.12316225,0.97165614,0.97125488,1.897e-05,0.0,0.00029564
2025-05-30 09:00:00+00:00,8631.4125,17.01217819,0.96600135,0.96555631,7.684e-05,2.7e-07,0.00029309
2025-05-30 10:00:00+00:00,8625.745,17.3320151,0.96328386,0.96243871,4.767e-05,0.00015731,0.00027261
2025-05-30 11:00:00+00:00,8491.9,17.07852595,0.96333505,0.96294742,4.945e-05,1.54e-06,0.00026288
2025-05-30 12:00:00+00:00,8042.1275,17.27535429,0.96304309,0.96257143,9.259e-05,1.88e-06,0.00029266
2025-05-30 13:00:00+00:00,7577.6825,16.81928585,0.96476423,0.96443593,4.157e-05,7.1e-07,0.00013104
2025-05-30 14:00:00+00:00,7450.615,16.59362976,0.96538989,0.96508838,5.651e-05,4.3e-07,9.524e-05
2025-05-30 15:00:00+00:00,7534.825,16.8640434,0.96854171,0.96840117,0.0,0.0,0.0
2025-05-30 16:00:00+00:00,7706.8775,17.25468884,0.97514937,0.97478985,0.00012454,1e-06,0.00022367
2025-05-30 17:00:00+00:00,7670.45,16.99397608,0.97846745,0.97802798,0.00016911,1.99e-06,0.0003736
2025-05-30 18:00:00+00:00,7856.47,16.62340371,0.98063749,0.98039552,4.773e-05,1.55e-06,0.00029679
2025-05-30 19:00:00+00:00,7841.1525,16.1807777,0.98193699,0.98173232,3.977e-05,1.08e-06,0.0002592
2025-05-30 20:00:00+00:00,7630.3575,15.69002184,0.98208155,0.98203297,0.0,0.0,0.0
2025-05-30 21:00:00+00:00,7307.265,15.39600005,0.98099906,0.98093663,5.45e-06,1.4e-07,2.826e-05
2025-05-30 22:00:00+00:00,6796.3525,14.81993025,0.98110295,0.98106532,0.0,0.0,0.0
2025-05-30 23:00:00+00:00,6513.4425,14.90748879,0.98051988,0.98045467,0.0,0.0,0.0
2025-05-31 00:00:00+00:00,6444.7575,14.93295061,0.98061199,0.98057169,0.0,0.0,0.0
2025-05-31 01:00:00+00:00,6225.49,15.01023316,0.97972878,0.9796946,0.0,0.0,0.0
2025-05-31 02:00:00+00:00,6129.2575,15.04161219,0.97973941,0.97969601,0.0,0.0,0.0
2025-05-31 03:00:00+00:00,6229.8575,15.11297031,0.97843111,0.97837892,0.0,0.0,0.0
2025-05-31 04:00:00+00:00,6314.2025,15.5388708,0.97489877,0.97471953,6.238e-05,1.4e-07,2.361e-05
2025-05-31 05:00:00+00:00,6642.83,15.98289973,0.97072679,0.97056566,0.0,0.0,0.0
2025-05-31 06:00:00+00:00,6963.3825,16.71023656,0.96370265,0.96350984,0.0,0.0,0.0
2025-05-31 07:00:00+00:00,7039.495,17.57106469,0.95582418,0.9555509,0.0,0.0,0.0
2025-05-31 08:00:00+00:00,7098.575,18.24119766,0.94974642,0.9494414,0.0,0.0,0.0
2025-05-31 09:00:00+00:00,7124.16,18.55239834,0.94758505,0.9473278,0.0,0.0,0.0
2025-05-31 10:00:00+00:00,7080.7825,18.83244097,0.94226324,0.94194329,0.0,0.0,0.0
2025-05-31 11:00:00+00:00,7051.0875,19.37979638,0.9415036,0.9405111,4.6e-06,0.00014774,7.34e-06
2025-05-31 12:00:00+00:00,6934.345,19.93041555,0.94467513,0.94270112,3.33e-06,0.00041125,1.861e-05
2025-05-31 13:00:00+00:00,6967.4375,18.10653114,0.95410496,0.9532239,0.0,0.00061534,0.0
2025-05-31 14:00:00+00:00,6994.8475,17.49112891,0.95947303,0.95874704,0.0,0.00047371,0.0
2025-05-31 15:00:00+00:00,7376.22,16.76337264,0.96843602,0.96825196,0.0,0.0,0.0
2025-05-31 16:00:00+00:00,7534.935,16.56132196,0.97554631,0.9743297,3.559e-05,0.00096862,9.866e-05
2025-05-31 17:00:00+00:00,7610.55,17.10698592,0.98015354,0.97678237,0.00045628,0.00267728,0.00019161
2025-05-31 18:00:00+00:00,7562.3125,17.39496392,0.98175268,0.97767375,0.00064097,0.00315263,0.00032836
2025-05-31 19:00:00+00:00,7488.1375,17.10199154,0.98311099,0.97961792,0.00053298,0.00269605,0.00033915
2025-05-31 20:00:00+00:00,7504.49,16.90091085,0.98432983,0.98075273,0.00050676,0.00280259,0.00030673
2025-05-31 21:00:00+00:00,7298.5575,16.71044423,0.98456137,0.98106031,0.00041262,0.00291313,0.00012229
2025-05-31 22:00:00+00:00,7108.3825,17.41371735,0.98471716,0.98056526,0.00070728,0.00317595,0.0003096
2025-05-31 23:00:00+00:00,6915.4225,17.37618987,0.98381033,0.97914668,0.00059312,0.00381439,0.00022424
2025-06-01 00:00:00+00:00,6796.4475,17.56162597,0.98358228,0.97871513,0.00066299,0.00394422,0.00024295
2025-06-01 01:00:00+00:00,6838.51,17.65161013,0.98313724,0.97835281,0.00067555,0.00376741,0.00044934
2025-06-01 02:00:00+00:00,6778.585,17.89043987,0.98296603,0.9783855,0.00039479,0.00375461,0.00046986
2025-06-01 03:00:00+00:00,6617.085,18.16265025,0.98120214,0.97674334,0.00045542,0.00343987,0.00049947
2025-06-01 04:00:00+00:00,6494.865,18.14717862,0.97785446,0.97410586,0.00032277,0.00303525,0.0004065
2025-06-01 05:00:00+00:00,6599.925,18.43331772,0.97403549,0.97230936,0.00026969,0.00115165,0.00021736
2025-06-01 06:00:00+00:00,6927.97,19.30755037,0.96481852,0.96228732,0.00015065,0.00200029,0.00022627
2025-06-01 07:00:00+00:00,6966.21,19.04328206,0.95534272,0.9537397,0.0,0.00124934,0.0
2025-06-01 08:00:00+00:00,7092.24,19.41694662,0.95653084,0.95568436,9.231e-05,0.00041219,1.297e-05
2025-06-01 09:00:00+00:00,7333.8325,19.45335681,0.9525405,0.95101987,2.023e-05,0.00062044,8.44e-06
2025-06-01 10:00:00+00:00,7547.33,21.70943853,0.94904903,0.94326541,5.72e-05,0.00243848,3.83e-05
2025-06-01 11:00:00+00:00,7584.67,25.24885794,0.94475598,0.93309933,5.535e-05,0.00440059,9.608e-05
2025-06-01 12:00:00+00:00,7719.6025,24.73875495,0.94716526,0.93553463,1.941e-05,0.00438402,0.0001077
2025-06-01 13:00:00+00:00,7651.8725,21.07975815,0.95528239,0.94752592,3.149e-05,0.00369921,6.163e-05
2025-06-01 14:00:00+00:00,7651.71,19.27263464,0.96942059,0.96418822,0.00010175,0.00272263,0.00023147
2025-06-01 15:00:00+00:00,8128.755,17.55278899,0.97690795,0.97450959,2.327e-05,0.00122323,8.854e-05
2025-06-01 16:00:00+00:00,8336.2625,16.57627102,0.98328992,0.98316339,0.0,0.0,0.0
2025-06-01 17:00:00+00:00,8336.555,16.63822045,0.98441894,0.98404275,0.00011281,0.0,0.00034536
2025-06-01 18:00:00+00:00,8193.945,16.70810851,0.98557065,0.98524797,7.863e-05,0.0,0.00035727
2025-06-01 19:00:00+00:00,8056.82,16.46917621,0.98544676,0.98512836,5.4e-05,0.0,0.00043069
2025-06-01 20:00:00+00:00,7972.2225,16.59128473,0.98532511,0.9834739,2.007e-05,0.00150419,0.0004895
2025-06-01 21:00:00+00:00,7450.1425,16.28396366,0.98482513,0.98213457,0.0,0.00250288,0.00017587
2025-06-01 22:00:00+00:00,6974.7925,15.92775295,0.9827349,0.97948711,0.0,0.0031409,0.0
2025-06-01 23:00:00+00:00,6843.2575,15.93344134,0.98374252,0.979717,0.0,0.00389185,0.0
2025-06-02 00:00:00+00:00,6852.81,16.00680565,0.98446209,0.9795504,0.0,0.00477365,0.0
2025-06-02 01:00:00+00:00,6875.4175,16.01836538,0.98401551,0.98005511,0.0,0.00384123,0.0
2025-06-02 02:00:00+00:00,6774.285,16.00980744,0.98402142,0.98029741,1.95e-05,0.00357519,1.4e-05
2025-06-02 03:00:00+00:00,6963.5725,16.2421682,0.98327305,0.9799548,0.00013414,0.00292366,0.00030374
2025-06-02 04:00:00+00:00,7931.98,16.41589261,0.98169224,0.97969707,9.452e-05,0.00156559,0.00041779
2025-06-02 05:00:00+00:00,8752.3525,17.18580085,0.97803742,0.97690852,0.00019644,0.00054757,0.00050227
2025-06-02 06:00:00+00:00,8658.17,17.41264163,0.97351592,0.97259173,0.00017231,0.00036056,0.00044117
2025-06-02 07:00:00+00:00,8856.845,17.97183661,0.96795586,0.96584995,0.0001504,0.0014993,0.0004083
2025-06-02 08:00:00+00:00,8892.215,18.31018342,0.96528318,0.9629282,0.00015736,0.00173869,0.00036037
2025-06-02 09:00:00+00:00,9050.9475,18.51203945,0.96348911,0.96129163,0.00015423,0.00161344,0.00036314
2025-06-02 10:00:00+00:00,9001.1775,18.47006786,0.96283493,0.96052301,9.901e-05,0.00188864,9.306e-05
2025-06-02 11:00:00+00:00,8777.12,18.88558355,0.96129698,0.95685759,0.00011209,0.00396121,8.651e-05
2025-06-02 12:00:00+00:00,8614.795,18.53693373,0.96169834,0.95852335,0.00015392,0.00271929,0.00010588
2025-06-02 13:00:00+00:00,8562.695,18.39649481,0.96296469,0.95961723,0.00013893,0.00290857,0.00010632
2025-06-02 14:00:00+00:00,8622.0325,17.73590438,0.96767224,0.96701521,0.00017385,0.00021529,0.00018982
2025-06-02 15:00:00+00:00,8766.3525,17.5932877,0.97288438,0.97214974,0.00031366,0.0,0.00074349
2025-06-02 16:00:00+00:00,8577.1975,17.43640644,0.97781542,0.97699356,0.00039714,0.0,0.00087533
2025-06-02 17:00:00+00:00,8434.455,17.2221639,0.98171225,0.98061247,0.00042826,0.00028016,0.00091782
2025-06-02 18:00:00+00:00,8448.935,17.21136893,0.98453721,0.98366786,0.00041293,9.012e-05,0.00096658
2025-06-02 19:00:00+00:00,8308.4675,16.67682375,0.98538732,0.9846776,0.00037952,0.0,0.00085815
2025-06-02 20:00:00+00:00,8088.02,16.33240159,0.98546249,0.9844312,0.0003482,0.00034942,0.000849
2025-06-02 21:00:00+00:00,7707.4125,16.04862519,0.98512252,0.9843723,0.00028837,0.00015509,0.00076788
2025-06-02 22:00:00+00:00,7231.5975,15.92953293,0.98528071,0.98445719,0.00022556,0.00030452,0.00051755
2025-06-02 23:00:00+00:00,7111.45,15.98033502,0.98524911,0.98423916,0.00029404,0.00041346,0.00052662
2025-06-03 00:00:00+00:00,7171.84,16.34006348,0.98486446,0.98358713,0.00033796,0.00053798,0.0009902
2025-06-03 01:00:00+00:00,7053.91,16.35888053,0.98471699,0.98396571,0.00036653,4.9e-07,0.00097122
2025-06-03 02:00:00+00:00,6913.615,16.60096491,0.98426549,0.98353757,0.00034266,4.3e-07,0.00095478
2025-06-03 03:00:00+00:00,7156.76,17.21737616,0.98338099,0.98265084,0.00036672,7e-07,0.00089965
2025-06-03 04:00:00+00:00,8043.885,18.39783269,0.98248546,0.9816555,0.0004491,3.23e-06,0.00078518
2025-06-03 05:00:00+00:00,8859.29,19.26280724,0.97912615,0.97780677,0.00071323,2.576e-05,0.00066982
2025-06-03 06:00:00+00:00,8815.6075,19.72518164,0.97347133,0.97236919,0.00052958,1.073e-05,0.00073693
2025-06-03 07:00:00+00:00,8748.885,20.58634203,0.96603569,0.96400458,0.0003113,0.0006822,0.00062586
2025-06-03 08:00:00+00:00,8576.335,20.80483124,0.9577432,0.95587651,0.00013965,0.00076873,0.00039936
2025-06-03 09:00:00+00:00,8462.8725,21.13692557,0.94931077,0.94691185,0.00010787,0.00092387,0.00032174
2025-06-03 10:00:00+00:00,8243.84,21.26996089,0.94383579,0.94071387,2.695e-05,0.00113907,0.00010356
2025-06-03 11:00:00+00:00,8096.365,21.23490198,0.94249287,0.93935196,2.02e-06,0.00117601,1.582e-05
2025-06-03 12:00:00+00:00,8077.315,21.01979663,0.9439783,0.94050465,3.03e-06,0.0012464,2.598e-05
2025-06-03 13:00:00+00:00,8066.0575,20.33836405,0.95694956,0.95438927,9.805e-05,0.00082518,0.00025758
2025-06-03 14:00:00+00:00,8249.8725,19.79142512,0.967622,0.96517166,0.00018821,0.00119799,0.00035355
2025-06-03 15:00:00+00:00,8435.3575,19.0502835,0.97470735,0.97224844,0.00029632,0.00105572,0.00072364
2025-06-03 16:00:00+00:00,8374.715,18.13159023,0.97820933,0.97641216,0.00040418,0.00051296,0.00078739
2025-06-03 17:00:00+00:00,8551.03,17.47873841,0.98271971,0.98162401,0.00055893,6.973e-05,0.00080977
2025-06-03 18:00:00+00:00,8579.315,16.96823674,0.98509686,0.98425897,0.00047675,2.6e-07,0.0007806
2025-06-03 19:00:00+00:00,8353.5425,16.51568529,0.98559313,0.98443709,0.00062253,0.00020375,0.00076488
2025-06-03 20:00:00+00:00,7974.145,15.90246734,0.98503828,0.98399492,0.00043799,0.00027153,0.00075074
2025-06-03 21:00:00+00:00,7524.1125,15.78927487,0.98528958,0.98405963,0.00041484,0.00046284,0.00087939
2025-06-03 22:00:00+00:00,7105.84,14.91038374,0.98549277,0.98538138,7.266e-05,0.0,2.5e-07
2025-06-03 23:00:00+00:00,7061.74,15.25693003,0.98477954,0.98303024,1.935e-05,0.00164714,3.53e-06
2025-06-04 00:00:00+00:00,7124.005,15.4713392,0.98416208,0.98079531,0.0,0.00325818,0.0
2025-06-04 01:00:00+00:00,7062.045,15.40546283,0.98379046,0.98051313,0.0,0.00317002,0.0
2025-06-04 02:00:00+00:00,6855.265,14.84322537,0.98485639,0.98480683,6.29e-06,0.0,8.78e-06
2025-06-04 03:00:00+00:00,7037.625,15.24701318,0.98471426,0.98443253,0.00020524,3e-08,0.00020422
2025-06-04 04:00:00+00:00,7812.85,15.8737837,0.98175937,0.98115841,0.00029133,2.1e-07,0.00064839
2025-06-04 05:00:00+00:00,8737.1625,16.50683617,0.97949715,0.97877805,0.00032158,2.7e-07,0.00072921
2025-06-04 06:00:00+00:00,9041.5875,17.04122824,0.97648123,0.9756798,0.00033606,2.7e-07,0.00081736
2025-06-04 07:00:00+00:00,9166.1025,17.19164693,0.97320862,0.97240255,0.00019901,0.00014789,0.00057125
2025-06-04 08:00:00+00:00,9176.63,16.93587124,0.97134714,0.9709087,0.0,0.00013813,3.1e-07
2025-06-04 09:00:00+00:00,9166.8475,17.18781455,0.96781307,0.96721473,0.0,0.00028202,6.5e-07
2025-06-04 10:00:00+00:00,9068.8725,17.06883034,0.96777453,0.96712834,0.0,0.00031258,7.3e-07
2025-06-04 11:00:00+00:00,9010.115,17.06415087,0.96823965,0.96747416,0.0,0.00042585,1.08e-06
2025-06-04 12:00:00+00:00,8923.125,16.87791049,0.96849936,0.96819233,0.0,1.682e-05,4e-08
2025-06-04 13:00:00+00:00,8866.1625,16.91584765,0.97139791,0.97050881,6.4e-07,0.00046434,2.58e-06
2025-06-04 14:00:00+00:00,8828.8525,16.59804476,0.97540029,0.97500968,8.444e-05,6e-08,0.00014349
2025-06-04 15:00:00+00:00,8808.2175,16.55638199,0.97960508,0.97898969,0.00019298,2e-07,0.0004414
2025-06-04 16:00:00+00:00,8828.68,16.76528641,0.9829425,0.98202805,0.00049911,3.8e-07,0.00057937
2025-06-04 17:00:00+00:00,8691.62,16.58133362,0.98393371,0.98302638,0.00054604,2.6e-07,0.00085287
2025-06-04 18:00:00+00:00,8468.75,16.4862715,0.98520472,0.98432212,0.00056143,1.9e-07,0.0005672
2025-06-04 19:00:00+00:00,8366.4225,16.52137076,0.9853989,0.98454615,0.00048947,2.6e-07,0.0009063
2025-06-04 20:00:00+00:00,8059.8425,16.18174086,0.98510291,0.98411633,0.00026828,0.00039007,0.00052799
2025-06-04 21:00:00+00:00,7699.3025,16.0354558,0.98451411,0.98359599,0.00028943,0.00030222,0.00072108
2025-06-04 22:00:00+00:00,7568.155,15.73215528,0.98459165,0.98332784,0.0001701,0.00083631,0.00024311
2025-06-04 23:00:00+00:00,7213.1425,15.74050773,0.98407219,0.98209024,0.00013858,0.00163002,0.0001735
2025-06-05 00:00:00+00:00,6972.2625,15.94256993,0.98368568,0.98079,0.00014128,0.00253546,0.00027599
2025-06-05 01:00:00+00:00,6789.35,16.0339904,0.98337579,0.98025967,0.00016957,0.00270779,0.0002994
2025-06-05 02:00:00+00:00,6578.35,15.85408292,0.98308569,0.98185992,0.00019511,0.0007657,0.00041357
2025-06-05 03:00:00+00:00,6990.5225,16.28773713,0.98225163,0.98125762,0.00031381,0.00034243,0.00054365
2025-06-05 04:00:00+00:00,8003.9025,17.2911015,0.9806124,0.9790808,0.00067206,0.0004757,0.00062632
2025-06-05 05:00:00+00:00,8609.1,18.02793539,0.97749804,0.97535618,0.00106184,0.00064017,0.00059502
2025-06-05 06:00:00+00:00,8711.65,18.61708241,0.97362138,0.97145749,0.00133288,0.00035007,0.00057631
2025-06-05 07:00:00+00:00,8631.6775,18.89571549,0.96790027,0.96654716,0.0006248,0.00017051,0.00072386
2025-06-05 08:00:00+00:00,8646.1575,18.92655606,0.95931331,0.95837606,0.00024195,0.0001055,0.00059261
2025-06-05 09:00:00+00:00,8585.315,19.0136484,0.95690502,0.95602468,5.368e-05,0.00037619,0.00022812
2025-06-05 10:00:00+00:00,8559.2425,18.99641809,0.95651711,0.95562769,1.529e-05,0.00044474,0.0001499
2025-06-05 11:00:00+00:00,8338.3025,18.79915255,0.95840044,0.95756253,0.0,0.00041091,0.00010709
2025-06-05 12:00:00+00:00,8380.3625,18.7668163,0.96215323,0.96096099,0.00014636,0.0005298,0.00043982
2025-06-05 13:00:00+00:00,8375.4925,18.24777481,0.96639698,0.96555049,7.78e-05,0.00033983,0.00034523
2025-06-05 14:00:00+00:00,8371.0575,17.96042378,0.97137158,0.97050059,0.0002079,0.00017944,0.00055929
2025-06-05 15:00:00+00:00,8416.785,17.91437892,0.97808718,0.9768265,0.00048268,0.00033117,0.00069295
2025-06-05 16:00:00+00:00,8409.3975,17.89881188,0.98219375,0.98051901,0.00088081,0.00040614,0.00075129
2025-06-05 17:00:00+00:00,8316.5475,17.77054988,0.98458785,0.9833776,0.00086285,0.0,0.00080068
2025-06-05 18:00:00+00:00,8302.8525,17.71913887,0.98526142,0.98367401,0.0008506,0.00039612,0.00082392
2025-06-05 19:00:00+00:00,7911.6175,17.31303135,0.98522616,0.98385133,0.00071293,0.00035616,0.00075516
2025-06-05 20:00:00+00:00,7748.2675,17.02456075,0.9848284,0.98327697,0.00056515,0.00068113,0.00068582
2025-06-05 21:00:00+00:00,7285.0975,16.40422054,0.98296877,0.98207844,0.00035415,0.00024674,0.00074742
2025-06-05 22:00:00+00:00,6951.4425,16.39149881,0.98168295,0.97994054,0.000426,0.00080926,0.00052757
2025-06-05 23:00:00+00:00,6777.7,16.62745681,0.98147085,0.97880693,0.00025079,0.00168074,0.00049219
2025-06-06 00:00:00+00:00,6550.2725,16.31220593,0.98068068,0.97937175,0.00027203,0.00058637,0.0007459
2025-06-06 01:00:00+00:00,6426.555,16.18025228,0.97881632,0.97791773,0.00026131,0.00034805,0.00070581
2025-06-06 02:00:00+00:00,6279.945,16.27036049,0.97900441,0.97842723,0.00026384,0.0,0.00077763
2025-06-06 03:00:00+00:00,6388.455,16.73742771,0.9831506,0.98247147,0.0003344,0.0,0.00081126
2025-06-06 04:00:00+00:00,6617.98,17.46369055,0.98220245,0.98141573,0.0004165,0.0,0.000774
2025-06-06 05:00:00+00:00,6897.73,17.93388796,0.97986794,0.97907895,0.00034026,0.0,0.00080047
2025-06-06 06:00:00+00:00,7247.745,18.22059565,0.97785752,0.97716339,0.0002072,0.0,0.00064446
2025-06-06 07:00:00+00:00,7658.7775,18.28774945,0.97458846,0.97421526,0.0,0.0,0.00011248
2025-06-06 08:00:00+00:00,7958.83,18.70703159,0.97247847,0.97185024,5.987e-05,9.69e-06,0.00041332
2025-06-06 09:00:00+00:00,8143.1375,18.8278702,0.97155421,0.97041166,6.903e-05,0.0004878,0.00035733
2025-06-06 10:00:00+00:00,8139.395,18.7584406,0.97224783,0.97102294,4.388e-05,0.00058585,0.00035286
2025-06-06 11:00:00+00:00,7847.3575,18.55119331,0.97264843,0.97177609,4.238e-05,0.00020332,0.00035814
2025-06-06 12:00:00+00:00,7781.935,18.37069087,0.97468141,0.97376021,9.216e-05,0.0001645,0.00061482
2025-06-06 13:00:00+00:00,7768.93,18.03474955,0.97687971,0.97605645,0.0001767,2.31e-06,0.00067748
2025-06-06 14:00:00+00:00,7704.5225,17.69359999,0.97753669,0.9767921,0.00016593,2.44e-06,0.00064207
2025-06-06 15:00:00+00:00,7641.835,17.40561659,0.97726211,0.97655931,9.476e-05,0.00015096,0.00047211
2025-06-06 16:00:00+00:00,7580.55,17.28526241,0.97832032,0.97778089,0.00015921,1.07e-06,0.00054064
2025-06-06 17:00:00+00:00,7536.8825,17.27153654,0.97951339,0.97881629,0.00033526,1.21e-06,0.00066509
2025-06-06 18:00:00+00:00,7224.7375,17.05040918,0.98006083,0.97934878,0.00040043,0.0,0.00064421
2025-06-06 19:00:00+00:00,6996.515,16.69509062,0.98024698,0.97961593,0.00034136,0.0,0.000624
2025-06-06 20:00:00+00:00,7013.6825,16.6324723,0.98100567,0.98042047,0.00028341,0.0,0.00066822
2025-06-06 21:00:00+00:00,6885.7875,16.34640692,0.98086109,0.98035305,0.00021872,3e-08,0.00066067
2025-06-06 22:00:00+00:00,7030.315,15.98533602,0.98232369,0.98155106,0.00010972,0.00039497,0.00051855
2025-06-06 23:00:00+00:00,6827.145,15.84785028,0.9822395,0.98154744,0.00011452,0.00031871,0.00054069
2025-06-07 00:00:00+00:00,6795.785,15.89961803,0.98239994,0.98192146,0.00011572,0.0001238,0.00052461
2025-06-07 01:00:00+00:00,6713.0475,15.87684227,0.98260426,0.9817383,7.294e-05,0.00056886,0.00042205
2025-06-07 02:00:00+00:00,6567.7075,15.82454089,0.98276099,0.98193754,6.81e-05,0.00054041,0.0003476
2025-06-07 03:00:00+00:00,6515.7125,15.58617153,0.98181447,0.98129844,5.106e-05,0.00027957,0.0003131
2025-06-07 04:00:00+00:00,6632.6525,15.82596268,0.97926011,0.9786578,0.0001168,0.0002227,0.00045249
2025-06-07 05:00:00+00:00,6781.8175,16.19110011,0.97666469,0.97566066,0.00014066,0.00050768,0.00049381
2025-06-07 06:00:00+00:00,7143.8975,16.57234804,0.9742675,0.97268414,0.00010392,0.00107014,0.00042781
2025-06-07 07:00:00+00:00,7517.625,17.3406031,0.9711039,0.96815917,0.00011218,0.00233301,0.00037682
2025-06-07 08:00:00+00:00,7640.42,17.82531921,0.96648255,0.96314683,7.591e-05,0.0027234,0.00029537
2025-06-07 09:00:00+00:00,7732.9275,18.21945582,0.96464945,0.96059592,4.307e-05,0.0034893,0.00015658
2025-06-07 10:00:00+00:00,7748.43,18.26424747,0.96386043,0.96157347,7.406e-05,0.00163871,0.00033836
2025-06-07 11:00:00+00:00,7733.835,18.06128327,0.96351742,0.9620852,4.992e-05,0.00083736,0.00028127
2025-06-07 12:00:00+00:00,7680.785,17.79083765,0.96440208,0.963631,3.703e-05,0.00023676,0.00020833
2025-06-07 13:00:00+00:00,7580.88,17.73015501,0.96682741,0.96596965,6.954e-05,0.00030041,0.00027532
2025-06-07 14:00:00+00:00,7549.41,17.61140003,0.96995843,0.96898293,8.331e-05,0.00040381,0.00033403
2025-06-07 15:00:00+00:00,7563.3125,17.36431289,0.97223316,0.97155129,8.154e-05,0.00018847,0.00043717
2025-06-07 16:00:00+00:00,7758.425,17.83745791,0.97643875,0.97410524,0.00100839,0.00081814,0.00094831
2025-06-07 17:00:00+00:00,7689.32,17.96630988,0.98016175,0.97652424,0.00247388,0.00073507,0.0008852
2025-06-07 18:00:00+00:00,7641.9325,17.89189908,0.98216856,0.97766375,0.00339559,0.00073136,0.00087012
2025-06-07 19:00:00+00:00,7376.64,17.80432818,0.98209572,0.97821696,0.00312462,0.00036464,0.00096047
2025-06-07 20:00:00+00:00,7280.675,17.75567838,0.98281254,0.97885193,0.00290496,0.00067681,0.00091518
2025-06-07 21:00:00+00:00,7102.495,17.34299767,0.98243664,0.98024186,0.00118229,0.00061285,0.00085875
2025-06-07 22:00:00+00:00,7027.855,17.32828789,0.98249445,0.97978867,0.00169921,0.00060403,0.00091101
2025-06-07 23:00:00+00:00,6871.865,16.99634147,0.98217071,0.98073482,0.00066574,0.00035718,0.00092249
2025-06-08 00:00:00+00:00,6861.2625,16.9472132,0.98084797,0.97985126,0.00028494,0.00027296,0.00098664
2025-06-08 01:00:00+00:00,6720.7,16.9055195,0.98174556,0.98066523,0.00024775,0.00041832,0.00088028
2025-06-08 02:00:00+00:00,6585.5675,17.12033906,0.98127486,0.97979914,0.00021096,0.0008056,0.00106904
2025-06-08 03:00:00+00:00,6437.86,17.08812498,0.98032666,0.97927758,0.00018329,0.00040783,0.00103534
2025-06-08 04:00:00+00:00,6402.585,17.36780273,0.97704533,0.97568312,8.216e-05,0.00065565,0.00083011
2025-06-08 05:00:00+00:00,6574.5425,18.6253206,0.971948,0.96770961,7.194e-05,0.00181863,0.00026217
2025-06-08 06:00:00+00:00,6891.665,19.8198081,0.96722885,0.96202805,0.00012156,0.00226375,0.00023118
2025-06-08 07:00:00+00:00,7179.835,21.67058721,0.9582137,0.94965256,0.00044476,0.0040095,8.24e-05
2025-06-08 08:00:00+00:00,7465.0875,22.15394842,0.95444748,0.94642001,0.00030596,0.00360053,5.977e-05
2025-06-08 09:00:00+00:00,7703.4025,21.05484791,0.9543807,0.94955146,0.00012341,0.00220175,3.235e-05
2025-06-08 10:00:00+00:00,7672.8125,21.31891473,0.95257712,0.94771825,4.99e-05,0.00221123,3.511e-05
2025-06-08 11:00:00+00:00,7620.0725,20.67083516,0.95493928,0.95154744,4.843e-05,0.00152365,2.378e-05
2025-06-08 12:00:00+00:00,7410.5925,21.66205511,0.95281726,0.94723019,6.965e-05,0.00259704,4.538e-05
2025-06-08 13:00:00+00:00,7302.13,21.36997953,0.95606736,0.95066709,5.434e-05,0.00265831,6.191e-05
2025-06-08 14:00:00+00:00,7393.3425,20.96571301,0.96330856,0.95820034,8.523e-05,0.0024975,0.00016142
2025-06-08 15:00:00+00:00,7670.63,20.48709257,0.97041169,0.96596798,7.258e-05,0.00212434,0.00037137
2025-06-08 16:00:00+00:00,7954.48,20.21818792,0.9749224,0.97070751,0.0002122,0.00197227,0.0006379
2025-06-08 17:00:00+00:00,7950.265,19.9090251,0.98139113,0.97726268,0.00025806,0.00231045,0.00060215
2025-06-08 18:00:00+00:00,7979.66,19.40471562,0.984219,0.98199338,0.00061697,0.00076445,0.00083405
2025-06-08 19:00:00+00:00,7741.585,19.12283157,0.98449245,0.98334812,0.00050244,0.00013861,0.00080421
2025-06-08 20:00:00+00:00,7730.7625,18.74177057,0.98457252,0.98394903,0.00018549,3.566e-05,0.00079149
2025-06-08 21:00:00+00:00,7470.3525,18.62095667,0.98477662,0.98385491,0.00016588,0.00035077,0.00086194
2025-06-08 22:00:00+00:00,7112.9075,17.94578821,0.98434629,0.98375036,0.00022583,3.1e-07,0.00075233
2025-06-08 23:00:00+00:00,6937.62,17.80311874,0.98423743,0.98340848,0.00012922,0.00025866,0.00044632
2025-06-09 00:00:00+00:00,6927.1775,17.60429227,0.98436439,0.98401918,8.53e-05,1.9e-07,0.00038125
2025-06-09 01:00:00+00:00,6799.1725,17.62435058,0.98145083,0.98102594,0.00012167,2.2e-07,0.00043671
2025-06-09 02:00:00+00:00,6741.2725,17.86909656,0.98233039,0.98190167,0.00013574,4.22e-06,0.00040564
2025-06-09 03:00:00+00:00,7145.855,18.58801387,0.98199126,0.98095221,0.00027132,0.0003604,0.00056994
2025-06-09 04:00:00+00:00,7847.525,18.9479719,0.97974453,0.97898538,0.00029794,3.5e-07,0.00070245
2025-06-09 05:00:00+00:00,8774.565,20.16976351,0.97508996,0.9711333,0.00089844,0.00168409,0.00070668
2025-06-09 06:00:00+00:00,8927.375,20.48165185,0.96895442,0.96531486,0.00060749,0.00155036,0.00066936
2025-06-09 07:00:00+00:00,8839.6975,22.32614362,0.96128535,0.95434315,0.00074264,0.00328739,0.00041493
2025-06-09 08:00:00+00:00,8609.56,24.74507897,0.95460537,0.94570513,0.00024725,0.00305031,0.00027761
2025-06-09 09:00:00+00:00,8426.4575,25.13484476,0.95040519,0.94113167,0.00013205,0.00310616,0.00015719
2025-06-09 10:00:00+00:00,8261.9875,23.23161202,0.94916535,0.94232639,5.916e-05,0.00229078,0.00012214
2025-06-09 11:00:00+00:00,8453.27,21.4310508,0.95089834,0.94617272,0.00018577,0.00187698,0.00028935
2025-06-09 12:00:00+00:00,8352.64,22.47902603,0.95376676,0.947085,0.0001955,0.00229474,0.00031956
2025-06-09 13:00:00+00:00,8316.9625,19.83462685,0.96035039,0.95757425,0.00025834,0.00072704,0.00048909
2025-06-09 14:00:00+00:00,8350.2775,18.01845053,0.96805952,0.96737298,0.0002383,0.0,0.00056851
2025-06-09 15:00:00+00:00,8550.06,17.66820803,0.97409175,0.97344728,0.0002276,0.0,0.00050825
2025-06-09 16:00:00+00:00,8729.955,17.83789683,0.97826385,0.9776059,0.00025883,0.0,0.00071729
2025-06-09 17:00:00+00:00,8894.3,17.71081273,0.9819675,0.98131088,0.0002717,0.0,0.00072713
2025-06-09 18:00:00+00:00,8855.205,17.60431003,0.98330665,0.98258963,0.00032182,0.0,0.00077162
2025-06-09 19:00:00+00:00,8657.9675,17.26979014,0.98419873,0.98352298,0.00031444,0.0,0.00077514
2025-06-09 20:00:00+00:00,8368.7525,17.2213263,0.98398148,0.98256126,0.00026294,0.00077044,0.00072394
2025-06-09 21:00:00+00:00,7627.1925,16.85654386,0.98363073,0.98265149,0.00027711,0.0003417,0.00074101
2025-06-09 22:00:00+00:00,7031.4525,16.77117083,0.98320476,0.98176161,0.00029697,0.0007637,0.00054461
2025-06-09 23:00:00+00:00,6855.965,16.79528651,0.98292523,0.98137475,0.0003286,0.0008232,0.00053921
2025-06-10 00:00:00+00:00,6911.6125,16.91593716,0.98309929,0.98140368,0.00030115,0.00099194,0.00071485
2025-06-10 01:00:00+00:00,6931.6175,17.08427783,0.98239169,0.98098097,0.00031326,0.00066642,0.00078004
2025-06-10 02:00:00+00:00,6885.3325,17.3408327,0.98303209,0.98179632,0.00030757,0.00050534,0.00070027
2025-06-10 03:00:00+00:00,7121.93,17.93580799,0.98279813,0.98200793,0.00040302,0.0,0.00076933
2025-06-10 04:00:00+00:00,7977.53,19.17320555,0.98187624,0.98081258,0.00041846,0.00010674,0.00080432
2025-06-10 05:00:00+00:00,8663.4475,19.81366779,0.9785092,0.97703497,0.00093177,4.25e-06,0.00069363
2025-06-10 06:00:00+00:00,8716.5075,20.13784445,0.97424566,0.97253642,0.00093281,0.00010249,0.0005785
2025-06-10 07:00:00+00:00,8627.0775,20.10742725,0.96957527,0.96872474,0.00021508,0.00011828,0.000521
2025-06-10 08:00:00+00:00,8670.2475,20.14505441,0.96739597,0.96683423,7.947e-05,0.0,0.00027711
2025-06-10 09:00:00+00:00,8821.025,20.30277462,0.96795723,0.9673366,9.52e-05,0.0,0.0002953
2025-06-10 10:00:00+00:00,8845.5825,20.27939398,0.96960064,0.9690942,2.524e-05,0.0,0.00017112
2025-06-10 11:00:00+00:00,8823.5475,20.23078452,0.97118421,0.97061872,5.692e-05,0.0,0.00024766
2025-06-10 12:00:00+00:00,8646.6325,20.00747263,0.97345594,0.97288764,7.708e-05,0.0,0.00028141
2025-06-10 13:00:00+00:00,8590.33,19.89037668,0.97536714,0.97486549,4.063e-05,0.0,0.00023797
2025-06-10 14:00:00+00:00,8566.74,20.70386587,0.97268034,0.96996846,5.655e-05,0.00128053,0.00026704
2025-06-10 15:00:00+00:00,8798.3175,20.0455263,0.97713445,0.9757743,0.00019894,0.00040595,0.00050175
2025-06-10 16:00:00+00:00,8826.755,20.32210966,0.97945095,0.97705175,0.0003702,0.00078017,0.00067097
2025-06-10 17:00:00+00:00,8768.09,19.6571223,0.98240408,0.98166467,0.00034256,0.0,0.00076438
2025-06-10 18:00:00+00:00,8507.19,19.461464,0.98234565,0.98165287,0.00031846,0.0,0.00073549
2025-06-10 19:00:00+00:00,8324.105,19.30303847,0.98225227,0.98161586,0.00029567,0.0,0.00069288
2025-06-10 20:00:00+00:00,8088.6425,19.33232163,0.98252193,0.98185178,0.00032682,0.0,0.00073419
2025-06-10 21:00:00+00:00,7690.335,19.39420023,0.98266333,0.98192585,0.00038526,0.0,0.00081492
2025-06-10 22:00:00+00:00,7370.66,19.28142163,0.98350593,0.98279778,0.00034497,0.0,0.00064871
2025-06-10 23:00:00+00:00,7214.56,19.2786165,0.98361524,0.98291812,0.00034217,0.0,0.00062118
2025-06-11 00:00:00+00:00,7133.0875,19.23403756,0.98345372,0.98270352,0.0003745,0.0,0.00084259
2025-06-11 01:00:00+00:00,7092.6175,19.25082434,0.98352237,0.98272728,0.00037186,3.053e-05,0.00085426
2025-06-11 02:00:00+00:00,6978.135,19.22220897,0.98278332,0.98203254,0.00036182,0.0,0.00083812
2025-06-11 03:00:00+00:00,7177.43,19.4488927,0.98329572,0.98245261,0.00045152,0.0,0.00087774
2025-06-11 04:00:00+00:00,7940.4675,19.56140215,0.98094038,0.97987751,0.00063895,0.0,0.00084083
2025-06-11 05:00:00+00:00,8584.42,19.57259226,0.97825656,0.97736537,0.0005059,0.0,0.0005595
2025-06-11 06:00:00+00:00,8859.985,19.65806632,0.97623795,0.97549021,0.0003254,0.0,0.00037861
2025-06-11 07:00:00+00:00,8713.93,19.63248413,0.97243235,0.97181432,0.00020569,9.6e-07,0.00026213
2025-06-11 08:00:00+00:00,8876.6725,19.79217647,0.9699704,0.96898307,0.00011063,0.00034279,0.000216
2025-06-11 09:00:00+00:00,8806.995,19.41275833,0.9624925,0.96114275,7.81e-06,0.00055009,3.323e-05
2025-06-11 10:00:00+00:00,8702.61,20.11225992,0.95848525,0.9552797,2.833e-05,0.00157111,2.648e-05
2025-06-11 11:00:00+00:00,8644.085,20.36598657,0.95205284,0.94795974,2.844e-05,0.00207911,3.422e-05
2025-06-11 12:00:00+00:00,8561.7925,19.37354048,0.95464591,0.95193522,4.7e-06,0.00135625,2.401e-05
2025-06-11 13:00:00+00:00,8524.5375,18.96504852,0.95907816,0.95687719,1.589e-05,0.00099684,1.926e-05
2025-06-11 14:00:00+00:00,8582.735,17.77431282,0.96718512,0.96661093,2.06e-06,0.00018534,8.23e-06
2025-06-11 15:00:00+00:00,8852.8675,17.65732394,0.97596449,0.97543385,0.00018642,1e-07,0.0002777
2025-06-11 16:00:00+00:00,8950.675,17.53100032,0.98018615,0.97943952,0.00044814,1.6e-07,0.00043485
2025-06-11 17:00:00+00:00,8924.0825,17.3433402,0.98324605,0.98261166,0.0003563,2.3e-07,0.0004854
2025-06-11 18:00:00+00:00,8814.7875,17.20039035,0.98563173,0.98515199,0.00027611,1.2e-07,0.00024765
2025-06-11 19:00:00+00:00,8505.32,16.86830967,0.98610308,0.98554231,0.00032254,1.5e-07,0.00035562
2025-06-11 20:00:00+00:00,8181.5875,16.71392102,0.98667846,0.98602106,0.00040548,1.7e-07,0.00049995
2025-06-11 21:00:00+00:00,7768.355,16.54071419,0.98616708,0.98550622,0.00038521,2e-07,0.00057886
2025-06-11 22:00:00+00:00,7365.355,16.27064401,0.98580503,0.98527261,0.00026184,2.9e-07,0.0004647
2025-06-11 23:00:00+00:00,7162.61,16.10146946,0.98576537,0.98531393,0.00016624,3.8e-07,0.00037604
2025-06-12 00:00:00+00:00,7095.4,15.98396223,0.98529079,0.98486847,0.00012668,3.1e-07,0.000501
2025-06-12 01:00:00+00:00,7027.8725,15.8881083,0.98514243,0.98472906,0.0001167,2.5e-07,0.00053185
2025-06-12 02:00:00+00:00,6953.4875,15.70422628,0.98544886,0.98491242,3.86e-05,0.00028851,0.00030629
2025-06-12 03:00:00+00:00,7102.3625,16.02529204,0.98433967,0.98390622,0.00012738,2.1e-07,0.00053419
2025-06-12 04:00:00+00:00,7886.9275,16.80830638,0.98230216,0.98174861,0.00026133,1.83e-06,0.00042866
2025-06-12 05:00:00+00:00,8569.06,17.49493394,0.97800473,0.97743987,0.00027817,5.17e-06,0.00027128
2025-06-12 06:00:00+00:00,8599.0025,18.30267298,0.97321257,0.97234333,0.00053255,1e-07,0.00025446
2025-06-12 07:00:00+00:00,8533.4325,18.75498316,0.96678388,0.96645204,0.0,8e-08,0.00016648
2025-06-12 08:00:00+00:00,8524.2725,19.89427631,0.95749663,0.9563766,1.377e-05,0.00041397,5.84e-06
2025-06-12 09:00:00+00:00,8404.7175,20.12678616,0.95063765,0.94988834,2.61e-06,0.00017009,2.38e-06
2025-06-12 10:00:00+00:00,8464.4975,20.20365659,0.94780739,0.9473837,0.0,0.0,0.0
2025-06-12 11:00:00+00:00,8257.76,20.3674447,0.94671376,0.94628629,0.0,0.0,0.0
2025-06-12 12:00:00+00:00,8148.3525,20.30362923,0.94842215,0.94801881,0.0,0.0,0.0
2025-06-12 13:00:00+00:00,8109.9975,20.45527383,0.95088648,0.95002938,1.17e-06,0.00027641,1.758e-05
2025-06-12 14:00:00+00:00,8130.545,19.75720408,0.95559627,0.95527061,0.0,2e-08,4.189e-05
2025-06-12 15:00:00+00:00,8351.92,20.01018893,0.96681601,0.96565107,3.198e-05,0.00071007,0.00031926
2025-06-12 16:00:00+00:00,8358.5875,19.89990178,0.97396219,0.97281897,0.00026969,0.00049126,0.00039924
2025-06-12 17:00:00+00:00,8311.775,19.58655821,0.97786312,0.97702244,0.00051023,1.7e-07,0.00048617
2025-06-12 18:00:00+00:00,8287.78,19.438911,0.97988386,0.97914138,0.00040427,1.7e-07,0.00052868
2025-06-12 19:00:00+00:00,8089.8475,19.37156897,0.98130556,0.98028349,0.00045153,0.00021044,0.00063768
2025-06-12 20:00:00+00:00,8036.085,19.28446838,0.98135511,0.97985074,0.00080723,0.00031335,0.00074778
2025-06-12 21:00:00+00:00,7662.2275,19.04880111,0.98094833,0.97826359,0.00083387,0.00140555,0.00068981
2025-06-12 22:00:00+00:00,7236.1125,18.5165616,0.97980587,0.97805545,0.00036146,0.0009417,0.00062444
2025-06-12 23:00:00+00:00,7079.575,18.37150726,0.9799522,0.97813293,0.00033776,0.00103314,0.00052973
2025-06-13 00:00:00+00:00,6993.3975,18.23098262,0.979956,0.97813384,0.00034198,0.00101163,0.00070335
2025-06-13 01:00:00+00:00,6910.8325,18.08871257,0.97975723,0.97826147,0.0003916,0.00061633,0.00071345
2025-06-13 02:00:00+00:00,6775.16,17.99263981,0.98124687,0.98010551,0.00037206,0.00030263,0.00082665
2025-06-13 03:00:00+00:00,6974.245,18.36428916,0.98252112,0.98147137,0.0005583,3.257e-05,0.00085445
2025-06-13 04:00:00+00:00,7573.6325,18.84039609,0.98321207,0.9820633,0.00069246,5.4e-07,0.00081388
2025-06-13 05:00:00+00:00,8234.73,19.5874402,0.98439412,0.98327589,0.0006336,1.3e-06,0.00079389
2025-06-13 06:00:00+00:00,8323.7625,20.28248686,0.98507079,0.98393869,0.00055738,2.038e-05,0.00070912
2025-06-13 07:00:00+00:00,8124.8025,22.0608927,0.98410958,0.98031281,6.091e-05,2.9e-07,0.00046641
2025-06-13 08:00:00+00:00,7938.8825,22.19325786,0.98412839,0.98000125,0.0,7e-08,0.0001209
2025-06-13 09:00:00+00:00,7690.43,22.65306066,0.98326051,0.97866491,0.0,2e-08,3.713e-05
2025-06-13 10:00:00+00:00,7589.19,22.77443552,0.98365813,0.97904714,0.0,4e-08,5.643e-05
2025-06-13 11:00:00+00:00,7455.7975,20.70808864,0.98429489,0.98387967,0.0,0.0,2.9e-06
2025-06-13 12:00:00+00:00,7349.5575,20.57837125,0.98433846,0.9839408,0.0,1e-08,1.237e-05
2025-06-13 13:00:00+00:00,7200.0675,20.88840485,0.98387519,0.98213313,7.17e-06,0.00085129,4.373e-05
2025-06-13 14:00:00+00:00,7271.625,19.83143076,0.98239664,0.9817617,2.51e-06,0.0001403,0.00020874
2025-06-13 15:00:00+00:00,7490.745,19.24644633,0.98365331,0.98307222,7.207e-05,1.62e-06,0.0006443
2025-06-13 16:00:00+00:00,7638.74,19.10104715,0.98316421,0.9823548,0.00030982,2.79e-06,0.00084325
2025-06-13 17:00:00+00:00,7602.79,18.58160722,0.98320653,0.98237271,0.00037329,3.3e-07,0.00086274
2025-06-13 18:00:00+00:00,7460.9875,18.16375124,0.98277619,0.98207433,0.00027489,3.4e-07,0.00083477
2025-06-13 19:00:00+00:00,7299.2225,17.75253219,0.98258387,0.98195412,0.00021855,0.0,0.00088932
2025-06-13 20:00:00+00:00,7192.0875,17.25408971,0.98190163,0.98136383,0.00018155,0.0,0.00071268
2025-06-13 21:00:00+00:00,6851.045,16.8733672,0.98080287,0.98018357,0.00027622,0.0,0.00067219
2025-06-13 22:00:00+00:00,6492.9025,16.50044544,0.97979194,0.97912539,0.00026533,0.0,0.00082912
2025-06-13 23:00:00+00:00,6471.335,16.56167928,0.97954553,0.97885477,0.00026244,0.0,0.00087568
2025-06-14 00:00:00+00:00,6491.08,16.6817586,0.98095215,0.98028916,0.00025713,0.0,0.00086831
2025-06-14 01:00:00+00:00,6455.585,16.61989291,0.9808807,0.9802596,0.00024197,0.0,0.00075155
2025-06-14 02:00:00+00:00,6320.2325,16.62687418,0.98054273,0.98002107,0.00018401,0.0,0.00058133
2025-06-14 03:00:00+00:00,6260.8175,16.84678505,0.98233669,0.98176045,0.0001958,0.0,0.0007143
2025-06-14 04:00:00+00:00,6199.8375,17.56761318,0.98236706,0.98098926,0.00026212,0.0006471,0.00081123
2025-06-14 05:00:00+00:00,6383.905,18.45990009,0.98276636,0.98189818,0.00030861,0.0,0.00082998
2025-06-14 06:00:00+00:00,6422.81,19.18452016,0.98132048,0.98050552,0.00023837,0.0,0.00070333
2025-06-14 07:00:00+00:00,6543.2025,19.9266446,0.98138392,0.98020801,0.0,0.00068011,0.00024509
2025-06-14 08:00:00+00:00,6485.6275,20.1558512,0.98108807,0.98064441,0.0,0.0,0.0
2025-06-14 09:00:00+00:00,6559.9375,23.84482457,0.97908838,0.97407688,1.307e-05,0.00074303,4.32e-05
2025-06-14 10:00:00+00:00,6546.7725,25.86724464,0.97753866,0.97009788,2.364e-05,0.00126478,7.001e-05
2025-06-14 11:00:00+00:00,6523.295,24.83746927,0.97847308,0.97229099,3.411e-05,0.00104373,5.889e-05
2025-06-14 12:00:00+00:00,6508.455,22.68535537,0.97960817,0.9756767,2.822e-05,0.00101144,3.528e-05
2025-06-14 13:00:00+00:00,6520.96,20.06909453,0.98167821,0.98118725,0.0,0.0,0.0
2025-06-14 14:00:00+00:00,6648.2775,19.56706452,0.97856499,0.97808448,4.859e-05,0.0,3.965e-05
2025-06-14 15:00:00+00:00,6890.095,19.46201753,0.9795328,0.97776873,0.0002868,0.00086517,0.00085436
2025-06-14 16:00:00+00:00,7118.8775,19.29287865,0.97936189,0.97799389,0.00027238,0.00050082,0.00102669
2025-06-14 17:00:00+00:00,7190.8925,19.23135226,0.98085055,0.97941208,0.00043661,0.0005099,0.00093419
2025-06-14 18:00:00+00:00,7077.5125,18.75541553,0.98058892,0.97912571,0.00030155,0.00064763,0.00102908
2025-06-14 19:00:00+00:00,6769.1175,18.22627548,0.98055906,0.97938684,0.00031881,0.00041231,0.00094443
2025-06-14 20:00:00+00:00,6778.7025,17.89493086,0.98078529,0.97919004,0.00043594,0.00070529,0.00092216
2025-06-14 21:00:00+00:00,6494.6575,17.47259181,0.98045251,0.97910111,0.00038735,0.00054258,0.00078248
2025-06-14 22:00:00+00:00,6212.845,17.33975815,0.98031652,0.97910307,0.00050317,0.00027556,0.00092309
2025-06-14 23:00:00+00:00,5995.49,17.34690801,0.98029848,0.97902137,0.00051177,0.00032224,0.00098287
2025-06-15 00:00:00+00:00,6082.3075,17.40405275,0.98065141,0.97896938,0.00048613,0.00076843,0.00089394
2025-06-15 01:00:00+00:00,5974.9625,17.35096627,0.98043718,0.97947537,0.00054949,0.0,0.00089314
2025-06-15 02:00:00+00:00,5763.9575,17.44353685,0.98020395,0.9792334,0.00056007,0.0,0.00098267
2025-06-15 03:00:00+00:00,5626.4075,17.64678793,0.98035113,0.97941554,0.00054734,0.0,0.00090285
2025-06-15 04:00:00+00:00,5832.495,18.15234435,0.98064084,0.97969036,0.00045761,0.0,0.00100324
2025-06-15 05:00:00+00:00,6132.29,18.9625239,0.98213606,0.98123029,0.00035323,0.0,0.00096715
2025-06-15 06:00:00+00:00,6323.7275,19.57433948,0.98136644,0.98048773,0.00029695,0.0,0.00074589
2025-06-15 07:00:00+00:00,6447.615,19.96701423,0.98062192,0.97985227,0.00018503,0.0,0.00051354
2025-06-15 08:00:00+00:00,6565.7275,20.02262491,0.97958724,0.97901747,5.614e-05,0.0,0.00019069
2025-06-15 09:00:00+00:00,6680.865,20.33895721,0.98226246,0.98135523,0.0,0.00041814,8.7e-07
2025-06-15 10:00:00+00:00,6679.875,20.28427134,0.98321402,0.98232472,0.0,0.00031255,6.2e-07
2025-06-15 11:00:00+00:00,6771.895,20.22019656,0.98290741,0.98195342,4.9e-07,0.00037139,9.9e-07
2025-06-15 12:00:00+00:00,6772.46,19.7819723,0.98282141,0.98197046,0.0,0.00027359,6e-07
2025-06-15 13:00:00+00:00,6895.4025,19.52428234,0.98202767,0.98117099,0.0,0.00030656,6.5e-07
2025-06-15 14:00:00+00:00,7164.2425,19.17018045,0.98154396,0.98074917,9.018e-05,0.0,0.00044027
2025-06-15 15:00:00+00:00,7614.8025,19.27401077,0.98143049,0.98023249,0.00027697,0.00036497,0.00069145
2025-06-15 16:00:00+00:00,7606.275,18.87156043,0.98252033,0.98164075,0.00041071,0.0,0.00082734
2025-06-15 17:00:00+00:00,7692.2825,18.28203223,0.98213392,0.98134695,0.00038975,0.0,0.00078294
2025-06-15 18:00:00+00:00,7707.9925,17.94720083,0.98232619,0.98155446,0.00038139,0.0,0.0008201
2025-06-15 19:00:00+00:00,7434.915,17.61820931,0.98136642,0.98046947,0.00039633,0.00012252,0.00077905
2025-06-15 20:00:00+00:00,7385.49,17.67456762,0.98159998,0.98022,0.00043071,0.00053499,0.00078978
2025-06-15 21:00:00+00:00,6907.7425,17.3859066,0.98178559,0.98028808,0.00046902,0.0006415,0.00061238
2025-06-15 22:00:00+00:00,6515.425,17.15371822,0.98097268,0.97936683,0.00036228,0.00089583,0.00055147
2025-06-15 23:00:00+00:00,6371.5,16.91190171,0.98073219,0.97924425,0.00030303,0.00084927,0.00066045
2025-06-16 00:00:00+00:00,6270.4875,16.71092922,0.98056355,0.97989749,0.00033161,0.0,0.00066761
2025-06-16 01:00:00+00:00,6274.3275,16.89360402,0.98052693,0.97953742,0.00034489,0.00027265,0.0007443
2025-06-16 02:00:00+00:00,6202.2475,16.76413787,0.98069687,0.9800406,0.00034547,0.0,0.00061077
2025-06-16 03:00:00+00:00,6487.9325,17.20656769,0.98149164,0.9807366,0.00041653,0.0,0.0006734
2025-06-16 04:00:00+00:00,7389.145,17.62579019,0.98294069,0.98185271,0.0005498,0.00012419,0.00079038
2025-06-16 05:00:00+00:00,8220.145,18.14811866,0.98378269,0.98258785,0.00075997,0.0,0.00072661
2025-06-16 06:00:00+00:00,8535.445,18.39179198,0.9841534,0.98308115,0.00059899,0.0,0.00069425
2025-06-16 07:00:00+00:00,8581.06,18.32076258,0.98374638,0.98317135,0.0,0.0,0.0007444
2025-06-16 08:00:00+00:00,8638.575,18.71947673,0.98393115,0.98325674,0.0,6.277e-05,0.00069825
2025-06-16 09:00:00+00:00,8491.0,18.80539882,0.98481657,0.98437615,0.0,0.0,0.00020941
2025-06-16 10:00:00+00:00,8215.5175,19.15554415,0.9822479,0.98062494,1.876e-05,0.0005663,0.00046485
2025-06-16 11:00:00+00:00,8425.5025,19.40847492,0.9549497,0.95251013,6.131e-05,0.00099902,0.00040033
2025-06-16 12:00:00+00:00,8371.235,18.73488802,0.95592811,0.95445892,1.76e-06,0.00056791,0.00036681
2025-06-16 13:00:00+00:00,8306.625,17.80349435,0.95964866,0.95915548,0.0,5e-08,0.00028127
2025-06-16 14:00:00+00:00,8236.3275,17.67437991,0.96472292,0.96429817,0.0,2e-08,0.00013414
2025-06-16 15:00:00+00:00,8534.8075,17.59056485,0.97148452,0.97121319,0.0,2e-08,0.00019089
2025-06-16 16:00:00+00:00,8643.0875,17.35395138,0.97639092,0.97599056,0.0,9e-08,0.00060802
2025-06-16 17:00:00+00:00,8758.3325,16.88506094,0.97983923,0.97948233,0.0,1e-07,0.00062879
2025-06-16 18:00:00+00:00,8691.285,16.53243489,0.98219049,0.98186065,0.0,1.3e-07,0.00064751
2025-06-16 19:00:00+00:00,8238.1625,16.23196551,0.98330495,0.98302051,0.0,8e-08,0.00064285
2025-06-16 20:00:00+00:00,7869.895,16.30148084,0.9833637,0.98304982,0.0,1.1e-07,0.00065115
2025-06-16 21:00:00+00:00,7421.1625,16.1423015,0.98308757,0.98280831,0.0,1e-07,0.00049784
2025-06-16 22:00:00+00:00,6876.3025,15.6247749,0.98217609,0.98210526,0.0,0.0,3.91e-05
2025-06-16 23:00:00+00:00,6533.5675,15.46728799,0.98149483,0.98142023,0.0,0.0,2.619e-05
2025-06-17 00:00:00+00:00,6536.925,15.48809006,0.98126289,0.98120301,0.0,0.0,6.151e-05
2025-06-17 01:00:00+00:00,6332.8525,15.52345193,0.98067878,0.98061794,0.0,0.0,5.19e-05
2025-06-17 02:00:00+00:00,6153.0375,15.6703214,0.97979833,0.97923263,0.0,0.00049114,6.362e-05
2025-06-17 03:00:00+00:00,6478.6475,16.07568344,0.97961304,0.97951494,1.133e-05,0.0,0.00012713
2025-06-17 04:00:00+00:00,7278.95,17.19270001,0.97845819,0.97801436,0.00012254,1.4e-07,0.00067007
2025-06-17 05:00:00+00:00,8038.0975,18.02571232,0.97625891,0.97567075,0.00015285,1.9e-07,0.00080829
2025-06-17 06:00:00+00:00,8217.895,18.3993457,0.97372942,0.97320814,6.229e-05,1.5e-07,0.00063851
2025-06-17 07:00:00+00:00,8235.57,18.60920306,0.96990946,0.96935025,5.741e-05,1.4e-07,0.00051003
2025-06-17 08:00:00+00:00,8145.7325,18.57500129,0.96433927,0.96365035,1.756e-05,0.00018256,0.00014288
2025-06-17 09:00:00+00:00,8137.1825,19.20192057,0.95859657,0.95688579,3.155e-05,0.00070202,0.0001202
2025-06-17 10:00:00+00:00,8282.975,20.21682628,0.95867313,0.95492892,3.85e-05,0.00178118,0.00015661
2025-06-17 11:00:00+00:00,8357.6075,19.89104082,0.95885042,0.95534824,4.823e-05,0.00165705,7.765e-05
2025-06-17 12:00:00+00:00,8306.5525,18.93805599,0.96545771,0.96297181,1.852e-05,0.00123211,5.947e-05
2025-06-17 13:00:00+00:00,8354.4225,19.28838098,0.96881685,0.96505527,3.204e-05,0.00194861,9.225e-05
2025-06-17 14:00:00+00:00,8287.2675,17.09348079,0.97608505,0.97552879,4e-08,0.00010049,6.136e-05
2025-06-17 15:00:00+00:00,8484.9225,17.13284703,0.97744814,0.97722133,0.0,6e-08,0.00014046
2025-06-17 16:00:00+00:00,8311.1475,17.21428563,0.98104207,0.98088737,0.0,1e-07,0.00032059
2025-06-17 17:00:00+00:00,8247.09,17.15090018,0.9830938,0.98299654,0.0,1.2e-07,0.00044578
2025-06-17 18:00:00+00:00,8129.7075,17.01915286,0.98271261,0.98263805,0.0,1.3e-07,0.00049579
2025-06-17 19:00:00+00:00,7875.2075,16.59375027,0.98290562,0.98284919,0.0,7e-08,0.00030866
2025-06-17 20:00:00+00:00,7832.3925,16.15587605,0.982326,0.98220701,4.607e-05,1e-08,0.00017275
2025-06-17 21:00:00+00:00,7390.235,15.92234468,0.98160555,0.98152356,7.08e-06,9e-08,0.00039553
2025-06-17 22:00:00+00:00,6987.5225,15.75186084,0.98205245,0.98150886,1.337e-05,0.00044538,0.00027272
2025-06-17 23:00:00+00:00,6826.76,15.48088492,0.98174667,0.98117986,1.427e-05,0.00047088,0.00017065
2025-06-18 00:00:00+00:00,6706.0875,15.2898644,0.9815568,0.98147962,1.265e-05,5e-08,0.00021309
2025-06-18 01:00:00+00:00,6523.6675,15.30235917,0.98140767,0.98129693,5.522e-05,6e-08,0.00026029
2025-06-18 02:00:00+00:00,6364.1525,15.28281166,0.98065975,0.98056444,3.843e-05,6e-08,0.00025934
2025-06-18 03:00:00+00:00,6757.1825,15.75288613,0.97987635,0.9797362,7.047e-05,1.6e-07,0.00057772
2025-06-18 04:00:00+00:00,7314.1825,16.21532506,0.97758181,0.97739094,8.257e-05,1.5e-07,0.00058115
2025-06-18 05:00:00+00:00,8104.24,16.54839869,0.97470348,0.97450096,5.539e-05,1.4e-07,0.00053751
2025-06-18 06:00:00+00:00,8268.0975,17.08306534,0.9699682,0.96972666,1.139e-05,1.2e-07,0.00044017
2025-06-18 07:00:00+00:00,8375.415,17.90101396,0.96466615,0.9641779,4.402e-05,1e-07,0.00034208
2025-06-18 08:00:00+00:00,8403.685,18.12968813,0.95910025,0.9587167,1.055e-05,2e-08,7.775e-05
2025-06-18 09:00:00+00:00,8341.3575,19.41552332,0.95246896,0.95107067,4.06e-05,0.00051251,0.00014847
2025-06-18 10:00:00+00:00,8278.7125,18.95490681,0.95131771,0.95080255,2.677e-05,1.158e-05,0.00018248
2025-06-18 11:00:00+00:00,8267.2275,19.30735154,0.94951035,0.9482544,1.7e-06,0.00041413,5.14e-05
2025-06-18 12:00:00+00:00,8097.0475,19.11318807,0.95137306,0.94993187,2.35e-06,0.00056413,1.07e-05
2025-06-18 13:00:00+00:00,8031.0175,18.19850033,0.95716428,0.95665819,1.6e-06,5.131e-05,3.88e-05
2025-06-18 14:00:00+00:00,7925.665,17.70685763,0.96339146,0.96296143,1.3e-06,2e-08,7.595e-05
2025-06-18 15:00:00+00:00,8041.7225,17.10331892,0.9684366,0.96813089,3.08e-06,5e-08,0.00019037
2025-06-18 16:00:00+00:00,8204.44,17.0048852,0.97427583,0.97395904,1.063e-05,1e-07,0.00038776
2025-06-18 17:00:00+00:00,8456.5475,16.82635418,0.97835619,0.97807088,9.16e-06,1.2e-07,0.00050396
2025-06-18 18:00:00+00:00,8274.695,17.03921625,0.98049045,0.98016663,2.926e-05,1.5e-07,0.00048383
2025-06-18 19:00:00+00:00,8161.515,17.07669406,0.98191886,0.9814557,1.656e-05,0.00018211,0.00052659
2025-06-18 20:00:00+00:00,7863.1375,16.91665128,0.98164107,0.98111671,1.072e-05,0.0002921,0.00041306
2025-06-18 21:00:00+00:00,7186.3925,16.63427251,0.98048388,0.97998162,8.36e-06,0.00026062,0.00040475
2025-06-18 22:00:00+00:00,6903.13,16.30353985,0.98068353,0.98011449,6.15e-06,0.00039954,0.00015649
2025-06-18 23:00:00+00:00,6713.9325,15.99619758,0.98047625,0.98007973,2.2e-06,0.00027451,7.022e-05
2025-06-19 00:00:00+00:00,6569.0575,15.78950948,0.98013332,0.97963627,0.0,0.00042248,8.13e-06
2025-06-19 01:00:00+00:00,6488.4275,15.58873985,0.98056902,0.9802591,0.0,0.00025441,9e-08
2025-06-19 02:00:00+00:00,6392.2475,15.48011279,0.97945762,0.97924727,0.0,0.00014907,0.0
2025-06-19 03:00:00+00:00,6646.82,15.59293607,0.97917021,0.97906222,0.0,3e-08,4.572e-05
2025-06-19 04:00:00+00:00,7427.4675,15.92431864,0.9776312,0.97743299,1.46e-06,7e-08,0.00015152
2025-06-19 05:00:00+00:00,8038.475,16.11131774,0.97461248,0.97441811,0.0,4e-08,7.994e-05
2025-06-19 06:00:00+00:00,8165.5675,16.54607417,0.96937061,0.96916902,0.0,0.0,0.0
2025-06-19 07:00:00+00:00,8463.215,17.38428352,0.96555964,0.96521412,0.0,4e-08,8.497e-05
2025-06-19 08:00:00+00:00,8525.0375,17.88875175,0.95831305,0.9576929,0.0,0.00023088,7.8e-07
2025-06-19 09:00:00+00:00,8559.9525,18.26125294,0.95340991,0.95295913,0.0,2.154e-05,0.0
2025-06-19 10:00:00+00:00,8677.095,18.39860687,0.95027888,0.94974162,1e-08,4.1e-06,3.3e-07
2025-06-19 11:00:00+00:00,8361.7075,18.75341047,0.94947066,0.94858371,1.11e-06,6.607e-05,3.6e-06
2025-06-19 12:00:00+00:00,8208.2375,19.18736802,0.95108019,0.94940156,4.1e-06,0.00014342,1.16e-05
2025-06-19 13:00:00+00:00,8077.6825,17.95813354,0.95546773,0.95482711,4.8e-07,1.971e-05,1.57e-06
2025-06-19 14:00:00+00:00,7954.4775,17.38427722,0.95981259,0.9593292,0.0,0.0,0.0
2025-06-19 15:00:00+00:00,7880.645,16.76314725,0.96649308,0.96615493,0.0,4.463e-05,1.172e-05
2025-06-19 16:00:00+00:00,7788.1425,16.3150851,0.97100178,0.97077951,0.0,0.0,5.283e-05
2025-06-19 17:00:00+00:00,7752.64,16.16969226,0.97562153,0.97536695,3e-05,0.0,0.00022306
2025-06-19 18:00:00+00:00,7806.5575,16.42411854,0.97875055,0.97828929,0.00023445,0.0,0.00037723
2025-06-19 19:00:00+00:00,7494.99,16.29392758,0.98065504,0.98035844,8.588e-05,0.0,0.000309
2025-06-19 20:00:00+00:00,7147.78,15.96215764,0.980552,0.98034035,1.482e-05,0.0,0.00019999
2025-06-19 21:00:00+00:00,6939.76,15.62487447,0.98038263,0.98021558,0.0,0.0,0.00012822
2025-06-19 22:00:00+00:00,6530.8475,15.77480636,0.98015558,0.97944728,0.0,0.00060412,3.203e-05
2025-06-19 23:00:00+00:00,6373.9425,15.79406241,0.98015962,0.97933412,0.0,0.00072532,4.426e-05
2025-06-20 00:00:00+00:00,6252.7225,15.74744475,0.97988855,0.97915344,0.0,0.00064717,2.22e-05
2025-06-20 01:00:00+00:00,6055.57,15.73980577,0.97942645,0.97865507,0.0,0.00067865,2.308e-05
2025-06-20 02:00:00+00:00,6002.5775,15.83938275,0.9786256,0.97791816,0.0,0.00061966,2.272e-05
2025-06-20 03:00:00+00:00,5998.06,16.17002298,0.97788308,0.97746068,0.0,0.0002915,6.945e-05
2025-06-20 04:00:00+00:00,6140.5975,16.85330816,0.97484375,0.97408459,0.0,0.00058126,7.791e-05
2025-06-20 05:00:00+00:00,6355.985,17.56243539,0.96914454,0.96890534,0.0,0.0,9.2e-05
2025-06-20 06:00:00+00:00,6583.21,18.34794197,0.96155906,0.96123689,0.0,0.0,8.298e-05
2025-06-20 07:00:00+00:00,6880.19,19.27360642,0.95386875,0.95308588,0.0,0.00035501,9.502e-05
2025-06-20 08:00:00+00:00,7081.775,19.97990597,0.9484469,0.94756458,0.0,0.00036824,6.157e-05
2025-06-20 09:00:00+00:00,7017.4375,20.35071907,0.94385809,0.94315396,0.0,0.00013393,5.915e-05
2025-06-20 10:00:00+00:00,6955.87,20.36431872,0.94232192,0.94174226,0.0,0.0,6.692e-05
2025-06-20 11:00:00+00:00,6843.585,20.76819217,0.94230596,0.94103166,1.7e-07,0.00041126,5.122e-05
2025-06-20 12:00:00+00:00,6649.5925,20.07333818,0.94364487,0.94306546,0.0,0.0,7.452e-05
2025-06-20 13:00:00+00:00,6368.7525,19.76039196,0.94688718,0.94626011,0.0,5.502e-05,0.00011991
2025-06-20 14:00:00+00:00,6327.91,19.3682847,0.95398786,0.9532841,0.0,0.00017056,0.0001246
2025-06-20 15:00:00+00:00,6354.1175,18.95128449,0.96272113,0.96233527,0.0,0.0,0.00011913
2025-06-20 16:00:00+00:00,6369.5875,18.77419397,0.96971014,0.96943844,0.0,0.0,0.00010316
2025-06-20 17:00:00+00:00,6438.3325,18.49922247,0.97542161,0.97520221,2.63e-06,0.0,0.0001512
2025-06-20 18:00:00+00:00,6483.24,18.22541227,0.97831258,0.97817688,0.0,0.0,8.989e-05
2025-06-20 19:00:00+00:00,6442.24,17.74521124,0.9796964,0.9795204,9e-07,0.0,0.00013853
2025-06-20 20:00:00+00:00,6316.2675,17.04687521,0.98032415,0.9801996,0.0,0.0,7.159e-05
2025-06-20 21:00:00+00:00,6249.055,16.41100822,0.9802009,0.9801032,0.0,0.0,3.088e-05
2025-06-20 22:00:00+00:00,6128.895,15.89410114,0.97938576,0.97923907,0.0,0.0,0.00013901
2025-06-20 23:00:00+00:00,5894.0525,15.82265534,0.97931238,0.97919061,0.0,0.0,0.00010613
2025-06-21 00:00:00+00:00,5841.8,15.62554533,0.97917212,0.97903496,0.0,0.0,0.00010163
2025-06-21 01:00:00+00:00,5636.9325,15.47415111,0.97851061,0.97837149,0.0,0.0,0.00013411
2025-06-21 02:00:00+00:00,5564.445,15.47196299,0.9778382,0.9775501,0.0,0.00014326,0.0001258
2025-06-21 03:00:00+00:00,5597.665,15.34785051,0.97892602,0.97884284,0.0,0.0,0.0
2025-06-21 04:00:00+00:00,5780.4625,15.67512727,0.9768386,0.97670176,0.0,0.0,0.0
2025-06-21 05:00:00+00:00,5947.195,16.14564732,0.97352116,0.97333839,0.0,0.0,0.0
2025-06-21 06:00:00+00:00,6046.575,16.86019881,0.96881914,0.96854041,0.0,0.0,1.159e-05
2025-06-21 07:00:00+00:00,6232.9225,17.62867152,0.96151163,0.96113613,0.0,0.0,1.451e-05
2025-06-21 08:00:00+00:00,6542.17,18.5790369,0.95530437,0.95485662,0.0,0.0,1.541e-05
2025-06-21 09:00:00+00:00,6823.3125,18.74314008,0.95167278,0.95120945,0.0,0.0,0.0
2025-06-21 10:00:00+00:00,6801.0825,19.20488411,0.94419756,0.94370218,0.0,0.0,0.0
2025-06-21 11:00:00+00:00,6696.5775,19.60590804,0.94058552,0.94006415,0.0,0.0,0.0
2025-06-21 12:00:00+00:00,6550.89,19.49575055,0.94147739,0.94095236,0.0,0.0,0.0
2025-06-21 13:00:00+00:00,6301.5225,19.05953845,0.94833925,0.9478737,0.0,0.0,2.114e-05
2025-06-21 14:00:00+00:00,6178.83,18.44708877,0.95363772,0.95321649,0.0,0.0,4.329e-05
2025-06-21 15:00:00+00:00,6433.575,17.91553491,0.96125364,0.9608694,0.0,0.0,0.00012098
2025-06-21 16:00:00+00:00,6661.545,17.61711938,0.96969118,0.96937912,0.0,0.0,0.00012478
2025-06-21 17:00:00+00:00,6720.79,17.70383851,0.97525239,0.97479959,1.24e-06,0.0002348,0.00010228
2025-06-21 18:00:00+00:00,6935.0975,18.06941144,0.97844648,0.97723616,3.7e-05,0.000888,0.00025278
2025-06-21 19:00:00+00:00,6788.6525,17.91836814,0.97915279,0.97888751,9.43e-06,0.0,0.0001999
2025-06-21 20:00:00+00:00,6646.2075,17.52159612,0.9791572,0.97907397,4e-08,0.0,7.79e-06
2025-06-21 21:00:00+00:00,6363.455,17.36697802,0.97884903,0.97872839,1.9e-07,0.0,3.095e-05
2025-06-21 22:00:00+00:00,6162.0925,17.38908701,0.97796338,0.97710657,0.0,0.00060022,0.0002008
2025-06-21 23:00:00+00:00,6008.9075,17.17552941,0.97762414,0.97693064,0.0,0.00045369,0.00021082
2025-06-22 00:00:00+00:00,5887.95,16.97322966,0.9780481,0.977785,8.75e-06,0.0,0.00022392
2025-06-22 01:00:00+00:00,5745.7275,17.03791504,0.97828224,0.97810377,0.0,0.0,0.00014719
2025-06-22 02:00:00+00:00,5462.575,17.45013915,0.97801982,0.97779569,0.0,0.0,0.00020712
2025-06-22 03:00:00+00:00,5410.6575,17.7906414,0.97619553,0.97596108,0.0,0.0,0.00020791
2025-06-22 04:00:00+00:00,5559.55,18.52552127,0.9734464,0.97314926,0.0,0.0,0.0002195
2025-06-22 05:00:00+00:00,5776.055,19.04492459,0.96747906,0.96720211,0.0,0.0,0.0001166
2025-06-22 06:00:00+00:00,5979.985,19.54103426,0.95582338,0.95436661,9.5e-07,0.0006495,5.445e-05
2025-06-22 07:00:00+00:00,6339.5775,20.36246414,0.9436159,0.94128154,4.94e-06,0.00079453,9.22e-06
2025-06-22 08:00:00+00:00,6585.7025,22.16098844,0.93376517,0.92852881,2.253e-05,0.00204153,3.133e-05
2025-06-22 09:00:00+00:00,6600.5225,23.9986492,0.93416567,0.92680974,1.184e-05,0.00366898,6.527e-05
2025-06-22 10:00:00+00:00,6640.705,24.07781291,0.93758319,0.93059205,9.33e-06,0.00356946,6.216e-05
2025-06-22 11:00:00+00:00,6681.055,23.49118906,0.93903227,0.93244075,8.74e-06,0.00348925,5.885e-05
2025-06-22 12:00:00+00:00,6854.16,23.18795814,0.94295199,0.93634953,1.273e-05,0.00302847,5.654e-05
2025-06-22 13:00:00+00:00,6888.5925,21.46931498,0.94974493,0.94454414,8.59e-06,0.00266657,4.024e-05
2025-06-22 14:00:00+00:00,6934.7875,20.28631671,0.95989493,0.95567109,4.052e-05,0.00210527,8.332e-05
2025-06-22 15:00:00+00:00,7100.385,17.96090617,0.96940057,0.96872058,4.5e-07,0.00011838,0.0002282
2025-06-22 16:00:00+00:00,7361.46,17.25853914,0.97773671,0.9774928,0.0,0.0,0.00010686
2025-06-22 17:00:00+00:00,7482.6575,16.6940522,0.98115331,0.98095669,0.0,0.0,0.00018095
2025-06-22 18:00:00+00:00,7431.025,16.0400847,0.98244403,0.98230798,1.5e-07,0.0,9.36e-05
2025-06-22 19:00:00+00:00,7140.9275,15.88424504,0.98293323,0.98277076,0.0,0.0,0.00011717
2025-06-22 20:00:00+00:00,7056.28,15.89292129,0.98399113,0.98379453,0.0,0.0,0.00023177
2025-06-22 21:00:00+00:00,6703.26,15.79390053,0.98397675,0.98378356,0.0,0.0,0.00022568
2025-06-22 22:00:00+00:00,6591.47,15.78464241,0.98411742,0.98385298,0.0,0.0,0.00032653
2025-06-22 23:00:00+00:00,6422.79,15.84084624,0.98346358,0.98324094,0.0,0.0,0.00029638
2025-06-23 00:00:00+00:00,6593.0775,15.82629638,0.98343129,0.98295443,0.0,0.00022412,0.00029976
2025-06-23 01:00:00+00:00,6488.0425,16.00833404,0.98352231,0.98248947,0.0,0.00085262,0.00021233
2025-06-23 02:00:00+00:00,6313.145,16.00344927,0.98313046,0.98235996,0.0,0.00062774,0.00012711
2025-06-23 03:00:00+00:00,6623.06,16.03267204,0.98246082,0.98159991,0.0,0.00072208,0.00010144
2025-06-23 04:00:00+00:00,7465.17,16.4092211,0.98195132,0.98166758,2.761e-05,0.0,0.00028255
2025-06-23 05:00:00+00:00,8369.14,16.53358899,0.98149477,0.98105264,2.971e-05,0.00016683,0.00018911
2025-06-23 06:00:00+00:00,8934.42,17.13701191,0.98015944,0.97897687,4.425e-05,0.00077649,0.0001642
2025-06-23 07:00:00+00:00,8902.765,16.90189319,0.97643434,0.97594214,0.0,0.00013558,0.00011405
2025-06-23 08:00:00+00:00,9151.785,17.74733919,0.97310477,0.97173604,4.91e-06,0.00061284,0.00016161
2025-06-23 09:00:00+00:00,9240.2975,18.39900445,0.97099756,0.96818717,2.197e-05,0.00164147,5.14e-05
2025-06-23 10:00:00+00:00,9221.6225,19.63139576,0.96865323,0.96405313,1.043e-05,0.00221363,3.667e-05
2025-06-23 11:00:00+00:00,9168.5425,20.37106299,0.96863954,0.96319582,3.308e-05,0.00255259,7.407e-05
2025-06-23 12:00:00+00:00,9200.2075,19.92133579,0.96822736,0.96326792,2.498e-05,0.00219583,3.94e-05
2025-06-23 13:00:00+00:00,9068.6775,20.19971644,0.96899495,0.96304255,2.136e-05,0.00257559,4.339e-05
2025-06-23 14:00:00+00:00,8996.3075,19.55290769,0.97040552,0.96512821,4.516e-05,0.0022658,7.293e-05
2025-06-23 15:00:00+00:00,8970.61,19.46897961,0.97086572,0.96546245,3.808e-05,0.00216637,0.00027162
2025-06-23 16:00:00+00:00,8921.9325,17.9475369,0.9783862,0.97567938,2.547e-05,0.00119343,0.00022932
2025-06-23 17:00:00+00:00,8706.3475,17.20439252,0.98103086,0.97942597,2.7e-07,0.00126168,0.00037501
2025-06-23 18:00:00+00:00,8494.255,16.99808519,0.98156803,0.97977735,0.0,0.00151583,0.00034375
2025-06-23 19:00:00+00:00,8316.4975,17.15498385,0.9818743,0.97766085,0.0,0.00394094,0.00018901
2025-06-23 20:00:00+00:00,7939.7125,17.15069794,0.98305419,0.97843045,0.0,0.00434958,0.00019562
2025-06-23 21:00:00+00:00,7500.16,16.19618937,0.98371637,0.98199588,0.0,0.00151304,0.00014012
2025-06-23 22:00:00+00:00,7198.7225,16.0720856,0.98374203,0.98350408,0.0,5.45e-06,0.00029162
2025-06-23 23:00:00+00:00,6928.4825,15.98969376,0.98332873,0.98314301,0.0,0.0,0.00022751
2025-06-24 00:00:00+00:00,6919.555,16.1772044,0.98355658,0.98331376,0.0,0.0,0.00028094
2025-06-24 01:00:00+00:00,6813.335,16.36558563,0.98365899,0.98320578,9.21e-06,0.00018082,0.00040363
2025-06-24 02:00:00+00:00,6818.6475,16.4733181,0.98395368,0.98342991,1.647e-05,0.0002333,0.00041934
2025-06-24 03:00:00+00:00,6938.175,16.30344703,0.98372997,0.98351426,0.0,0.0,0.0002925
2025-06-24 04:00:00+00:00,7643.21,16.39797965,0.98329003,0.9830732,0.0,0.0,0.00021432
2025-06-24 05:00:00+00:00,8285.44,16.72271028,0.98176898,0.98151858,0.0,0.0,0.00021532
2025-06-24 06:00:00+00:00,8501.2325,16.52711738,0.978988,0.97865544,0.0,0.0,0.00021846
2025-06-24 07:00:00+00:00,8619.975,16.5947821,0.97489202,0.97447358,0.0,0.0,0.00022761
2025-06-24 08:00:00+00:00,8655.48,16.7188625,0.97257249,0.97208381,0.0,0.0,0.00024236
2025-06-24 09:00:00+00:00,8768.715,18.04797277,0.97038139,0.9682052,9.33e-06,0.00027432,0.00015658
2025-06-24 10:00:00+00:00,8881.5025,19.23387238,0.96660208,0.96280437,6.67e-06,0.00049478,0.00013665
2025-06-24 11:00:00+00:00,8793.465,19.31248875,0.96536929,0.96151785,8.17e-06,0.00050054,0.00010899
2025-06-24 12:00:00+00:00,8880.0525,18.35917927,0.96595468,0.96356868,1.029e-05,0.00032934,0.00018102
2025-06-24 13:00:00+00:00,8764.0425,16.97951467,0.96969731,0.969113,2.58e-06,7.216e-05,0.00010727
2025-06-24 14:00:00+00:00,8714.3825,16.65899631,0.97252998,0.97210669,0.0,0.0,0.00016022
2025-06-24 15:00:00+00:00,8862.1525,16.50002775,0.97784709,0.97744272,0.0,0.0,0.00027616
2025-06-24 16:00:00+00:00,8860.35,16.71063657,0.98186857,0.98151129,0.0,0.0,0.00030827
2025-06-24 17:00:00+00:00,8678.02,16.63435175,0.98581981,0.98549885,0.0,0.0,0.00038524
2025-06-24 18:00:00+00:00,8641.475,16.52970347,0.98733091,0.98703581,0.0,0.0,0.00039647
2025-06-24 19:00:00+00:00,8415.8175,16.51887305,0.98822343,0.98775713,0.0,0.00015213,0.00043947
2025-06-24 20:00:00+00:00,8208.4575,16.55345978,0.98721948,0.98646137,0.0,0.00040758,0.00053702
2025-06-24 21:00:00+00:00,7803.37,16.53166206,0.98813309,0.98649483,0.0,0.00127076,0.00051529
2025-06-24 22:00:00+00:00,7383.3125,16.52889912,0.98857255,0.98471081,0.0,0.00347595,0.00043824
2025-06-24 23:00:00+00:00,7109.605,16.39376553,0.98860466,0.98546975,0.0,0.00276654,0.00048442
2025-06-25 00:00:00+00:00,6995.0425,15.94732024,0.98892444,0.98774383,0.0,0.00089705,0.00035478
2025-06-25 01:00:00+00:00,6822.4475,15.83891393,0.98892156,0.98867758,0.0,0.0,0.00036291
2025-06-25 02:00:00+00:00,6656.0775,16.02364287,0.98893747,0.98866546,0.0,9e-08,0.00037918
2025-06-25 03:00:00+00:00,6816.92,16.1521979,0.9882495,0.98797014,0.0,1.8e-07,0.00033389
2025-06-25 04:00:00+00:00,7683.015,16.58825453,0.98763805,0.98731497,0.0,1.6e-07,0.00031157
2025-06-25 05:00:00+00:00,8396.8775,16.57245073,0.98571295,0.98536472,0.0,1.5e-07,0.00030711
2025-06-25 06:00:00+00:00,8766.0175,17.13902423,0.98295744,0.98254722,6.9e-07,1.5e-07,0.00028535
2025-06-25 07:00:00+00:00,8883.0075,17.48524777,0.97976012,0.97928533,0.0,1.5e-07,0.00031182
2025-06-25 08:00:00+00:00,8914.525,17.92434117,0.97613689,0.97558258,0.0,1.5e-07,0.00034052
2025-06-25 09:00:00+00:00,8939.67,18.37110037,0.97117715,0.97058459,0.0,1.7e-07,0.00029333
2025-06-25 10:00:00+00:00,8889.625,18.74759296,0.96876857,0.96819472,0.0,1.6e-07,0.00023874
2025-06-25 11:00:00+00:00,8767.195,19.13351914,0.96742142,0.96624136,0.0,0.00054583,0.00026446
2025-06-25 12:00:00+00:00,8565.155,19.07095579,0.96664012,0.96608611,0.0,1.5e-07,0.00020308
2025-06-25 13:00:00+00:00,8435.6475,19.01970955,0.96827638,0.96777006,0.0,1.3e-07,0.00019044
2025-06-25 14:00:00+00:00,8263.745,18.58708345,0.97159581,0.97116134,0.0,9e-08,0.0001212
2025-06-25 15:00:00+00:00,8361.44,17.8538115,0.97659798,0.97623896,0.0,8e-08,0.00010858
2025-06-25 16:00:00+00:00,8340.465,17.43904351,0.98170749,0.98139585,0.0,1.2e-07,0.00015748
2025-06-25 17:00:00+00:00,8288.1075,17.53536758,0.98626334,0.98546947,4.829e-05,0.00044149,0.00026102
2025-06-25 18:00:00+00:00,8302.34,17.4952643,0.98868114,0.9878574,0.00017112,0.00034979,0.0003945
2025-06-25 19:00:00+00:00,8128.755,17.15824669,0.98944921,0.98892469,0.00020624,2.3e-07,0.00040938
2025-06-25 20:00:00+00:00,7830.61,16.59376486,0.9894683,0.98918027,2.82e-05,2.1e-07,0.00025674
2025-06-25 21:00:00+00:00,7429.83,16.41680139,0.9891822,0.98858326,0.0,0.00032486,0.00018769
2025-06-25 22:00:00+00:00,7282.43,16.44548798,0.98933556,0.98855756,0.0,0.00052362,0.00018815
2025-06-25 23:00:00+00:00,7044.1475,16.27163858,0.98929324,0.98884481,0.0,0.00023948,0.00018779
2025-06-26 00:00:00+00:00,6985.3725,16.22484828,0.98929609,0.98908076,0.0,2.3e-07,0.00016985
2025-06-26 01:00:00+00:00,6861.645,16.54429013,0.98907234,0.9882141,0.0,0.00062468,0.00019727
2025-06-26 02:00:00+00:00,6788.3325,16.42253832,0.98898467,0.98878836,0.0,2.1e-07,0.00021588
2025-06-26 03:00:00+00:00,7073.15,17.02796103,0.98799894,0.98777116,0.0,3.1e-07,0.00030843
2025-06-26 04:00:00+00:00,7649.45,18.00294217,0.9853307,0.98500373,0.0,4.8e-07,0.00040591
2025-06-26 05:00:00+00:00,8316.1825,18.92986548,0.98182215,0.9814569,0.0,3.5e-07,0.00041877
2025-06-26 06:00:00+00:00,8503.9475,19.60968167,0.97684854,0.97646836,0.0,3.5e-07,0.00038112
2025-06-26 07:00:00+00:00,8609.555,20.16657915,0.97222349,0.9718243,0.0,3.1e-07,0.00030925
2025-06-26 08:00:00+00:00,8596.5475,20.55960157,0.96807369,0.96762611,0.0,2.8e-07,0.00034612
2025-06-26 09:00:00+00:00,8739.9975,20.85209767,0.96609622,0.96527316,0.0,0.00037796,0.00026748
2025-06-26 10:00:00+00:00,8521.8425,20.77742527,0.96466599,0.96422069,0.0,1.9e-07,0.00028013
2025-06-26 11:00:00+00:00,8435.9625,20.83514498,0.96458715,0.96406718,0.0,4.793e-05,0.00034686
2025-06-26 12:00:00+00:00,8367.49,20.70763147,0.96626815,0.96574511,0.0,6.108e-05,0.00031639
2025-06-26 13:00:00+00:00,8422.6975,20.38516085,0.96992627,0.96949371,0.0,2.2e-07,0.0003247
2025-06-26 14:00:00+00:00,8392.9975,19.95133514,0.97507467,0.97450737,0.0,0.00015994,0.00031328
2025-06-26 15:00:00+00:00,8618.42,19.61985037,0.9804599,0.9794944,0.0,0.00056475,0.00036969
2025-06-26 16:00:00+00:00,8738.3075,19.38061026,0.98589336,0.98516789,0.00041654,6.69e-06,0.00033259
2025-06-26 17:00:00+00:00,8653.5775,18.84628729,0.98796457,0.98714132,0.00053704,0.0,0.00046042
2025-06-26 18:00:00+00:00,8592.94,18.33712339,0.98848879,0.98792249,0.00027705,0.0,0.00051716
2025-06-26 19:00:00+00:00,8560.835,17.91995872,0.9894893,0.98879255,0.00041762,0.0,0.00057017
2025-06-26 20:00:00+00:00,8130.8375,17.38643473,0.98984052,0.9890452,0.00056503,0.0,0.00043778
2025-06-26 21:00:00+00:00,7455.6475,16.96397277,0.98980126,0.9892898,0.00028227,0.0,0.00047494
2025-06-26 22:00:00+00:00,7042.33,16.70546695,0.98920727,0.98895158,3.374e-05,0.0,0.00027715
2025-06-26 23:00:00+00:00,6734.355,16.54102871,0.98965536,0.98944511,1.441e-05,0.0,0.00025404
2025-06-27 00:00:00+00:00,6527.3325,16.54176263,0.98966724,0.9894755,0.0,0.0,0.00026651
2025-06-27 01:00:00+00:00,6394.6475,16.70675012,0.98940789,0.98920904,0.0,0.0,0.00026626
2025-06-27 02:00:00+00:00,6380.2725,16.8702294,0.98902845,0.98880241,0.0,2.464e-05,0.00027077
2025-06-27 03:00:00+00:00,6635.2675,17.36118945,0.98914134,0.9884207,0.0,0.00050292,0.00025403
2025-06-27 04:00:00+00:00,7391.4375,17.72045265,0.98866521,0.98829887,8.883e-05,0.0,0.0004043
2025-06-27 05:00:00+00:00,8335.1,18.360621,0.98793485,0.98742404,0.00016158,0.0,0.00053622
2025-06-27 06:00:00+00:00,8711.63,18.61866074,0.98634602,0.98594896,4.71e-05,0.0,0.00034917
2025-06-27 07:00:00+00:00,8801.5875,18.56330769,0.98301303,0.98252173,0.0,7.275e-05,0.00026518
2025-06-27 08:00:00+00:00,8799.345,18.6066399,0.97916643,0.97872741,0.0,0.0,0.00021279
2025-06-27 09:00:00+00:00,8727.36,18.69197578,0.97544839,0.9749435,0.0,6.727e-05,0.00018126
2025-06-27 10:00:00+00:00,8644.1875,18.54747206,0.97241158,0.97196767,0.0,0.0,0.00022787
2025-06-27 11:00:00+00:00,8522.8375,18.29573341,0.97048276,0.96999959,0.0,0.0,0.00023959
2025-06-27 12:00:00+00:00,8167.245,17.72464922,0.96947831,0.96900469,0.0,0.0,0.00014857
2025-06-27 13:00:00+00:00,7937.6875,17.37930592,0.97053021,0.97016825,0.0,0.0,0.00010127
2025-06-27 14:00:00+00:00,7740.86,17.12156496,0.97406553,0.97368397,0.0,0.0,0.00014943
2025-06-27 15:00:00+00:00,7714.3625,16.68338715,0.97837626,0.97801096,0.0,0.0,0.00019262
2025-06-27 16:00:00+00:00,7830.9575,16.28901551,0.98266802,0.98242812,0.0,0.0,0.00016804
2025-06-27 17:00:00+00:00,7876.84,16.05810735,0.98545767,0.98526527,0.0,0.0,0.00019403
2025-06-27 18:00:00+00:00,7764.24,15.8876448,0.98781089,0.98765264,0.0,0.0,0.00017293
2025-06-27 19:00:00+00:00,7435.635,15.72560269,0.98852155,0.98837896,0.0,0.0,0.00016341
2025-06-27 20:00:00+00:00,7180.025,15.6535786,0.98929514,0.98915229,0.0,0.0,0.00015273
2025-06-27 21:00:00+00:00,7142.0825,15.62061372,0.98888871,0.9887334,0.0,0.0,0.00016784
2025-06-27 22:00:00+00:00,6670.425,15.80800088,0.98830987,0.98813047,0.0,0.0,0.00022487
2025-06-27 23:00:00+00:00,6812.2375,15.85731687,0.98820939,0.98801873,0.0,0.0,0.00029087
2025-06-28 00:00:00+00:00,6468.27,16.04241422,0.98911771,0.98889661,0.0,0.0,0.00035596
2025-06-28 01:00:00+00:00,6261.865,16.09925073,0.98811715,0.98790317,0.0,0.0,0.00025951
2025-06-28 02:00:00+00:00,6068.3925,16.27992879,0.98761112,0.98736933,0.0,0.0,0.00024305
2025-06-28 03:00:00+00:00,6165.8625,16.52258095,0.98663099,0.98641007,0.0,0.0,0.00028995
2025-06-28 04:00:00+00:00,6350.355,17.3106119,0.98328313,0.98302029,0.0,0.0,0.00032021
2025-06-28 05:00:00+00:00,6498.17,18.24216737,0.97837168,0.97807465,0.0,0.0,0.0003265
2025-06-28 06:00:00+00:00,6877.425,18.9272962,0.9781375,0.97776383,0.0,0.0,0.00035949
2025-06-28 07:00:00+00:00,7151.42,18.81630268,0.97309464,0.97220792,3.901e-05,0.00022474,0.00037232
2025-06-28 08:00:00+00:00,7380.4075,18.415039,0.97131918,0.96968627,1.72e-06,0.00064509,1.754e-05
2025-06-28 09:00:00+00:00,7641.09,18.47944031,0.9741078,0.97126538,5.38e-06,0.00139877,2.41e-05
2025-06-28 10:00:00+00:00,7683.76,18.45325351,0.9753859,0.97174679,8.8e-07,0.00178671,3.005e-05
2025-06-28 11:00:00+00:00,7840.145,18.7241414,0.97655924,0.97171202,3.87e-06,0.00236249,3.907e-05
2025-06-28 12:00:00+00:00,7483.6,18.08252786,0.97644575,0.97247469,1.6e-07,0.00187825,3.173e-05
2025-06-28 13:00:00+00:00,7342.7825,16.57440518,0.9793203,0.97773349,9e-08,0.00060245,1.221e-05
2025-06-28 14:00:00+00:00,7386.845,16.16916967,0.97996509,0.97933255,0.0,0.00021705,0.00017558
2025-06-28 15:00:00+00:00,7598.4975,16.14124593,0.98278692,0.98236698,1.842e-05,0.0,0.00032091
2025-06-28 16:00:00+00:00,7426.0725,16.61448706,0.9858964,0.98558834,0.0,0.0,0.0003469
2025-06-28 17:00:00+00:00,7249.6275,16.5357361,0.98702509,0.98676338,0.0,0.0,0.00034452
2025-06-28 18:00:00+00:00,7126.435,16.47637109,0.98773056,0.9874886,0.0,0.0,0.00036877
2025-06-28 19:00:00+00:00,6982.2875,16.30498235,0.98957997,0.98935525,0.0,0.0,0.00034214
2025-06-28 20:00:00+00:00,6819.17,16.1100452,0.9896521,0.98945017,0.0,1.66e-06,0.00028504
2025-06-28 21:00:00+00:00,6556.21,15.86415604,0.99006554,0.98989436,0.0,0.0,0.00016351
2025-06-28 22:00:00+00:00,6329.5,15.36405175,0.98800208,0.98779863,0.0,0.0,0.00026492
2025-06-28 23:00:00+00:00,6075.86,15.3189295,0.98796794,0.98704203,0.0001222,0.00051435,0.00047009
2025-06-29 00:00:00+00:00,6009.4775,15.37899643,0.98857963,0.98719589,0.00010156,0.0009929,0.00045576
2025-06-29 01:00:00+00:00,5938.56,15.19983535,0.9885626,0.98748788,7.493e-05,0.00072724,0.00035063
2025-06-29 02:00:00+00:00,5780.445,15.14094386,0.98785729,0.98710815,9.259e-05,0.00038536,0.00034207
2025-06-29 03:00:00+00:00,5804.14,15.39969709,0.9866719,0.9859285,0.00014378,0.0003269,0.00047427
2025-06-29 04:00:00+00:00,6202.52,15.6382297,0.98299854,0.98238462,9.111e-05,0.00026945,0.00033699
2025-06-29 05:00:00+00:00,5995.665,16.12305023,0.97803813,0.97773671,3.199e-05,6.648e-05,0.00011186
2025-06-29 06:00:00+00:00,6084.0375,16.47128801,0.97257851,0.9721603,0.0,0.00016968,0.0
2025-06-29 07:00:00+00:00,6226.4725,16.99826051,0.96523149,0.96480863,0.0,0.00012725,0.0
2025-06-29 08:00:00+00:00,6422.76,17.31888446,0.9573497,0.95697673,0.0,0.0,0.0
2025-06-29 09:00:00+00:00,6870.91,17.53273589,0.95539786,0.95501806,0.0,0.0,0.0
2025-06-29 10:00:00+00:00,7063.465,17.97039355,0.95097699,0.95054213,0.0,0.0,0.0
2025-06-29 11:00:00+00:00,7111.7075,17.9541714,0.95054421,0.95005001,0.0,0.0,0.0
2025-06-29 12:00:00+00:00,7167.035,20.27146068,0.95128386,0.94792113,1.9e-07,0.00011184,3.108e-05
2025-06-29 13:00:00+00:00,7150.72,18.54105713,0.95631505,0.95444243,3.3e-07,0.00029078,1.583e-05
2025-06-29 14:00:00+00:00,7199.9575,16.38560818,0.96500519,0.96462602,0.0,0.0,0.0
2025-06-29 15:00:00+00:00,7146.1925,15.87632435,0.97174342,0.97136205,0.0,7.784e-05,1.033e-05
2025-06-29 16:00:00+00:00,7395.4225,15.4682163,0.97857818,0.97832624,0.0,6.131e-05,4.61e-05
2025-06-29 17:00:00+00:00,7582.8725,14.96816453,0.98223656,0.98209415,0.0,2e-08,5.957e-05
2025-06-29 18:00:00+00:00,7433.51,14.84534117,0.98507232,0.98494619,0.0,4e-08,9.966e-05
2025-06-29 19:00:00+00:00,7244.0,14.62333151,0.98640665,0.98628913,0.0,4e-08,9.069e-05
2025-06-29 20:00:00+00:00,7201.4875,14.72708897,0.98712659,0.98674038,0.0,0.00028616,5.324e-05
2025-06-29 21:00:00+00:00,7262.955,14.61870595,0.98668733,0.98652013,0.0,7.459e-05,3.648e-05
2025-06-29 22:00:00+00:00,6697.975,14.62603351,0.9874832,0.98688921,0.0,0.00047873,6.434e-05
2025-06-29 23:00:00+00:00,6522.995,14.61365407,0.98717562,0.98675727,0.0,0.00028169,0.00014872
2025-06-30 00:00:00+00:00,6644.1025,14.76562923,0.98697216,0.98638821,0.0,0.00043511,0.0001629
2025-06-30 01:00:00+00:00,6506.84,14.70910713,0.98699389,0.98675624,0.0,7.501e-05,0.00017683
2025-06-30 02:00:00+00:00,6475.395,14.68247088,0.98632462,0.98606156,0.0,5.733e-05,0.000159
2025-06-30 03:00:00+00:00,6687.3025,14.89564107,0.98383593,0.98365559,0.0,1.1e-07,0.00024229
2025-06-30 04:00:00+00:00,7500.19,15.54091518,0.98135149,0.9811973,0.0,6e-08,0.00013859
2025-06-30 05:00:00+00:00,8042.3325,16.08632449,0.97779169,0.97762078,0.0,4e-08,0.00011168
2025-06-30 06:00:00+00:00,8195.3,16.72367413,0.97304309,0.97282491,0.0,4e-08,9.175e-05
2025-06-30 07:00:00+00:00,8088.3775,17.33752193,0.96740992,0.96717382,0.0,2e-08,6.583e-05
2025-06-30 08:00:00+00:00,8251.335,17.79106589,0.96142717,0.96116248,0.0,1e-08,3.307e-05
2025-06-30 09:00:00+00:00,8298.9625,18.10184686,0.95919818,0.95888361,0.0,3.384e-05,5.061e-05
2025-06-30 10:00:00+00:00,8217.11,18.41038679,0.95746534,0.95698564,0.0,0.00016467,3.034e-05
2025-06-30 11:00:00+00:00,8210.705,18.40328943,0.95712002,0.95675147,0.0,1e-08,3.563e-05
2025-06-30 12:00:00+00:00,8219.04,18.43374461,0.95899813,0.95837486,0.0,0.00024858,2.185e-05
2025-06-30 13:00:00+00:00,8136.74,18.35090999,0.96054895,0.96002653,0.0,0.00020908,4.53e-05
2025-06-30 14:00:00+00:00,8042.505,18.16794604,0.96363302,0.96323227,0.0,3.689e-05,0.00016255
2025-06-30 15:00:00+00:00,8177.045,17.98026413,0.96803936,0.96764331,0.0,1.3e-07,0.00031535
2025-06-30 16:00:00+00:00,8187.2675,17.72786582,0.97435645,0.9740561,1.79e-06,1.2e-07,0.00032299
2025-06-30 17:00:00+00:00,8141.6625,18.08179125,0.97932404,0.97898707,3.889e-05,1.5e-07,0.00044791
2025-06-30 18:00:00+00:00,8047.12,18.16136147,0.98194063,0.98133744,0.00019857,8.779e-05,0.00053098
2025-06-30 19:00:00+00:00,7781.17,18.01588669,0.98337436,0.98255331,0.0002503,0.00027264,0.00051711
2025-06-30 20:00:00+00:00,7667.89,17.94800635,0.98340511,0.98214972,6.061e-05,0.00089231,0.00047346
2025-06-30 21:00:00+00:00,7194.29,17.3834971,0.98170373,0.98082355,2.614e-05,0.00056086,0.00045115
2025-06-30 22:00:00+00:00,6873.5075,17.31682137,0.98178278,0.98086001,0.0,0.00063862,0.00043939
2025-06-30 23:00:00+00:00,6728.755,17.34433941,0.98226975,0.98102974,0.0,0.00095043,0.00042137
2025-07-01 00:00:00+00:00,6601.5325,17.33696356,0.98111312,0.97969238,0.0,0.00113162,0.00040903
2025-07-01 01:00:00+00:00,6459.83,17.26337042,0.9808842,0.97992509,0.0,0.00063833,0.0004609
2025-07-01 02:00:00+00:00,6422.2025,17.16408583,0.98043943,0.9800995,0.0,2.2e-07,0.00044322
2025-07-01 03:00:00+00:00,6610.1975,17.38352222,0.97960372,0.97931947,0.0,2e-07,0.00046175
2025-07-01 04:00:00+00:00,7277.185,18.208292,0.97895246,0.97857349,1.538e-05,6.34e-05,0.00044943
2025-07-01 05:00:00+00:00,7950.7375,18.96732624,0.97538657,0.97506163,1.755e-05,1.6e-07,0.00038303
2025-07-01 06:00:00+00:00,8208.8875,19.49417055,0.96986445,0.96953634,0.0,1.5e-07,0.0003212
2025-07-01 07:00:00+00:00,8214.6825,19.79452282,0.96424668,0.9639015,0.0,1.4e-07,0.00031231
2025-07-01 08:00:00+00:00,8173.8425,19.92134069,0.95881053,0.95845815,0.0,3.783e-05,0.00020208
2025-07-01 09:00:00+00:00,8105.9225,19.91601326,0.95574697,0.95544311,0.0,3.704e-05,8.077e-05
2025-07-01 10:00:00+00:00,8214.795,19.88412567,0.9556875,0.95540493,0.0,6e-08,0.00012409
2025-07-01 11:00:00+00:00,8101.1525,19.71446295,0.95540696,0.95506287,0.0,7e-08,0.00016054
2025-07-01 12:00:00+00:00,8060.79,19.44685688,0.95607089,0.95569737,0.0,8e-08,0.00015872
2025-07-01 13:00:00+00:00,8089.5725,19.03075248,0.95939636,0.95905752,0.0,9e-08,0.00022566
2025-07-01 14:00:00+00:00,7986.2325,18.30120228,0.96333503,0.96302615,0.0,0.0,0.00014055
2025-07-01 15:00:00+00:00,8033.665,17.74592215,0.96897687,0.96868535,0.0,0.0,0.00022082
2025-07-01 16:00:00+00:00,8217.4925,17.46022144,0.97598953,0.97561979,7.806e-05,0.0,0.00038571
2025-07-01 17:00:00+00:00,8213.015,17.40892095,0.98044396,0.97972197,0.00043604,0.0,0.00059388
2025-07-01 18:00:00+00:00,8004.935,17.18329276,0.98277429,0.98193363,0.00057404,0.0,0.00052789
2025-07-01 19:00:00+00:00,7776.015,16.91370238,0.98410343,0.98363781,0.00018047,0.0,0.00057602
2025-07-01 20:00:00+00:00,7452.58,16.32995545,0.98365699,0.98338763,4.425e-05,0.0,0.0003987
2025-07-01 21:00:00+00:00,7149.5075,15.88370767,0.98352152,0.98332973,0.0,0.0,0.00026782
2025-07-01 22:00:00+00:00,6999.85,15.93115185,0.98370243,0.98346073,0.0,0.0,0.00036617
2025-07-01 23:00:00+00:00,6661.5975,16.01266477,0.98352035,0.98328785,0.0,0.0,0.00033214
2025-07-02 00:00:00+00:00,6393.2225,16.12234149,0.98371634,0.98347438,0.0,0.0,0.00036874
2025-07-02 01:00:00+00:00,6414.0475,16.23315306,0.98296762,0.98270009,0.0,0.0,0.00037224
2025-07-02 02:00:00+00:00,6420.4025,16.46094897,0.98279212,0.98247598,0.0,0.0,0.00040241
2025-07-02 03:00:00+00:00,6636.6,16.9219361,0.98222453,0.98157825,2.428e-05,0.00032853,0.00045817
2025-07-02 04:00:00+00:00,7265.9825,17.70107169,0.97997438,0.97954005,0.0001111,0.0,0.00052416
2025-07-02 05:00:00+00:00,7973.64,18.86287673,0.97806687,0.97745591,0.00021066,0.0,0.0006534
2025-07-02 06:00:00+00:00,8316.1425,19.39878302,0.97381457,0.97320494,0.00016827,0.0,0.00062837
2025-07-02 07:00:00+00:00,8404.2775,19.71066402,0.96927758,0.96858488,0.0,0.00025582,0.00040703
2025-07-02 08:00:00+00:00,8702.4525,20.00720997,0.96420491,0.96362375,0.0,0.00014555,0.00031843
2025-07-02 09:00:00+00:00,8918.96,20.31576594,0.95981379,0.95892946,0.0,0.00043816,0.00026392
2025-07-02 10:00:00+00:00,8776.24,20.20518018,0.95744369,0.95702254,0.0,0.0,0.00025307
2025-07-02 11:00:00+00:00,8670.8925,20.20452485,0.9584398,0.95802443,0.0,0.0,0.00023753
2025-07-02 12:00:00+00:00,8884.0275,20.1872448,0.96012048,0.95967982,0.0,0.0,0.00021481
2025-07-02 13:00:00+00:00,9076.7925,20.09456448,0.96389314,0.96345341,0.0,0.0,0.00020538
2025-07-02 14:00:00+00:00,8741.5425,19.80526127,0.96773157,0.96726456,0.0,0.0,0.00022752
2025-07-02 15:00:00+00:00,8613.5825,19.42286777,0.97279951,0.97236522,0.0,0.0,0.00032696
2025-07-02 16:00:00+00:00,8642.975,19.28374193,0.97828358,0.97777707,0.00011231,0.0,0.00045044
2025-07-02 17:00:00+00:00,8274.455,19.22832368,0.98183128,0.98087198,0.00037401,0.00026805,0.0005466
2025-07-02 18:00:00+00:00,8090.445,18.92058585,0.98388573,0.98330137,0.00028888,0.0,0.00048224
2025-07-02 19:00:00+00:00,7941.385,18.69005439,0.98484509,0.98435927,0.00017321,0.0,0.00061383
2025-07-02 20:00:00+00:00,7823.16,18.36607887,0.98406591,0.98297319,2.282e-05,0.00076334,0.00042885
2025-07-02 21:00:00+00:00,7313.8625,17.87585644,0.98442966,0.98404364,0.0,0.00013361,0.0003392
2025-07-02 22:00:00+00:00,6634.0625,17.61351915,0.98406806,0.98386601,0.0,0.0,0.00028649
2025-07-02 23:00:00+00:00,6446.5675,17.51191518,0.98461395,0.98440278,0.0,1.364e-05,0.00027515
2025-07-03 00:00:00+00:00,6361.0375,17.26790794,0.98503957,0.9848219,0.0,0.0,0.0003062
2025-07-03 01:00:00+00:00,6311.43,17.22683514,0.98475344,0.98450461,0.0,0.0,0.00035862
2025-07-03 02:00:00+00:00,6336.485,17.05621806,0.98534952,0.98509363,0.0,0.0,0.00027904
2025-07-03 03:00:00+00:00,6620.995,17.11422654,0.98549025,0.98481594,0.0,0.00048493,0.00021992
2025-07-03 04:00:00+00:00,7382.1825,17.28312021,0.98512489,0.98473733,0.0,0.00016458,0.00023149
2025-07-03 05:00:00+00:00,7965.7575,17.3862647,0.98324208,0.98286503,0.0,0.00013779,0.00020637
2025-07-03 06:00:00+00:00,8214.955,17.39379836,0.98135277,0.98106304,0.0,3.753e-05,0.00013413
2025-07-03 07:00:00+00:00,8144.275,17.59825388,0.97778912,0.97674354,0.0,0.0,0.0001114
2025-07-03 08:00:00+00:00,8470.55,17.76183919,0.97284487,0.97173465,0.0,0.0,0.00011632
2025-07-03 09:00:00+00:00,8519.2975,17.73165662,0.96887596,0.96849513,0.0,0.0,8.58e-05
2025-07-03 10:00:00+00:00,8575.79,17.99727578,0.96444994,0.96387421,0.0,0.00016697,0.00017549
2025-07-03 11:00:00+00:00,8415.8775,17.85497692,0.96358718,0.96307376,0.0,0.00011592,0.00013732
2025-07-03 12:00:00+00:00,8317.0375,17.52506768,0.96365465,0.96323003,0.0,0.0,0.00015063
2025-07-03 13:00:00+00:00,8404.445,17.16917802,0.96659267,0.96621541,0.0,0.0,0.00011305
2025-07-03 14:00:00+00:00,8390.415,16.66803196,0.97176144,0.97142567,0.0,0.0,8.555e-05
2025-07-03 15:00:00+00:00,8450.05,16.1184435,0.97745875,0.9771768,0.0,0.0,0.00011512
2025-07-03 16:00:00+00:00,8385.745,15.77009553,0.98200743,0.98175248,0.0,0.0,0.00015166
2025-07-03 17:00:00+00:00,8234.135,15.26630849,0.98498054,0.9846415,0.0,0.00018372,8.675e-05
2025-07-03 18:00:00+00:00,8090.8225,14.91819966,0.98628945,0.98596817,0.0,0.00019605,7.28e-05
2025-07-03 19:00:00+00:00,7860.31,15.14419885,0.98692583,0.98452147,0.0,0.0022482,2.23e-06
2025-07-03 20:00:00+00:00,7625.9925,14.99892702,0.98736494,0.98655634,0.0,0.00070449,6.66e-06
2025-07-03 21:00:00+00:00,7300.7725,15.43236163,0.98649544,0.98311451,0.0,0.00318983,1.47e-06
2025-07-03 22:00:00+00:00,6983.4525,15.29613986,0.98900179,0.98750075,0.0,0.00137343,6.3e-07
2025-07-03 23:00:00+00:00,6802.825,15.04168011,0.98952518,0.98940414,0.0,5.475e-05,2e-08
2025-07-04 00:00:00+00:00,6568.9475,15.23448751,0.99275043,0.99118602,0.0,0.00143338,6.5e-07
2025-07-04 01:00:00+00:00,6607.9075,15.40043746,0.99222973,0.98996283,0.0,0.00213521,6.1e-07
2025-07-04 02:00:00+00:00,6451.5525,15.35202938,0.99120257,0.98940808,0.0,0.0016535,0.0
2025-07-04 03:00:00+00:00,6610.9225,15.39519731,0.98780554,0.98733734,0.0,0.00038979,0.0
2025-07-04 04:00:00+00:00,7275.18,16.00589679,0.98554095,0.9847641,0.0,0.00063456,1.914e-05
2025-07-04 05:00:00+00:00,7916.9575,16.63543274,0.98165281,0.98057175,0.0,0.00084662,8.912e-05
2025-07-04 06:00:00+00:00,8081.495,17.38258765,0.97551801,0.9746505,0.0,0.00058036,5.78e-05
2025-07-04 07:00:00+00:00,8039.2825,17.97789006,0.9699825,0.96890054,0.0,0.00074615,4.38e-05
2025-07-04 08:00:00+00:00,7940.345,18.38805118,0.96686634,0.9660865,0.0,0.00038388,2.663e-05
2025-07-04 09:00:00+00:00,7900.07,18.61450878,0.964215,0.96310057,0.0,0.00069209,2.771e-05
2025-07-04 10:00:00+00:00,7956.08,18.67890118,0.96336802,0.96189533,0.0,0.00103552,3.283e-05
2025-07-04 11:00:00+00:00,8017.865,18.62332505,0.96249795,0.96200261,0.0,5e-08,0.00013516
2025-07-04 12:00:00+00:00,8054.58,18.44752363,0.96391511,0.96344691,0.0,0.0,0.0
2025-07-04 13:00:00+00:00,8046.645,18.48943396,0.96835805,0.96674748,0.0,0.0010711,0.0001569
2025-07-04 14:00:00+00:00,7921.25,18.16132174,0.97110035,0.96909295,0.0,0.00148619,0.00018923
2025-07-04 15:00:00+00:00,7770.0225,17.89528433,0.97776786,0.97744849,0.0,3e-08,7.881e-05
2025-07-04 16:00:00+00:00,7793.7775,18.14362859,0.98310198,0.98281886,0.0,5e-08,0.00011287
2025-07-04 17:00:00+00:00,7660.35,18.07472793,0.98593454,0.98570356,0.0,8e-08,0.00016683
2025-07-04 18:00:00+00:00,7417.95,18.03538663,0.98741878,0.98719203,0.0,1e-07,0.00021154
2025-07-04 19:00:00+00:00,7190.48,18.05060566,0.98766544,0.98743831,0.0,1.2e-07,0.00028128
2025-07-04 20:00:00+00:00,7149.365,17.90040963,0.98792482,0.98775896,0.0,9e-08,0.00017337
2025-07-04 21:00:00+00:00,7019.7275,17.71231836,0.98831895,0.98819081,0.0,6e-08,0.00012554
2025-07-04 22:00:00+00:00,6693.4075,17.53513192,0.987531,0.98736904,0.0,1.5e-07,0.00017695
2025-07-04 23:00:00+00:00,6611.84,17.38514868,0.98373115,0.98355061,0.0,1.7e-07,0.00026365
2025-07-05 00:00:00+00:00,6481.99,17.41794164,0.98368204,0.98348126,0.0,1.2e-07,0.00027572
2025-07-05 01:00:00+00:00,6244.6575,17.41524789,0.98330323,0.98311585,0.0,1.2e-07,0.00026194
2025-07-05 02:00:00+00:00,6087.585,17.57427813,0.98286772,0.98263026,0.0,1.8e-07,0.00022487
2025-07-05 03:00:00+00:00,6090.73,17.61672821,0.98275863,0.98254926,0.0,1.6e-07,0.00028471
2025-07-05 04:00:00+00:00,6245.5625,17.63598416,0.98310496,0.98284852,0.0,1.6e-07,0.00028783
2025-07-05 05:00:00+00:00,6491.02,17.94477574,0.98185619,0.98158086,0.0,1.1e-07,0.00021643
2025-07-05 06:00:00+00:00,6852.07,18.2066618,0.97863491,0.9782898,0.0,1e-07,0.0002212
2025-07-05 07:00:00+00:00,7252.93,17.83808938,0.97497716,0.97454927,2.43e-06,0.0,0.00026416
2025-07-05 08:00:00+00:00,7536.92,17.51625943,0.97286457,0.97224778,5.813e-05,0.0,0.0003746
2025-07-05 09:00:00+00:00,7653.655,17.04719071,0.97075778,0.97000637,2.8e-06,3.723e-05,0.00010083
2025-07-05 10:00:00+00:00,7676.415,18.6178304,0.9685897,0.96440024,6.85e-05,0.00146859,4.29e-05
2025-07-05 11:00:00+00:00,7668.5075,18.01428002,0.96929259,0.96616781,1.731e-05,0.00083118,3.001e-05
2025-07-05 12:00:00+00:00,7569.9825,17.22566726,0.97160578,0.96892773,2.981e-05,0.00143329,2.666e-05
2025-07-05 13:00:00+00:00,7400.215,17.77542633,0.97394662,0.97058979,7.432e-05,0.00185462,0.00018346
2025-07-05 14:00:00+00:00,7466.9475,17.21514236,0.97777888,0.97612257,3.87e-05,0.00072363,0.00031278
2025-07-05 15:00:00+00:00,7504.035,17.05534812,0.981129,0.98036754,8.14e-06,0.00024174,0.00020719
2025-07-05 16:00:00+00:00,7405.345,17.15605224,0.98576581,0.98551686,0.0,0.0,8.819e-05
2025-07-05 17:00:00+00:00,7216.0025,17.16428476,0.98844072,0.98818792,1.697e-05,0.0,0.00025102
2025-07-05 18:00:00+00:00,7168.6725,17.11901193,0.98794085,0.98766779,3.597e-05,0.0,0.00036185
2025-07-05 19:00:00+00:00,7028.86,17.03386872,0.98810373,0.98782666,4.215e-05,0.0,0.00039843
2025-07-05 20:00:00+00:00,6950.9625,16.95750564,0.98833332,0.98809811,1.547e-05,0.0,0.00032824
2025-07-05 21:00:00+00:00,6812.42,16.89722618,0.98835103,0.98813589,4.6e-07,0.0,0.00022078
2025-07-05 22:00:00+00:00,6710.01,16.64993796,0.98624945,0.98601678,0.0,0.0,0.0002543
2025-07-05 23:00:00+00:00,6555.23,17.00966646,0.98545259,0.98431005,1.362e-05,0.00082464,0.00037837
2025-07-06 00:00:00+00:00,6337.8825,16.81026167,0.98516833,0.9845764,0.0,0.00026491,0.00035747
2025-07-06 01:00:00+00:00,6167.46,16.67104,0.98434352,0.98386143,4.23e-06,0.00021317,0.00035142
2025-07-06 02:00:00+00:00,5885.7875,16.72115438,0.98441552,0.98340859,0.0,0.00072983,0.00034013
2025-07-06 03:00:00+00:00,5638.9275,16.67273598,0.98434259,0.98373703,0.0,0.00037669,0.00029695
2025-07-06 04:00:00+00:00,5769.7925,16.91546568,0.98377023,0.98346659,5.72e-06,1.305e-05,0.00034094
2025-07-06 05:00:00+00:00,6134.655,17.30230409,0.9826718,0.98233248,0.0,2.2e-07,0.0003474
2025-07-06 06:00:00+00:00,6500.68,17.7049066,0.98053296,0.98025016,0.0,4e-08,8.402e-05
2025-07-06 07:00:00+00:00,6901.865,18.21233904,0.9794924,0.97910657,0.0,0.0,0.00015259
2025-07-06 08:00:00+00:00,7187.8425,18.5113429,0.97876879,0.97826556,0.0,0.0,0.00024592
2025-07-06 09:00:00+00:00,7483.1,18.74643398,0.97733557,0.97683715,0.0,0.0,0.00022279
2025-07-06 10:00:00+00:00,7464.48,18.74829964,0.97459655,0.9740893,0.0,0.0,0.0002271
2025-07-06 11:00:00+00:00,7538.4875,18.85675133,0.97399393,0.9734753,0.0,0.0,0.00027326
2025-07-06 12:00:00+00:00,7481.4325,19.0020155,0.97405638,0.97360279,0.0,0.0,0.00015248
2025-07-06 13:00:00+00:00,7314.345,19.19374941,0.97487717,0.97440972,0.0,0.0,0.00019275
2025-07-06 14:00:00+00:00,7114.445,19.08456714,0.97629136,0.97588474,0.0,0.0,0.00015528
2025-07-06 15:00:00+00:00,7208.26,18.98131758,0.97884261,0.97844953,0.0,0.0,0.00023415
2025-07-06 16:00:00+00:00,7302.265,18.87121376,0.98185021,0.98145498,2.556e-05,0.0,0.00034047
2025-07-06 17:00:00+00:00,7368.555,18.85535763,0.98562051,0.98522006,7.769e-05,0.0,0.00045545
2025-07-06 18:00:00+00:00,7435.3525,18.78096334,0.98657535,0.98618428,9.631e-05,0.0,0.00051857
2025-07-06 19:00:00+00:00,7127.7425,18.58652128,0.98646436,0.98605206,0.00010352,0.0,0.00056252
2025-07-06 20:00:00+00:00,7028.695,18.41603906,0.98644797,0.98608165,7.399e-05,0.0,0.00045362
2025-07-06 21:00:00+00:00,6834.1925,18.1922677,0.98608935,0.98578894,4.962e-05,0.0,0.00042918
2025-07-06 22:00:00+00:00,6458.925,17.97464461,0.98562414,0.98540056,0.0,0.0,0.00028261
2025-07-06 23:00:00+00:00,6341.7925,18.03539173,0.98549695,0.98527476,0.0,0.0,0.00032838
2025-07-07 00:00:00+00:00,6239.745,18.16102811,0.98584375,0.98548638,0.0,0.00010907,0.00027386
2025-07-07 01:00:00+00:00,6229.84,18.19961451,0.98454033,0.98420895,0.0,0.00012538,0.00026428
2025-07-07 02:00:00+00:00,6173.8375,18.31176059,0.98471486,0.9844832,0.0,0.0,0.00030459
2025-07-07 03:00:00+00:00,6292.3775,18.55929258,0.98453113,0.98392487,0.0,0.00038706,0.00027693
2025-07-07 04:00:00+00:00,6850.8875,18.78938667,0.98437436,0.98410785,0.0,0.0,0.0002642
2025-07-07 05:00:00+00:00,7357.175,18.85082402,0.98285074,0.9826596,0.0,0.0,0.0
2025-07-07 06:00:00+00:00,7546.5225,19.11818192,0.98026276,0.97998657,0.0,0.0,0.0
2025-07-07 07:00:00+00:00,7917.7425,19.41699926,0.97762958,0.97728624,0.0,0.0,0.0
2025-07-07 08:00:00+00:00,8102.1475,19.69981527,0.97562537,0.97517153,0.0,0.0,0.0
2025-07-07 09:00:00+00:00,8349.4975,20.02963345,0.97360151,0.97313772,0.0,0.0,0.0
2025-07-07 10:00:00+00:00,8505.9675,20.18340362,0.97190966,0.97127408,0.0,0.000175,1.886e-05
2025-07-07 11:00:00+00:00,8354.29,20.13193951,0.97071856,0.96943457,0.0,0.00081159,2.505e-05
2025-07-07 12:00:00+00:00,8346.565,20.643331,0.96669663,0.96447346,6.41e-05,0.00087867,0.0001037
2025-07-07 13:00:00+00:00,8367.995,20.80968472,0.96711536,0.96449587,6.713e-05,0.00105182,0.0001499
2025-07-07 14:00:00+00:00,8302.8475,20.88649247,0.96914086,0.96569827,0.00019816,0.0014935,0.00018934
2025-07-07 15:00:00+00:00,8215.8325,20.4963893,0.97584535,0.97257938,0.00032904,0.00154752,0.00012269
2025-07-07 16:00:00+00:00,8224.075,20.17615151,0.97949063,0.9763736,0.00053731,0.00119729,4.075e-05
2025-07-07 17:00:00+00:00,8035.915,19.85236681,0.98137635,0.97902837,0.00035788,0.00067018,7.774e-05
2025-07-07 18:00:00+00:00,7837.15,18.97332289,0.98417297,0.98396521,1.445e-05,0.0,0.00017829
2025-07-07 19:00:00+00:00,7630.275,18.77610182,0.98545285,0.98529495,4.286e-05,0.0,0.00012166
2025-07-07 20:00:00+00:00,7473.155,18.64105173,0.98619511,0.98589431,9.654e-05,0.0,0.00029905
2025-07-07 21:00:00+00:00,7171.65,18.35540006,0.98529428,0.98511121,1.995e-05,0.0,0.00021328
2025-07-07 22:00:00+00:00,6704.5925,18.06502843,0.98449685,0.98329575,0.0,0.00100701,0.00017247
2025-07-07 23:00:00+00:00,6715.98,17.94302925,0.98659571,0.98546522,0.0,0.0009187,0.00023135
2025-07-08 00:00:00+00:00,6599.2325,17.83934949,0.98748741,0.98617095,0.0,0.00103495,0.00027411
2025-07-08 01:00:00+00:00,6548.2475,17.70230228,0.98768982,0.98642873,0.0,0.00102173,0.00028402
2025-07-08 02:00:00+00:00,6463.885,17.5563793,0.98740612,0.98703342,0.0,0.00014455,0.00027944
2025-07-08 03:00:00+00:00,6494.6875,17.75213115,0.98711885,0.98652659,0.0,0.00038708,0.00024756
2025-07-08 04:00:00+00:00,7092.9375,18.11838109,0.98684081,0.98659364,0.0,0.0,0.00023997
2025-07-08 05:00:00+00:00,7622.33,18.55096413,0.98446617,0.98416486,0.0,0.0,0.000205
2025-07-08 06:00:00+00:00,8021.13,19.01083756,0.97919188,0.97867834,0.00011169,0.0,0.00028135
2025-07-08 07:00:00+00:00,8147.43,19.34869117,0.97627051,0.97573813,8.299e-05,0.0,0.00019206
2025-07-08 08:00:00+00:00,8336.6775,19.81348145,0.97424713,0.97339938,8.113e-05,0.00021279,0.00021839
2025-07-08 09:00:00+00:00,8365.5125,20.02486526,0.97184694,0.97106288,0.00018549,0.0,0.00026598
2025-07-08 10:00:00+00:00,8342.8125,20.18515669,0.97008243,0.96924611,0.00020359,0.0,0.00037654
2025-07-08 11:00:00+00:00,8252.3075,20.15822632,0.97022051,0.96944497,0.00013797,3.028e-05,0.0003392
2025-07-08 12:00:00+00:00,8207.2125,20.37055494,0.96893278,0.96685457,9.06e-05,0.00136914,0.00020753
2025-07-08 13:00:00+00:00,8128.63,20.42155777,0.9700902,0.96695097,5.859e-05,0.00250424,0.00015563
2025-07-08 14:00:00+00:00,8060.39,20.24591111,0.97234764,0.96896515,9.458e-05,0.00274933,0.00016122
2025-07-08 15:00:00+00:00,8034.22,20.15173089,0.97644932,0.97245484,0.00015068,0.00332612,0.00019637
2025-07-08 16:00:00+00:00,7974.3425,19.87885922,0.98006075,0.97694586,0.00012419,0.00252843,0.00017529
2025-07-08 17:00:00+00:00,7962.4075,19.37664985,0.98247813,0.98102111,0.0,0.00121102,0.00010192
2025-07-08 18:00:00+00:00,7807.2175,19.32266393,0.98362434,0.98047772,5.014e-05,0.00281306,0.00014829
2025-07-08 19:00:00+00:00,7656.735,18.86734008,0.98449863,0.98187911,6.296e-05,0.00227035,0.00026077
2025-07-08 20:00:00+00:00,7389.4,18.65376587,0.98420559,0.98117129,0.00010494,0.0025772,0.00036352
2025-07-08 21:00:00+00:00,7075.6825,18.5630489,0.98371401,0.980345,0.00021912,0.00277035,0.00046545
2025-07-08 22:00:00+00:00,6896.2925,18.16998594,0.98498662,0.98345575,0.00010532,0.00109665,0.00034823
2025-07-08 23:00:00+00:00,6648.5675,17.78661761,0.98477832,0.98417696,7.744e-05,0.00024121,0.0003632
2025-07-09 00:00:00+00:00,6655.285,17.97607369,0.98532615,0.98489753,9.559e-05,2.632e-05,0.00045213
2025-07-09 01:00:00+00:00,6628.5675,18.13513271,0.98536791,0.98485269,8.684e-05,0.00016452,0.00044437
2025-07-09 02:00:00+00:00,6523.245,18.31035797,0.9848558,0.98420615,5.557e-05,0.00032749,0.00039561
2025-07-09 03:00:00+00:00,6591.62,18.71055244,0.98431536,0.98390909,0.00011221,0.0,0.00052401
2025-07-09 04:00:00+00:00,6955.0775,19.40849011,0.98379167,0.98344558,6.448e-05,0.0,0.00038433
2025-07-09 05:00:00+00:00,7340.615,20.15452774,0.98164492,0.98126334,5.56e-05,0.0,0.00036922
2025-07-09 06:00:00+00:00,7579.0025,20.9286363,0.97944851,0.97899995,6.65e-05,0.0,0.00036629
2025-07-09 07:00:00+00:00,7703.7575,21.55614921,0.97642626,0.97593439,6.872e-05,0.0,0.0004024
2025-07-09 08:00:00+00:00,7739.195,21.9809396,0.97334698,0.97279305,6.401e-05,0.0,0.00037774
2025-07-09 09:00:00+00:00,7721.765,22.2316879,0.97095132,0.97037258,7.06e-05,0.0,0.00032955
2025-07-09 10:00:00+00:00,7743.0325,22.25709483,0.96859245,0.96802113,5.637e-05,0.0,0.00035597
2025-07-09 11:00:00+00:00,7685.3925,22.18374174,0.96814284,0.9676312,7.08e-06,0.0,0.00030736
2025-07-09 12:00:00+00:00,7599.245,21.94571721,0.96584659,0.96521797,9.89e-06,7.618e-05,0.00024458
2025-07-09 13:00:00+00:00,7744.6875,21.53567006,0.96792484,0.96741626,2.184e-05,0.0,0.00031873
2025-07-09 14:00:00+00:00,7845.1125,21.16142347,0.97110526,0.97054699,9.063e-05,0.0,0.00044194
2025-07-09 15:00:00+00:00,7772.16,20.63163962,0.97366032,0.97315148,9.488e-05,0.0,0.00042375
2025-07-09 16:00:00+00:00,7867.39,20.13306152,0.97874956,0.9783223,5.868e-05,0.0,0.00042448
2025-07-09 17:00:00+00:00,7729.6325,19.70397071,0.98189965,0.98155551,3.965e-05,5.7e-07,0.00040057
2025-07-09 18:00:00+00:00,7537.015,19.21576192,0.98399356,0.983877,1.774e-05,7e-08,2.366e-05
2025-07-09 19:00:00+00:00,7505.445,18.9746163,0.98466085,0.98452289,3.789e-05,4e-07,9.147e-05
2025-07-09 20:00:00+00:00,7315.0825,18.83926186,0.9841322,0.98386686,1.873e-05,0.0,0.00038638
2025-07-09 21:00:00+00:00,7005.95,18.7794092,0.98337794,0.98312131,6.53e-06,0.0,0.00039693
2025-07-09 22:00:00+00:00,6646.8275,18.71539264,0.98794243,0.98776684,0.0,0.0,0.00021709
2025-07-09 23:00:00+00:00,6471.3425,18.6924638,0.98775134,0.98762032,0.0,0.0,0.00016069
2025-07-10 00:00:00+00:00,6391.87,18.81404283,0.98759118,0.98741726,0.0,0.0,0.0001747
2025-07-10 01:00:00+00:00,6216.48,18.84895698,0.98788352,0.98777447,0.0,0.0,0.00010013
2025-07-10 02:00:00+00:00,6037.3375,18.89042415,0.98838126,0.98829963,0.0,0.0,6.327e-05
2025-07-10 03:00:00+00:00,6223.32,19.23290146,0.98928989,0.98917696,0.0,0.0,0.00010625
2025-07-10 04:00:00+00:00,6572.33,19.66438701,0.98934258,0.98919219,0.0,0.0,8.336e-05
2025-07-10 05:00:00+00:00,6963.1875,20.29302065,0.9900292,0.98984697,0.0,0.0,8.256e-05
2025-07-10 06:00:00+00:00,7152.8875,20.91616948,0.98960219,0.98930999,0.0,0.0,0.00019006
2025-07-10 07:00:00+00:00,7205.25,21.51595849,0.98938352,0.98901309,0.0,0.0,0.00028084
2025-07-10 08:00:00+00:00,7085.67,21.8914656,0.98947739,0.98909767,0.0,0.0,0.00019396
2025-07-10 09:00:00+00:00,7045.8,22.06596498,0.98877249,0.98842898,0.0,0.0,7.825e-05
2025-07-10 10:00:00+00:00,6986.7725,22.09654288,0.98641853,0.98607869,0.0,0.0,6.687e-05
2025-07-10 11:00:00+00:00,7057.965,22.01452589,0.98619181,0.98582187,0.0,0.0,0.00011946
2025-07-10 12:00:00+00:00,7005.93,21.79090472,0.98654561,0.98620361,0.0,0.0,0.00011978
2025-07-10 13:00:00+00:00,6987.0,21.49807188,0.98614039,0.98580133,0.0,6.3e-07,0.00013182
2025-07-10 14:00:00+00:00,7091.1525,21.11396616,0.98583516,0.98551406,0.0,1.03e-06,0.00014853
2025-07-10 15:00:00+00:00,7322.5325,20.57464408,0.98543643,0.9850992,0.0,1.92e-06,0.00017988
2025-07-10 16:00:00+00:00,7423.155,19.9239204,0.98865723,0.9883445,0.0,2.61e-06,0.00026514
2025-07-10 17:00:00+00:00,7404.82,19.11400046,0.9866505,0.98644706,0.0,1.52e-06,0.00014482
2025-07-10 18:00:00+00:00,7363.655,18.47673833,0.98582401,0.98567305,0.0,9.4e-07,8.004e-05
2025-07-10 19:00:00+00:00,7284.11,18.01293365,0.98469037,0.98452552,0.0,1.12e-06,0.00012737
2025-07-10 20:00:00+00:00,7148.555,17.76302798,0.9848181,0.98459714,0.0,0.0,0.00022942
2025-07-10 21:00:00+00:00,6803.2975,17.57014422,0.98491769,0.98470315,0.0,7.3e-07,0.00025584
2025-07-10 22:00:00+00:00,6439.695,17.37999625,0.98406051,0.98387514,0.0,0.0,0.00020911
2025-07-10 23:00:00+00:00,6291.6175,17.35495013,0.9835735,0.9833776,0.0,0.0,0.00023136
2025-07-11 00:00:00+00:00,6221.165,17.53252916,0.98306829,0.98284873,0.0,0.0,0.00026586
2025-07-11 01:00:00+00:00,6036.4075,17.70347229,0.98245271,0.98139953,0.0,0.00081994,0.00029656
2025-07-11 02:00:00+00:00,5796.0075,17.80201157,0.98283117,0.98059979,0.0,0.0020119,0.00025743
2025-07-11 03:00:00+00:00,5808.3925,17.67925272,0.98322952,0.98272003,0.0,0.00034634,0.00019164
2025-07-11 04:00:00+00:00,6270.7725,18.45245963,0.98485623,0.98447306,0.0,0.00019646,0.00016632
2025-07-11 05:00:00+00:00,7053.0575,19.12729695,0.98524144,0.98501863,0.0,5.4e-07,0.00020483
2025-07-11 06:00:00+00:00,7411.405,19.77838186,0.98522714,0.98498038,0.0,0.0,0.00016423
2025-07-11 07:00:00+00:00,7444.4375,20.07446454,0.98512203,0.98449407,0.0,0.00035072,0.00017331
2025-07-11 08:00:00+00:00,7391.12,20.13248947,0.98509209,0.98478779,0.0,0.0,0.00011172
2025-07-11 09:00:00+00:00,7300.6875,20.01266021,0.98608024,0.9857553,0.0,0.0,9.379e-05
2025-07-11 10:00:00+00:00,7447.195,19.93752975,0.98568315,0.98534329,0.0,0.0,0.00014192
2025-07-11 11:00:00+00:00,7563.195,19.78162889,0.98584447,0.98549025,0.0,0.0,0.00014535
2025-07-11 12:00:00+00:00,7635.315,19.60806114,0.98568726,0.98520685,0.0,0.00013039,0.00014916
2025-07-11 13:00:00+00:00,7706.71,20.11596255,0.98556871,0.98312265,0.0,0.0,0.00014736
2025-07-11 14:00:00+00:00,7519.8725,18.67407586,0.98612598,0.98580841,0.0,8.2e-07,0.00016378
2025-07-11 15:00:00+00:00,7529.3,18.32395463,0.98575871,0.98549049,0.0,0.0,0.00013257
2025-07-11 16:00:00+00:00,7460.86,17.87085898,0.98518289,0.98497769,0.0,0.0,8.931e-05
2025-07-11 17:00:00+00:00,7383.2325,17.49593629,0.98530307,0.98516252,0.0,0.0,7.947e-05
2025-07-11 18:00:00+00:00,7105.9525,17.14842301,0.98492369,0.98475188,0.0,0.0,0.00014975
2025-07-11 19:00:00+00:00,6860.2925,16.69384167,0.9850338,0.98489606,0.0,0.0,0.00011371
2025-07-11 20:00:00+00:00,6777.155,16.85905063,0.98531099,0.98407177,0.0,0.00106205,0.00016781
2025-07-11 21:00:00+00:00,6431.535,16.93786892,0.98560921,0.9825076,0.0,0.00287158,0.00018149
2025-07-11 22:00:00+00:00,6161.8725,16.49607472,0.98458289,0.98191309,0.0,0.00238228,0.00030733
2025-07-11 23:00:00+00:00,5905.395,16.362965,0.98470365,0.98166424,0.0,0.00278002,0.00028373
2025-07-12 00:00:00+00:00,5780.26,16.13095568,0.98395,0.98197244,0.0,0.00169238,0.00028704
2025-07-12 01:00:00+00:00,5801.105,16.24935131,0.98416132,0.98134953,0.0,0.0025272,0.00025838
2025-07-12 02:00:00+00:00,5732.7275,16.54593592,0.98362749,0.97968968,0.0,0.00360752,0.0003213
2025-07-12 03:00:00+00:00,5656.3725,16.81264372,0.98354348,0.97929452,2.949e-05,0.00384675,0.0004595
2025-07-12 04:00:00+00:00,5711.39,16.91119347,0.9838216,0.9808398,0.0,0.00262537,0.00035949
2025-07-12 05:00:00+00:00,5812.68,16.97579482,0.98400415,0.9826691,0.0,0.00100874,0.00029363
2025-07-12 06:00:00+00:00,6024.445,17.51497695,0.98399994,0.98193326,0.0,0.00173112,0.00018328
2025-07-12 07:00:00+00:00,6212.9775,18.03791713,0.9845957,0.98237525,0.0,0.00190066,0.00013217
2025-07-12 08:00:00+00:00,6347.9975,18.06682111,0.9847791,0.98385734,0.0,0.0005802,0.00013341
2025-07-12 09:00:00+00:00,6502.49,18.28317453,0.98405706,0.98335008,0.0,0.00025921,0.00026774
2025-07-12 10:00:00+00:00,6499.175,18.74515699,0.98350882,0.98038391,0.0,0.00257055,0.00027635
2025-07-12 11:00:00+00:00,6526.46,18.32980098,0.983536,0.98147046,0.0,0.00152136,0.00031131
2025-07-12 12:00:00+00:00,6800.13,18.70274885,0.9837579,0.98081056,0.0,0.00232759,0.00047582
2025-07-12 13:00:00+00:00,6920.215,18.21929067,0.98528219,0.98479976,0.0,0.0,0.00037913
2025-07-12 14:00:00+00:00,7052.8125,18.05410128,0.9858576,0.98549534,0.0,0.0,0.00023444
2025-07-12 15:00:00+00:00,7087.4625,17.90335442,0.98620141,0.98590602,0.0,0.0,0.0001889
2025-07-12 16:00:00+00:00,7125.1425,17.81947824,0.98648253,0.98622978,0.0,0.0,0.00019184
2025-07-12 17:00:00+00:00,7135.71,17.76788992,0.98644003,0.98622695,0.0,0.0,0.0002332
2025-07-12 18:00:00+00:00,7013.305,17.63013095,0.986174,0.98539435,0.0,0.00054116,0.00022417
2025-07-12 19:00:00+00:00,6828.6275,17.66682545,0.98577392,0.98359316,0.0,0.00193709,0.00024717
2025-07-12 20:00:00+00:00,6749.7525,17.91857432,0.98518572,0.98016551,0.0,0.00473205,0.00023255
2025-07-12 21:00:00+00:00,6568.35,17.68007864,0.98534367,0.98146303,0.0,0.00362006,0.00022387
2025-07-12 22:00:00+00:00,6205.84,17.95501607,0.98451132,0.97677759,0.0,0.00747656,0.00014541
2025-07-12 23:00:00+00:00,5927.7775,18.40866503,0.98366614,0.97317023,0.0,0.01016999,0.0001959
2025-07-13 00:00:00+00:00,5806.5425,18.43161333,0.98305677,0.97196019,0.0,0.01073547,0.00020865
2025-07-13 01:00:00+00:00,5811.7175,18.43756592,0.98280291,0.97150992,0.0,0.01093609,0.00021776
2025-07-13 02:00:00+00:00,5641.07,18.19612711,0.98439234,0.97454775,0.0,0.00952851,0.00018263
2025-07-13 03:00:00+00:00,5525.71,17.80232182,0.98615239,0.98032716,0.0,0.00559174,0.00016495
2025-07-13 04:00:00+00:00,5610.605,17.70078926,0.98667653,0.98399213,0.0,0.00247781,0.00012531
2025-07-13 05:00:00+00:00,5883.6175,17.87163865,0.98703842,0.98684019,0.0,0.0,0.00011825
2025-07-13 06:00:00+00:00,6099.5525,18.59350731,0.98690825,0.98664112,0.0,0.0,9.68e-05
2025-07-13 07:00:00+00:00,6420.605,19.13054507,0.98564126,0.98534861,0.0,0.0,7.073e-05
2025-07-13 08:00:00+00:00,6537.9025,19.4072623,0.98263474,0.98208908,0.0,0.00017717,6.79e-05
2025-07-13 09:00:00+00:00,6556.245,19.67236216,0.98014471,0.97972697,0.0,0.0,8.509e-05
2025-07-13 10:00:00+00:00,6518.105,19.40414871,0.97696757,0.97651231,0.0,0.0,6.534e-05
2025-07-13 11:00:00+00:00,6709.8475,22.28991597,0.97323318,0.96846815,3.55e-06,0.00097,0.00010342
2025-07-13 12:00:00+00:00,6695.345,22.35336894,0.97437781,0.96933994,2.02e-06,0.00158278,0.00013566
2025-07-13 13:00:00+00:00,6705.295,21.87864999,0.97428561,0.97023963,2.22e-06,0.00082723,9.7e-05
2025-07-13 14:00:00+00:00,6691.7425,19.32664359,0.98128739,0.9809672,0.0,0.0,2.962e-05
2025-07-13 15:00:00+00:00,6898.0625,19.14617306,0.98521908,0.98497763,0.0,0.0,3.18e-05
2025-07-13 16:00:00+00:00,6921.765,18.89351111,0.98706296,0.986884,0.0,0.0,2.98e-05
2025-07-13 17:00:00+00:00,6926.5025,18.56499893,0.98824417,0.98814334,0.0,0.0,1.305e-05
2025-07-13 18:00:00+00:00,6899.625,18.48992246,0.98813584,0.98692828,0.0,0.00106074,3.805e-05
2025-07-13 19:00:00+00:00,6772.085,18.18482504,0.98855603,0.98745968,0.0,0.00097641,4.329e-05
2025-07-13 20:00:00+00:00,6571.09,18.10338676,0.9884835,0.98667617,0.0,0.00166319,5.741e-05
2025-07-13 21:00:00+00:00,6310.0075,18.36576669,0.98754585,0.9824648,0.0,0.0048532,0.00012527
2025-07-13 22:00:00+00:00,6003.11,18.76172529,0.98625889,0.978252,0.0,0.00767801,0.00019853
2025-07-13 23:00:00+00:00,5855.2925,18.79285795,0.98600112,0.97792716,0.0,0.00774697,0.00021316
2025-07-14 00:00:00+00:00,5783.0725,18.87636997,0.98560592,0.97674001,0.0,0.00851422,0.00020738
2025-07-14 01:00:00+00:00,5773.735,18.69395598,0.98578404,0.97803572,0.0,0.00743884,0.00020298
2025-07-14 02:00:00+00:00,5566.0475,18.36037028,0.98609069,0.97951489,0.0,0.00629606,0.00019332
2025-07-14 03:00:00+00:00,5543.84,17.90053725,0.98526656,0.98192024,0.0,0.00316876,0.00011606
2025-07-14 04:00:00+00:00,5913.95,17.86064661,0.98613234,0.98599541,0.0,0.0,5.139e-05
2025-07-14 05:00:00+00:00,6399.3775,18.61666816,0.98665068,0.9864966,0.0,0.0,1.67e-05
2025-07-14 06:00:00+00:00,6744.57,19.28072727,0.9860185,0.98577152,0.0,0.0,2.747e-05
2025-07-14 07:00:00+00:00,6991.6,19.71723943,0.98566304,0.98536934,0.0,0.0,3.585e-05
2025-07-14 08:00:00+00:00,7075.96,19.8617611,0.98399316,0.98364234,0.0,0.0,3.189e-05
2025-07-14 09:00:00+00:00,7179.96,19.91848356,0.98507296,0.98469479,0.0,0.0,3.326e-05
2025-07-14 10:00:00+00:00,7269.6625,19.88302644,0.98573985,0.98535365,0.0,0.0,3.444e-05
2025-07-14 11:00:00+00:00,7254.77,19.96780788,0.98641232,0.98606226,0.0,0.0,2.826e-05
2025-07-14 12:00:00+00:00,7286.095,19.89152162,0.98699188,0.98667372,0.0,0.0,9.11e-06
2025-07-14 13:00:00+00:00,7336.7425,19.76600644,0.98677618,0.9864757,0.0,0.0,2.375e-05
2025-07-14 14:00:00+00:00,7412.2125,19.57016878,0.98707501,0.98678529,0.0,0.0,3.229e-05
2025-07-14 15:00:00+00:00,7473.875,19.33035841,0.98673881,0.98648479,0.0,0.0,5.575e-05
2025-07-14 16:00:00+00:00,7551.6575,19.24213852,0.98739726,0.98721225,0.0,0.0,4.597e-05
2025-07-14 17:00:00+00:00,7342.6975,19.06268483,0.98696423,0.98683462,0.0,0.0,5.527e-05
2025-07-14 18:00:00+00:00,7097.2725,18.78707005,0.9863705,0.98624826,0.0,0.0,2.559e-05
2025-07-14 19:00:00+00:00,6989.15,18.68847967,0.9863293,0.9862132,0.0,0.0,5.762e-05
2025-07-14 20:00:00+00:00,6873.8225,18.64680041,0.98576484,0.98555921,0.0,9.002e-05,6.771e-05
2025-07-14 21:00:00+00:00,6562.985,18.76938797,0.98455133,0.98206094,0.0,0.00231636,0.00013897
2025-07-14 22:00:00+00:00,6184.6175,18.84533134,0.98519939,0.98396761,0.0,0.00103546,0.00025136
2025-07-14 23:00:00+00:00,5931.58,18.91181993,0.985192,0.98349478,0.0,0.00148372,0.00027588
2025-07-15 00:00:00+00:00,5776.8975,18.88803533,0.98420318,0.98260177,0.0,0.00134691,0.00031098
2025-07-15 01:00:00+00:00,5776.5975,18.734415,0.98454589,0.98435036,0.0,0.0,0.00028043
2025-07-15 02:00:00+00:00,5641.385,18.85596514,0.98479205,0.98459227,0.0,0.0,0.00023908
2025-07-15 03:00:00+00:00,5654.005,18.90725753,0.98526249,0.98515555,0.0,0.0,0.00010797
2025-07-15 04:00:00+00:00,6058.755,19.35067538,0.98542426,0.98524556,0.0,0.0,0.00014316
2025-07-15 05:00:00+00:00,6542.4275,19.89563753,0.98542952,0.98517338,0.0,0.0,0.00012804
2025-07-15 06:00:00+00:00,6793.1325,20.38423194,0.9849223,0.98459034,0.0,0.0,6.881e-05
2025-07-15 07:00:00+00:00,6884.2875,20.77685236,0.98499373,0.98462717,0.0,0.0,5.402e-05
2025-07-15 08:00:00+00:00,7073.5125,21.18439264,0.98534526,0.98493718,0.0,0.0,4.864e-05
2025-07-15 09:00:00+00:00,7201.125,21.43488895,0.98479218,0.98437542,0.0,0.0,3.587e-05
2025-07-15 10:00:00+00:00,7359.32,21.51394992,0.98528871,0.98488019,0.0,0.0,3.738e-05
2025-07-15 11:00:00+00:00,7366.1725,21.3527775,0.98476365,0.98440906,0.0,0.0,2.735e-05
2025-07-15 12:00:00+00:00,7182.72,21.15665396,0.98476559,0.98441418,0.0,0.0,4.684e-05
2025-07-15 13:00:00+00:00,7129.6125,20.98395538,0.9859395,0.98562761,0.0,0.0,6.617e-05
2025-07-15 14:00:00+00:00,7098.34,20.71831902,0.98479314,0.9844992,0.0,0.0,7.551e-05
2025-07-15 15:00:00+00:00,7255.355,20.45022388,0.9856384,0.98537758,0.0,0.0,0.00011361
2025-07-15 16:00:00+00:00,7274.6975,20.05144031,0.985492,0.98529126,0.0,0.0,9.088e-05
2025-07-15 17:00:00+00:00,7250.585,19.68392638,0.98540546,0.98523796,7.01e-06,0.0,0.00012814
2025-07-15 18:00:00+00:00,7167.3925,19.45184547,0.98588849,0.98570853,3.1e-07,0.0,0.00016604
2025-07-15 19:00:00+00:00,7018.3825,19.34536255,0.98602652,0.9858551,3e-08,0.0,0.00017862
2025-07-15 20:00:00+00:00,6932.505,19.31189266,0.98802556,0.98782998,2.57e-06,0.0,0.00021804
2025-07-15 21:00:00+00:00,6474.4925,19.21115603,0.98514368,0.98325881,0.0,0.00166655,0.0002467
2025-07-15 22:00:00+00:00,6213.11,18.94810874,0.98600757,0.98559855,0.00012117,0.0,0.00040373
2025-07-15 23:00:00+00:00,6052.5175,19.52548668,0.98538136,0.98174185,9.574e-05,0.00317116,0.00048381
2025-07-16 00:00:00+00:00,5842.6625,19.39235563,0.98477392,0.98143808,3.363e-05,0.00294309,0.00046734
2025-07-16 01:00:00+00:00,5729.2,19.16694096,0.9841662,0.98173036,4.37e-06,0.00213628,0.00038551
2025-07-16 02:00:00+00:00,5693.23,18.91235461,0.98446429,0.98291119,0.0,0.00128262,0.00034728
2025-07-16 03:00:00+00:00,5736.5675,18.80420698,0.98438598,0.98385609,3.864e-05,0.00022745,0.00042037
2025-07-16 04:00:00+00:00,6017.1925,19.11748624,0.98499095,0.98466111,4.828e-05,0.0,0.00041143
2025-07-16 05:00:00+00:00,6424.3825,19.44279081,0.98469684,0.9844038,4.189e-05,0.0,0.00025691
2025-07-16 06:00:00+00:00,6737.4125,19.8965354,0.98452068,0.98424079,2.29e-06,0.0,0.00010707
2025-07-16 07:00:00+00:00,6920.7925,20.20017752,0.98450719,0.98413312,0.0,0.0,0.00013274
2025-07-16 08:00:00+00:00,7161.1425,20.3410569,0.98414444,0.98366473,0.0,0.0,0.00017674
2025-07-16 09:00:00+00:00,7209.1025,20.39543355,0.98438493,0.9839049,0.0,0.0,0.0001312
2025-07-16 10:00:00+00:00,7142.955,20.35427197,0.98444173,0.98396141,0.0,0.0,0.00015411
2025-07-16 11:00:00+00:00,7161.4275,20.26396089,0.98452318,0.98409247,0.0,0.0,0.00016054
2025-07-16 12:00:00+00:00,7324.115,20.27291364,0.98578086,0.98538243,0.0,0.0,0.00014402
2025-07-16 13:00:00+00:00,7329.68,20.17201178,0.98548873,0.98464989,0.0,0.00047414,0.00012265
2025-07-16 14:00:00+00:00,7161.51,19.70175236,0.98506058,0.98471765,0.0,0.0,0.00014121
2025-07-16 15:00:00+00:00,7204.0725,19.42276118,0.98513613,0.98470463,9.294e-05,0.0,0.00027416
2025-07-16 16:00:00+00:00,7254.9375,19.11955757,0.98552336,0.98508715,0.00012685,0.0,0.00036033
2025-07-16 17:00:00+00:00,7260.9125,18.71980818,0.98464935,0.98425293,0.00011426,0.0,0.00044218
2025-07-16 18:00:00+00:00,7232.7175,18.64424134,0.98544957,0.98513518,6.141e-05,0.0,0.00036073
2025-07-16 19:00:00+00:00,6991.44,18.46398895,0.98575323,0.98467696,9.117e-05,0.00069775,0.00047704
2025-07-16 20:00:00+00:00,6844.16,18.77340011,0.9851179,0.98122352,0.00015171,0.00332313,0.00066101
2025-07-16 21:00:00+00:00,6515.99,18.10416496,0.98495721,0.98245942,0.00010504,0.00202245,0.00064797
2025-07-16 22:00:00+00:00,6026.9925,17.89644535,0.98362328,0.97860268,0.0,0.00472196,0.00030597
2025-07-16 23:00:00+00:00,5743.56,17.88210668,0.98394621,0.97788287,0.0,0.00571603,0.00039549
2025-07-17 00:00:00+00:00,5716.1725,17.77679088,0.9833603,0.97766564,0.0,0.00530164,0.00046467
2025-07-17 01:00:00+00:00,5599.5625,17.95184709,0.9833702,0.97625331,0.0,0.0066933,0.0004404
2025-07-17 02:00:00+00:00,5445.335,17.67246629,0.98296872,0.97822406,0.0,0.00436327,0.0004825
2025-07-17 03:00:00+00:00,5388.135,17.3590171,0.98344406,0.98278985,0.0,0.00037906,0.00043344
2025-07-17 04:00:00+00:00,5851.0525,18.0416544,0.9814924,0.98124297,0.0,0.0,0.00033206
2025-07-17 05:00:00+00:00,6575.4425,19.39754971,0.97982869,0.97940833,9.323e-05,0.0,0.00046063
2025-07-17 06:00:00+00:00,7018.7525,20.2012192,0.97496054,0.97451618,6.956e-05,0.0,0.00034301
2025-07-17 07:00:00+00:00,7206.93,20.79554914,0.9686002,0.96804911,7.087e-05,0.0,0.00034214
2025-07-17 08:00:00+00:00,7332.8175,21.23667458,0.96204957,0.96146119,4.003e-05,0.0,0.00028372
2025-07-17 09:00:00+00:00,7364.115,21.51378757,0.9584916,0.95793173,1.627e-05,0.0,0.00018827
2025-07-17 10:00:00+00:00,7366.6125,21.65124603,0.95499378,0.95448806,0.0,0.0,0.00018009
2025-07-17 11:00:00+00:00,7387.1475,21.61402716,0.95398759,0.95353604,0.0,0.0,0.00015175
2025-07-17 12:00:00+00:00,7412.755,21.5182752,0.95662171,0.95618903,0.0,0.0,0.00017278
2025-07-17 13:00:00+00:00,7470.58,21.28169747,0.95998317,0.95955945,0.0,0.0,0.00021889
2025-07-17 14:00:00+00:00,7503.775,20.92528417,0.96630688,0.96592862,3.82e-06,0.0,0.00022913
2025-07-17 15:00:00+00:00,7573.6075,20.54106605,0.97334565,0.97300309,1.766e-05,0.0,0.00025247
2025-07-17 16:00:00+00:00,7543.4525,20.07255032,0.9784351,0.97810663,4.033e-05,0.0,0.00034866
2025-07-17 17:00:00+00:00,7703.8,19.67487959,0.98274607,0.98246407,4.635e-05,0.0,0.00038066
2025-07-17 18:00:00+00:00,7568.4825,19.16005883,0.98618039,0.98591083,3.814e-05,0.0,0.00035136
2025-07-17 19:00:00+00:00,7293.385,18.75419472,0.98678073,0.98649293,5.25e-05,0.0,0.0004175
2025-07-17 20:00:00+00:00,7193.3,18.5071899,0.98710154,0.98674627,8.589e-05,0.0,0.00048754
2025-07-17 21:00:00+00:00,6856.605,18.27528389,0.98657924,0.98591077,5.395e-05,0.00033431,0.00052299
2025-07-17 22:00:00+00:00,6382.98,18.19153847,0.9859805,0.98384313,0.00012757,0.00158086,0.00068895
2025-07-17 23:00:00+00:00,6163.8,17.90268968,0.98523399,0.98445666,0.00015368,0.00025484,0.00066155
2025-07-18 00:00:00+00:00,6051.87,18.2888553,0.98537134,0.98298727,3.506e-05,0.00198408,0.00058577
2025-07-18 01:00:00+00:00,5955.57,18.35063713,0.98452954,0.98250497,3.755e-05,0.00162789,0.00064062
2025-07-18 02:00:00+00:00,5725.6225,18.22376931,0.98398038,0.98362293,3.578e-05,0.0,0.0006252
2025-07-18 03:00:00+00:00,5710.3325,18.589195,0.98262144,0.98226166,6.386e-05,0.0,0.00056414
2025-07-18 04:00:00+00:00,6075.47,19.23373241,0.98029806,0.97988664,8.272e-05,0.0,0.00058469
2025-07-18 05:00:00+00:00,6630.445,20.10927439,0.97717379,0.97670083,0.00012812,0.0,0.00053777
2025-07-18 06:00:00+00:00,6969.9375,20.9239007,0.97211202,0.97161707,9.356e-05,0.0,0.0004438
2025-07-18 07:00:00+00:00,7156.245,21.53586247,0.96582288,0.96533562,4.299e-05,0.0,0.00027581
2025-07-18 08:00:00+00:00,7313.65,21.89946301,0.9593458,0.95878499,5.782e-05,0.0,0.00016535
2025-07-18 09:00:00+00:00,7285.27,22.1401054,0.95524291,0.95469798,4.488e-05,0.0,0.00014713
2025-07-18 10:00:00+00:00,7194.45,22.18858027,0.95310948,0.95260835,3.547e-05,0.0,0.00014662
2025-07-18 11:00:00+00:00,7218.915,22.10104351,0.953808,0.95334562,3.539e-05,0.0,0.00016606
2025-07-18 12:00:00+00:00,7265.86,21.97631415,0.95644247,0.95600549,3.402e-05,0.0,0.00014476
2025-07-18 13:00:00+00:00,7270.705,21.71387558,0.95995848,0.95958838,3.238e-05,0.0,6.194e-05
2025-07-18 14:00:00+00:00,7237.4875,21.34936108,0.96573014,0.96537405,6.285e-05,0.0,6.976e-05
2025-07-18 15:00:00+00:00,7346.3425,20.83716443,0.97113856,0.97079257,8.952e-05,0.0,9.486e-05
2025-07-18 16:00:00+00:00,7335.22,20.32318132,0.97673647,0.9763931,0.00011482,0.0,0.00014986
2025-07-18 17:00:00+00:00,7282.2825,19.82232718,0.98072496,0.98039896,0.00013895,0.0,0.00017813
2025-07-18 18:00:00+00:00,7130.8975,19.18493091,0.98294021,0.98276263,3.987e-05,0.0,0.00010254
2025-07-18 19:00:00+00:00,6944.5925,18.55422964,0.98370288,0.98354104,2.878e-05,0.0,0.00010021
2025-07-18 20:00:00+00:00,6712.8175,18.19100965,0.98368041,0.98344897,4.797e-05,0.0,0.00016965
2025-07-18 21:00:00+00:00,6388.2475,17.87201857,0.98378635,0.98352755,1.959e-05,0.0,0.00024581
2025-07-18 22:00:00+00:00,6098.92,18.01554117,0.98172828,0.98135203,0.0001156,0.0,0.00031953
2025-07-18 23:00:00+00:00,5931.215,18.23785863,0.98108468,0.97933566,9.386e-05,0.00136502,0.00033855
2025-07-19 00:00:00+00:00,5833.875,18.83072762,0.9802981,0.97546618,6.265e-05,0.00437402,0.00037656
2025-07-19 01:00:00+00:00,5695.1375,19.11743292,0.97989084,0.97362598,3.487e-05,0.00582981,0.00036161
2025-07-19 02:00:00+00:00,5463.17,19.17507684,0.97980857,0.97435093,3.204e-05,0.00502486,0.00034982
2025-07-19 03:00:00+00:00,5394.37,19.01954718,0.97954605,0.97715398,2.186e-05,0.00205084,0.00029684
2025-07-19 04:00:00+00:00,5422.5275,19.36183853,0.97761982,0.97719367,9.577e-05,0.0,0.00035478
2025-07-19 05:00:00+00:00,5645.145,20.23803353,0.97475156,0.97424262,0.00011285,0.0,0.00039196
2025-07-19 06:00:00+00:00,6032.035,20.99853819,0.96928567,0.96866636,0.0001127,0.0,0.00041166
2025-07-19 07:00:00+00:00,6294.8375,21.57305091,0.96244781,0.96184905,6.175e-05,0.0,0.00029227
2025-07-19 08:00:00+00:00,6326.2075,21.92193384,0.94727469,0.94670961,0.0,0.0,9.515e-05
2025-07-19 09:00:00+00:00,6343.23,22.35767429,0.93697774,0.93632194,0.0,0.0,0.00014016
2025-07-19 10:00:00+00:00,6617.6875,23.71914573,0.92897827,0.92623874,4.51e-06,0.00122378,0.00015299
2025-07-19 11:00:00+00:00,6686.765,24.90065333,0.92408135,0.91948032,1.06e-06,0.00219666,0.00015367
2025-07-19 12:00:00+00:00,6604.3125,24.17829326,0.93320401,0.92944448,7.1e-07,0.00185557,0.00012539
2025-07-19 13:00:00+00:00,6602.055,22.76867409,0.94721923,0.9452004,1.2e-07,0.00105772,0.00011858
2025-07-19 14:00:00+00:00,6679.6225,21.63330285,0.95794954,0.95759267,0.0,0.0,7.321e-05
2025-07-19 15:00:00+00:00,6972.9025,21.34543356,0.96820651,0.96779505,8.544e-05,0.0,0.00017583
2025-07-19 16:00:00+00:00,7055.945,20.80090011,0.97369824,0.97330579,0.00012314,0.0,0.0002146
2025-07-19 17:00:00+00:00,7024.3925,20.2879057,0.97833633,0.97786779,0.00021308,0.0,0.00032405
2025-07-19 18:00:00+00:00,6975.2975,19.92449924,0.98098023,0.98045901,0.00027411,0.0,0.00036245
2025-07-19 19:00:00+00:00,6765.575,19.84706294,0.98211,0.98158792,0.0002688,0.0,0.00037127
2025-07-19 20:00:00+00:00,6817.11,19.94099663,0.98199648,0.98154651,0.00017995,0.0,0.00035892
2025-07-19 21:00:00+00:00,6438.1975,19.95792362,0.98174399,0.98123633,0.00019181,0.0,0.00044057
2025-07-19 22:00:00+00:00,6287.4,19.96670818,0.98113651,0.98071895,5.216e-05,0.0,0.00033523
2025-07-19 23:00:00+00:00,6113.07,19.9391763,0.98043677,0.98009909,6.2e-06,0.0,0.00021254
2025-07-20 00:00:00+00:00,5923.4825,19.83686336,0.97938487,0.97908226,0.0,0.0,0.00017099
2025-07-20 01:00:00+00:00,5713.9,20.01323985,0.97908074,0.97880179,0.0,0.0,0.00016122
2025-07-20 02:00:00+00:00,5507.405,20.24522907,0.97914868,0.97882373,0.0,0.0,0.00018802
2025-07-20 03:00:00+00:00,5460.6675,20.55639016,0.9792667,0.97880183,6.877e-05,0.0,0.00041533
2025-07-20 04:00:00+00:00,5505.59,20.80147872,0.97656672,0.97608102,7.985e-05,0.0,0.00044759
2025-07-20 05:00:00+00:00,5737.49,21.20977639,0.97026633,0.96971561,9.741e-05,0.0,0.00047354
2025-07-20 06:00:00+00:00,5950.1025,21.71768291,0.96184772,0.96124001,0.00010183,0.0,0.000415
2025-07-20 07:00:00+00:00,6164.6125,22.21769992,0.95182546,0.95126276,3.48e-05,0.0,0.0002474
2025-07-20 08:00:00+00:00,6302.615,22.57967196,0.93985584,0.93924018,0.0,0.0,0.00012799
2025-07-20 09:00:00+00:00,6383.4175,22.71692116,0.92653945,0.92581662,0.0,0.0,0.00015675
2025-07-20 10:00:00+00:00,6437.085,24.88581049,0.92018663,0.91587735,2.457e-05,0.00226909,0.00019803
2025-07-20 11:00:00+00:00,6421.9625,23.72364037,0.92025247,0.91753446,4.68e-06,0.00129734,0.00018195
2025-07-20 12:00:00+00:00,6358.12,22.27720877,0.9271862,0.92652417,0.0,0.0,0.00017566
2025-07-20 13:00:00+00:00,6315.32,22.35646756,0.9376507,0.93621644,1.81e-06,0.00066989,5.286e-05
2025-07-20 14:00:00+00:00,6519.235,21.54651458,0.95172916,0.95124157,7.414e-05,0.0,0.00019077
2025-07-20 15:00:00+00:00,6923.855,21.23420404,0.9633132,0.96284046,6.21e-05,0.0,0.00027891
2025-07-20 16:00:00+00:00,7045.0675,20.64574868,0.97059877,0.97019883,7.285e-05,0.0,0.00024959
2025-07-20 17:00:00+00:00,7097.17,20.27954929,0.97678287,0.97630952,0.00017044,0.0,0.00038429
2025-07-20 18:00:00+00:00,7131.1675,19.8239568,0.98053188,0.98015724,0.00010884,0.0,0.00034612
2025-07-20 19:00:00+00:00,7028.765,19.47273021,0.98176222,0.98139539,8.628e-05,0.0,0.00034222
2025-07-20 20:00:00+00:00,6750.335,19.24972313,0.98098665,0.98059702,6.861e-05,0.0,0.00036391
2025-07-20 21:00:00+00:00,6370.9325,19.52742664,0.98112587,0.97888334,6.016e-05,0.00180185,0.00040724
2025-07-20 22:00:00+00:00,6045.905,19.68109281,0.97961621,0.97582793,7.268e-05,0.0032832,0.00045444
2025-07-20 23:00:00+00:00,5963.22,19.74174533,0.9801604,0.97618053,8.489e-05,0.00346791,0.00047522
2025-07-21 00:00:00+00:00,5966.405,19.90293892,0.98027383,0.97629075,7.87e-05,0.00346307,0.00038953
2025-07-21 01:00:00+00:00,5914.43,20.10057141,0.98004788,0.97610179,8.568e-05,0.00343502,0.00038646
2025-07-21 02:00:00+00:00,5746.8375,20.3100199,0.97958251,0.9754897,0.0001089,0.00353471,0.00041228
2025-07-21 03:00:00+00:00,5650.9025,19.94050723,0.97911748,0.97869063,9.528e-05,0.0,0.00033676
2025-07-21 04:00:00+00:00,5988.5075,20.1801032,0.97720331,0.97670491,0.00016813,0.0,0.00028131
2025-07-21 05:00:00+00:00,6628.08,20.80516862,0.972182,0.97152351,0.00028024,0.0,0.00027677
2025-07-21 06:00:00+00:00,7100.695,21.42493655,0.96608563,0.96518427,0.00044498,0.0,0.00027743
2025-07-21 07:00:00+00:00,7289.675,21.71869264,0.95890906,0.95820232,0.00021405,0.0,0.00021219
2025-07-21 08:00:00+00:00,7385.905,21.88173045,0.95328248,0.95260001,0.00010175,0.0,0.0002129
2025-07-21 09:00:00+00:00,7352.895,21.96085474,0.95048141,0.94980543,9.257e-05,0.0,0.00018808
2025-07-21 10:00:00+00:00,7278.0475,21.79412351,0.94894227,0.94827563,7.965e-05,0.0,0.00025652
2025-07-21 11:00:00+00:00,7267.535,21.67398147,0.9534154,0.95277152,8.671e-05,0.0,0.00024798
2025-07-21 12:00:00+00:00,7562.82,21.86494975,0.95654467,0.95594524,5.881e-05,0.0,0.00023837
2025-07-21 13:00:00+00:00,7623.3175,21.46774261,0.95834892,0.95780015,9.412e-05,0.0,0.00022576
2025-07-21 14:00:00+00:00,7334.8675,21.02173405,0.96247008,0.961988,8.464e-05,0.0,0.00021116
2025-07-21 15:00:00+00:00,7315.7025,20.50273747,0.96929656,0.96884162,0.00012988,0.0,0.00021249
2025-07-21 16:00:00+00:00,7544.305,19.97855349,0.97583349,0.97530693,0.00026377,0.0,0.0002763
2025-07-21 17:00:00+00:00,7601.2,19.59947859,0.98078638,0.98026722,0.00030371,0.0,0.0002965
2025-07-21 18:00:00+00:00,7428.8075,19.22161256,0.98279956,0.98231208,0.00027321,0.0,0.00032906
2025-07-21 19:00:00+00:00,7184.1475,18.97191445,0.98338529,0.98285366,0.00029374,0.0,0.00039552
2025-07-21 20:00:00+00:00,6949.6825,18.73177953,0.98327886,0.98282237,0.0002319,0.0,0.00036439
2025-07-21 21:00:00+00:00,6533.33,18.64185347,0.98282654,0.9823087,0.00024167,0.0,0.00042565
2025-07-21 22:00:00+00:00,6296.555,18.76451942,0.98322212,0.98270834,0.00023625,0.0,0.00026856
2025-07-21 23:00:00+00:00,6135.575,18.80792321,0.98340736,0.98280695,0.00026174,0.0,0.00036555
2025-07-22 00:00:00+00:00,5935.61,18.83723296,0.98253004,0.98189075,0.00028867,0.0,0.00056539
2025-07-22 01:00:00+00:00,5855.44,18.77526864,0.98200256,0.98134042,0.00032063,0.0,0.00057008
2025-07-22 02:00:00+00:00,5685.07,18.70384428,0.98224204,0.98161248,0.00027649,0.0,0.0005534
2025-07-22 03:00:00+00:00,5689.355,18.75148644,0.98155357,0.98093035,0.00030191,0.0,0.00051738
2025-07-22 04:00:00+00:00,6084.305,19.16069179,0.98052929,0.97994536,0.00027948,0.0,0.0004324
2025-07-22 05:00:00+00:00,6744.1775,19.75756999,0.97836051,0.97778398,0.0002365,0.0,0.00041927
2025-07-22 06:00:00+00:00,7181.86,20.32996777,0.97559942,0.97495187,0.00021865,0.0,0.00043893
2025-07-22 07:00:00+00:00,7434.395,20.63066911,0.97212736,0.971497,0.00016712,0.0,0.00034449
2025-07-22 08:00:00+00:00,7510.965,20.87051494,0.96908106,0.96845163,0.00010764,0.0,0.0002765
2025-07-22 09:00:00+00:00,7452.9375,20.86290828,0.96631877,0.96569642,7.408e-05,0.0,0.00023141
2025-07-22 10:00:00+00:00,7300.825,20.74035586,0.96336888,0.96286336,8.86e-06,0.0,8.796e-05
2025-07-22 11:00:00+00:00,7294.4275,20.52148173,0.96102733,0.96054374,0.0,0.0,4.903e-05
2025-07-22 12:00:00+00:00,7291.2,20.32931616,0.96216864,0.96168191,0.0,0.0,4.802e-05
2025-07-22 13:00:00+00:00,7229.1025,20.04394262,0.96512294,0.96468543,0.0,0.0,4.078e-05
2025-07-22 14:00:00+00:00,7181.0275,19.91776846,0.97154805,0.9712175,0.0,0.0,3.801e-05
2025-07-22 15:00:00+00:00,7235.8125,19.53253237,0.97623077,0.97596711,0.0,0.0,4.188e-05
2025-07-22 16:00:00+00:00,7373.3075,19.2262325,0.97985741,0.97955971,9.327e-05,0.0,0.0001291
2025-07-22 17:00:00+00:00,7335.0975,18.95823259,0.98183779,0.98150643,0.00013645,0.0,0.00020749
2025-07-22 18:00:00+00:00,7189.645,18.72099593,0.98309519,0.98274419,0.00015491,0.0,0.00027015
2025-07-22 19:00:00+00:00,7107.565,18.63163763,0.98365836,0.98322281,0.00019942,0.0,0.00031263
2025-07-22 20:00:00+00:00,6935.4775,18.55099752,0.98382239,0.98343263,0.00018606,0.0,0.00029303
2025-07-22 21:00:00+00:00,6661.8325,18.47665019,0.98299812,0.98263954,0.00012378,0.0,0.00028918
2025-07-22 22:00:00+00:00,6338.075,18.35588531,0.98246247,0.98217604,6.937e-05,0.0,0.00021967
2025-07-22 23:00:00+00:00,6085.3275,18.42463446,0.98245573,0.98218519,4.568e-05,0.0,0.00023225
2025-07-23 00:00:00+00:00,5967.3275,18.47182773,0.9822933,0.98198471,8.032e-05,0.0,0.00030491
2025-07-23 01:00:00+00:00,5894.4775,18.53059201,0.9821139,0.98177016,9.898e-05,0.0,0.00033249
2025-07-23 02:00:00+00:00,5718.38,18.44626082,0.98188955,0.9815858,7.564e-05,0.0,0.00029032
2025-07-23 03:00:00+00:00,5742.455,18.66516116,0.98134042,0.98101251,9.86e-05,0.0,0.00030593
2025-07-23 04:00:00+00:00,6066.235,19.12589592,0.98145498,0.98125297,0.0,0.0,0.0001438
2025-07-23 05:00:00+00:00,6669.21,19.67181837,0.97878238,0.97831493,0.00013368,0.0,0.00027235
2025-07-23 06:00:00+00:00,7158.7675,20.1834716,0.97621563,0.97562068,0.00019741,0.0,0.00030232
2025-07-23 07:00:00+00:00,7443.87,20.58162563,0.97355382,0.97292762,0.00017609,0.0,0.00026471
2025-07-23 08:00:00+00:00,7581.7425,20.85865796,0.97160222,0.97091812,0.00015172,0.0,0.00023505
2025-07-23 09:00:00+00:00,7630.34,21.03618482,0.96942488,0.96877647,0.000105,0.0,0.00017928
2025-07-23 10:00:00+00:00,7510.855,20.94783036,0.96690382,0.96633293,2.784e-05,0.0,9.318e-05
2025-07-23 11:00:00+00:00,7489.5825,20.76293317,0.9659605,0.96547434,0.0,0.0,3.489e-05
2025-07-23 12:00:00+00:00,7522.6975,20.89372725,0.96719006,0.96668793,0.0,0.0,5.716e-05
2025-07-23 13:00:00+00:00,7714.6575,20.88752023,0.96979079,0.96931597,2.286e-05,0.0,0.00014874
2025-07-23 14:00:00+00:00,7769.4675,20.68628291,0.97212074,0.97174159,2.333e-05,0.0,0.00012125
2025-07-23 15:00:00+00:00,7890.125,20.57080339,0.97703553,0.97662673,7.097e-05,0.0,0.0002863
2025-07-23 16:00:00+00:00,7688.3875,20.24010729,0.97966945,0.97934169,6.814e-05,0.0,0.00029166
2025-07-23 17:00:00+00:00,7482.375,20.01811665,0.98152417,0.98101752,0.00010614,6.294e-05,0.00034626
2025-07-23 18:00:00+00:00,7280.6275,19.74231339,0.98300366,0.98273537,7.74e-05,0.0,0.00032555
2025-07-23 19:00:00+00:00,7045.9375,19.69582945,0.98303092,0.98267237,0.00010734,0.0,0.00039788
2025-07-23 20:00:00+00:00,6811.065,19.58828857,0.98273681,0.98235952,0.00014744,0.0,0.00036964
2025-07-23 21:00:00+00:00,6509.48,19.3901038,0.98285636,0.9824645,0.00014105,0.0,0.00036186
2025-07-23 22:00:00+00:00,6205.605,19.26135779,0.9822782,0.98194616,8.343e-05,0.0,0.00025293
2025-07-23 23:00:00+00:00,6092.29,19.23304814,0.98207734,0.98170004,8.32e-05,0.0,0.00031623
2025-07-24 00:00:00+00:00,5866.055,19.19626931,0.98151973,0.98114869,7.927e-05,0.0,0.00048205
2025-07-24 01:00:00+00:00,5762.285,19.12455906,0.98169972,0.98133125,7.056e-05,0.0,0.00044698
2025-07-24 02:00:00+00:00,5728.22,19.10546707,0.98164367,0.98127652,7.273e-05,0.0,0.0004275
2025-07-24 03:00:00+00:00,5722.405,19.21741823,0.98097273,0.98063801,6.047e-05,0.0,0.00040512
2025-07-24 04:00:00+00:00,6041.805,19.6134841,0.97972353,0.97938651,4.421e-05,0.0,0.00033886
2025-07-24 05:00:00+00:00,6579.58,20.29869495,0.97717988,0.97678618,5.097e-05,0.0,0.00032127
2025-07-24 06:00:00+00:00,7036.9575,20.95214089,0.97257611,0.97214402,4.294e-05,0.0,0.00022436
2025-07-24 07:00:00+00:00,7322.5625,21.53263599,0.96903242,0.96839977,0.00015013,0.0,0.0002537
2025-07-24 08:00:00+00:00,7480.655,21.85894763,0.96472122,0.9639338,0.00028155,0.0,0.0002026
2025-07-24 09:00:00+00:00,7533.345,21.90613467,0.96199932,0.96132017,0.00013484,0.0,0.00012653
2025-07-24 10:00:00+00:00,7538.725,21.89944393,0.96151828,0.96083292,0.00014404,0.0,9.945e-05
2025-07-24 11:00:00+00:00,7612.795,21.88962544,0.96095463,0.9603068,0.00011451,0.0,9.545e-05
2025-07-24 12:00:00+00:00,7711.885,21.6103437,0.9615792,0.96092436,0.00016329,0.0,5.999e-05
2025-07-24 13:00:00+00:00,7765.57,21.38219979,0.96431683,0.96373074,0.00015374,0.0,6.337e-05
2025-07-24 14:00:00+00:00,7682.735,20.97045251,0.96793159,0.96747535,0.00012499,0.0,3.372e-05
2025-07-24 15:00:00+00:00,7669.5875,20.55349279,0.9732204,0.97286298,0.00010655,0.0,1.765e-05
2025-07-24 16:00:00+00:00,7573.465,19.99567492,0.9781032,0.97770941,0.00022142,0.0,4.538e-05
2025-07-24 17:00:00+00:00,7494.0025,19.66439609,0.98132889,0.98058481,0.00052771,0.0,0.0002226
2025-07-24 18:00:00+00:00,7454.6025,19.25245253,0.98388534,0.98323166,0.00045097,0.0,0.00029768
2025-07-24 19:00:00+00:00,7317.79,19.02802779,0.98432475,0.98351069,0.00051118,5e-08,0.00046671
2025-07-24 20:00:00+00:00,7078.515,18.62745902,0.98210266,0.98162279,0.00022656,0.0,0.00038197
2025-07-24 21:00:00+00:00,6726.735,18.50383769,0.98176011,0.98116579,0.0003303,0.0,0.00032779
2025-07-24 22:00:00+00:00,6281.9,18.30586538,0.98567119,0.98551474,1.335e-05,0.0,0.00012414
2025-07-24 23:00:00+00:00,6071.235,18.30696211,0.98544206,0.98506166,8.801e-05,0.0,0.00030265
2025-07-25 00:00:00+00:00,6065.9625,18.46326281,0.98162387,0.98120108,0.00011194,0.0,0.00045844
2025-07-25 01:00:00+00:00,6085.5825,18.35046274,0.98080331,0.98037947,0.00010582,0.0,0.00043848
2025-07-25 02:00:00+00:00,5930.275,18.50535342,0.98099738,0.98054935,9.925e-05,3.666e-05,0.00043164
2025-07-25 03:00:00+00:00,5802.005,18.69626344,0.98018742,0.97976558,0.00011003,0.0,0.0004315
2025-07-25 04:00:00+00:00,6128.5175,19.25355848,0.97908478,0.97864798,0.00011434,0.0,0.00040213
2025-07-25 05:00:00+00:00,6614.455,19.91205475,0.97721361,0.97673674,0.00010425,0.0,0.00035916
2025-07-25 06:00:00+00:00,6964.0525,20.48391556,0.97277258,0.97234676,3.2e-05,0.0,0.00022048
2025-07-25 07:00:00+00:00,7277.265,20.82014987,0.96673994,0.96626742,0.0,0.0,0.00017411
2025-07-25 08:00:00+00:00,7438.735,21.15702628,0.96243485,0.9619182,0.0,0.0,0.00015861
2025-07-25 09:00:00+00:00,7566.0575,21.43175461,0.95937541,0.95879589,0.0,0.0,0.00014883
2025-07-25 10:00:00+00:00,7583.54,21.47457716,0.95748078,0.9568784,0.0,0.0,0.00016517
2025-07-25 11:00:00+00:00,7550.8425,21.3308037,0.95799433,0.95741788,1.2e-07,0.0,0.00014873
2025-07-25 12:00:00+00:00,7474.1975,21.03469015,0.95948345,0.95894426,0.0,0.0,0.00011952
2025-07-25 13:00:00+00:00,7346.2575,20.72113232,0.96242414,0.96194597,0.0,0.0,0.00012815
2025-07-25 14:00:00+00:00,7386.37,20.39425807,0.96663078,0.96622195,0.0,0.0,0.00013366
2025-07-25 15:00:00+00:00,7408.3125,19.94346867,0.9718474,0.97147784,1.646e-05,0.0,0.00015229
2025-07-25 16:00:00+00:00,7378.0125,19.64116163,0.9767334,0.97630089,0.00013191,0.0,0.00029483
2025-07-25 17:00:00+00:00,7231.755,19.33888885,0.98061783,0.98016408,0.00016895,0.0,0.00033567
2025-07-25 18:00:00+00:00,6962.81,18.94274527,0.98250946,0.98208028,0.00013396,0.0,0.00042391
2025-07-25 19:00:00+00:00,6770.4375,18.5507293,0.98317272,0.98278839,7.123e-05,0.0,0.00035322
2025-07-25 20:00:00+00:00,6780.6825,18.00269284,0.98250606,0.98228996,4.35e-06,0.0,0.00019976
2025-07-25 21:00:00+00:00,6347.63,17.59644789,0.98194248,0.98175492,0.0,0.0,0.00014076
2025-07-25 22:00:00+00:00,6026.55,17.5607586,0.98636755,0.9847708,0.0,0.00150903,3.33e-06
2025-07-25 23:00:00+00:00,5834.4925,17.61853491,0.98591671,0.98329861,0.0,0.00251144,4.52e-06
2025-07-26 00:00:00+00:00,5724.2125,17.46754855,0.98569533,0.98327166,0.0,0.00230107,4.014e-05
2025-07-26 01:00:00+00:00,5655.23,17.56450521,0.98540259,0.98250811,0.0,0.00277905,3.44e-06
2025-07-26 02:00:00+00:00,5576.15,17.61507139,0.98012598,0.97729476,0.0,0.00270291,2.857e-05
2025-07-26 03:00:00+00:00,5562.6275,17.90155197,0.97859174,0.97411257,0.0,0.00421441,0.00012679
2025-07-26 04:00:00+00:00,5540.0125,18.15703099,0.97635669,0.97269527,0.0,0.00340065,9.258e-05
2025-07-26 05:00:00+00:00,5772.3625,18.39364434,0.97436018,0.97341047,0.0,0.00070301,8.105e-05
2025-07-26 06:00:00+00:00,6125.2125,19.02859128,0.97081933,0.96930565,0.0,0.00116733,7.916e-05
2025-07-26 07:00:00+00:00,6469.5575,19.79521426,0.96654903,0.96348256,0.0,0.00257675,7.68e-05
2025-07-26 08:00:00+00:00,6755.3325,20.14711505,0.96221464,0.95951955,0.0,0.00217197,9.134e-05
2025-07-26 09:00:00+00:00,6828.755,20.5188837,0.95798848,0.95505762,0.0,0.00233887,8.744e-05
2025-07-26 10:00:00+00:00,6759.525,20.20935484,0.95573363,0.95504104,0.0,0.00014545,9.151e-05
2025-07-26 11:00:00+00:00,6771.335,20.135148,0.95459363,0.95403173,0.0,0.0,0.00011567
2025-07-26 12:00:00+00:00,6780.9925,20.0570054,0.95498186,0.95440672,0.0,0.0,0.00013138
2025-07-26 13:00:00+00:00,6737.94,19.73866471,0.95684358,0.95631823,0.0,0.0,0.00010921
2025-07-26 14:00:00+00:00,6749.635,19.30140353,0.96129873,0.96086088,0.0,0.0,8.624e-05
2025-07-26 15:00:00+00:00,6902.3775,19.0409935,0.96904236,0.96872654,0.0,0.0,6.339e-05
2025-07-26 16:00:00+00:00,6902.8425,18.63619382,0.97556475,0.97535031,0.0,0.0,7.917e-05
2025-07-26 17:00:00+00:00,6904.345,18.214022,0.97911184,0.97882706,3.24e-05,0.0,0.00016407
2025-07-26 18:00:00+00:00,6914.4975,17.98274804,0.98157902,0.98125303,0.00011475,0.0,0.00018759
2025-07-26 19:00:00+00:00,6766.3175,17.8757679,0.98289728,0.98262278,6.112e-05,0.0,0.00016668
2025-07-26 20:00:00+00:00,6663.15,17.68212002,0.98268405,0.98253211,0.0,0.0,0.00013633
2025-07-26 21:00:00+00:00,6413.86,17.64125664,0.9826984,0.98253389,0.0,0.0,0.0001282
2025-07-26 22:00:00+00:00,6106.85,17.64500229,0.98250731,0.98242638,0.0,0.0,4.781e-05
2025-07-26 23:00:00+00:00,5872.62,17.52160231,0.98214942,0.98208567,0.0,0.0,3.635e-05
2025-07-27 00:00:00+00:00,5736.875,17.44401813,0.98211276,0.98201818,0.0,0.0,8.313e-05
2025-07-27 01:00:00+00:00,5669.4225,17.40883351,0.98181332,0.98169565,0.0,0.0,9.959e-05
2025-07-27 02:00:00+00:00,5528.995,17.48247777,0.98119823,0.98107249,0.0,0.0,0.00011783
2025-07-27 03:00:00+00:00,5448.365,17.5397284,0.98223356,0.98211194,0.0,0.0,0.00010505
2025-07-27 04:00:00+00:00,5565.3675,18.01257916,0.98081848,0.98062082,0.0,0.0,0.0001428
2025-07-27 05:00:00+00:00,5697.0375,18.57156008,0.97680399,0.97653838,0.0,0.0,0.00014138
2025-07-27 06:00:00+00:00,5903.275,19.10986042,0.97259032,0.97228572,0.0,0.0,8.887e-05
2025-07-27 07:00:00+00:00,6060.54,19.53789674,0.967966,0.96759264,0.0,0.0,4.783e-05
2025-07-27 08:00:00+00:00,6224.1,19.84095245,0.9633566,0.96293695,0.0,0.0,6.464e-05
2025-07-27 09:00:00+00:00,6440.875,20.10833095,0.96012523,0.95963634,0.0,0.0,6.771e-05
2025-07-27 10:00:00+00:00,6629.03,20.17044688,0.95753646,0.95704568,0.0,0.0,6.075e-05
2025-07-27 11:00:00+00:00,6725.12,20.3633177,0.95624274,0.95499882,1.48e-06,0.00053426,9.345e-05
2025-07-27 12:00:00+00:00,6691.415,20.20384967,0.95724755,0.95572466,4.49e-06,0.00070053,0.00012954
2025-07-27 13:00:00+00:00,6651.17,19.75215323,0.96142594,0.95992236,3.51e-06,0.00077546,7.125e-05
2025-07-27 14:00:00+00:00,6849.855,19.20372926,0.96806568,0.96765319,0.0,0.0,0.00012046
2025-07-27 15:00:00+00:00,6960.2425,18.75473018,0.97242886,0.9720789,0.0,0.0,0.00012925
2025-07-27 16:00:00+00:00,7095.5325,18.36403323,0.97690436,0.9766042,1.957e-05,0.0,0.00021904
2025-07-27 17:00:00+00:00,7062.8225,18.15953353,0.98039183,0.97994594,0.0001642,0.0,0.00032045
2025-07-27 18:00:00+00:00,6974.825,17.9544277,0.98181751,0.98142739,0.00013711,0.0,0.00038049
2025-07-27 19:00:00+00:00,7018.175,17.97405801,0.98284633,0.98241297,0.00016196,0.0,0.00040132
2025-07-27 20:00:00+00:00,6853.47,17.74674054,0.98262275,0.9822944,9.323e-05,0.0,0.00039309
2025-07-27 21:00:00+00:00,6417.5175,17.39670639,0.98213335,0.9818518,0.0,0.0,0.00037697
2025-07-27 22:00:00+00:00,6037.3875,17.07035012,0.98088273,0.98058955,1.821e-05,0.0,0.00034177
2025-07-27 23:00:00+00:00,5837.4975,16.92754758,0.98038322,0.98012371,1.975e-05,0.0,0.00026579
2025-07-28 00:00:00+00:00,5743.79,16.82470892,0.98019749,0.98001644,1.94e-06,0.0,0.00012172
2025-07-28 01:00:00+00:00,5674.215,16.94562134,0.97970813,0.97918885,1.072e-05,0.00031857,0.00014771
2025-07-28 02:00:00+00:00,5619.5675,17.18804427,0.97952014,0.97932939,0.0,0.0,0.00018938
2025-07-28 03:00:00+00:00,5619.455,17.54021043,0.9797988,0.97959441,5.31e-06,0.0,0.00018884
2025-07-28 04:00:00+00:00,6052.06,18.21130653,0.97919082,0.97912392,0.0,0.0,4.09e-06
2025-07-28 05:00:00+00:00,6652.9,19.1650353,0.97643915,0.97612593,0.00012538,0.0,5.978e-05
2025-07-28 06:00:00+00:00,7022.1175,19.79873273,0.97200087,0.97152237,0.00024703,0.0,3.214e-05
2025-07-28 07:00:00+00:00,7271.055,20.18974498,0.96579025,0.96548051,0.0,0.0,1.829e-05
2025-07-28 08:00:00+00:00,7327.0375,20.47317118,0.96072872,0.96040786,0.0,0.0,9.55e-06
2025-07-28 09:00:00+00:00,7455.8575,21.06434786,0.9568324,0.95552795,6.586e-05,0.00054128,1.137e-05
2025-07-28 10:00:00+00:00,7484.075,21.25278975,0.95571766,0.95388472,7.638e-05,0.00094088,1.52e-05
2025-07-28 11:00:00+00:00,7545.9775,21.20547176,0.95628067,0.95443238,3.658e-05,0.00099822,1.959e-05
2025-07-28 12:00:00+00:00,7481.44,20.96038059,0.95747391,0.95560378,0.0,0.00104078,1.685e-05
2025-07-28 13:00:00+00:00,7373.375,20.75809361,0.96025839,0.95822957,6.52e-06,0.00118796,2.19e-05
2025-07-28 14:00:00+00:00,7298.87,20.30506356,0.96496456,0.96317518,5.378e-05,0.00095478,4.746e-05
2025-07-28 15:00:00+00:00,7516.305,19.71487361,0.9730114,0.97227582,3.432e-05,0.00029852,1.805e-05
2025-07-28 16:00:00+00:00,7533.5325,19.15590275,0.97751112,0.97726156,5.922e-05,3e-08,6.632e-05
2025-07-28 17:00:00+00:00,7477.6625,18.98630212,0.98082699,0.98049152,0.00016303,4e-08,0.00010503
2025-07-28 18:00:00+00:00,7437.07,18.67592307,0.98282876,0.98261602,0.0001015,4e-08,7.035e-05
2025-07-28 19:00:00+00:00,7277.4025,18.47648942,0.9836758,0.98358962,0.0,2e-08,2.537e-05
2025-07-28 20:00:00+00:00,7107.9625,17.98526394,0.98317309,0.98312695,0.0,0.0,4.13e-06
2025-07-28 21:00:00+00:00,6620.6875,17.46411523,0.9817894,0.98171476,0.0,1e-08,1.246e-05
2025-07-28 22:00:00+00:00,6178.445,17.02776642,0.98281892,0.98274451,0.0,1e-08,1.976e-05
2025-07-28 23:00:00+00:00,5892.0525,16.48487846,0.98208658,0.98202169,0.0,1e-08,1.57e-05
2025-07-29 00:00:00+00:00,5690.2825,16.00749478,0.98073726,0.98062486,1.022e-05,8e-08,9.997e-05
2025-07-29 01:00:00+00:00,5475.445,15.89363445,0.98143152,0.9813498,1.91e-06,6e-08,6.005e-05
2025-07-29 02:00:00+00:00,5439.4,15.78280961,0.98313945,0.98311458,0.0,0.0,4.85e-06
2025-07-29 03:00:00+00:00,5495.59,15.40995144,0.98451787,0.98446637,0.0,1e-08,1.216e-05
2025-07-29 04:00:00+00:00,5973.13,15.45397587,0.98585138,0.98573083,0.0,5e-08,6.149e-05
2025-07-29 05:00:00+00:00,6541.915,16.01001806,0.98509553,0.98493111,0.0,0.0,3.59e-05
2025-07-29 06:00:00+00:00,6879.98,16.18619731,0.9825137,0.98231718,0.0,0.0,1.37e-06
2025-07-29 07:00:00+00:00,7133.5725,16.3024609,0.9784172,0.97813141,0.0,0.0,0.0
2025-07-29 08:00:00+00:00,7408.5875,16.22274461,0.97299162,0.97271445,0.0,0.0,0.0
2025-07-29 09:00:00+00:00,7536.0675,16.20839995,0.96955204,0.96918257,0.0,0.0,0.0
2025-07-29 10:00:00+00:00,7637.8575,16.12665772,0.97001401,0.96963315,0.0,0.0,1e-07
2025-07-29 11:00:00+00:00,7375.2475,15.93046855,0.96711217,0.96675292,0.0,0.0,0.0
2025-07-29 12:00:00+00:00,7386.295,16.0902724,0.96629242,0.96575153,5.2e-07,0.00012442,1.78e-06
2025-07-29 13:00:00+00:00,7383.4775,16.22381259,0.97039611,0.96933201,1.04e-06,0.00055362,1.013e-05
2025-07-29 14:00:00+00:00,7351.0125,16.08971939,0.97540326,0.97511713,0.0,0.0,1.05e-06
2025-07-29 15:00:00+00:00,7355.6825,16.17917705,0.98041361,0.98016205,0.0,0.0,7.8e-06
2025-07-29 16:00:00+00:00,7361.7875,16.36710417,0.98550823,0.98536363,0.0,0.0,1.382e-05
2025-07-29 17:00:00+00:00,7267.235,16.25854805,0.98859192,0.98848455,0.0,0.0,6.23e-06
2025-07-29 18:00:00+00:00,7390.54,16.12581055,0.99037497,0.99030958,0.0,0.0,1.421e-05
2025-07-29 19:00:00+00:00,7099.045,15.89947505,0.99056634,0.99048459,0.0,0.0,2.217e-05
2025-07-29 20:00:00+00:00,6890.5525,16.02083402,0.98976427,0.98733104,0.0,0.00226419,7.87e-05
2025-07-29 21:00:00+00:00,6643.5,15.85246247,0.98908562,0.98494281,0.0,0.00396104,2.93e-06
2025-07-29 22:00:00+00:00,6120.145,15.56474365,0.98975707,0.98870658,0.0,0.00096293,5.14e-06
2025-07-29 23:00:00+00:00,5934.9775,15.74069165,0.98934617,0.98678741,0.0,0.0024226,6.41e-06
2025-07-30 00:00:00+00:00,5855.6525,15.66253271,0.98847456,0.9840553,0.0,0.0042499,4.77e-06
2025-07-30 01:00:00+00:00,5801.1275,15.83980487,0.98791968,0.98250285,0.0,0.00518296,4.72e-05
2025-07-30 02:00:00+00:00,5624.38,15.87098386,0.98812328,0.98321591,0.0,0.00473344,5.96e-06
2025-07-30 03:00:00+00:00,5631.45,15.76199774,0.98762517,0.98758698,0.0,0.0,3.23e-06
2025-07-30 04:00:00+00:00,6145.81,16.7168814,0.98646042,0.98640836,0.0,0.0,3.36e-06
2025-07-30 05:00:00+00:00,6656.82,17.56895761,0.98330485,0.98319256,0.0,0.0,3.8e-06
2025-07-30 06:00:00+00:00,7032.9275,18.27748602,0.97701025,0.97681973,0.0,0.0,2.664e-05
2025-07-30 07:00:00+00:00,7296.5025,18.95304911,0.97457138,0.97431588,0.0,0.0,2.948e-05
2025-07-30 08:00:00+00:00,7400.5175,19.36779436,0.97007779,0.96980931,0.0,0.0,2.637e-05
2025-07-30 09:00:00+00:00,7483.17,19.61218457,0.96617742,0.96585052,0.0,0.0,8.44e-06
2025-07-30 10:00:00+00:00,7555.98,19.67177589,0.96484325,0.96450604,0.0,0.0,2.564e-05
2025-07-30 11:00:00+00:00,7551.5075,19.56953832,0.96531169,0.96502036,0.0,0.0,2.289e-05
2025-07-30 12:00:00+00:00,7587.7675,19.43316162,0.9674592,0.96715501,0.0,0.0,4.268e-05
2025-07-30 13:00:00+00:00,7457.7625,19.31933399,0.97118399,0.97093335,0.0,0.0,1.385e-05
2025-07-30 14:00:00+00:00,7540.48,19.30251183,0.97596215,0.97571531,0.0,0.0,1.851e-05
2025-07-30 15:00:00+00:00,7623.695,19.04996696,0.97993399,0.97972047,0.0,0.0,2.598e-05
2025-07-30 16:00:00+00:00,7566.0675,18.80203847,0.98285532,0.98268229,3.373e-05,0.0,3.24e-05
2025-07-30 17:00:00+00:00,7460.315,18.66836191,0.98653362,0.98634002,7.054e-05,0.0,6.78e-05
2025-07-30 18:00:00+00:00,7295.5075,18.2821363,0.98724483,0.98716674,0.0,0.0,2.786e-05
2025-07-30 19:00:00+00:00,7196.11,18.13822985,0.98790466,0.98782999,0.0,0.0,2.255e-05
2025-07-30 20:00:00+00:00,6991.39,18.0054933,0.98799105,0.98794834,0.0,0.0,4.95e-06
2025-07-30 21:00:00+00:00,6631.5625,17.8622573,0.98911496,0.98905421,0.0,0.0,4.92e-06
2025-07-30 22:00:00+00:00,6225.32,17.62651652,0.98914145,0.98905493,0.0,0.0,7.508e-05
2025-07-30 23:00:00+00:00,6006.605,17.36879377,0.98733323,0.9871625,0.0,0.0,0.00021846
2025-07-31 00:00:00+00:00,5892.86,17.27504801,0.9857187,0.98559372,0.0,4.2e-07,0.00021777
2025-07-31 01:00:00+00:00,5840.3,17.35699307,0.98558589,0.98544778,0.0,1.11e-06,0.00023015
2025-07-31 02:00:00+00:00,5902.595,17.46399528,0.98619853,0.98609281,0.0,1.39e-06,0.00018726
2025-07-31 03:00:00+00:00,5934.3275,17.60840347,0.98651253,0.98640536,0.0,1.29e-06,0.00013917
2025-07-31 04:00:00+00:00,6314.9525,18.03634707,0.98852277,0.98842618,0.0,1.05e-06,8.269e-05
2025-07-31 05:00:00+00:00,6821.5125,18.53552624,0.98568998,0.98554085,0.0,8.3e-07,4.909e-05
2025-07-31 06:00:00+00:00,7124.725,18.83447162,0.98153257,0.98136002,0.0,2e-08,1.08e-06
2025-07-31 07:00:00+00:00,7474.115,19.26965609,0.97782724,0.97755636,0.0,0.0,4.116e-05
2025-07-31 08:00:00+00:00,7591.5825,19.45104529,0.97375278,0.97347637,0.0,0.0,2.179e-05
2025-07-31 09:00:00+00:00,7681.1925,19.75461696,0.972098,0.97175708,0.0,0.0,4.169e-05
2025-07-31 10:00:00+00:00,7742.805,19.85513129,0.96950959,0.96917492,0.0,0.0,3.029e-05
2025-07-31 11:00:00+00:00,7599.78,19.76891642,0.96982591,0.96954947,0.0,0.0,2.372e-05
2025-07-31 12:00:00+00:00,7396.1075,19.63872646,0.97064097,0.97038035,0.0,0.0,3.17e-06
2025-07-31 13:00:00+00:00,7334.5775,19.50442143,0.97350922,0.97327021,0.0,0.0,9.27e-06
2025-07-31 14:00:00+00:00,7422.225,19.26181007,0.97565544,0.97541923,0.0,0.0,1.504e-05
2025-07-31 15:00:00+00:00,7615.0025,18.98198243,0.9810091,0.98082281,0.0,2e-08,3.18e-06
2025-07-31 16:00:00+00:00,7583.5725,18.73870627,0.98461937,0.98449452,0.0,1.8e-07,1.096e-05
2025-07-31 17:00:00+00:00,7411.0,18.4405031,0.9862229,0.9860995,0.0,0.0,5.579e-05
2025-07-31 18:00:00+00:00,7355.5375,18.18632286,0.98748318,0.98729146,6.602e-05,1.48e-06,0.00015305
2025-07-31 19:00:00+00:00,7312.1075,18.16913852,0.98854986,0.98843488,4.19e-06,1.5e-07,0.00010437
2025-07-31 20:00:00+00:00,7053.2675,18.00022774,0.98788628,0.98777371,1.061e-05,0.0,0.00014065
2025-07-31 21:00:00+00:00,6685.9725,17.62752844,0.98617338,0.98605305,7.92e-06,0.0,0.00011787
2025-07-31 22:00:00+00:00,6374.885,17.59703905,0.98693927,0.98675826,5.806e-05,0.0,0.00013996
2025-07-31 23:00:00+00:00,6194.47,17.76150392,0.98575469,0.98560953,4.293e-05,0.0,9.188e-05
2025-08-01 00:00:00+00:00,5969.3225,17.83056974,0.98526196,0.98505291,8.408e-05,0.0,0.00027843
2025-08-01 01:00:00+00:00,5915.6825,17.93720817,0.98535208,0.98510347,0.00010345,0.0,0.00028813
2025-08-01 02:00:00+00:00,5875.8325,18.19172885,0.98511797,0.98480627,0.0001473,0.0,0.00039517
2025-08-01 03:00:00+00:00,6027.245,18.36739151,0.98540147,0.98515215,0.00011187,0.0,0.00027679
2025-08-01 04:00:00+00:00,6340.465,18.62842114,0.98439774,0.98411471,0.00015681,0.0,0.00026499
2025-08-01 05:00:00+00:00,6858.46,19.13078803,0.98229612,0.98172414,0.00035762,0.0,0.00034222
2025-08-01 06:00:00+00:00,7268.6175,19.60833501,0.97902902,0.97844499,0.00032525,0.0,0.00033152
2025-08-01 07:00:00+00:00,7477.4825,19.96265506,0.97613894,0.97573111,9.65e-05,0.0,0.00023137
2025-08-01 08:00:00+00:00,7672.4275,20.21739392,0.97361997,0.97320736,6.629e-05,0.0,0.00021801
2025-08-01 09:00:00+00:00,7870.315,20.38415396,0.97172884,0.97124799,7.399e-05,0.0,0.00020519
2025-08-01 10:00:00+00:00,7883.1325,20.31857088,0.97096695,0.97051467,4.728e-05,0.0,0.00017122
2025-08-01 11:00:00+00:00,7719.415,20.13191081,0.97129103,0.97097318,0.0,0.0,2.963e-05
2025-08-01 12:00:00+00:00,7674.785,20.21897619,0.97090884,0.96988896,2.702e-05,0.00037664,3.469e-05
2025-08-01 13:00:00+00:00,7644.0575,19.72690689,0.97341376,0.97292813,2.412e-05,9.273e-05,3.09e-05
2025-08-01 14:00:00+00:00,7614.375,19.37413803,0.97670053,0.97642488,0.0,0.0,2.924e-05
2025-08-01 15:00:00+00:00,7777.015,19.39489923,0.97983189,0.97937512,0.0001958,0.0,0.00017505
2025-08-01 16:00:00+00:00,7583.71,19.03636405,0.98289891,0.98256759,0.00014176,0.0,0.00016566
2025-08-01 17:00:00+00:00,7421.18,18.96032969,0.98471001,0.98424208,0.00031374,0.0,0.00020529
2025-08-01 18:00:00+00:00,7191.02,18.69648409,0.98547241,0.98507289,0.00028502,0.0,0.00020588
2025-08-01 19:00:00+00:00,6967.785,18.53978818,0.98528489,0.98473583,0.00040903,0.0,0.00027813
2025-08-01 20:00:00+00:00,6812.89,18.4419682,0.9853533,0.98483463,0.00037828,0.0,0.00030675
2025-08-01 21:00:00+00:00,6499.69,18.13371992,0.98530245,0.98485548,0.00029875,0.0,0.00029042
2025-08-01 22:00:00+00:00,6225.69,17.68344356,0.98392159,0.98375192,0.00011403,0.0,1.501e-05
2025-08-01 23:00:00+00:00,5927.0875,17.33833702,0.98320025,0.9830931,4.451e-05,0.0,6.98e-06
2025-08-02 00:00:00+00:00,5663.185,17.22926216,0.98274533,0.980706,0.0,0.00194307,4.39e-06
2025-08-02 01:00:00+00:00,5555.6425,16.92222631,0.98313078,0.98307875,0.0,0.0,3.48e-06
2025-08-02 02:00:00+00:00,5559.255,17.18798926,0.98366491,0.98358995,0.0,0.0,5.998e-05
2025-08-02 03:00:00+00:00,5490.9325,17.31199581,0.98376991,0.98369593,0.0,0.0,4.658e-05
2025-08-02 04:00:00+00:00,5679.0725,17.59849134,0.98477166,0.98468833,0.0,0.0,3.773e-05
2025-08-02 05:00:00+00:00,5864.0875,17.8893574,0.98185536,0.98168344,0.0,0.0,4.913e-05
2025-08-02 06:00:00+00:00,6189.6975,18.35257693,0.97915067,0.97895965,0.0,0.0,1.264e-05
2025-08-02 07:00:00+00:00,6530.4075,18.84372201,0.97483932,0.97457716,0.0,0.0,2.26e-06
2025-08-02 08:00:00+00:00,6708.98,19.12863151,0.97080039,0.97049861,0.0,0.0,2.1e-06
2025-08-02 09:00:00+00:00,6852.41,19.277928,0.96684035,0.96647216,0.0,0.0,2.32e-06
2025-08-02 10:00:00+00:00,6854.8,18.86876496,0.95861663,0.95766654,3.59e-06,0.00031884,5.7e-06
2025-08-02 11:00:00+00:00,6876.115,19.49103991,0.95332186,0.95074661,2e-05,0.00127157,2.191e-05
2025-08-02 12:00:00+00:00,6726.46,19.51626318,0.9549565,0.95279119,6.46e-06,0.00065491,1.877e-05
2025-08-02 13:00:00+00:00,6576.5725,19.19635183,0.96042459,0.95869716,1.161e-05,0.00071516,1.461e-05
2025-08-02 14:00:00+00:00,6692.1725,19.03519355,0.97269552,0.97236671,0.0,0.0,3.333e-05
2025-08-02 15:00:00+00:00,6829.7275,19.12918245,0.97701228,0.97677669,0.0,0.0,2.16e-05
2025-08-02 16:00:00+00:00,6882.7175,18.89383209,0.98162557,0.98137984,8.537e-05,0.0,7.052e-05
2025-08-02 17:00:00+00:00,6887.38,18.70783417,0.98478548,0.98437707,0.00023374,0.0,0.00019529
2025-08-02 18:00:00+00:00,6755.225,18.5583071,0.98670405,0.98635974,0.0002343,0.0,0.00015687
2025-08-02 19:00:00+00:00,6642.62,18.34959834,0.98672842,0.98636862,0.00024185,0.0,0.00019418
2025-08-02 20:00:00+00:00,6548.06,18.18314374,0.98692381,0.9866896,0.00015412,0.0,0.00011719
2025-08-02 21:00:00+00:00,6299.71,18.00075969,0.98623684,0.98587605,0.00023031,0.0,0.00020151
2025-08-02 22:00:00+00:00,6036.2175,17.6027968,0.98586287,0.98580284,0.0,0.0,1.621e-05
2025-08-02 23:00:00+00:00,5807.0175,18.15778972,0.98612854,0.98555659,0.0,0.00048591,2.478e-05
2025-08-03 00:00:00+00:00,5702.605,18.148247,0.98543603,0.98351911,0.0,0.00183188,1.178e-05
2025-08-03 01:00:00+00:00,5705.31,18.43056378,0.98527688,0.98198318,0.0,0.00314578,3.573e-05
2025-08-03 02:00:00+00:00,5632.27,18.46919389,0.98527609,0.98161248,0.0,0.00353327,1.002e-05
2025-08-03 03:00:00+00:00,5468.2575,17.81542757,0.98523701,0.98493073,0.0,0.00025697,5.14e-06
2025-08-03 04:00:00+00:00,5416.8525,17.5944782,0.9831453,0.98307293,0.0,0.0,1.378e-05
2025-08-03 05:00:00+00:00,5614.61,17.87924913,0.97936322,0.97921757,0.0,0.0,2.44e-06
2025-08-03 06:00:00+00:00,5854.7325,17.86350408,0.97286541,0.97259069,0.0,0.0,4.388e-05
2025-08-03 07:00:00+00:00,6165.5325,19.42067346,0.96243855,0.95956659,2.33e-05,0.00128265,3.055e-05
2025-08-03 08:00:00+00:00,6415.8275,19.0845798,0.96253438,0.96132463,0.0,0.00077707,3.327e-05
2025-08-03 09:00:00+00:00,6629.305,20.46625227,0.95299159,0.94923113,3.86e-05,0.00193504,4.308e-05
2025-08-03 10:00:00+00:00,6608.5225,19.65549538,0.95079698,0.94855867,1.234e-05,0.00097906,1.853e-05
2025-08-03 11:00:00+00:00,6676.845,20.06611476,0.95363878,0.95060526,1.794e-05,0.00145448,2.833e-05
2025-08-03 12:00:00+00:00,6542.67,18.79013521,0.96266357,0.96209198,1.86e-06,6.824e-05,1.807e-05
2025-08-03 13:00:00+00:00,6468.9475,18.26212877,0.96741015,0.96699614,0.0,0.0,1.92e-06
2025-08-03 14:00:00+00:00,6589.465,18.41614755,0.96956432,0.96696725,2.214e-05,0.00124229,3.109e-05
2025-08-03 15:00:00+00:00,6832.0825,17.21256437,0.98048545,0.98021491,0.0,0.0,5.723e-05
2025-08-03 16:00:00+00:00,6899.4075,17.15625499,0.98337073,0.98313768,0.0,0.0,0.00010475
2025-08-03 17:00:00+00:00,7096.155,17.08207811,0.98593687,0.98562219,7.566e-05,0.0,0.0001842
2025-08-03 18:00:00+00:00,7083.46,17.12795161,0.98694834,0.98662022,0.00012206,0.0,0.00019839
2025-08-03 19:00:00+00:00,7025.6675,16.78320179,0.9874033,0.98719847,0.0,0.0,0.0001957
2025-08-03 20:00:00+00:00,6701.7925,16.57972755,0.98748942,0.98729543,0.0,0.0,0.00018187
2025-08-03 21:00:00+00:00,6422.0925,16.48348563,0.98721876,0.98703214,0.0,0.0,0.00016572
2025-08-03 22:00:00+00:00,6057.595,16.93496466,0.98653642,0.98631118,0.0,0.0,0.00024142
2025-08-03 23:00:00+00:00,5892.775,17.05696906,0.98642339,0.98618348,0.0,0.0,0.00023963
2025-08-04 00:00:00+00:00,5834.8375,17.08134396,0.98629268,0.98606604,0.0,0.0,0.00025085
2025-08-04 01:00:00+00:00,5927.73,17.34687415,0.98624734,0.98594498,2.67e-06,0.0,0.00032874
2025-08-04 02:00:00+00:00,5918.2875,17.49245863,0.98627122,0.98593753,1.753e-05,0.0,0.00037329
2025-08-04 03:00:00+00:00,6039.775,17.81863702,0.98608152,0.98567147,9.166e-05,0.0,0.00035021
2025-08-04 04:00:00+00:00,6474.5125,17.79945957,0.98558288,0.98528626,4.773e-05,0.0,0.00024395
2025-08-04 05:00:00+00:00,7066.3,18.37719247,0.98431604,0.98385238,0.0001146,0.0,0.00027593
2025-08-04 06:00:00+00:00,7495.1475,18.7539144,0.9818271,0.98131487,0.0001048,0.0,0.00027318
2025-08-04 07:00:00+00:00,7843.745,19.1970701,0.97852016,0.97794941,9.345e-05,0.0,0.00030112
2025-08-04 08:00:00+00:00,8077.1975,19.54348332,0.97484788,0.97426905,5.971e-05,0.0,0.00041199
2025-08-04 09:00:00+00:00,8137.75,19.97518717,0.97193723,0.97072947,2.723e-05,0.00032415,0.00038209
2025-08-04 10:00:00+00:00,8199.7975,20.04897726,0.97262565,0.97135915,2e-07,0.00035711,0.00033401
2025-08-04 11:00:00+00:00,8097.4725,20.3038883,0.96816341,0.96563057,3.2e-07,0.00100869,0.00020706
2025-08-04 12:00:00+00:00,7926.7675,20.29888905,0.96612668,0.96337737,1.19e-06,0.00101068,0.00016947
2025-08-04 13:00:00+00:00,7903.2925,19.69198615,0.97009085,0.96791065,1.8e-07,0.00089362,0.00022204
2025-08-04 14:00:00+00:00,7867.815,18.80938304,0.97521914,0.97376202,5.3e-07,0.00057434,0.00019441
2025-08-04 15:00:00+00:00,7869.8075,18.08882362,0.98133444,0.98024394,6.096e-05,0.00035245,0.00036547
2025-08-04 16:00:00+00:00,7775.2375,17.19741941,0.98504756,0.98460846,7.572e-05,0.0,0.00040559
2025-08-04 17:00:00+00:00,7639.035,16.6863008,0.98737883,0.98697808,6.592e-05,1.72e-05,0.00036727
2025-08-04 18:00:00+00:00,7413.2575,16.35765565,0.98948982,0.98883695,0.00012308,0.000177,0.00033692
2025-08-04 19:00:00+00:00,7130.085,15.74018319,0.98724892,0.98672604,4.775e-05,9.97e-05,0.00020961
2025-08-04 20:00:00+00:00,6760.64,15.39063533,0.98765438,0.98742974,2.59e-06,6.62e-06,0.00022694
2025-08-04 21:00:00+00:00,6465.175,15.4893743,0.98793291,0.98769307,0.0,0.0,0.00023283
2025-08-04 22:00:00+00:00,6151.2225,15.0342245,0.9879292,0.98693656,0.0,0.00093125,8.71e-06
2025-08-04 23:00:00+00:00,5913.1575,14.8037801,0.98775929,0.9869045,0.0,0.00078465,1.007e-05
2025-08-05 00:00:00+00:00,5739.3675,14.79371735,0.98747268,0.9864936,0.0,0.00091411,1.094e-05
2025-08-05 01:00:00+00:00,5652.8225,14.74930562,0.98768474,0.98710484,0.0,0.00051469,2.223e-05
2025-08-05 02:00:00+00:00,5737.5325,14.95782386,0.98763411,0.98620477,0.0,0.00137259,1.82e-06
2025-08-05 03:00:00+00:00,5866.075,14.72941932,0.98767117,0.98722398,0.0,0.00039108,2.565e-05
2025-08-05 04:00:00+00:00,6458.9525,14.72198656,0.98738738,0.98725586,0.0,0.0,0.00010765
2025-08-05 05:00:00+00:00,6981.89,15.18613395,0.98570815,0.98539288,0.0,0.0,0.00023526
2025-08-05 06:00:00+00:00,7267.4175,15.6766983,0.98253815,0.98214651,1.913e-05,0.0,0.00019193
2025-08-05 07:00:00+00:00,7378.3825,15.96152064,0.97564544,0.97533676,0.0,0.0,4.017e-05
2025-08-05 08:00:00+00:00,7438.4975,17.20702134,0.96936013,0.96757936,6e-08,0.00088404,1.42e-05
2025-08-05 09:00:00+00:00,7647.01,18.04265175,0.96118554,0.95860563,7.3e-06,0.00132477,1.908e-05
2025-08-05 10:00:00+00:00,7642.09,18.10694861,0.957999,0.95555124,6.71e-06,0.00120911,1.761e-05
2025-08-05 11:00:00+00:00,7904.7225,17.21498125,0.95952036,0.95911462,0.0,0.0,0.0
2025-08-05 12:00:00+00:00,7955.22,17.02440676,0.96172669,0.96132266,0.0,0.0,0.0
2025-08-05 13:00:00+00:00,7833.6,17.45841909,0.9646859,0.96216911,1.9e-07,0.00124706,1.875e-05
2025-08-05 14:00:00+00:00,7511.3475,16.77665398,0.97029452,0.96841987,1.36e-06,0.00100723,1.518e-05
2025-08-05 15:00:00+00:00,7603.42,15.7143195,0.97863132,0.97783865,3.5e-07,0.00033981,2.117e-05
2025-08-05 16:00:00+00:00,7617.29,15.28702351,0.98464228,0.98448797,0.0,0.0,3.064e-05
2025-08-05 17:00:00+00:00,7684.3575,15.13453766,0.98850522,0.98835659,0.0,0.0,7.262e-05
2025-08-05 18:00:00+00:00,7460.945,14.98571982,0.99040347,0.99030873,0.0,0.0,4.667e-05
2025-08-05 19:00:00+00:00,7375.005,14.94723373,0.99040484,0.99032883,0.0,0.0,3.141e-05
2025-08-05 20:00:00+00:00,7092.1375,14.96307038,0.98916872,0.98907578,0.0,0.0,5.202e-05
2025-08-05 21:00:00+00:00,6609.9075,14.88026754,0.98896477,0.98861871,0.0,0.00026692,2.578e-05
2025-08-05 22:00:00+00:00,6193.775,14.32128394,0.98797151,0.98793347,0.0,0.0,0.0
2025-08-05 23:00:00+00:00,6000.965,14.0986024,0.98738197,0.98733015,0.0,0.0,1.21e-06
2025-08-06 00:00:00+00:00,5984.2625,14.24731687,0.98717669,0.98682698,0.0,0.00030334,0.0
2025-08-06 01:00:00+00:00,5948.19,14.85318849,0.98726848,0.98571623,0.0,0.0014864,1e-08
2025-08-06 02:00:00+00:00,5871.5925,15.31734605,0.98725754,0.98418469,0.0,0.0029907,4e-08
2025-08-06 03:00:00+00:00,5950.6625,14.6961993,0.98695566,0.98688903,0.0,0.0,4.442e-05
2025-08-06 04:00:00+00:00,6528.735,14.90930484,0.98539368,0.98425516,0.0,0.00106807,3.17e-06
2025-08-06 05:00:00+00:00,7134.2825,16.30703456,0.9829013,0.97829617,0.0,0.0044053,1.749e-05
2025-08-06 06:00:00+00:00,7501.5675,16.51393094,0.97928426,0.97744818,0.0,0.00164143,9.9e-07
2025-08-06 07:00:00+00:00,7651.83,17.12355197,0.97479098,0.97264401,0.0,0.00187382,1.14e-06
2025-08-06 08:00:00+00:00,7740.18,17.0962176,0.96802971,0.96771049,0.0,0.0,4e-08
2025-08-06 09:00:00+00:00,7825.5575,17.62037894,0.96198203,0.96158944,2.55e-06,2.3e-06,7e-08
2025-08-06 10:00:00+00:00,8029.9275,18.10158162,0.95845912,0.95690778,0.00017862,0.00026673,5.17e-06
2025-08-06 11:00:00+00:00,8084.75,19.11953043,0.9576643,0.95290528,1.96e-06,0.00303037,1.341e-05
2025-08-06 12:00:00+00:00,7902.6825,18.14909286,0.96138039,0.9558618,0.0,0.0050609,5.23e-06
2025-08-06 13:00:00+00:00,7493.9575,17.46976273,0.96561748,0.963135,0.0,0.00209586,1.87e-06
2025-08-06 14:00:00+00:00,7525.775,16.99377849,0.97308127,0.97105431,0.0,0.00175869,1.33e-06
2025-08-06 15:00:00+00:00,7535.5575,16.35168386,0.9788433,0.97714193,0.0,0.00150896,8.1e-07
2025-08-06 16:00:00+00:00,7589.905,16.28900797,0.9834337,0.98039567,0.0,0.00286421,1.79e-06
2025-08-06 17:00:00+00:00,7628.065,15.65935439,0.98698689,0.98687676,0.0,0.0,2.04e-05
2025-08-06 18:00:00+00:00,7470.9825,16.02829419,0.98895963,0.98616756,0.0,0.00268198,2.51e-06
2025-08-06 19:00:00+00:00,7360.745,15.91287209,0.98928186,0.9867158,0.0,0.00247616,2.09e-06
2025-08-06 20:00:00+00:00,7008.615,15.7006841,0.98893087,0.98645782,0.0,0.00237524,1.1e-07
2025-08-06 21:00:00+00:00,6590.4725,15.29876285,0.98859178,0.98722418,0.0,0.00128712,1.6e-07
2025-08-06 22:00:00+00:00,6503.4075,15.48346105,0.98796192,0.98361821,0.0,0.00422472,6.4e-07
2025-08-06 23:00:00+00:00,6207.74,14.82621411,0.98790312,0.98679451,0.0,0.00103768,1.5e-07
2025-08-07 00:00:00+00:00,6243.795,14.49986331,0.98908896,0.98905825,0.0,0.0,7e-08
2025-08-07 01:00:00+00:00,6147.785,14.56393416,0.98909845,0.98906787,0.0,0.0,5e-08
2025-08-07 02:00:00+00:00,6152.8575,14.77571639,0.98935098,0.98932123,0.0,0.0,9e-08
2025-08-07 03:00:00+00:00,6255.0225,14.97652644,0.98888756,0.98884919,0.0,0.0,8e-08
2025-08-07 04:00:00+00:00,6960.4275,15.53211101,0.98803011,0.98722476,0.0,0.00073839,1.8e-07
2025-08-07 05:00:00+00:00,7720.955,16.28622167,0.98459473,0.98375589,0.0,0.00070791,1e-07
2025-08-07 06:00:00+00:00,8049.145,17.01238838,0.98041341,0.97956079,0.0,0.00066044,5.8e-07
2025-08-07 07:00:00+00:00,7975.3975,17.52994643,0.97535215,0.97511597,0.0,0.0,8e-08
2025-08-07 08:00:00+00:00,8189.685,18.50844644,0.97119012,0.96856333,0.0,0.00228373,1.85e-06
2025-08-07 09:00:00+00:00,8100.365,19.02814989,0.96534084,0.96068559,0.0,0.00420725,2.57e-06
2025-08-07 10:00:00+00:00,8171.785,18.62399644,0.96386532,0.9607708,0.0,0.00266391,2.07e-06
2025-08-07 11:00:00+00:00,8230.005,18.19245008,0.96450018,0.96359288,0.0,0.00052802,4.5e-07
2025-08-07 12:00:00+00:00,8119.08,18.65601067,0.96885768,0.96381621,0.0,0.0046251,3.31e-06
2025-08-07 13:00:00+00:00,8146.9775,18.18659821,0.97360855,0.96996458,0.0,0.00326495,2.32e-06
2025-08-07 14:00:00+00:00,8206.2725,17.49927699,0.97976147,0.97957177,0.0,0.0,8e-08
2025-08-07 15:00:00+00:00,8325.435,17.70618091,0.98328832,0.9831019,0.0,0.0,4.643e-05
2025-08-07 16:00:00+00:00,8324.165,17.97352375,0.98591054,0.98577591,0.0,0.0,7.871e-05
2025-08-07 17:00:00+00:00,7989.4825,17.94238875,0.98745221,0.98727973,0.0,0.0,0.00019456
2025-08-07 18:00:00+00:00,7963.8225,17.6872168,0.98825933,0.9881446,0.0,0.0,9.054e-05
2025-08-07 19:00:00+00:00,7821.18,17.27573098,0.98816101,0.98802428,0.0,0.0,0.00018389
2025-08-07 20:00:00+00:00,7491.8975,16.77336753,0.98782851,0.9876804,0.0,0.0,0.00015351
2025-08-07 21:00:00+00:00,7016.0525,16.54357444,0.9875073,0.98735922,0.0,0.0,0.00012015
2025-08-07 22:00:00+00:00,6694.9625,16.16747049,0.9882754,0.98819639,0.0,0.0,5.299e-05
2025-08-07 23:00:00+00:00,6541.88,15.85496072,0.98800242,0.9879395,0.0,0.0,2.183e-05
2025-08-08 00:00:00+00:00,6431.1525,15.73362649,0.98773059,0.98767951,0.0,0.0,2.862e-05
2025-08-08 01:00:00+00:00,6275.38,15.72946639,0.98849292,0.98843718,0.0,0.0,3.259e-05
2025-08-08 02:00:00+00:00,6323.02,15.85084647,0.98895062,0.98892259,0.0,0.0,1.22e-06
2025-08-08 03:00:00+00:00,6481.1075,16.34160513,0.98815859,0.98812428,0.0,0.0,3e-08
2025-08-08 04:00:00+00:00,7039.0225,16.91912217,0.98613729,0.98602155,0.0,0.0,7.901e-05
2025-08-08 05:00:00+00:00,7561.4975,17.83709002,0.98381138,0.98363522,0.0,0.0,9.94e-05
2025-08-08 06:00:00+00:00,7897.965,18.42931115,0.97993644,0.9797232,0.0,0.0,7.791e-05
2025-08-08 07:00:00+00:00,8028.8775,18.78149439,0.97516534,0.97489427,0.0,1.18e-06,5.339e-05
2025-08-08 08:00:00+00:00,8205.535,19.0279705,0.970774,0.97046559,0.0,3.8e-07,1.194e-05
2025-08-08 09:00:00+00:00,8214.8675,19.08257914,0.96737051,0.967052,0.0,0.0,3e-08
2025-08-08 10:00:00+00:00,8090.81,18.96237168,0.96230351,0.96192648,0.0,4.3e-07,2.116e-05
2025-08-08 11:00:00+00:00,7881.6425,18.99673258,0.96146349,0.96109499,0.0,5.3e-07,2.81e-05
2025-08-08 12:00:00+00:00,7870.04,18.82265747,0.96426447,0.96397317,0.0,0.0,2e-08
2025-08-08 13:00:00+00:00,7870.42,18.43622889,0.96738572,0.96707666,0.0,0.0,2e-08
2025-08-08 14:00:00+00:00,7849.5225,18.17992452,0.97444323,0.97425512,0.0,0.0,4e-08
2025-08-08 15:00:00+00:00,7921.47,17.76978138,0.97834329,0.9781958,0.0,0.0,3e-08
2025-08-08 16:00:00+00:00,7673.7975,17.32087681,0.98077145,0.98066591,0.0,0.0,6.36e-06
2025-08-08 17:00:00+00:00,7616.67,16.92552846,0.98301451,0.9828569,3.34e-06,0.0,0.00011087
2025-08-08 18:00:00+00:00,7332.53,16.34319244,0.98454848,0.98443101,0.0,0.0,6.724e-05
2025-08-08 19:00:00+00:00,7298.6475,16.08544574,0.98519659,0.98510368,0.0,0.0,5.611e-05
2025-08-08 20:00:00+00:00,6974.875,15.67229872,0.98533126,0.98525795,0.0,0.0,2.043e-05
2025-08-08 21:00:00+00:00,6620.6125,15.50402823,0.9853429,0.98528444,0.0,0.0,2e-08
2025-08-08 22:00:00+00:00,6437.3175,15.52992609,0.98551242,0.98545967,0.0,0.0,2e-08
2025-08-08 23:00:00+00:00,6221.38,15.57761808,0.98530512,0.98496679,0.0,0.00026992,1.7e-07
2025-08-09 00:00:00+00:00,6145.75,15.7233677,0.98473708,0.98386524,0.0,0.00081905,4.2e-07
2025-08-09 01:00:00+00:00,6028.55,15.93628694,0.98465745,0.98313295,0.0,0.00145864,7.3e-07
2025-08-09 02:00:00+00:00,6002.4775,15.98245299,0.9848801,0.98405664,0.0,0.00076211,4.7e-07
2025-08-09 03:00:00+00:00,5860.2925,16.19999089,0.98433526,0.98428036,0.0,0.0,2e-08
2025-08-09 04:00:00+00:00,5919.5475,17.13980515,0.98359604,0.98353433,0.0,0.0,5e-08
2025-08-09 05:00:00+00:00,6374.035,18.12817307,0.98057763,0.9804488,0.0,0.0,6e-08
2025-08-09 06:00:00+00:00,6730.5925,19.14490643,0.97643108,0.97623584,0.0,0.0,7e-08
2025-08-09 07:00:00+00:00,6929.5225,19.74560265,0.97001847,0.96974483,0.0,0.0,6e-08
2025-08-09 08:00:00+00:00,6955.76,19.81540285,0.96195126,0.96154633,0.0,0.0,1.486e-05
2025-08-09 09:00:00+00:00,6867.8975,19.52233366,0.95404326,0.95356039,0.0,0.0,1e-08
2025-08-09 10:00:00+00:00,6835.0225,20.0143724,0.9467941,0.94462619,2e-07,0.00096582,2.255e-05
2025-08-09 11:00:00+00:00,6817.565,20.07414647,0.93990264,0.93702332,1.606e-05,0.00121108,2.722e-05
2025-08-09 12:00:00+00:00,6632.4875,19.713547,0.94181433,0.93901417,1.85e-06,0.00110656,2.338e-05
2025-08-09 13:00:00+00:00,6771.0325,19.22593765,0.94726873,0.94479945,1.434e-05,0.00086821,1.696e-05
2025-08-09 14:00:00+00:00,6889.7725,18.60325876,0.95673308,0.95509066,1.7e-07,0.00049265,5.511e-05
2025-08-09 15:00:00+00:00,7066.56,18.26421086,0.97011513,0.96882673,1.3e-07,0.00043558,2.491e-05
2025-08-09 16:00:00+00:00,7215.3325,17.70093721,0.9785451,0.97838011,0.0,0.0,5.213e-05
2025-08-09 17:00:00+00:00,7086.145,17.18723911,0.98235548,0.98220992,0.0,0.0,6.785e-05
2025-08-09 18:00:00+00:00,6987.65,16.65462466,0.98550805,0.98536515,0.0,0.0,9.702e-05
2025-08-09 19:00:00+00:00,6773.76,16.33229511,0.98594824,0.98582385,0.0,0.0,9.067e-05
2025-08-09 20:00:00+00:00,6408.6575,16.1836342,0.98602134,0.98589591,0.0,0.0,8.062e-05
2025-08-09 21:00:00+00:00,6200.015,15.83711991,0.9857346,0.98563668,0.0,0.0,4.062e-05
2025-08-09 22:00:00+00:00,6007.9075,15.74336785,0.98666372,0.98571822,0.0,0.00087329,2.1e-07
2025-08-09 23:00:00+00:00,5736.725,15.76643545,0.98614497,0.9842404,0.0,0.00180081,3.6e-07
2025-08-10 00:00:00+00:00,5613.065,15.54372963,0.98611579,0.98489712,0.0,0.00114632,2.6e-07
2025-08-10 01:00:00+00:00,5694.605,15.35890504,0.98508837,0.98463761,0.0,0.0003935,5e-08
2025-08-10 02:00:00+00:00,5721.9575,15.49418984,0.98547019,0.98506948,0.0,0.00033505,1e-08
2025-08-10 03:00:00+00:00,5605.6625,15.53201884,0.98520619,0.98514835,0.0,0.0,3e-08
2025-08-10 04:00:00+00:00,5758.68,16.00364053,0.98367319,0.98358827,0.0,0.0,3e-08
2025-08-10 05:00:00+00:00,6010.3875,16.72653418,0.98038304,0.98024389,0.0,0.0,5e-08
2025-08-10 06:00:00+00:00,6137.355,17.55593461,0.9753713,0.97514381,0.0,6e-08,1.603e-05
2025-08-10 07:00:00+00:00,6229.8425,17.92496661,0.96579688,0.96542282,0.0,5.1e-07,7.505e-05
2025-08-10 08:00:00+00:00,6469.83,18.6106607,0.95400954,0.95223089,6.05e-06,0.0008099,1.786e-05
2025-08-10 09:00:00+00:00,6837.1,20.25280875,0.94226053,0.93836018,6.4e-07,0.00155504,3.932e-05
2025-08-10 10:00:00+00:00,7039.0225,22.37883858,0.93689435,0.93091548,6.9e-07,0.00186753,6.08e-05
2025-08-10 11:00:00+00:00,7003.815,20.85400082,0.93840401,0.93406773,4.38e-06,0.00185165,4.61e-05
2025-08-10 12:00:00+00:00,6949.68,20.79289008,0.94076764,0.93637772,5.7e-06,0.00179459,4.566e-05
2025-08-10 13:00:00+00:00,6925.22,22.23087691,0.94650953,0.93949728,5.1e-07,0.00235753,7.332e-05
2025-08-10 14:00:00+00:00,6798.8925,17.46984335,0.95863075,0.95767161,1.992e-05,0.00039176,8.3e-06
2025-08-10 15:00:00+00:00,6994.835,16.84676604,0.97089318,0.97067357,0.0,0.0,3.18e-06
2025-08-10 16:00:00+00:00,7264.94,16.49391124,0.97926364,0.97914007,0.0,0.0,0.0
2025-08-10 17:00:00+00:00,7399.9875,16.36533432,0.98312677,0.98302907,0.0,0.0,1.16e-06
2025-08-10 18:00:00+00:00,7356.7125,16.36735329,0.98549606,0.98541813,0.0,0.0,1.093e-05
2025-08-10 19:00:00+00:00,7207.3975,16.24490501,0.98536568,0.98521323,8.91e-06,0.0,0.00013399
2025-08-10 20:00:00+00:00,6868.4825,16.05393081,0.98421206,0.98415257,0.0,0.0,4e-08
2025-08-10 21:00:00+00:00,6465.5725,15.93831645,0.98418579,0.98412543,0.0,0.0,9e-08
2025-08-10 22:00:00+00:00,6183.2575,16.10954532,0.98415246,0.9840577,0.0,0.0,4.807e-05
2025-08-10 23:00:00+00:00,6075.385,16.19557783,0.98383797,0.9837736,0.0,0.0,1.988e-05
2025-08-11 00:00:00+00:00,6176.6125,16.30592348,0.98410699,0.98406256,0.0,0.0,2.2e-07
2025-08-11 01:00:00+00:00,6096.8625,16.44534463,0.98352934,0.98293512,0.0,0.00053826,5.4e-07
2025-08-11 02:00:00+00:00,6101.97,16.4486701,0.98377688,0.98337309,0.0,0.00035138,4.5e-07
2025-08-11 03:00:00+00:00,6212.45,16.46155938,0.98294528,0.98279961,4.8e-07,0.0,0.00019259
2025-08-11 04:00:00+00:00,6904.1225,17.3219001,0.98180957,0.98167756,1.173e-05,0.0,5.35e-05
2025-08-11 05:00:00+00:00,7630.13,18.38049437,0.9800723,0.9794781,0.00035758,0.0,0.00017546
2025-08-11 06:00:00+00:00,8107.1025,18.93471839,0.97589842,0.97534408,0.00030416,1.6e-07,8.251e-05
2025-08-11 07:00:00+00:00,8220.345,19.27282054,0.97024061,0.96989194,0.0,9.4e-07,0.00010863
2025-08-11 08:00:00+00:00,8388.3,19.78796645,0.96777941,0.96729565,6.242e-05,2.97e-06,0.00019535
2025-08-11 09:00:00+00:00,8266.065,19.78372131,0.96159693,0.96070496,5.94e-06,0.00027324,0.00016237
2025-08-11 10:00:00+00:00,8364.435,19.33712488,0.95749331,0.95694987,0.0,0.0,0.00014853
2025-08-11 11:00:00+00:00,8232.885,19.00285657,0.9553791,0.95486058,9.56e-06,0.0,0.0001661
2025-08-11 12:00:00+00:00,8292.21,18.98981738,0.95651935,0.9557173,3.697e-05,0.00015732,0.00021323
2025-08-11 13:00:00+00:00,8406.5475,18.77031579,0.96375463,0.96324456,4.417e-05,0.0,0.00028033
2025-08-11 14:00:00+00:00,8357.44,18.50069294,0.97022281,0.96981191,6.742e-05,0.0,0.00029766
2025-08-11 15:00:00+00:00,8435.52,17.98648907,0.97549681,0.97519165,2.703e-05,0.0,0.00017362
2025-08-11 16:00:00+00:00,8297.86,17.80176714,0.97879849,0.97842589,0.00010976,0.0,0.0004012
2025-08-11 17:00:00+00:00,8075.985,17.57399331,0.98183609,0.9814177,0.0002027,0.0,0.00027164
2025-08-11 18:00:00+00:00,7915.87,17.1708908,0.9830236,0.98269493,0.00010823,0.0,0.00039756
2025-08-11 19:00:00+00:00,7733.72,16.87257961,0.9830628,0.98279642,7.874e-05,0.0,0.00031922
2025-08-11 20:00:00+00:00,7230.2425,16.53697502,0.98317117,0.98290863,7.777e-05,0.0,0.00032351
2025-08-11 21:00:00+00:00,6842.1825,16.47652514,0.98263224,0.98235216,8.881e-05,0.0,0.0003813
2025-08-11 22:00:00+00:00,6715.06,16.26689875,0.98228207,0.98202732,6.209e-05,0.0,0.00022558
2025-08-11 23:00:00+00:00,6567.8175,16.11602391,0.98192535,0.98173235,4.09e-05,0.0,0.00018368
2025-08-12 00:00:00+00:00,6564.515,16.00583533,0.98177747,0.98158362,3.738e-05,0.0,0.00026409
2025-08-12 01:00:00+00:00,6367.32,15.87700551,0.98181959,0.98160767,4.538e-05,0.0,0.00032219
2025-08-12 02:00:00+00:00,6360.2125,15.95195458,0.98126976,0.98106274,3.773e-05,0.0,0.00029212
2025-08-12 03:00:00+00:00,6408.545,16.07946299,0.98088628,0.98069602,3.047e-05,0.0,0.00024966
2025-08-12 04:00:00+00:00,7081.3275,16.64772561,0.98061082,0.98029617,8.434e-05,0.0,0.00037553
2025-08-12 05:00:00+00:00,7819.6375,17.591899,0.97854455,0.97775899,0.00046684,0.0,0.00036456
2025-08-12 06:00:00+00:00,8146.2175,19.59537546,0.97249246,0.96871669,0.00028728,0.00081896,0.00036289
2025-08-12 07:00:00+00:00,8287.4525,18.77692716,0.96840513,0.96771502,0.00010078,5.813e-05,0.00036272
2025-08-12 08:00:00+00:00,8326.8025,19.90671509,0.96173527,0.96004359,0.00013375,0.00050484,0.00035974
2025-08-12 09:00:00+00:00,8299.4975,19.94493316,0.95741088,0.95664046,9.113e-05,8.685e-05,0.00031525
2025-08-12 10:00:00+00:00,8272.3975,20.08877045,0.95386374,0.95323305,9.622e-05,1.61e-06,0.00029834
2025-08-12 11:00:00+00:00,8278.405,20.09590661,0.95182297,0.95126693,7.535e-05,0.0,0.00025894
2025-08-12 12:00:00+00:00,8103.42,20.08735754,0.95321847,0.95262073,7.475e-05,1.276e-05,0.00027152
2025-08-12 13:00:00+00:00,8165.92,20.13410354,0.95890819,0.95804799,4.086e-05,0.00019552,0.0001943
2025-08-12 14:00:00+00:00,8140.91,19.59922146,0.96413259,0.96339625,7.212e-05,0.00012138,0.00029855
2025-08-12 15:00:00+00:00,8367.69,18.99699387,0.97016018,0.96983159,5.093e-05,0.0,0.00017569
2025-08-12 16:00:00+00:00,8351.275,18.6300218,0.97515472,0.9748427,6.68e-05,0.0,0.00026923
2025-08-12 17:00:00+00:00,8320.2325,18.33380699,0.97926163,0.97903668,4.872e-05,0.0,0.00016919
2025-08-12 18:00:00+00:00,8073.3825,18.21525507,0.98172276,0.98154591,4.85e-05,0.0,0.00014908
2025-08-12 19:00:00+00:00,7990.3325,18.11966232,0.98155259,0.98128077,8.846e-05,0.0,0.00030677
2025-08-12 20:00:00+00:00,7632.3,18.04609233,0.98173082,0.98128733,7.291e-05,4.564e-05,0.0002093
2025-08-12 21:00:00+00:00,7126.54,17.81186398,0.98172855,0.98155658,4.59e-05,0.0,0.00021166
2025-08-12 22:00:00+00:00,6787.3575,17.54759548,0.98099521,0.9808113,4.418e-05,0.0,0.00010249
2025-08-12 23:00:00+00:00,6614.5425,17.60074281,0.98022355,0.98008726,3.41e-05,0.0,8.47e-05
2025-08-13 00:00:00+00:00,6567.795,17.63301614,0.97976744,0.97960493,4.25e-05,0.0,0.00018806
2025-08-13 01:00:00+00:00,6469.68,17.74184962,0.9799326,0.97977479,4.645e-05,0.0,0.00017189
2025-08-13 02:00:00+00:00,6487.9425,17.87275477,0.97990131,0.97975591,4.074e-05,0.0,0.0001446
2025-08-13 03:00:00+00:00,6626.0525,17.97962502,0.97942693,0.97930347,3.16e-05,0.0,0.00013043
2025-08-13 04:00:00+00:00,7402.855,18.50590362,0.97892839,0.97876576,3.177e-05,0.0,0.00013154
2025-08-13 05:00:00+00:00,8006.22,19.06708213,0.97678923,0.97647133,3.909e-05,1.601e-05,0.00015063
2025-08-13 06:00:00+00:00,8343.5125,19.8104486,0.97220285,0.97168504,0.00011173,3.113e-05,0.00036937
2025-08-13 07:00:00+00:00,8444.0725,20.59410559,0.96621155,0.96560736,5.436e-05,6.351e-05,0.00018206
2025-08-13 08:00:00+00:00,8556.745,21.01531891,0.96003161,0.9595688,4.212e-05,0.0,0.00013649
2025-08-13 09:00:00+00:00,8518.0375,21.34472104,0.95614999,0.95561391,6.545e-05,0.0,0.00017583
2025-08-13 10:00:00+00:00,8477.0825,21.51144062,0.95355676,0.95295582,7.736e-05,0.0,0.00021448
2025-08-13 11:00:00+00:00,8393.6475,21.41215418,0.95227306,0.95177398,4.337e-05,0.0,0.00013895
2025-08-13 12:00:00+00:00,8357.9275,21.25773624,0.95421169,0.95371486,3.872e-05,0.0,0.00012712
2025-08-13 13:00:00+00:00,8349.63,20.93047814,0.95766144,0.95714921,6.059e-05,0.0,0.00017156
2025-08-13 14:00:00+00:00,8320.81,20.47215712,0.96311106,0.96270855,3.519e-05,0.0,0.00011199
2025-08-13 15:00:00+00:00,8426.67,19.98941765,0.96848449,0.96805538,8.171e-05,0.0,0.00024118
2025-08-13 16:00:00+00:00,8462.0525,19.43814063,0.97419324,0.97381539,9.314e-05,0.0,0.00026269
2025-08-13 17:00:00+00:00,8329.24,18.91999634,0.97797593,0.97758444,0.00015002,0.0,0.00026593
2025-08-13 18:00:00+00:00,8320.3775,18.59820738,0.98115701,0.98087801,7.452e-05,0.0,0.00027107
2025-08-13 19:00:00+00:00,8244.4825,18.37209377,0.98148236,0.98114402,9.736e-05,0.0,0.00033381
2025-08-13 20:00:00+00:00,7848.5175,18.09250979,0.98235085,0.98217508,2.91e-05,0.0,0.00016294
2025-08-13 21:00:00+00:00,7339.535,17.76257739,0.9818919,0.98171047,3.602e-05,0.0,0.00018189
2025-08-13 22:00:00+00:00,7003.5575,17.67999935,0.98072893,0.9805224,5.7e-07,0.0,0.00012222
2025-08-13 23:00:00+00:00,6756.6925,17.50737261,0.98213032,0.98194966,0.0,0.0,0.00014321
2025-08-14 00:00:00+00:00,6691.54,17.50415892,0.98432849,0.98414013,0.0,0.0,0.0002959
2025-08-14 01:00:00+00:00,6636.6375,17.57970508,0.98466726,0.98447911,0.0,0.0,0.00033569
2025-08-14 02:00:00+00:00,6650.6725,17.6371114,0.98469519,0.984551,0.0,0.0,0.00020691
2025-08-14 03:00:00+00:00,6724.02,17.93230505,0.98427033,0.98408715,0.0,0.0,0.00029239
2025-08-14 04:00:00+00:00,7431.3275,18.78318354,0.9838064,0.98322029,0.00042769,0.0,8.088e-05
2025-08-14 05:00:00+00:00,8034.9075,19.55114823,0.98100324,0.9797292,0.0010696,0.0,0.00011622
2025-08-14 06:00:00+00:00,8373.6775,20.4955116,0.97580185,0.97449224,0.00100015,0.0,0.00022834
2025-08-14 07:00:00+00:00,8444.1125,21.29791264,0.96968262,0.96872925,0.00056249,0.0,0.00015287
2025-08-14 08:00:00+00:00,8594.5425,21.79462238,0.96252618,0.9621199,0.0,0.0,6.568e-05
2025-08-14 09:00:00+00:00,8517.41,22.00799108,0.95717783,0.95667549,2.894e-05,0.0,0.00011925
2025-08-14 10:00:00+00:00,8706.3675,22.06490599,0.95603978,0.95548062,3.97e-05,0.0,0.00019496
2025-08-14 11:00:00+00:00,8846.3125,21.86721995,0.95826735,0.95777181,3.477e-05,0.0,0.00015294
2025-08-14 12:00:00+00:00,8917.52,21.53625908,0.96206007,0.96160479,0.0,0.0,8.147e-05
2025-08-14 13:00:00+00:00,8938.2225,21.05454508,0.96698627,0.96655265,0.0,0.0,0.00010056
2025-08-14 14:00:00+00:00,8832.3075,20.42550338,0.97258086,0.97223988,4.12e-06,0.0,8.761e-05
2025-08-14 15:00:00+00:00,8847.025,19.83515555,0.97728431,0.97649065,0.00048098,0.0,0.0001003
2025-08-14 16:00:00+00:00,8560.74,19.45475423,0.98094652,0.98035666,0.0003057,0.0,0.00028248
2025-08-14 17:00:00+00:00,8447.91,18.87079859,0.98289011,0.982068,0.00061983,0.0,0.00012647
2025-08-14 18:00:00+00:00,8305.615,18.4996143,0.98475736,0.98417848,0.00042922,0.0,0.00011465
2025-08-14 19:00:00+00:00,8066.265,17.91730238,0.98483933,0.98462952,7.1e-06,0.0,0.00015951
2025-08-14 20:00:00+00:00,7588.8975,17.44125356,0.98302871,0.9828782,3.4e-07,0.0,0.00014226
2025-08-14 21:00:00+00:00,7172.88,16.76674919,0.98213117,0.9818659,9.594e-05,0.0,0.00017876
2025-08-14 22:00:00+00:00,6775.1075,16.22407765,0.98281723,0.98264911,0.0,0.0,0.00013533
2025-08-14 23:00:00+00:00,6491.5175,16.03257515,0.98249284,0.98235514,0.0,0.0,0.00013232
2025-08-15 00:00:00+00:00,6272.82,15.92791139,0.98264962,0.98253828,0.0,0.0,7.619e-05
2025-08-15 01:00:00+00:00,6054.79,15.86673711,0.98258143,0.98248612,0.0,0.0,6.518e-05
2025-08-15 02:00:00+00:00,6125.165,15.85143155,0.9826753,0.98256963,0.0,0.0,0.00010769
2025-08-15 03:00:00+00:00,6293.0425,15.95969162,0.982816,0.98269633,0.0,0.0,0.00011511
2025-08-15 04:00:00+00:00,6912.09,16.41214315,0.98238646,0.98209335,0.00011088,0.0,0.00014104
2025-08-15 05:00:00+00:00,7963.65,17.413039,0.98097191,0.98021509,0.00048665,0.0,0.00026493
2025-08-15 06:00:00+00:00,8426.7675,17.88579654,0.97677523,0.97632751,0.00012216,0.0,0.00026073
2025-08-15 07:00:00+00:00,8586.0525,18.1857561,0.9710798,0.97065552,0.0,0.0,0.00019118
2025-08-15 08:00:00+00:00,8710.6375,18.58112536,0.96650382,0.96611154,0.0,0.0,2.759e-05
2025-08-15 09:00:00+00:00,8774.725,18.99868765,0.95719221,0.95636613,5.1e-07,0.00022502,8.93e-05
2025-08-15 10:00:00+00:00,8614.3075,21.79552131,0.94889098,0.94448611,1.395e-05,0.001345,6.885e-05
2025-08-15 11:00:00+00:00,8428.595,20.25785296,0.94983005,0.94700735,1.442e-05,0.00091129,2.713e-05
2025-08-15 12:00:00+00:00,8270.8025,19.43891285,0.9540306,0.95148853,1.209e-05,0.00109675,2.267e-05
2025-08-15 13:00:00+00:00,8176.35,17.22797708,0.96381997,0.96342353,0.0,0.0,1.1e-07
2025-08-15 14:00:00+00:00,8234.83,16.48583982,0.96990065,0.96961323,0.0,0.0,9e-08
2025-08-15 15:00:00+00:00,8082.975,15.84010928,0.97571562,0.97534885,0.0,0.0,5.433e-05
2025-08-15 16:00:00+00:00,7815.49,15.55493609,0.978922,0.9784754,0.0,0.0,0.00011227
2025-08-15 17:00:00+00:00,7679.2325,15.37832758,0.98163591,0.98102709,2.2e-07,0.0,0.00018491
2025-08-15 18:00:00+00:00,7742.36,15.70728068,0.98280224,0.98203051,1.71e-06,0.0,0.0002875
2025-08-15 19:00:00+00:00,7525.3725,15.39888767,0.98254357,0.98172412,0.0,0.0,0.00026204
2025-08-15 20:00:00+00:00,7154.4975,15.27157847,0.98224473,0.98170155,0.0,0.0,0.00014821
2025-08-15 21:00:00+00:00,6767.2,15.0431007,0.98257054,0.98216918,0.0,0.0,0.00011442
2025-08-15 22:00:00+00:00,6458.1975,14.7730984,0.9835995,0.98333856,0.0,0.0,0.00010876
2025-08-15 23:00:00+00:00,6264.275,14.51684879,0.98341788,0.98283885,0.0,0.00038057,0.00010138
2025-08-16 00:00:00+00:00,6229.475,14.94583083,0.98314497,0.98213902,0.0,0.00038786,0.00031389
2025-08-16 01:00:00+00:00,6127.945,14.95619328,0.98273978,0.98180196,0.0,0.00019616,0.00037587
2025-08-16 02:00:00+00:00,5959.505,14.82237216,0.98280479,0.98217688,0.0,0.0,0.00030897
2025-08-16 03:00:00+00:00,5923.6225,14.82685507,0.98236782,0.98173373,0.0,0.0,0.00035817
2025-08-16 04:00:00+00:00,5902.7625,14.91089197,0.98083394,0.98021433,4.449e-05,0.0,0.0003274
2025-08-16 05:00:00+00:00,6176.875,15.64900323,0.97740486,0.97628147,0.00013018,0.0,0.00049881
2025-08-16 06:00:00+00:00,6551.95,16.34761238,0.97197515,0.97095228,9.726e-05,0.0,0.00041968
2025-08-16 07:00:00+00:00,6870.48,17.20775019,0.96599913,0.96499282,0.00015732,0.0,0.00034076
2025-08-16 08:00:00+00:00,6944.3475,17.85674593,0.96027582,0.95922054,0.00013867,0.0,0.00029715
2025-08-16 09:00:00+00:00,7113.41,17.98430071,0.95551934,0.95469883,1.37e-05,0.0,0.00015012
2025-08-16 10:00:00+00:00,7076.7325,18.10978314,0.95130336,0.95084867,0.0,0.0,7e-08
2025-08-16 11:00:00+00:00,6971.5525,18.13247912,0.94904351,0.94858149,0.0,0.0,2e-08
2025-08-16 12:00:00+00:00,6958.1775,17.7334053,0.95253714,0.95207606,0.0,0.0,3e-08
2025-08-16 13:00:00+00:00,6914.3775,17.03879449,0.95857366,0.95815747,0.0,0.0,5e-08
2025-08-16 14:00:00+00:00,7037.6825,16.4494481,0.96599529,0.96523475,0.0,0.0,0.00018706
2025-08-16 15:00:00+00:00,7181.62,15.56190657,0.97304945,0.97231356,0.0,0.0,0.00022577
2025-08-16 16:00:00+00:00,7251.45,15.35279263,0.97863719,0.97777846,0.0,0.0,0.00042192
2025-08-16 17:00:00+00:00,7351.3675,14.79285814,0.98210953,0.98164559,0.0,0.0,0.00027211
2025-08-16 18:00:00+00:00,7306.61,14.7673952,0.98406586,0.98359456,0.0,0.0,0.0003027
2025-08-16 19:00:00+00:00,7160.45,14.82625678,0.98391084,0.98331612,0.0,0.0,0.00035052
2025-08-16 20:00:00+00:00,6853.1225,14.52148814,0.98405122,0.98366854,0.0,0.0,0.00024621
2025-08-16 21:00:00+00:00,6545.425,14.39129228,0.98452817,0.98407269,0.0,0.0,0.00013572
2025-08-16 22:00:00+00:00,6408.485,14.28548091,0.98438253,0.98398601,0.0,0.0,0.00012625
2025-08-16 23:00:00+00:00,6297.0075,14.17848771,0.98460607,0.98434637,0.0,0.0,7.136e-05
2025-08-17 00:00:00+00:00,6171.82,14.24136445,0.9847506,0.98446461,0.0,0.0,8.049e-05
2025-08-17 01:00:00+00:00,6044.3025,14.23352273,0.98462005,0.98431816,0.0,0.0,7.468e-05
2025-08-17 02:00:00+00:00,5989.8825,14.2061761,0.98503633,0.98476167,0.0,0.0,8.724e-05
2025-08-17 03:00:00+00:00,5902.7775,14.11611654,0.98465311,0.98458717,0.0,0.0,0.0
2025-08-17 04:00:00+00:00,5937.4375,14.38642035,0.98357711,0.98350202,0.0,0.0,0.0
2025-08-17 05:00:00+00:00,6122.71,14.99745319,0.97851727,0.97814815,0.0,0.0,7.267e-05
2025-08-17 06:00:00+00:00,6448.1325,15.84955212,0.97274966,0.97201913,0.0,0.0,0.00018411
2025-08-17 07:00:00+00:00,6655.945,16.79468974,0.96546811,0.96447635,0.0,0.0,0.00026514
2025-08-17 08:00:00+00:00,6958.7675,17.20050287,0.95751046,0.95669142,0.0,0.0,0.00014232
2025-08-17 09:00:00+00:00,7119.65,17.70901761,0.94911687,0.94831884,0.0,0.0,0.0001188
2025-08-17 10:00:00+00:00,7207.6625,18.12981574,0.94145098,0.94089263,0.0,0.0,1.21e-05
2025-08-17 11:00:00+00:00,7108.015,18.59492019,0.9374662,0.93684713,0.0,0.0,1.834e-05
2025-08-17 12:00:00+00:00,7150.32,20.25768452,0.94037227,0.93752324,7.12e-06,0.00041874,8.281e-05
2025-08-17 13:00:00+00:00,7122.9225,18.39740026,0.94889238,0.94799484,0.0,0.0,0.00014086
2025-08-17 14:00:00+00:00,7325.8975,17.68007886,0.96113794,0.96004388,2e-07,0.00026766,0.00016374
2025-08-17 15:00:00+00:00,7668.645,17.79924196,0.97035854,0.96934225,0.0,0.0,0.00033861
2025-08-17 16:00:00+00:00,7891.51,18.76234333,0.97613223,0.97425375,0.00011179,0.0,0.00066356
2025-08-17 17:00:00+00:00,8002.955,18.78446052,0.980852,0.97903028,0.00017868,0.0,0.00061663
2025-08-17 18:00:00+00:00,8006.8325,18.25100564,0.9832505,0.98164198,0.0,0.0,0.00056931
2025-08-17 19:00:00+00:00,7875.44,17.98889766,0.98307462,0.98124818,0.0,0.0,0.00055608
2025-08-17 20:00:00+00:00,7492.25,17.59559185,0.98297898,0.98134259,0.0,0.0,0.00057985
2025-08-17 21:00:00+00:00,7145.19,17.49521713,0.98255454,0.9808457,0.0,0.0,0.00065539
2025-08-17 22:00:00+00:00,6905.63,17.72769843,0.98318469,0.98144577,0.0,0.0,0.0006564
2025-08-17 23:00:00+00:00,6690.7875,17.86886115,0.98290939,0.98124211,0.0,0.0,0.00065898
2025-08-18 00:00:00+00:00,6582.9875,18.07853626,0.98270432,0.98105428,0.0,0.0,0.00046672
2025-08-18 01:00:00+00:00,6584.3975,18.46494621,0.98267534,0.98125752,2.6e-07,0.0,0.00044953
2025-08-18 02:00:00+00:00,6676.3025,18.56674259,0.98270339,0.98132881,1.1e-07,0.0,0.00040948
2025-08-18 03:00:00+00:00,7046.5675,18.81893967,0.98282557,0.98147228,1e-07,0.0,0.0004168
2025-08-18 04:00:00+00:00,7770.6175,19.32678859,0.98375402,0.98232573,7e-08,0.0,0.00047299
2025-08-18 05:00:00+00:00,8374.4325,19.90753064,0.98035403,0.97894258,4.456e-05,0.0,0.00037192
2025-08-18 06:00:00+00:00,8623.645,20.57166508,0.97576669,0.97436125,7.674e-05,0.0,0.00021608
2025-08-18 07:00:00+00:00,8647.2975,21.88440988,0.96950326,0.96646318,0.00013616,0.00091682,0.00018754
2025-08-18 08:00:00+00:00,8711.03,22.6227162,0.96352587,0.95953555,9.927e-05,0.00166659,0.0002603
2025-08-18 09:00:00+00:00,8667.59,22.41688433,0.96028902,0.95682215,6.206e-05,0.00154566,0.00027383
2025-08-18 10:00:00+00:00,8536.6025,22.15880203,0.95557697,0.95204984,4.603e-05,0.00155768,0.00042461
2025-08-18 11:00:00+00:00,8488.815,21.8187553,0.95390748,0.95036661,2.209e-05,0.00158713,0.00041461
2025-08-18 12:00:00+00:00,8363.0725,21.29662956,0.95508134,0.95158255,1.698e-05,0.00162785,0.00044263
2025-08-18 13:00:00+00:00,8397.6775,20.88815837,0.96023433,0.95654272,2.576e-05,0.00166886,0.00051118
2025-08-18 14:00:00+00:00,8517.095,20.21098135,0.96725698,0.9637441,6.08e-05,0.00151774,0.00048943
2025-08-18 15:00:00+00:00,8656.1075,19.33813566,0.97215686,0.9688338,0.00016121,0.0007916,0.00048376
2025-08-18 16:00:00+00:00,8640.5775,17.54863262,0.9793203,0.97838274,1.705e-05,0.0,0.00049653
2025-08-18 17:00:00+00:00,8564.195,16.9943835,0.98295086,0.98208469,0.00053474,0.0,0.0001557
2025-08-18 18:00:00+00:00,8416.2575,16.77135577,0.98528141,0.98405708,0.00106376,1.8e-07,0.0
2025-08-18 19:00:00+00:00,8109.705,16.41012225,0.9845654,0.98305558,0.00102938,0.0,0.00018318
2025-08-18 20:00:00+00:00,7682.69,16.40973032,0.98373226,0.98227699,0.00058052,0.0,0.0005921
2025-08-18 21:00:00+00:00,7096.6875,16.42471483,0.98446213,0.98263329,0.00081471,0.0,0.0006054
2025-08-18 22:00:00+00:00,6564.4975,16.28124946,0.98518819,0.98316016,0.00080958,0.0,0.00049919
2025-08-18 23:00:00+00:00,6479.34,15.97859025,0.98470704,0.98322558,0.00013859,0.0,0.00054531
2025-08-19 00:00:00+00:00,6481.7775,15.92770912,0.98422163,0.98257314,0.00034792,0.0,0.0009009
2025-08-19 01:00:00+00:00,6404.155,15.98558032,0.9826036,0.98072881,0.00019785,0.00022332,0.00090717
2025-08-19 02:00:00+00:00,6456.4325,16.24854863,0.98290771,0.97987242,0.00066148,0.00094051,0.00094553
2025-08-19 03:00:00+00:00,6483.245,16.07878238,0.98254858,0.9809613,0.00039756,0.0,0.0007926
2025-08-19 04:00:00+00:00,7181.575,16.33816778,0.98273359,0.98063485,0.00115339,0.0,0.00063071
2025-08-19 05:00:00+00:00,7990.3175,16.02422429,0.98333117,0.98183428,0.0012643,0.0,3.215e-05
2025-08-19 06:00:00+00:00,8379.475,16.08978526,0.97979787,0.97868175,0.00062542,0.0,7.909e-05
2025-08-19 07:00:00+00:00,8557.23,16.27993315,0.97713986,0.97652529,0.0,0.0,0.00012509
2025-08-19 08:00:00+00:00,8771.65,16.83962164,0.97356814,0.97271469,8e-08,1.336e-05,0.00032295
2025-08-19 09:00:00+00:00,8768.3,18.35190802,0.96912529,0.96544669,1.85e-06,0.00204318,0.00028332
2025-08-19 10:00:00+00:00,8883.4975,18.6019388,0.96833761,0.9637359,6e-08,0.00309726,0.00023325
2025-08-19 11:00:00+00:00,8722.2475,18.97374349,0.96637201,0.96077779,7e-08,0.00384991,0.00021081
2025-08-19 12:00:00+00:00,8549.0025,19.12715877,0.96678001,0.9607812,1.9e-06,0.0041748,0.00036197
2025-08-19 13:00:00+00:00,8438.0325,18.46199071,0.96975503,0.96536078,1.73e-06,0.00269886,0.00035964
2025-08-19 14:00:00+00:00,8329.86,16.87725718,0.9754123,0.97448712,8e-08,3.205e-05,0.00043157
2025-08-19 15:00:00+00:00,8634.26,16.73468039,0.98018916,0.97954263,1.38e-06,0.0,0.00021769
2025-08-19 16:00:00+00:00,8500.4375,16.46091376,0.98325048,0.9828286,0.0,0.0,0.00010595
2025-08-19 17:00:00+00:00,8424.645,16.47022492,0.98579757,0.98490252,0.00078445,0.0,1.2e-07
2025-08-19 18:00:00+00:00,8364.3775,16.36261511,0.98655302,0.98590128,0.00056452,0.0,1e-07
2025-08-19 19:00:00+00:00,8094.9175,16.22260326,0.98537962,0.98481173,0.00043041,0.0,7.45e-06
2025-08-19 20:00:00+00:00,7563.1275,15.85381456,0.98544146,0.98494857,0.00044249,0.0,2.6e-07
2025-08-19 21:00:00+00:00,6980.9,15.70686909,0.98411296,0.98330616,0.00044956,0.0,0.00012804
2025-08-19 22:00:00+00:00,6750.63,15.77557543,0.98371639,0.98320508,0.0,0.0,0.00016243
2025-08-19 23:00:00+00:00,6571.3325,15.77824392,0.98340696,0.98286536,1e-08,0.0,0.00020402
2025-08-20 00:00:00+00:00,6450.2675,15.81097814,0.98356597,0.98289242,1.2e-07,0.0,0.00035521
2025-08-20 01:00:00+00:00,6685.7175,16.10562361,0.98410986,0.98311333,1.5e-07,0.0,0.00048951
2025-08-20 02:00:00+00:00,6653.5375,15.84085876,0.98411932,0.98352347,5e-08,0.0,0.00033235
2025-08-20 03:00:00+00:00,6895.3375,15.86620165,0.98460671,0.98396977,0.0,0.0,0.00033529
2025-08-20 04:00:00+00:00,7688.75,16.57133154,0.98452053,0.98414534,0.0,0.0,0.00011581
2025-08-20 05:00:00+00:00,8415.25,17.59997996,0.98201677,0.98153927,1.03e-06,0.0,0.00019072
2025-08-20 06:00:00+00:00,8605.8575,18.62798248,0.97715067,0.97645469,1.96e-06,0.0,0.00027558
2025-08-20 07:00:00+00:00,8544.0175,19.29929274,0.971171,0.97058888,4.9e-07,0.0,0.00014945
2025-08-20 08:00:00+00:00,8470.1775,19.98523032,0.96529804,0.96454372,3.18e-06,0.0,0.00028058
2025-08-20 09:00:00+00:00,8415.6725,20.70485037,0.96301214,0.96179961,2.1e-07,0.00017721,0.00034451
2025-08-20 10:00:00+00:00,8540.01,22.20774096,0.9590542,0.9554107,2.14e-06,0.00171887,0.00042269
2025-08-20 11:00:00+00:00,8442.7575,22.27709779,0.95731535,0.95348965,2.93e-06,0.00187529,0.00021515
2025-08-20 12:00:00+00:00,8322.44,22.05190193,0.95853767,0.95507531,7.92e-06,0.0015949,0.00025105
2025-08-20 13:00:00+00:00,8310.4975,20.89525343,0.96628841,0.96472861,4.45e-06,0.00033065,0.00051199
2025-08-20 14:00:00+00:00,8239.61,20.36881239,0.97198309,0.97096093,4.82e-06,0.0,0.0003692
2025-08-20 15:00:00+00:00,8456.2175,20.00799487,0.97775289,0.97676344,7.67e-06,0.0,0.00047316
2025-08-20 16:00:00+00:00,8262.045,19.59803696,0.9817374,0.98084389,8.6e-06,0.0,0.00055608
2025-08-20 17:00:00+00:00,8145.2475,19.34023117,0.98454492,0.98356446,0.0,0.0,0.00047355
2025-08-20 18:00:00+00:00,8424.7625,19.06522892,0.98640396,0.98552695,3.78e-06,0.0,0.00040491
2025-08-20 19:00:00+00:00,8454.5775,18.93095961,0.98729739,0.98636965,6.24e-06,0.0,0.00045339
2025-08-20 20:00:00+00:00,7961.0475,18.54388171,0.98553498,0.98477743,8.89e-06,0.0,0.00035773
2025-08-20 21:00:00+00:00,7417.3125,18.13410349,0.98509808,0.98461049,4.62e-06,0.0,0.00028054
2025-08-20 22:00:00+00:00,7188.9225,18.22017076,0.98571633,0.98465822,2.22e-06,0.0,0.00029385
2025-08-20 23:00:00+00:00,6933.41,18.077419,0.98497829,0.98403478,5.5e-07,0.0,0.00023697
2025-08-21 00:00:00+00:00,6808.9525,18.15992863,0.98509179,0.98399081,0.00011418,0.0,0.0004501
2025-08-21 01:00:00+00:00,6764.895,18.08010616,0.9858211,0.98481787,0.00012903,0.0,0.00037955
2025-08-21 02:00:00+00:00,6775.9375,18.01159245,0.98446857,0.98341507,0.0003601,0.0,0.00027825
2025-08-21 03:00:00+00:00,7034.5075,18.16740703,0.98447092,0.98361807,1.4e-07,0.0,0.0004049
2025-08-21 04:00:00+00:00,7791.57,18.48074013,0.98505044,0.98430006,1.7e-07,0.0,0.00028735
2025-08-21 05:00:00+00:00,8505.8225,19.08708155,0.98217739,0.98121379,1.05e-06,0.0,0.00050154
2025-08-21 06:00:00+00:00,8732.1925,19.85901145,0.97870583,0.97754084,6.91e-06,0.0,0.00050124
2025-08-21 07:00:00+00:00,8727.7875,20.40067941,0.97431302,0.97308427,7.6e-06,0.0,0.00053963
2025-08-21 08:00:00+00:00,8699.9975,21.06375484,0.97068396,0.96883077,4.77e-06,0.0003794,0.00041872
2025-08-21 09:00:00+00:00,8707.69,21.43906406,0.96874966,0.96643694,1.322e-05,0.00070898,0.00041544
2025-08-21 10:00:00+00:00,8697.4925,21.30406744,0.96671412,0.96477017,3.66e-06,0.00060905,0.00034605
2025-08-21 11:00:00+00:00,8713.1775,21.57428244,0.96609865,0.96337643,5.67e-06,0.00095175,0.00034401
2025-08-21 12:00:00+00:00,8586.8,21.03493852,0.96826135,0.96640409,3.71e-06,0.00059504,0.0003362
2025-08-21 13:00:00+00:00,8538.57,20.78442497,0.97028056,0.9686721,1.157e-05,0.00046562,0.00038392
2025-08-21 14:00:00+00:00,8591.5925,21.02063339,0.97172946,0.96918114,5.39e-06,0.00092133,0.00026863
2025-08-21 15:00:00+00:00,8646.6675,20.4305327,0.97439991,0.9721558,5.858e-05,0.00070837,0.00023597
2025-08-21 16:00:00+00:00,8702.7725,19.68668796,0.98003124,0.97877024,4.03e-05,0.0001647,0.00035451
2025-08-21 17:00:00+00:00,8575.9625,19.09880026,0.98295278,0.98247776,0.0,0.0,0.00038912
2025-08-21 18:00:00+00:00,8611.6675,19.07450767,0.98439204,0.98399779,0.0,0.0,0.0002932
2025-08-21 19:00:00+00:00,8470.3675,18.99081478,0.98429769,0.98393255,1.79e-06,0.0,0.00020848
2025-08-21 20:00:00+00:00,7992.5975,18.80034205,0.98236151,0.98203497,2.2e-06,0.0,0.00022831
2025-08-21 21:00:00+00:00,7535.8725,18.76258309,0.98231418,0.98199677,2.75e-06,0.0,0.00024749
2025-08-21 22:00:00+00:00,7245.175,18.64759062,0.98067632,0.98036509,2.78e-06,0.0,0.00015507
2025-08-21 23:00:00+00:00,7199.55,18.97760605,0.98116891,0.97953982,0.00124801,0.0,0.00020094
2025-08-22 00:00:00+00:00,7083.875,19.04165754,0.9805948,0.97908613,0.00114818,0.0,0.00032158
2025-08-22 01:00:00+00:00,7113.805,18.93570337,0.98105322,0.98046874,0.0002487,0.0,0.00027894
2025-08-22 02:00:00+00:00,7257.7375,19.03720356,0.979775,0.97921904,0.00021985,0.0,0.00030058
2025-08-22 03:00:00+00:00,7431.24,19.64417495,0.98075432,0.97854333,0.00178569,0.0,0.00042829
2025-08-22 04:00:00+00:00,8065.105,19.96680426,0.98083351,0.97820156,0.00219759,0.0,0.0004004
2025-08-22 05:00:00+00:00,8679.8525,20.50287776,0.97882427,0.97457373,0.0026877,0.00082354,0.00032093
2025-08-22 06:00:00+00:00,8909.5075,20.67502252,0.97589068,0.9727829,0.00258267,2.94e-05,0.00034635
2025-08-22 07:00:00+00:00,8890.1575,20.84180232,0.97056512,0.96868566,0.000985,0.00030207,0.00030462
2025-08-22 08:00:00+00:00,8881.77,21.01161195,0.9674243,0.96618122,7.83e-06,0.00051024,0.00020123
2025-08-22 09:00:00+00:00,8884.19,20.76693453,0.96521143,0.96457064,1.24e-06,0.0,0.00017501
2025-08-22 10:00:00+00:00,8848.2525,24.1616486,0.95799752,0.95136313,1.781e-05,0.00156987,4.91e-05
2025-08-22 11:00:00+00:00,8796.245,26.03559174,0.95668371,0.94673513,2.776e-05,0.00256782,7.761e-05
2025-08-22 12:00:00+00:00,8920.97,26.11443401,0.95787764,0.94748894,7.26e-06,0.00280391,8.247e-05
2025-08-22 13:00:00+00:00,8863.76,25.83287544,0.96023324,0.94982871,1.889e-05,0.00289068,7.775e-05
2025-08-22 14:00:00+00:00,8614.115,19.60857695,0.97139129,0.97105948,4e-08,2.698e-05,4e-07
2025-08-22 15:00:00+00:00,8674.105,19.79494924,0.97470561,0.97413915,2.75e-06,0.00012274,0.00018781
2025-08-22 16:00:00+00:00,8707.645,19.82862208,0.97963256,0.97855485,0.00060231,7.47e-06,0.00031527
2025-08-22 17:00:00+00:00,8653.6325,19.99300125,0.98204085,0.98053166,0.00061312,0.0,0.00048089
2025-08-22 18:00:00+00:00,8392.165,19.62501686,0.98405548,0.98157772,0.00157076,0.0,0.00045961
2025-08-22 19:00:00+00:00,8266.6075,19.03262391,0.98410552,0.98227864,0.0011609,4.7e-07,0.00035841
2025-08-22 20:00:00+00:00,7932.9625,18.39247132,0.98420961,0.98355661,3.73e-06,0.0,0.00029297
2025-08-22 21:00:00+00:00,7417.5475,17.60988636,0.98433575,0.98408497,9.5e-07,0.0,0.00012411
2025-08-22 22:00:00+00:00,7062.395,17.05593053,0.98561454,0.98503298,6.555e-05,0.0,0.0002494
2025-08-22 23:00:00+00:00,7014.305,16.66453056,0.98576388,0.98511948,5.963e-05,0.0,0.00024754
2025-08-23 00:00:00+00:00,6926.9975,16.41228874,0.98587669,0.98524199,4.046e-05,0.0,0.00024734
2025-08-23 01:00:00+00:00,6898.6025,16.32632138,0.9858973,0.98528984,5.265e-05,0.0,0.00026385
2025-08-23 02:00:00+00:00,6939.1875,16.21591955,0.98681772,0.98631178,3.463e-05,0.0,0.0001874
2025-08-23 03:00:00+00:00,6860.8125,16.20981583,0.98688805,0.98629895,5.345e-05,0.0,0.00024394
2025-08-23 04:00:00+00:00,6856.7675,16.38113911,0.98637033,0.98579687,5.857e-05,0.0,0.00024339
2025-08-23 05:00:00+00:00,7143.715,17.02859975,0.98385923,0.98327945,6.062e-05,0.0,0.00022543
2025-08-23 06:00:00+00:00,7521.7525,17.86026421,0.97950412,0.97882919,7.456e-05,0.0,0.00024766
2025-08-23 07:00:00+00:00,7708.53,18.47882938,0.97478179,0.97396009,5.212e-05,0.0,0.00024657
2025-08-23 08:00:00+00:00,7855.4675,18.71215029,0.96991631,0.96925389,1.37e-06,0.0,9.396e-05
2025-08-23 09:00:00+00:00,7699.9825,18.79463878,0.96298318,0.96222795,5.074e-05,0.0,0.00016356
2025-08-23 10:00:00+00:00,7572.305,18.92245992,0.95754931,0.95678481,5.599e-05,0.0,0.00015786
2025-08-23 11:00:00+00:00,7510.595,19.04244147,0.95541588,0.9545463,3.469e-05,0.0,0.00016856
2025-08-23 12:00:00+00:00,7322.8425,18.76861443,0.95650771,0.95522316,5.75e-05,0.00032109,0.00020784
2025-08-23 13:00:00+00:00,7271.14,17.54402819,0.96609584,0.96542038,4.071e-05,0.0,0.00017896
2025-08-23 14:00:00+00:00,7595.2175,17.26805505,0.97559639,0.97505269,1.639e-05,0.0,0.00014393
2025-08-23 15:00:00+00:00,7860.53,16.76949351,0.97987846,0.97942404,2.293e-05,0.0,0.00013981
2025-08-23 16:00:00+00:00,7854.32,16.16721837,0.98482281,0.98428704,7.401e-05,0.0,0.00027736
2025-08-23 17:00:00+00:00,8091.33,16.16108799,0.98726388,0.98639906,0.00045195,0.0,0.00030964
2025-08-23 18:00:00+00:00,7897.3775,15.96111997,0.98860172,0.98773283,0.00035341,0.0,0.00026961
2025-08-23 19:00:00+00:00,7581.7725,15.58837083,0.98874247,0.98803234,0.0001987,0.0,0.00025192
2025-08-23 20:00:00+00:00,7278.7925,15.21347198,0.98786592,0.98730308,6.257e-05,0.0,0.00028123
2025-08-23 21:00:00+00:00,7020.275,15.46547912,0.98781312,0.98694974,8.32e-05,0.0,0.00035824
2025-08-23 22:00:00+00:00,6842.62,15.43734679,0.98828762,0.98784766,4.07e-06,0.0,0.00011556
2025-08-23 23:00:00+00:00,6737.5775,15.57275472,0.98785846,0.9872274,2.641e-05,0.0,0.00021411
2025-08-24 00:00:00+00:00,6682.1875,15.72233143,0.98735957,0.98669667,3.699e-05,0.0,0.00025912
2025-08-24 01:00:00+00:00,6563.875,15.70861793,0.98681305,0.98611497,4.935e-05,0.0,0.00030569
2025-08-24 02:00:00+00:00,6542.065,15.56080436,0.98725434,0.98672567,2.441e-05,0.0,0.0002254
2025-08-24 03:00:00+00:00,6478.225,15.59068403,0.98791899,0.98748269,1.469e-05,0.0,0.0001598
2025-08-24 04:00:00+00:00,6491.885,15.75558344,0.98785853,0.9872566,2.818e-05,0.0,0.00018529
2025-08-24 05:00:00+00:00,6696.7525,16.23568706,0.98433056,0.98355827,7.253e-05,0.0,0.00036352
2025-08-24 06:00:00+00:00,7005.14,16.86892388,0.98036651,0.97948273,6.02e-05,0.0,0.00034561
2025-08-24 07:00:00+00:00,7204.7925,17.23957294,0.97595235,0.97510021,0.00012657,0.0,0.00024384
2025-08-24 08:00:00+00:00,7327.1675,17.93285176,0.96573716,0.96473412,5.497e-05,0.0,0.00033287
2025-08-24 09:00:00+00:00,7479.0925,18.09199112,0.95845169,0.95773206,0.0,0.0,9.144e-05
2025-08-24 10:00:00+00:00,7551.2025,18.33549131,0.95546971,0.95470765,0.0,0.0,9.041e-05
2025-08-24 11:00:00+00:00,7533.5025,18.30962626,0.95454856,0.95376042,0.0,0.0,0.00010024
2025-08-24 12:00:00+00:00,7490.0425,18.20601615,0.95670612,0.9556923,2.787e-05,0.0,0.00022169
2025-08-24 13:00:00+00:00,7508.48,17.88589011,0.96191296,0.96076642,5.652e-05,0.0,0.00032673
2025-08-24 14:00:00+00:00,7797.55,17.36304418,0.97056637,0.96957349,4.773e-05,0.0,0.00031737
2025-08-24 15:00:00+00:00,8190.225,17.03909361,0.97689388,0.97612452,2.831e-05,0.0,0.00022393
2025-08-24 16:00:00+00:00,8380.475,16.90758784,0.98138886,0.98046751,7.965e-05,0.0,0.00037953
2025-08-24 17:00:00+00:00,8411.465,16.58130205,0.98456851,0.98364959,0.00026786,0.0,0.00030286
2025-08-24 18:00:00+00:00,8442.26,16.47944116,0.98531046,0.98426448,0.00030209,0.0,0.00034113
2025-08-24 19:00:00+00:00,8125.7325,16.29030345,0.98489563,0.98401336,0.00012766,0.0,0.00036655
2025-08-24 20:00:00+00:00,7631.08,16.12048314,0.98473739,0.9840823,5.65e-05,0.0,0.00031566
2025-08-24 21:00:00+00:00,7243.4125,15.94352612,0.98444856,0.98396293,1.235e-05,0.0,0.00016729
2025-08-24 22:00:00+00:00,7219.865,15.64443142,0.98489513,0.98443819,0.0,0.0,0.00011223
2025-08-24 23:00:00+00:00,7117.805,15.68346512,0.9852099,0.98481151,0.0,0.0,9.782e-05
2025-08-25 00:00:00+00:00,7143.4125,15.70641111,0.98487934,0.98453823,0.0,0.0,9.541e-05
2025-08-25 01:00:00+00:00,7027.9075,15.65571838,0.98489809,0.98449401,0.0,0.0,0.00011665
2025-08-25 02:00:00+00:00,7213.1275,15.88344456,0.98556576,0.98508954,0.0,0.0,0.00012741
2025-08-25 03:00:00+00:00,7508.9475,16.192683,0.98708879,0.98651445,2.913e-05,0.0,0.00017316
2025-08-25 04:00:00+00:00,8221.7825,17.16663687,0.98635638,0.9853041,0.00026556,0.0,0.00023365
2025-08-25 05:00:00+00:00,8882.27,17.85373538,0.98485169,0.98339946,0.0008858,0.0,0.00020071
2025-08-25 06:00:00+00:00,9111.2175,18.27747679,0.98005518,0.979078,0.00060261,0.0,0.0001017
2025-08-25 07:00:00+00:00,9100.4925,18.94373817,0.97510996,0.97448682,0.0001838,0.0,0.00012355
2025-08-25 08:00:00+00:00,9065.33,20.09913851,0.97039558,0.96810816,0.00019086,0.00106158,0.00018747
2025-08-25 09:00:00+00:00,8926.4175,20.60816648,0.96605481,0.96345699,9.434e-05,0.00144147,0.00016157
2025-08-25 10:00:00+00:00,8933.895,20.52994149,0.96292889,0.96084643,5e-05,0.00113242,0.00015332
2025-08-25 11:00:00+00:00,8750.3175,19.97542741,0.96169042,0.96103527,3.358e-05,0.0,0.00015491
2025-08-25 12:00:00+00:00,8494.415,20.4228352,0.96381089,0.96179276,3.889e-05,0.00099322,0.00017494
2025-08-25 13:00:00+00:00,8473.915,20.57657408,0.96547422,0.96280101,2.912e-05,0.00135226,0.0001561
2025-08-25 14:00:00+00:00,8457.265,19.98979702,0.97255609,0.97036412,2.924e-05,0.00118515,0.00012662
2025-08-25 15:00:00+00:00,8512.1675,19.4221079,0.97756052,0.97543336,0.00129747,3.57e-06,0.00016214
2025-08-25 16:00:00+00:00,8726.4425,19.74863609,0.98312398,0.97946043,0.00254491,3.75e-06,0.00012791
2025-08-25 17:00:00+00:00,8361.1775,18.88540121,0.98519022,0.98260424,0.00227747,1.8e-07,0.0
2025-08-25 18:00:00+00:00,8357.39,18.76623441,0.98514939,0.98226303,0.00245713,0.0,6.863e-05
2025-08-25 19:00:00+00:00,8319.83,18.13062053,0.98418925,0.98198823,0.00192698,0.0,4.137e-05
2025-08-25 20:00:00+00:00,7922.325,18.11688774,0.98540252,0.98173072,0.00330464,0.0,7.316e-05
2025-08-25 21:00:00+00:00,7651.0725,17.8989118,0.98540369,0.98156149,0.00338044,6e-08,9.793e-05
2025-08-25 22:00:00+00:00,7375.675,17.83298875,0.98411541,0.98213296,0.00096515,2.99e-06,0.00018796
2025-08-25 23:00:00+00:00,7198.205,17.4597653,0.98418589,0.98275396,0.00069726,1.3e-06,0.00015833
2025-08-26 00:00:00+00:00,7173.205,17.15528563,0.98352611,0.98210885,0.00081509,0.0,0.00020966
2025-08-26 01:00:00+00:00,7147.495,17.29060428,0.9835473,0.98169354,0.0012863,0.0,0.00018983
2025-08-26 02:00:00+00:00,7078.745,17.21641937,0.98371135,0.98302829,0.00017477,0.0,0.00017919
2025-08-26 03:00:00+00:00,7226.4575,17.58089461,0.98339275,0.98221033,0.00066296,0.0,0.00018143
2025-08-26 04:00:00+00:00,7954.8,17.89054523,0.98338473,0.9827058,0.00027959,0.0,0.00011988
2025-08-26 05:00:00+00:00,8620.6475,19.03303665,0.98055938,0.97796251,0.00033029,0.00155035,0.00010742
2025-08-26 06:00:00+00:00,8890.9675,19.82082041,0.97597504,0.97485775,0.00012079,0.00048106,8.333e-05
2025-08-26 07:00:00+00:00,8867.3375,20.66940064,0.96970936,0.96892987,0.00013256,0.0,0.00027362
2025-08-26 08:00:00+00:00,8939.935,21.22334246,0.96515577,0.96428635,0.00015328,0.0,0.00029104
2025-08-26 09:00:00+00:00,8713.0325,22.60851864,0.95829477,0.95549434,9.648e-05,0.00109106,0.00017618
2025-08-26 10:00:00+00:00,8677.555,23.04162316,0.95565162,0.95233688,0.0001023,0.00136645,0.00020996
2025-08-26 11:00:00+00:00,8669.3125,23.20627299,0.9549835,0.95146088,0.00019068,0.00139165,0.00023869
2025-08-26 12:00:00+00:00,8734.92,22.39310755,0.95926131,0.9572527,9.577e-05,0.00059636,0.00021468
2025-08-26 13:00:00+00:00,8693.4525,22.16287141,0.96280638,0.96073332,6.603e-05,0.00069915,0.00012317
2025-08-26 14:00:00+00:00,8600.075,21.1028691,0.96848164,0.96777954,9.216e-05,0.0,0.00023462
2025-08-26 15:00:00+00:00,8853.485,22.33814275,0.97558397,0.96744584,0.00283852,0.0031853,0.0004525
2025-08-26 16:00:00+00:00,8815.48,22.60380081,0.98030978,0.96975621,0.00296199,0.00509164,0.0005057
2025-08-26 17:00:00+00:00,8660.4375,20.79233815,0.98375236,0.98006129,0.00227027,0.00042553,0.00046053
2025-08-26 18:00:00+00:00,8762.515,20.47880955,0.98433677,0.98105809,0.00245743,0.0,0.00041443
2025-08-26 19:00:00+00:00,8614.2375,20.21888123,0.98408152,0.98098928,0.00257916,0.0,0.00026768
2025-08-26 20:00:00+00:00,8173.07,20.78097569,0.98399376,0.97925269,0.00294104,0.00024027,0.00027727
2025-08-26 21:00:00+00:00,7661.2275,20.03203118,0.98418381,0.98083479,0.00273884,0.0,0.00034053
2025-08-26 22:00:00+00:00,7362.505,20.14001665,0.98283032,0.97925915,0.00044876,0.00210631,0.00027264
2025-08-26 23:00:00+00:00,7047.03,20.51105452,0.9824451,0.97594735,0.0003551,0.00473408,0.00039972
2025-08-27 00:00:00+00:00,6999.8475,20.60748272,0.98313002,0.97591731,0.00037399,0.00531409,0.00064385
2025-08-27 01:00:00+00:00,7040.3025,20.58608351,0.98240898,0.97521745,0.0003335,0.00528258,0.00059002
2025-08-27 02:00:00+00:00,7158.47,20.52176185,0.98359128,0.97644427,0.00036579,0.00529164,0.00054248
2025-08-27 03:00:00+00:00,7474.23,20.72118661,0.98257983,0.97587053,0.0005109,0.00463119,0.00043055
2025-08-27 04:00:00+00:00,8133.91,21.88812595,0.98249032,0.97187378,0.00087768,0.00683382,0.00045653
2025-08-27 05:00:00+00:00,8671.23,22.35576599,0.98062106,0.96948749,0.00139016,0.00641799,0.00038632
2025-08-27 06:00:00+00:00,8855.1,20.92807672,0.97837735,0.97336946,0.00148528,0.00234555,0.00035873
2025-08-27 07:00:00+00:00,8868.91,21.86670818,0.97355543,0.96679896,0.00134455,0.0038908,0.00046752
2025-08-27 08:00:00+00:00,8852.085,21.38192537,0.97052981,0.96910064,0.00024332,0.0001074,0.00040713
2025-08-27 09:00:00+00:00,8982.4775,21.56658957,0.96933539,0.96805421,0.0002157,0.0,0.00031954
2025-08-27 10:00:00+00:00,8917.6825,21.52121809,0.96838603,0.96720919,0.00020973,0.0,0.00033233
2025-08-27 11:00:00+00:00,8628.5925,21.32772465,0.96717964,0.96615313,0.0001824,1.4e-07,0.00025402
2025-08-27 12:00:00+00:00,8501.9425,21.15117347,0.96746514,0.96645868,0.00014533,0.0,0.00024916
2025-08-27 13:00:00+00:00,8631.6125,20.94960403,0.96729518,0.96633669,0.00010142,3.09e-06,0.00031176
2025-08-27 14:00:00+00:00,8584.325,21.36052192,0.97166878,0.96933334,0.00018992,0.00072865,0.00042103
2025-08-27 15:00:00+00:00,8728.815,20.51548488,0.97534532,0.97332879,0.00114963,4.6e-07,0.00037522
2025-08-27 16:00:00+00:00,8727.13,21.60659953,0.97951416,0.97383068,0.00133502,0.00121886,0.00040369
2025-08-27 17:00:00+00:00,8633.46,22.6086157,0.98083836,0.97227321,0.00119959,0.00172084,0.00045809
2025-08-27 18:00:00+00:00,8643.02,19.93076623,0.98269115,0.98007662,0.00084067,0.00018152,0.00050717
2025-08-27 19:00:00+00:00,8322.7725,19.14888239,0.98421949,0.98271453,0.00081771,4.59e-06,0.00039029
2025-08-27 20:00:00+00:00,7925.93,19.0570311,0.98209285,0.98030361,0.00109228,0.0,0.00040054
2025-08-27 21:00:00+00:00,7528.66,18.98823019,0.98279456,0.98098992,0.00109602,0.0,0.00039168
2025-08-27 22:00:00+00:00,6983.9775,19.15204214,0.98235644,0.98081624,0.00080375,0.0,0.0003208
2025-08-27 23:00:00+00:00,6874.155,19.401311,0.98222731,0.98065798,0.00064862,0.0,0.00035403
2025-08-28 00:00:00+00:00,6803.0425,19.09639124,0.98071911,0.97953925,0.00035768,0.0,0.00047979
2025-08-28 01:00:00+00:00,6749.5875,19.32102707,0.98066087,0.9791059,0.00062132,2.888e-05,0.00046468
2025-08-28 02:00:00+00:00,6807.75,19.89130476,0.9810553,0.97898555,0.00057842,0.00014737,0.0004756
2025-08-28 03:00:00+00:00,7019.73,20.26022296,0.98095375,0.9781361,0.00088103,0.00026194,0.00046184
2025-08-28 04:00:00+00:00,7807.63,20.72253039,0.98183581,0.97840702,0.00107739,0.00032714,0.00046776
2025-08-28 05:00:00+00:00,8570.74,22.97772296,0.9794747,0.96994894,0.00231549,0.001991,0.00046524
2025-08-28 06:00:00+00:00,8856.5675,24.2607202,0.9745842,0.96412899,0.00190849,0.00177454,0.00048856
2025-08-28 07:00:00+00:00,8924.205,23.31979861,0.97124711,0.96352068,0.00208071,0.00188387,0.00048698
2025-08-28 08:00:00+00:00,9026.8775,23.43386591,0.96659954,0.95978738,0.00216268,0.00168525,0.00038398
2025-08-28 09:00:00+00:00,8950.6475,24.68894301,0.9612572,0.95304106,0.0020743,0.00153934,0.00034078
2025-08-28 10:00:00+00:00,8722.565,24.59861419,0.95856302,0.95175527,0.0009558,0.00163723,0.00040534
2025-08-28 11:00:00+00:00,8608.7375,23.83008284,0.95997066,0.95416725,0.00154595,0.00120769,0.00044479
2025-08-28 12:00:00+00:00,8498.4425,24.37812338,0.96006835,0.95283814,0.00144958,0.00148576,0.00038821
2025-08-28 13:00:00+00:00,8517.91,23.83007339,0.96549426,0.95841195,0.00168907,0.00128769,0.00039697
2025-08-28 14:00:00+00:00,8530.4275,23.62468737,0.96859157,0.9619253,0.00045734,0.00133461,0.00052665
2025-08-28 15:00:00+00:00,8580.555,22.77586507,0.97509139,0.96814534,0.00172505,0.00101504,0.00050798
2025-08-28 16:00:00+00:00,8469.8875,20.81081777,0.97882602,0.97468836,0.0017364,0.00036897,0.00027508
2025-08-28 17:00:00+00:00,8450.4475,22.15836619,0.98044652,0.97236297,0.00174845,0.00132311,0.00036516
2025-08-28 18:00:00+00:00,8620.35,21.72935616,0.98106851,0.97327398,0.00170541,0.00127619,0.00034023
2025-08-28 19:00:00+00:00,8206.9225,20.71596838,0.98292482,0.97726602,0.00109517,0.00082862,0.00037005
2025-08-28 20:00:00+00:00,7745.35,18.94139786,0.98384907,0.98198215,0.00062078,1.401e-05,0.00048462
2025-08-28 21:00:00+00:00,7328.11,18.79134277,0.98291752,0.98125695,0.00044089,0.0,0.00047421
2025-08-28 22:00:00+00:00,6821.935,18.75136586,0.98419745,0.98262771,0.00034903,0.0,0.00032556
2025-08-28 23:00:00+00:00,6727.1825,19.02451072,0.98435367,0.98261318,0.0003944,0.0,0.00037155
2025-08-29 00:00:00+00:00,6506.2875,19.14552042,0.98461861,0.98284773,0.00042865,0.0,0.00063767
2025-08-29 01:00:00+00:00,6542.745,19.1915333,0.9841076,0.98235799,0.00049694,0.0,0.00060489
2025-08-29 02:00:00+00:00,6619.895,19.14739078,0.98443415,0.98277081,0.00044896,0.0,0.00062235
2025-08-29 03:00:00+00:00,6881.275,19.32684366,0.98378534,0.98210263,0.00051579,2.039e-05,0.00056004
2025-08-29 04:00:00+00:00,7595.68,19.92409104,0.98366946,0.98063676,0.00107533,0.0001907,0.00056919
2025-08-29 05:00:00+00:00,8436.005,21.48004501,0.98203054,0.97564617,0.00161724,0.00084643,0.00053103
2025-08-29 06:00:00+00:00,8880.69,20.2039827,0.9807957,0.97705106,0.00210313,0.00017143,0.00048365
2025-08-29 07:00:00+00:00,9069.595,20.28353059,0.9793371,0.97704451,0.00112939,1.01e-06,0.00054757
2025-08-29 08:00:00+00:00,9133.11,21.67676535,0.97397987,0.96931369,0.00085422,0.00134018,0.00047367
2025-08-29 09:00:00+00:00,9082.135,21.38361419,0.97361375,0.96916613,0.00081387,0.00153949,0.00046401
2025-08-29 10:00:00+00:00,9065.445,21.45041341,0.97133345,0.96691587,0.00047155,0.00163724,0.00050376
2025-08-29 11:00:00+00:00,8962.5575,21.46357386,0.97155223,0.96698701,0.00047372,0.0016755,0.00055022
2025-08-29 12:00:00+00:00,8762.06,21.29903567,0.97141016,0.9671088,0.00035802,0.00134253,0.00053484
2025-08-29 13:00:00+00:00,8608.07,21.25565548,0.97281365,0.96823034,0.00030083,0.00177543,0.00046391
2025-08-29 14:00:00+00:00,8654.655,21.61685476,0.97633398,0.97106555,0.00037399,0.00159661,0.00053804
2025-08-29 15:00:00+00:00,8671.4825,20.26031659,0.9802366,0.97726398,0.00107916,0.00017283,0.00062217
2025-08-29 16:00:00+00:00,8519.9625,20.03383089,0.98193784,0.97888392,0.00132123,9.969e-05,0.00060865
2025-08-29 17:00:00+00:00,8390.965,22.07311238,0.98148186,0.97330799,0.00152721,0.00105589,0.00066011
2025-08-29 18:00:00+00:00,8213.6625,19.4566713,0.98272361,0.97975409,0.00134618,2.703e-05,0.00066306
2025-08-29 19:00:00+00:00,7872.8625,19.1982811,0.98237316,0.97951539,0.00147563,9.82e-06,0.00060135
2025-08-29 20:00:00+00:00,7389.635,18.95316551,0.9813979,0.97962498,0.00043269,0.0,0.00055197
2025-08-29 21:00:00+00:00,7034.2075,19.05929304,0.98252971,0.98043807,0.0005212,0.0,0.0006526
2025-08-29 22:00:00+00:00,6652.61,19.3127748,0.98298071,0.98091367,0.00044733,0.0,0.00070829
2025-08-29 23:00:00+00:00,6533.7175,19.46126023,0.98142148,0.97924505,0.00048469,0.0,0.00072622
2025-08-30 00:00:00+00:00,6449.9725,19.45385851,0.98292916,0.98080905,0.00044589,0.0,0.00069351
2025-08-30 01:00:00+00:00,6382.6275,19.57979071,0.98275484,0.98042922,0.00046594,0.0,0.0007571
2025-08-30 02:00:00+00:00,6357.02,19.6037529,0.98126196,0.97879659,0.00048413,0.0,0.00067124
2025-08-30 03:00:00+00:00,6380.7275,19.61883391,0.98175945,0.97916515,0.00061772,0.0,0.00083383
2025-08-30 04:00:00+00:00,6415.81,19.72492886,0.98270765,0.97997515,0.00073618,0.0,0.00085274
2025-08-30 05:00:00+00:00,6744.71,20.07909225,0.98168527,0.97889714,0.0008165,0.0,0.0007959
2025-08-30 06:00:00+00:00,7148.1125,20.36138742,0.98002634,0.97754182,0.0006733,0.0,0.00075374
2025-08-30 07:00:00+00:00,7489.5775,20.6312068,0.97574531,0.97355074,0.00040833,0.0,0.00070769
2025-08-30 08:00:00+00:00,7686.815,21.79239068,0.96935494,0.96522692,0.00017217,0.00160296,0.00049353
2025-08-30 09:00:00+00:00,7782.45,21.98482088,0.96125887,0.9570175,0.00010013,0.00159819,0.00042994
2025-08-30 10:00:00+00:00,7869.89,22.10704157,0.95796307,0.95350434,0.00018491,0.00159568,0.0004435
2025-08-30 11:00:00+00:00,7782.45,22.04815394,0.95623373,0.95204497,0.00018407,0.00143819,0.00045505
2025-08-30 12:00:00+00:00,7540.4675,22.06522587,0.95710552,0.95296621,0.0001771,0.00144285,0.0004531
2025-08-30 13:00:00+00:00,7461.01,21.96004409,0.96221548,0.95783356,0.00021752,0.00168014,0.00047753
2025-08-30 14:00:00+00:00,7430.155,21.44092177,0.97047887,0.9665893,0.00015704,0.0012367,0.00034098
2025-08-30 15:00:00+00:00,7628.005,21.39736405,0.97766077,0.97332159,0.00040391,0.0010726,0.00063227
2025-08-30 16:00:00+00:00,7605.65,21.59038648,0.97984653,0.97428503,0.00082361,0.00113736,0.00073434
2025-08-30 17:00:00+00:00,7590.7225,21.84240338,0.98088899,0.97379609,0.00095073,0.00136756,0.00073608
2025-08-30 18:00:00+00:00,7519.04,21.47186094,0.98251526,0.97569148,0.0008356,0.00140414,0.00074504
2025-08-30 19:00:00+00:00,7357.655,20.95954353,0.98320629,0.97705006,0.00077165,0.00112643,0.00071979
2025-08-30 20:00:00+00:00,6988.285,19.59021206,0.98306537,0.97974181,0.0007473,0.00034837,0.00073006
2025-08-30 21:00:00+00:00,6722.4775,19.16017148,0.98306393,0.98082049,0.00049478,3.464e-05,0.00060622
2025-08-30 22:00:00+00:00,6543.1425,19.22194109,0.98270311,0.98059712,0.00040437,4.34e-06,0.00064932
2025-08-30 23:00:00+00:00,6363.915,19.4421657,0.98268128,0.98053246,0.00039072,1.545e-05,0.00067475
2025-08-31 00:00:00+00:00,6220.1375,19.8236696,0.98204505,0.97906687,0.00045184,0.00022072,0.00071076
2025-08-31 01:00:00+00:00,5962.285,20.05788014,0.98136945,0.97759481,0.00043394,0.00050692,0.00072784
2025-08-31 02:00:00+00:00,5915.605,20.19217321,0.98119571,0.97717499,0.00044612,0.00060829,0.00074461
2025-08-31 03:00:00+00:00,6158.75,20.24102371,0.98174404,0.97828773,0.00053097,0.00035924,0.0008833
2025-08-31 04:00:00+00:00,6180.985,20.3550882,0.98164602,0.97808244,0.00051712,0.0004745,0.00082172
2025-08-31 05:00:00+00:00,6410.985,20.31583598,0.98179925,0.97926238,0.00046329,8.994e-05,0.00076697
2025-08-31 06:00:00+00:00,6802.7025,21.19572407,0.97824871,0.97376742,0.00038523,0.00096421,0.00063835
2025-08-31 07:00:00+00:00,7218.46,21.41602112,0.97167696,0.96690424,0.0001876,0.0015778,0.00044618
2025-08-31 08:00:00+00:00,7598.89,22.09769733,0.96664597,0.96180388,0.00011261,0.00175162,0.00047133
2025-08-31 09:00:00+00:00,7750.3875,24.2409523,0.96019474,0.95303934,9.335e-05,0.00237206,0.0004623
2025-08-31 10:00:00+00:00,7750.255,25.40283089,0.95668029,0.9482253,3.271e-05,0.00277903,0.00035251
2025-08-31 11:00:00+00:00,7648.1775,26.03978797,0.95621137,0.94673294,0.00011351,0.00303063,0.00049148
2025-08-31 12:00:00+00:00,7627.4275,25.7564077,0.95603802,0.9468731,0.00014217,0.00272434,0.00052318
2025-08-31 13:00:00+00:00,7675.5425,25.23451476,0.95823653,0.94904386,0.00023099,0.00276959,0.00056063
2025-08-31 14:00:00+00:00,7763.3175,21.65954407,0.96653432,0.96257297,5.59e-05,0.00088999,0.00034248
2025-08-31 15:00:00+00:00,7901.3825,20.80922462,0.97652744,0.97407142,0.0003517,0.00021536,0.00058048
2025-08-31 16:00:00+00:00,8067.0475,21.46986692,0.98062828,0.97526404,0.00087333,0.00100795,0.0006987
2025-08-31 17:00:00+00:00,8092.0725,21.61539626,0.98280005,0.97540914,0.00143906,0.00105955,0.00062506
2025-08-31 18:00:00+00:00,8049.12,20.20009363,0.98423721,0.9789446,0.00139556,0.00061483,0.00058216
2025-08-31 19:00:00+00:00,7803.635,18.79253342,0.98507933,0.98192343,0.00139518,0.00014987,0.0005026
2025-08-31 20:00:00+00:00,7462.88,18.46406942,0.98476841,0.98195238,0.00119862,7.884e-05,0.00053541
2025-08-31 21:00:00+00:00,6929.0325,17.83591959,0.98358524,0.98191299,0.00035063,1.798e-05,0.00052901
2025-08-31 22:00:00+00:00,6764.36,17.61520484,0.98433186,0.98291307,0.0001671,0.0,0.00046942
2025-08-31 23:00:00+00:00,6615.5425,17.71009683,0.98446099,0.98301625,0.00018042,1.035e-05,0.0004629
2025-09-01 00:00:00+00:00,6647.275,17.95484974,0.98426317,0.98257239,0.0002257,1.628e-05,0.00036263
2025-09-01 01:00:00+00:00,6529.67,18.77850341,0.98396999,0.98008811,0.00040339,0.0006637,0.00038607
2025-09-01 02:00:00+00:00,6490.21,19.39195526,0.98377474,0.97893227,0.00032608,0.00086912,0.00036631
2025-09-01 03:00:00+00:00,6834.1075,19.18159247,0.98425537,0.98034055,0.00053979,0.00053864,0.00037847
2025-09-01 04:00:00+00:00,7560.49,20.13039443,0.98445094,0.97892411,0.00089898,0.00076396,0.00036031
2025-09-01 05:00:00+00:00,8401.805,20.42565392,0.9839666,0.97853365,0.00123838,0.00070732,0.00031722
2025-09-01 06:00:00+00:00,8650.2675,20.06797625,0.98115564,0.97772918,0.00107463,0.0003294,0.00028389
2025-09-01 07:00:00+00:00,8817.2025,20.31771744,0.97776658,0.97616806,0.00029225,2.275e-05,0.0002708
2025-09-01 08:00:00+00:00,8841.4125,20.87645205,0.97310138,0.97133932,0.0001178,0.00012405,0.00026982
2025-09-01 09:00:00+00:00,8919.1775,20.90163336,0.96880919,0.96754528,4.851e-05,3.073e-05,0.00024606
2025-09-01 10:00:00+00:00,8840.92,21.40717767,0.96523693,0.96231163,0.00018329,0.00060793,0.0001196
2025-09-01 11:00:00+00:00,8820.8625,21.06485344,0.96496155,0.96227678,0.0001739,0.00066408,0.00010143
2025-09-01 12:00:00+00:00,8811.58,20.74263978,0.96601128,0.9633403,0.00017116,0.00082954,6.046e-05
2025-09-01 13:00:00+00:00,8739.3,19.77738843,0.97028731,0.96920232,2.772e-05,1.93e-05,0.00026165
2025-09-01 14:00:00+00:00,8694.375,19.40853388,0.9752953,0.97386851,0.0001066,1.01e-06,0.00046818
2025-09-01 15:00:00+00:00,8853.3,19.03310872,0.98016215,0.97828564,0.00058034,1.357e-05,0.00052815
2025-09-01 16:00:00+00:00,8683.66,18.83807603,0.98192826,0.97916116,0.00053073,0.00037816,0.00051865
2025-09-01 17:00:00+00:00,8545.885,20.27869425,0.98278437,0.97462837,0.0007263,0.00232345,0.00051269
2025-09-01 18:00:00+00:00,8390.3425,19.06387263,0.98334508,0.97660766,0.00083986,0.00179473,0.00047454
2025-09-01 19:00:00+00:00,8008.9425,16.82376735,0.98524192,0.98340544,0.00071195,0.0,0.00052543
2025-09-01 20:00:00+00:00,7592.5475,16.60980341,0.98468225,0.98323467,0.00036109,0.0,0.00051571
2025-09-01 21:00:00+00:00,7210.95,16.55206325,0.98423334,0.98296081,0.00013241,0.0,0.00050136
2025-09-01 22:00:00+00:00,7039.5725,16.3586908,0.98492871,0.98377201,6.729e-05,0.0,0.00027778
2025-09-01 23:00:00+00:00,6722.7025,16.65817469,0.98423183,0.98287418,5.557e-05,0.0,0.00035042
2025-09-02 00:00:00+00:00,6638.1075,16.85704207,0.98394321,0.98252092,0.00011065,0.0,0.00055342
2025-09-02 01:00:00+00:00,6676.4725,17.07750032,0.98373103,0.98199725,0.00015531,0.0,0.000678
2025-09-02 02:00:00+00:00,6581.6925,17.08049061,0.98327631,0.98173395,0.00013783,0.0,0.00061357
2025-09-02 03:00:00+00:00,6886.585,17.35772917,0.98400305,0.98253094,0.00027469,0.0,0.00054579
2025-09-02 04:00:00+00:00,7556.855,17.5474833,0.98444893,0.98325984,0.00019974,0.0,0.00039695
2025-09-02 05:00:00+00:00,8352.7425,18.02729209,0.98431947,0.98310828,0.00013805,0.0,0.00040726
2025-09-02 06:00:00+00:00,8778.7775,18.32184585,0.98260564,0.98156215,0.00020125,0.0,0.00031188
2025-09-02 07:00:00+00:00,8861.7825,18.48999556,0.979169,0.9782217,1.702e-05,0.0,0.00029211
2025-09-02 08:00:00+00:00,8871.8475,18.74541746,0.97668725,0.97593212,7.26e-06,0.0,0.00016083
2025-09-02 09:00:00+00:00,9002.9325,18.80267104,0.97501401,0.97424548,5.43e-06,0.0,0.00013793
2025-09-02 10:00:00+00:00,8942.8475,18.93046542,0.97514745,0.97435444,7.44e-06,0.0,0.00017097
2025-09-02 11:00:00+00:00,8879.8875,18.9501595,0.97424279,0.9735711,0.0,0.0,0.00010872
2025-09-02 12:00:00+00:00,8877.74,18.95364738,0.97536818,0.97458833,0.0,0.0,0.00013704
2025-09-02 13:00:00+00:00,8938.12,18.90103289,0.97606434,0.97529108,3.62e-06,0.0,0.00018762
2025-09-02 14:00:00+00:00,8870.4975,18.84760288,0.98086685,0.97992376,4.867e-05,0.0,0.0002726
2025-09-02 15:00:00+00:00,8997.9475,18.82995817,0.98470123,0.98347853,0.00025458,2.86e-06,0.00037137
2025-09-02 16:00:00+00:00,8798.06,19.04793071,0.98497142,0.9822486,0.00054172,0.00048151,0.00039609
2025-09-02 17:00:00+00:00,8543.3125,19.22856773,0.98556369,0.98176237,0.00066046,0.00079196,0.00040034
2025-09-02 18:00:00+00:00,8565.51,18.48471459,0.98586395,0.98363115,0.00051141,0.00032538,0.00035493
2025-09-02 19:00:00+00:00,8335.165,17.98111524,0.98583578,0.9842824,0.00057584,0.0,0.00039742
2025-09-02 20:00:00+00:00,7888.2925,17.73079379,0.98543509,0.98390581,0.00046037,0.0,0.00046153
2025-09-02 21:00:00+00:00,7284.38,17.35580632,0.98523748,0.98421599,3.193e-05,0.0,0.0003658
2025-09-02 22:00:00+00:00,6869.56,17.16689295,0.98599622,0.98481308,8.378e-05,0.0,0.00028525
2025-09-02 23:00:00+00:00,6777.965,16.89637828,0.98562276,0.98477575,5.64e-05,0.0,0.00022368
2025-09-03 00:00:00+00:00,6741.915,16.88999027,0.98602517,0.98506492,7.71e-05,0.0,0.0003683
2025-09-03 01:00:00+00:00,6678.33,16.93809595,0.98579944,0.98475662,7.147e-05,0.0,0.00039365
2025-09-03 02:00:00+00:00,6643.4975,16.86416188,0.98564012,0.98455071,9.651e-05,0.0,0.00044357
2025-09-03 03:00:00+00:00,6874.06,16.79616683,0.98539051,0.98438282,8.082e-05,0.0,0.00039354
2025-09-03 04:00:00+00:00,7667.55,17.3428135,0.98636955,0.98517208,0.0002817,0.0,0.00042988
2025-09-03 05:00:00+00:00,8439.6525,17.74203435,0.9854669,0.98422864,0.00023017,0.0,0.0004053
2025-09-03 06:00:00+00:00,8820.0325,18.39250499,0.98367543,0.98237974,0.00025552,0.0,0.00042854
2025-09-03 07:00:00+00:00,8736.49,18.58514502,0.97929742,0.97833851,6.105e-05,0.0,0.00034166
2025-09-03 08:00:00+00:00,8691.89,19.2888425,0.97336183,0.9719985,3.36e-06,0.00060415,4.403e-05
2025-09-03 09:00:00+00:00,8760.115,19.7856012,0.96601672,0.96387611,2.39e-06,0.00127304,1.488e-05
2025-09-03 10:00:00+00:00,8743.1225,20.08307235,0.96243449,0.96059883,6.87e-06,0.00107681,1.016e-05
2025-09-03 11:00:00+00:00,8621.4025,20.34842456,0.95943412,0.95710027,1.321e-05,0.00133155,1.358e-05
2025-09-03 12:00:00+00:00,8534.1275,20.55468535,0.96344203,0.96011144,1.966e-05,0.00235408,1.642e-05
2025-09-03 13:00:00+00:00,8458.5675,20.4845757,0.96930587,0.96614956,2.716e-05,0.00191925,3.338e-05
2025-09-03 14:00:00+00:00,8395.905,19.31119601,0.97400391,0.9725839,5.55e-06,0.00081094,8.24e-06
2025-09-03 15:00:00+00:00,8609.7375,19.18072715,0.97780587,0.97514758,5.874e-05,0.00119193,0.00027615
2025-09-03 16:00:00+00:00,8752.87,18.45541152,0.98357416,0.98104618,0.00039176,0.00111448,0.00033915
2025-09-03 17:00:00+00:00,8585.795,17.72607404,0.98593984,0.98449265,0.00014316,0.00028228,0.00034698
2025-09-03 18:00:00+00:00,8311.6125,16.94407606,0.98551334,0.98436758,0.00012112,2.855e-05,0.0003677
2025-09-03 19:00:00+00:00,7847.9625,16.20990578,0.98608328,0.98495922,1.372e-05,0.00018082,0.00030156
2025-09-03 20:00:00+00:00,7448.0875,15.9383201,0.98550885,0.98399799,1.421e-05,0.00023921,0.00031038
2025-09-03 21:00:00+00:00,7064.2625,15.49591678,0.98615264,0.98528081,1.6e-07,5.045e-05,0.0001981
2025-09-03 22:00:00+00:00,6779.24,15.7384946,0.98604839,0.98433847,0.0,0.0006303,0.00028518
2025-09-03 23:00:00+00:00,6615.1,15.58393237,0.98621717,0.98429991,0.0,0.00096226,0.00025556
2025-09-04 00:00:00+00:00,6531.6725,15.43548575,0.98607614,0.98456431,0.0,0.0004454,0.00030182
2025-09-04 01:00:00+00:00,6481.69,15.27244031,0.98500977,0.98368765,0.0,0.00052354,0.00021933
2025-09-04 02:00:00+00:00,6534.5,14.89685754,0.98499619,0.98432369,0.0,0.0,0.00019588
2025-09-04 03:00:00+00:00,6898.1975,14.8332262,0.98491036,0.98413689,0.0,0.0,0.00027195
2025-09-04 04:00:00+00:00,7622.0525,15.20192083,0.98565139,0.98479379,0.0,0.0,0.0003269
2025-09-04 05:00:00+00:00,8408.39,15.59237904,0.98444,0.98347992,4e-07,0.0,0.00040681
2025-09-04 06:00:00+00:00,8568.1125,16.00399407,0.98231877,0.98141642,2.503e-05,0.0,0.00034428
2025-09-04 07:00:00+00:00,8589.3075,16.47316084,0.97849068,0.97755312,3.02e-05,0.0,0.00033906
2025-09-04 08:00:00+00:00,8715.055,16.72937305,0.97468983,0.97427774,0.0,0.0,6.944e-05
2025-09-04 09:00:00+00:00,8637.43,16.8737928,0.97040631,0.96997997,0.0,0.0,5.929e-05
2025-09-04 10:00:00+00:00,8628.8175,17.06826301,0.96753984,0.96700359,0.0,0.0,0.00010059
2025-09-04 11:00:00+00:00,8606.3425,17.20332485,0.96768914,0.96713366,0.0,0.0,8.366e-05
2025-09-04 12:00:00+00:00,8615.9025,17.1653247,0.96965172,0.96911081,0.0,0.0,8.244e-05
2025-09-04 13:00:00+00:00,8569.315,17.05577031,0.9729431,0.9721666,1.59e-06,0.0,0.00019241
2025-09-04 14:00:00+00:00,8537.455,16.71767263,0.97735104,0.97664064,1.131e-05,0.0,0.00017899
2025-09-04 15:00:00+00:00,8553.4075,16.97841242,0.98201711,0.98084504,0.00020398,0.0,0.00037552
2025-09-04 16:00:00+00:00,8561.0425,19.03690728,0.98143112,0.97409967,0.00044982,0.00238496,0.00041908
2025-09-04 17:00:00+00:00,8297.8975,19.02358824,0.98302163,0.97544539,0.00044974,0.00230766,0.00039523
2025-09-04 18:00:00+00:00,8528.3875,18.98486443,0.9821245,0.97352355,0.00048642,0.0036666,0.00047475
2025-09-04 19:00:00+00:00,8141.435,17.65125039,0.98527841,0.9806691,9.705e-05,0.00165843,0.00051568
2025-09-04 20:00:00+00:00,7800.9775,17.14747852,0.98458257,0.98105346,4.47e-05,0.00161972,0.00054174
2025-09-04 21:00:00+00:00,7330.795,16.92240013,0.98409311,0.98127701,2.172e-05,0.00130354,0.00062217
2025-09-04 22:00:00+00:00,7142.1475,16.85450064,0.98468044,0.98169423,0.00010459,0.0013196,0.00045236
2025-09-04 23:00:00+00:00,6760.9525,16.9372118,0.98399665,0.98078599,8.78e-05,0.00162436,0.00042563
2025-09-05 00:00:00+00:00,6697.5475,17.32284306,0.98402372,0.98093333,9.81e-05,0.00125526,0.00073862
2025-09-05 01:00:00+00:00,6577.6775,17.52748975,0.98359272,0.98043831,0.00010153,0.00117954,0.00080637
2025-09-05 02:00:00+00:00,6628.4175,17.78760021,0.98387504,0.98058186,0.00010595,0.00131111,0.00078523
2025-09-05 03:00:00+00:00,7024.665,18.06299157,0.98423321,0.98140898,7.98e-05,0.00104702,0.00069498
2025-09-05 04:00:00+00:00,7700.7575,17.98257831,0.98437848,0.98309767,5.72e-05,0.0,0.00045283
2025-09-05 05:00:00+00:00,8400.05,20.14344479,0.98373273,0.97932156,0.00022543,0.00069801,0.00044838
2025-09-05 06:00:00+00:00,8779.655,20.59144066,0.98190424,0.97857541,0.00015556,0.00042208,0.00039047
2025-09-05 07:00:00+00:00,9001.2,20.29212279,0.98014389,0.97898698,6.586e-05,0.0,0.00042682
2025-09-05 08:00:00+00:00,9033.7125,20.7707681,0.97712051,0.975985,5.371e-05,0.0,0.000363
2025-09-05 09:00:00+00:00,8989.0375,20.93171402,0.97439331,0.97323429,4.666e-05,0.0,0.00033941
2025-09-05 10:00:00+00:00,8757.17,20.85729365,0.97221365,0.97105975,4.051e-05,0.0,0.00036195
2025-09-05 11:00:00+00:00,8490.0925,20.57614806,0.97129874,0.97024467,1.832e-05,0.0,0.00025654
2025-09-05 12:00:00+00:00,8450.5175,20.32505271,0.97267653,0.97158951,1.983e-05,0.0,0.00027949
2025-09-05 13:00:00+00:00,8403.0025,20.18560326,0.97536854,0.97398163,0.00011781,0.0,0.00047093
2025-09-05 14:00:00+00:00,8444.6375,20.0037538,0.97967822,0.97826344,0.00023849,0.0,0.0004374
2025-09-05 15:00:00+00:00,8664.2,19.92485864,0.98328611,0.98167332,0.00032507,0.0,0.00049015
2025-09-05 16:00:00+00:00,8448.885,19.56968975,0.98527498,0.98371696,0.00029404,0.0,0.00047475
2025-09-05 17:00:00+00:00,8252.46,19.20972352,0.98623816,0.98457275,0.00029218,0.0,0.00051424
2025-09-05 18:00:00+00:00,8142.6775,18.76460701,0.98597999,0.98456896,0.00023839,0.0,0.00049026
2025-09-05 19:00:00+00:00,7780.3325,18.82980919,0.98615094,0.98399483,0.00031758,0.00054253,0.00053688
2025-09-05 20:00:00+00:00,7460.4625,18.96138485,0.98527845,0.9817474,0.0002744,0.00202047,0.00053659
2025-09-05 21:00:00+00:00,6892.695,18.95378871,0.9849744,0.981647,0.00041533,0.00146384,0.0006367
2025-09-05 22:00:00+00:00,6624.2425,19.40744372,0.98420415,0.97983587,0.00027905,0.00209827,0.00076631
2025-09-05 23:00:00+00:00,6369.35,19.64746499,0.98403844,0.9789324,0.00025039,0.00289345,0.00072169
2025-09-06 00:00:00+00:00,6203.9125,19.72414549,0.9841333,0.9797076,0.00027837,0.00195174,0.00083989
2025-09-06 01:00:00+00:00,6136.7975,19.92095324,0.98394957,0.97908373,0.00024874,0.00248159,0.00076177
2025-09-06 02:00:00+00:00,6015.4725,19.81704588,0.98374088,0.97954573,0.00024491,0.00196467,0.00064669
2025-09-06 03:00:00+00:00,6112.38,19.67070092,0.98450647,0.98206557,0.00023479,0.00030127,0.00073187
2025-09-06 04:00:00+00:00,6087.035,19.75865535,0.98376457,0.9814932,0.00029943,0.0,0.00077953
2025-09-06 05:00:00+00:00,6499.57,20.0519101,0.98313006,0.98101833,0.00028592,0.0,0.00071385
2025-09-06 06:00:00+00:00,6922.8775,20.38541695,0.98139441,0.97946541,0.00032042,0.0,0.00062064
2025-09-06 07:00:00+00:00,7275.1225,20.60732826,0.97794323,0.97636018,0.00021413,0.0,0.00050776
2025-09-06 08:00:00+00:00,7468.585,21.05920307,0.96934354,0.96754814,1.135e-05,0.00056056,0.00019016
2025-09-06 09:00:00+00:00,7546.9075,21.7385737,0.96182883,0.95869652,1.04e-06,0.00145569,0.0001644
2025-09-06 10:00:00+00:00,7465.9375,21.53751279,0.95758853,0.95471645,5.55e-06,0.00135101,0.0001031
2025-09-06 11:00:00+00:00,7363.515,21.63779631,0.95397617,0.95113196,2.37e-06,0.00123466,3.217e-05
2025-09-06 12:00:00+00:00,7341.575,21.36186624,0.95626563,0.95362782,4.53e-06,0.00118217,4.839e-05
2025-09-06 13:00:00+00:00,7267.0725,21.35981289,0.96042241,0.95738035,1.738e-05,0.00122259,0.00013762
2025-09-06 14:00:00+00:00,7357.5125,20.60321566,0.97304162,0.97129708,6.632e-05,0.00025964,0.00029466
2025-09-06 15:00:00+00:00,7629.43,20.45555825,0.98053385,0.9787,0.00033527,0.0,0.00062443
2025-09-06 16:00:00+00:00,7606.9675,20.24500285,0.98440594,0.98252216,0.00035293,7.24e-06,0.00062542
2025-09-06 17:00:00+00:00,7527.8,21.23615735,0.98446535,0.9791464,0.00058168,0.00104216,0.0006116
2025-09-06 18:00:00+00:00,7609.735,19.77650633,0.98598061,0.98411041,0.00032792,2.32e-05,0.00060704
2025-09-06 19:00:00+00:00,7286.5375,19.44025603,0.985681,0.98386573,0.00033854,0.0,0.00056651
2025-09-06 20:00:00+00:00,7005.67,19.32732567,0.98499311,0.98301787,0.00037812,0.0,0.00066406
2025-09-06 21:00:00+00:00,6714.2275,19.19397228,0.98524575,0.98319735,0.00035889,0.0,0.00056431
2025-09-06 22:00:00+00:00,6458.1625,18.94904964,0.98509116,0.98317844,0.00031464,0.0,0.0005581
2025-09-06 23:00:00+00:00,6309.125,19.21400489,0.98523338,0.98271678,0.00033032,0.00055945,0.00058531
2025-09-07 00:00:00+00:00,6185.52,19.33289146,0.98513608,0.98262647,0.0003647,0.00049617,0.00063266
2025-09-07 01:00:00+00:00,6110.02,19.38598795,0.98447245,0.98221309,0.00035247,0.00037398,0.00059958
2025-09-07 02:00:00+00:00,6024.99,19.42380596,0.98443935,0.982627,0.00033848,4.85e-05,0.00055873
2025-09-07 03:00:00+00:00,6086.5,19.60768184,0.98402083,0.98229912,0.00032361,0.0,0.00057232
2025-09-07 04:00:00+00:00,6105.44,19.92426831,0.98332878,0.9809323,0.00040044,0.0,0.00077553
2025-09-07 05:00:00+00:00,6409.935,19.89044713,0.98148062,0.9795977,0.00027574,0.0,0.00059619
2025-09-07 06:00:00+00:00,6736.7825,20.63308851,0.97496713,0.97213903,3.77e-06,0.0005726,0.0001313
2025-09-07 07:00:00+00:00,7191.0575,21.40641689,0.96643226,0.9636435,9.18e-06,0.00065484,0.00011102
2025-09-07 08:00:00+00:00,7485.075,22.46150785,0.95859869,0.95541588,1.731e-05,0.00094576,0.00016051
2025-09-07 09:00:00+00:00,7551.3875,22.91098819,0.94907174,0.94609108,2.323e-05,0.00109068,0.0001298
2025-09-07 10:00:00+00:00,7596.66,24.0686394,0.94284803,0.93842518,2.868e-05,0.00183271,0.00018645
2025-09-07 11:00:00+00:00,7429.82,24.07105192,0.94221955,0.9379455,2.019e-05,0.00183874,0.00016241
2025-09-07 12:00:00+00:00,7376.395,23.2317541,0.94698105,0.9438549,2.095e-05,0.00096995,0.00027978
2025-09-07 13:00:00+00:00,7401.71,22.87922669,0.9517789,0.9488036,1.304e-05,0.00102717,0.00020511
2025-09-07 14:00:00+00:00,7482.6225,22.04888417,0.96472304,0.96264449,1.59e-05,0.00054065,0.00023353
2025-09-07 15:00:00+00:00,7819.22,21.72820151,0.97601986,0.9733,7.697e-05,0.00102133,0.00029138
2025-09-07 16:00:00+00:00,8095.785,21.19898257,0.98248531,0.98011761,0.0002673,0.00039633,0.00054092
2025-09-07 17:00:00+00:00,7974.295,20.91743606,0.98499169,0.98177288,0.00078,0.00046294,0.00046561
2025-09-07 18:00:00+00:00,8099.77,20.43820687,0.98491144,0.9824182,0.00102426,0.00012801,0.00049729
2025-09-07 19:00:00+00:00,7809.5725,20.48326605,0.98491413,0.98229604,0.00079891,0.0002316,0.00054279
2025-09-07 20:00:00+00:00,7359.7,20.33122388,0.9849941,0.98316091,0.00041782,5.61e-06,0.00048709
2025-09-07 21:00:00+00:00,6959.82,20.41874949,0.98503604,0.98284654,0.00032818,0.00029974,0.0005655
2025-09-07 22:00:00+00:00,6827.185,20.67409972,0.98486392,0.9809097,0.00059627,0.00158107,0.00065524
2025-09-07 23:00:00+00:00,6665.1975,20.62135542,0.98495813,0.98117605,0.00047812,0.00166374,0.00056028
2025-09-08 00:00:00+00:00,6573.37,20.371013,0.98492899,0.98302418,0.00033597,4.67e-05,0.00045149
2025-09-08 01:00:00+00:00,6551.09,20.37868037,0.98482812,0.98267402,0.00031225,0.00032755,0.00044719
2025-09-08 02:00:00+00:00,6721.3,20.4641532,0.98524883,0.98317269,0.00045177,0.0,0.00050633
2025-09-08 03:00:00+00:00,7090.755,20.59035383,0.98503138,0.98188203,0.00032847,0.00117216,0.00046684
2025-09-08 04:00:00+00:00,7705.82,20.6617052,0.98484354,0.98127243,0.00034112,0.00157369,0.00033369
2025-09-08 05:00:00+00:00,8377.155,20.80594313,0.9828897,0.97955194,0.00045537,0.001319,0.00033196
2025-09-08 06:00:00+00:00,8668.045,21.08704207,0.9805174,0.97753504,0.00039124,0.00116519,0.0002941
2025-09-08 07:00:00+00:00,8759.9725,21.65467875,0.97819544,0.97485502,0.00038009,0.00158699,0.00022805
2025-09-08 08:00:00+00:00,8862.2725,22.06415747,0.97558825,0.97244713,0.00045526,0.00128126,0.00014377
2025-09-08 09:00:00+00:00,8938.5475,22.4618924,0.9733266,0.97001239,0.00032651,0.00151332,0.00015092
2025-09-08 10:00:00+00:00,8794.24,22.39621772,0.97033902,0.96733634,0.00015801,0.00139277,0.0002319
2025-09-08 11:00:00+00:00,8699.5375,22.38067789,0.96847364,0.96541227,0.00017299,0.0013846,0.00027468
2025-09-08 12:00:00+00:00,8803.685,22.17646148,0.97090427,0.96813052,0.00017742,0.00132537,0.00026555
2025-09-08 13:00:00+00:00,8815.445,22.12960897,0.97486327,0.97125548,0.00050348,0.00163638,0.00040171
2025-09-08 14:00:00+00:00,8751.7625,21.79492333,0.97835759,0.9741171,0.00052188,0.00207254,0.00039231
2025-09-08 15:00:00+00:00,8773.94,21.95051119,0.97978324,0.9745497,0.0006636,0.00156901,0.00040661
2025-09-08 16:00:00+00:00,8592.905,20.82181474,0.98298073,0.9791686,0.00057582,0.00114766,0.00039669
2025-09-08 17:00:00+00:00,8467.7425,21.72782514,0.98361877,0.97542964,0.00078946,0.00327822,0.00039792
2025-09-08 18:00:00+00:00,8614.445,21.41376993,0.98454499,0.97643059,0.00063993,0.00336989,0.00031614
2025-09-08 19:00:00+00:00,8137.1625,19.01479033,0.98430586,0.9829709,0.00026091,0.0,0.00035888
2025-09-08 20:00:00+00:00,7680.4825,19.1543555,0.98443028,0.98280919,0.00038461,0.0,0.00041061
2025-09-08 21:00:00+00:00,7294.82,19.01717806,0.98472162,0.98324155,0.00039643,0.0,0.00041323
2025-09-08 22:00:00+00:00,6889.8675,19.0993128,0.98494626,0.98330674,0.00032445,0.0,0.0002703
2025-09-08 23:00:00+00:00,6792.225,19.35891697,0.98571252,0.98398157,0.00033659,0.0,0.0003118
2025-09-09 00:00:00+00:00,6677.88,19.56230622,0.98577922,0.98396713,0.00038693,0.0,0.00053408
2025-09-09 01:00:00+00:00,6573.4075,19.73705035,0.9848254,0.98293065,0.00040349,0.0,0.00057371
2025-09-09 02:00:00+00:00,6551.4325,20.0658614,0.98459453,0.98239731,0.00051115,0.0,0.00065325
2025-09-09 03:00:00+00:00,6897.34,22.6203236,0.9837246,0.97550554,0.00065966,0.00244183,0.00060199
2025-09-09 04:00:00+00:00,7688.6925,22.79158723,0.97920201,0.97079405,0.00079679,0.00244117,0.00053767
2025-09-09 05:00:00+00:00,8300.195,22.56303565,0.97772288,0.96972115,0.00106447,0.00244429,0.00047645
2025-09-09 06:00:00+00:00,8659.9475,21.48137684,0.97631931,0.972557,0.00086142,0.0006599,0.00046327
2025-09-09 07:00:00+00:00,8729.3175,21.25616678,0.97317352,0.9714148,0.0003916,0.0,0.00044059
2025-09-09 08:00:00+00:00,8816.265,21.62993113,0.96906876,0.96734561,0.00033752,0.0,0.00038113
2025-09-09 09:00:00+00:00,8927.7475,22.38324997,0.96479491,0.96196158,0.00049286,0.00057612,0.00039882
2025-09-09 10:00:00+00:00,8807.1825,23.03268113,0.96628973,0.96198241,0.00056242,0.0015625,0.00047995
2025-09-09 11:00:00+00:00,8810.1825,22.0593542,0.96579942,0.96401821,0.00032912,5.398e-05,0.00036825
2025-09-09 12:00:00+00:00,8765.625,22.65317111,0.96703639,0.96352233,0.00039693,0.00122308,0.00029914
2025-09-09 13:00:00+00:00,8664.9725,22.63477404,0.96990554,0.96547698,0.00043415,0.00191812,0.00036009
2025-09-09 14:00:00+00:00,8572.5275,21.96325184,0.97336818,0.969413,0.00042659,0.00144739,0.00036798
2025-09-09 15:00:00+00:00,8670.6325,20.55466641,0.9751341,0.97373487,0.0002851,0.0,0.00033914
2025-09-09 16:00:00+00:00,8521.5975,20.125679,0.97916937,0.97750796,0.00029322,0.00011739,0.00034547
2025-09-09 17:00:00+00:00,8497.06,19.62326295,0.98126807,0.97989207,0.00020514,0.0,0.00029098
2025-09-09 18:00:00+00:00,8485.045,19.24562402,0.98171002,0.98072658,0.00014079,0.0,0.00024767
2025-09-09 19:00:00+00:00,8191.1475,19.0325006,0.98280814,0.98180952,0.00019237,0.0,0.00024924
2025-09-09 20:00:00+00:00,7697.48,18.86526892,0.98269795,0.98162681,0.00016543,0.0,0.00026918
2025-09-09 21:00:00+00:00,7207.175,18.83741988,0.98626538,0.98490971,0.0002603,0.0,0.00039751
2025-09-09 22:00:00+00:00,6880.515,18.90243279,0.98666883,0.98510029,0.00025364,0.0,0.00031918
2025-09-09 23:00:00+00:00,6741.2425,18.85261385,0.98709616,0.9855552,0.00023959,0.0,0.00028253
2025-09-10 00:00:00+00:00,6657.73,18.78697509,0.98679557,0.98533282,0.00023062,0.0,0.00025926
2025-09-10 01:00:00+00:00,6666.9225,18.82529124,0.98709541,0.98544849,0.00025536,0.0,0.00029737
2025-09-10 02:00:00+00:00,6607.235,18.94087411,0.9865386,0.98483709,0.00029533,0.0,0.00050262
2025-09-10 03:00:00+00:00,6878.9275,19.10434201,0.98634418,0.98495621,0.00025469,0.0,0.00045541
2025-09-10 04:00:00+00:00,7766.5375,19.11963331,0.98551861,0.98462733,9.821e-05,0.0,0.00027023
2025-09-10 05:00:00+00:00,8481.6475,19.11854885,0.98154789,0.98103874,0.0,0.0,0.00012239
2025-09-10 06:00:00+00:00,8643.23,19.58042143,0.978102,0.97734375,4.884e-05,0.0,0.00021602
2025-09-10 07:00:00+00:00,8804.7925,20.18897398,0.97480058,0.97367761,0.00013913,0.0,0.00036481
2025-09-10 08:00:00+00:00,8967.975,20.5402254,0.97053738,0.96939277,0.00015345,0.0,0.00033166
2025-09-10 09:00:00+00:00,8844.5425,20.494118,0.96518358,0.96396764,0.00016782,0.0,0.00032936
2025-09-10 10:00:00+00:00,8788.23,20.41139336,0.96513679,0.96376956,0.00023334,0.0,0.00044333
2025-09-10 11:00:00+00:00,8783.6025,19.65094893,0.96804176,0.96665042,0.00023173,0.0,0.00035484
2025-09-10 12:00:00+00:00,8882.075,19.33896445,0.97090173,0.96954876,0.00025942,0.0,0.00039096
2025-09-10 13:00:00+00:00,8919.3875,18.86604768,0.97395125,0.97267256,0.00024017,0.0,0.00040531
2025-09-10 14:00:00+00:00,8806.0925,18.60173261,0.97770174,0.97677295,0.00013504,0.0,0.00029472
2025-09-10 15:00:00+00:00,8936.04,18.16163148,0.98122016,0.98061473,3.951e-05,2.37e-06,0.00016892
2025-09-10 16:00:00+00:00,8817.4875,17.75001755,0.98353712,0.9830254,3.058e-05,2.21e-06,0.00015166
2025-09-10 17:00:00+00:00,8704.865,17.19567545,0.98461979,0.98435621,0.0,4e-07,2.439e-05
2025-09-10 18:00:00+00:00,8560.3175,16.93285194,0.98398084,0.98299287,0.00014282,0.0,0.0003618
2025-09-10 19:00:00+00:00,8202.705,16.6597302,0.98286208,0.98142172,0.00021564,0.0,0.00053952
2025-09-10 20:00:00+00:00,7779.8475,17.10504694,0.98368496,0.97994719,0.00022216,0.00214931,0.00063317
2025-09-10 21:00:00+00:00,7332.2425,17.08587366,0.98325547,0.97943746,0.00021027,0.00231263,0.00058482
2025-09-10 22:00:00+00:00,7030.77,16.76633187,0.98314298,0.97939688,9.079e-05,0.00243766,0.00039437
2025-09-10 23:00:00+00:00,6725.66,17.10689031,0.98329288,0.98019763,0.00011551,0.0012637,0.00053885
2025-09-11 00:00:00+00:00,6482.9675,17.07938029,0.98278746,0.98002607,0.00010436,0.00090362,0.00072143
2025-09-11 01:00:00+00:00,6438.995,17.07719991,0.98231141,0.97809118,1.029e-05,0.0029717,0.00053384
2025-09-11 02:00:00+00:00,6483.0175,16.93273325,0.98229914,0.97810297,8.731e-05,0.00289495,0.00051701
2025-09-11 03:00:00+00:00,6747.7575,16.73662364,0.98317142,0.98047851,0.00013199,0.00120528,0.00060642
2025-09-11 04:00:00+00:00,7626.16,16.75811885,0.98390057,0.98209872,0.00012207,0.00055489,0.00049001
2025-09-11 05:00:00+00:00,8437.2925,16.61455376,0.9836678,0.98144763,0.00013728,0.00111774,0.0004405
2025-09-11 06:00:00+00:00,8827.6325,16.77333923,0.97786106,0.97571967,0.00013887,0.00104089,0.00042294
2025-09-11 07:00:00+00:00,8949.475,16.87387103,0.97623719,0.97445932,0.00015712,0.00059736,0.00043627
2025-09-11 08:00:00+00:00,9090.9675,17.43989274,0.97424132,0.97199408,0.00014956,0.00055023,0.00040909
2025-09-11 09:00:00+00:00,9414.005,17.45739577,0.97396905,0.97073032,7.308e-05,0.00205713,0.00024387
2025-09-11 10:00:00+00:00,9534.705,17.04030281,0.97527287,0.97198869,2.07e-05,0.00223305,0.00017847
2025-09-11 11:00:00+00:00,9256.995,16.93618039,0.97168049,0.96800187,1.556e-05,0.0025444,0.00010224
2025-09-11 12:00:00+00:00,8925.825,16.55304543,0.97314967,0.97027648,1.89e-06,0.00225705,4.022e-05
2025-09-11 13:00:00+00:00,8884.05,16.64146994,0.97266096,0.96939714,6.91e-06,0.00238251,7.592e-05
2025-09-11 14:00:00+00:00,8698.64,16.89397474,0.97398427,0.97047369,2.124e-05,0.00223626,0.00025964
2025-09-11 15:00:00+00:00,8757.5325,16.34276781,0.98294244,0.98061551,0.0001301,0.00109294,0.00042276
2025-09-11 16:00:00+00:00,8814.1975,15.97642259,0.9834921,0.98093615,4.423e-05,0.00182672,0.00030824
2025-09-11 17:00:00+00:00,8771.4375,15.9248985,0.98368058,0.9805554,6.3e-05,0.00218289,0.00036629
2025-09-11 18:00:00+00:00,8462.2125,15.81822083,0.98367688,0.98048589,9.073e-05,0.00212938,0.00043339
2025-09-11 19:00:00+00:00,7849.425,15.64040419,0.98342645,0.98042382,0.00010584,0.00188195,0.00045517
2025-09-11 20:00:00+00:00,7436.195,15.61712632,0.98298535,0.98004866,8.277e-05,0.00177189,0.00044981
2025-09-11 21:00:00+00:00,7070.9075,15.80995867,0.98263818,0.97897568,3.656e-05,0.00266399,0.00039462
2025-09-11 22:00:00+00:00,6813.7275,16.1458457,0.98224226,0.97781533,6.063e-05,0.00280439,0.00041652
2025-09-11 23:00:00+00:00,6645.5875,16.82114765,0.9817203,0.97561391,0.00012348,0.00359109,0.00046707
2025-09-12 00:00:00+00:00,6492.0,16.86693218,0.98160724,0.97561986,5.101e-05,0.00389277,0.00036666
2025-09-12 01:00:00+00:00,6566.8925,16.87992081,0.98147121,0.97581482,1.126e-05,0.00379925,0.00029735
2025-09-12 02:00:00+00:00,6540.9625,17.02617507,0.98143288,0.97606379,5.1e-07,0.00356067,0.00019421
2025-09-12 03:00:00+00:00,6879.7825,16.84486182,0.98177714,0.97672538,2.61e-06,0.00359461,0.00020567
2025-09-12 04:00:00+00:00,7658.92,17.26507519,0.98232184,0.97749539,1.678e-05,0.0034469,0.0001714
2025-09-12 05:00:00+00:00,8261.0925,17.67125565,0.98208063,0.97799246,8.859e-05,0.00271776,0.00012092
2025-09-12 06:00:00+00:00,8553.7175,18.396547,0.98077286,0.97644274,0.00012923,0.00280395,0.00015709
2025-09-12 07:00:00+00:00,8580.7425,19.50496909,0.97851663,0.97318338,3.842e-05,0.00275018,0.0001487
2025-09-12 08:00:00+00:00,8595.99,19.06502551,0.9724107,0.96852746,7.1e-06,0.00281981,0.00012831
2025-09-12 09:00:00+00:00,8479.4175,19.10867551,0.96659468,0.96272377,1.45e-06,0.00283318,8.136e-05
2025-09-12 10:00:00+00:00,8505.4,19.34759124,0.96144945,0.95704372,1.95e-06,0.00294558,7.541e-05
2025-09-12 11:00:00+00:00,8396.57,19.60382644,0.96149986,0.95646953,6.6e-06,0.00339377,7.205e-05
2025-09-12 12:00:00+00:00,8205.8,19.17753795,0.960181,0.95588681,3.42e-06,0.00284473,8.568e-05
2025-09-12 13:00:00+00:00,8201.15,18.5147994,0.96535718,0.96217931,9.8e-07,0.00193062,0.00012739
2025-09-12 14:00:00+00:00,8272.23,17.9540329,0.97305105,0.97019033,1.6e-06,0.00151593,0.00022591
2025-09-12 15:00:00+00:00,8378.65,17.88140903,0.979757,0.9757969,5.941e-05,0.0024504,0.00039293
2025-09-12 16:00:00+00:00,8276.3075,17.30888796,0.9822387,0.97843332,0.00023421,0.00234531,0.00051457
2025-09-12 17:00:00+00:00,8005.86,17.20707395,0.98348284,0.97979393,0.00016541,0.00222211,0.00065164
2025-09-12 18:00:00+00:00,7872.725,17.19909161,0.98346886,0.97978766,0.00015012,0.00225789,0.00070656
2025-09-12 19:00:00+00:00,7670.6425,17.26099305,0.98345235,0.97959987,0.00017504,0.00223166,0.00080894
2025-09-12 20:00:00+00:00,7050.195,16.6299003,0.98344748,0.98175569,0.00010883,0.00036748,0.00055904
2025-09-12 21:00:00+00:00,6818.955,16.87101814,0.98296759,0.98055043,0.00012396,0.00103636,0.00063621
2025-09-12 22:00:00+00:00,6561.37,16.81676815,0.98376138,0.98174139,6.042e-05,0.00109803,0.00037902
2025-09-12 23:00:00+00:00,6276.425,16.66141605,0.98370386,0.98212377,2.501e-05,0.00078088,0.00029244
2025-09-13 00:00:00+00:00,6245.22,16.82966265,0.98405405,0.98242508,3.506e-05,0.00078239,0.00033419
2025-09-13 01:00:00+00:00,6249.045,16.82730515,0.98440617,0.98323846,0.0,0.00050893,0.00021855
2025-09-13 02:00:00+00:00,6215.14,16.93719247,0.98447925,0.98367994,2.609e-05,0.0,0.00023874
2025-09-13 03:00:00+00:00,6157.4925,16.91667419,0.98441966,0.9836828,2.118e-05,0.0,0.0002716
2025-09-13 04:00:00+00:00,6315.7975,17.14665869,0.98423979,0.98335031,1.887e-05,0.00017899,0.00023031
2025-09-13 05:00:00+00:00,6645.9525,17.72802982,0.98349915,0.98202681,6.276e-05,0.00047484,0.00028904
2025-09-13 06:00:00+00:00,6965.0975,18.38199335,0.98110346,0.98011033,0.00016224,0.0,0.00037783
2025-09-13 07:00:00+00:00,7324.455,18.83658908,0.97713748,0.9763714,8.503e-05,0.0,0.00024655
2025-09-13 08:00:00+00:00,7418.625,19.54382835,0.9705689,0.96869507,7.83e-06,0.00067944,9.962e-05
2025-09-13 09:00:00+00:00,7249.935,19.37183676,0.96476864,0.96354852,2.52e-06,0.00035369,4.897e-05
2025-09-13 10:00:00+00:00,7116.82,21.42675999,0.95817443,0.95416095,1.6e-05,0.00127967,2.671e-05
2025-09-13 11:00:00+00:00,7047.755,21.20815757,0.95786045,0.95404699,2.794e-05,0.00129534,2.768e-05
2025-09-13 12:00:00+00:00,7136.9775,20.22208008,0.96102979,0.95825828,1.791e-05,0.00097805,1.987e-05
2025-09-13 13:00:00+00:00,7135.56,18.98985785,0.96821936,0.96643704,1.248e-05,0.00071971,6.818e-05
2025-09-13 14:00:00+00:00,7164.8075,18.6462306,0.97636263,0.97495783,6.1e-06,0.00038725,0.00017614
2025-09-13 15:00:00+00:00,7354.45,18.36740654,0.98166294,0.98085339,1.356e-05,5.541e-05,0.00021374
2025-09-13 16:00:00+00:00,7383.6575,17.90283987,0.98433469,0.98369041,0.0,0.0,0.00019656
2025-09-13 17:00:00+00:00,7505.255,17.29415337,0.98483603,0.98402265,5.162e-05,0.0,0.00026374
2025-09-13 18:00:00+00:00,7479.7825,16.69446483,0.98481417,0.98416599,6.436e-05,0.0,0.00022844
2025-09-13 19:00:00+00:00,7122.7075,16.3107138,0.98478043,0.98392169,0.00014901,0.0,0.00033222
2025-09-13 20:00:00+00:00,6842.0375,16.57693801,0.98378051,0.98199655,0.00019282,0.00068415,0.00044179
2025-09-13 21:00:00+00:00,6483.3175,16.74293074,0.98340315,0.98118477,0.00020739,0.00094706,0.00044103
2025-09-13 22:00:00+00:00,6219.7225,16.74180237,0.98249396,0.98036436,8.845e-05,0.00111418,0.00037268
2025-09-13 23:00:00+00:00,6258.7325,16.92063483,0.9819036,0.98038042,0.00015864,0.00038902,0.00037645
2025-09-14 00:00:00+00:00,6196.49,16.95289461,0.98178815,0.98048211,0.00019183,0.00012374,0.0004023
2025-09-14 01:00:00+00:00,6094.6375,17.22882235,0.98216068,0.98090614,0.00022105,0.0,0.00038041
2025-09-14 02:00:00+00:00,6124.42,17.56762433,0.98155672,0.98025701,0.00024449,0.0,0.00049464
2025-09-14 03:00:00+00:00,6252.7025,17.97092317,0.98204775,0.98061704,0.00036687,0.0,0.00055178
2025-09-14 04:00:00+00:00,6247.2925,18.47913211,0.98247426,0.98085461,0.00042378,0.0,0.0006094
2025-09-14 05:00:00+00:00,6404.9025,18.8246974,0.98152497,0.97994295,0.00040484,0.0,0.00058579
2025-09-14 06:00:00+00:00,6803.7025,19.39631035,0.98034613,0.97895318,0.00030252,0.0,0.00047134
2025-09-14 07:00:00+00:00,7106.885,19.94658807,0.97673741,0.97554571,8.128e-05,0.0,0.0004026
2025-09-14 08:00:00+00:00,7240.41,20.29713838,0.97477988,0.97361801,0.00016266,0.0,0.0003524
2025-09-14 09:00:00+00:00,7361.3525,21.35289575,0.96916935,0.96644307,1.36e-05,0.00118341,0.00025652
2025-09-14 10:00:00+00:00,7529.705,21.43566526,0.96635079,0.9633338,8.996e-05,0.00131511,0.00020302
2025-09-14 11:00:00+00:00,7673.1525,21.45831162,0.96549463,0.96232289,3.932e-05,0.00133331,0.00015906
2025-09-14 12:00:00+00:00,7810.7025,21.35268866,0.96652666,0.96328497,6.392e-05,0.00137676,0.00022257
2025-09-14 13:00:00+00:00,7694.5925,21.0047817,0.97037952,0.96723837,6.641e-05,0.00131784,0.00021017
2025-09-14 14:00:00+00:00,7597.99,20.06213037,0.97797983,0.97616057,0.00016411,0.00041968,0.00034986
2025-09-14 15:00:00+00:00,7815.585,19.67078122,0.98194491,0.98062466,8.953e-05,0.00016946,0.00020594
2025-09-14 16:00:00+00:00,7966.335,19.18715069,0.98416155,0.98351283,0.0,0.0,0.00014274
2025-09-14 17:00:00+00:00,7921.0875,18.64536561,0.98492915,0.98459626,0.0,0.0,5.932e-05
2025-09-14 18:00:00+00:00,7816.7225,18.44634969,0.98518339,0.98463058,0.0,0.0,0.00014711
2025-09-14 19:00:00+00:00,7577.605,18.43197918,0.98548413,0.98478761,2.861e-05,0.0,0.00020315
2025-09-14 20:00:00+00:00,7274.39,18.72195843,0.98501703,0.98362784,0.00013799,0.00011497,0.00038498
2025-09-14 21:00:00+00:00,6814.6725,19.28655,0.98453467,0.98180543,0.00012452,0.00067153,0.00028045
2025-09-14 22:00:00+00:00,6726.6725,18.85260904,0.98524585,0.98345222,7.735e-05,0.00020118,0.00041363
2025-09-14 23:00:00+00:00,6505.6725,17.92609805,0.98446695,0.98362539,1.15e-06,0.0,0.00023177
2025-09-15 00:00:00+00:00,6436.195,17.26877951,0.98383423,0.98342674,0.0,0.0,0.00011053
2025-09-15 01:00:00+00:00,6478.055,17.4784881,0.98279978,0.98167288,3.46e-06,0.00047261,8.654e-05
2025-09-15 02:00:00+00:00,6655.8375,17.67218359,0.98203865,0.98020386,7.93e-06,0.00086361,0.00010381
2025-09-15 03:00:00+00:00,6934.3725,17.39850548,0.98167285,0.9798035,1.215e-05,0.00095524,5.874e-05
2025-09-15 04:00:00+00:00,7716.2225,17.75441863,0.98356726,0.98141529,9.07e-06,0.00063814,0.00013333
2025-09-15 05:00:00+00:00,8425.7175,17.71198571,0.98275766,0.98001951,6.811e-05,0.00160217,0.000201
2025-09-15 06:00:00+00:00,8653.04,17.9510087,0.98117624,0.97841024,0.00010487,0.00158709,0.00022809
2025-09-15 07:00:00+00:00,8777.7375,18.45936083,0.97722597,0.97351748,7.71e-05,0.00261004,0.00018344
2025-09-15 08:00:00+00:00,8687.7675,18.7334976,0.97460909,0.97067465,2.489e-05,0.00290539,0.0001725
2025-09-15 09:00:00+00:00,8691.54,18.95662329,0.97076836,0.96688027,1.482e-05,0.00288676,0.0001211
2025-09-15 10:00:00+00:00,8707.1125,18.42944603,0.97152138,0.96941895,9.4e-07,0.00154838,6.501e-05
2025-09-15 11:00:00+00:00,8677.615,19.07366552,0.96951196,0.96586649,7.61e-06,0.00229667,6.496e-05
2025-09-15 12:00:00+00:00,8708.66,18.68297338,0.97100644,0.96757763,9.08e-06,0.00214944,4.892e-05
2025-09-15 13:00:00+00:00,8724.5775,17.99689171,0.97418082,0.97179734,8.96e-06,0.00134466,9.115e-05
2025-09-15 14:00:00+00:00,8727.3925,17.73841762,0.97867812,0.97449156,2.687e-05,0.00308997,6.658e-05
2025-09-15 15:00:00+00:00,9063.5775,17.51053796,0.98107174,0.97654954,0.00011235,0.00340284,0.00012429
2025-09-15 16:00:00+00:00,8971.5525,17.61114956,0.9830717,0.97899354,0.00028413,0.00294333,0.00010799
2025-09-15 17:00:00+00:00,8782.7325,17.55286233,0.98378446,0.97988619,0.00020609,0.002755,0.00013006
2025-09-15 18:00:00+00:00,8624.795,17.10770468,0.98347319,0.97951082,0.00023823,0.00286038,0.00015206
2025-09-15 19:00:00+00:00,8155.875,16.22980644,0.98460612,0.98213558,1.575e-05,0.0020733,9.996e-05
2025-09-15 20:00:00+00:00,7671.6,16.11816472,0.98370148,0.9809084,0.0,0.00257939,6.891e-05
2025-09-15 21:00:00+00:00,7208.6275,15.90471017,0.98400789,0.98209219,0.0,0.00182035,3.03e-05
2025-09-15 22:00:00+00:00,6880.895,15.57907578,0.98443225,0.98347902,0.0,0.00086352,1.479e-05
2025-09-15 23:00:00+00:00,6555.8275,15.59047441,0.98363468,0.982479,0.0,0.00105625,1.835e-05
2025-09-16 00:00:00+00:00,6580.21,16.61752634,0.98217612,0.97758644,2.106e-05,0.0029933,5.238e-05
2025-09-16 01:00:00+00:00,6436.84,16.85657041,0.98181645,0.97650988,2.067e-05,0.00305103,4.782e-05
2025-09-16 02:00:00+00:00,6497.585,16.46912287,0.98192069,0.97794256,6.35e-06,0.00228815,3.22e-05
2025-09-16 03:00:00+00:00,6838.8425,16.38024633,0.98256943,0.97958418,3.85e-06,0.00167192,2.48e-05
2025-09-16 04:00:00+00:00,7783.3125,16.90666916,0.98311931,0.98111922,8.505e-05,0.00101958,1.651e-05
2025-09-16 05:00:00+00:00,8597.6175,18.44613304,0.98316242,0.9782523,0.00048548,0.00333322,7.953e-05
2025-09-16 06:00:00+00:00,8948.3625,18.59489426,0.98176215,0.97940323,0.00021856,0.00140787,6.772e-05
2025-09-16 07:00:00+00:00,9044.38,19.16487877,0.97859281,0.97668293,6.08e-05,0.00086068,6.001e-05
2025-09-16 08:00:00+00:00,9011.0775,19.77718423,0.9744564,0.97260078,3.744e-05,0.00085115,4.763e-05
2025-09-16 09:00:00+00:00,8720.2725,20.25512669,0.97400296,0.97224485,4.353e-05,0.00065636,3.937e-05
2025-09-16 10:00:00+00:00,8717.7675,20.4938749,0.96837109,0.96646026,5.174e-05,0.00071666,4.499e-05
2025-09-16 11:00:00+00:00,8598.9425,20.47693489,0.96904284,0.96713654,4.524e-05,0.0008292,3.326e-05
2025-09-16 12:00:00+00:00,8439.1075,20.15625614,0.97004728,0.96831302,4.022e-05,0.00073406,2.358e-05
2025-09-16 13:00:00+00:00,8387.2725,19.66312969,0.97409302,0.97254355,4.434e-05,0.00069673,2.484e-05
2025-09-16 14:00:00+00:00,8313.62,19.24016199,0.97749511,0.97626112,2.877e-05,0.00051337,4.31e-05
2025-09-16 15:00:00+00:00,8644.07,19.15147372,0.98120802,0.97970629,9.986e-05,0.00064507,0.00010387
2025-09-16 16:00:00+00:00,8764.1625,18.55877845,0.98263468,0.98159666,3.684e-05,0.00045209,7.669e-05
2025-09-16 17:00:00+00:00,8792.89,18.47441212,0.98442715,0.98344867,1.039e-05,0.00050287,0.00012115
2025-09-16 18:00:00+00:00,8474.8,18.37459438,0.98457647,0.98364001,4.981e-05,0.00050814,7.221e-05
2025-09-16 19:00:00+00:00,8016.1175,18.08233479,0.98406012,0.98371976,1.885e-05,0.0,0.00010187
2025-09-16 20:00:00+00:00,7559.52,17.74563355,0.98456046,0.98429229,0.0,0.0,8.092e-05
2025-09-16 21:00:00+00:00,7033.2725,17.53620156,0.98411052,0.9839789,0.0,0.0,3.587e-05
2025-09-16 22:00:00+00:00,6767.495,17.2904952,0.98419507,0.98414276,0.0,0.0,0.0
2025-09-16 23:00:00+00:00,6567.67,17.25876497,0.98370924,0.98364447,0.0,0.0,0.0
2025-09-17 00:00:00+00:00,6497.3,17.37969404,0.98437582,0.98424781,9e-08,5.665e-05,7.8e-07
2025-09-17 01:00:00+00:00,6471.82,17.61764475,0.9840446,0.98387012,0.0,0.0,5.258e-05
2025-09-17 02:00:00+00:00,6508.7875,17.84110595,0.98430074,0.98405378,0.0,0.0,8.575e-05
2025-09-17 03:00:00+00:00,6880.1525,18.21338158,0.98451585,0.9835761,4.748e-05,0.00038986,0.00015696
2025-09-17 04:00:00+00:00,7818.8425,19.11832134,0.98429219,0.98261546,7.199e-05,0.00029932,0.00028819
2025-09-17 05:00:00+00:00,8547.265,19.69196749,0.98393224,0.9814214,0.00017209,0.00048728,0.00040554
2025-09-17 06:00:00+00:00,8766.84,19.92854532,0.98241061,0.98043411,9.976e-05,0.00030668,0.00041943
2025-09-17 07:00:00+00:00,8845.54,20.08626516,0.97942375,0.97778971,7.487e-05,0.00049022,0.00038355
2025-09-17 08:00:00+00:00,8803.8425,20.79987388,0.97653432,0.97448626,4.613e-05,0.00042942,0.00032531
2025-09-17 09:00:00+00:00,8791.145,20.82890636,0.97240669,0.9706603,3.887e-05,0.00058553,0.00026432
2025-09-17 10:00:00+00:00,8808.9125,20.74487037,0.96824995,0.96681736,2.7e-06,0.00052923,0.00018574
2025-09-17 11:00:00+00:00,8637.47,21.01456833,0.96350377,0.96125947,1.619e-05,0.00081306,0.00020769
2025-09-17 12:00:00+00:00,8429.2525,20.30863142,0.96546543,0.96419568,2.76e-06,0.00041984,0.00013387
2025-09-17 13:00:00+00:00,8341.9325,19.97196582,0.97008936,0.9690067,6.52e-06,0.00039271,0.00016993
2025-09-17 14:00:00+00:00,8392.725,19.66866721,0.97500066,0.97381052,1.478e-05,0.00036633,0.00021522
2025-09-17 15:00:00+00:00,8566.245,19.43031044,0.97805205,0.97644873,6.81e-06,0.0004503,0.00012751
2025-09-17 16:00:00+00:00,8683.73,18.65890019,0.98151622,0.98023283,0.00015272,0.0005814,0.00012263
2025-09-17 17:00:00+00:00,8581.71,17.81627557,0.98221979,0.9817766,5.008e-05,0.00013445,4.017e-05
2025-09-17 18:00:00+00:00,8468.675,17.23806067,0.98304652,0.98273854,4.912e-05,0.00013484,1.87e-06
2025-09-17 19:00:00+00:00,8228.685,16.79808424,0.98357803,0.98342387,0.0,0.0,2.091e-05
2025-09-17 20:00:00+00:00,7622.265,16.48690352,0.98342791,0.98326594,0.0,0.0,3.621e-05
2025-09-17 21:00:00+00:00,7025.6275,16.14880833,0.98203792,0.98192278,0.0,0.0,2.762e-05
2025-09-17 22:00:00+00:00,6879.1025,16.18645619,0.98347086,0.98332293,0.0,0.0,4.015e-05
2025-09-17 23:00:00+00:00,6785.2675,16.57557982,0.982915,0.98141285,3.4e-07,0.00064516,5.635e-05
2025-09-18 00:00:00+00:00,6750.2775,16.36271979,0.98308196,0.98275685,1.2e-07,4.951e-05,8.039e-05
2025-09-18 01:00:00+00:00,6680.29,16.53990856,0.98209063,0.98185266,2.6e-07,4.095e-05,4.781e-05
2025-09-18 02:00:00+00:00,6642.82,17.01577548,0.98149704,0.98093469,2.3e-07,0.00017582,7.102e-05
2025-09-18 03:00:00+00:00,7161.835,17.49498148,0.98143712,0.98067136,6e-08,0.00038873,8.719e-05
2025-09-18 04:00:00+00:00,8045.7975,18.50741599,0.98067969,0.9787055,2.153e-05,0.00080233,6.236e-05
2025-09-18 05:00:00+00:00,8607.35,18.84236641,0.98046181,0.97880808,0.00034976,0.00086204,9.597e-05
2025-09-18 06:00:00+00:00,8895.16,19.91158006,0.97800372,0.97566459,0.00045245,0.00078214,0.00017608
2025-09-18 07:00:00+00:00,8961.295,20.54309003,0.97579768,0.97314001,0.00046007,0.0008747,0.0002743
2025-09-18 08:00:00+00:00,8927.3425,20.46238046,0.9726799,0.97076415,6.07e-05,0.00065924,0.00023651
2025-09-18 09:00:00+00:00,8816.2625,20.38121722,0.97163414,0.97038407,1.452e-05,0.00035591,0.00013209
2025-09-18 10:00:00+00:00,8685.89,20.07706647,0.96795573,0.96659447,2.57e-06,0.00056967,7.465e-05
2025-09-18 11:00:00+00:00,8730.445,19.30739038,0.96665958,0.96582301,1.07e-06,0.00030586,1.447e-05
2025-09-18 12:00:00+00:00,8548.0225,18.72559287,0.96896618,0.96842849,9e-08,0.00014647,7.88e-06
2025-09-18 13:00:00+00:00,8531.125,18.236938,0.97177244,0.97142467,2e-07,7.202e-05,1.505e-05
2025-09-18 14:00:00+00:00,8389.5125,18.03405675,0.97581924,0.97506418,3.39e-06,0.00030347,1.973e-05
2025-09-18 15:00:00+00:00,8641.3175,17.98949886,0.97923125,0.97874121,8.35e-06,0.0001267,9.109e-05
2025-09-18 16:00:00+00:00,8654.81,17.73994053,0.98079274,0.98045703,1.845e-05,0.0,0.00013164
2025-09-18 17:00:00+00:00,8886.0225,17.74507045,0.98117319,0.98078665,2.634e-05,0.0,0.00016082
2025-09-18 18:00:00+00:00,8733.2125,17.76052731,0.98144404,0.98102917,3.693e-05,0.0,0.00019144
2025-09-18 19:00:00+00:00,8328.3825,17.65212386,0.98192477,0.98146867,3.335e-05,0.0,0.00018533
2025-09-18 20:00:00+00:00,7857.715,17.4435305,0.98235985,0.98205386,0.0,0.0,9.636e-05
2025-09-18 21:00:00+00:00,7244.6575,17.22674319,0.98184527,0.98163146,0.0,0.0,6.863e-05
2025-09-18 22:00:00+00:00,7078.1775,17.15907341,0.98313803,0.98287124,0.0,0.0,9.156e-05
2025-09-18 23:00:00+00:00,6916.265,17.06067144,0.98258904,0.98226751,9e-08,8.356e-05,7.2e-05
2025-09-19 00:00:00+00:00,6768.8,16.98208378,0.98232663,0.98216772,0.0,0.0,4.765e-05
2025-09-19 01:00:00+00:00,6792.84,17.01141379,0.98202361,0.98184856,0.0,0.0,5.47e-05
2025-09-19 02:00:00+00:00,6835.7475,17.13339507,0.98247796,0.98227847,0.0,0.0,6.659e-05
2025-09-19 03:00:00+00:00,7130.8725,17.48566701,0.98272039,0.98242619,0.0,0.0,0.00010244
2025-09-19 04:00:00+00:00,8016.1375,18.02635019,0.98451642,0.98366819,3.651e-05,0.00030631,0.00016578
2025-09-19 05:00:00+00:00,8616.11,18.20454454,0.98398617,0.98355883,5.509e-05,0.0,0.00015862
2025-09-19 06:00:00+00:00,8795.795,18.60663745,0.98132129,0.98093849,4.11e-05,0.0,0.00012367
2025-09-19 07:00:00+00:00,8877.9025,19.13750496,0.97831816,0.97781003,2.97e-05,0.0,0.00011141
2025-09-19 08:00:00+00:00,8829.6525,19.64580234,0.97433075,0.97354847,1.473e-05,0.00019503,9.454e-05
2025-09-19 09:00:00+00:00,8845.975,19.99541234,0.97210845,0.97096442,3.51e-06,0.00050188,5.713e-05
2025-09-19 10:00:00+00:00,8801.5525,20.20972993,0.96767658,0.96616762,7.12e-06,0.00072618,1.424e-05
2025-09-19 11:00:00+00:00,8588.7525,19.96736778,0.96535742,0.9638331,1.8e-06,0.00067356,1.294e-05
2025-09-19 12:00:00+00:00,8479.0,19.76820023,0.96849099,0.96677938,3.52e-06,0.00076623,1.483e-05
2025-09-19 13:00:00+00:00,8554.115,19.18687196,0.97359845,0.97282541,3.7e-07,0.00032959,5.233e-05
2025-09-19 14:00:00+00:00,8540.905,19.05915175,0.97970247,0.97912513,2.291e-05,0.0,0.00019871
2025-09-19 15:00:00+00:00,8440.2575,18.5552794,0.98224386,0.98164112,8.259e-05,0.0,0.00022841
2025-09-19 16:00:00+00:00,8234.39,17.93747902,0.98354268,0.98308478,0.0,0.0,0.00011628
2025-09-19 17:00:00+00:00,8285.07,17.27268596,0.98394228,0.983558,0.0,0.0,9.453e-05
2025-09-19 18:00:00+00:00,7903.4725,16.31892139,0.98436323,0.98419759,0.0,0.0,3.596e-05
2025-09-19 19:00:00+00:00,7526.08,15.62847816,0.9856142,0.98552254,0.0,0.0,0.0
2025-09-19 20:00:00+00:00,7146.8575,15.40059531,0.9861423,0.98599465,0.0,0.0,2.754e-05
2025-09-19 21:00:00+00:00,6821.635,15.16737795,0.98674084,0.98669379,0.0,0.0,0.0
2025-09-19 22:00:00+00:00,6472.1825,14.60080339,0.98625486,0.98618736,0.0,0.0,0.0
2025-09-19 23:00:00+00:00,6434.2925,14.51533224,0.98415869,0.98410596,0.0,0.0,0.0
2025-09-20 00:00:00+00:00,6182.69,14.70048181,0.98412589,0.98407101,0.0,0.0,0.0
2025-09-20 01:00:00+00:00,6012.85,14.58020919,0.98339936,0.98334073,0.0,0.0,0.0
2025-09-20 02:00:00+00:00,6054.055,14.76288822,0.98332382,0.98303241,0.0,0.00022812,1.092e-05
2025-09-20 03:00:00+00:00,6227.895,15.18114405,0.98289261,0.98152372,0.0,0.00109703,0.00010266
2025-09-20 04:00:00+00:00,6413.9075,15.59127285,0.98298149,0.98102998,0.0,0.00161827,0.00013534
2025-09-20 05:00:00+00:00,6662.76,15.96659479,0.98335895,0.98244555,0.0,0.00042641,0.00012955
2025-09-20 06:00:00+00:00,6989.065,16.43449521,0.98132378,0.97900855,0.0,0.00175077,0.0001842
2025-09-20 07:00:00+00:00,7349.325,16.65746872,0.97912605,0.97775962,0.0,0.00079657,0.00013146
2025-09-20 08:00:00+00:00,7684.6025,17.06143512,0.97550771,0.97499573,0.0,0.0,6.809e-05
2025-09-20 09:00:00+00:00,7775.405,17.42434198,0.97093541,0.96984698,0.0,0.0007115,3.325e-05
2025-09-20 10:00:00+00:00,7733.1275,17.4722908,0.96745818,0.96666256,0.0,0.00041425,1.907e-05
2025-09-20 11:00:00+00:00,7821.4225,17.71940946,0.96509444,0.9640523,0.0,0.00065662,2.997e-05
2025-09-20 12:00:00+00:00,7795.7575,17.64209126,0.96625017,0.9654198,0.0,0.00047748,2.168e-05
2025-09-20 13:00:00+00:00,7388.7975,17.43386184,0.97001823,0.96959531,0.0,0.00011837,2.051e-05
2025-09-20 14:00:00+00:00,7480.225,17.30343996,0.97593655,0.97574394,0.0,0.0,0.0
2025-09-20 15:00:00+00:00,7631.3725,17.56864855,0.98143324,0.98119342,0.0,0.0,3.847e-05
2025-09-20 16:00:00+00:00,7579.54,17.58859235,0.98435289,0.98406218,0.0,0.0,5.987e-05
2025-09-20 17:00:00+00:00,7704.9175,17.54571925,0.9848658,0.98470107,0.0,0.0,2.355e-05
2025-09-20 18:00:00+00:00,7283.8725,17.1664798,0.98487571,0.98481231,0.0,0.0,0.0
2025-09-20 19:00:00+00:00,6787.51,16.91076544,0.98456736,0.98437363,0.0,0.0,2.435e-05
2025-09-20 20:00:00+00:00,6682.295,17.14991512,0.98447664,0.98420315,0.0,0.0,5.978e-05
2025-09-20 21:00:00+00:00,6680.2525,17.10931619,0.98414473,0.98386752,0.0,0.0,5.091e-05
2025-09-20 22:00:00+00:00,6408.2275,16.78335654,0.9847493,0.98465042,0.0,0.0,4.51e-06
2025-09-20 23:00:00+00:00,6085.4,16.08275517,0.98355206,0.98348721,0.0,0.0,1.03e-06
2025-09-21 00:00:00+00:00,5971.4125,15.95247272,0.98310743,0.98257147,2.27e-06,0.000335,5.17e-06
2025-09-21 01:00:00+00:00,5925.4375,15.56977614,0.98239835,0.98234239,0.0,0.0,0.0
2025-09-21 02:00:00+00:00,5817.4925,15.56775299,0.98204916,0.98197148,0.0,0.0,0.0
2025-09-21 03:00:00+00:00,5945.735,15.68797654,0.98227084,0.98222441,0.0,0.0,0.0
2025-09-21 04:00:00+00:00,6093.095,15.71111594,0.98262459,0.98256872,0.0,0.0,0.0
2025-09-21 05:00:00+00:00,6131.93,15.83394111,0.98189775,0.9809609,4.7e-07,0.00047763,6.56e-06
2025-09-21 06:00:00+00:00,6446.735,15.83235641,0.98118403,0.98056661,7.9e-07,0.00026179,4.22e-06
2025-09-21 07:00:00+00:00,7011.225,15.8057713,0.97916576,0.97892097,0.0,0.0,0.0
2025-09-21 08:00:00+00:00,7309.1975,15.84133202,0.97629892,0.97600178,0.0,0.0,0.0
2025-09-21 09:00:00+00:00,7831.195,16.43932322,0.97510486,0.97451461,0.0,0.00025758,1.154e-05
2025-09-21 10:00:00+00:00,7973.33,17.04589041,0.97246858,0.97138149,3.59e-06,0.00029016,1.517e-05
2025-09-21 11:00:00+00:00,7824.4875,16.98183124,0.97178743,0.97075375,2.29e-06,0.00032648,1.325e-05
2025-09-21 12:00:00+00:00,7887.65,16.63331776,0.97431746,0.97368599,0.0,0.00034945,4.43e-06
2025-09-21 13:00:00+00:00,7860.26,17.04985888,0.9764905,0.97500504,0.0,0.00091738,0.00011121
2025-09-21 14:00:00+00:00,7963.9075,16.75757914,0.97990245,0.97862137,0.0,0.0006865,0.00012019
2025-09-21 15:00:00+00:00,8008.92,16.48370011,0.98261489,0.97966948,0.0,0.00243753,0.00011155
2025-09-21 16:00:00+00:00,8213.73,16.13558868,0.98402071,0.9797589,0.0,0.00389627,9.844e-05
2025-09-21 17:00:00+00:00,8587.185,16.16042451,0.98458036,0.98020107,0.0,0.00407157,8.514e-05
2025-09-21 18:00:00+00:00,8252.8675,15.87552356,0.98465749,0.98068972,0.0,0.00376206,5.879e-05
2025-09-21 19:00:00+00:00,7958.58,16.0393443,0.98477171,0.98070417,0.0,0.00374475,8.304e-05
2025-09-21 20:00:00+00:00,7614.325,16.08647408,0.98438453,0.980174,0.0,0.00379637,0.00011165
2025-09-21 21:00:00+00:00,7349.9575,16.0774455,0.98472086,0.9802825,0.0,0.00405288,0.00011896
2025-09-21 22:00:00+00:00,6818.3125,15.42410484,0.98460343,0.9815081,0.0,0.00274497,8.917e-05
2025-09-21 23:00:00+00:00,6732.9975,15.2579802,0.98471007,0.9822623,0.0,0.00230477,3.314e-05
2025-09-22 00:00:00+00:00,6699.7925,15.3703094,0.98463155,0.98145262,0.0,0.00304552,3.933e-05
2025-09-22 01:00:00+00:00,6644.535,15.35210851,0.9844727,0.98082567,0.0,0.00349114,4.463e-05
2025-09-22 02:00:00+00:00,6732.535,15.36215152,0.98421197,0.97988524,0.0,0.00414271,5.217e-05
2025-09-22 03:00:00+00:00,7218.1775,15.42497304,0.9838182,0.97999246,0.0,0.00347038,0.00010918
2025-09-22 04:00:00+00:00,8047.895,15.46554926,0.98458718,0.98084513,0.0,0.00318618,0.00016742
2025-09-22 05:00:00+00:00,8826.74,15.68833462,0.98438366,0.98066679,0.0,0.00321949,0.00013892
2025-09-22 06:00:00+00:00,9211.6125,16.34399952,0.98153544,0.97765887,2.134e-05,0.00317929,0.00018174
2025-09-22 07:00:00+00:00,9419.03,17.06834491,0.9776946,0.9739112,0.0,0.00310517,0.00016653
2025-09-22 08:00:00+00:00,9103.575,17.65462422,0.97168897,0.96812576,0.0,0.00296721,0.00012265
2025-09-22 09:00:00+00:00,8844.575,18.10184394,0.96912323,0.96567729,0.0,0.00283094,0.00013011
2025-09-22 10:00:00+00:00,8687.485,18.09059488,0.96755639,0.96423835,2e-08,0.00295675,0.00010248
2025-09-22 11:00:00+00:00,8406.8375,18.1584744,0.96570928,0.96242085,0.0,0.00282498,0.00017058
2025-09-22 12:00:00+00:00,8262.675,17.86823258,0.96770185,0.96434337,0.0,0.0028969,0.00017628
2025-09-22 13:00:00+00:00,8210.29,17.26616749,0.97121003,0.96773061,0.0,0.0031361,0.00015187
2025-09-22 14:00:00+00:00,8439.6275,16.57564166,0.97667798,0.9732642,0.0,0.00294598,0.0002034
2025-09-22 15:00:00+00:00,8985.96,16.05483409,0.982591,0.97891506,0.0,0.00312458,0.00025066
2025-09-22 16:00:00+00:00,9369.1175,16.04264545,0.98588092,0.98217565,0.0,0.00307202,0.00027287
2025-09-22 17:00:00+00:00,9251.685,15.80964585,0.9864106,0.98310832,0.0,0.00301161,0.00016857
2025-09-22 18:00:00+00:00,8913.975,15.96994394,0.98597398,0.98249931,0.0,0.0029061,0.00025671
2025-09-22 19:00:00+00:00,8536.94,15.64666521,0.98666279,0.98321838,0.0,0.00290934,0.00024376
2025-09-22 20:00:00+00:00,8084.6525,15.72015261,0.98612608,0.98254988,0.0,0.00311613,0.0002366
2025-09-22 21:00:00+00:00,7633.955,15.66379739,0.98621434,0.98271347,0.0,0.00312524,0.00018951
2025-09-22 22:00:00+00:00,7728.675,15.50632471,0.98577548,0.98234823,0.0,0.00323276,0.00015349
2025-09-22 23:00:00+00:00,7521.705,15.74849211,0.98556541,0.98130198,0.0,0.00386036,0.00022532
2025-09-23 00:00:00+00:00,7283.7825,15.78218681,0.98536643,0.9812955,0.0,0.00366693,0.00022087
2025-09-23 01:00:00+00:00,7381.8575,15.85655104,0.98531856,0.98145012,0.0,0.00344079,0.00023894
2025-09-23 02:00:00+00:00,7573.2575,15.84272128,0.98322024,0.97913025,0.0,0.00371388,0.00023001
2025-09-23 03:00:00+00:00,7913.295,15.9811556,0.98066005,0.97664733,0.0,0.00335578,0.00029645
2025-09-23 04:00:00+00:00,8833.0875,16.09393126,0.9805495,0.97694922,0.0,0.00311139,0.00023254
2025-09-23 05:00:00+00:00,9569.0725,16.82233438,0.98029346,0.97605027,0.00052098,0.00309256,0.00022495
2025-09-23 06:00:00+00:00,9642.9325,17.15633433,0.97665755,0.97330405,0.0004856,0.00251436,0.00010647
2025-09-23 07:00:00+00:00,9571.42,17.46998416,0.97311759,0.97085122,0.0,0.00188043,4.898e-05
2025-09-23 08:00:00+00:00,9387.21,19.25094883,0.96925598,0.96488465,0.0,0.00095603,4.989e-05
2025-09-23 09:00:00+00:00,9118.375,19.25191918,0.96557811,0.96214737,0.0,0.00111505,5.006e-05
2025-09-23 10:00:00+00:00,8982.265,19.19338877,0.96529558,0.96180452,0.0,0.00153042,7.498e-05
2025-09-23 11:00:00+00:00,8731.4875,18.93297929,0.96445343,0.9612044,0.0,0.00249116,0.00011378
2025-09-23 12:00:00+00:00,8792.305,18.91599158,0.96530383,0.96191489,0.0,0.0026985,8.785e-05
2025-09-23 13:00:00+00:00,8847.6875,18.36131517,0.96714183,0.96360801,0.0,0.00281026,9.268e-05
2025-09-23 14:00:00+00:00,8787.195,17.60021178,0.9703394,0.96671687,0.0,0.00291504,7.774e-05
2025-09-23 15:00:00+00:00,9337.7625,17.27109973,0.97745652,0.97319589,0.00054546,0.00321325,6.937e-05
2025-09-23 16:00:00+00:00,9372.825,16.92823057,0.98228421,0.97761921,0.00140738,0.00304112,3.829e-05
2025-09-23 17:00:00+00:00,9395.55,16.68588979,0.98296905,0.97869097,0.00103226,0.00306827,3.584e-05
2025-09-23 18:00:00+00:00,9204.01,16.53428588,0.98255779,0.978499,0.00062646,0.00324624,3.964e-05
2025-09-23 19:00:00+00:00,8988.26,16.69007467,0.98502809,0.98079221,0.00025944,0.0032953,0.00018107
2025-09-23 20:00:00+00:00,8629.8375,16.53489772,0.98553797,0.9813759,0.0,0.00344605,0.00019125
2025-09-23 21:00:00+00:00,8268.0725,16.67573343,0.98623919,0.9816694,0.0,0.00366984,0.00025544
2025-09-23 22:00:00+00:00,7809.2725,16.5321916,0.98433123,0.98112844,2.49e-06,0.00226328,0.00026655
2025-09-23 23:00:00+00:00,7774.865,16.45432066,0.9849656,0.98254733,6.291e-05,0.00150562,0.00024798
2025-09-24 00:00:00+00:00,7747.34,16.53274584,0.98498464,0.98257588,2.67e-05,0.00143394,0.00032587
2025-09-24 01:00:00+00:00,7768.12,16.47099223,0.98414943,0.9823191,3.564e-05,0.00093026,0.00023242
2025-09-24 02:00:00+00:00,7925.375,16.6058687,0.98181332,0.97938235,2.242e-05,0.0014291,0.00031322
2025-09-24 03:00:00+00:00,8264.7675,16.64193382,0.98060799,0.97854456,3.016e-05,0.00102136,0.00034374
2025-09-24 04:00:00+00:00,9202.64,16.98417988,0.98041709,0.97781553,0.0,0.00191575,0.00023697
2025-09-24 05:00:00+00:00,9799.14,17.41635266,0.98050802,0.97753695,0.00021096,0.00212707,0.0002609
2025-09-24 06:00:00+00:00,9804.7825,17.61340651,0.97816922,0.97646094,0.0,0.00098761,0.00022348
2025-09-24 07:00:00+00:00,9719.5225,18.50116951,0.97434105,0.97353197,4.9e-06,0.0,0.00019375
2025-09-24 08:00:00+00:00,9527.97,19.23807641,0.96624786,0.96556735,0.0,0.0,0.00014053
2025-09-24 09:00:00+00:00,9179.4975,19.64142409,0.96295292,0.96224464,0.0,0.0,0.00012689
2025-09-24 10:00:00+00:00,8816.8725,19.69227331,0.96027581,0.95940092,0.0,0.0,0.00012848
2025-09-24 11:00:00+00:00,8785.795,19.62236737,0.96155045,0.96091093,0.0,0.0,0.00011468
2025-09-24 12:00:00+00:00,8664.38,19.30323799,0.9620038,0.96132419,0.0,0.0,0.0001188
2025-09-24 13:00:00+00:00,8732.035,19.06354741,0.96728747,0.96654391,0.0,0.0,0.00013418
2025-09-24 14:00:00+00:00,8840.5125,18.63817787,0.97120946,0.97055775,0.0,0.0,0.0001355
2025-09-24 15:00:00+00:00,9144.9225,18.09674316,0.97339249,0.97287967,0.0,0.0,0.00011887
2025-09-24 16:00:00+00:00,9366.49,17.69779408,0.97714191,0.97666899,0.00025777,2.5e-07,3.294e-05
2025-09-24 17:00:00+00:00,9544.475,17.43153514,0.97746982,0.97708771,0.00030542,0.0,0.0
2025-09-24 18:00:00+00:00,9426.32,17.01829323,0.97759567,0.97730455,0.00020631,0.0,0.0
2025-09-24 19:00:00+00:00,9070.7525,16.7769128,0.97602006,0.97592925,0.0,0.0,0.0
2025-09-24 20:00:00+00:00,8671.3525,16.78964257,0.97795325,0.97778485,0.0,0.0,2.412e-05
2025-09-24 21:00:00+00:00,8263.7425,16.7792643,0.97982986,0.97952931,0.0,0.0,6.979e-05
2025-09-24 22:00:00+00:00,7966.54,16.57486962,0.97998611,0.97936009,0.0,0.0,0.0001498
2025-09-24 23:00:00+00:00,7953.225,16.6029848,0.98108816,0.98040672,0.0,0.0,0.00016412
2025-09-25 00:00:00+00:00,8039.505,16.53329855,0.98089554,0.98025082,0.0,0.0,0.00017516
2025-09-25 01:00:00+00:00,8011.01,16.56677901,0.98053351,0.97985216,0.0,0.0,0.00017763
2025-09-25 02:00:00+00:00,8048.9425,16.70395435,0.97973631,0.97908613,0.0,0.0,0.00017046
2025-09-25 03:00:00+00:00,8371.4,16.74496211,0.97837833,0.97804363,0.0,0.0,8.217e-05
2025-09-25 04:00:00+00:00,9274.49,16.96077813,0.97600221,0.97592847,0.0,0.0,0.0
2025-09-25 05:00:00+00:00,9900.6025,17.27776542,0.97509436,0.9749666,2.35e-05,0.0,0.0
2025-09-25 06:00:00+00:00,9797.075,17.88348023,0.97150117,0.9713934,0.0,0.0,0.0
2025-09-25 07:00:00+00:00,9534.175,18.8787513,0.96702662,0.96673184,0.0,0.0,4.419e-05
2025-09-25 08:00:00+00:00,9425.6825,19.77545228,0.9633434,0.96287774,0.0,0.0,7.069e-05
2025-09-25 09:00:00+00:00,9194.55,20.36412228,0.96056753,0.95993687,0.0,0.0,0.00011284
2025-09-25 10:00:00+00:00,9000.6075,20.43362644,0.9592505,0.95864563,0.0,0.0,9.355e-05
2025-09-25 11:00:00+00:00,8888.185,20.43225854,0.95817756,0.95752507,0.0,0.0,0.0001011
2025-09-25 12:00:00+00:00,8779.45,20.18875428,0.95974256,0.95918119,0.0,0.0,6.232e-05
2025-09-25 13:00:00+00:00,8860.5325,20.17141198,0.96486636,0.96416441,0.0,0.0,0.00011
2025-09-25 14:00:00+00:00,8895.2975,19.21952158,0.96787053,0.96737781,0.0,0.0,8.11e-05
2025-09-25 15:00:00+00:00,9073.1325,18.42525316,0.97206792,0.97161284,0.0,0.0,9.472e-05
2025-09-25 16:00:00+00:00,9224.565,17.96312044,0.97358085,0.97193628,0.0,0.00146159,0.0002081
2025-09-25 17:00:00+00:00,9466.0925,17.80744901,0.97210867,0.96990403,0.0,0.00202111,0.00028502
2025-09-25 18:00:00+00:00,9307.815,17.63711458,0.97266517,0.97024488,7.807e-05,0.00216955,0.00027536
2025-09-25 19:00:00+00:00,8948.915,17.41218504,0.97284448,0.97088324,0.0,0.00176949,0.00014505
2025-09-25 20:00:00+00:00,8586.395,17.19451767,0.97417236,0.97263904,0.0,0.00126471,9.856e-05
2025-09-25 21:00:00+00:00,8151.65,17.10063561,0.97671953,0.97549674,0.0,0.00074375,0.00014635
2025-09-25 22:00:00+00:00,7794.1975,17.34604292,0.97954131,0.97773382,0.0,0.00102631,0.00019127
2025-09-25 23:00:00+00:00,7637.1625,17.39598896,0.97948157,0.97754257,0.0,0.00112648,0.00020835
2025-09-26 00:00:00+00:00,7621.97,17.5094349,0.9784755,0.9767348,0.0,0.00092927,0.00021268
2025-09-26 01:00:00+00:00,7550.25,17.47980914,0.97798338,0.9770116,0.0,0.00019557,0.0001986
2025-09-26 02:00:00+00:00,7651.53,17.65637829,0.97563512,0.97478157,0.0,0.0,0.00021378
2025-09-26 03:00:00+00:00,8116.885,17.81235071,0.97467481,0.97417967,0.0,0.0,0.00012284
2025-09-26 04:00:00+00:00,9074.02,18.14293066,0.9748851,0.974437,0.0,0.0,0.00011026
2025-09-26 05:00:00+00:00,9736.1325,18.45028701,0.97469229,0.97412262,0.00021089,0.0,7.455e-05
2025-09-26 06:00:00+00:00,9752.63,19.14183281,0.97171879,0.97043625,0.00117113,1e-08,2.88e-06
2025-09-26 07:00:00+00:00,9523.2325,19.86514873,0.9670919,0.96594855,0.00098766,1e-08,2.51e-06
2025-09-26 08:00:00+00:00,9357.77,20.76183211,0.96157286,0.96073007,0.00061594,2e-08,6.13e-06
2025-09-26 09:00:00+00:00,9035.625,21.22002342,0.95767483,0.95723646,0.00020193,1e-08,3.27e-06
2025-09-26 10:00:00+00:00,8919.3,21.49874703,0.95674145,0.95644746,0.0,0.0,0.0
2025-09-26 11:00:00+00:00,8758.105,21.51354772,0.95570291,0.95538892,0.0,0.0,0.0
2025-09-26 12:00:00+00:00,8650.0775,21.27253272,0.95894278,0.95862159,0.0,0.0,0.0
2025-09-26 13:00:00+00:00,8475.8775,20.76566128,0.96353604,0.96321521,0.0,0.0,0.0
2025-09-26 14:00:00+00:00,8506.6275,20.03665275,0.96809155,0.96785526,0.0,0.0,0.0
2025-09-26 15:00:00+00:00,8696.6975,19.73076653,0.97401901,0.97303159,0.0,0.0,0.00026847
2025-09-26 16:00:00+00:00,8775.345,19.33284177,0.97459159,0.97313006,0.0005127,0.0,0.00024454
2025-09-26 17:00:00+00:00,8875.1025,19.0905527,0.97595175,0.97444046,0.0006213,0.0,0.00023534
2025-09-26 18:00:00+00:00,8608.9175,18.77538227,0.97588519,0.97492224,0.00010131,0.0,0.00022343
2025-09-26 19:00:00+00:00,8133.44,18.63532074,0.97634597,0.97540152,0.0,0.0,0.00025729
2025-09-26 20:00:00+00:00,7811.5575,18.68431502,0.97805987,0.97695879,0.0,0.0,0.00031504
2025-09-26 21:00:00+00:00,7731.6325,18.74857496,0.97882671,0.97767711,0.0,0.0,0.00031083
2025-09-26 22:00:00+00:00,7469.255,19.01911689,0.9820602,0.98062159,0.0,0.0,0.00039615
2025-09-26 23:00:00+00:00,7441.6425,19.1619173,0.98210144,0.9807945,0.0,0.0,0.00037721
2025-09-27 00:00:00+00:00,7357.7425,19.31860606,0.98192741,0.98051765,0.0,0.0,0.00039084
2025-09-27 01:00:00+00:00,7302.295,19.43684109,0.98175985,0.98038307,0.0,0.0,0.00039713
2025-09-27 02:00:00+00:00,7271.7625,19.49652318,0.98168716,0.98027387,0.0,0.0,0.00036995
2025-09-27 03:00:00+00:00,7444.3075,19.52098615,0.98058988,0.97921396,0.0,0.0,0.00037462
2025-09-27 04:00:00+00:00,7694.66,19.31341709,0.97840966,0.97709997,0.0,0.0,0.00032977
2025-09-27 05:00:00+00:00,7887.61,19.23473162,0.9771699,0.97605384,0.0,0.0,0.00027095
2025-09-27 06:00:00+00:00,8160.5775,19.59791379,0.97547031,0.97446613,0.0,0.0,0.00023948
2025-09-27 07:00:00+00:00,8330.33,20.23655085,0.96909954,0.96806117,0.0,0.0,0.00024056
2025-09-27 08:00:00+00:00,8226.345,20.77815583,0.96547755,0.96458656,0.0,0.0,0.00017839
2025-09-27 09:00:00+00:00,8035.0425,21.23631232,0.96404267,0.96298467,0.0,0.0,0.00021878
2025-09-27 10:00:00+00:00,7854.9175,21.43756879,0.96181143,0.9607496,0.0,0.0,0.00020274
2025-09-27 11:00:00+00:00,7693.615,21.37045082,0.96138489,0.96033925,0.0,0.0,0.0001981
2025-09-27 12:00:00+00:00,7557.2025,21.15550327,0.96351657,0.96234228,0.0,0.0,0.00023734
2025-09-27 13:00:00+00:00,7533.5625,20.63162403,0.96858331,0.96733622,0.0,0.0,0.00024895
2025-09-27 14:00:00+00:00,7667.53,19.9416695,0.97554082,0.97433431,0.0,0.0,0.0002702
2025-09-27 15:00:00+00:00,8035.61,19.13736873,0.97933674,0.97888746,0.0,0.0,9.927e-05
2025-09-27 16:00:00+00:00,8255.405,18.62035095,0.98088,0.98047071,0.0001199,0.0,5.229e-05
2025-09-27 17:00:00+00:00,8345.3475,18.20217752,0.98004868,0.97975442,7.526e-05,0.0,4.442e-05
2025-09-27 18:00:00+00:00,8122.275,18.03175799,0.97877018,0.97809033,0.0,0.0,0.00017074
2025-09-27 19:00:00+00:00,7838.05,17.96229108,0.9792993,0.97823113,0.0,0.0,0.00027993
2025-09-27 20:00:00+00:00,7418.7475,17.70783719,0.97886141,0.97769632,0.0,0.0,0.00029982
2025-09-27 21:00:00+00:00,7126.8225,17.47322224,0.97934238,0.97831861,0.0,0.0,0.00021586
2025-09-27 22:00:00+00:00,7069.7075,17.68850641,0.9822486,0.98094468,0.0,0.0,0.00033715
2025-09-27 23:00:00+00:00,7085.995,17.62940791,0.9822634,0.9809402,0.0,0.0,0.00036605
2025-09-28 00:00:00+00:00,7000.905,17.69128066,0.98204549,0.9806441,7.41e-06,0.0,0.00039647
2025-09-28 01:00:00+00:00,6918.0475,17.87818679,0.98198622,0.98044979,1.168e-05,0.0,0.00042859
2025-09-28 02:00:00+00:00,6893.6325,18.03686675,0.98189346,0.98030926,6.32e-06,0.0,0.00046728
2025-09-28 03:00:00+00:00,6968.655,18.12611969,0.98199268,0.98038208,1.851e-05,0.0,0.00050224
2025-09-28 04:00:00+00:00,7124.1275,18.15269891,0.98220884,0.9806581,1.473e-05,0.0,0.00046599
2025-09-28 05:00:00+00:00,7203.575,18.04707913,0.98293358,0.98149524,4.72e-06,0.0,0.00040959
2025-09-28 06:00:00+00:00,7503.1425,18.33993674,0.98005181,0.97850092,3.123e-05,0.0,0.0004063
2025-09-28 07:00:00+00:00,7815.685,18.77469993,0.9759128,0.97438942,2.297e-05,0.0,0.00037559
2025-09-28 08:00:00+00:00,7956.21,19.55456394,0.97254763,0.97098567,2.877e-05,0.0,0.00045679
2025-09-28 09:00:00+00:00,8064.0375,20.13683067,0.9721471,0.97056528,2.213e-05,0.0,0.00042655
2025-09-28 10:00:00+00:00,8231.985,20.35597201,0.96872513,0.96719402,0.0,0.0,0.00034568
2025-09-28 11:00:00+00:00,8181.0475,20.22949651,0.96759395,0.9661979,0.0,0.0,0.00030004
2025-09-28 12:00:00+00:00,7973.405,19.9543911,0.9700938,0.968703,0.0,0.0,0.00028651
2025-09-28 13:00:00+00:00,8018.3825,19.75270852,0.97272186,0.97105493,3.138e-05,0.0,0.00045153
2025-09-28 14:00:00+00:00,8110.46,19.18849997,0.9742222,0.97276251,0.0,0.0,0.0003374
2025-09-28 15:00:00+00:00,8356.3625,18.25109645,0.9781669,0.97732269,0.0,0.0,0.00019479
2025-09-28 16:00:00+00:00,8496.7275,17.34771611,0.97987883,0.97960827,0.0,0.0,3.709e-05
2025-09-28 17:00:00+00:00,8706.1975,16.88721529,0.98108238,0.98099055,0.0,0.0,0.0
2025-09-28 18:00:00+00:00,8406.875,16.3212834,0.98138072,0.98111607,0.0,0.0,5.528e-05
2025-09-28 19:00:00+00:00,8140.3475,16.07323727,0.98155025,0.98072919,0.0,0.0,0.00019396
2025-09-28 20:00:00+00:00,7772.3075,16.11565879,0.98182438,0.98087818,0.0,0.0,0.00024175
2025-09-28 21:00:00+00:00,7389.6575,15.93873313,0.98174481,0.98124498,0.0,0.0,0.00013034
2025-09-28 22:00:00+00:00,7000.035,16.28043199,0.9823356,0.98068119,0.0,0.00063512,0.00026561
2025-09-28 23:00:00+00:00,6952.805,16.4123803,0.98230746,0.98033383,0.0,0.00081866,0.0003269
2025-09-29 00:00:00+00:00,6859.2475,16.34384215,0.98236605,0.9811252,0.0,6.136e-05,0.00033131
2025-09-29 01:00:00+00:00,6809.8775,16.46496607,0.98119018,0.98003421,0.0,0.0,0.00033023
2025-09-29 02:00:00+00:00,6859.8675,16.56160002,0.98023997,0.97902988,0.0,0.0,0.00035068
2025-09-29 03:00:00+00:00,7265.0075,16.63963845,0.97913534,0.97801997,0.0,0.0,0.0003224
2025-09-29 04:00:00+00:00,8336.475,16.53163175,0.9788968,0.97880875,0.0,0.0,0.0
2025-09-29 05:00:00+00:00,8999.98,16.78106611,0.97862161,0.97849581,0.0,0.0,0.0
2025-09-29 06:00:00+00:00,9271.77,17.14858228,0.97576676,0.97558311,0.0,0.0,0.0
2025-09-29 07:00:00+00:00,9356.475,17.67571645,0.9737919,0.97347193,0.0,0.0,2.933e-05
2025-09-29 08:00:00+00:00,9459.0475,18.24206157,0.9712984,0.97063083,0.0,0.0,0.00011963
2025-09-29 09:00:00+00:00,9369.2325,18.21428153,0.96841949,0.96784875,0.0,0.0,7.028e-05
2025-09-29 10:00:00+00:00,9471.555,18.51398183,0.96994535,0.96900724,0.0,0.0,0.00016606
2025-09-29 11:00:00+00:00,9296.115,18.58263955,0.96869013,0.96781355,0.0,0.0,0.00015298
2025-09-29 12:00:00+00:00,9140.19,18.52354973,0.9694663,0.96869323,0.0,0.0,0.00011746
2025-09-29 13:00:00+00:00,9040.17,18.30498756,0.97348866,0.97297757,0.0,0.0,5.47e-05
2025-09-29 14:00:00+00:00,8866.1225,18.12307401,0.97644211,0.97613803,0.0,0.0,2.252e-05
2025-09-29 15:00:00+00:00,9053.555,17.86468238,0.97978913,0.97937035,0.00022524,0.0,2.619e-05
2025-09-29 16:00:00+00:00,9012.5625,17.64236728,0.98096961,0.98013992,0.00064809,0.0,0.0
2025-09-29 17:00:00+00:00,9061.0475,17.45507091,0.981183,0.98042432,0.00064469,0.0,0.0
2025-09-29 18:00:00+00:00,8838.565,17.07895597,0.98154932,0.98141054,6.953e-05,0.0,0.0
2025-09-29 19:00:00+00:00,8497.525,16.87337756,0.9813967,0.98130339,0.0,0.0,0.0
2025-09-29 20:00:00+00:00,8078.2175,16.78190223,0.98337306,0.98329571,0.0,0.0,0.0
2025-09-29 21:00:00+00:00,7722.4375,16.70845097,0.98382889,0.98324355,0.0,0.0,0.00016535
2025-09-29 22:00:00+00:00,7386.6475,16.98772859,0.98370125,0.98250404,0.0,0.00032606,0.00025188
2025-09-29 23:00:00+00:00,7457.39,17.21688332,0.98390156,0.98222489,0.0,0.00066113,0.00029007
2025-09-30 00:00:00+00:00,7482.2225,17.19900945,0.98299005,0.98141561,0.0,0.00049621,0.00032453
2025-09-30 01:00:00+00:00,7206.3325,17.24302592,0.98327808,0.98217475,0.0,0.0,0.00033855
2025-09-30 02:00:00+00:00,7337.255,17.28691696,0.98353564,0.98255969,0.0,0.0,0.00028027
2025-09-30 03:00:00+00:00,7711.205,17.50966462,0.98270983,0.98214312,0.0,0.0,0.00016027
2025-09-30 04:00:00+00:00,8669.1925,17.83894853,0.98187896,0.9816666,5.968e-05,0.0,2.021e-05
2025-09-30 05:00:00+00:00,9184.3225,18.17172259,0.98151163,0.98108483,0.00029425,0.0,0.0
2025-09-30 06:00:00+00:00,9318.2875,18.62138253,0.9782274,0.97767501,0.0002051,0.0,5.084e-05
2025-09-30 07:00:00+00:00,9624.34,19.73341028,0.97466866,0.9737668,0.00022726,0.0,0.0001168
2025-09-30 08:00:00+00:00,9662.6575,20.45271917,0.96907307,0.968301,0.0,3e-08,0.00012013
2025-09-30 09:00:00+00:00,9690.4875,20.96229504,0.9669746,0.96602906,0.0,5e-08,0.00014698
2025-09-30 10:00:00+00:00,9797.445,21.13918977,0.96743945,0.9664423,0.0,5e-08,0.00017413
2025-09-30 11:00:00+00:00,9797.39,20.94958388,0.96714892,0.96629185,0.0,3e-08,0.00013457
2025-09-30 12:00:00+00:00,9681.6575,20.53605312,0.96928758,0.96838579,0.0,4e-08,0.00013837
2025-09-30 13:00:00+00:00,9576.075,20.13951085,0.97146486,0.97086789,0.0,3e-08,8.225e-05
2025-09-30 14:00:00+00:00,9448.2225,19.53205988,0.97512524,0.9746501,4.446e-05,0.0,6.284e-05
2025-09-30 15:00:00+00:00,9456.6175,18.96239932,0.97927669,0.9787991,0.00034749,0.0,0.0
2025-09-30 16:00:00+00:00,9537.175,18.62251706,0.98087063,0.97981202,0.00090089,0.0,0.0
2025-09-30 17:00:00+00:00,9652.0025,18.30063117,0.98201595,0.98080073,0.0010567,0.0,0.0
2025-09-30 18:00:00+00:00,9485.0575,17.91558252,0.98023319,0.98000838,0.00016345,0.0,0.0
2025-09-30 19:00:00+00:00,9000.3225,17.61858813,0.9795312,0.97938519,5.158e-05,0.0,0.0
2025-09-30 20:00:00+00:00,8506.1175,17.56453352,0.97943275,0.97935648,0.0,0.0,0.0
2025-09-30 21:00:00+00:00,7998.505,17.4654619,0.98068699,0.98065072,0.0,0.0,0.0
2025-09-30 22:00:00+00:00,7770.1725,17.60807743,0.98627701,0.98568688,0.0,0.0,0.00016982
2025-09-30 23:00:00+00:00,7685.075,17.57880777,0.98621237,0.98554038,0.0,0.0,0.00017744
2025-10-01 00:00:00+00:00,7596.1675,17.52783102,0.98289092,0.98224526,0.0,0.0,0.00019003
2025-10-01 01:00:00+00:00,7700.6725,17.47090052,0.9851585,0.98444583,0.0,0.0,0.00020438
2025-10-01 02:00:00+00:00,7690.865,17.65969385,0.98541655,0.98470554,0.0,0.0,0.00020903
2025-10-01 03:00:00+00:00,8120.615,17.91272496,0.98504436,0.98443509,0.0,0.0,0.0001793
2025-10-01 04:00:00+00:00,8851.075,17.73976274,0.98328494,0.98253694,0.0005453,0.0,3.674e-05
2025-10-01 05:00:00+00:00,9413.3975,17.89922415,0.98302404,0.98192372,0.00090055,0.0,2.107e-05
2025-10-01 06:00:00+00:00,9631.2875,18.39910423,0.97916373,0.97815468,0.00054961,0.0,8.806e-05
2025-10-01 07:00:00+00:00,9674.2575,19.10576723,0.9740524,0.97353676,0.0,0.0,9.642e-05
2025-10-01 08:00:00+00:00,9794.425,20.1491998,0.96988605,0.96925485,0.0,0.0,0.0001083
2025-10-01 09:00:00+00:00,9748.6225,20.74763745,0.96871646,0.96806939,0.0,0.0,0.00010236
2025-10-01 10:00:00+00:00,9794.365,20.86163963,0.96746583,0.96677877,0.0,0.0,9.637e-05
2025-10-01 11:00:00+00:00,9761.5375,20.61235272,0.96622103,0.96555942,0.0,0.0,8.91e-05
2025-10-01 12:00:00+00:00,9596.9425,20.22265544,0.96940709,0.96881142,0.0,0.0,7.096e-05
2025-10-01 13:00:00+00:00,9360.32,19.59599023,0.97149861,0.97102984,0.0,0.0,4.609e-05
2025-10-01 14:00:00+00:00,9119.94,19.01962454,0.97520558,0.97475361,0.0,0.0,7.409e-05
2025-10-01 15:00:00+00:00,9148.0075,18.34007219,0.97997924,0.97945049,0.00011354,0.0,8.238e-05
2025-10-01 16:00:00+00:00,9298.1775,17.87394793,0.98323926,0.98250432,0.0002742,0.0,7.225e-05
2025-10-01 17:00:00+00:00,9330.115,17.65445378,0.98297336,0.98204672,0.00033919,0.0,0.00012173
2025-10-01 18:00:00+00:00,9277.8725,16.95206823,0.9837436,0.98340814,0.00017179,0.0,2.875e-05
2025-10-01 19:00:00+00:00,8952.675,16.6639947,0.98441169,0.98423216,6.489e-05,0.0,5.56e-06
2025-10-01 20:00:00+00:00,8371.1375,16.39373146,0.9845007,0.98439511,4.48e-06,0.0,8.72e-06
2025-10-01 21:00:00+00:00,7980.465,16.43350234,0.9846926,0.98454364,0.0,0.0,2.867e-05
2025-10-01 22:00:00+00:00,7759.1475,16.47163137,0.98252278,0.98216965,0.0,0.0,8.349e-05
2025-10-01 23:00:00+00:00,7518.3025,16.27378003,0.98208986,0.98194499,0.0,0.0,2.636e-05
2025-10-02 00:00:00+00:00,7566.8975,16.22546722,0.9819323,0.98189405,0.0,0.0,0.0
2025-10-02 01:00:00+00:00,7523.7375,16.24977189,0.98385771,0.98381845,0.0,0.0,0.0
2025-10-02 02:00:00+00:00,7537.54,16.19814269,0.97919897,0.97915004,0.0,0.0,0.0
2025-10-02 03:00:00+00:00,7833.315,16.17894587,0.98158023,0.98146079,3.219e-05,0.0,1.667e-05
2025-10-02 04:00:00+00:00,8877.67,16.63980437,0.98178844,0.98113705,0.00056519,0.0,5.29e-06
2025-10-02 05:00:00+00:00,9778.215,16.69091803,0.98256334,0.98201292,0.00037466,0.0,0.0
2025-10-02 06:00:00+00:00,9830.905,16.78133785,0.98002239,0.979729,0.00010511,0.0,0.0
2025-10-02 07:00:00+00:00,9730.955,17.44536843,0.97832601,0.97807235,0.0,0.0,6.86e-06
2025-10-02 08:00:00+00:00,9243.035,17.58068194,0.97223166,0.97178161,0.0,0.0,5.469e-05
2025-10-02 09:00:00+00:00,9255.0225,18.69915124,0.96812488,0.96740146,0.0,0.0,0.00011419
2025-10-02 10:00:00+00:00,8963.07,18.35031592,0.96532264,0.9646475,0.0,0.0,8.971e-05
2025-10-02 11:00:00+00:00,9024.1125,18.82045455,0.96467859,0.9640039,0.0,0.0,9.89e-05
2025-10-02 12:00:00+00:00,8895.8525,18.15188491,0.96853757,0.96782841,0.0,0.0,0.00012016
2025-10-02 13:00:00+00:00,8837.1,17.92262061,0.97196966,0.97118343,0.0,0.0,0.00016009
2025-10-02 14:00:00+00:00,8831.3925,17.43236047,0.97702373,0.97653796,0.0,0.0,8.772e-05
2025-10-02 15:00:00+00:00,9074.895,16.70509153,0.98245817,0.98231555,6.19e-06,0.0,6e-08
2025-10-02 16:00:00+00:00,9205.445,16.88591321,0.98529427,0.98435048,0.00067169,0.0,8.1e-07
2025-10-02 17:00:00+00:00,9229.915,16.79831406,0.9845493,0.98340591,0.00093729,0.0,6.5e-07
2025-10-02 18:00:00+00:00,9128.065,16.47951216,0.98408091,0.9834307,0.00057722,0.0,3.12e-06
2025-10-02 19:00:00+00:00,8645.4,16.12732712,0.98395092,0.98383113,0.0,0.0,0.0
2025-10-02 20:00:00+00:00,8164.185,16.02205908,0.98434223,0.98426606,0.0,0.0,0.0
2025-10-02 21:00:00+00:00,7735.435,15.91237235,0.984189,0.98414732,0.0,0.0,1.34e-06
2025-10-02 22:00:00+00:00,7278.4725,15.85449819,0.98350058,0.98299444,0.0,0.00029402,3.928e-05
2025-10-02 23:00:00+00:00,7195.9525,16.09496398,0.98279402,0.98172431,0.0,0.00028696,0.00019622
2025-10-03 00:00:00+00:00,10935.63,15.90523633,0.98018949,0.97922546,0.0,0.00036676,0.00016338
2025-10-03 01:00:00+00:00,11129.49,16.01796782,0.98145732,0.98006987,0.0,0.0005717,0.00020604
2025-10-03 02:00:00+00:00,11192.9475,16.13408998,0.9828565,0.98159778,0.0,0.00040577,0.0002313
2025-10-03 03:00:00+00:00,11543.5775,16.33147567,0.98346175,0.98260517,0.0,0.0,0.00025114
2025-10-03 04:00:00+00:00,11825.815,16.27021132,0.98382708,0.98342735,0.0,0.0,0.00010309
2025-10-03 05:00:00+00:00,12048.915,16.4873645,0.98368736,0.98321266,0.0,4e-08,7.746e-05
2025-10-03 06:00:00+00:00,11959.0025,16.71997974,0.98104624,0.98046721,0.0,0.0,0.00011306
2025-10-03 07:00:00+00:00,11630.7825,17.25815212,0.9751718,0.97444845,0.0,0.0,0.00015587
2025-10-03 08:00:00+00:00,10953.6525,17.70980074,0.96870049,0.96784438,0.0,0.0,0.00018347
2025-10-03 09:00:00+00:00,10871.615,17.82539797,0.96539104,0.96449956,0.0,0.0,0.0001762
2025-10-03 10:00:00+00:00,10657.595,17.52978129,0.96478708,0.96395861,0.0,0.0,0.00014665
2025-10-03 11:00:00+00:00,10911.6425,17.20815321,0.96390099,0.96311848,0.0,0.0,0.00014058
2025-10-03 12:00:00+00:00,10765.99,17.07094173,0.96773552,0.96681602,0.0,0.0,0.00019619
2025-10-03 13:00:00+00:00,10731.48,16.83120257,0.9711923,0.97033461,0.0,0.0,0.00018457
2025-10-03 14:00:00+00:00,11588.855,16.68279474,0.97706747,0.97617477,0.0,0.0,0.00021731
2025-10-03 15:00:00+00:00,11929.755,16.30062313,0.98164045,0.98094343,0.0,0.0,0.00017122
2025-10-03 16:00:00+00:00,12043.7375,16.02378834,0.98287173,0.98221775,0.0,0.0,0.0001043
2025-10-03 17:00:00+00:00,11379.955,15.65074496,0.9823141,0.98179223,0.0,0.0,8.49e-05
2025-10-03 18:00:00+00:00,11236.94,15.22867577,0.98299909,0.98264204,0.0,3.843e-05,7.399e-05
2025-10-03 19:00:00+00:00,10909.7525,15.07312894,0.98309773,0.98074741,0.0,0.00192871,8.677e-05
2025-10-03 20:00:00+00:00,10618.1975,14.9740878,0.98394183,0.98129197,0.0,0.00217233,0.00012154
2025-10-03 21:00:00+00:00,10386.34,14.84609166,0.98498179,0.98172265,0.0,0.00296357,7.657e-05
2025-10-03 22:00:00+00:00,9208.255,13.83441328,0.98880107,0.98869051,0.0,0.0,8.42e-06
2025-10-03 23:00:00+00:00,9060.8275,13.91044401,0.98854505,0.98795191,0.0,0.00027654,7.575e-05
2025-10-04 00:00:00+00:00,6866.6525,13.74466188,0.98841171,0.98787415,0.0,0.00029361,6.142e-05
2025-10-04 01:00:00+00:00,6827.3125,13.5933658,0.98805005,0.98768736,0.0,0.00027124,1.677e-05
2025-10-04 02:00:00+00:00,7052.5875,13.57120163,0.98700856,0.98671438,0.0,0.00018725,1.731e-05
2025-10-04 03:00:00+00:00,7082.365,13.41193051,0.98669191,0.98659833,0.0,4.857e-05,7.7e-07
2025-10-04 04:00:00+00:00,7342.7975,13.56894189,0.98714078,0.98685428,0.0,0.00020976,3.3e-06
2025-10-04 05:00:00+00:00,7494.17,13.7099097,0.98762752,0.98706723,0.0,0.00026129,4.1e-06
2025-10-04 06:00:00+00:00,7954.825,14.12430627,0.98772105,0.98675109,0.0,0.00054707,6.963e-05
2025-10-04 07:00:00+00:00,8276.445,13.84943163,0.98601428,0.98562075,0.0,0.00016073,2.49e-06
2025-10-04 08:00:00+00:00,8628.46,14.03903159,0.98474183,0.98434737,0.0,0.00014959,2.29e-06
2025-10-04 09:00:00+00:00,8967.6425,14.0492682,0.98339814,0.98312767,0.0,0.0,0.0
2025-10-04 10:00:00+00:00,9125.795,14.10131115,0.98183931,0.98150262,0.0,0.0,0.0
2025-10-04 11:00:00+00:00,9234.29,14.17760912,0.98110526,0.98079047,0.0,2.533e-05,4e-07
2025-10-04 12:00:00+00:00,9082.1475,14.12712531,0.98390129,0.98366189,0.0,0.0,0.0
2025-10-04 13:00:00+00:00,9091.905,14.07360548,0.98588539,0.98564629,0.0,0.0,0.0
2025-10-04 14:00:00+00:00,9157.475,13.98937048,0.9879534,0.9877937,0.0,0.0,0.0
2025-10-04 15:00:00+00:00,9369.905,14.28821176,0.98920164,0.98877098,0.0,0.0,9.834e-05
2025-10-04 16:00:00+00:00,9555.485,14.50863752,0.98943721,0.98855028,0.0,0.00036681,6.081e-05
2025-10-04 17:00:00+00:00,9304.185,14.76248196,0.98846151,0.98556809,0.0,0.00248869,5.31e-05
2025-10-04 18:00:00+00:00,8894.4475,14.60540978,0.98832604,0.98644958,0.0,0.00164849,5.452e-05
2025-10-04 19:00:00+00:00,8650.12,14.78599242,0.98838403,0.98654602,0.0,0.00146818,8.004e-05
2025-10-04 20:00:00+00:00,8295.675,14.77362936,0.98781774,0.98622952,0.0,0.00131594,6.867e-05
2025-10-04 21:00:00+00:00,7912.7025,14.92457969,0.98694732,0.98432532,0.0,0.00230552,9.736e-05
2025-10-04 22:00:00+00:00,7481.2475,14.49316902,0.98623473,0.98371392,0.0,0.00233659,3.883e-05
2025-10-04 23:00:00+00:00,7158.0225,14.52801083,0.98526434,0.98232162,0.0,0.00278174,4.421e-05
2025-10-05 00:00:00+00:00,7051.475,14.27753854,0.98492668,0.98332684,0.0,0.00150068,2.389e-05
2025-10-05 01:00:00+00:00,6919.0475,14.01805538,0.98597038,0.98570208,0.0,0.00021131,3.36e-06
2025-10-05 02:00:00+00:00,6836.2075,14.13093515,0.98483605,0.98407173,0.0,0.00066761,1.011e-05
2025-10-05 03:00:00+00:00,6848.845,14.57523083,0.98465454,0.981866,0.0,0.00264961,3.993e-05
2025-10-05 04:00:00+00:00,6961.1475,14.90396775,0.98427737,0.98021904,0.0,0.00385015,5.666e-05
2025-10-05 05:00:00+00:00,7078.75,15.23538436,0.98420018,0.97936314,0.0,0.00431534,6.265e-05
2025-10-05 06:00:00+00:00,7395.7025,15.46034336,0.98451486,0.98017039,0.0,0.00397949,5.688e-05
2025-10-05 07:00:00+00:00,7740.785,15.82800417,0.9821519,0.97788562,0.0,0.00387844,6.285e-05
2025-10-05 08:00:00+00:00,8001.525,16.11302452,0.98027371,0.97602651,0.0,0.0038093,6.533e-05
2025-10-05 09:00:00+00:00,8176.995,16.25160912,0.97681118,0.97298506,0.0,0.00335848,5.949e-05
2025-10-05 10:00:00+00:00,8357.355,16.56597823,0.976448,0.97299285,0.0,0.00300696,4.897e-05
2025-10-05 11:00:00+00:00,8244.14,16.57504346,0.97231364,0.96889807,0.0,0.00294111,6.145e-05
2025-10-05 12:00:00+00:00,8279.185,16.68079185,0.97517228,0.97175451,0.0,0.00301497,6.861e-05
2025-10-05 13:00:00+00:00,8315.8775,16.7605381,0.97907914,0.97573727,0.0,0.00289222,5.949e-05
2025-10-05 14:00:00+00:00,8587.4575,16.68657518,0.98455592,0.98293126,0.0,0.00139083,2.085e-05
2025-10-05 15:00:00+00:00,8952.37,16.76714433,0.98782188,0.98659393,0.0,0.00101705,3.999e-05
2025-10-05 16:00:00+00:00,9214.0175,17.77883439,0.98774504,0.98323253,0.00016127,0.00339474,0.00015209
2025-10-05 17:00:00+00:00,9150.6625,18.29845263,0.98747621,0.9820902,0.00032205,0.00368494,0.00020468
2025-10-05 18:00:00+00:00,8917.4975,18.16387941,0.98750619,0.9830652,0.00015664,0.00332334,0.00024909
2025-10-05 19:00:00+00:00,8522.6775,17.96565919,0.98705357,0.98351799,0.00011294,0.00269727,0.00014953
2025-10-05 20:00:00+00:00,8151.5325,17.933321,0.98691799,0.98393034,2.368e-05,0.00244184,0.00016375
2025-10-05 21:00:00+00:00,7709.3625,17.87938899,0.98741523,0.98667465,1.537e-05,0.00011601,0.00015962
2025-10-05 22:00:00+00:00,7537.61,18.41006212,0.98791013,0.98661204,3.64e-06,0.00020872,0.00024707
2025-10-05 23:00:00+00:00,7399.1825,18.60807661,0.98770518,0.98583124,1.38e-06,0.00052119,0.00027934
2025-10-06 00:00:00+00:00,7296.7725,18.57574069,0.9880599,0.9866368,6e-07,0.00026756,0.0002806
2025-10-06 01:00:00+00:00,7166.85,18.59802495,0.98800602,0.98686488,1e-07,4.398e-05,0.00030328
2025-10-06 02:00:00+00:00,7281.735,18.78873253,0.98636843,0.98464731,9.14e-06,0.0003291,0.00029109
2025-10-06 03:00:00+00:00,7600.015,19.03065614,0.98393315,0.98175286,1.959e-05,0.00057811,0.00028239
2025-10-06 04:00:00+00:00,8681.0025,19.32009998,0.98355056,0.98129579,3.148e-05,0.00066873,0.00024297
2025-10-06 05:00:00+00:00,9432.83,19.43914367,0.98196065,0.97950244,6.923e-05,0.00093749,0.0001718
2025-10-06 06:00:00+00:00,9454.5525,19.45124422,0.98124468,0.97936926,0.00012061,0.00082869,0.00014747
2025-10-06 07:00:00+00:00,9525.7975,19.92024946,0.9782223,0.97624384,9.613e-05,0.00068099,0.00015821
2025-10-06 08:00:00+00:00,9456.765,19.92040987,0.97405591,0.97315035,1.87e-06,4.875e-05,0.00018332
2025-10-06 09:00:00+00:00,9400.88,20.7255488,0.97031471,0.96820005,2.009e-05,0.00070477,0.00017749
2025-10-06 10:00:00+00:00,9335.8625,21.75925673,0.96744051,0.96318179,2.119e-05,0.00203374,0.00020524
2025-10-06 11:00:00+00:00,9324.995,21.69330945,0.96549978,0.96154244,2.84e-05,0.00187191,0.00021966
2025-10-06 12:00:00+00:00,9178.725,22.01242856,0.96946064,0.96435124,6.749e-05,0.00246555,0.00018936
2025-10-06 13:00:00+00:00,9190.865,22.17023929,0.97260488,0.96638721,0.00012563,0.00291265,0.00021048
2025-10-06 14:00:00+00:00,9217.1675,22.32780405,0.97517692,0.96747436,0.00057511,0.00309248,0.00022453
2025-10-06 15:00:00+00:00,9375.555,21.7895062,0.97895182,0.97017756,0.00181619,0.00369944,0.00026594
2025-10-06 16:00:00+00:00,9546.29,21.31728564,0.97947048,0.97254477,0.00163849,0.00192583,0.00019537
2025-10-06 17:00:00+00:00,9462.1675,19.29694929,0.98008581,0.9779483,0.00166073,0.0,5.992e-05
2025-10-06 18:00:00+00:00,9141.775,18.84620041,0.98057973,0.9792265,0.00124698,0.0,7.26e-06
2025-10-06 19:00:00+00:00,8818.4925,18.58650629,0.98074401,0.98005836,0.00055304,0.0,5.74e-06
2025-10-06 20:00:00+00:00,8419.4125,18.21103608,0.98172428,0.98154358,0.00010054,0.0,2.76e-06
2025-10-06 21:00:00+00:00,8005.4775,17.79655721,0.98210741,0.9820647,0.0,0.0,1.42e-06
2025-10-06 22:00:00+00:00,7588.59431875,17.39627167,0.98290013,0.98274368,0.0,0.0,0.0
2025-10-06 23:00:00+00:00,7449.8448365,17.25648559,0.98334979,0.98329631,0.0,0.0,0.0
2025-10-07 00:00:00+00:00,7245.90002925,17.0597215,0.98030494,0.98026685,0.0,0.0,0.0
2025-10-07 01:00:00+00:00,7276.47883025,17.05729752,0.97817146,0.9781112,0.0,0.0,0.0
2025-10-07 02:00:00+00:00,7253.7936845,17.00115657,0.98323206,0.98315416,0.0,0.0,0.0
2025-10-07 03:00:00+00:00,7555.453948,16.83042057,0.9829296,0.98288351,0.0,0.0,0.0
2025-10-07 04:00:00+00:00,8439.87892725,16.97976084,0.98205273,0.98176436,0.00019952,0.0,0.0
2025-10-07 05:00:00+00:00,9046.297404,17.21873354,0.98127282,0.97951055,0.00143849,0.0,0.0
2025-10-07 06:00:00+00:00,9149.24481175,17.60353014,0.98029598,0.97756864,0.00109698,0.00105337,9.513e-05
2025-10-07 07:00:00+00:00,9177.655062,17.90226931,0.97858589,0.97493362,0.00155549,0.00145575,0.00014729
2025-10-07 08:00:00+00:00,9242.89068575,17.95463605,0.97847167,0.97570231,0.00166175,0.00072696,8.551e-05
2025-10-07 09:00:00+00:00,9193.5946515,17.90925335,0.97652568,0.9742068,0.00159007,0.00039681,5.632e-05
2025-10-07 10:00:00+00:00,9214.43129725,17.78937757,0.97636251,0.97437937,0.00173807,0.0,1.248e-05
2025-10-07 11:00:00+00:00,9246.1424165,17.53645738,0.97452579,0.97365877,0.00057892,5.475e-05,1.113e-05
2025-10-07 12:00:00+00:00,9128.8352605,17.20882957,0.97785897,0.97729816,0.00016431,0.00016467,1.388e-05
2025-10-07 13:00:00+00:00,8991.453925,17.0507061,0.97956386,0.97914147,0.00018919,1e-08,2.48e-06
2025-10-07 14:00:00+00:00,9137.311365,16.98408066,0.9813394,0.97999086,0.0,0.00092846,5.546e-05
2025-10-07 15:00:00+00:00,9345.93052375,17.08389207,0.98211719,0.97931831,0.0,0.00246745,8.863e-05
2025-10-07 16:00:00+00:00,9422.1574515,17.13249165,0.98198888,0.97905855,0.0,0.00248633,3.635e-05
2025-10-07 17:00:00+00:00,9288.3191165,17.09639037,0.98271743,0.97966776,0.0,0.00261346,3.659e-05
2025-10-07 18:00:00+00:00,8848.20327525,16.94067136,0.98330596,0.98021313,0.0,0.00284025,4.222e-05
2025-10-07 19:00:00+00:00,8477.666475,17.02851155,0.98428121,0.98096052,0.0,0.00301057,4.475e-05
2025-10-07 20:00:00+00:00,8081.57809975,17.04743932,0.98412538,0.98042843,0.0,0.00338448,4.979e-05
2025-10-07 21:00:00+00:00,7731.823887,17.03297117,0.98383977,0.98005785,0.0,0.00351532,5.247e-05
2025-10-07 22:00:00+00:00,7309.071425,16.96775616,0.98299394,0.97893335,0.0,0.00332673,0.00014249
2025-10-07 23:00:00+00:00,7132.459454,16.89619395,0.98226209,0.97796316,0.0,0.00366315,0.00013688
2025-10-08 00:00:00+00:00,7104.04083725,16.91922332,0.98209235,0.97774559,0.0,0.00369717,0.00014873
2025-10-08 01:00:00+00:00,7036.85735675,16.89104728,0.9810594,0.97688753,0.0,0.00354991,0.00013429
2025-10-08 02:00:00+00:00,7180.871456,16.87043453,0.98223866,0.97826283,0.0,0.00349043,0.00010156
2025-10-08 03:00:00+00:00,7513.387202,16.94862573,0.98288996,0.97945238,0.0,0.0030596,8.278e-05
2025-10-08 04:00:00+00:00,8381.18496325,17.30287297,0.98199375,0.97888937,0.0,0.00286667,3.998e-05
2025-10-08 05:00:00+00:00,9190.105993,17.83263485,0.98124326,0.9783402,0.0,0.00251891,3.605e-05
2025-10-08 06:00:00+00:00,9345.08353325,18.14871251,0.97813056,0.97501229,0.00032573,0.00243904,4.616e-05
2025-10-08 07:00:00+00:00,9377.385239,18.78464957,0.97667277,0.97290691,0.00016662,0.0024849,4.538e-05
2025-10-08 08:00:00+00:00,9234.3445035,18.65427375,0.97454282,0.97155474,0.0,0.00262592,3.727e-05
2025-10-08 09:00:00+00:00,9083.519415,18.93929624,0.97047646,0.96750085,0.0,0.00258127,3.788e-05
2025-10-08 10:00:00+00:00,9034.392024,19.15484766,0.96748593,0.96447558,0.0,0.00262173,3.705e-05
2025-10-08 11:00:00+00:00,8898.715647,19.08748862,0.96254172,0.96019466,0.0,0.00197094,4.044e-05
2025-10-08 12:00:00+00:00,8625.316156,18.9161802,0.96551486,0.96402306,0.0,0.00105511,6.313e-05
2025-10-08 13:00:00+00:00,8616.895975,18.70168532,0.96912667,0.96818375,5.1e-07,0.00035624,0.00011997
2025-10-08 14:00:00+00:00,8896.941487,18.37846792,0.97440174,0.97320043,0.0,0.00084454,0.00014584
2025-10-08 15:00:00+00:00,9313.8958985,18.06095684,0.9754409,0.972862,0.0,0.00238569,0.00028212
2025-10-08 16:00:00+00:00,9415.9402245,17.57253557,0.97485032,0.97312907,0.00027714,0.00113516,0.00014292
2025-10-08 17:00:00+00:00,9294.1085885,17.14770441,0.97491401,0.97369431,0.00040595,0.00052078,6.202e-05
2025-10-08 18:00:00+00:00,9081.68841975,16.67187483,0.97474707,0.9740372,0.0,0.00061667,6.371e-05
2025-10-08 19:00:00+00:00,8720.97141775,16.62978004,0.97614764,0.97603859,0.0,0.0,0.0
2025-10-08 20:00:00+00:00,8323.9588535,16.61764212,0.97663043,0.97655064,0.0,0.0,0.0
2025-10-08 21:00:00+00:00,7990.0154055,16.66325666,0.97865522,0.97862047,0.0,0.0,0.0
2025-10-08 22:00:00+00:00,7663.465498,16.79456019,0.97820682,0.97806565,0.0,0.0,0.0
2025-10-08 23:00:00+00:00,7608.80719225,16.85803874,0.97960584,0.97953489,0.0,0.0,0.0
2025-10-09 00:00:00+00:00,7756.94355175,16.96475954,0.97673335,0.97667385,0.0,5e-08,3.3e-06
2025-10-09 01:00:00+00:00,7697.98042,16.95811327,0.97661692,0.97644802,0.0,3.9e-07,2.558e-05
2025-10-09 02:00:00+00:00,7724.30543375,16.67220365,0.97918237,0.97910393,0.0,0.0,0.0
2025-10-09 03:00:00+00:00,8069.9598425,16.52064662,0.98005804,0.97999621,0.0,0.0,0.0
2025-10-09 04:00:00+00:00,8738.00054675,16.20546149,0.9778721,0.97773049,5.003e-05,0.0,1.39e-06
2025-10-09 05:00:00+00:00,9444.8134865,16.24468067,0.97773042,0.9771619,0.00038253,0.0,2.27e-06
2025-10-09 06:00:00+00:00,9562.67885325,16.29324354,0.9774753,0.97695591,0.00034022,0.0,5.07e-06
2025-10-09 07:00:00+00:00,9375.8744965,16.28384438,0.97595559,0.97577603,0.0,0.0,0.0
2025-10-09 08:00:00+00:00,9410.96003525,16.53788054,0.975153,0.97496339,0.0,0.0,0.0
2025-10-09 09:00:00+00:00,9211.46845775,16.71056635,0.97441358,0.97421341,0.0,0.0,0.0
2025-10-09 10:00:00+00:00,9197.20457,17.04852024,0.97535299,0.97507326,0.0,0.0,1.981e-05
2025-10-09 11:00:00+00:00,9214.56558325,17.01634108,0.97453578,0.97403299,0.0,0.0,8.204e-05
2025-10-09 12:00:00+00:00,9206.22200075,16.76321792,0.9779396,0.97734534,0.0,0.0,0.00012958
2025-10-09 13:00:00+00:00,9203.2948005,16.63355191,0.97947379,0.97878051,0.0,5.349e-05,0.00012114
2025-10-09 14:00:00+00:00,9346.27603475,16.27444534,0.98080054,0.98013193,0.0,0.00018022,8.97e-05
2025-10-09 15:00:00+00:00,9628.141538,16.54115022,0.98140316,0.97835376,0.0,0.00255678,0.00013455
2025-10-09 16:00:00+00:00,9682.10958525,16.62990298,0.98312672,0.97911165,0.0,0.00336386,0.00012861
2025-10-09 17:00:00+00:00,9449.558371,16.36196383,0.98279869,0.97875451,0.0,0.00336097,0.00011306
2025-10-09 18:00:00+00:00,9196.4000045,16.16536793,0.98282513,0.97879386,0.0,0.0033797,0.00017787
2025-10-09 19:00:00+00:00,8939.4492385,15.91686117,0.98208696,0.97925518,0.0,0.00217493,0.00014643
2025-10-09 20:00:00+00:00,8534.44690775,15.55571802,0.98164218,0.97978386,0.0,0.00131815,0.00011885
2025-10-09 21:00:00+00:00,7997.77143925,15.15210882,0.98161572,0.98062909,0.0,0.00063384,8.011e-05
2025-10-09 22:00:00+00:00,7708.4381965,14.92647175,0.98246427,0.98201029,0.0,0.0,7.657e-05
2025-10-09 23:00:00+00:00,7561.00172125,14.84311013,0.9788365,0.97847709,0.0,0.0,7.285e-05
2025-10-10 00:00:00+00:00,7544.73579725,14.88123492,0.98094046,0.98055547,0.0,0.0,8.519e-05
2025-10-10 01:00:00+00:00,7365.8624805,14.87053449,0.98223777,0.98184155,0.0,0.0,7.922e-05
2025-10-10 02:00:00+00:00,7272.050882,14.91752952,0.98189909,0.98144002,0.0,0.0,9.296e-05
2025-10-10 03:00:00+00:00,7612.001192,15.24635274,0.98074152,0.98023865,0.0,0.0,0.00010702
2025-10-10 04:00:00+00:00,8635.39046,15.50902723,0.98017427,0.97973953,0.0,0.0,8.765e-05
2025-10-10 05:00:00+00:00,9338.655106,15.78167318,0.97841495,0.97767626,0.0,0.00049002,3.67e-05
2025-10-10 06:00:00+00:00,9542.39441675,16.14015872,0.97747841,0.97670352,0.0,0.00055283,2.83e-05
2025-10-10 07:00:00+00:00,9393.444265,16.77393106,0.9734815,0.97301024,0.0,0.0,7.534e-05
2025-10-10 08:00:00+00:00,9152.742132,17.38976939,0.9697053,0.96908794,0.0,3.094e-05,9.888e-05
2025-10-10 09:00:00+00:00,8920.674963,17.59838126,0.96662884,0.966078,0.0,0.0,9.034e-05
2025-10-10 10:00:00+00:00,8732.44321525,17.58702838,0.96709729,0.96649104,0.0,7.572e-05,8.076e-05
2025-10-10 11:00:00+00:00,8519.24738,17.43478274,0.96853134,0.96754849,0.0,0.00030959,0.0001368
2025-10-10 12:00:00+00:00,8450.594582,16.91620588,0.97211682,0.97138485,0.0,0.0,0.00014658
2025-10-10 13:00:00+00:00,8483.7160265,16.68000353,0.97708429,0.97623739,0.0,0.0,0.00015524
2025-10-10 14:00:00+00:00,8541.372224,16.09983917,0.98152846,0.98086336,0.0,0.0,0.00013165
2025-10-10 15:00:00+00:00,9096.10817475,15.71186185,0.9830147,0.9820366,0.0,0.00049644,0.00011684
2025-10-10 16:00:00+00:00,9111.46839625,15.51230334,0.98316921,0.98142819,0.0,0.00129014,0.00010396
2025-10-10 17:00:00+00:00,8988.1965935,15.54178017,0.98263321,0.97964922,0.0,0.00248452,0.00015843
2025-10-10 18:00:00+00:00,8604.466378,15.25371931,0.98177497,0.97933406,0.0,0.00194399,0.00016056
2025-10-10 19:00:00+00:00,8250.7749695,15.11161493,0.98240694,0.98183502,0.0,0.0,9.743e-05
2025-10-10 20:00:00+00:00,8057.5022055,15.20909465,0.98219186,0.98100142,0.0,0.00057961,0.00011725
2025-10-10 21:00:00+00:00,7767.82714475,15.13183391,0.98216734,0.98104653,0.0,0.00060535,0.00010028
2025-10-10 22:00:00+00:00,7333.271681,14.40512192,0.98286576,0.9822576,0.0,0.00014704,6.711e-05
2025-10-10 23:00:00+00:00,7202.24205825,14.47357565,0.98277423,0.98202516,0.0,0.00032961,5.899e-05
2025-10-11 00:00:00+00:00,7030.1257765,14.49770314,0.98117175,0.98048121,0.0,0.00035667,5.525e-05
2025-10-11 01:00:00+00:00,6903.84213775,14.3582344,0.98094097,0.98055681,0.0,5.985e-05,4.514e-05
2025-10-11 02:00:00+00:00,7091.7530735,14.37015203,0.98160963,0.98106393,0.0,0.00028184,3.479e-05
2025-10-11 03:00:00+00:00,7091.062357,14.54005911,0.98176008,0.98082039,0.0,0.00063961,4.664e-05
2025-10-11 04:00:00+00:00,7069.99547775,15.03784052,0.98144077,0.97834279,0.0,0.00266781,7.499e-05
2025-10-11 05:00:00+00:00,7314.6439035,15.4759606,0.98109706,0.97638163,0.0,0.004202,9.627e-05
2025-10-11 06:00:00+00:00,7476.720329,15.6675122,0.98054737,0.97612781,0.0,0.0038954,0.00011147
2025-10-11 07:00:00+00:00,7642.57129,16.36386206,0.97666203,0.9722141,0.0,0.00380741,0.00019354
2025-10-11 08:00:00+00:00,7648.636846,17.00076659,0.97273565,0.96799091,0.0,0.00397731,0.00022194
2025-10-11 09:00:00+00:00,7486.05778725,17.2268319,0.96927137,0.96467259,0.0,0.00404836,0.00017203
2025-10-11 10:00:00+00:00,7380.03969125,17.64318793,0.96750635,0.96305736,0.0,0.00379392,0.00018266
2025-10-11 11:00:00+00:00,7276.902556,17.3894897,0.96732484,0.96392323,0.0,0.00273181,0.00017367
2025-10-11 12:00:00+00:00,7224.16399425,17.27331724,0.96900994,0.96537619,0.0,0.00305392,0.00015971
2025-10-11 13:00:00+00:00,7263.9938225,16.95155227,0.97174743,0.96775814,0.0,0.00335344,0.00020019
2025-10-11 14:00:00+00:00,7707.01513625,16.76644936,0.97670764,0.97263414,0.0,0.00330043,0.00028502
2025-10-11 15:00:00+00:00,8401.354426,16.58471435,0.98243582,0.97969315,0.0,0.00205904,0.00023803
2025-10-11 16:00:00+00:00,8678.78534025,16.72677499,0.98259228,0.97986734,0.0,0.00198236,0.00022087
2025-10-11 17:00:00+00:00,8494.140093,16.57107781,0.98288252,0.98113066,0.0,0.00097615,0.00018472
2025-10-11 18:00:00+00:00,8082.93429225,16.27487226,0.98327719,0.98250629,0.0,0.00019255,0.00013922
2025-10-11 19:00:00+00:00,7700.153193,16.2715132,0.98309056,0.9818316,0.0,0.00062564,0.00014735
2025-10-11 20:00:00+00:00,7539.91558425,16.0702867,0.98439052,0.98343801,0.0,0.0003212,0.00012245
2025-10-11 21:00:00+00:00,7383.184555,15.82607506,0.98589485,0.98528614,0.0,0.0,7.059e-05
2025-10-11 22:00:00+00:00,7197.615118,15.54518759,0.98323276,0.98226224,0.0,5.762e-05,8.712e-05
2025-10-11 23:00:00+00:00,6958.1734445,15.1744453,0.98284241,0.98177457,0.0,0.00025186,8.758e-05
2025-10-12 00:00:00+00:00,6826.3892215,14.87344375,0.98258625,0.98180901,0.0,8.763e-05,9.345e-05
2025-10-12 01:00:00+00:00,6867.6452425,14.71122521,0.98258683,0.98187818,0.0,0.0,8.588e-05
2025-10-12 02:00:00+00:00,6948.69319825,14.72436138,0.98261127,0.98162518,0.0,0.00034536,9.041e-05
2025-10-12 03:00:00+00:00,7125.116905,14.91842228,0.98270166,0.98123027,0.0,0.00064652,0.0001276
2025-10-12 04:00:00+00:00,7415.24209375,15.04117963,0.98338524,0.98180597,0.0,0.00068171,0.00014653
2025-10-12 05:00:00+00:00,7488.3013225,15.19106139,0.98317733,0.98171068,0.0,0.00059621,0.00015946
2025-10-12 06:00:00+00:00,7772.26576275,15.60241041,0.98281493,0.98090068,0.0,0.00076803,0.00023143
2025-10-12 07:00:00+00:00,7980.1142285,16.56754301,0.97813976,0.97433407,0.0,0.00261619,0.00016496
2025-10-12 08:00:00+00:00,8062.290294,17.09767564,0.97425118,0.97014301,0.0,0.00298829,0.00020934
2025-10-12 09:00:00+00:00,8211.27590425,17.62460582,0.97076178,0.96589329,0.0,0.00371006,0.00021983
2025-10-12 10:00:00+00:00,8246.2044065,18.01832663,0.96888757,0.96379118,0.0,0.00382134,0.00022909
2025-10-12 11:00:00+00:00,8183.45693025,18.06417095,0.9685681,0.96322481,0.0,0.00412959,0.0002338
2025-10-12 12:00:00+00:00,8112.5392815,17.79693416,0.96892862,0.96366914,0.0,0.00405238,0.00024065
2025-10-12 13:00:00+00:00,8253.121823,17.57167159,0.97045368,0.96380019,0.0,0.00546515,0.00019753
2025-10-12 14:00:00+00:00,8445.56450425,17.55945884,0.97484325,0.96821619,0.0,0.00536288,0.00023915
2025-10-12 15:00:00+00:00,9151.49432725,17.30875091,0.97863034,0.97239593,0.0,0.00501735,0.00025894
2025-10-12 16:00:00+00:00,9449.33679975,17.06116707,0.97917746,0.97382785,0.0,0.004418,0.00017857
2025-10-12 17:00:00+00:00,9321.48989275,17.05371449,0.97924893,0.97432402,0.0,0.00383277,0.00019409
2025-10-12 18:00:00+00:00,9174.30076175,16.99149093,0.97897473,0.97354111,0.0,0.00440435,0.00020573
2025-10-12 19:00:00+00:00,8859.828624,16.93546972,0.97901695,0.97335548,0.0,0.00464675,0.00018069
2025-10-12 20:00:00+00:00,8698.868419,16.98618781,0.97848685,0.97208716,0.0,0.00546936,0.00015186
2025-10-12 21:00:00+00:00,8326.9755925,16.88909983,0.97832075,0.97200739,0.0,0.00553851,0.00013566
2025-10-12 22:00:00+00:00,8042.04959875,16.69369342,0.97768051,0.97102803,0.0,0.00597123,0.00013641
2025-10-12 23:00:00+00:00,8126.5442315,16.6621145,0.97770466,0.97109512,0.0,0.00592633,0.00014327
2025-10-13 00:00:00+00:00,8161.540753,16.78565897,0.97755054,0.97074426,0.0,0.0060323,0.00017439
2025-10-13 01:00:00+00:00,8168.710823,16.87418325,0.9772268,0.97048843,0.0,0.00594534,0.00018309
2025-10-13 02:00:00+00:00,8112.078354,16.97528968,0.97461633,0.96798084,0.0,0.0057499,0.00021955
2025-10-13 03:00:00+00:00,8653.0909285,17.05089028,0.97355844,0.9687962,0.0,0.00381993,0.00027031
2025-10-13 04:00:00+00:00,9526.7736905,17.4843859,0.97021851,0.96557895,0.0,0.00438884,3.164e-05
2025-10-13 05:00:00+00:00,10214.920378,17.94207414,0.96742654,0.96222431,0.0,0.00491136,1.943e-05
2025-10-13 06:00:00+00:00,10335.82292125,18.57277888,0.96601909,0.96045831,0.0,0.00517513,3.033e-05
2025-10-13 07:00:00+00:00,10288.6020975,19.2445776,0.96365429,0.95854207,0.0,0.00475535,4.718e-05
2025-10-13 08:00:00+00:00,10229.5098795,19.98262547,0.9631194,0.95762756,0.0,0.00483117,7.694e-05
2025-10-13 09:00:00+00:00,10090.60608525,20.23125084,0.96314906,0.95873097,0.0,0.00370261,0.00013009
2025-10-13 10:00:00+00:00,9788.8001955,19.8481061,0.96143222,0.95997935,0.0,0.000754,0.00013018
2025-10-13 11:00:00+00:00,9765.0747045,19.83954038,0.95956601,0.95828207,0.0,0.00060261,0.0001312
2025-10-13 12:00:00+00:00,9789.5175855,19.76054009,0.96006781,0.95887326,0.0,0.00057795,0.00012374
2025-10-13 13:00:00+00:00,9736.716477,19.82532677,0.96298413,0.96128379,0.0,0.00099859,0.00015527
2025-10-13 14:00:00+00:00,9864.2988975,20.13661135,0.96287908,0.95942899,0.0,0.00240127,0.00019628
2025-10-13 15:00:00+00:00,9979.119188,20.47450713,0.96285097,0.95822423,1.328e-05,0.00304062,0.00018675
2025-10-13 16:00:00+00:00,9965.05210075,20.93627666,0.96271288,0.95637509,6.365e-05,0.00445361,0.0002002
2025-10-13 17:00:00+00:00,9888.3591135,21.03539884,0.96304245,0.95670066,9.079e-05,0.00447764,0.00016825
2025-10-13 18:00:00+00:00,9676.61436525,20.67415274,0.96286518,0.95831648,0.0,0.00319886,0.00014022
2025-10-13 19:00:00+00:00,9323.03974375,20.64765183,0.9656013,0.96229943,3.468e-05,0.00181498,0.00011693
2025-10-13 20:00:00+00:00,8882.572531,20.12974534,0.96777317,0.96629417,0.0,0.00075304,0.00011654
2025-10-13 21:00:00+00:00,8482.84978025,19.91768013,0.9680796,0.96734241,4.3e-07,0.00020271,0.00011371
2025-10-13 22:00:00+00:00,8313.3706025,19.90669521,0.96601063,0.96543478,7.932e-05,0.0,0.00017304
2025-10-13 23:00:00+00:00,8141.51096575,19.95297347,0.96744715,0.96685048,7.891e-05,0.0,0.00017254
2025-10-14 00:00:00+00:00,8102.91302775,19.96794915,0.96406108,0.96344795,7.761e-05,0.0,0.00018494
2025-10-14 01:00:00+00:00,8033.80652425,19.95625013,0.96383859,0.96328898,5.915e-05,0.0,0.000159
2025-10-14 02:00:00+00:00,7990.72748725,19.9482161,0.96506153,0.96446787,6.921e-05,0.0,0.00016595
2025-10-14 03:00:00+00:00,8401.4663195,19.80648978,0.96400379,0.96347878,7.801e-05,0.0,0.00016221
2025-10-14 04:00:00+00:00,9302.42979925,19.61217473,0.96096662,0.96027964,0.00015062,0.0,0.0002279
2025-10-14 05:00:00+00:00,9822.676114,19.34164931,0.96083902,0.95972114,0.00096773,0.0,5.421e-05
2025-10-14 06:00:00+00:00,9865.937519,19.41266037,0.96064802,0.95948928,0.00086537,0.0,5.197e-05
2025-10-14 07:00:00+00:00,9822.87766275,19.46136733,0.96022419,0.95914995,0.00082206,0.0,0.00010941
2025-10-14 08:00:00+00:00,9705.42430825,19.67800722,0.95987444,0.95923439,0.00021546,2e-08,6.547e-05
2025-10-14 09:00:00+00:00,9682.4949735,19.85947024,0.95863011,0.95812157,1.801e-05,2e-08,8.109e-05
2025-10-14 10:00:00+00:00,9557.34673125,19.96081689,0.9540557,0.9533232,7.529e-05,3e-08,0.00016036
2025-10-14 11:00:00+00:00,9482.194423,19.83172153,0.95499506,0.95431902,4.761e-05,3e-08,0.00011119
2025-10-14 12:00:00+00:00,9329.38617575,19.43788992,0.95712663,0.95643523,4.705e-05,3e-08,0.00014002
2025-10-14 13:00:00+00:00,9385.34763675,19.01900216,0.95789467,0.95725752,2.426e-05,5e-08,0.00013594
2025-10-14 14:00:00+00:00,9520.27150275,18.52258177,0.95960855,0.95926216,0.00012692,0.0,8.905e-05
2025-10-14 15:00:00+00:00,9596.811213,17.89865835,0.96159548,0.96136353,5.311e-05,0.0,7.71e-05
2025-10-14 16:00:00+00:00,9834.0981835,17.65206709,0.96267004,0.96244567,9.96e-05,4e-08,5.885e-05
2025-10-14 17:00:00+00:00,9639.40502375,17.27919054,0.962585,0.96232809,8.265e-05,1.2e-07,5.234e-05
2025-10-14 18:00:00+00:00,9455.05449,17.08350872,0.96444021,0.96434344,1.045e-05,1e-08,3.651e-05
2025-10-14 19:00:00+00:00,9020.4213205,16.97599328,0.96532138,0.96520528,4.21e-06,0.0,1.567e-05
2025-10-14 20:00:00+00:00,8751.3843485,16.84136654,0.96645699,0.96623759,0.0,0.0,3.222e-05
2025-10-14 21:00:00+00:00,8194.58203725,16.66260082,0.9679935,0.96787345,0.0,0.0,1.913e-05
2025-10-14 22:00:00+00:00,7997.021495,16.99679363,0.9752366,0.97456932,3.26e-05,0.0,0.00024806
2025-10-14 23:00:00+00:00,7690.54624925,16.98830179,0.97580049,0.97514544,4.086e-05,0.0,0.00024535
2025-10-15 00:00:00+00:00,7529.15973575,16.95241055,0.97569284,0.9750416,3.869e-05,0.0,0.00023777
2025-10-15 01:00:00+00:00,7496.89851975,16.91657313,0.97564139,0.97502328,3.405e-05,0.0,0.00021979
2025-10-15 02:00:00+00:00,7570.3179125,16.68034985,0.97326188,0.97292989,2.506e-05,0.0,0.00011808
2025-10-15 03:00:00+00:00,7960.16437425,16.64838713,0.96962238,0.96957156,3.16e-06,1.3e-07,3.158e-05
2025-10-15 04:00:00+00:00,8959.53548475,16.60948277,0.96729169,0.96722668,0.0,0.0,0.0
2025-10-15 05:00:00+00:00,9747.877959,16.54820352,0.96718031,0.96706346,0.0,0.0,0.0
2025-10-15 06:00:00+00:00,9769.6199205,16.78311308,0.96465367,0.96441491,0.0,0.0,0.0
2025-10-15 07:00:00+00:00,9664.64105925,16.99806775,0.96357509,0.9633902,2.1e-07,2.69e-06,1e-08
2025-10-15 08:00:00+00:00,9658.24393275,17.38947762,0.96272526,0.96248321,7.19e-06,0.0,3.758e-05
2025-10-15 09:00:00+00:00,9491.960496,17.65597776,0.9611421,0.96081648,2.465e-05,0.0,5.608e-05
2025-10-15 10:00:00+00:00,9437.5641185,17.92986877,0.96426666,0.96385326,3.716e-05,0.0,7.264e-05
2025-10-15 11:00:00+00:00,9371.996532,17.98387025,0.96417973,0.96341174,3.596e-05,0.0,0.00015485
2025-10-15 12:00:00+00:00,9356.09073175,17.95632947,0.96613372,0.96490031,8.009e-05,0.00062198,7.147e-05
2025-10-15 13:00:00+00:00,9456.36785025,17.44045183,0.96664744,0.96642399,8.41e-06,0.0,2.57e-05
2025-10-15 14:00:00+00:00,9561.88129525,17.4146131,0.96758615,0.96632971,0.0,0.00081347,1.716e-05
2025-10-15 15:00:00+00:00,9916.308901,17.94170638,0.96819067,0.96368156,0.0,0.00337923,7.262e-05
2025-10-15 16:00:00+00:00,10080.04108925,17.79735063,0.96682689,0.96091749,0.0,0.00496498,9.283e-05
2025-10-15 17:00:00+00:00,9950.3044145,17.45336474,0.96803299,0.96237384,2.623e-05,0.00523071,0.00016618
2025-10-15 18:00:00+00:00,9772.086383,17.42126242,0.96758956,0.96150552,4.526e-05,0.00534955,0.00029755
2025-10-15 19:00:00+00:00,9266.05496075,17.26763313,0.9686312,0.96222278,5.942e-05,0.00540454,0.00038824
2025-10-15 20:00:00+00:00,8642.36022775,16.91085424,0.97181876,0.96605639,6.209e-05,0.00472101,0.00040753
2025-10-15 21:00:00+00:00,8130.91522475,16.67415122,0.97308901,0.96863219,5.88e-05,0.00338277,0.00041231
2025-10-15 22:00:00+00:00,7841.66529775,16.25632564,0.97525477,0.97312395,4.813e-05,0.00110819,0.00036851
2025-10-15 23:00:00+00:00,7806.12124,16.15814212,0.97605122,0.97450802,0.0,0.00052379,0.00037202
2025-10-16 00:00:00+00:00,7717.043829,16.02965187,0.97763055,0.97552163,0.0,0.00117003,0.00038056
2025-10-16 01:00:00+00:00,7709.6812955,15.97712952,0.97655784,0.97426262,0.0,0.00132302,0.00036644
2025-10-16 02:00:00+00:00,7715.094043,16.01950362,0.97667991,0.97426881,0.0,0.00142617,0.00035243
2025-10-16 03:00:00+00:00,7983.733141,16.09766928,0.97484997,0.9724622,0.0,0.00143903,0.0003278
2025-10-16 04:00:00+00:00,8866.22607975,16.62475149,0.97298325,0.96834822,3.614e-05,0.00363396,0.00029844
2025-10-16 05:00:00+00:00,9598.6962255,18.12252851,0.97305028,0.96380498,0.0002387,0.00680594,0.00023708
2025-10-16 06:00:00+00:00,9673.65099575,17.05921144,0.97237722,0.9668365,1.366e-05,0.00466146,0.0002179
2025-10-16 07:00:00+00:00,9506.550245,17.05626907,0.97164716,0.96783881,2.574e-05,0.00298081,0.00019027
2025-10-16 08:00:00+00:00,9438.99671,17.57275332,0.97256333,0.96792452,0.00018476,0.00349851,0.00014494
2025-10-16 09:00:00+00:00,9273.8110295,17.78668761,0.97018083,0.96589466,0.0002712,0.00288203,0.00016455
2025-10-16 10:00:00+00:00,9033.7652065,17.80510052,0.96937847,0.96511019,9.754e-05,0.00304205,0.00013875
2025-10-16 11:00:00+00:00,8958.04530825,17.63083177,0.9671107,0.96322536,3.418e-05,0.0029326,0.00013705
2025-10-16 12:00:00+00:00,9139.30299475,17.84059256,0.9704726,0.96544683,7.394e-05,0.00400303,0.00015882
2025-10-16 13:00:00+00:00,9208.55000025,17.84138935,0.97272436,0.96705779,0.00016052,0.00449085,0.00019348
2025-10-16 14:00:00+00:00,9416.5035255,17.56814665,0.97393646,0.9687755,0.00012923,0.0040746,0.00017674
2025-10-16 15:00:00+00:00,9902.412974,17.03424706,0.97533698,0.97174393,0.0,0.00321909,6.674e-05
2025-10-16 16:00:00+00:00,10013.577521,17.12027712,0.97547393,0.97225627,0.0,0.0029341,2.417e-05
2025-10-16 17:00:00+00:00,9825.209577,17.06547443,0.97483689,0.97151765,0.0,0.00305106,2.463e-05
2025-10-16 18:00:00+00:00,9599.56602625,17.12151068,0.97484967,0.9710822,0.0,0.00350135,5.304e-05
2025-10-16 19:00:00+00:00,9430.28407,16.9100938,0.97581795,0.9733278,0.0,0.00214433,6.978e-05
2025-10-16 20:00:00+00:00,8935.130985,17.00326381,0.97669177,0.97486109,2.48e-06,0.00129763,0.00011658
2025-10-16 21:00:00+00:00,8617.44554375,16.9419692,0.97708748,0.97578527,2.082e-05,0.00060012,0.00018963
2025-10-16 22:00:00+00:00,8565.638827,16.44907977,0.97695332,0.97659459,5.412e-05,0.0,0.0001162
2025-10-16 23:00:00+00:00,8496.16907525,16.48293952,0.97536209,0.97502605,8.197e-05,0.0,0.00010588
2025-10-17 00:00:00+00:00,8503.91093525,16.55639806,0.9757672,0.97546859,6.662e-05,0.0,0.00011409
2025-10-17 01:00:00+00:00,8437.42003525,16.70035616,0.97569423,0.97542761,3.755e-05,0.0,8.972e-05
2025-10-17 02:00:00+00:00,8510.8218745,16.67169202,0.97532203,0.97513995,0.0,0.0,2.846e-05
2025-10-17 03:00:00+00:00,8972.33337375,16.887534,0.97304884,0.97291588,0.0,0.0,2.587e-05
2025-10-17 04:00:00+00:00,9989.1114985,17.47480979,0.97113108,0.97053367,0.0,0.00032779,3.315e-05
2025-10-17 05:00:00+00:00,10728.85086025,18.67998356,0.9699839,0.96608204,0.0,0.00236342,1.54e-06
2025-10-17 06:00:00+00:00,10885.500189,19.17723107,0.96918278,0.96444061,0.0,0.00280212,6.39e-06
2025-10-17 07:00:00+00:00,10701.3747175,19.07586867,0.9670153,0.96373044,0.0,0.00193155,2.711e-05
2025-10-17 08:00:00+00:00,10505.9756205,19.35205726,0.96420347,0.96164806,0.0,0.00146046,7.031e-05
2025-10-17 09:00:00+00:00,10325.293208,19.28982506,0.96436306,0.96279817,0.0,0.00079881,7.282e-05
2025-10-17 10:00:00+00:00,10172.34659225,19.21148793,0.96365399,0.96245377,0.0,0.00054898,7.115e-05
2025-10-17 11:00:00+00:00,10021.074969,18.95107339,0.96414133,0.9635792,0.0,0.00012208,5.477e-05
2025-10-17 12:00:00+00:00,10007.08384075,18.71485561,0.96501094,0.9645906,0.0,5.22e-05,5.42e-05
2025-10-17 13:00:00+00:00,9891.48828025,18.4386575,0.96646661,0.96610369,0.0,0.0,5.693e-05
2025-10-17 14:00:00+00:00,10030.70287425,18.29334287,0.96910921,0.96823548,0.0,0.00032235,8.572e-05
2025-10-17 15:00:00+00:00,10389.01138625,17.97760011,0.9718103,0.97089508,0.0,0.00038003,9.315e-05
2025-10-17 16:00:00+00:00,10533.11878875,17.5772552,0.97378191,0.9730048,0.0,0.00021925,8.662e-05
2025-10-17 17:00:00+00:00,10245.11684425,17.07573772,0.97388171,0.97353382,0.0,0.0,7.229e-05
2025-10-17 18:00:00+00:00,9955.02832625,16.85024041,0.97353306,0.97322663,0.0,0.0,8.186e-05
2025-10-17 19:00:00+00:00,9376.7915715,16.9069098,0.97343597,0.97306804,1.741e-05,0.0,9.104e-05
2025-10-17 20:00:00+00:00,9197.553797,16.8299495,0.97496022,0.97461543,1.924e-05,0.0,8.674e-05
2025-10-17 21:00:00+00:00,8870.880174,16.79779376,0.97500816,0.9746555,4.788e-05,0.0,0.00010104
2025-10-17 22:00:00+00:00,8777.70082125,16.6842946,0.97456083,0.97430181,4.27e-06,0.0,8.528e-05
2025-10-17 23:00:00+00:00,8708.062579,16.74873493,0.97443504,0.97411745,2.523e-05,0.0,0.00012149
2025-10-18 00:00:00+00:00,8592.377917,16.84268661,0.97469743,0.97428391,3.752e-05,0.0,0.00017688
2025-10-18 01:00:00+00:00,8575.99188975,16.86074782,0.97356807,0.97324926,5.057e-05,0.0,0.00013943
2025-10-18 02:00:00+00:00,8651.47098,16.93664762,0.97331168,0.97295102,7.88e-05,0.0,0.00014696
2025-10-18 03:00:00+00:00,8825.1833485,16.97781665,0.9733402,0.97296251,9.637e-05,0.0,0.00019149
2025-10-18 04:00:00+00:00,9048.40705325,17.00245059,0.97179431,0.97141529,0.00012398,0.0,0.00020052
2025-10-18 05:00:00+00:00,9476.54351375,17.192283,0.97121831,0.97060244,0.00020506,0.0,0.00018603
2025-10-18 06:00:00+00:00,9651.833895,17.48795301,0.97043396,0.96974258,0.00018572,0.0,0.00020304
2025-10-18 07:00:00+00:00,9612.22902325,17.83555938,0.966776,0.96623157,9.369e-05,0.0,0.00018697
2025-10-18 08:00:00+00:00,9474.02913425,18.19220114,0.9630164,0.96219531,0.00012427,0.00016154,0.0002183
2025-10-18 09:00:00+00:00,8951.346472,18.50528246,0.95946608,0.95884434,0.00011748,0.0,0.00019651
2025-10-18 10:00:00+00:00,8669.18768025,18.72055297,0.95801456,0.95737548,9.357e-05,0.0,0.00018711
2025-10-18 11:00:00+00:00,8275.36463675,18.57824403,0.95756856,0.95688518,8.901e-05,0.0,0.00020615
2025-10-18 12:00:00+00:00,8286.04614225,18.21478662,0.95970629,0.95910272,9.249e-05,0.0,0.00021834
2025-10-18 13:00:00+00:00,8568.232898,17.8347802,0.96294381,0.96234678,0.00010214,0.0,0.00022033
2025-10-18 14:00:00+00:00,9030.985667,17.58637378,0.96690298,0.96632249,7.193e-05,0.0,0.00020757
2025-10-18 15:00:00+00:00,9559.83281075,17.39948322,0.96890765,0.96746681,7.606e-05,0.00086439,0.00020792
2025-10-18 16:00:00+00:00,9884.2852475,17.32222502,0.96832752,0.96586252,6.297e-05,0.00178611,0.00020642
2025-10-18 17:00:00+00:00,9715.98094925,17.16768572,0.96849837,0.96570173,0.00010046,0.00210817,0.00025266
2025-10-18 18:00:00+00:00,9525.1929745,16.92774005,0.96945164,0.96675711,0.00012843,0.00208155,0.00025151
2025-10-18 19:00:00+00:00,9308.69161425,16.63799956,0.97085658,0.96918901,0.00014145,0.00099752,0.00026266
2025-10-18 20:00:00+00:00,9060.666231,16.34097809,0.97210614,0.97148326,0.00014402,0.0,0.00026622
2025-10-18 21:00:00+00:00,8703.00169675,16.20725588,0.97283032,0.97227385,0.00013907,0.0,0.00026074
2025-10-18 22:00:00+00:00,8551.9728375,16.02292713,0.97327774,0.97216288,0.00025282,0.00037082,0.00025847
2025-10-18 23:00:00+00:00,8475.405579,16.1270135,0.972718,0.97051705,0.00023022,0.00147167,0.00024689
2025-10-19 00:00:00+00:00,8275.123643,16.10635145,0.97454277,0.97241116,0.00022148,0.00143078,0.00024819
2025-10-19 01:00:00+00:00,8283.23176725,16.16532674,0.97503197,0.97229183,0.0002274,0.00203116,0.00028472
2025-10-19 02:00:00+00:00,8320.3152435,16.15351013,0.97508773,0.97242293,0.00020976,0.0019356,0.00028304
2025-10-19 03:00:00+00:00,8384.9011855,16.19305018,0.97487489,0.97211851,0.00018076,0.00208628,0.00027439
2025-10-19 04:00:00+00:00,8555.971079,16.24902453,0.97392071,0.9718625,0.00019934,0.00137306,0.00028066
2025-10-19 05:00:00+00:00,8836.92979475,16.41944027,0.97424226,0.9723402,0.00023739,0.00101201,0.0002966
2025-10-19 06:00:00+00:00,9053.90293,16.5079513,0.9727945,0.97110108,0.00027893,0.00065707,0.00031197
2025-10-19 07:00:00+00:00,9136.741307,16.94361044,0.97231581,0.97006088,0.00021369,0.00135909,0.0002595
2025-10-19 08:00:00+00:00,9119.800655,17.29923075,0.96979964,0.96717943,0.00015865,0.00176581,0.00021616
2025-10-19 09:00:00+00:00,9163.42013325,17.85977946,0.96727124,0.96340218,0.00010021,0.00307292,0.00019494
2025-10-19 10:00:00+00:00,9117.716608,17.99098461,0.9662343,0.96228809,1.127e-05,0.00318576,0.00013155
2025-10-19 11:00:00+00:00,9076.50019325,18.7457713,0.96630281,0.960839,3.9e-07,0.00421162,0.00011796
2025-10-19 12:00:00+00:00,9057.64772175,17.89788111,0.96945629,0.96616917,1.282e-05,0.00251641,0.00012248
2025-10-19 13:00:00+00:00,9005.87156,17.62239472,0.9715581,0.96943599,5.781e-05,0.00138777,0.00016989
2025-10-19 14:00:00+00:00,9416.71972975,17.67935028,0.97195447,0.96935428,6.963e-05,0.00188506,0.00020243
2025-10-19 15:00:00+00:00,9935.56363075,17.65096678,0.97236197,0.96897228,7.758e-05,0.00270948,0.00020832
2025-10-19 16:00:00+00:00,10322.643255,17.78208679,0.9722799,0.9685891,4.695e-05,0.00304649,0.00014806
2025-10-19 17:00:00+00:00,10192.614696,17.41286727,0.97259668,0.97020177,4.038e-05,0.001887,0.00010221
2025-10-19 18:00:00+00:00,9841.85646725,17.1104465,0.97278185,0.97155789,0.0,0.00095847,5.864e-05
2025-10-19 19:00:00+00:00,9456.28761775,17.09541934,0.97397231,0.97288194,8.72e-06,0.00075967,6.185e-05
2025-10-19 20:00:00+00:00,9068.18874275,17.05853766,0.97615579,0.97473703,0.0,0.00117676,5.31e-05
2025-10-19 21:00:00+00:00,8838.9949185,17.32799397,0.97589891,0.97337713,0.0,0.00227127,5.712e-05
2025-10-19 22:00:00+00:00,8712.274088,17.36421959,0.97483635,0.97243641,0.0,0.00210724,6.736e-05
2025-10-19 23:00:00+00:00,8587.748939,17.28141062,0.9758725,0.97504485,0.0,0.00059916,4.305e-05
2025-10-20 00:00:00+00:00,8425.95314025,17.34059665,0.97544131,0.97524996,0.0,0.0,4.023e-05
2025-10-20 01:00:00+00:00,8457.71348125,17.46637286,0.97485528,0.97464578,0.0,0.0,4.313e-05
2025-10-20 02:00:00+00:00,8631.75305875,17.68047295,0.97361244,0.97326527,2.823e-05,0.0,6.137e-05
2025-10-20 03:00:00+00:00,9030.291716,17.90218983,0.9706525,0.97032889,2.574e-05,0.0,7.007e-05
2025-10-20 04:00:00+00:00,10086.7571,18.08795205,0.96858056,0.96815751,5.321e-05,0.0,8.146e-05
2025-10-20 05:00:00+00:00,10864.028473,18.41508715,0.96618727,0.96412098,0.00021107,0.00123111,9.813e-05
2025-10-20 06:00:00+00:00,10828.82658,18.50223315,0.96468505,0.96186581,0.00033807,0.00176675,8.26e-05
2025-10-20 07:00:00+00:00,10632.09974025,18.33448753,0.96272955,0.9616661,8.262e-05,0.00044371,6.972e-05
2025-10-20 08:00:00+00:00,10403.20068975,18.64330459,0.96216187,0.9616325,9e-06,0.0,6.468e-05
2025-10-20 09:00:00+00:00,10283.70223475,18.89835099,0.96067704,0.96016915,1e-07,0.0,6.59e-05
2025-10-20 10:00:00+00:00,9882.52856925,18.92001907,0.95991021,0.95938091,0.0,0.0,5.884e-05
2025-10-20 11:00:00+00:00,9552.32406875,18.81084955,0.96020666,0.9596185,3.25e-06,0.0,5.399e-05
2025-10-20 12:00:00+00:00,9626.8588105,18.60242464,0.96159897,0.96110504,2.076e-05,0.0,4.536e-05
2025-10-20 13:00:00+00:00,9840.360366,18.45724042,0.96521461,0.96466476,6.706e-05,0.0,5.463e-05
2025-10-20 14:00:00+00:00,10266.79056575,18.23628902,0.96807016,0.96750642,9.192e-05,0.0,5.364e-05
2025-10-20 15:00:00+00:00,10493.61073575,17.8102682,0.96967072,0.96913375,0.00010076,0.0,8.83e-05
2025-10-20 16:00:00+00:00,10557.18048175,17.53348563,0.96987033,0.9692947,6.186e-05,0.0,7.638e-05
2025-10-20 17:00:00+00:00,10396.95077725,17.06483358,0.9711004,0.97061172,3.595e-05,0.0,6.91e-05
2025-10-20 18:00:00+00:00,10185.07222625,16.64321451,0.97168252,0.97129844,3.39e-05,0.0,7.343e-05
2025-10-20 19:00:00+00:00,9765.5514025,16.29566413,0.97346634,0.97306423,3.75e-05,0.0,7.329e-05
2025-10-20 20:00:00+00:00,9424.940142,16.05315007,0.97320821,0.97289014,5.49e-06,0.0,6.546e-05
2025-10-20 21:00:00+00:00,8943.78681925,15.76183516,0.97458281,0.97431204,0.0,0.0,5.362e-05
2025-10-20 22:00:00+00:00,8493.1166355,15.85033674,0.97556233,0.97388215,0.0,0.00131228,8.404e-05
2025-10-20 23:00:00+00:00,8315.571793,15.74341862,0.97517679,0.97296611,0.0,0.00188534,7.957e-05
2025-10-21 00:00:00+00:00,8342.16244175,15.83065335,0.97497435,0.97235466,0.0,0.00228877,8.868e-05
2025-10-21 01:00:00+00:00,8329.0689925,16.08756736,0.97539362,0.97182079,0.0,0.00323082,9.664e-05
2025-10-21 02:00:00+00:00,8377.943689,16.27786806,0.97544526,0.97171943,0.0,0.00331943,9.043e-05
2025-10-21 03:00:00+00:00,8659.6618835,16.48031866,0.97513226,0.97200903,0.0,0.00274246,9.694e-05
2025-10-21 04:00:00+00:00,9600.42725175,16.75591996,0.97551839,0.97292093,0.0,0.00223652,9.349e-05
2025-10-21 05:00:00+00:00,10354.8895665,17.10957592,0.97503708,0.97217127,0.0,0.00228683,0.00010404
2025-10-21 06:00:00+00:00,10518.916194,17.21204958,0.97498618,0.97179896,0.0,0.00247917,0.00011181
2025-10-21 07:00:00+00:00,10564.74875775,17.02673635,0.9744171,0.97117357,0.0,0.00265019,0.00010553
2025-10-21 08:00:00+00:00,10645.126789,17.02446368,0.97342112,0.97028235,2.257e-05,0.00254526,0.00010918
2025-10-21 09:00:00+00:00,10507.342647,17.10741547,0.97244415,0.9686477,0.0,0.00317701,0.00011426
2025-10-21 10:00:00+00:00,10537.81184475,17.04460956,0.97280211,0.9696852,0.0,0.00251571,9.199e-05
2025-10-21 11:00:00+00:00,10562.920123,16.70723774,0.97372192,0.9722678,0.0,0.00090973,6.614e-05
2025-10-21 12:00:00+00:00,10469.96781575,16.7652881,0.97500073,0.97281106,0.0,0.00174713,7.828e-05
2025-10-21 13:00:00+00:00,10223.11501625,17.03248942,0.9756495,0.97193147,0.0,0.00322684,9.883e-05
2025-10-21 14:00:00+00:00,10217.49860175,16.98372114,0.97613907,0.97226236,0.0,0.00340325,0.00011272
2025-10-21 15:00:00+00:00,10496.08959875,17.07844545,0.97733253,0.97276654,0.0,0.00411254,0.00011536
2025-10-21 16:00:00+00:00,10509.8117035,16.85650664,0.97710839,0.97246786,0.0,0.00400572,0.0001089
2025-10-21 17:00:00+00:00,10229.028216,16.76547898,0.97685347,0.97189507,0.0,0.00438525,8.579e-05
2025-10-21 18:00:00+00:00,9810.19243575,16.6333736,0.97675345,0.97148686,0.0,0.00480871,6.932e-05
2025-10-21 19:00:00+00:00,9294.19490975,16.34193647,0.97663989,0.971315,0.0,0.00488449,6.306e-05
2025-10-21 20:00:00+00:00,8828.861185,16.26209575,0.97691566,0.97155432,2.199e-05,0.00486285,7.734e-05
2025-10-21 21:00:00+00:00,8526.88823775,16.13896259,0.97803597,0.97271592,5.061e-05,0.00476248,9.098e-05
2025-10-21 22:00:00+00:00,8175.650646,15.83318994,0.97888972,0.97509415,0.0,0.00327394,8.818e-05
2025-10-21 23:00:00+00:00,7995.1400705,15.59149575,0.97900834,0.97625804,1.429e-05,0.00221917,0.00010009
2025-10-22 00:00:00+00:00,7859.18652925,15.55811865,0.97807718,0.97520984,2.336e-05,0.00234569,9.438e-05
2025-10-22 01:00:00+00:00,7722.44688875,15.58095597,0.97787502,0.97486543,9.62e-06,0.00252473,8.688e-05
2025-10-22 02:00:00+00:00,7646.8153955,15.58704103,0.97816352,0.97549978,1.443e-05,0.00213537,7.246e-05
2025-10-22 03:00:00+00:00,8088.27729,16.10026479,0.97721047,0.97280457,3.87e-06,0.00391578,7.922e-05
2025-10-22 04:00:00+00:00,9017.15551125,16.21765437,0.97534772,0.97251144,1.673e-05,0.00235138,9.314e-05
2025-10-22 05:00:00+00:00,9830.06749675,16.5260039,0.97682835,0.97435688,1.919e-05,0.00186734,7.458e-05
2025-10-22 06:00:00+00:00,9940.46481725,16.54467938,0.97710308,0.97488659,5.85e-06,0.00155405,8.351e-05
2025-10-22 07:00:00+00:00,10031.7403935,16.46243551,0.97687124,0.97484216,3.1e-07,0.00147748,7.762e-05
2025-10-22 08:00:00+00:00,10189.9580145,16.55307202,0.97551846,0.97348217,6.87e-06,0.00146211,6.989e-05
2025-10-22 09:00:00+00:00,10311.11087975,16.65301156,0.97450357,0.97250937,9.56e-06,0.00139479,7.108e-05
2025-10-22 10:00:00+00:00,10171.8892495,16.68099132,0.9710584,0.96893352,1.681e-05,0.0014754,8.632e-05
2025-10-22 11:00:00+00:00,10000.9016425,16.86833013,0.97120133,0.96818194,9.32e-06,0.00233414,5.815e-05
2025-10-22 12:00:00+00:00,9883.45405375,16.92644512,0.97156573,0.96849458,0.0,0.00248547,6.59e-05
2025-10-22 13:00:00+00:00,9973.069252,16.97853877,0.96899389,0.96581106,0.0,0.00261726,6.639e-05
2025-10-22 14:00:00+00:00,10069.48045975,16.91641701,0.96906508,0.96622455,0.0,0.00232742,9.351e-05
2025-10-22 15:00:00+00:00,10362.08001775,17.12915695,0.96636663,0.96213362,0.0,0.00372695,8.109e-05
2025-10-22 16:00:00+00:00,10324.76071425,17.21095086,0.96739114,0.96318751,1.98e-06,0.00356171,7.446e-05
2025-10-22 17:00:00+00:00,10058.58341275,16.98255952,0.96891803,0.96638436,5.41e-06,0.00194402,7.754e-05
2025-10-22 18:00:00+00:00,9720.781442,16.77179749,0.96959344,0.96812054,0.0,0.00096633,7.602e-05
2025-10-22 19:00:00+00:00,9292.3423885,16.75625529,0.97075805,0.96910503,0.0,0.0010923,8.71e-05
2025-10-22 20:00:00+00:00,8720.29183625,17.0218998,0.9700221,0.96604555,0.0,0.00334374,0.00011453
2025-10-22 21:00:00+00:00,8259.34698725,17.23835592,0.96895483,0.96372026,0.0,0.00456591,0.00012109
2025-10-22 22:00:00+00:00,8061.57538175,17.43249547,0.96874499,0.96323325,0.0,0.00479077,0.00012539
2025-10-22 23:00:00+00:00,7872.7078625,17.63693483,0.9705463,0.96493659,0.0,0.00487635,0.00014612
2025-10-23 00:00:00+00:00,7723.01656625,17.76609384,0.97014847,0.96450064,1.065e-05,0.00489869,0.00015519
2025-10-23 01:00:00+00:00,7569.7154085,17.94403111,0.96905724,0.96387332,0.0,0.00444945,0.00014507
2025-10-23 02:00:00+00:00,7645.93186075,18.31624269,0.96882668,0.96326356,0.0,0.00481047,0.00013887
2025-10-23 03:00:00+00:00,8026.9010225,18.6288831,0.96825985,0.96295675,1.914e-05,0.00456016,0.00016202
2025-10-23 04:00:00+00:00,9022.32152775,18.82724752,0.96575321,0.9617182,2.083e-05,0.00342756,0.00011111
2025-10-23 05:00:00+00:00,9932.05483475,19.22107126,0.96489247,0.9608812,2.11e-06,0.00333641,0.00010244
2025-10-23 06:00:00+00:00,10039.48598325,19.60167281,0.96393802,0.95923437,2.486e-05,0.00371217,0.00010928
2025-10-23 07:00:00+00:00,9874.099842,19.69013736,0.96357872,0.95939951,3.172e-05,0.00328446,0.00010025
2025-10-23 08:00:00+00:00,9696.5419605,19.7979077,0.96216331,0.95833085,5.023e-05,0.0029792,0.00011764
2025-10-23 09:00:00+00:00,9788.49743925,19.94084564,0.95996729,0.95675682,8.763e-05,0.00225456,0.00011572
2025-10-23 10:00:00+00:00,9722.73133425,19.66943706,0.95891473,0.95689496,7.451e-05,0.00127779,7.974e-05
2025-10-23 11:00:00+00:00,9634.23487675,19.365574,0.95896028,0.95825414,8.349e-05,0.0,5.392e-05
2025-10-23 12:00:00+00:00,9587.148693,19.26831232,0.96075125,0.96003524,9.064e-05,0.0,7.84e-05
2025-10-23 13:00:00+00:00,9636.96544025,19.19606362,0.96192239,0.96050563,8.756e-05,0.00058331,0.0001066
2025-10-23 14:00:00+00:00,9808.5119605,18.80696946,0.96342404,0.9627875,6.928e-05,0.0,0.00012058
2025-10-23 15:00:00+00:00,10144.5750875,18.761649,0.96440088,0.96313701,0.00010091,0.00056651,0.00012772
2025-10-23 16:00:00+00:00,10197.776651,18.59027525,0.96533372,0.96433889,9.209e-05,0.00025212,0.00011469
2025-10-23 17:00:00+00:00,10026.24524175,18.27939147,0.96563452,0.96505951,3.196e-05,0.0,9.764e-05
2025-10-23 18:00:00+00:00,9748.98265725,17.97576195,0.96852885,0.96808377,2.911e-05,0.0,9.065e-05
2025-10-23 19:00:00+00:00,9253.1480455,17.73280404,0.969956,0.96961197,9.03e-06,0.0,6.039e-05
2025-10-23 20:00:00+00:00,8693.46405,17.61041521,0.9717873,0.97150072,0.0,0.0,5.755e-05
2025-10-23 21:00:00+00:00,8106.16931525,17.34843457,0.97108293,0.97077761,0.0,0.0,5.564e-05
2025-10-23 22:00:00+00:00,7815.174016,17.15532836,0.97102994,0.97053983,0.0,0.0,0.00010188
2025-10-23 23:00:00+00:00,7634.60388225,17.29754779,0.96927734,0.96749978,1.4e-06,0.0007485,7.29e-05
2025-10-24 00:00:00+00:00,7491.6314785,17.69217135,0.9664152,0.96210256,4.02e-06,0.00218656,5.994e-05
2025-10-24 01:00:00+00:00,7567.16706875,17.78558298,0.96419197,0.95900935,3.6e-06,0.00250445,6.756e-05
2025-10-24 02:00:00+00:00,7623.706953,17.73504973,0.96347297,0.95828898,2.151e-05,0.00242861,8.29e-05
2025-10-24 03:00:00+00:00,7965.834836,17.62307907,0.96610736,0.96251925,3.02e-06,0.00179808,7.643e-05
2025-10-24 04:00:00+00:00,8876.785426,17.62290889,0.97072619,0.97030364,0.0,0.0,0.00010472
2025-10-24 05:00:00+00:00,9736.8217945,18.10324265,0.96846559,0.96785014,4.712e-05,0.0,0.0001068
2025-10-24 06:00:00+00:00,9911.11259975,18.21413977,0.96684173,0.96608497,6.953e-05,0.0,0.00012941
2025-10-24 07:00:00+00:00,10018.2350765,18.28127969,0.96648201,0.96571243,3.28e-05,0.0,0.00012849
2025-10-24 08:00:00+00:00,9948.04652375,18.20431212,0.96580292,0.96525068,0.0,0.0,0.00010584
2025-10-24 09:00:00+00:00,9757.99173975,18.02655352,0.96561258,0.96499838,0.0,0.0,0.00010841
2025-10-24 10:00:00+00:00,9913.07458325,18.18785612,0.96709966,0.96636933,0.0,0.0,0.00011765
2025-10-24 11:00:00+00:00,9673.0029565,18.04484668,0.96623664,0.96544879,0.0,0.0,0.00010175
2025-10-24 12:00:00+00:00,9550.80796375,18.00096929,0.96785157,0.96700651,0.0,0.0,0.00010143
2025-10-24 13:00:00+00:00,9486.98281025,17.89889198,0.96649808,0.9657582,0.0,0.0,9.071e-05
2025-10-24 14:00:00+00:00,9605.703604,17.93798555,0.96648425,0.96587479,0.0,0.0,9.448e-05
2025-10-24 15:00:00+00:00,9828.62035375,17.98067096,0.96546116,0.96486853,3.072e-05,0.0,0.00011649
2025-10-24 16:00:00+00:00,9851.272208,18.09897723,0.96583674,0.96500191,9.164e-05,0.0,0.0001815
2025-10-24 17:00:00+00:00,9607.66367075,17.90663847,0.96556952,0.96483231,7.616e-05,0.0,0.00016838
2025-10-24 18:00:00+00:00,9079.233002,17.58436773,0.96697364,0.96646753,2.445e-05,0.0,0.00010469
2025-10-24 19:00:00+00:00,8556.49405375,17.35509017,0.96805353,0.9675079,4.66e-06,0.0,0.00010993
2025-10-24 20:00:00+00:00,8227.187884,17.11683108,0.96889345,0.96843208,0.0,0.0,9.237e-05
2025-10-24 21:00:00+00:00,7867.0087935,16.70447535,0.96760532,0.96723875,0.0,0.0,6.358e-05
2025-10-24 22:00:00+00:00,7653.1154635,16.38611219,0.97252733,0.97210657,0.0,0.0,7.949e-05
2025-10-24 23:00:00+00:00,7633.91182075,16.49485546,0.97107736,0.97029886,0.0,0.0,0.00015894
2025-10-25 00:00:00+00:00,7424.2632975,16.24640178,0.96869638,0.96797031,0.0,0.0,0.00015461
2025-10-25 01:00:00+00:00,7303.9958685,15.74497382,0.96635356,0.96604469,0.0,0.0,6.21e-05
2025-10-25 02:00:00+00:00,7199.04947025,15.76946897,0.96544599,0.96479938,1.01e-06,0.00015025,5.907e-05
2025-10-25 03:00:00+00:00,7253.08648875,15.75085515,0.96512853,0.96450166,3.36e-06,0.00015798,6.328e-05
2025-10-25 04:00:00+00:00,7516.751468,16.0123597,0.96663787,0.96615334,0.0,0.0,0.00010868
2025-10-25 05:00:00+00:00,7959.76844925,16.48491982,0.97006368,0.96924092,0.0,0.0,0.0001425
2025-10-25 06:00:00+00:00,8299.64357275,16.51772911,0.97018915,0.96946332,0.0,0.0,0.00013902
2025-10-25 07:00:00+00:00,8700.1206315,16.62823031,0.96955681,0.96840484,0.00010404,0.00032012,0.00010413
2025-10-25 08:00:00+00:00,8891.15318825,16.98411619,0.96936188,0.96755081,0.00013993,0.0007796,9.283e-05
2025-10-25 09:00:00+00:00,9000.45319225,17.09494259,0.96958748,0.96787213,0.00010672,0.00077801,6.142e-05
2025-10-25 10:00:00+00:00,8985.2393855,16.78556322,0.96861014,0.96832824,0.0,0.0,2.846e-05
2025-10-25 11:00:00+00:00,8835.19323675,16.83029821,0.96860705,0.96801542,0.0,0.00029247,1.139e-05
2025-10-25 12:00:00+00:00,8830.5407425,17.42195023,0.96909546,0.96686509,1.485e-05,0.00154698,5.119e-05
2025-10-25 13:00:00+00:00,8835.24018675,17.37453852,0.97082118,0.96857037,0.0,0.0018977,3.868e-05
2025-10-25 14:00:00+00:00,9004.11647125,17.46596868,0.97065225,0.96767797,0.0,0.00258389,6.015e-05
2025-10-25 15:00:00+00:00,9353.723363,18.22455425,0.97099863,0.9649763,0.00043224,0.00448591,7.169e-05
2025-10-25 16:00:00+00:00,9464.174357,17.90640741,0.97070713,0.96602361,6.528e-05,0.00403813,8.469e-05
2025-10-25 17:00:00+00:00,9133.8109805,18.03722475,0.96985117,0.96429542,1.505e-05,0.00490724,0.00011745
2025-10-25 18:00:00+00:00,8832.69928,17.91500556,0.97186589,0.96627745,0.0,0.00516938,5.071e-05
2025-10-25 19:00:00+00:00,8588.10478325,17.99981252,0.97285136,0.96704101,0.0,0.00541043,4.676e-05
2025-10-25 20:00:00+00:00,8321.34191,17.94499844,0.9712366,0.96547239,0.0,0.00552424,9.94e-06
2025-10-25 21:00:00+00:00,7943.1933715,17.87320003,0.97012351,0.96419386,0.0,0.00567263,0.0
2025-10-25 22:00:00+00:00,7714.277707,17.76983217,0.97468791,0.96884927,0.0,0.00560555,0.0
2025-10-25 23:00:00+00:00,7604.374764,17.91287981,0.97422079,0.96708175,0.0,0.00686785,0.0
2025-10-26 00:00:00+00:00,7429.36969675,17.61806796,0.97294181,0.96603966,0.0,0.00666084,0.0
2025-10-26 01:00:00+00:00,7209.134802,17.49817526,0.97169621,0.96485269,0.0,0.00660215,0.0
2025-10-26 02:00:00+00:00,7268.3995455,17.61804836,0.97044193,0.96356277,8.93e-06,0.0059112,1.591e-05
2025-10-26 03:00:00+00:00,7272.04440025,19.59964462,0.9672052,0.95342379,7.562e-05,0.01038039,6.659e-05
2025-10-26 04:00:00+00:00,7386.90614875,19.48101797,0.96737739,0.9541063,1.549e-05,0.01013452,5.256e-05
2025-10-26 05:00:00+00:00,7650.55812225,17.51753629,0.97160551,0.96473529,0.0,0.00661977,0.0
2025-10-26 06:00:00+00:00,7946.26391825,17.73020368,0.97305767,0.96734397,0.0,0.00540977,0.0
2025-10-26 07:00:00+00:00,8401.92824,17.8985548,0.97200771,0.96708958,6.34e-06,0.00446393,2.52e-05
2025-10-26 08:00:00+00:00,8597.0618145,18.57859698,0.97072179,0.96578839,3.915e-05,0.00360442,7.304e-05
2025-10-26 09:00:00+00:00,8738.1291025,18.63997678,0.96952155,0.96612741,2.437e-05,0.00218644,6.395e-05
2025-10-26 10:00:00+00:00,8752.66176975,18.63811132,0.96882025,0.96589241,2.305e-05,0.00191685,2.779e-05
2025-10-26 11:00:00+00:00,8848.46602825,18.91314959,0.96927088,0.96586518,1.322e-05,0.00225086,6.837e-05
2025-10-26 12:00:00+00:00,8772.07178675,18.75735643,0.97075094,0.96708842,7.66e-06,0.00278413,9.026e-05
2025-10-26 13:00:00+00:00,8812.149315,18.96077973,0.97256524,0.96726228,3.69e-06,0.00463754,5.48e-05
2025-10-26 14:00:00+00:00,8959.69921775,19.41420425,0.97307204,0.96706407,1.564e-05,0.0047666,7.137e-05
2025-10-26 15:00:00+00:00,9461.2639155,18.93062668,0.97351841,0.96936583,0.0,0.00370721,9.301e-05
2025-10-26 16:00:00+00:00,9768.933811,19.11500954,0.97249949,0.9682883,0.0,0.00381679,6.807e-05
2025-10-26 17:00:00+00:00,9580.855879,19.0783212,0.97068357,0.96629236,0.0,0.00404433,3.472e-05
2025-10-26 18:00:00+00:00,9388.12010475,19.01189651,0.97057956,0.9659408,0.0,0.00434698,1.51e-05
2025-10-26 19:00:00+00:00,9298.00044925,18.92341563,0.97028602,0.9653519,0.0,0.00473339,4.51e-06
2025-10-26 20:00:00+00:00,8952.41912775,18.71073652,0.97211084,0.96920708,0.0,0.00261382,3.634e-05
2025-10-26 21:00:00+00:00,8534.77538975,19.11093066,0.97411339,0.96910969,9.655e-05,0.00389225,3.538e-05
2025-10-26 22:00:00+00:00,8179.1289095,18.46557909,0.97339289,0.97056182,0.0,0.00259657,1.83e-05
2025-10-26 23:00:00+00:00,8134.62541275,18.07131836,0.97388693,0.97309959,5.34e-06,0.00019389,0.00010585
2025-10-27 00:00:00+00:00,7993.705578,19.23375853,0.97112844,0.96556013,0.00019271,0.00312802,0.00010632
2025-10-27 01:00:00+00:00,7938.52084375,19.48321411,0.97027375,0.96371709,0.00024409,0.00346376,0.00012422
2025-10-27 02:00:00+00:00,7893.434416,19.80506707,0.96997251,0.96271528,0.0002315,0.0038227,8.73e-05
2025-10-27 03:00:00+00:00,7891.7516945,19.64666689,0.96949242,0.96367321,0.00020042,0.00263157,0.00010381
2025-10-27 04:00:00+00:00,8351.73868375,18.6046322,0.96466481,0.96348989,4.65e-06,0.00034256,9.565e-05
2025-10-27 05:00:00+00:00,9442.559384,19.61500761,0.95945931,0.95622404,1.2e-06,0.00168504,0.00012372
2025-10-27 06:00:00+00:00,10259.7014725,19.61883453,0.95957045,0.95658824,2.921e-05,0.00221338,0.00023333
2025-10-27 07:00:00+00:00,10451.18550525,19.95903151,0.95864033,0.95494983,7.025e-05,0.00273575,0.00029324
2025-10-27 08:00:00+00:00,10219.75459375,20.24933164,0.95753385,0.95297103,7.022e-05,0.00348585,0.00028029
2025-10-27 09:00:00+00:00,10116.73545225,20.26812262,0.95833354,0.95415505,7.728e-05,0.00321537,0.00025517
2025-10-27 10:00:00+00:00,10100.699898,20.41957294,0.95815797,0.95409953,0.00010272,0.0030246,0.00030659
2025-10-27 11:00:00+00:00,9967.80439725,20.55583484,0.95696598,0.95225935,0.00013683,0.00356976,0.0003295
2025-10-27 12:00:00+00:00,10005.1719865,20.54167108,0.9582209,0.9535415,0.00013277,0.00352279,0.00034047
2025-10-27 13:00:00+00:00,10055.870011,20.65908364,0.95890699,0.95297281,0.00011903,0.00481258,0.00029124
2025-10-27 14:00:00+00:00,10202.92552175,20.61068098,0.96015846,0.95405273,0.00011303,0.0050111,0.00029595
2025-10-27 15:00:00+00:00,10502.714887,20.69825202,0.95988154,0.95284014,0.00010557,0.00597034,0.0002838
2025-10-27 16:00:00+00:00,10797.25721225,21.23254035,0.95885392,0.94903089,0.00041938,0.0079476,0.00027827
2025-10-27 17:00:00+00:00,10619.291731,20.43488267,0.95655548,0.94954493,6.154e-05,0.00614,0.0002586
2025-10-27 18:00:00+00:00,10450.53462,20.44074535,0.95648058,0.94986732,9.018e-05,0.00556931,0.00031567
2025-10-27 19:00:00+00:00,10160.4765035,20.39592741,0.95785807,0.95164312,0.0001432,0.00503715,0.00038931
2025-10-27 20:00:00+00:00,9713.32095775,20.45372988,0.95845726,0.95204017,0.00026812,0.00483504,0.00040673
2025-10-27 21:00:00+00:00,9280.52879375,19.96755342,0.9596331,0.95530073,0.00020151,0.0030952,0.00042688
2025-10-27 22:00:00+00:00,8786.470482,19.62872676,0.96089512,0.95776945,0.00012322,0.00200993,0.00042017
2025-10-27 23:00:00+00:00,8685.31547575,19.09081037,0.9657839,0.96472114,4.854e-05,0.00020867,0.00032557
2025-10-28 00:00:00+00:00,8378.28999175,19.30688189,0.9687992,0.96621029,7.2e-07,0.00126505,0.0001976
2025-10-28 01:00:00+00:00,8176.15927675,19.85263875,0.97057483,0.96541096,2.78e-06,0.00296815,0.00016574
2025-10-28 02:00:00+00:00,8218.03420875,18.77067591,0.9721649,0.97094894,2e-07,0.0004152,0.0001957
2025-10-28 03:00:00+00:00,8232.35424675,18.83639114,0.9712173,0.96909872,4.14e-06,0.00120837,0.00015494
2025-10-28 04:00:00+00:00,8495.00915025,19.38258643,0.96972911,0.9662488,3.345e-05,0.00201683,0.00016887
2025-10-28 05:00:00+00:00,9496.1345255,19.3174028,0.96525109,0.96352881,0.0001246,0.00057782,0.00026591
2025-10-28 06:00:00+00:00,9921.06553925,19.74761072,0.96076099,0.95760024,0.00031436,0.00138897,0.00023681
2025-10-28 07:00:00+00:00,10152.57786275,19.41763704,0.95990926,0.95870833,0.00019027,0.0,0.00024517
2025-10-28 08:00:00+00:00,10089.78792275,19.52626827,0.95889789,0.95775822,0.0001834,0.0,0.00022401
2025-10-28 09:00:00+00:00,10123.6434855,19.70736276,0.95905092,0.95793073,0.00019858,0.0,0.00020475
2025-10-28 10:00:00+00:00,10000.53754225,19.81056519,0.9574745,0.95635942,0.00019099,2.313e-05,0.00020576
2025-10-28 11:00:00+00:00,9952.32094975,20.63725981,0.95757227,0.95372952,0.00040812,0.00194958,0.00020079
2025-10-28 12:00:00+00:00,9904.8141785,22.28606744,0.95740763,0.94898453,0.0004289,0.00463619,0.00021834
2025-10-28 13:00:00+00:00,10013.9167005,22.50212564,0.95835829,0.94912632,0.00051063,0.00471239,0.00022176
2025-10-28 14:00:00+00:00,10099.09698125,22.10965723,0.95897828,0.94917833,0.00094292,0.00576226,0.0002366
2025-10-28 15:00:00+00:00,10404.24234675,22.08108379,0.95579385,0.94542878,0.00113692,0.00600653,0.00022873
2025-10-28 16:00:00+00:00,10610.4474605,21.95999575,0.95598675,0.94563695,0.00116691,0.0060768,0.00021414
2025-10-28 17:00:00+00:00,10443.62803425,19.41704955,0.95517401,0.95424377,0.000179,0.0,0.00020365
2025-10-28 18:00:00+00:00,10167.0994,19.45498646,0.95664424,0.95557022,0.00018539,0.0,0.00026797
2025-10-28 19:00:00+00:00,9902.413086,19.42348228,0.95721626,0.95591551,0.00021405,0.0,0.00032434
2025-10-28 20:00:00+00:00,9593.72296675,19.48094714,0.95811601,0.95682255,0.00015913,0.0,0.00031347
2025-10-28 21:00:00+00:00,9137.03802825,19.39263882,0.95859298,0.95737859,0.00017151,0.0,0.00034017
2025-10-28 22:00:00+00:00,8660.7378865,19.46579609,0.95883848,0.95736451,0.00024561,0.0,0.00041543
2025-10-28 23:00:00+00:00,8641.05950875,19.71647307,0.96406812,0.96176314,0.00020953,0.00065324,0.00040488
2025-10-29 00:00:00+00:00,8520.67025175,19.55021016,0.96325541,0.96166911,0.00017048,3.631e-05,0.00048765
2025-10-29 01:00:00+00:00,8418.334996,19.58938906,0.96328813,0.96176443,0.00015465,0.0,0.00045857
2025-10-29 02:00:00+00:00,8331.05532075,19.61455129,0.96415703,0.96261222,0.00016513,0.0,0.00045227
2025-10-29 03:00:00+00:00,8430.5801765,20.02418846,0.96410516,0.96023679,0.00023623,0.00205089,0.00042147
2025-10-29 04:00:00+00:00,8847.04671375,20.44313762,0.96432749,0.95877448,0.00055675,0.00315021,0.00044593
2025-10-29 05:00:00+00:00,9774.40262725,21.059884,0.9646197,0.95768896,0.00068502,0.00398414,0.00036704
2025-10-29 06:00:00+00:00,10346.11564275,20.43874821,0.96199191,0.95808972,0.00044937,0.00180319,0.00032556
2025-10-29 07:00:00+00:00,10625.07616125,19.9324954,0.95955215,0.95817527,0.00025282,0.0,0.00037253
2025-10-29 08:00:00+00:00,10511.48770675,20.19474974,0.95800637,0.95607882,0.00027052,0.00048165,0.00035873
2025-10-29 09:00:00+00:00,10535.030553,20.26650753,0.95778704,0.95647872,0.00020967,0.0,0.00036708
2025-10-29 10:00:00+00:00,10476.593868,20.34203411,0.9556361,0.95421873,0.00024751,0.0,0.00040311
2025-10-29 11:00:00+00:00,10400.104454,20.34600285,0.95600802,0.95461065,0.00024342,0.0,0.00041107
2025-10-29 12:00:00+00:00,10386.91816925,20.33586951,0.95584112,0.95439127,0.00027993,0.0,0.00038601
2025-10-29 13:00:00+00:00,10448.274061,20.65185407,0.95671619,0.95375693,0.00039726,0.00118081,0.00022149
2025-10-29 14:00:00+00:00,10505.566121,22.67184007,0.95785291,0.94812829,0.00090661,0.00449061,0.00019143
2025-10-29 15:00:00+00:00,10861.17959775,24.24975092,0.95821102,0.94401269,0.00112371,0.00575213,0.00017602
2025-10-29 16:00:00+00:00,11070.4852195,22.1110545,0.95843065,0.94976872,0.00079481,0.00429792,0.00016902
2025-10-29 17:00:00+00:00,11005.303758,19.78796993,0.95723941,0.95609,0.00014176,0.0,0.00013043
2025-10-29 18:00:00+00:00,10752.4709255,19.65515834,0.95500637,0.95392166,0.00011352,0.0,0.00012289
2025-10-29 19:00:00+00:00,10419.492945,19.61430442,0.95686233,0.95586016,0.00010304,0.0,0.00019119
2025-10-29 20:00:00+00:00,10009.20137275,19.6067126,0.95711223,0.95602371,0.00012574,0.0,0.00028484
2025-10-29 21:00:00+00:00,9645.043339,19.72770241,0.9599305,0.95878978,0.00012271,0.0,0.00030487
2025-10-29 22:00:00+00:00,9119.27167175,19.70745311,0.96007568,0.95886418,0.00010503,0.0,0.00031845
2025-10-29 23:00:00+00:00,8723.7095575,19.74062986,0.96113909,0.95995519,0.00012094,0.0,0.000307
2025-10-30 00:00:00+00:00,8507.335757,19.73659836,0.96019102,0.95903688,0.0001206,0.0,0.00028942
2025-10-30 01:00:00+00:00,8256.59510225,19.79215366,0.96014439,0.95891377,0.00012712,0.0,0.00034654
2025-10-30 02:00:00+00:00,8250.13733375,19.63543601,0.95932107,0.95838823,6.37e-05,0.0,0.00025831
2025-10-30 03:00:00+00:00,8325.3482015,19.62346036,0.95906831,0.95808594,5.421e-05,0.0,0.00024466
2025-10-30 04:00:00+00:00,8577.37016,19.63331229,0.95820449,0.95705121,9.348e-05,0.0,0.00031268
2025-10-30 05:00:00+00:00,9331.5888055,19.52294944,0.95703126,0.95589162,0.00010695,0.0,0.00031018
2025-10-30 06:00:00+00:00,9966.10545225,19.78833116,0.95635883,0.95391856,0.00020782,0.00083638,0.00028583
2025-10-30 07:00:00+00:00,10159.14473175,19.43183004,0.95662266,0.95526834,9.759e-05,0.00017078,0.00025905
2025-10-30 08:00:00+00:00,10348.857853,19.7452444,0.95659129,0.95433802,0.0001286,0.00076074,0.00024481
2025-10-30 09:00:00+00:00,10440.35813975,19.31712105,0.95735756,0.95635679,8.368e-05,0.0,0.0002498
2025-10-30 10:00:00+00:00,10447.2977675,19.17005735,0.95809133,0.95714031,6.189e-05,0.0,0.00020536
2025-10-30 11:00:00+00:00,10373.0002625,19.05829718,0.95984387,0.95882646,9.487e-05,0.0,0.00019001
2025-10-30 12:00:00+00:00,10339.304557,18.7232766,0.96045261,0.95967525,3.458e-05,0.0,9.035e-05
2025-10-30 13:00:00+00:00,10361.2038375,18.42557017,0.96186011,0.96099917,9e-07,0.00017941,6.657e-05
2025-10-30 14:00:00+00:00,10541.9075395,18.20686076,0.9639867,0.96345715,0.0,0.0,6.206e-05
2025-10-30 15:00:00+00:00,10702.1816445,17.87325321,0.96498313,0.96457885,0.0,0.0,5.795e-05
2025-10-30 16:00:00+00:00,10781.90866075,17.60929298,0.96498121,0.96452255,0.0,0.0,7.696e-05
2025-10-30 17:00:00+00:00,10589.27080075,17.38257721,0.96458414,0.96399081,0.0,0.0,0.00010672
2025-10-30 18:00:00+00:00,10389.01049125,16.96593088,0.9652737,0.96480721,0.0,0.0,7.558e-05
2025-10-30 19:00:00+00:00,10181.67555475,16.78707637,0.96484505,0.96444338,0.0,0.0,6.782e-05
2025-10-30 20:00:00+00:00,9639.269278,16.61231142,0.96523032,0.96479543,0.0,0.0,7.726e-05
2025-10-30 21:00:00+00:00,9370.590397,16.82154486,0.97238644,0.97176482,0.0,0.0,0.00013509
2025-10-30 22:00:00+00:00,9150.18766075,16.87041176,0.97353566,0.97288535,0.0,0.0,0.00014824
2025-10-30 23:00:00+00:00,8773.90864875,16.90408856,0.97308612,0.97250861,0.0,0.0,0.00012558
2025-10-31 00:00:00+00:00,8561.87513775,16.98395987,0.97286303,0.9722451,0.0,0.0,0.00014551
2025-10-31 01:00:00+00:00,8321.33401425,17.01726072,0.97262112,0.97201421,0.0,0.0,0.00014497
2025-10-31 02:00:00+00:00,8261.272293,17.08664517,0.97167216,0.97119077,0.0,0.0,0.00011472
2025-10-31 03:00:00+00:00,8339.97995825,16.94894278,0.96673015,0.96624141,0.0,0.0,9.949e-05
2025-10-31 04:00:00+00:00,8640.450078,17.30398433,0.9642254,0.96375488,0.0,0.0,9.736e-05
2025-10-31 05:00:00+00:00,9533.92926775,17.8767336,0.96182706,0.96140741,0.0,0.0,9.419e-05
2025-10-31 06:00:00+00:00,10237.23083225,18.23615218,0.96081493,0.96062854,0.0,0.0,3.204e-05
2025-10-31 07:00:00+00:00,10534.441514,18.70637042,0.95844995,0.9580072,3.35e-06,7.599e-05,5.457e-05
2025-10-31 08:00:00+00:00,10538.62881425,19.03897246,0.95580884,0.95528806,0.0,0.0,9.015e-05
2025-10-31 09:00:00+00:00,10647.60106,19.51091408,0.95556346,0.95483515,4.878e-05,0.0,0.00015987
2025-10-31 10:00:00+00:00,10667.57877425,19.80893838,0.95315416,0.95220542,7.141e-05,6.816e-05,0.00017093
2025-10-31 11:00:00+00:00,10615.98592575,20.35624846,0.95280669,0.95071775,0.00011035,0.00084503,0.00024695
2025-10-31 12:00:00+00:00,10487.486213,20.1288747,0.95055602,0.94925337,0.00013974,0.0001657,0.00023321
2025-10-31 13:00:00+00:00,10434.47045775,21.30243846,0.95221535,0.94721593,0.0001547,0.00272708,0.00018919
2025-10-31 14:00:00+00:00,10439.26387175,21.70169829,0.95316967,0.94646799,0.00021046,0.00396463,0.00016777
2025-10-31 15:00:00+00:00,10729.20644525,21.80625022,0.95333422,0.94599519,0.00036744,0.00424225,0.00021803
2025-10-31 16:00:00+00:00,10818.246953,21.70467595,0.95348995,0.94637882,0.00045777,0.00402227,0.00020971
2025-10-31 17:00:00+00:00,10623.94039925,20.93701483,0.95358838,0.94858773,0.00028897,0.00334832,0.0002246
2025-10-31 18:00:00+00:00,10327.24221675,20.66289905,0.9541698,0.94993969,0.00024623,0.00293192,0.00022656
2025-10-31 19:00:00+00:00,9973.9171385,20.78216803,0.95425562,0.94952087,0.00024636,0.00309578,0.0002571
2025-10-31 20:00:00+00:00,9670.19099875,20.4996646,0.95545336,0.95087884,0.00025045,0.00326238,0.00026916
2025-10-31 21:00:00+00:00,9402.3811545,19.94994442,0.95648444,0.95427595,0.00022366,0.00107539,0.00028205
2025-10-31 22:00:00+00:00,9129.7220215,19.54261539,0.95797546,0.95696859,0.00016842,0.0,0.0002575
2025-10-31 23:00:00+00:00,8889.151467,19.35511291,0.96591536,0.96511398,4.738e-05,0.0,0.00023036
2025-11-01 00:00:00+00:00,8757.64326725,19.25738419,0.96577718,0.96498696,0.0,0.0,0.0002731
2025-11-01 01:00:00+00:00,8628.49345275,19.06190476,0.96771278,0.9669882,0.0,0.0,0.000235
2025-11-01 02:00:00+00:00,8433.5359875,18.85410204,0.96967069,0.96908072,0.0,0.0,0.00019849
2025-11-01 03:00:00+00:00,8378.510947,18.60419013,0.96939484,0.96892685,0.0,0.0,0.00013407
2025-11-01 04:00:00+00:00,8398.38104625,18.28464234,0.96727018,0.96692756,0.0,0.0,8.566e-05
2025-11-01 05:00:00+00:00,8445.4238645,18.09491859,0.96815307,0.9678267,0.0,0.0,7.021e-05
2025-11-01 06:00:00+00:00,8624.049082,17.97841685,0.96851307,0.96821025,0.0,0.0,5.006e-05
2025-11-01 07:00:00+00:00,8891.87106425,17.9757806,0.96846429,0.96809992,0.0,0.0,6.306e-05
2025-11-01 08:00:00+00:00,9008.111288,17.95130901,0.96871009,0.96841076,0.0,0.0,4.199e-05
2025-11-01 09:00:00+00:00,9076.420417,17.81702065,0.96772321,0.96750215,0.0,0.0,2.825e-05
2025-11-01 10:00:00+00:00,9172.0385515,17.78627503,0.96672501,0.96643198,0.0,0.0,4.422e-05
2025-11-01 11:00:00+00:00,9009.25377225,17.83438277,0.96503883,0.96465334,0.0,0.0,6.462e-05
2025-11-01 12:00:00+00:00,8986.37891125,17.8023213,0.96531056,0.96491195,0.0,0.0,7.762e-05
2025-11-01 13:00:00+00:00,9097.39712425,17.62199292,0.96613974,0.96543551,1.894e-05,0.0,0.00018076
2025-11-01 14:00:00+00:00,9276.0412515,17.46099056,0.96787862,0.96699244,5.086e-05,0.0,0.00024826
2025-11-01 15:00:00+00:00,9557.73041425,17.33542514,0.96759859,0.96658058,8.109e-05,0.0,0.00028183
2025-11-01 16:00:00+00:00,9709.02014375,17.25900183,0.96784623,0.9666897,0.00010052,0.0,0.0002615
2025-11-01 17:00:00+00:00,9594.51265675,16.94796893,0.96662507,0.96550162,8.985e-05,0.0,0.00028457
2025-11-01 18:00:00+00:00,9326.16242925,16.72595946,0.96784693,0.96678867,4.46e-05,0.0,0.00026974
2025-11-01 19:00:00+00:00,9040.186892,16.55121953,0.96762939,0.96660684,3.102e-05,0.0,0.000258
2025-11-01 20:00:00+00:00,8653.0364275,16.47707545,0.96733714,0.96630738,4.218e-05,0.0,0.00023955
2025-11-01 21:00:00+00:00,8367.5779725,16.30633821,0.9663717,0.96558512,1.019e-05,0.0,0.00017949
2025-11-01 22:00:00+00:00,8259.73035575,16.12503709,0.96446943,0.96375302,1.074e-05,0.0,0.00018182
2025-11-01 23:00:00+00:00,8233.438037,16.69861699,0.96520317,0.9623132,0.0,0.00199557,0.00023151
2025-11-02 00:00:00+00:00,8021.5332165,17.3336103,0.96462608,0.95865124,0.0,0.00505552,0.00026886
2025-11-02 01:00:00+00:00,7766.82111975,17.67002274,0.96512706,0.95766588,0.0,0.00653284,0.00024216
2025-11-02 02:00:00+00:00,7544.28338075,17.677599,0.96421587,0.95664417,0.0,0.00683723,0.00020566
2025-11-02 03:00:00+00:00,7510.4464595,17.84563739,0.96393183,0.95577336,0.0,0.00749421,0.0001828
2025-11-02 04:00:00+00:00,7555.57063775,17.87426272,0.96221841,0.95431771,0.0,0.00731145,0.00015826
2025-11-02 05:00:00+00:00,7595.460134,18.01403986,0.96103565,0.95311491,0.0,0.00730639,0.00016697
2025-11-02 06:00:00+00:00,7747.901546,18.0777954,0.95923965,0.95144822,0.0,0.00722664,0.0001402
2025-11-02 07:00:00+00:00,7962.005535,18.20864753,0.95974889,0.95227583,0.0,0.00695042,0.00013711
2025-11-02 08:00:00+00:00,8103.37907125,18.48930696,0.95827162,0.95092769,0.0,0.00672485,0.00015191
2025-11-02 09:00:00+00:00,8670.732122,18.47920539,0.95980213,0.95286288,0.0,0.00628889,0.00014908
2025-11-02 10:00:00+00:00,8870.62224775,18.7205022,0.95920915,0.95227152,0.0,0.00619523,0.00017472
2025-11-02 11:00:00+00:00,9084.67754975,19.09837138,0.95993164,0.95281432,0.0,0.0060884,0.00024977
2025-11-02 12:00:00+00:00,9087.62588475,19.11978887,0.9605163,0.95379463,0.0,0.0057192,0.00024808
2025-11-02 13:00:00+00:00,9166.46034725,18.69137186,0.96094046,0.95800641,0.0,0.00178391,0.0002894
2025-11-02 14:00:00+00:00,9325.630981,18.54743913,0.9631027,0.96183479,0.0,0.0001133,0.0003805
2025-11-02 15:00:00+00:00,9776.138174,18.47936639,0.96394376,0.96276771,0.0,0.0,0.00032365
2025-11-02 16:00:00+00:00,10117.705835,18.51155181,0.96402397,0.96192162,0.0,0.00106046,0.00018614
2025-11-02 17:00:00+00:00,9966.496852,18.41184483,0.96442288,0.96298602,0.0,0.000443,0.00023366
2025-11-02 18:00:00+00:00,9684.14618275,18.3720568,0.96407762,0.96306925,0.0,0.0,0.00026925
2025-11-02 19:00:00+00:00,9426.082338,18.50241678,0.9651054,0.96406349,0.0,0.0,0.00027851
2025-11-02 20:00:00+00:00,9168.63390625,18.35579325,0.96443245,0.96314982,0.00010953,0.0,0.0003442
2025-11-02 21:00:00+00:00,8711.79726975,18.25400207,0.96482405,0.96360715,5.772e-05,0.0,0.00034311
2025-11-02 22:00:00+00:00,8404.08101175,18.14265861,0.96387618,0.96261975,5.811e-05,0.0,0.00035818
2025-11-02 23:00:00+00:00,8205.4847525,18.32938779,0.96518572,0.96388776,6.35e-06,0.0,0.00036523
2025-11-03 00:00:00+00:00,8025.7147395,18.32622196,0.96532509,0.9640131,0.0,0.0,0.00037161
2025-11-03 01:00:00+00:00,7870.81688925,18.14392279,0.9652545,0.96401933,0.0,0.0,0.00033441
2025-11-03 02:00:00+00:00,8041.77248125,18.0977272,0.96660049,0.96538,0.0,0.0,0.00033984
2025-11-03 03:00:00+00:00,8153.192998,17.90144182,0.96660117,0.96547061,0.0,0.0,0.00031969
2025-11-03 04:00:00+00:00,8611.48024025,17.98173554,0.96554096,0.96441864,0.0,0.0,0.00027559
2025-11-03 05:00:00+00:00,9466.75618525,17.81891544,0.96484038,0.9639083,0.0,0.0,0.0002244
2025-11-03 06:00:00+00:00,10157.46972,17.61410119,0.96477728,0.96433332,0.0,0.0,8.922e-05
2025-11-03 07:00:00+00:00,10345.6783015,17.92161223,0.96398412,0.96195795,9.687e-05,0.00141236,7.284e-05
2025-11-03 08:00:00+00:00,10470.37475975,17.88507204,0.96341274,0.96217647,6.799e-05,0.00067791,6.978e-05
2025-11-03 09:00:00+00:00,10389.2609605,18.49676599,0.96172034,0.95899671,0.00013909,0.0015638,0.00011455
2025-11-03 10:00:00+00:00,10330.42157525,18.69098308,0.96014648,0.95707814,9.635e-05,0.00193434,0.00012033
2025-11-03 11:00:00+00:00,10398.5693745,18.75055322,0.96070615,0.95773965,4.719e-05,0.00181877,8.1e-05
2025-11-03 12:00:00+00:00,10233.5471955,18.09438091,0.9612797,0.96002401,1.485e-05,0.00070722,6.047e-05
2025-11-03 13:00:00+00:00,10128.346718,17.77531936,0.96174143,0.96107544,2.121e-05,0.00026265,4.71e-05
2025-11-03 14:00:00+00:00,10365.95788375,17.61200133,0.9631795,0.96265289,1.169e-05,0.00019413,4.825e-05
2025-11-03 15:00:00+00:00,10530.30914725,17.59286523,0.9635752,0.96270859,2.881e-05,0.00041329,6.909e-05
2025-11-03 16:00:00+00:00,10798.1721945,17.40187582,0.96415843,0.96345325,1.878e-05,0.00017939,7.924e-05
2025-11-03 17:00:00+00:00,10614.14543525,17.16877874,0.96373105,0.96304773,1.239e-05,0.0,0.0001942
2025-11-03 18:00:00+00:00,10445.92088175,17.05800419,0.96467572,0.96395659,1.92e-05,0.0,0.00020438
2025-11-03 19:00:00+00:00,10141.286235,16.79896397,0.96604489,0.96496201,2.85e-06,0.000609,0.00013781
2025-11-03 20:00:00+00:00,9441.39403275,16.31571643,0.96620862,0.96500774,0.0,0.00079939,0.00010269
2025-11-03 21:00:00+00:00,9021.96915475,15.92999749,0.96752714,0.96666212,0.0,0.00060637,6.891e-05
2025-11-03 22:00:00+00:00,8627.77486775,15.42044608,0.96820977,0.96775522,0.0,0.00037675,1.573e-05
2025-11-03 23:00:00+00:00,8171.20977375,15.42105674,0.97286823,0.97281903,0.0,0.0,0.0
2025-11-04 00:00:00+00:00,8006.25231375,15.42566445,0.97140677,0.97135675,0.0,0.0,0.0
2025-11-04 01:00:00+00:00,8017.64111525,15.38630807,0.97121175,0.97110017,0.0,8.031e-05,2.03e-06
2025-11-04 02:00:00+00:00,7835.23669,15.27903565,0.97127901,0.97116059,0.0,8.676e-05,2.21e-06
2025-11-04 03:00:00+00:00,7904.78846275,15.23614917,0.97165528,0.97153292,0.0,9.073e-05,2.32e-06
2025-11-04 04:00:00+00:00,8131.1521605,15.16815728,0.97239048,0.9722185,0.0,0.0,2.361e-05
2025-11-04 05:00:00+00:00,9150.0042155,15.67127742,0.97213521,0.97150515,0.0,0.0,0.00011847
2025-11-04 06:00:00+00:00,9893.89726675,15.60047406,0.96846462,0.96716115,0.0,0.00078509,0.00011281
2025-11-04 07:00:00+00:00,10023.260929,15.4157745,0.96851922,0.96791437,0.0,0.0,0.00011979
2025-11-04 08:00:00+00:00,10022.44957475,15.49747451,0.96838811,0.96775086,0.0,0.0,0.00011137
2025-11-04 09:00:00+00:00,10033.27535825,15.57631984,0.96903548,0.96839017,0.0,0.0,0.00010976
2025-11-04 10:00:00+00:00,9920.0066405,15.64012345,0.96841933,0.96751172,0.0,0.00026808,0.00011628
2025-11-04 11:00:00+00:00,9925.37374075,15.81484896,0.96926568,0.9677006,0.0,0.00079414,0.00018407
2025-11-04 12:00:00+00:00,9724.7319135,15.86980599,0.96884975,0.96726398,2.59e-06,0.00094226,0.0001304
2025-11-04 13:00:00+00:00,9669.44040225,15.72273102,0.96798752,0.96724419,6.21e-06,0.00016928,0.0001436
2025-11-04 14:00:00+00:00,9751.1243895,16.00438084,0.96979298,0.96820744,2.923e-05,0.00084752,0.00022554
2025-11-04 15:00:00+00:00,9972.3478065,15.87839522,0.96959383,0.96761636,1.483e-05,0.00133554,0.00019672
2025-11-04 16:00:00+00:00,10035.91732325,16.27947243,0.96861377,0.96407291,1.086e-05,0.00385546,0.00026308
2025-11-04 17:00:00+00:00,9760.00427,16.14950028,0.96804797,0.96337941,1.319e-05,0.00398103,0.00028538
2025-11-04 18:00:00+00:00,9527.85935575,15.94576463,0.96730939,0.96306021,1.773e-05,0.00357188,0.00028144
2025-11-04 19:00:00+00:00,9200.6841,15.69924767,0.96975839,0.9685607,2.572e-05,0.00036113,0.00024451
2025-11-04 20:00:00+00:00,8860.84410225,15.84139984,0.97066554,0.96849947,1.489e-05,0.00135818,0.0002356
2025-11-04 21:00:00+00:00,8324.03491575,15.73542945,0.97135748,0.96955458,9.92e-06,0.00098523,0.00022047
2025-11-04 22:00:00+00:00,7889.61522875,15.63329112,0.97102556,0.96937367,0.0,0.00085096,0.00020396
2025-11-04 23:00:00+00:00,7519.0040625,15.70583017,0.97244652,0.97133779,0.0,0.00017969,0.00019524
2025-11-05 00:00:00+00:00,7406.796315,15.73743026,0.9709956,0.96984188,0.0,0.00024636,0.00020816
2025-11-05 01:00:00+00:00,7332.30804275,15.76292182,0.97144668,0.97044714,0.0,6.98e-06,0.00024625
2025-11-05 02:00:00+00:00,7298.7387765,15.85656423,0.97098538,0.9694294,0.0,0.00064886,0.00022552
2025-11-05 03:00:00+00:00,7299.7867865,15.89209856,0.97094921,0.96934149,0.0,0.00075335,0.00018827
2025-11-05 04:00:00+00:00,7684.320261,15.75568584,0.97222709,0.97127961,0.0,0.0,0.00020039
2025-11-05 05:00:00+00:00,8794.82677325,15.78759396,0.97214939,0.97130579,0.0,0.0,0.00017565
2025-11-05 06:00:00+00:00,9571.163227,16.06080514,0.9705465,0.9685581,0.0,0.00123767,0.00017592
2025-11-05 07:00:00+00:00,9614.27802825,15.84537685,0.97138117,0.97062093,0.0,0.00023865,0.0001004
2025-11-05 08:00:00+00:00,9736.01742925,16.06008636,0.97062806,0.96947134,0.0,0.00059409,0.00010753
2025-11-05 09:00:00+00:00,9720.8927065,16.12434161,0.97323271,0.97214735,0.0,0.00050482,0.00010954
2025-11-05 10:00:00+00:00,9709.93063275,16.49507625,0.97288809,0.97060933,0.0,0.00162595,0.00013436
2025-11-05 11:00:00+00:00,9801.374345,16.52999378,0.9739504,0.97183821,0.0,0.00151114,0.00012539
2025-11-05 12:00:00+00:00,9914.63942675,16.66283146,0.97382637,0.97146141,0.0,0.00171989,0.00013774
2025-11-05 13:00:00+00:00,9953.35779,16.7235011,0.97399713,0.97094906,0.0,0.00238928,0.00016843
2025-11-05 14:00:00+00:00,10098.89651875,16.71511662,0.97432031,0.97113919,0.0,0.00252843,0.00016843
2025-11-05 15:00:00+00:00,10395.6187125,16.86445309,0.97444252,0.97095738,2.07e-06,0.00262423,0.00026202
2025-11-05 16:00:00+00:00,10641.68700075,17.18042821,0.9745368,0.97051449,5.061e-05,0.0029226,0.00038037
2025-11-05 17:00:00+00:00,10369.77923625,16.93396438,0.97554155,0.97187954,4.007e-05,0.00269416,0.00031542
2025-11-05 18:00:00+00:00,10086.75656725,16.97626724,0.97542308,0.97137491,3.882e-05,0.00305785,0.00034099
2025-11-05 19:00:00+00:00,9583.0082485,17.01714505,0.97496732,0.9704163,4.186e-05,0.00357174,0.00032298
2025-11-05 20:00:00+00:00,9049.500821,16.78846107,0.97429797,0.97012236,2.522e-05,0.00332826,0.0002798
2025-11-05 21:00:00+00:00,8609.82387475,16.81830167,0.97493439,0.97049527,9e-08,0.00368542,0.00026919
2025-11-05 22:00:00+00:00,8120.52503275,16.73545831,0.97336465,0.96875324,0.0,0.00384844,0.00026073
2025-11-05 23:00:00+00:00,7882.6466135,16.63475679,0.97422963,0.97044459,0.0,0.00321173,0.00020436
2025-11-06 00:00:00+00:00,7714.90556525,16.53353256,0.97454784,0.9715563,0.0,0.00246366,0.000185
2025-11-06 01:00:00+00:00,7622.6282765,16.54174331,0.97435892,0.97143729,0.0,0.00245273,0.00017606
2025-11-06 02:00:00+00:00,7471.503055,16.95040868,0.97337891,0.96813567,0.0,0.00473737,0.00024963
2025-11-06 03:00:00+00:00,7409.7112995,16.73761754,0.97356728,0.96950723,0.0,0.00364996,0.00012977
2025-11-06 04:00:00+00:00,7816.74350875,16.77950973,0.97426999,0.97159176,0.0,0.00240076,0.00012155
2025-11-06 05:00:00+00:00,8873.49297875,16.73247316,0.97558741,0.97512541,0.0,0.00013062,8.632e-05
2025-11-06 06:00:00+00:00,9649.071824,16.93801128,0.97658029,0.97614636,0.0,0.0,0.00012804
2025-11-06 07:00:00+00:00,9699.02586225,17.21919778,0.97343435,0.97287948,1.39e-06,0.0,0.0001514
2025-11-06 08:00:00+00:00,9718.79093925,17.41060894,0.97272923,0.97232357,0.0,0.0,0.00010436
2025-11-06 09:00:00+00:00,9769.301587,17.77756846,0.97280885,0.97227998,2.86e-06,0.0,0.00011795
2025-11-06 10:00:00+00:00,9702.305999,17.97165227,0.97149484,0.97098723,0.0,0.0,9.027e-05
2025-11-06 11:00:00+00:00,9745.980573,18.18934416,0.97124676,0.97062042,0.0,0.0,9.521e-05
2025-11-06 12:00:00+00:00,9648.909975,18.05280323,0.97180804,0.97149883,0.0,0.0,3.687e-05
2025-11-06 13:00:00+00:00,9657.47315925,17.96209071,0.97169419,0.97136007,0.0,0.0,4.868e-05
2025-11-06 14:00:00+00:00,9846.580652,17.9538969,0.97361115,0.97309724,0.0,0.0,7.357e-05
2025-11-06 15:00:00+00:00,10190.5238975,17.96430927,0.97419258,0.97365033,0.0,0.0,7.009e-05
2025-11-06 16:00:00+00:00,10373.38272225,18.05860653,0.97354374,0.97289353,0.0,0.0,0.00010198
2025-11-06 17:00:00+00:00,10199.39232675,17.97868945,0.97326691,0.97279059,1.43e-06,0.0,7.276e-05
2025-11-06 18:00:00+00:00,9958.86735125,18.17906677,0.97498992,0.97420727,5.941e-05,0.0,0.00014795
2025-11-06 19:00:00+00:00,9566.55438125,18.17594463,0.97440102,0.9734523,7.071e-05,0.0,0.0001745
2025-11-06 20:00:00+00:00,9009.6584305,18.06863955,0.97491608,0.97400726,6.56e-05,0.0,0.00017996
2025-11-06 21:00:00+00:00,8592.9580585,18.00334429,0.97564267,0.97476989,4.413e-05,0.0,0.0001854
2025-11-06 22:00:00+00:00,8095.460579,17.87728141,0.9752044,0.97447933,1.03e-06,0.0,0.00013752
2025-11-06 23:00:00+00:00,7816.55128075,17.69977964,0.97584642,0.97547408,0.0,0.0,6.988e-05
2025-11-07 00:00:00+00:00,7684.348476,17.8286759,0.97596112,0.97549203,0.0,0.0,0.00010687
2025-11-07 01:00:00+00:00,7691.560257,17.92114613,0.97596135,0.9755673,0.0,0.0,8.983e-05
2025-11-07 02:00:00+00:00,7616.3439855,18.00216211,0.97556185,0.97518347,0.0,0.0,8.331e-05
2025-11-07 03:00:00+00:00,7666.86980275,18.13945187,0.9748984,0.97439333,0.0,0.0,0.00011268
2025-11-07 04:00:00+00:00,7989.9287525,18.43017133,0.97367745,0.97278534,7.566e-05,0.0,0.00023426
2025-11-07 05:00:00+00:00,9036.6616895,18.57715481,0.97165804,0.97102068,9.028e-05,0.0,0.00017252
2025-11-07 06:00:00+00:00,9788.58082225,18.56025383,0.96988608,0.96966494,5.63e-05,0.0,6.289e-05
2025-11-07 07:00:00+00:00,9820.69337825,18.6624945,0.96864674,0.96828635,9.087e-05,0.0,8.696e-05
2025-11-07 08:00:00+00:00,9630.726377,18.85367993,0.9677184,0.96699324,0.00018537,0.0,0.00020361
2025-11-07 09:00:00+00:00,9474.873786,19.05246144,0.965699,0.96491985,0.00019635,0.0,0.00017017
2025-11-07 10:00:00+00:00,9315.24561,19.17225108,0.96418525,0.96344742,0.0001905,0.0,0.0001772
2025-11-07 11:00:00+00:00,9385.148231,19.25704626,0.964483,0.96378488,0.00018665,0.0,0.0001668
2025-11-07 12:00:00+00:00,9390.71067025,19.19527407,0.96514436,0.96444952,0.00019802,0.0,0.00017468
2025-11-07 13:00:00+00:00,9398.15244425,19.02956548,0.96579116,0.96518175,0.00018289,0.0,0.0001593
2025-11-07 14:00:00+00:00,9656.04660625,19.04179301,0.96571968,0.96501507,0.00017379,0.0,0.000177
2025-11-07 15:00:00+00:00,10035.49471875,19.06581913,0.96530547,0.96448776,0.00032653,0.0,0.00016271
2025-11-07 16:00:00+00:00,10233.5703245,18.98807118,0.96493683,0.96435761,9.324e-05,0.0,0.00016982
2025-11-07 17:00:00+00:00,10001.42637925,18.850996,0.965023,0.96461933,7.153e-05,0.0,0.00012718
2025-11-07 18:00:00+00:00,9650.79066775,18.77080916,0.96464655,0.96423968,7.303e-05,0.0,0.00012596
2025-11-07 19:00:00+00:00,9384.99991925,18.77022281,0.9654652,0.96504472,7.947e-05,0.0,0.00013328
2025-11-07 20:00:00+00:00,9005.34193375,18.75257397,0.96729535,0.96683565,9.28e-05,0.0,0.00013764
2025-11-07 21:00:00+00:00,8708.68467775,18.74347831,0.96809723,0.96770417,6.521e-05,0.0,0.00012032
2025-11-07 22:00:00+00:00,8329.24836225,18.64346023,0.96788882,0.96751412,4.907e-05,0.0,9.788e-05
2025-11-07 23:00:00+00:00,8214.3124935,18.72881947,0.97115069,0.97073143,9.044e-05,0.0,0.00011468
2025-11-08 00:00:00+00:00,8045.14643,18.78410505,0.97230169,0.9717998,9.578e-05,0.0,0.00013613
2025-11-08 01:00:00+00:00,7854.7618305,18.82057733,0.97269463,0.9721924,9.731e-05,0.0,0.0001383
2025-11-08 02:00:00+00:00,7681.4593165,18.87620107,0.9721445,0.97172005,7.734e-05,0.0,0.00011285
2025-11-08 03:00:00+00:00,7678.31454075,18.85407772,0.97299566,0.9726988,5.88e-05,0.0,7.923e-05
2025-11-08 04:00:00+00:00,7640.58259725,18.78070086,0.97233324,0.97216096,4.193e-05,0.0,4.702e-05
2025-11-08 05:00:00+00:00,7870.3035025,18.80630026,0.97112726,0.97088152,7.47e-05,0.0,7.109e-05
2025-11-08 06:00:00+00:00,8209.35150125,19.12452611,0.96837565,0.96777327,0.00014229,0.0,0.00017265
2025-11-08 07:00:00+00:00,8584.0883025,19.40245893,0.96736731,0.96649732,0.00017095,0.0,0.00021989
2025-11-08 08:00:00+00:00,9043.109976,19.49769536,0.96595742,0.9651094,0.0001818,0.0,0.00021833
2025-11-08 09:00:00+00:00,9269.8828465,19.5969833,0.96366902,0.9628117,0.00013832,0.0,0.00022811
2025-11-08 10:00:00+00:00,9405.2753025,19.62191616,0.9620147,0.9612103,0.00013252,0.0,0.00020769
2025-11-08 11:00:00+00:00,9430.8260595,19.50092537,0.96234463,0.96149274,0.0001892,0.0,0.00022475
2025-11-08 12:00:00+00:00,9440.48861925,19.41475547,0.96332645,0.9625833,0.0001862,0.0,0.0002004
2025-11-08 13:00:00+00:00,9378.9103555,19.26701564,0.96471756,0.96419248,9.03e-05,0.0,0.00015801
2025-11-08 14:00:00+00:00,9371.93109175,19.12646183,0.96359799,0.96309314,9.708e-05,0.0,0.00013246
2025-11-08 15:00:00+00:00,9658.5744525,18.98800297,0.96330635,0.96300793,6.808e-05,0.0,7.44e-05
2025-11-08 16:00:00+00:00,9783.7142975,18.89195888,0.96218233,0.96188085,6.258e-05,0.0,7.428e-05
2025-11-08 17:00:00+00:00,9639.49953175,18.82168356,0.96248731,0.96209001,7.122e-05,0.0,0.0001053
2025-11-08 18:00:00+00:00,9435.89877375,18.7427226,0.96296981,0.96245833,8.793e-05,0.0,0.00013186
2025-11-08 19:00:00+00:00,9123.03417075,18.58813146,0.96456116,0.96392952,0.00010897,0.0,0.00015983
2025-11-08 20:00:00+00:00,8806.1024595,18.5798325,0.96780759,0.96704209,0.00011168,0.0,0.00019267
2025-11-08 21:00:00+00:00,8581.01212425,18.48466003,0.96971299,0.9689992,6.239e-05,0.0,0.00018186
2025-11-08 22:00:00+00:00,8239.0926665,18.24557109,0.96976753,0.96907943,6.335e-05,0.0,0.00016746
2025-11-08 23:00:00+00:00,8038.84528975,18.23827955,0.9725109,0.97153481,9.528e-05,0.0,0.00022361
2025-11-09 00:00:00+00:00,7926.98589125,18.09817609,0.97340647,0.97253163,8.3e-05,0.0,0.00022541
2025-11-09 01:00:00+00:00,7837.50278525,17.96059394,0.97370597,0.97281221,8.214e-05,0.0,0.00022523
2025-11-09 02:00:00+00:00,7572.0881765,17.68400288,0.97345584,0.97285573,5.952e-05,0.0,0.00015173
2025-11-09 03:00:00+00:00,7619.51296275,17.53086732,0.9737508,0.97344404,3.828e-05,0.0,7.975e-05
2025-11-09 04:00:00+00:00,7626.9996605,17.49723658,0.97360791,0.97327808,5.355e-05,0.0,9.637e-05
2025-11-09 05:00:00+00:00,7796.50045025,17.64407271,0.97325843,0.97273156,6.495e-05,0.0,0.00014013
2025-11-09 06:00:00+00:00,8007.36732925,17.84668051,0.97294888,0.97225193,5.121e-05,0.0,0.00018195
2025-11-09 07:00:00+00:00,8404.04319925,18.04130039,0.97174767,0.97087045,6.198e-05,0.0,0.00022605
2025-11-09 08:00:00+00:00,8882.79323575,18.17638896,0.97142665,0.97061996,6.09e-05,0.0,0.00021221
2025-11-09 09:00:00+00:00,9132.86320375,18.41387568,0.96976519,0.96899217,5.385e-05,0.0,0.00020474
2025-11-09 10:00:00+00:00,9315.98913325,18.64060514,0.9688232,0.96801027,5.897e-05,0.0,0.00020687
2025-11-09 11:00:00+00:00,9521.0153955,18.85402279,0.96701608,0.96630285,4.562e-05,0.0,0.00018492
2025-11-09 12:00:00+00:00,9476.096034,18.82644389,0.96577812,0.96509428,4.587e-05,0.0,0.00017597
2025-11-09 13:00:00+00:00,9460.0958395,18.65833584,0.9654175,0.96485518,3.699e-05,0.0,0.0001478
2025-11-09 14:00:00+00:00,9537.29768725,18.56853492,0.96478177,0.96412473,1.871e-05,0.0,0.00013954
2025-11-09 15:00:00+00:00,9846.4822415,18.4435295,0.96427902,0.9636688,1.481e-05,0.0,0.00013373
2025-11-09 16:00:00+00:00,9972.56628075,18.4864391,0.96436886,0.96330913,1.724e-05,0.00048564,0.00012399
2025-11-09 17:00:00+00:00,9910.32083875,18.44852949,0.96449286,0.9637047,2e-05,0.00021965,0.00011046
2025-11-09 18:00:00+00:00,9760.0966065,18.41053113,0.96483442,0.96417905,1.746e-05,0.0,0.00013583
2025-11-09 19:00:00+00:00,9517.1817965,18.40692834,0.96570855,0.96508172,1.758e-05,0.0,0.00013157
2025-11-09 20:00:00+00:00,9125.59351625,18.36508335,0.96695239,0.96638507,3.849e-05,0.0,0.00012607
2025-11-09 21:00:00+00:00,8653.01780075,18.34216637,0.96789235,0.96719765,6.432e-05,0.0,0.00017554
2025-11-09 22:00:00+00:00,8388.3484125,18.39160193,0.96554072,0.96483828,5.46e-05,0.0,0.00016571
2025-11-09 23:00:00+00:00,8051.7061305,18.48764543,0.96760385,0.96674017,2.713e-05,0.0,0.00020704
2025-11-10 00:00:00+00:00,7982.5424885,18.38253217,0.96752723,0.96674472,2.875e-05,0.0,0.00019848
2025-11-10 01:00:00+00:00,7947.2516615,18.52991424,0.96731555,0.96636622,3.065e-05,0.0,0.00023271
2025-11-10 02:00:00+00:00,7862.04078375,18.65586207,0.96717563,0.96618202,3.081e-05,0.0,0.00024364
2025-11-10 03:00:00+00:00,7945.73146375,18.82459469,0.96662332,0.96566302,2.658e-05,0.0,0.00022834
2025-11-10 04:00:00+00:00,8401.70478975,18.91953149,0.96213531,0.96128859,2.79e-05,0.0,0.00020645
2025-11-10 05:00:00+00:00,9215.18688375,18.90247136,0.95741229,0.95671553,9.03e-06,0.0,0.00014854
2025-11-10 06:00:00+00:00,9952.67784925,18.9872956,0.95539008,0.95438825,0.00031826,0.0,0.00012657
2025-11-10 07:00:00+00:00,10146.274477,19.16647046,0.95489347,0.95279771,0.00130226,0.0,0.00015848
2025-11-10 08:00:00+00:00,10163.332609,19.26749199,0.9548703,0.95270418,0.00133119,0.0,0.00017294
2025-11-10 09:00:00+00:00,10326.51500675,19.53585604,0.95680174,0.95418509,0.00175427,0.0,0.00017315
2025-11-10 10:00:00+00:00,10364.350608,19.65368233,0.95660764,0.95377178,0.00199754,0.0,0.000158
2025-11-10 11:00:00+00:00,10461.9208745,19.73383747,0.95836127,0.9554172,0.00212113,1.3e-07,0.0001418
2025-11-10 12:00:00+00:00,10357.5636205,19.72945138,0.95833052,0.95494997,0.00255825,8.7e-07,0.00014955
2025-11-10 13:00:00+00:00,10304.757071,19.64351639,0.95825192,0.95573765,0.00172953,1.64e-06,0.00015046
2025-11-10 14:00:00+00:00,10501.265462,19.62718465,0.95744042,0.95490632,0.0017121,4.052e-05,0.00014742
2025-11-10 15:00:00+00:00,10671.1648715,19.5776164,0.95738818,0.95496923,0.00172933,0.0,0.00017251
2025-11-10 16:00:00+00:00,10741.4770075,20.68521112,0.95658671,0.9512321,0.00160061,0.00135061,0.00016886
2025-11-10 17:00:00+00:00,10641.5416105,19.61789539,0.95761681,0.95500544,0.00162229,0.00012342,0.00023498
2025-11-10 18:00:00+00:00,10380.6096975,19.46128084,0.95580279,0.9538583,0.00105926,0.0,0.00031965
2025-11-10 19:00:00+00:00,10049.99625025,19.44447576,0.95657347,0.95440282,0.0012799,0.0,0.00035056
2025-11-10 20:00:00+00:00,9567.9439825,19.42330884,0.95977083,0.9577444,0.00109813,0.0,0.0003557
2025-11-10 21:00:00+00:00,9062.48632975,19.24679622,0.95944843,0.95789549,0.00062815,0.0,0.00034263
2025-11-10 22:00:00+00:00,8681.929622,19.15377006,0.95907141,0.95797441,0.00015214,0.0,0.00031072
2025-11-10 23:00:00+00:00,8314.19444675,19.0933822,0.96175768,0.96074961,0.00010078,0.0,0.0002694
2025-11-11 00:00:00+00:00,8226.1451655,19.06148715,0.96139376,0.96044222,6.652e-05,0.0,0.00028138
2025-11-11 01:00:00+00:00,8187.331011,18.96810456,0.95968121,0.95877796,7.375e-05,0.0,0.00028956
2025-11-11 02:00:00+00:00,8146.988412,18.90897424,0.95861914,0.95771824,7.292e-05,0.0,0.00029716
2025-11-11 03:00:00+00:00,8258.61776425,18.91656509,0.95864655,0.95773224,7.946e-05,0.0,0.00019643
2025-11-11 04:00:00+00:00,8551.3723935,18.87252062,0.95810867,0.9572094,3.587e-05,0.0,0.00025061
2025-11-11 05:00:00+00:00,9379.47483475,18.863972,0.95686392,0.95587217,0.00020401,0.0,0.00026534
2025-11-11 06:00:00+00:00,10086.48096125,20.70165493,0.95720319,0.95046229,0.00023719,0.00361297,0.00012953
2025-11-11 07:00:00+00:00,10256.532119,20.73600978,0.95738032,0.95025421,0.00082612,0.00331787,0.00010335
2025-11-11 08:00:00+00:00,10306.62894225,20.35286942,0.95727414,0.95138275,0.00099658,0.00261466,8.103e-05
2025-11-11 09:00:00+00:00,10337.8126495,19.71955671,0.95596619,0.95197806,0.00063953,0.00195314,5.178e-05
2025-11-11 10:00:00+00:00,10319.89911475,20.67558974,0.95402462,0.94772403,0.00036096,0.00316039,4.837e-05
2025-11-11 11:00:00+00:00,10386.404929,21.26867641,0.95378231,0.94582201,0.00031619,0.00401126,4.591e-05
2025-11-11 12:00:00+00:00,10281.41113975,20.29931784,0.95552797,0.94955507,0.00026415,0.00334729,2.63e-05
2025-11-11 13:00:00+00:00,10303.9475835,18.72124429,0.95816188,0.95635739,0.00059294,0.00050021,1.932e-05
2025-11-11 14:00:00+00:00,10511.26369675,18.71136679,0.95781289,0.95545126,0.00049186,0.0009218,7.41e-06
2025-11-11 15:00:00+00:00,10894.49801,18.25960953,0.95736947,0.95525101,0.00054007,0.0013931,0.00010999
2025-11-11 16:00:00+00:00,11023.84786125,18.42477549,0.9564077,0.95217277,0.00042343,0.00349328,0.00027376
2025-11-11 17:00:00+00:00,10905.342338,18.20798812,0.95728641,0.95314133,0.00024156,0.00347704,0.00031042
2025-11-11 18:00:00+00:00,10714.6709795,17.86642332,0.95790948,0.95402529,0.00014893,0.00337076,0.00033226
2025-11-11 19:00:00+00:00,10368.664624,17.95620998,0.958701,0.95282954,0.0,0.00543411,0.00049794
2025-11-11 20:00:00+00:00,9964.2197965,17.71019896,0.95909378,0.95332969,0.0,0.00529713,0.0004456
2025-11-11 21:00:00+00:00,9298.840673,17.4634736,0.95902834,0.95315712,0.0,0.00553392,0.00031125
2025-11-11 22:00:00+00:00,8904.73189525,17.20809771,0.96026958,0.9543043,0.0,0.00577198,0.00019514
2025-11-11 23:00:00+00:00,8319.38096525,16.81338125,0.96192981,0.95559207,0.0,0.00612793,0.00019577
2025-11-12 00:00:00+00:00,8225.692894,16.69861182,0.96141787,0.95499979,0.0,0.00621212,0.00019868
2025-11-12 01:00:00+00:00,8069.07979675,16.52552738,0.96142933,0.95510634,0.0,0.00609945,0.00019123
2025-11-12 02:00:00+00:00,7944.06177525,16.38794153,0.9618058,0.955496,0.0,0.00613294,0.00018011
2025-11-12 03:00:00+00:00,8060.326811,16.32350686,0.96246906,0.95636358,0.0,0.00596786,0.00016777
2025-11-12 04:00:00+00:00,8368.6006415,16.29826019,0.96349457,0.95771444,0.0,0.00562521,0.00016314
2025-11-12 05:00:00+00:00,9329.82911325,16.44482397,0.96374388,0.95844526,0.0,0.00511662,0.00015907
2025-11-12 06:00:00+00:00,10079.96146325,16.45047426,0.964838,0.95969794,0.0,0.00493342,0.00015447
2025-11-12 07:00:00+00:00,10077.700691,16.32657454,0.96462874,0.95959693,0.0,0.00479697,0.0001514
2025-11-12 08:00:00+00:00,10258.47147675,16.32058374,0.96372816,0.95852705,0.0,0.00475346,0.00013545
2025-11-12 09:00:00+00:00,10407.454598,16.30216865,0.96349845,0.9583336,0.0,0.00478211,0.00014742
2025-11-12 10:00:00+00:00,10464.9234345,16.03005262,0.96343721,0.95840323,0.0,0.00483707,0.00014186
2025-11-12 11:00:00+00:00,10410.9887045,16.04993954,0.96426536,0.95958394,0.0,0.00450634,0.00013128
2025-11-12 12:00:00+00:00,10431.47880925,15.94775487,0.964401,0.9597694,0.0,0.00447559,0.00013349
2025-11-12 13:00:00+00:00,10489.75518125,15.9330844,0.96466733,0.96012593,0.0,0.0043816,0.00013731
2025-11-12 14:00:00+00:00,10555.183156,15.89698551,0.9647192,0.96014374,0.0,0.00438134,0.00014809
2025-11-12 15:00:00+00:00,10783.19619025,16.1852604,0.96433159,0.95959515,0.0,0.00441887,0.00016707
2025-11-12 16:00:00+00:00,10880.230206,16.24964135,0.96396528,0.95922015,0.0,0.00433528,0.00018172
2025-11-12 17:00:00+00:00,10622.78554325,16.05124388,0.96434532,0.95960885,0.0,0.00443792,0.00016835
2025-11-12 18:00:00+00:00,10281.55201425,16.01675393,0.96426276,0.95938816,0.0,0.00460733,0.0001689
2025-11-12 19:00:00+00:00,9978.106801,15.92044879,0.96779315,0.96258866,0.0,0.00497472,0.00017353
2025-11-12 20:00:00+00:00,9363.0908,15.59493695,0.97007861,0.96610228,0.0,0.00378517,0.00013753
2025-11-12 21:00:00+00:00,8894.5800305,15.32514812,0.97052167,0.96823613,0.0,0.00216477,7.389e-05
2025-11-12 22:00:00+00:00,8436.99795275,15.37343865,0.9709434,0.9687781,0.0,0.00198734,7.835e-05
2025-11-12 23:00:00+00:00,8331.95665475,15.26986567,0.97011972,0.96723779,0.0,0.00279324,8.169e-05
2025-11-13 00:00:00+00:00,7924.46736925,15.19623863,0.9691569,0.96535878,0.0,0.0036972,0.00010509
2025-11-13 01:00:00+00:00,7711.22999,15.07653857,0.96771528,0.9640373,0.0,0.00357716,0.00010055
2025-11-13 02:00:00+00:00,7580.579633,14.94627744,0.96715098,0.9639924,0.0,0.00307301,8.766e-05
2025-11-13 03:00:00+00:00,7673.19047825,14.5670338,0.96813959,0.96681775,0.0,0.00126661,3.276e-05
2025-11-13 04:00:00+00:00,7981.85945575,14.80743139,0.96857848,0.96710596,0.0,0.00141539,3.693e-05
2025-11-13 05:00:00+00:00,9007.69343375,14.933139,0.96850207,0.96789476,0.0,0.00039339,5.075e-05
2025-11-13 06:00:00+00:00,9629.3324055,15.28560608,0.96665577,0.96476407,0.0,0.0016096,8.911e-05
2025-11-13 07:00:00+00:00,9705.56043,15.27342712,0.96780174,0.96755026,0.0,0.0,3.511e-05
2025-11-13 08:00:00+00:00,9944.571015,15.41660438,0.96740783,0.96722708,0.0,0.0,2.466e-05
2025-11-13 09:00:00+00:00,10263.88511975,15.57696486,0.96671327,0.966492,0.0,0.0,3.158e-05
2025-11-13 10:00:00+00:00,10548.601399,15.78234839,0.96609099,0.96587727,0.0,0.0,2.134e-05
2025-11-13 11:00:00+00:00,10657.62273725,15.81750907,0.96602571,0.96585101,0.0,0.0,1.79e-05
2025-11-13 12:00:00+00:00,10711.2419555,15.96869017,0.9659611,0.96575705,0.0,0.0,2.881e-05
2025-11-13 13:00:00+00:00,10693.35214725,15.97252786,0.96523373,0.96505576,0.0,0.0,2.255e-05
2025-11-13 14:00:00+00:00,10870.42611725,15.77586738,0.96555893,0.96543618,0.0,0.0,1.433e-05
2025-11-13 15:00:00+00:00,11164.95648075,15.96567904,0.96525454,0.96503145,0.0,0.0,2.434e-05
2025-11-13 16:00:00+00:00,10970.50060975,16.18449472,0.96369499,0.96216112,0.0,0.00118614,6.398e-05
2025-11-13 17:00:00+00:00,11008.52420825,16.14176755,0.96202491,0.9598069,0.0,0.00185047,0.00010053
2025-11-13 18:00:00+00:00,11048.035242,16.1436076,0.96157036,0.95828483,0.0,0.00301596,0.00011429
2025-11-13 19:00:00+00:00,10786.16744625,16.31357072,0.96129864,0.95645862,0.0,0.0045571,0.00015611
2025-11-13 20:00:00+00:00,10299.30309475,16.24090045,0.96054525,0.95561655,0.0,0.0046733,0.00015375
2025-11-13 21:00:00+00:00,9891.2240565,16.26417677,0.96093834,0.95610071,0.0,0.00454244,0.00015819
2025-11-13 22:00:00+00:00,9458.06643475,16.44334339,0.96115398,0.95566212,0.0,0.00518987,0.00017568
2025-11-13 23:00:00+00:00,9333.75995075,16.6760906,0.96171972,0.95573583,0.0,0.00567684,9.469e-05
2025-11-14 00:00:00+00:00,9331.211867,16.72899037,0.96013566,0.95378511,0.0,0.00599489,8.576e-05
2025-11-14 01:00:00+00:00,9277.91689825,16.75386539,0.95883676,0.95246757,0.0,0.0060177,8.772e-05
2025-11-14 02:00:00+00:00,9197.60260725,16.6765657,0.95846496,0.95246882,0.0,0.00565709,8.678e-05
2025-11-14 03:00:00+00:00,9283.2562515,16.94118411,0.95761545,0.95149696,0.0,0.00556929,0.00011693
2025-11-14 04:00:00+00:00,9646.81802,16.86750672,0.95586354,0.95220897,0.0,0.00307962,0.0001288
2025-11-14 05:00:00+00:00,10687.835121,16.98791514,0.95548494,0.95438199,0.0,0.00054751,0.00012445
2025-11-14 06:00:00+00:00,11431.82122075,17.58621553,0.95469362,0.95253542,0.00026269,0.00180057,9.277e-05
2025-11-14 07:00:00+00:00,11553.557353,17.77497639,0.95512382,0.95308789,0.00056014,0.00128878,8.692e-05
2025-11-14 08:00:00+00:00,11526.8622685,17.77618318,0.95252914,0.95147484,0.0005436,0.00022204,8.117e-05
2025-11-14 09:00:00+00:00,11325.28565325,18.01578785,0.95160903,0.95070327,0.00054917,2e-08,5.707e-05
2025-11-14 10:00:00+00:00,11055.285769,18.09152563,0.95034359,0.94975908,0.0001988,0.0,6.01e-05
2025-11-14 11:00:00+00:00,10888.44627,17.94845809,0.95065499,0.95033576,0.0,0.0,5.733e-05
2025-11-14 12:00:00+00:00,10720.3611565,17.61144247,0.95339177,0.95320149,0.0,0.0,2.493e-05
2025-11-14 13:00:00+00:00,10886.237309,17.21160504,0.95256496,0.95246282,0.0,0.0,1.015e-05
2025-11-14 14:00:00+00:00,10962.98209575,16.709312,0.95490421,0.9548628,0.0,0.0,0.0
2025-11-14 15:00:00+00:00,11246.2503035,16.26184418,0.95442117,0.9542574,8.049e-05,1e-08,1.1e-07
2025-11-14 16:00:00+00:00,11415.35247475,16.17226429,0.95598739,0.95559068,0.00011008,0.0,3.165e-05
2025-11-14 17:00:00+00:00,11272.909786,16.18718795,0.95662174,0.95608761,0.00017515,0.0,5.06e-05
2025-11-14 18:00:00+00:00,11055.4398755,16.09884825,0.95838027,0.95788456,0.0,0.0,7.694e-05
2025-11-14 19:00:00+00:00,10687.840245,15.99918498,0.95932705,0.95878111,0.0,0.0,8.478e-05
2025-11-14 20:00:00+00:00,10488.525604,15.83005905,0.95986105,0.95932672,0.0,0.0,8.667e-05
2025-11-14 21:00:00+00:00,10160.78120475,15.75783282,0.96045666,0.9598866,0.0,0.0,0.0001054
2025-11-14 22:00:00+00:00,9910.068201,15.95692586,0.96225278,0.96016932,0.0,0.00161099,9.839e-05
2025-11-14 23:00:00+00:00,9462.8725945,16.27224037,0.9657653,0.96135981,0.0,0.00382938,0.00013584
2025-11-15 00:00:00+00:00,9371.35474775,16.32530231,0.96495024,0.96019727,0.0,0.00424201,0.00012151
2025-11-15 01:00:00+00:00,9338.137993,16.31781507,0.96231959,0.95746053,0.0,0.00440409,0.00010548
2025-11-15 02:00:00+00:00,9277.22685575,16.30439376,0.96216293,0.95700075,0.0,0.00477297,0.00010303
2025-11-15 03:00:00+00:00,9450.86019975,16.38985243,0.96160053,0.95624162,0.0,0.00495917,9.849e-05
2025-11-15 04:00:00+00:00,9569.650749,16.39761463,0.96196996,0.95664362,0.0,0.00488286,0.00010954
2025-11-15 05:00:00+00:00,9897.278913,16.55509971,0.96104005,0.95585769,0.0,0.00469238,0.0001214
2025-11-15 06:00:00+00:00,10373.27603775,16.77116957,0.95841767,0.95303236,1.89e-05,0.00469,0.00019499
2025-11-15 07:00:00+00:00,10587.65473925,16.88555783,0.95914099,0.95375888,2.807e-05,0.00458665,0.00023207
2025-11-15 08:00:00+00:00,10524.43192575,17.73966253,0.95809393,0.95141966,6.176e-05,0.00455799,0.00026221
2025-11-15 09:00:00+00:00,10368.21601425,18.0153779,0.95702057,0.95035805,6.92e-05,0.00445898,0.00026555
2025-11-15 10:00:00+00:00,10208.596961,17.44408918,0.95655507,0.95140901,6.865e-05,0.00433913,0.00021805
2025-11-15 11:00:00+00:00,10173.84725075,17.30558226,0.95637197,0.95132502,6.106e-05,0.00420018,0.00024521
2025-11-15 12:00:00+00:00,10189.41332375,17.06162788,0.95808418,0.95334667,6.288e-05,0.00397485,0.0002529
2025-11-15 13:00:00+00:00,10157.003827,16.68335764,0.95927771,0.95458075,7.506e-05,0.00395324,0.00023372
2025-11-15 14:00:00+00:00,10638.14029725,16.51311251,0.96080561,0.95589786,8.351e-05,0.00410661,0.00023155
2025-11-15 15:00:00+00:00,11117.39766625,16.54180149,0.96131446,0.956382,0.00013388,0.00388601,0.00027029
2025-11-15 16:00:00+00:00,11160.65276725,16.51896051,0.96108696,0.95616369,5.192e-05,0.00387547,0.0002606
2025-11-15 17:00:00+00:00,10942.28944225,16.40417868,0.96132776,0.95640145,4.789e-05,0.00401882,0.00025553
2025-11-15 18:00:00+00:00,10657.469756,16.24430477,0.96136627,0.95638282,2.459e-05,0.00434092,0.00019252
2025-11-15 19:00:00+00:00,10310.41483625,16.22017732,0.96166855,0.95638931,6.07e-06,0.00470079,0.00017008
2025-11-15 20:00:00+00:00,9875.380714,16.14347748,0.9619037,0.95647534,1.8e-06,0.0049055,0.00014068
2025-11-15 21:00:00+00:00,9495.66533175,16.08644487,0.96316799,0.957503,1.32e-06,0.00514464,0.00013138
2025-11-15 22:00:00+00:00,9161.02454225,16.07988181,0.96342889,0.95744683,2.5e-07,0.00548864,0.00012389
2025-11-15 23:00:00+00:00,9013.17222375,16.1310229,0.96310984,0.95699721,0.0,0.00565358,9.018e-05
2025-11-16 00:00:00+00:00,8922.6805695,16.0862428,0.96363224,0.95749344,0.0,0.00562982,9.838e-05
2025-11-16 01:00:00+00:00,8951.86626,16.1743521,0.96337632,0.95692417,0.0,0.0058584,0.00010327
2025-11-16 02:00:00+00:00,8969.4474,16.3040174,0.96304611,0.95661711,0.0,0.00578604,0.00013966
2025-11-16 03:00:00+00:00,8820.9513145,16.2761,0.96328795,0.95720776,0.0,0.00545799,0.00013258
2025-11-16 04:00:00+00:00,8765.20825625,16.0726934,0.9631638,0.9587447,3.4e-07,0.00379902,0.00011396
2025-11-16 05:00:00+00:00,8936.74004775,15.5049997,0.96358305,0.9630639,1.54e-06,0.0,0.00010901
2025-11-16 06:00:00+00:00,9277.2092715,15.75495586,0.96569111,0.96507659,2.74e-06,0.0,0.00013644
2025-11-16 07:00:00+00:00,9746.227402,16.05528547,0.96357237,0.96312064,1.69e-06,0.0,8.642e-05
2025-11-16 08:00:00+00:00,9949.6364765,16.34754313,0.9614896,0.96114177,1.02e-06,0.0,8.708e-05
2025-11-16 09:00:00+00:00,10082.3614155,16.78681559,0.95975184,0.95936925,8.9e-07,0.0,7.596e-05
2025-11-16 10:00:00+00:00,10202.179485,17.0863681,0.9571216,0.95672445,1.15e-06,0.0,6.94e-05
2025-11-16 11:00:00+00:00,10307.178697,17.34575879,0.95587086,0.95543413,2.531e-05,0.0,6.078e-05
2025-11-16 12:00:00+00:00,10381.61026375,17.56099327,0.95589133,0.95534889,5.036e-05,0.0,0.00010244
2025-11-16 13:00:00+00:00,10485.45425575,17.40888586,0.95588566,0.95544117,2.23e-06,0.0,9.242e-05
2025-11-16 14:00:00+00:00,10653.41091375,17.24671735,0.95561766,0.95533289,0.0,0.0,4.594e-05
2025-11-16 15:00:00+00:00,11023.067893,18.00129111,0.95719503,0.95545156,6.686e-05,0.00053899,2.862e-05
2025-11-16 16:00:00+00:00,11341.85690575,20.53302629,0.95740837,0.95017715,0.00030319,0.0024812,4.224e-05
2025-11-16 17:00:00+00:00,11393.8733635,19.58227499,0.9579375,0.95296877,0.00021442,0.00220615,6.113e-05
2025-11-16 18:00:00+00:00,11356.1856905,17.74629551,0.9576463,0.95701031,1.756e-05,0.00012649,7.081e-05
2025-11-16 19:00:00+00:00,11032.61308725,17.7494014,0.9577253,0.95727482,2.64e-06,0.0,0.00011882
2025-11-16 20:00:00+00:00,10761.52741175,17.72401294,0.95667398,0.95624042,2.82e-06,0.0,0.0001167
2025-11-16 21:00:00+00:00,10476.759979,17.74712829,0.95850755,0.95794166,7.717e-05,0.0,0.00013986
2025-11-16 22:00:00+00:00,10345.83101425,17.77550508,0.96426271,0.96375864,2.036e-05,0.0,0.00012178
2025-11-16 23:00:00+00:00,10117.4609795,17.80531863,0.96621179,0.96564623,2.877e-05,0.0,0.00014268
2025-11-17 00:00:00+00:00,9925.647469,17.87112134,0.96717158,0.96640592,6.536e-05,0.0,0.00021418
2025-11-17 01:00:00+00:00,9896.11433975,17.95720487,0.96751628,0.96667807,3.424e-05,0.0,0.00022229
2025-11-17 02:00:00+00:00,9864.73177275,17.97077931,0.96769971,0.9669288,2.988e-05,0.0,0.00020879
2025-11-17 03:00:00+00:00,9924.79816925,17.96600354,0.96596621,0.96529537,2.581e-05,0.0,0.00013921
2025-11-17 04:00:00+00:00,10413.0318625,17.98742602,0.96000601,0.95933422,3.834e-05,0.0,0.00016466
2025-11-17 05:00:00+00:00,11465.3530145,20.19922614,0.95705322,0.95084635,0.00011588,0.00302074,0.00015401
2025-11-17 06:00:00+00:00,12110.16275625,21.1924857,0.95669091,0.94798316,0.00041367,0.00382134,0.00014662
2025-11-17 07:00:00+00:00,12218.2566965,22.53287028,0.95459326,0.94356058,0.00030591,0.00464011,0.0002419
2025-11-17 08:00:00+00:00,12290.9528335,22.68989181,0.95287162,0.94292672,0.00027805,0.00378215,0.0002255
2025-11-17 09:00:00+00:00,12065.6525595,21.38071789,0.95116623,0.94453738,0.00030719,0.00255555,0.00020787
2025-11-17 10:00:00+00:00,11970.13310175,20.72022464,0.95023621,0.94501215,0.00049799,0.00195704,0.00023964
2025-11-17 11:00:00+00:00,11829.329004,20.7031386,0.95010018,0.94484664,0.00027208,0.00229255,0.0002575
2025-11-17 12:00:00+00:00,11876.07901,21.04271197,0.95044427,0.94417356,0.00030176,0.00279721,0.000265
2025-11-17 13:00:00+00:00,12048.90212625,20.66937968,0.95220595,0.94640019,0.00033125,0.00237526,0.00020238
2025-11-17 14:00:00+00:00,12291.81792225,22.04609613,0.95347474,0.94451086,0.00041833,0.00304869,0.00021666
2025-11-17 15:00:00+00:00,12554.73196825,22.62773171,0.95362465,0.94346986,0.00046747,0.00369626,0.00020704
2025-11-17 16:00:00+00:00,12818.67429575,22.25855156,0.95354387,0.94393582,0.00044535,0.00387292,0.00022234
2025-11-17 17:00:00+00:00,12706.86133875,21.80491539,0.95416624,0.9456307,0.00044759,0.00357714,0.00022426
2025-11-17 18:00:00+00:00,12625.8919355,21.7381143,0.95356816,0.94534945,0.00044778,0.00339006,0.00021765
2025-11-17 19:00:00+00:00,12411.733191,21.73860249,0.95391246,0.94583398,0.0004721,0.00336908,0.00024227
2025-11-17 20:00:00+00:00,12199.30557375,21.17928054,0.95377332,0.94668223,0.0004641,0.00320395,0.00027511
2025-11-17 21:00:00+00:00,11681.450748,19.79652397,0.95390111,0.94952347,0.00037266,0.00201004,0.00028629
2025-11-17 22:00:00+00:00,11350.40355975,18.57449929,0.95485927,0.95378224,0.00026715,0.0,0.00024605
2025-11-17 23:00:00+00:00,10770.43140475,18.59992092,0.95824454,0.95674103,0.00019066,0.0002983,0.00017048
2025-11-18 00:00:00+00:00,10633.75309575,18.43572007,0.95853712,0.95733725,0.00027934,1.7e-07,0.00021735
2025-11-18 01:00:00+00:00,10573.17797125,18.4170469,0.95896542,0.95782683,0.00021941,0.0,0.00020143
2025-11-18 02:00:00+00:00,10513.4065925,18.46339491,0.95915799,0.95791257,0.00025125,1.4e-07,0.00021432
2025-11-18 03:00:00+00:00,10366.11562275,18.47286669,0.95924596,0.95782438,0.00045418,6.5e-07,0.00018621
2025-11-18 04:00:00+00:00,10788.10484675,18.46304787,0.95768439,0.95647926,0.00033853,5.71e-06,0.00017014
2025-11-18 05:00:00+00:00,11835.18464525,19.04111954,0.95686083,0.95432562,0.00118051,3.102e-05,0.00016786
2025-11-18 06:00:00+00:00,12764.3071155,22.78325316,0.95459793,0.94461072,0.00131318,0.00228996,0.000172
2025-11-18 07:00:00+00:00,12899.92012725,24.26285307,0.95248006,0.93975913,0.00138213,0.00323355,0.00016416
2025-11-18 08:00:00+00:00,12903.17544525,26.91126446,0.94843312,0.93175797,0.00117792,0.00454433,0.00016027
2025-11-18 09:00:00+00:00,12450.68175725,25.6743927,0.94343799,0.92844711,0.00115952,0.00461712,0.00011624
2025-11-18 10:00:00+00:00,12324.3852785,25.2194235,0.94273732,0.92867472,0.00125773,0.00449047,0.00010422
2025-11-18 11:00:00+00:00,12138.544064,26.71291126,0.93997683,0.92296225,0.00107765,0.00511898,0.00011348
2025-11-18 12:00:00+00:00,12173.508605,27.82789316,0.94194891,0.92283751,0.00143172,0.00524001,0.00010219
2025-11-18 13:00:00+00:00,12357.60864525,29.41808665,0.94422834,0.92229774,0.00161811,0.00522119,0.00010426
2025-11-18 14:00:00+00:00,12697.9745685,30.37077775,0.94702564,0.92237092,0.00202213,0.00626823,7.289e-05
2025-11-18 15:00:00+00:00,13023.494166,31.31549602,0.94665969,0.92010151,0.00217172,0.00664714,0.00011666
2025-11-18 16:00:00+00:00,13291.40086625,30.36865182,0.94798125,0.92215151,0.00252923,0.00694829,0.00012182
2025-11-18 17:00:00+00:00,13209.067611,29.93533225,0.94724033,0.92279405,0.00193401,0.00675927,0.00012517
2025-11-18 18:00:00+00:00,12948.43794375,29.88344344,0.95071343,0.92718534,0.00188164,0.00613479,0.00014001
2025-11-18 19:00:00+00:00,12725.0535215,27.60542458,0.94968193,0.93091393,0.00195043,0.00470634,0.00013405
2025-11-18 20:00:00+00:00,12356.40329425,26.90043964,0.9513285,0.93400896,0.00213045,0.00405926,0.0001537
2025-11-18 21:00:00+00:00,11667.096233,21.03395517,0.95639868,0.9507611,0.00183536,0.00102954,0.00016105
2025-11-18 22:00:00+00:00,11504.542619,28.51134425,0.95411192,0.93254842,0.0018884,0.0070771,0.00022186
2025-11-18 23:00:00+00:00,11040.10673275,23.83733166,0.9556106,0.94324459,0.00188451,0.00403727,0.00025186
2025-11-19 00:00:00+00:00,10909.8848465,20.01607096,0.95727444,0.95353568,0.00167821,0.00050572,0.00031536
2025-11-19 01:00:00+00:00,10889.2548175,21.57139003,0.95708743,0.94984564,0.00173609,0.00179289,0.00033438
2025-11-19 02:00:00+00:00,10962.89436525,22.95498083,0.95779346,0.94701127,0.00242118,0.00293133,0.00032807
2025-11-19 03:00:00+00:00,10884.65961175,24.40369516,0.95747153,0.94320854,0.00237488,0.00444447,0.000281
2025-11-19 04:00:00+00:00,11234.4837855,23.73893826,0.95553567,0.9427616,0.00227487,0.00387483,0.00027158
2025-11-19 05:00:00+00:00,12247.6041335,28.36260796,0.95219149,0.93098444,0.00229044,0.00612797,0.0002565
2025-11-19 06:00:00+00:00,13161.166302,31.16316573,0.95225932,0.92572989,0.00224117,0.00685414,0.00023454
2025-11-19 07:00:00+00:00,13188.4287115,30.43356727,0.95045192,0.92555275,0.00234852,0.00581383,0.00020281
2025-11-19 08:00:00+00:00,13181.7968105,31.29527855,0.94933882,0.9219982,0.00313827,0.00657965,0.00017949
2025-11-19 09:00:00+00:00,13068.40492325,31.18000444,0.9474672,0.92135533,0.00281502,0.0062356,0.00016907
2025-11-19 10:00:00+00:00,13008.902667,30.31342337,0.94640274,0.92280765,0.00230246,0.00610102,0.00015049
2025-11-19 11:00:00+00:00,13006.696558,28.84992754,0.9465438,0.92535437,0.00242192,0.00544374,0.00013294
2025-11-19 12:00:00+00:00,12900.5671635,26.83143242,0.94691497,0.92924774,0.00228947,0.00483526,0.00014043
2025-11-19 13:00:00+00:00,12861.405162,28.9741422,0.94635849,0.92455212,0.00222401,0.00515818,0.0001209
2025-11-19 14:00:00+00:00,12916.9895075,29.97208999,0.94665394,0.92248609,0.00208345,0.00606943,0.00011739
2025-11-19 15:00:00+00:00,13196.42758925,30.74896525,0.94665107,0.91954955,0.0019157,0.00815397,0.00026826
2025-11-19 16:00:00+00:00,13392.338739,28.82549293,0.94780226,0.92612471,0.00197011,0.00518085,8.86e-05
2025-11-19 17:00:00+00:00,13119.7024805,28.01001158,0.94867155,0.92805859,0.00211744,0.00511927,0.0001522
2025-11-19 18:00:00+00:00,12853.22210025,26.26504013,0.94953154,0.93245122,0.00199939,0.00404394,0.00012869
2025-11-19 19:00:00+00:00,12539.23551975,21.54347788,0.94834847,0.93896537,0.00158265,0.00370207,0.00033176
2025-11-19 20:00:00+00:00,12124.388566,21.09163272,0.95118137,0.94187299,0.00174642,0.00413669,0.0004418
2025-11-19 21:00:00+00:00,11671.33117075,20.60368254,0.9551894,0.94714637,0.00152912,0.00357068,0.00043678
2025-11-19 22:00:00+00:00,11325.7860315,19.24170724,0.95972167,0.95632588,0.00174324,3.521e-05,0.00024391
2025-11-19 23:00:00+00:00,10971.08061225,20.04465257,0.95513252,0.94791163,0.00113027,0.00327939,0.0004273
2025-11-20 00:00:00+00:00,10789.051969,20.15332773,0.95551622,0.94712439,0.00185906,0.00351956,0.00044936
2025-11-20 01:00:00+00:00,10629.996774,20.68973264,0.95582117,0.9453913,0.00187171,0.0049609,0.00054485
2025-11-20 02:00:00+00:00,10645.6266645,20.3286383,0.95556288,0.9460726,0.00150889,0.00481355,0.00056395
2025-11-20 03:00:00+00:00,10782.2794895,20.05508535,0.95432924,0.94485397,0.00123608,0.00526854,0.0005766
2025-11-20 04:00:00+00:00,11142.7801555,19.21261045,0.95416466,0.94653314,0.00196982,0.00360413,0.00044375
2025-11-20 05:00:00+00:00,12080.30867075,18.40736148,0.95501426,0.9510139,0.00213092,0.00061961,0.00020147
2025-11-20 06:00:00+00:00,12968.1039485,19.88254047,0.95510495,0.94865497,0.00166927,0.00142971,0.00019334
2025-11-20 07:00:00+00:00,13072.4634855,22.1336292,0.95382792,0.94079496,0.00125719,0.00558455,0.00041104
2025-11-20 08:00:00+00:00,13231.48039375,22.67107502,0.95358485,0.93883769,0.00132169,0.00667772,0.000478
2025-11-20 09:00:00+00:00,13291.06268275,20.89587195,0.95250462,0.94184396,0.00181677,0.00457418,0.00043011
2025-11-20 10:00:00+00:00,13386.56865325,20.90691544,0.95117164,0.94116745,0.00143459,0.00422733,0.00039154
2025-11-20 11:00:00+00:00,13489.7542955,20.33774013,0.9511708,0.9425869,0.00212679,0.00273086,0.00027479
2025-11-20 12:00:00+00:00,13390.63478475,20.10232332,0.95111498,0.94283664,0.0022256,0.00245831,0.00023218
2025-11-20 13:00:00+00:00,13322.78240275,20.07136903,0.9523566,0.94391892,0.00199969,0.00269146,0.00023932
2025-11-20 14:00:00+00:00,13436.430913,19.86374979,0.95152572,0.94337685,0.00139473,0.00323926,0.00025118
2025-11-20 15:00:00+00:00,13484.0370595,20.42596765,0.9539076,0.94387397,0.00076362,0.0053845,0.00036559
2025-11-20 16:00:00+00:00,13723.77932225,20.55551553,0.95565045,0.94518733,0.00104144,0.00544309,0.0003973
2025-11-20 17:00:00+00:00,13197.75203575,19.8798423,0.95499963,0.94593426,0.00042445,0.0054149,0.00042466
2025-11-20 18:00:00+00:00,12768.50373725,19.67980758,0.95359793,0.94497344,0.00023329,0.00533324,0.00043949
2025-11-20 19:00:00+00:00,12444.521578,19.57833207,0.95298361,0.9444598,9.869e-05,0.00527495,0.00046223
2025-11-20 20:00:00+00:00,12207.28414,18.42340084,0.95267298,0.94734379,9.602e-05,0.00321678,0.0003205
2025-11-20 21:00:00+00:00,11704.52109225,18.07291066,0.95169066,0.94677301,6.087e-05,0.00303704,0.0002825
2025-11-20 22:00:00+00:00,11187.30751575,17.080966,0.95107592,0.94851788,5.07e-05,0.00151639,0.00018045
2025-11-20 23:00:00+00:00,10672.62734725,16.49698946,0.94864692,0.94796486,0.00018828,0.0,0.000159
2025-11-21 00:00:00+00:00,10624.142968,16.88117555,0.95091364,0.95007025,0.0001989,0.0,0.00020606
2025-11-21 01:00:00+00:00,10600.926545,16.92132906,0.95202918,0.95111617,0.00023694,0.0,0.00020707
2025-11-21 02:00:00+00:00,10627.22894225,16.99667382,0.95265167,0.95169379,0.00026367,0.0,0.00021537
2025-11-21 03:00:00+00:00,10697.736509,17.08640215,0.95252867,0.95152416,0.00026798,1e-08,0.00020192
2025-11-21 04:00:00+00:00,10968.35759975,16.68073106,0.94585915,0.94514421,0.00021477,3.9e-07,0.00016774
2025-11-21 05:00:00+00:00,12176.03485,17.76140969,0.94890772,0.94711531,0.00063853,6.344e-05,0.00021824
2025-11-21 06:00:00+00:00,13141.7157555,18.12606475,0.9472968,0.94488561,0.00081786,0.00012747,0.00015274
2025-11-21 07:00:00+00:00,13431.3678705,18.15473377,0.94592328,0.94371904,0.00096409,6.959e-05,0.00015835
2025-11-21 08:00:00+00:00,13484.2780605,18.20433502,0.94818048,0.94635533,0.00099379,1.348e-05,0.00014506
2025-11-21 09:00:00+00:00,13509.11003475,22.75315666,0.94610656,0.93524922,0.00185686,0.00267195,0.00015875
2025-11-21 10:00:00+00:00,13221.255532,20.56235838,0.94648589,0.94068039,0.00170117,0.0007025,0.00017294
2025-11-21 11:00:00+00:00,13140.333009,25.81899454,0.94512897,0.92923551,0.00169249,0.00398366,0.00018112
2025-11-21 12:00:00+00:00,12943.513025,22.97637972,0.9458841,0.93555843,0.001615,0.00179999,0.00017732
2025-11-21 13:00:00+00:00,12892.416484,22.7490867,0.94431843,0.93373755,0.00173809,0.00189609,0.00018632
2025-11-21 14:00:00+00:00,12904.193249,25.67395652,0.94599659,0.9293049,0.0017876,0.00415449,0.00023164
2025-11-21 15:00:00+00:00,13064.4563975,25.53949113,0.945549,0.92890217,0.00144304,0.00474221,0.0002758
2025-11-21 16:00:00+00:00,13098.46514325,24.07277669,0.94490044,0.93113739,0.00079293,0.0049641,0.00027791
2025-11-21 17:00:00+00:00,13016.4156385,23.92140871,0.94730178,0.93383131,0.00040415,0.00486612,0.00029478
2025-11-21 18:00:00+00:00,12680.83984675,23.44478555,0.95192929,0.93895041,0.00047034,0.00422433,0.00030026
2025-11-21 19:00:00+00:00,12256.04737525,18.92546487,0.95419591,0.95032007,0.00020386,0.00099462,0.00026808
2025-11-21 20:00:00+00:00,11709.9180895,17.19471237,0.95380057,0.95301744,9.976e-05,0.0,0.00019541
2025-11-21 21:00:00+00:00,11200.07038125,16.80949229,0.95350864,0.95270253,0.00014581,0.0,0.00023279
2025-11-21 22:00:00+00:00,10922.2759175,16.4092524,0.95441006,0.95385474,3.706e-05,0.0,0.00021372
2025-11-21 23:00:00+00:00,10675.2817165,16.02463112,0.95940373,0.95908025,1.618e-05,0.0,0.00013521
2025-11-22 00:00:00+00:00,10498.7935655,15.73781161,0.9641989,0.96395857,1.501e-05,0.0,0.00011041
2025-11-22 01:00:00+00:00,10409.53742525,15.34995936,0.96433326,0.96417999,4.98e-06,0.0,5.49e-05
2025-11-22 02:00:00+00:00,10217.36759275,15.07261744,0.9642392,0.96413592,7.3e-07,0.0,2.395e-05
2025-11-22 03:00:00+00:00,10296.381394,14.96475235,0.96425717,0.9642011,0.0,0.0,6.35e-06
2025-11-22 04:00:00+00:00,10346.00301675,14.80698918,0.96391927,0.96388825,0.0,0.0,0.0
2025-11-22 05:00:00+00:00,10583.4607745,14.81156766,0.96293458,0.96244386,0.0,0.0004368,2.85e-06
2025-11-22 06:00:00+00:00,10720.826596,14.84720469,0.96115933,0.96075962,0.0,0.00027571,1.372e-05
2025-11-22 07:00:00+00:00,11004.759658,15.48173236,0.96090299,0.95822543,0.0,0.00239189,2.371e-05
2025-11-22 08:00:00+00:00,11294.09948,15.94123334,0.96253019,0.95828908,0.0,0.00393996,2.515e-05
2025-11-22 09:00:00+00:00,11000.87831,16.18331798,0.9614859,0.95617237,0.0,0.00489475,4.053e-05
2025-11-22 10:00:00+00:00,11131.72104025,16.15725819,0.96104578,0.95601783,0.0,0.00455377,4.16e-05
2025-11-22 11:00:00+00:00,11090.75776275,16.1180901,0.96053275,0.95535972,0.0,0.00475684,3.843e-05
2025-11-22 12:00:00+00:00,11076.255239,16.05570607,0.9609038,0.95581626,0.0,0.00471702,3.375e-05
2025-11-22 13:00:00+00:00,11023.9488495,16.0456704,0.96125685,0.9562183,0.0,0.00470216,3.772e-05
2025-11-22 14:00:00+00:00,11087.5409595,16.10865399,0.96197092,0.95714395,0.0,0.00443674,3.887e-05
2025-11-22 15:00:00+00:00,11369.97762875,16.16454022,0.95924721,0.95458338,0.0,0.00424952,5.504e-05
2025-11-22 16:00:00+00:00,11353.30498125,16.19582703,0.95763315,0.95318658,0.0,0.00405718,5.32e-05
2025-11-22 17:00:00+00:00,11097.0874035,15.87687749,0.95772601,0.95519703,0.0,0.00221145,5.798e-05
2025-11-22 18:00:00+00:00,10690.5839215,15.72427022,0.95766272,0.95596371,0.0,0.00149236,4.214e-05
2025-11-22 19:00:00+00:00,10413.13588175,15.52260483,0.95704319,0.95617763,0.0,0.00069767,3.003e-05
2025-11-22 20:00:00+00:00,10120.2370975,15.35707464,0.95677627,0.95668156,0.0,0.0,1.202e-05
2025-11-22 21:00:00+00:00,9677.194598,15.35622802,0.956161,0.95606658,0.0,3.4e-07,9.11e-06
2025-11-22 22:00:00+00:00,9412.67446775,15.11733886,0.95631892,0.95624189,0.0,1.2e-07,1.197e-05
2025-11-22 23:00:00+00:00,9290.9223085,15.78326085,0.95755153,0.95315459,0.0,0.00403078,5.774e-05
2025-11-23 00:00:00+00:00,9273.16356275,15.79356905,0.95891554,0.95513243,0.0,0.00353847,3.832e-05
2025-11-23 01:00:00+00:00,9108.6945595,15.92791345,0.95833104,0.95424063,0.0,0.00382448,3.897e-05
2025-11-23 02:00:00+00:00,8974.46164725,16.00173803,0.95826719,0.95441309,0.0,0.00356703,4.677e-05
2025-11-23 03:00:00+00:00,8879.29829475,15.64065563,0.95933956,0.95765962,0.0,0.00148461,3.025e-05
2025-11-23 04:00:00+00:00,9030.28963025,15.62643903,0.95847854,0.95834117,0.0,0.0,2.472e-05
2025-11-23 05:00:00+00:00,9121.0523355,15.53810508,0.95545318,0.95534895,0.0,0.0,1.531e-05
2025-11-23 06:00:00+00:00,9555.08904175,16.31592063,0.95428168,0.95163801,0.0,0.00230859,0.00013506
2025-11-23 07:00:00+00:00,9802.8608755,16.62728199,0.95291046,0.95003181,0.0,0.00246694,0.00020454
2025-11-23 08:00:00+00:00,10219.629971,16.5928198,0.95368694,0.95340834,6.2e-06,0.0,4.805e-05
2025-11-23 09:00:00+00:00,10308.32311725,16.52643991,0.9513866,0.95117807,0.0,0.0,2.525e-05
2025-11-23 10:00:00+00:00,10405.99699375,16.63605829,0.94929596,0.94838605,0.0,0.00061485,7.753e-05
2025-11-23 11:00:00+00:00,10539.47067525,17.49920996,0.94835025,0.94400046,0.0,0.00383148,0.00033584
2025-11-23 12:00:00+00:00,10566.524337,16.70265693,0.9484341,0.94818402,0.0,0.0,3.404e-05
2025-11-23 13:00:00+00:00,10854.39992075,17.69229872,0.94769257,0.94368039,1.733e-05,0.00348127,0.0003332
2025-11-23 14:00:00+00:00,11132.199787,18.11771529,0.94760195,0.9422641,5.492e-05,0.00464357,0.00047856
2025-11-23 15:00:00+00:00,11452.12267975,18.21624343,0.94627261,0.94059617,2.427e-05,0.00496978,0.00049169
2025-11-23 16:00:00+00:00,11631.24089,18.76262144,0.94739539,0.94053145,5.591e-05,0.00583346,0.00059046
2025-11-23 17:00:00+00:00,11472.894238,18.83049116,0.94629261,0.93905436,7.734e-05,0.00618706,0.00063576
2025-11-23 18:00:00+00:00,11324.689736,18.8520545,0.94721956,0.93992083,9.482e-05,0.00623664,0.00065932
2025-11-23 19:00:00+00:00,11146.8155805,18.94284292,0.94734691,0.93978789,0.00019186,0.00657387,0.00070606
2025-11-23 20:00:00+00:00,10868.95160375,18.69587423,0.94698241,0.94063173,0.00015609,0.00547681,0.00063216
2025-11-23 21:00:00+00:00,10516.0140225,18.72253476,0.9473955,0.94149209,0.00012897,0.00506544,0.00059605
2025-11-23 22:00:00+00:00,10169.4799285,18.25584223,0.94736876,0.9437582,0.00016121,0.00287373,0.00043259
2025-11-23 23:00:00+00:00,10144.6908055,18.0878015,0.94558181,0.94272439,0.00018831,0.00203193,0.0003934
2025-11-24 00:00:00+00:00,9952.26613825,18.02456766,0.94378391,0.94121446,0.00021562,0.00171161,0.00040294
2025-11-24 01:00:00+00:00,9863.26071875,18.18718596,0.9435634,0.94055633,0.00020714,0.00205309,0.00042354
2025-11-24 02:00:00+00:00,9860.58075225,18.2368649,0.94310496,0.93991141,0.00023767,0.0021251,0.00042905
2025-11-24 03:00:00+00:00,9977.96340875,17.73553322,0.94354563,0.94266628,0.00041278,0.0,0.00027498
2025-11-24 04:00:00+00:00,10474.92468375,18.11940168,0.94539921,0.94385374,0.00107646,0.0,0.00025567
2025-11-24 05:00:00+00:00,11572.28630725,19.54709094,0.94529537,0.94073367,0.00119531,0.00164867,0.00029738
2025-11-24 06:00:00+00:00,12609.07980675,22.37965273,0.94534268,0.93444064,0.00216458,0.00301457,0.00026549
2025-11-24 07:00:00+00:00,12858.49659775,23.718805,0.94350621,0.93018284,0.00232973,0.00313275,0.000219
2025-11-24 08:00:00+00:00,12797.318272,24.33543812,0.94345679,0.9291704,0.00236937,0.00305942,0.00021047
2025-11-24 09:00:00+00:00,12567.0513135,23.57307791,0.94171658,0.92945912,0.00229224,0.00279272,0.00017741
2025-11-24 10:00:00+00:00,12378.2650575,23.15668113,0.94086896,0.92968397,0.00241131,0.0023351,0.00021431
2025-11-24 11:00:00+00:00,12300.2310025,24.70838719,0.94056591,0.92583572,0.0027686,0.00339393,0.00022185
2025-11-24 12:00:00+00:00,12316.82732725,23.30352502,0.93909534,0.92708349,0.00291868,0.00241324,0.00022798
2025-11-24 13:00:00+00:00,12411.2926855,25.16309569,0.94056912,0.92434952,0.00315725,0.00367615,0.00016825
2025-11-24 14:00:00+00:00,12754.722089,24.0675644,0.94105727,0.92600244,0.00299965,0.00435133,0.00017078
2025-11-24 15:00:00+00:00,12779.50523075,24.37081243,0.93936841,0.92448488,0.00196089,0.0046045,0.00014974
2025-11-24 16:00:00+00:00,12924.97846,24.27472586,0.94047785,0.92562413,0.00184828,0.00472249,0.00015092
2025-11-24 17:00:00+00:00,12783.4069705,24.19690555,0.942468,0.9276372,0.00223179,0.0043146,0.00012527
2025-11-24 18:00:00+00:00,12640.9389825,23.74241811,0.94292849,0.92927385,0.00217443,0.00378282,0.00011466
2025-11-24 19:00:00+00:00,12344.97385975,22.64966038,0.94470094,0.93365385,0.00184472,0.00291847,0.0001116
2025-11-24 20:00:00+00:00,11935.54456975,22.42212676,0.9449023,0.93419453,0.00182194,0.00287169,0.00010152
2025-11-24 21:00:00+00:00,11550.781596,20.58137197,0.94494289,0.93747915,0.00224737,0.00196534,7.011e-05
2025-11-24 22:00:00+00:00,11050.40956425,19.00726655,0.94445206,0.94088653,0.00154267,0.00080783,4.289e-05
2025-11-24 23:00:00+00:00,10648.81335725,19.6904792,0.94465015,0.93844557,0.00046571,0.00373838,0.00028709
2025-11-25 00:00:00+00:00,10430.4403835,19.73762765,0.94256108,0.93608307,2.267e-05,0.00448076,0.00036271
2025-11-25 01:00:00+00:00,10294.36797575,19.78699291,0.94228836,0.93539692,1.152e-05,0.00484745,0.00038309
2025-11-25 02:00:00+00:00,10455.3493045,20.89317715,0.94387125,0.93461487,0.00020196,0.00555156,0.00034612
2025-11-25 03:00:00+00:00,10555.06016075,19.30109635,0.94353265,0.93882183,0.00011474,0.00276359,0.00018206
2025-11-25 04:00:00+00:00,10791.67512475,20.06473012,0.94535645,0.9391056,0.00103453,0.00242084,0.00011711
2025-11-25 05:00:00+00:00,11691.5298225,23.16412339,0.94165971,0.9289957,0.00157494,0.00404791,0.0001112
2025-11-25 06:00:00+00:00,12433.9054945,24.67387131,0.94108288,0.92468936,0.00203797,0.00491355,0.00017143
2025-11-25 07:00:00+00:00,12604.79400025,26.32937625,0.93720657,0.91734843,0.00143445,0.00669956,0.0002451
2025-11-25 08:00:00+00:00,12626.17536475,26.66864788,0.93713137,0.91706271,0.00126811,0.00652858,0.00024092
2025-11-25 09:00:00+00:00,12559.1775445,26.46741846,0.93564033,0.91712638,0.00119052,0.00530509,0.00019569
2025-11-25 10:00:00+00:00,12351.71756975,28.51370402,0.93446292,0.91141622,0.00126989,0.00735643,0.00027041
2025-11-25 11:00:00+00:00,12224.53135225,30.02430423,0.93472377,0.90795802,0.00147743,0.00899159,0.00032413
2025-11-25 12:00:00+00:00,12272.6237265,30.02851416,0.9340227,0.90666067,0.00124931,0.00991792,0.0003801
2025-11-25 13:00:00+00:00,12328.3314075,31.12976154,0.93364725,0.90330923,0.00106676,0.01155302,0.00046661
2025-11-25 14:00:00+00:00,12774.333404,31.06077505,0.93620076,0.9048935,0.00164589,0.01227549,0.00049188
2025-11-25 15:00:00+00:00,12863.19089175,30.87596939,0.93307175,0.90235887,0.00056289,0.01244255,0.00052097
2025-11-25 16:00:00+00:00,12951.4591415,29.80414901,0.93547514,0.90625669,0.00064625,0.01332724,0.00049928
2025-11-25 17:00:00+00:00,12895.0897545,30.00470804,0.93588172,0.9067025,0.00061607,0.01248776,0.00048924
2025-11-25 18:00:00+00:00,12718.779868,28.6430565,0.9364965,0.90979108,0.00065087,0.01193608,0.00049963
2025-11-25 19:00:00+00:00,12525.42414925,25.91227483,0.93869616,0.91708861,0.00047885,0.01027145,0.00049603
2025-11-25 20:00:00+00:00,12095.61286075,23.08866738,0.9398361,0.92498662,0.00034249,0.00702421,0.00035899
2025-11-25 21:00:00+00:00,11679.56407125,20.49955344,0.93912261,0.92861722,0.00016475,0.0063847,0.00040225
2025-11-25 22:00:00+00:00,11206.53906175,23.57928496,0.94218497,0.92525581,0.000383,0.00798493,0.00034895
2025-11-25 23:00:00+00:00,10872.814877,23.97655291,0.94654724,0.92816098,0.00048906,0.00817454,0.00020676
2025-11-26 00:00:00+00:00,10731.45783025,17.43296489,0.9463437,0.94276641,2.258e-05,0.00286372,0.00010928
2025-11-26 01:00:00+00:00,10715.97825875,17.11123303,0.94644543,0.94371788,4.11e-06,0.00236917,0.00011219
2025-11-26 02:00:00+00:00,10518.461764,17.17841744,0.94595755,0.94278691,1.2e-07,0.00288512,0.00011651
2025-11-26 03:00:00+00:00,10605.154229,17.20141678,0.94672819,0.94389529,1.7e-07,0.00255097,0.0001233
2025-11-26 04:00:00+00:00,10947.2514795,17.41084266,0.94461882,0.94136078,1.19e-06,0.0029652,0.00014614
2025-11-26 05:00:00+00:00,12023.4291515,17.31517779,0.93965702,0.93722883,0.0,0.00220345,0.00010852
2025-11-26 06:00:00+00:00,13044.97724675,18.12992039,0.94491243,0.94129568,0.00188527,0.00016858,0.0002007
2025-11-26 07:00:00+00:00,13210.2968775,18.01248517,0.94506916,0.94121298,0.00205265,0.00015521,0.000188
2025-11-26 08:00:00+00:00,13195.05319525,17.89451654,0.9454817,0.94162548,0.00208566,0.00014571,0.00021932
2025-11-26 09:00:00+00:00,13105.00541575,17.51550863,0.94417182,0.94149495,0.0013032,9.448e-05,0.00023439
2025-11-26 10:00:00+00:00,13180.7075765,17.81142371,0.94487965,0.94153451,0.0016885,0.00012618,0.00024176
2025-11-26 11:00:00+00:00,13122.4757055,17.93939432,0.94498114,0.94139234,0.00185382,0.00014481,0.0002302
2025-11-26 12:00:00+00:00,13109.59043675,18.10505407,0.94625114,0.94211876,0.00217202,0.00017789,0.00020416
2025-11-26 13:00:00+00:00,13158.724507,18.10234631,0.94483461,0.94056246,0.00235208,0.00018304,0.00020297
2025-11-26 14:00:00+00:00,13560.36567375,18.33458406,0.94510239,0.93994659,0.00290996,0.0002216,0.0001982
2025-11-26 15:00:00+00:00,13552.03883475,17.63331977,0.94457959,0.94125361,0.00203728,0.00010716,0.0001715
2025-11-26 16:00:00+00:00,13678.414743,17.82712796,0.94645589,0.94204552,0.00277714,0.00014055,0.00024193
2025-11-26 17:00:00+00:00,13619.06091625,17.56345085,0.9485421,0.94441182,0.00274524,0.00011125,0.00023798
2025-11-26 18:00:00+00:00,13230.60655175,17.11850829,0.94984059,0.94650877,0.00239344,5.419e-05,0.00023981
2025-11-26 19:00:00+00:00,12865.2890155,16.506373,0.95060184,0.94860393,0.00151512,6.27e-06,0.00017905
2025-11-26 20:00:00+00:00,12212.61370425,15.7483939,0.95593734,0.95510594,0.00059334,0.0,7.334e-05
2025-11-26 21:00:00+00:00,11609.91698425,15.32742895,0.95814304,0.95804388,0.0,0.0,1.345e-05
2025-11-26 22:00:00+00:00,11057.7382275,15.13656013,0.96002166,0.95996827,0.0,0.0,0.0
2025-11-26 23:00:00+00:00,10769.0714975,15.01650565,0.96131002,0.96127502,0.0,0.0,0.0
2025-11-27 00:00:00+00:00,10561.571479,14.95719457,0.9621295,0.96180346,0.0,0.00026593,1.85e-06
2025-11-27 01:00:00+00:00,10478.65696,14.86282008,0.96247778,0.9621103,5.64e-06,0.00026517,1.72e-06
2025-11-27 02:00:00+00:00,10412.953511,14.82892532,0.96265559,0.9621175,2.073e-05,0.00029913,1.73e-06
2025-11-27 03:00:00+00:00,10417.76040725,14.94462624,0.96325384,0.96244605,1.306e-05,0.00045155,2.45e-06
2025-11-27 04:00:00+00:00,10689.08418125,14.49021325,0.96317485,0.96314356,0.0,0.0,0.0
2025-11-27 05:00:00+00:00,11576.0791215,15.41388381,0.96362647,0.96128129,3.507e-05,0.00149196,6.23e-06
2025-11-27 06:00:00+00:00,12544.99590325,15.24612157,0.96282441,0.96076718,7.877e-05,0.00123961,5.14e-06
2025-11-27 07:00:00+00:00,12503.49058425,15.11189148,0.96151107,0.95996848,9.111e-05,0.00082829,3.77e-06
2025-11-27 08:00:00+00:00,12510.74497975,15.11695244,0.96107507,0.95977941,6.347e-05,0.00070209,3.12e-06
2025-11-27 09:00:00+00:00,12438.86671125,14.72973846,0.95938963,0.95928913,1.39e-06,2.138e-05,8e-08
2025-11-27 10:00:00+00:00,12549.653624,15.08728047,0.95830367,0.95664454,3e-08,0.00152595,9.32e-06
2025-11-27 11:00:00+00:00,12490.76858625,15.4234786,0.95703851,0.95375834,1e-08,0.00312699,1.878e-05
2025-11-27 12:00:00+00:00,12482.21600025,15.62755961,0.95608253,0.95229105,2e-08,0.00363047,2.178e-05
2025-11-27 13:00:00+00:00,12442.22590325,15.76406486,0.95571455,0.95188011,2e-08,0.00368369,2.213e-05
2025-11-27 14:00:00+00:00,12676.44975725,15.88519231,0.95621004,0.95258701,3e-08,0.003495,2.097e-05
2025-11-27 15:00:00+00:00,12824.507484,15.55205558,0.95854051,0.95795403,1.5e-07,0.00043576,2.69e-06
2025-11-27 16:00:00+00:00,12878.52814275,15.7359865,0.96125041,0.96055466,6.6e-07,0.00051883,3.25e-06
2025-11-27 17:00:00+00:00,12571.559011,15.82016299,0.96373885,0.9631429,2.92e-06,0.00032103,1.39e-06
2025-11-27 18:00:00+00:00,12246.27275925,15.7301129,0.96497483,0.96485764,0.0,7.055e-05,4.6e-07
2025-11-27 19:00:00+00:00,11780.2982365,15.67099978,0.96486938,0.96477366,0.0,5.418e-05,3.5e-07
2025-11-27 20:00:00+00:00,11193.0087265,15.57528963,0.96705231,0.96648018,0.0,0.00052685,3.46e-06
2025-11-27 21:00:00+00:00,10689.66625525,15.4249106,0.96883405,0.96846566,0.0,0.0003345,2.2e-06
2025-11-27 22:00:00+00:00,9987.268392,15.97725413,0.96794986,0.96321913,0.0,0.00454367,3.282e-05
2025-11-27 23:00:00+00:00,9510.003433,15.61005087,0.97263614,0.96867922,0.0,0.00380927,3.385e-05
2025-11-28 00:00:00+00:00,9252.08274725,15.12345822,0.97257575,0.96947902,1e-08,0.00297093,2.221e-05
2025-11-28 01:00:00+00:00,9001.78970125,14.81807162,0.97208207,0.96929466,0.0,0.00268647,1.847e-05
2025-11-28 02:00:00+00:00,8861.724048,14.50137016,0.97077482,0.96810823,0.0,0.00254935,1.736e-05
2025-11-28 03:00:00+00:00,8970.649157,14.16917082,0.97233609,0.97155871,0.0,0.00070861,5.23e-06
2025-11-28 04:00:00+00:00,9381.2653595,14.06961015,0.97232702,0.97229345,0.0,0.0,0.0
2025-11-28 05:00:00+00:00,10182.901714,14.14081934,0.96955876,0.96952652,0.0,0.0,0.0
2025-11-28 06:00:00+00:00,11128.76056375,14.52728747,0.96561179,0.96556195,0.0,0.0,0.0
2025-11-28 07:00:00+00:00,11299.8452575,14.69569434,0.96416683,0.96388801,0.0,0.00019803,1.43e-06
2025-11-28 08:00:00+00:00,11348.6919395,14.76974192,0.96518698,0.9645224,0.0,0.00058889,4.06e-06
2025-11-28 09:00:00+00:00,11259.037184,14.76510311,0.96514859,0.96456635,0.0,0.00052206,3.57e-06
2025-11-28 10:00:00+00:00,11206.86775425,14.74367919,0.96544694,0.96468669,0.0,0.00067619,4.58e-06
2025-11-28 11:00:00+00:00,11069.0887995,14.65045012,0.96291687,0.96205866,0.0,0.00077019,5.15e-06
2025-11-28 12:00:00+00:00,11023.47970075,14.59873605,0.96188049,0.96075451,0.0,0.0010425,6.92e-06
2025-11-28 13:00:00+00:00,10964.07338625,14.51151024,0.96081344,0.9599357,0.0,0.00082274,5.46e-06
2025-11-28 14:00:00+00:00,11079.29416575,14.33149711,0.96058125,0.96054683,0.0,0.0,0.0
2025-11-28 15:00:00+00:00,11110.722068,14.84297611,0.96120799,0.95732057,0.0,0.0036541,2.399e-05
2025-11-28 16:00:00+00:00,11141.1193585,14.78640121,0.96488738,0.96157513,0.0,0.0030704,2.072e-05
2025-11-28 17:00:00+00:00,10965.47141575,14.66335393,0.96702571,0.96383028,0.0,0.00306234,2.061e-05
2025-11-28 18:00:00+00:00,10631.94545075,14.58793687,0.96983072,0.96647061,0.0,0.00322675,2.176e-05
2025-11-28 19:00:00+00:00,10310.28417925,14.74331435,0.96920976,0.96522717,0.0,0.00383688,2.603e-05
2025-11-28 20:00:00+00:00,9955.29424125,14.61276778,0.96847556,0.96505111,0.0,0.00330436,2.296e-05
2025-11-28 21:00:00+00:00,9710.6712545,14.56814667,0.968789,0.9654411,0.0,0.00323456,2.265e-05
2025-11-28 22:00:00+00:00,9370.2800875,14.6383208,0.97033233,0.96674983,0.0,0.0034377,2.385e-05
2025-11-28 23:00:00+00:00,8972.15361125,14.55687255,0.97353678,0.96985118,0.0,0.0035511,2.45e-05
2025-11-29 00:00:00+00:00,8812.8857185,14.51667741,0.97258482,0.96867815,0.0,0.00376569,2.587e-05
2025-11-29 01:00:00+00:00,8715.80238675,14.49195367,0.97171119,0.96772359,0.0,0.00385834,2.755e-05
2025-11-29 02:00:00+00:00,8596.82733325,14.50100001,0.97331322,0.96925689,0.0,0.00391873,2.797e-05
2025-11-29 03:00:00+00:00,8382.4694165,14.46975536,0.97388885,0.96975035,0.0,0.0040037,2.797e-05
2025-11-29 04:00:00+00:00,8528.64695225,14.4657249,0.9738807,0.96987265,0.0,0.00387736,2.691e-05
2025-11-29 05:00:00+00:00,8648.85720725,14.47278161,0.97432909,0.97031571,0.0,0.00388372,2.664e-05
2025-11-29 06:00:00+00:00,8938.554372,14.37404014,0.97471363,0.97088969,0.0,0.00367454,2.525e-05
2025-11-29 07:00:00+00:00,9355.51612725,14.28415012,0.97524062,0.97184816,0.0,0.00321182,2.214e-05
2025-11-29 08:00:00+00:00,9815.9245635,14.22103442,0.97569022,0.97310948,0.0,0.00246088,1.677e-05
2025-11-29 09:00:00+00:00,9991.10700825,14.26911954,0.97353484,0.97101626,0.0,0.00238856,1.643e-05
2025-11-29 10:00:00+00:00,10079.8712395,14.28366375,0.97093274,0.96842293,0.0,0.00237229,1.684e-05
2025-11-29 11:00:00+00:00,10106.72303375,14.44601206,0.97062976,0.96818038,0.0,0.00231473,1.634e-05
2025-11-29 12:00:00+00:00,10122.91435175,14.472979,0.96995999,0.96752069,0.0,0.00231497,1.694e-05
2025-11-29 13:00:00+00:00,9995.42713475,14.4309717,0.96973879,0.96735686,0.0,0.00228513,1.599e-05
2025-11-29 14:00:00+00:00,10369.53500125,14.47120567,0.96861612,0.96623595,0.0,0.00229169,1.555e-05
2025-11-29 15:00:00+00:00,10700.5694685,15.11747111,0.96736278,0.9622898,0.0,0.00478366,3.363e-05
2025-11-29 16:00:00+00:00,10725.8019105,15.15977449,0.96805079,0.96298725,0.0,0.00479367,3.559e-05
2025-11-29 17:00:00+00:00,10601.29914125,15.18677447,0.96786478,0.9627765,0.0,0.00489575,3.671e-05
2025-11-29 18:00:00+00:00,10390.79116175,15.23327823,0.96502084,0.95977091,0.0,0.00505786,3.779e-05
2025-11-29 19:00:00+00:00,10093.187316,15.40763611,0.96375671,0.95826851,0.0,0.00529765,4.126e-05
2025-11-29 20:00:00+00:00,9849.62261625,15.50665572,0.96381783,0.95831739,0.0,0.00530922,5.374e-05
2025-11-29 21:00:00+00:00,9631.30083475,15.61965377,0.96287739,0.95724636,0.0,0.00543944,5.533e-05
2025-11-29 22:00:00+00:00,9427.4736655,15.7949165,0.96136196,0.95538868,0.0,0.00575838,6.065e-05
2025-11-29 23:00:00+00:00,9098.33379325,15.86005697,0.9619614,0.95581493,0.0,0.00593711,8.731e-05
2025-11-30 00:00:00+00:00,8950.53674975,16.01480435,0.96334688,0.95719593,0.0,0.00596518,8.561e-05
2025-11-30 01:00:00+00:00,8721.300927,16.21963837,0.96248623,0.95598615,0.0,0.00630443,9.089e-05
2025-11-30 02:00:00+00:00,8574.9314025,16.35321674,0.96121202,0.95459559,0.0,0.00641169,9.371e-05
2025-11-30 03:00:00+00:00,8481.1838725,16.36493036,0.95945057,0.95289889,0.0,0.0063369,9.537e-05
2025-11-30 04:00:00+00:00,8507.69160575,16.43273983,0.96000613,0.95344838,0.0,0.0063397,9.404e-05
2025-11-30 05:00:00+00:00,8718.85273175,16.59199686,0.96058551,0.9539695,0.0,0.00639881,8.169e-05
2025-11-30 06:00:00+00:00,8986.7316245,16.6383182,0.96240476,0.95642842,0.0,0.00574795,8.218e-05
2025-11-30 07:00:00+00:00,9385.960346,16.86862912,0.96387642,0.95804414,0.0,0.00562354,0.00013449
2025-11-30 08:00:00+00:00,9843.90885525,17.10535849,0.96500865,0.95956744,0.0,0.00524017,0.00012916
2025-11-30 09:00:00+00:00,10182.8351365,17.28137654,0.96348603,0.95830338,0.0,0.00496192,0.00012924
2025-11-30 10:00:00+00:00,10381.264061,17.46483553,0.96389449,0.95909563,0.0,0.00458231,0.00012406
2025-11-30 11:00:00+00:00,10371.5029335,17.60547771,0.9630905,0.95850486,0.0,0.00437511,0.00012059
2025-11-30 12:00:00+00:00,10390.40818475,17.67233626,0.9623649,0.95803556,0.0,0.00412978,0.00014741
2025-11-30 13:00:00+00:00,10651.47123725,17.5863368,0.96195064,0.95890704,0.0,0.00291367,0.00016078
2025-11-30 14:00:00+00:00,10930.594114,17.68772765,0.96286246,0.96072981,0.0,0.00182777,0.00018002
2025-11-30 15:00:00+00:00,11058.03364825,17.96639174,0.96216288,0.95966612,0.0,0.00192717,0.00022542
2025-11-30 16:00:00+00:00,10995.02339925,17.9806527,0.96205404,0.95987772,0.0,0.00156308,0.0002045
2025-11-30 17:00:00+00:00,11013.411695,17.84367473,0.96026026,0.95849276,1.257e-05,0.00123828,0.00020531
2025-11-30 18:00:00+00:00,10731.04516075,17.70611588,0.95988002,0.95842019,0.0,0.00100765,0.00016858
2025-11-30 19:00:00+00:00,10458.868778,17.33344096,0.95930807,0.95799312,0.0,0.00105259,0.00013159
2025-11-30 20:00:00+00:00,10096.34375375,16.83639492,0.95922111,0.95858163,0.0,0.0005322,4.665e-05
2025-11-30 21:00:00+00:00,9600.1987365,16.31580381,0.95902807,0.95900225,0.0,0.0,0.0
2025-11-30 22:00:00+00:00,9217.64116875,15.95032919,0.95925237,0.95868269,0.0,0.00051307,1.825e-05
2025-11-30 23:00:00+00:00,9050.47365375,16.21127306,0.96123763,0.95838871,0.0,0.00267138,4.475e-05
2025-12-01 00:00:00+00:00,8802.83182975,16.51636935,0.96024562,0.95466101,0.0,0.00538072,5.353e-05
2025-12-01 01:00:00+00:00,8629.9025745,16.59298033,0.96026037,0.95424262,0.0,0.00580189,5.676e-05
2025-12-01 02:00:00+00:00,8613.3328155,16.64417609,0.9591064,0.95267903,0.0,0.00620317,5.804e-05
2025-12-01 03:00:00+00:00,8656.6512975,16.64858692,0.95691479,0.95044233,0.0,0.00624375,5.438e-05
2025-12-01 04:00:00+00:00,8919.2085155,16.91625806,0.95598066,0.95053399,0.0,0.00522121,7.308e-05
2025-12-01 05:00:00+00:00,9953.15429925,17.17206059,0.95535542,0.95215788,0.0,0.00306104,0.00012
2025-12-01 06:00:00+00:00,10937.209479,17.75365905,0.95253866,0.94847584,0.0,0.0038276,0.00025553
2025-12-01 07:00:00+00:00,11223.0628735,18.30265,0.95129585,0.94512948,0.0,0.00583891,0.0004619
2025-12-01 08:00:00+00:00,11215.3324415,18.33852155,0.95020477,0.94401759,0.0,0.00584892,0.00048441
2025-12-01 09:00:00+00:00,11243.51915375,18.14858583,0.95005065,0.94516342,0.0,0.00462918,0.00037426
2025-12-01 10:00:00+00:00,11074.58941525,17.87792666,0.95018636,0.94683888,0.0,0.00314134,0.00025296
2025-12-01 11:00:00+00:00,10940.86492975,17.61879069,0.95085549,0.94933394,0.0,0.00139187,0.00011505
2025-12-01 12:00:00+00:00,10939.009899,17.65558661,0.94941325,0.94783175,0.0,0.00144614,0.00011987
2025-12-01 13:00:00+00:00,11048.80638875,17.51923051,0.94913215,0.94853232,0.00018841,0.00034442,3.123e-05
2025-12-01 14:00:00+00:00,11338.19992975,17.88959145,0.94893594,0.94647908,0.00072785,0.00160231,0.00014122
2025-12-01 15:00:00+00:00,11516.40595975,18.05308194,0.95080896,0.94792701,0.00077631,0.00188612,0.00016724
2025-12-01 16:00:00+00:00,11581.16008225,17.90684385,0.95065652,0.94807396,0.00070824,0.00166995,0.00015136
2025-12-01 17:00:00+00:00,11594.90000525,17.44109343,0.95110064,0.95052461,1.182e-05,0.00043777,5.373e-05
2025-12-01 18:00:00+00:00,11343.10363975,17.31146762,0.95242846,0.95229661,0.0,0.0,2.834e-05
2025-12-01 19:00:00+00:00,11094.88934375,17.14141114,0.95307823,0.95296141,0.0,0.0,2.736e-05
2025-12-01 20:00:00+00:00,10749.92361725,17.03157221,0.95464038,0.95447903,5.78e-06,0.0,4.432e-05
2025-12-01 21:00:00+00:00,10130.98199625,16.67684782,0.95677916,0.95667276,0.0,0.0,2.565e-05
2025-12-01 22:00:00+00:00,9551.8463435,16.18975116,0.95682646,0.95680102,0.0,0.0,0.0
2025-12-01 23:00:00+00:00,9176.9934685,15.76534358,0.96054608,0.96051369,0.0,0.0,0.0
2025-12-02 00:00:00+00:00,9010.06544225,15.48113198,0.96140075,0.96136829,0.0,0.0,0.0
2025-12-02 01:00:00+00:00,8976.5300185,15.23234479,0.96267676,0.96264412,0.0,0.0,0.0
2025-12-02 02:00:00+00:00,8975.3460735,15.02595363,0.96474218,0.96471574,0.0,0.0,0.0
2025-12-02 03:00:00+00:00,9096.26800125,14.87645692,0.96288516,0.96285182,0.0,0.0,0.0
2025-12-02 04:00:00+00:00,9397.6616915,14.85611018,0.9626921,0.96266556,0.0,0.0,0.0
2025-12-02 05:00:00+00:00,10493.9252195,15.17626741,0.96049759,0.96047284,0.0,0.0,0.0
2025-12-02 06:00:00+00:00,11447.96610075,15.42524892,0.95735702,0.95731794,0.0,0.0,0.0
2025-12-02 07:00:00+00:00,11563.53716575,15.49789433,0.95563392,0.95557897,0.0,0.0,0.0
2025-12-02 08:00:00+00:00,11631.7481825,15.57643508,0.95579553,0.95574079,0.0,0.0,0.0
2025-12-02 09:00:00+00:00,11655.34822925,15.50185246,0.95527091,0.95520998,0.0,0.0,0.0
2025-12-02 10:00:00+00:00,11601.87457125,15.56295979,0.95541816,0.95534076,0.0,0.0,0.0
2025-12-02 11:00:00+00:00,11679.423472,15.4224146,0.95506472,0.95499213,0.0,0.0,0.0
2025-12-02 12:00:00+00:00,11663.66799125,15.36394096,0.95557995,0.95551361,0.0,0.0,0.0
2025-12-02 13:00:00+00:00,11620.935799,15.2764454,0.95567676,0.95563283,0.0,0.0,0.0
2025-12-02 14:00:00+00:00,11753.72271725,15.1865935,0.95512668,0.95508288,0.0,0.0,0.0
2025-12-02 15:00:00+00:00,11883.27281675,15.17618616,0.95496458,0.95472905,0.0,0.00011262,7.1e-07
2025-12-02 16:00:00+00:00,12057.34098325,15.09968772,0.9549602,0.95478409,0.0,5.835e-05,3.7e-07
2025-12-02 17:00:00+00:00,11865.21114,15.02223592,0.95413091,0.9536606,0.0,0.00041346,2.65e-06
2025-12-02 18:00:00+00:00,11527.0972775,15.07445041,0.95437843,0.95366033,0.0,0.00067139,4.34e-06
2025-12-02 19:00:00+00:00,11276.30325,15.07668726,0.95481552,0.95366536,0.0,0.00109743,7.01e-06
2025-12-02 20:00:00+00:00,10806.2129675,15.09269961,0.95529608,0.95400242,0.0,0.00122477,8.02e-06
2025-12-02 21:00:00+00:00,10331.08875875,15.15557465,0.95499159,0.9534875,0.0,0.00143397,9.42e-06
2025-12-02 22:00:00+00:00,9729.584578,15.23356139,0.95523086,0.95362763,0.0,0.00153429,1.033e-05
2025-12-02 23:00:00+00:00,9422.9518165,15.82866936,0.95636559,0.95257956,0.0,0.00364763,5.686e-05
2025-12-03 00:00:00+00:00,9234.694401,15.97836361,0.96106345,0.95706923,0.0,0.00384849,0.00010438
2025-12-03 01:00:00+00:00,9060.4459425,16.06960086,0.96131385,0.95714587,0.0,0.00401477,0.00011055
2025-12-03 02:00:00+00:00,9166.11075475,16.02968542,0.96225932,0.95847288,0.0,0.00365144,0.0001016
2025-12-03 03:00:00+00:00,9151.266265,15.85552363,0.96106266,0.95839546,0.0,0.00255716,7.379e-05
2025-12-03 04:00:00+00:00,9558.702893,15.76213769,0.95614876,0.95462697,0.0,0.00145131,4.192e-05
2025-12-03 05:00:00+00:00,10535.95398525,16.03268401,0.95334804,0.95171506,5.595e-05,0.00149935,4.397e-05
2025-12-03 06:00:00+00:00,11410.03022625,16.3903595,0.95223006,0.95068334,0.00094829,0.00047296,4.632e-05
2025-12-03 07:00:00+00:00,11628.40005875,16.82245416,0.95095075,0.94832867,0.00134285,0.00095509,0.00011238
2025-12-03 08:00:00+00:00,11769.35971,17.17044531,0.95150144,0.94854504,0.00150237,0.00094139,0.00015712
2025-12-03 09:00:00+00:00,11729.180124,17.29601227,0.95111943,0.94882436,0.00108265,0.00091236,0.00013601
2025-12-03 10:00:00+00:00,11736.82423775,17.74342238,0.9524054,0.94926962,0.0015667,0.00124529,0.00011251
2025-12-03 11:00:00+00:00,11608.1772395,17.90572883,0.95067746,0.94750125,0.0017185,0.00117549,0.00010863
2025-12-03 12:00:00+00:00,11752.64565975,18.14719971,0.95040275,0.9471751,0.00167543,0.00120833,0.00012533
2025-12-03 13:00:00+00:00,11744.8892765,18.33568971,0.94920902,0.94549994,0.00202359,0.00127381,0.00019174
2025-12-03 14:00:00+00:00,11962.54553125,18.43298686,0.94886121,0.94531154,0.00172919,0.00141024,0.00017158
2025-12-03 15:00:00+00:00,11991.44788775,18.42787636,0.94784311,0.94428717,0.00150893,0.00169159,0.00014639
2025-12-03 16:00:00+00:00,12093.14696,18.46068448,0.94955627,0.94598315,0.00138397,0.00186848,0.00017922
2025-12-03 17:00:00+00:00,11814.7556325,18.35316862,0.95160081,0.94861419,0.00119164,0.00160434,0.00011813
2025-12-03 18:00:00+00:00,11640.76790125,18.38046132,0.95129636,0.94851501,0.00116074,0.00141012,0.0001088
2025-12-03 19:00:00+00:00,11242.706437,18.3884937,0.95086587,0.94828314,0.00075465,0.00155589,0.00012311
2025-12-03 20:00:00+00:00,10875.204659,18.32341988,0.9506322,0.94870914,0.00059224,0.00104842,0.00011867
2025-12-03 21:00:00+00:00,10352.95604975,18.07953893,0.95111944,0.95013308,0.00013638,0.00070904,5.529e-05
2025-12-03 22:00:00+00:00,9990.51682925,17.96474435,0.95207192,0.9514453,0.0,0.00047368,4.903e-05
2025-12-03 23:00:00+00:00,9551.23065175,17.95343179,0.95097817,0.94939711,0.0,0.00136552,8.508e-05
2025-12-04 00:00:00+00:00,9327.46422325,17.92748699,0.94962462,0.94794044,0.0,0.00139318,8.741e-05
2025-12-04 01:00:00+00:00,9392.58120425,18.0843454,0.94973125,0.94731617,0.0,0.00205889,9.658e-05
2025-12-04 02:00:00+00:00,9261.3244915,18.90495795,0.94817128,0.94251157,0.0,0.0046853,0.00019251
2025-12-04 03:00:00+00:00,9109.37154075,19.31713694,0.94888155,0.94232639,2.546e-05,0.00504721,0.00023657
2025-12-04 04:00:00+00:00,9535.65385275,18.94943897,0.9474408,0.94336731,0.00013277,0.00282594,0.00023664
2025-12-04 05:00:00+00:00,10565.87145575,18.65427332,0.94847059,0.94603745,0.00184352,0.00020747,0.00014808
2025-12-04 06:00:00+00:00,11359.231771,20.46721512,0.95171474,0.94210191,0.00352834,0.00401654,0.00037751
2025-12-04 07:00:00+00:00,11581.36111825,21.83554306,0.95016952,0.93643558,0.00326229,0.00662916,0.00054381
2025-12-04 08:00:00+00:00,11715.2851845,22.02255994,0.94981238,0.93596205,0.00318257,0.00649551,0.00052247
2025-12-04 09:00:00+00:00,11671.44781575,22.04772336,0.94989517,0.93583949,0.00350282,0.00641451,0.00054485
2025-12-04 10:00:00+00:00,11676.12318675,21.97197471,0.94843115,0.93481285,0.00335788,0.00628345,0.0004962
2025-12-04 11:00:00+00:00,11574.26331425,22.21187532,0.94675556,0.93283776,0.00349967,0.00613421,0.0004697
2025-12-04 12:00:00+00:00,11557.668586,22.43773467,0.94543605,0.93056325,0.00359297,0.00681558,0.00050144
2025-12-04 13:00:00+00:00,11759.97502575,22.36345508,0.9446318,0.93020098,0.00353387,0.006622,0.0004815
2025-12-04 14:00:00+00:00,11927.73194725,21.87910879,0.94387567,0.93070856,0.00351157,0.00611624,0.00044073
2025-12-04 15:00:00+00:00,11939.56053575,22.23242977,0.94488336,0.93054071,0.00373232,0.00664609,0.00050501
2025-12-04 16:00:00+00:00,11960.1677945,23.7941258,0.94428806,0.92700596,0.00328209,0.00767238,0.00050706
2025-12-04 17:00:00+00:00,11620.143104,22.26045573,0.94629685,0.93245582,0.00268374,0.00699297,0.00053326
2025-12-04 18:00:00+00:00,11430.39392975,22.40304349,0.94598796,0.93184695,0.00258418,0.00733534,0.00053336
2025-12-04 19:00:00+00:00,11125.7234655,22.14760056,0.94436322,0.93101118,0.00253588,0.00713701,0.00054009
2025-12-04 20:00:00+00:00,10693.86341075,20.74842171,0.9448144,0.93555271,0.00254527,0.00474608,0.00038083
2025-12-04 21:00:00+00:00,10213.6394145,19.29729395,0.9450252,0.94127539,0.00219988,0.00092633,0.00018188
2025-12-04 22:00:00+00:00,9811.129655,19.46842217,0.94368752,0.93948098,0.00131203,0.00200678,0.00023971
2025-12-04 23:00:00+00:00,9469.36772475,20.1598259,0.94235924,0.93513488,0.00083553,0.00472485,0.00042951
2025-12-05 00:00:00+00:00,9240.30329825,20.13243446,0.94114143,0.93429092,0.00016058,0.00497004,0.00043459
2025-12-05 01:00:00+00:00,9105.88956925,20.16358412,0.94113068,0.93467615,0.00014416,0.00460775,0.00044408
2025-12-05 02:00:00+00:00,9062.471597,20.51512199,0.94003957,0.93239663,0.00019369,0.00551642,0.00051411
2025-12-05 03:00:00+00:00,8901.25392625,20.12269325,0.94001738,0.9335565,0.0003686,0.00447242,0.00044849
2025-12-05 04:00:00+00:00,9251.9313715,19.01850609,0.94236182,0.9397914,0.00142945,0.00044975,0.0002204
2025-12-05 05:00:00+00:00,10239.56770175,19.12198968,0.94275574,0.93985823,0.002359,0.0,0.00022351
2025-12-05 06:00:00+00:00,10941.07512475,19.64081824,0.94051122,0.93699577,0.00175081,0.00040137,0.00015789
2025-12-05 07:00:00+00:00,11246.1435135,19.602755,0.9404127,0.93648016,0.00181853,0.00104577,0.00020967
2025-12-05 08:00:00+00:00,11140.2214215,19.89513652,0.94004721,0.93541373,0.00185235,0.0014116,0.00022313
2025-12-05 09:00:00+00:00,11222.51964425,19.25484439,0.94197067,0.93954297,0.00192868,3.13e-06,0.00018224
2025-12-05 10:00:00+00:00,11381.7396085,19.46515923,0.94140073,0.93843828,0.00203922,5.045e-05,0.00019625
2025-12-05 11:00:00+00:00,11435.27349525,19.57546543,0.94062762,0.93744954,0.00204733,8.398e-05,0.00021628
2025-12-05 12:00:00+00:00,11301.02589025,19.40134854,0.9388737,0.936027,0.00195577,5.025e-05,0.00020484
2025-12-05 13:00:00+00:00,11357.2406355,19.30408965,0.93717661,0.93457521,0.00177411,4.481e-05,0.00022982
2025-12-05 14:00:00+00:00,11511.90997775,19.37976755,0.93842769,0.93585206,0.00171299,2.464e-05,0.00028165
2025-12-05 15:00:00+00:00,11589.89721375,19.47218862,0.94052644,0.93797816,0.00148024,5.247e-05,0.00027775
2025-12-05 16:00:00+00:00,11709.443968,19.48352148,0.94315102,0.94046816,0.00162099,5.504e-05,0.00027779
2025-12-05 17:00:00+00:00,11406.2974265,19.34521205,0.94506979,0.94241819,0.00169789,4.389e-05,0.00028426
2025-12-05 18:00:00+00:00,11066.42843575,19.19062118,0.94703081,0.94467702,0.00164925,2.77e-06,0.00028193
2025-12-05 19:00:00+00:00,10679.4737225,18.99362062,0.94720779,0.94530347,0.00120823,0.0,0.00026968
2025-12-05 20:00:00+00:00,10316.45359375,18.76771248,0.94725851,0.94560168,0.00099178,0.0,0.00026662
2025-12-05 21:00:00+00:00,10027.10585275,18.44379002,0.94595051,0.94489464,0.00041462,0.0,0.00024739
2025-12-05 22:00:00+00:00,9560.565574,18.08161069,0.94505807,0.94441276,9.774e-05,0.0,0.00019694
2025-12-05 23:00:00+00:00,9200.0999225,18.00868906,0.94960236,0.94898737,5.671e-05,0.0,0.00018423
2025-12-06 00:00:00+00:00,8960.9975515,17.69804739,0.95192822,0.95148911,5.68e-06,0.0,0.0001172
2025-12-06 01:00:00+00:00,8866.94092075,17.55004719,0.9529677,0.95255779,3.49e-06,0.0,0.00010562
2025-12-06 02:00:00+00:00,8773.53861625,17.44987297,0.9545735,0.95424096,0.0,0.0,8.267e-05
2025-12-06 03:00:00+00:00,8738.96155175,17.42773916,0.95450493,0.95413901,0.0,0.0,8.636e-05
2025-12-06 04:00:00+00:00,8819.72808175,17.39087312,0.9540826,0.95375914,0.0,0.0,7.522e-05
2025-12-06 05:00:00+00:00,8927.03157425,17.49138976,0.95549289,0.95507993,0.0,0.0,0.00010288
2025-12-06 06:00:00+00:00,9261.58154075,17.38536456,0.95363586,0.95318118,0.0,0.0,9.163e-05
2025-12-06 07:00:00+00:00,9680.5734995,17.37386276,0.95292818,0.95243632,4.607e-05,1e-06,0.00010178
2025-12-06 08:00:00+00:00,10021.4674515,17.55020944,0.95516262,0.95448013,0.00013494,3.6e-07,0.00011519
2025-12-06 09:00:00+00:00,10299.01730475,17.48669999,0.95525601,0.95462144,0.00021362,5.5e-07,9.926e-05
2025-12-06 10:00:00+00:00,10479.278718,17.5886479,0.95565347,0.95449617,0.0007015,6.7e-07,0.00012046
2025-12-06 11:00:00+00:00,10612.887793,17.60293822,0.95473461,0.95346305,0.00073901,1.3e-06,0.00014253
2025-12-06 12:00:00+00:00,10581.30040225,17.71912958,0.95458975,0.95234411,0.00098402,0.00078478,0.00013654
2025-12-06 13:00:00+00:00,10615.6871455,17.93791726,0.9542721,0.95091331,0.00100515,0.00183162,0.00015968
2025-12-06 14:00:00+00:00,10784.244509,18.20849139,0.95431719,0.94982919,0.00094324,0.00296329,0.00016855
2025-12-06 15:00:00+00:00,10927.645763,18.49726644,0.95393246,0.94792894,0.00097884,0.00438788,0.00018277
2025-12-06 16:00:00+00:00,10912.61769025,18.54040772,0.95290962,0.94579723,0.00091715,0.00566017,0.00012383
2025-12-06 17:00:00+00:00,10766.54490175,18.43268716,0.95155184,0.94424939,0.00074507,0.00601543,0.00012699
2025-12-06 18:00:00+00:00,10518.7571375,18.23022077,0.95054036,0.94346051,0.00044999,0.00612887,0.00010635
2025-12-06 19:00:00+00:00,10170.02379125,18.04790152,0.95039434,0.94344354,0.00024762,0.00628999,9.083e-05
2025-12-06 20:00:00+00:00,9881.54058225,17.89005875,0.95102586,0.94432439,6.906e-05,0.00624346,8.347e-05
2025-12-06 21:00:00+00:00,9623.52946075,17.71224564,0.95135831,0.9448679,0.0,0.0062757,4.693e-05
2025-12-06 22:00:00+00:00,9402.12381825,17.70546696,0.95365989,0.9470712,0.0,0.00637992,4.687e-05
2025-12-06 23:00:00+00:00,9070.90400275,17.7993416,0.95647421,0.9497386,0.0,0.00652481,4.517e-05
2025-12-07 00:00:00+00:00,8864.2169335,17.77124754,0.95765353,0.95078593,0.0,0.00666001,4.637e-05
2025-12-07 01:00:00+00:00,8849.231908,17.76062465,0.95818668,0.95118528,0.0,0.00678456,4.64e-05
2025-12-07 02:00:00+00:00,8802.126204,17.73471084,0.95652669,0.94942487,0.0,0.00690531,4.541e-05
2025-12-07 03:00:00+00:00,8633.017303,17.82809947,0.95689512,0.94958113,0.0,0.00709638,5.415e-05
2025-12-07 04:00:00+00:00,8624.70694,17.89270971,0.95530304,0.94796693,0.0,0.0071057,4.938e-05
2025-12-07 05:00:00+00:00,8767.0798345,18.16370065,0.95416041,0.94714813,0.0,0.00679386,4.83e-05
2025-12-07 06:00:00+00:00,9128.41463525,18.36455636,0.95230456,0.94567922,0.0,0.00637143,4.969e-05
2025-12-07 07:00:00+00:00,9464.8575555,18.53986529,0.95199917,0.94554711,0.0,0.00620892,4.934e-05
2025-12-07 08:00:00+00:00,9787.61623975,18.68652326,0.95157027,0.94505918,0.0,0.00622885,5.731e-05
2025-12-07 09:00:00+00:00,10144.2617055,18.93264576,0.95012734,0.94344642,0.0,0.00622129,0.0001049
2025-12-07 10:00:00+00:00,10425.2998005,19.16154856,0.94938449,0.94268137,0.0,0.00612145,0.00013857
2025-12-07 11:00:00+00:00,10558.10877225,19.29434034,0.9495694,0.94290388,1.333e-05,0.00604423,0.00014622
2025-12-07 12:00:00+00:00,10560.846853,19.33780552,0.94941624,0.94257401,0.00012896,0.00606516,0.00016998
2025-12-07 13:00:00+00:00,10584.203043,19.43489466,0.94935185,0.94237883,0.00016866,0.00605188,0.0002225
2025-12-07 14:00:00+00:00,10806.71388175,19.48186818,0.94984681,0.94280832,0.00040893,0.00591456,0.00033292
2025-12-07 15:00:00+00:00,11017.50381325,19.54256844,0.95042336,0.94321648,0.00063289,0.00578291,0.00037729
2025-12-07 16:00:00+00:00,11080.04058325,19.53609153,0.95080845,0.94352372,0.00083411,0.00566451,0.00043578
2025-12-07 17:00:00+00:00,10958.734747,19.53332714,0.95058975,0.94334937,0.00064963,0.00577018,0.00045779
2025-12-07 18:00:00+00:00,10761.27590475,19.4482061,0.94966155,0.94264907,0.00024285,0.00599741,0.000417
2025-12-07 19:00:00+00:00,10427.36329525,19.3414824,0.949563,0.94276897,0.0,0.00617787,0.00037592
2025-12-07 20:00:00+00:00,10110.7354695,19.2985942,0.95043067,0.94363849,0.0,0.00619022,0.00037167
2025-12-07 21:00:00+00:00,9748.134063,19.04843128,0.9510643,0.94457488,0.0,0.00605643,0.0002743
2025-12-07 22:00:00+00:00,9298.08112725,18.50378343,0.95182889,0.94587392,0.0,0.00574312,0.00010504
2025-12-07 23:00:00+00:00,9088.5736595,18.77249685,0.9550201,0.94524345,4.37e-06,0.00852565,7.341e-05
2025-12-08 00:00:00+00:00,8868.7583395,18.97942002,0.95609637,0.94364581,4.03e-06,0.01009403,8.666e-05
2025-12-08 01:00:00+00:00,8835.8296165,18.27317222,0.95454558,0.94368877,2.2e-06,0.00877627,7.395e-05
2025-12-08 02:00:00+00:00,8839.41677525,17.44736703,0.95455762,0.94727086,3.25e-06,0.00560329,4.954e-05
2025-12-08 03:00:00+00:00,8640.28093225,17.0870059,0.95410602,0.94685722,1.92e-06,0.00579235,4.629e-05
2025-12-08 04:00:00+00:00,9001.854655,16.26998986,0.95107164,0.94996319,9.6e-07,0.00070294,5.12e-06
2025-12-08 05:00:00+00:00,10144.7295655,16.96123777,0.95162385,0.95148715,0.0,0.0,2.671e-05
2025-12-08 06:00:00+00:00,11016.84878825,17.36540247,0.9496256,0.94933878,0.0,0.0,5.921e-05
2025-12-08 07:00:00+00:00,11158.2889075,17.33496566,0.94759399,0.94693165,0.0,0.00027377,9.056e-05
2025-12-08 08:00:00+00:00,11228.094151,17.11426641,0.9466474,0.94634742,0.0,0.0,4.042e-05
2025-12-08 09:00:00+00:00,11366.12450625,17.00479965,0.94672581,0.9465829,0.0,0.0,1.904e-05
2025-12-08 10:00:00+00:00,11448.57668,17.18722948,0.94663295,0.94587666,3.31e-06,0.00038366,3.53e-05
2025-12-08 11:00:00+00:00,11448.32907725,17.11610064,0.94819045,0.94790993,4e-08,1.396e-05,2.763e-05
2025-12-08 12:00:00+00:00,11314.36355675,17.08660147,0.94782348,0.94755869,0.0,0.0,4.257e-05
2025-12-08 13:00:00+00:00,11444.6324275,17.02142075,0.94569153,0.94540383,0.0,0.0,3.332e-05
2025-12-08 14:00:00+00:00,11648.89837925,16.98229088,0.94528141,0.94504101,0.0,0.0,3.249e-05
2025-12-08 15:00:00+00:00,11655.456708,17.05166814,0.94509861,0.94400763,0.0,0.00080342,7.851e-05
2025-12-08 16:00:00+00:00,11882.982898,17.41107372,0.94750873,0.94523542,0.0,0.00198674,0.00015328
2025-12-08 17:00:00+00:00,11704.00146625,17.13087352,0.95065126,0.9499543,0.0,0.00047451,5.097e-05
2025-12-08 18:00:00+00:00,11475.10883675,17.06191135,0.9505903,0.9497978,0.0,0.00061084,5.924e-05
2025-12-08 19:00:00+00:00,11019.596838,16.92973833,0.94967798,0.94857633,0.0,0.00098514,6.042e-05
2025-12-08 20:00:00+00:00,10587.6170805,16.70040966,0.95076676,0.95038988,0.0,0.00030678,1.692e-05
2025-12-08 21:00:00+00:00,10216.50204125,16.87317,0.95395325,0.95253436,0.0,0.00133931,5.348e-05
2025-12-08 22:00:00+00:00,9675.8651915,16.88312803,0.95300218,0.95013083,0.0,0.00273945,9.064e-05
2025-12-08 23:00:00+00:00,8971.9414745,17.3595231,0.95240421,0.94698962,0.0,0.00518472,0.00010051
2025-12-09 00:00:00+00:00,8862.5872995,17.72414362,0.95163653,0.94490203,0.0,0.00647726,0.00011251
2025-12-09 01:00:00+00:00,8911.6087255,17.54822223,0.95418261,0.94887176,0.0,0.00510885,9.54e-05
2025-12-09 02:00:00+00:00,8619.274077,17.28808269,0.95420991,0.95029515,0.0,0.00363462,6.635e-05
2025-12-09 03:00:00+00:00,8601.548628,17.51938773,0.95373478,0.95015526,0.0,0.00312786,8.987e-05
2025-12-09 04:00:00+00:00,8861.31686725,16.86854886,0.9507497,0.95065702,0.0,0.0,8.44e-06
2025-12-09 05:00:00+00:00,9600.6549735,17.46953953,0.94993525,0.94970853,0.0,0.0,4.783e-05
2025-12-09 06:00:00+00:00,10539.159312,17.93837726,0.94726037,0.94620576,0.00068163,7e-08,8.625e-05
2025-12-09 07:00:00+00:00,10712.9737865,19.38087645,0.94609509,0.94195049,0.00110998,0.0,0.00010421
2025-12-09 08:00:00+00:00,10701.34481975,18.19324126,0.94466509,0.94300065,0.00129747,0.0,6.614e-05
2025-12-09 09:00:00+00:00,10883.5592245,18.37331355,0.94394294,0.94178236,0.00182936,0.0,7.783e-05
2025-12-09 10:00:00+00:00,10871.33867,18.9999563,0.94196603,0.93842639,0.00170964,0.0008193,9.341e-05
2025-12-09 11:00:00+00:00,10773.06831775,20.81003,0.94034839,0.93195566,0.0015627,0.00324181,8.813e-05
2025-12-09 12:00:00+00:00,10820.023177,21.03793181,0.94059974,0.93109528,0.00148083,0.00453158,7.286e-05
2025-12-09 13:00:00+00:00,10910.5805705,21.91666824,0.94121807,0.92943833,0.00192369,0.00513331,0.0001036
2025-12-09 14:00:00+00:00,11215.25331625,21.95892512,0.94327638,0.93105757,0.00258216,0.00535039,0.0001444
2025-12-09 15:00:00+00:00,11310.662457,21.76109878,0.94374296,0.93187122,0.00266467,0.00527057,0.00015235
2025-12-09 16:00:00+00:00,11476.51236275,21.26946286,0.94625368,0.93499562,0.00348709,0.00476651,0.00014038
2025-12-09 17:00:00+00:00,11229.7277865,20.59370337,0.9479316,0.93895149,0.00282423,0.0040351,0.00012115
2025-12-09 18:00:00+00:00,11036.48259,19.56428063,0.94877692,0.94336519,0.00298725,0.00138675,0.00011487
2025-12-09 19:00:00+00:00,10787.88381125,18.95545358,0.95023251,0.94703647,0.00245137,0.00028901,0.00011512
2025-12-09 20:00:00+00:00,10405.3419975,18.66083077,0.94955087,0.94806309,0.00112054,0.0,0.00011393
2025-12-09 21:00:00+00:00,9852.855613,18.27271952,0.9490727,0.94863557,0.00014653,4.18e-06,6.621e-05
2025-12-09 22:00:00+00:00,9366.65579875,17.96807432,0.95100438,0.95073507,0.0,0.0,6.001e-05
2025-12-09 23:00:00+00:00,8899.7927555,17.62361628,0.95138363,0.9503246,1.38e-06,0.00067416,1.844e-05
2025-12-10 00:00:00+00:00,8710.9543905,17.36697931,0.95229887,0.95087924,1.61e-06,0.00095056,9.26e-06
2025-12-10 01:00:00+00:00,8639.0293335,17.18495836,0.95321928,0.95155367,2.21e-06,0.0009612,2.592e-05
2025-12-10 02:00:00+00:00,8673.050069,16.5421329,0.95341386,0.95329926,0.0,7.12e-06,1.973e-05
2025-12-10 03:00:00+00:00,8685.05008575,16.34092702,0.95319924,0.95307583,0.0,0.0,2.039e-05
2025-12-10 04:00:00+00:00,8922.02357025,16.23219562,0.95530868,0.95524891,0.0,0.0,5.15e-06
2025-12-10 05:00:00+00:00,9909.85500425,16.43142239,0.95559971,0.95547472,0.0,0.0,2.171e-05
2025-12-10 06:00:00+00:00,10866.69678825,16.60597591,0.95686055,0.95662851,0.0,0.0,4.662e-05
2025-12-10 07:00:00+00:00,10998.0549145,16.51896615,0.95798907,0.95771043,0.0,0.0,4.631e-05
2025-12-10 08:00:00+00:00,10898.96225775,16.28913459,0.95846787,0.95827608,0.0,0.0,2.563e-05
2025-12-10 09:00:00+00:00,10975.13870275,16.08913459,0.95966325,0.95960018,0.0,0.0,4.83e-06
2025-12-10 10:00:00+00:00,10850.24043725,15.89462458,0.9589422,0.95889605,0.0,0.0,0.0
2025-12-10 11:00:00+00:00,10616.656294,15.68911473,0.95756678,0.95751907,0.0,0.0,0.0
2025-12-10 12:00:00+00:00,10532.40762575,15.66079129,0.95763194,0.95758989,0.0,0.0,0.0
2025-12-10 13:00:00+00:00,10774.39771325,15.72100717,0.95772343,0.95765094,0.0,0.0,6.8e-07
2025-12-10 14:00:00+00:00,11309.54075025,15.86710354,0.94371167,0.94356215,0.0,0.0,2.041e-05
2025-12-10 15:00:00+00:00,11486.23977,15.89668775,0.94490576,0.94476238,0.0,0.0,2.644e-05
2025-12-10 16:00:00+00:00,11617.8122295,15.82170148,0.94693052,0.94680836,0.0,0.0,1.447e-05
2025-12-10 17:00:00+00:00,11438.56130275,15.73737019,0.95094,0.95091205,0.0,0.0,0.0
2025-12-10 18:00:00+00:00,11283.61111275,15.62751465,0.94932744,0.94928233,0.0,0.0,0.0
2025-12-10 19:00:00+00:00,10908.32126025,15.40834258,0.94911557,0.94908612,0.0,0.0,0.0
2025-12-10 20:00:00+00:00,10515.89312175,15.30585417,0.951973,0.95194246,0.0,0.0,0.0
2025-12-10 21:00:00+00:00,10248.6719485,15.35242779,0.95246451,0.95244063,0.0,0.0,0.0
2025-12-10 22:00:00+00:00,9748.686619,15.15240273,0.95182427,0.9517923,0.0,0.0,0.0
2025-12-10 23:00:00+00:00,9464.4074535,15.32930651,0.95092894,0.95087744,0.0,0.0,0.0
2025-12-11 00:00:00+00:00,9135.06719925,15.23846866,0.94980133,0.94976759,0.0,0.0,0.0
2025-12-11 01:00:00+00:00,8934.03200275,15.02461811,0.94411294,0.94407638,0.0,0.0,0.0
2025-12-11 02:00:00+00:00,8734.909311,15.09892217,0.94654641,0.9465088,0.0,0.0,0.0
2025-12-11 03:00:00+00:00,8735.5411345,15.18420091,0.94504501,0.94501422,0.0,0.0,0.0
2025-12-11 04:00:00+00:00,9128.6352245,15.61294305,0.94531606,0.945279,0.0,0.0,0.0
2025-12-11 05:00:00+00:00,9931.73763125,16.26650521,0.94709862,0.94694277,0.0,0.0,2.908e-05
2025-12-11 06:00:00+00:00,10792.77883625,16.65293961,0.94458373,0.94390595,1e-08,0.00028568,3.83e-05
2025-12-11 07:00:00+00:00,11151.474322,17.42008976,0.94255608,0.94038348,1.973e-05,0.00093733,7.42e-05
2025-12-11 08:00:00+00:00,11148.83248275,17.92316052,0.94327281,0.94011862,7.28e-06,0.00153065,4.353e-05
2025-12-11 09:00:00+00:00,11265.2695795,17.94488861,0.94291922,0.93976468,1.583e-05,0.00157043,5.954e-05
2025-12-11 10:00:00+00:00,11252.787292,18.23158548,0.94273414,0.93898422,2.56e-05,0.00173599,3.389e-05
2025-12-11 11:00:00+00:00,11269.26562325,17.97098074,0.94162782,0.93940717,1.826e-05,0.00075998,3.246e-05
2025-12-11 12:00:00+00:00,11232.95841225,19.07505129,0.939277,0.93450127,2.399e-05,0.00165837,2.705e-05
2025-12-11 13:00:00+00:00,11380.85378175,18.04908235,0.94254853,0.94018292,5.81e-06,0.00119945,2.497e-05
2025-12-11 14:00:00+00:00,11567.55660475,17.32809088,0.9439721,0.94382555,0.0,0.0,1.466e-05
2025-12-11 15:00:00+00:00,11327.67405525,17.35940847,0.953285,0.95312415,6.26e-06,0.0,2.261e-05
2025-12-11 16:00:00+00:00,11333.1208245,17.45238491,0.95609629,0.95581073,2.875e-05,0.0,4.912e-05
2025-12-11 17:00:00+00:00,11229.0654225,17.40105853,0.9556724,0.95541968,3.064e-05,0.0,4.717e-05
2025-12-11 18:00:00+00:00,10984.629088,17.45166791,0.95595152,0.9556425,4.557e-05,0.0,6.521e-05
2025-12-11 19:00:00+00:00,10904.499626,17.55034323,0.95508177,0.95482611,3.017e-05,0.0,5.215e-05
2025-12-11 20:00:00+00:00,10760.138506,17.72921666,0.95462418,0.95436997,1.842e-05,0.0,5.973e-05
2025-12-11 21:00:00+00:00,10184.5496,17.84717365,0.95224556,0.95204551,1.896e-05,0.0,4.575e-05
2025-12-11 22:00:00+00:00,9495.43526875,17.74586259,0.94907486,0.94902418,0.0,8.17e-06,1.23e-06
2025-12-11 23:00:00+00:00,8954.28103725,18.05957704,0.94815579,0.94781672,5.685e-05,0.0,8.302e-05
2025-12-12 00:00:00+00:00,8843.15774925,18.06127218,0.94635051,0.94590763,0.00010329,0.0,0.000131
2025-12-12 01:00:00+00:00,8625.9439395,18.10683744,0.94594389,0.94548275,0.00010586,0.0,0.00013847
2025-12-12 02:00:00+00:00,8579.366341,18.3267891,0.94799085,0.94749787,0.00011422,0.0,0.00014956
2025-12-12 03:00:00+00:00,8692.2158475,18.34022288,0.94669899,0.94616073,0.0001319,1e-08,0.00014907
2025-12-12 04:00:00+00:00,9130.94388,18.77309825,0.94639171,0.94519927,0.0005635,5.3e-07,0.0002326
2025-12-12 05:00:00+00:00,10277.20783025,19.18026756,0.94676448,0.94400305,0.00207589,1.2e-06,0.00026062
2025-12-12 06:00:00+00:00,11113.361493,19.1932728,0.94437367,0.94161233,0.00221694,1.21e-06,0.00022601
2025-12-12 07:00:00+00:00,11413.3567025,19.22579262,0.94376693,0.94113258,0.00207617,1.13e-06,0.00021546
2025-12-12 08:00:00+00:00,11437.27683475,20.02383004,0.94036627,0.93649969,0.00132632,0.0006281,0.00016233
2025-12-12 09:00:00+00:00,11541.23813025,23.40601141,0.93886614,0.92819397,0.00142752,0.00256361,0.00018754
2025-12-12 10:00:00+00:00,11494.09096275,20.17293225,0.93699649,0.93273375,0.00185184,0.00052407,0.00020048
2025-12-12 11:00:00+00:00,11650.19391425,19.47702096,0.93868972,0.93585113,0.0022408,1.2e-06,0.00024977
2025-12-12 12:00:00+00:00,11546.06842175,19.46171842,0.93750738,0.93459753,0.00228902,1.25e-06,0.00024245
2025-12-12 13:00:00+00:00,11586.70774,19.38996269,0.93774412,0.93476674,0.00247283,1.35e-06,0.00021876
2025-12-12 14:00:00+00:00,11749.14244475,19.29732361,0.93687705,0.93433562,0.00208107,1.14e-06,0.00018831
2025-12-12 15:00:00+00:00,11805.45608375,19.08753138,0.94055651,0.93850492,0.00169086,1e-06,0.00018
2025-12-12 16:00:00+00:00,11709.872476,18.75200093,0.9446595,0.94298397,0.00139333,8.5e-07,0.00013872
2025-12-12 17:00:00+00:00,11638.35933,18.60510111,0.94546688,0.94370794,0.00157229,1.01e-06,0.00013615
2025-12-12 18:00:00+00:00,11368.517167,18.87258098,0.95032616,0.94784397,0.00204821,1.34e-06,0.00023195
2025-12-12 19:00:00+00:00,11012.3921475,18.95928131,0.95271216,0.95017172,0.00202359,1.4e-06,0.00025592
2025-12-12 20:00:00+00:00,10562.79114375,18.75044334,0.95398523,0.95232289,0.00117775,1.08e-06,0.00025507
2025-12-12 21:00:00+00:00,10240.47590825,18.5774571,0.95118526,0.95005767,0.00067724,8.6e-07,0.00022244
2025-12-12 22:00:00+00:00,9882.76838275,18.35629939,0.94919121,0.94826212,0.00053828,6.8e-07,0.00019215
2025-12-12 23:00:00+00:00,9610.5642175,18.23932268,0.94640469,0.94601395,8.456e-05,1.06e-06,0.0001444
2025-12-13 00:00:00+00:00,9427.8888425,18.02589945,0.94393303,0.94349984,6.292e-05,4.5e-07,0.00014613
2025-12-13 01:00:00+00:00,9273.5564015,17.88036488,0.94498711,0.9445348,5.59e-05,0.0,0.00013539
2025-12-13 02:00:00+00:00,9164.722917,18.14087879,0.95485338,0.95416152,8.823e-05,8.6e-07,0.00022583
2025-12-13 03:00:00+00:00,9090.64002425,17.98999876,0.95467204,0.95389419,9.666e-05,8.3e-07,0.00023779
2025-12-13 04:00:00+00:00,8914.4662505,17.84506282,0.95377827,0.95306253,0.00010361,7.6e-07,0.00021796
2025-12-13 05:00:00+00:00,9138.12425775,17.85176648,0.95444682,0.95372228,0.00011463,1.08e-06,0.00022075
2025-12-13 06:00:00+00:00,9323.34754675,17.74882565,0.95444396,0.95374311,0.00010176,6.6e-07,0.00018701
2025-12-13 07:00:00+00:00,9741.563172,17.78755402,0.95479598,0.95401841,0.00021682,7.8e-07,0.00018119
2025-12-13 08:00:00+00:00,10086.3288735,17.89146232,0.95391197,0.95280509,0.0006067,1.16e-06,0.00016031
2025-12-13 09:00:00+00:00,10430.036802,18.03089747,0.95482782,0.95375638,0.00063995,1.31e-06,0.0001419
2025-12-13 10:00:00+00:00,10661.63061925,18.13529606,0.95416663,0.95307328,0.00066905,1.34e-06,0.00013835
2025-12-13 11:00:00+00:00,10810.153816,18.16320949,0.95218973,0.95127964,0.0005443,1.12e-06,0.00012126
2025-12-13 12:00:00+00:00,10805.2789375,18.26549124,0.95151693,0.95073105,0.00046952,9.6e-07,0.00011044
2025-12-13 13:00:00+00:00,10792.16808525,18.3626634,0.95225538,0.95117385,0.00074883,1.06e-06,0.00012157
2025-12-13 14:00:00+00:00,10948.24176775,18.52762398,0.95320556,0.95190894,0.00094301,1.15e-06,0.00011841
2025-12-13 15:00:00+00:00,10971.01509175,18.70404167,0.9537587,0.95232735,0.00099417,1.13e-06,0.00014154
2025-12-13 16:00:00+00:00,10991.10906725,18.72285439,0.95438709,0.95321814,0.00072514,8.2e-07,0.00012958
2025-12-13 17:00:00+00:00,10888.10625875,18.62630694,0.95414996,0.9534734,0.00029131,2.5e-07,0.00011899
2025-12-13 18:00:00+00:00,10484.51842225,18.48149416,0.95398249,0.95365128,7.736e-05,0.0,8.05e-05
2025-12-13 19:00:00+00:00,10025.16636025,18.41225819,0.9557271,0.95556588,2.482e-05,0.0,4.476e-05
2025-12-13 20:00:00+00:00,9762.2167345,18.43497793,0.95497475,0.95450143,1.441e-05,0.0,0.00010727
2025-12-13 21:00:00+00:00,9607.98515125,18.32855269,0.9552896,0.95491139,0.0,0.0,5.67e-05
2025-12-13 22:00:00+00:00,9302.4296385,18.68566051,0.95541623,0.9514296,0.0,0.00350734,7.275e-05
2025-12-13 23:00:00+00:00,8913.87768375,18.25157874,0.95693444,0.95389481,0.0,0.00284758,2.334e-05
2025-12-14 00:00:00+00:00,8684.717679,18.13829658,0.95625562,0.95221669,0.0,0.00379331,3.112e-05
2025-12-14 01:00:00+00:00,8638.42468875,17.92284639,0.95588156,0.95097522,0.0,0.00461035,3.711e-05
2025-12-14 02:00:00+00:00,8567.80133625,17.59966224,0.95673244,0.95181522,0.0,0.00463135,3.847e-05
2025-12-14 03:00:00+00:00,8547.572891,17.17298665,0.9572153,0.95276462,0.0,0.00417929,3.539e-05
2025-12-14 04:00:00+00:00,8540.82296225,16.67193558,0.95710441,0.95310701,0.0,0.00374466,3.23e-05
2025-12-14 05:00:00+00:00,8523.92198375,16.4286654,0.95859841,0.95376139,0.0,0.00453643,3.726e-05
2025-12-14 06:00:00+00:00,8851.141702,16.39104047,0.95885184,0.95343807,0.0,0.00508979,4.05e-05
2025-12-14 07:00:00+00:00,9207.824142,16.30558534,0.95968748,0.95474965,0.0,0.00464164,3.645e-05
2025-12-14 08:00:00+00:00,9608.2873335,16.06660142,0.9599797,0.9561812,0.0,0.00355044,2.753e-05
2025-12-14 09:00:00+00:00,9983.0736895,16.09541793,0.9602045,0.95678347,0.0,0.00318556,2.514e-05
2025-12-14 10:00:00+00:00,10194.60364375,16.12206944,0.96061045,0.95755153,0.0,0.00283393,2.255e-05
2025-12-14 11:00:00+00:00,10503.853193,16.13853893,0.96096273,0.95847134,0.0,0.00230062,1.851e-05
2025-12-14 12:00:00+00:00,10635.73488075,16.38289757,0.96007167,0.95723629,0.0,0.00263024,2.128e-05
2025-12-14 13:00:00+00:00,10647.67610825,16.48209223,0.96095768,0.95813517,0.0,0.00262804,2.171e-05
2025-12-14 14:00:00+00:00,10840.64483475,16.60873424,0.96079815,0.95806632,0.0,0.00251419,2.136e-05
2025-12-14 15:00:00+00:00,10954.447004,16.64629422,0.96173938,0.95906502,0.0,0.00244135,2.126e-05
2025-12-14 16:00:00+00:00,11065.949644,16.6977254,0.9608998,0.95852121,0.0,0.00213623,1.889e-05
2025-12-14 17:00:00+00:00,11054.298424,16.73877073,0.96178364,0.95973561,0.0,0.00187025,1.651e-05
2025-12-14 18:00:00+00:00,10660.7421,16.69822973,0.960914,0.95873832,0.0,0.00200947,1.742e-05
2025-12-14 19:00:00+00:00,10219.58277175,16.40998398,0.95968155,0.95802934,0.0,0.00151059,1.315e-05
2025-12-14 20:00:00+00:00,9791.947762,15.96532738,0.96042763,0.96035882,0.0,0.0,0.0
2025-12-14 21:00:00+00:00,9523.73879825,15.90621341,0.9610493,0.96097363,0.0,0.0,0.0
2025-12-14 22:00:00+00:00,9262.351073,15.71883673,0.96112232,0.96107304,0.0,0.0,0.0
2025-12-14 23:00:00+00:00,8833.88437375,15.52210069,0.96203107,0.96198731,0.0,0.0,0.0
2025-12-15 00:00:00+00:00,8654.231646,15.51594028,0.96471462,0.96466479,0.0,0.0,0.0
2025-12-15 01:00:00+00:00,8632.1472975,15.34273795,0.9653981,0.965341,0.0,0.0,0.0
2025-12-15 02:00:00+00:00,8624.6135315,15.22232795,0.96476505,0.96471517,0.0,0.0,0.0
2025-12-15 03:00:00+00:00,8688.12600175,15.21412415,0.964844,0.96479454,0.0,0.0,0.0
2025-12-15 04:00:00+00:00,8983.88714625,15.34085415,0.96624439,0.96619041,0.0,0.0,0.0
2025-12-15 05:00:00+00:00,9923.46999275,15.58117994,0.96497059,0.96490771,0.0,0.0,0.0
2025-12-15 06:00:00+00:00,10989.4152275,15.71154712,0.96394461,0.96388589,0.0,0.0,0.0
2025-12-15 07:00:00+00:00,11405.66869325,16.11713709,0.96398229,0.96310712,1.69e-06,0.00052194,4.96e-06
2025-12-15 08:00:00+00:00,11395.95097825,16.06134149,0.96301417,0.96248783,0.0,0.00029379,5.11e-06
2025-12-15 09:00:00+00:00,11321.6579525,16.08922188,0.96259114,0.96190153,0.0,0.000407,7.35e-06
2025-12-15 10:00:00+00:00,11431.59390875,15.91882553,0.96263473,0.96255147,0.0,5.2e-06,2e-08
2025-12-15 11:00:00+00:00,11420.52446675,15.96921669,0.95978026,0.95971115,0.0,0.0,0.0
2025-12-15 12:00:00+00:00,11482.69945475,15.9294826,0.95760758,0.95753204,0.0,0.0,0.0
2025-12-15 13:00:00+00:00,11741.9249715,16.16379698,0.95885536,0.95878713,0.0,0.0,0.0
2025-12-15 14:00:00+00:00,11833.30255075,16.41912082,0.95786477,0.9577756,0.0,1.9e-07,3.64e-06
2025-12-15 15:00:00+00:00,11756.208909,16.66231062,0.95712288,0.95699914,0.0,4.3e-07,7.72e-06
2025-12-15 16:00:00+00:00,11774.01908425,17.08461752,0.96254398,0.96233602,0.0,5.8e-07,2.918e-05
2025-12-15 17:00:00+00:00,11542.13327075,17.2848784,0.96288243,0.96271224,0.0,6.4e-07,6.027e-05
2025-12-15 18:00:00+00:00,11175.95000875,17.39070845,0.96350835,0.96335291,0.0,5.4e-07,5.568e-05
2025-12-15 19:00:00+00:00,10807.45270525,17.40669092,0.96520894,0.96500478,7.32e-06,3.4e-07,6.696e-05
2025-12-15 20:00:00+00:00,10466.81367025,17.37354794,0.96531873,0.96517666,2.7e-07,2e-08,2.088e-05
2025-12-15 21:00:00+00:00,9799.085697,17.39642524,0.96472789,0.96464045,0.0,0.0,5.9e-06
2025-12-15 22:00:00+00:00,9423.31111425,17.39489272,0.96396426,0.96387652,0.0,0.0,8.7e-06
2025-12-15 23:00:00+00:00,9188.47922825,17.48351944,0.96321775,0.96308857,0.0,0.0,1.954e-05
2025-12-16 00:00:00+00:00,8883.174484,17.39411339,0.96248212,0.96233756,0.0,0.0,2.705e-05
2025-12-16 01:00:00+00:00,8802.36435775,17.42157688,0.96231096,0.96208546,0.0,0.0,4.46e-05
2025-12-16 02:00:00+00:00,8754.8332415,17.41177854,0.96190046,0.96168474,0.0,0.0,3.015e-05
2025-12-16 03:00:00+00:00,8608.23054325,17.39564268,0.96329764,0.96311426,0.0,0.0,2.254e-05
2025-12-16 04:00:00+00:00,9011.58265425,17.28297491,0.96204056,0.96189657,2.5e-07,2e-08,1.554e-05
2025-12-16 05:00:00+00:00,10173.44950125,17.64034288,0.9625313,0.96226085,3.24e-05,9.8e-07,5.076e-05
2025-12-16 06:00:00+00:00,11084.9673385,17.9465383,0.96235991,0.96206711,7.619e-05,1.35e-06,6.417e-05
2025-12-16 07:00:00+00:00,11378.5993245,18.18388431,0.96174849,0.96133439,0.0001213,1.34e-06,0.00010976
2025-12-16 08:00:00+00:00,11259.38876575,18.18113641,0.95848207,0.9579431,0.00012482,1.18e-06,0.00012476
2025-12-16 09:00:00+00:00,11530.08891025,18.24750756,0.95827011,0.95785766,9.917e-05,1.28e-06,9.837e-05
2025-12-16 10:00:00+00:00,11642.9724415,18.33861387,0.95785046,0.95740618,0.00011429,1.31e-06,0.00010742
2025-12-16 11:00:00+00:00,11556.19485,18.29042618,0.9575505,0.95713995,0.00010733,1.26e-06,9.675e-05
2025-12-16 12:00:00+00:00,11413.4613085,18.23562879,0.96166628,0.96130842,9.69e-05,1.15e-06,8.827e-05
2025-12-16 13:00:00+00:00,11551.41573125,18.34806385,0.95935431,0.9589885,0.00011607,1.31e-06,9.544e-05
2025-12-16 14:00:00+00:00,11867.446821,18.39658422,0.9573676,0.95703474,0.00011045,1.22e-06,8.227e-05
2025-12-16 15:00:00+00:00,11744.72794625,18.50621922,0.96131868,0.96079808,0.00014722,1.21e-06,0.00012661
2025-12-16 16:00:00+00:00,11959.490204,18.61616736,0.96076703,0.95928887,0.00106611,1.28e-06,0.00016602
2025-12-16 17:00:00+00:00,11827.60662275,18.67725384,0.96170501,0.95995381,0.00137676,1.66e-06,0.00017166
2025-12-16 18:00:00+00:00,11461.8061455,18.67573169,0.96227537,0.95959483,0.0021532,1.31e-06,0.00021372
2025-12-16 19:00:00+00:00,11078.59331,18.56015352,0.96358116,0.96133015,0.00171591,1.22e-06,0.00023698
2025-12-16 20:00:00+00:00,10571.23363625,18.29042598,0.96410881,0.96228191,0.00129724,1.05e-06,0.00020682
2025-12-16 21:00:00+00:00,10222.2189295,18.07553695,0.96470353,0.96348642,0.00078436,6e-07,0.00013958
2025-12-16 22:00:00+00:00,9758.36551475,17.65889052,0.96362994,0.96339054,2.392e-05,4e-08,3.886e-05
2025-12-16 23:00:00+00:00,9147.92175425,17.68414796,0.96388243,0.96353626,0.0,0.0,7.016e-05
2025-12-17 00:00:00+00:00,8836.96505725,17.50739346,0.9637496,0.96346067,0.0,0.0,6.127e-05
2025-12-17 01:00:00+00:00,8792.4508335,17.4316017,0.96400848,0.96374384,0.0,0.0,5.083e-05
2025-12-17 02:00:00+00:00,8746.0029505,17.36487788,0.96455309,0.96428422,0.0,0.0,5.945e-05
2025-12-17 03:00:00+00:00,8589.422784,17.27457748,0.96372834,0.96349258,0.0,0.0,5.02e-05
2025-12-17 04:00:00+00:00,8950.9341585,17.2842049,0.96224483,0.96202573,0.0,0.0,3.85e-05
2025-12-17 05:00:00+00:00,10074.2090075,17.64016935,0.96202787,0.96149606,0.00013608,2.6e-07,0.00012399
2025-12-17 06:00:00+00:00,10934.06539725,18.09620823,0.96144493,0.96054542,0.00036306,8.5e-07,0.00019026
2025-12-17 07:00:00+00:00,11222.82676775,18.211426,0.95980301,0.95897124,0.00041231,1.3e-06,0.00016428
2025-12-17 08:00:00+00:00,11305.77989825,18.09656371,0.95777629,0.9570024,0.00041102,1.09e-06,0.00014774
2025-12-17 09:00:00+00:00,11433.99773775,18.1007123,0.95800157,0.95717226,0.0004284,1.12e-06,0.00015589
2025-12-17 10:00:00+00:00,11329.69789525,17.97063153,0.957506,0.95670949,0.00043001,2.44e-06,0.00015896
2025-12-17 11:00:00+00:00,11391.89280375,17.79765253,0.95271941,0.95209357,0.00038699,2.99e-06,0.0001166
2025-12-17 12:00:00+00:00,11385.876375,17.73831808,0.9498699,0.94922927,0.00040298,2.68e-06,0.0001181
2025-12-17 13:00:00+00:00,11395.61406725,17.74199802,0.95444127,0.95392412,0.00036196,2.37e-06,7.911e-05
2025-12-17 14:00:00+00:00,11635.216203,17.99931854,0.95841783,0.95773543,0.00043789,2.46e-06,0.00011308
2025-12-17 15:00:00+00:00,11634.90582375,18.20270837,0.95639968,0.95476621,0.00129442,2.86e-06,0.00015694
2025-12-17 16:00:00+00:00,11813.7861395,18.41094011,0.95869879,0.95671176,0.0015069,2.64e-06,0.00024588
2025-12-17 17:00:00+00:00,11762.5850455,18.30243256,0.95828413,0.95639077,0.00147345,4.79e-06,0.00024586
2025-12-17 18:00:00+00:00,11616.5708155,18.27987407,0.95762135,0.95565617,0.00155981,2.66e-06,0.00023416
2025-12-17 19:00:00+00:00,11193.44526475,18.12097971,0.95697865,0.95509145,0.00144314,2.56e-06,0.00022556
2025-12-17 20:00:00+00:00,10954.31303225,17.87564512,0.95709904,0.9554251,0.00122857,2.2e-06,0.00020791
2025-12-17 21:00:00+00:00,10609.8339225,17.31664528,0.95682649,0.95621395,0.00033221,1.24e-06,0.00010801
2025-12-17 22:00:00+00:00,10113.122791,16.59201311,0.95722978,0.95715654,0.0,2e-08,6.88e-06
2025-12-17 23:00:00+00:00,9607.32831625,17.11806057,0.95978855,0.95687809,5e-08,0.00211512,1.154e-05
2025-12-18 00:00:00+00:00,9027.0037415,16.85122932,0.9603844,0.95733161,0.0,0.00233005,1.376e-05
2025-12-18 01:00:00+00:00,8912.97084325,16.34554708,0.9605892,0.95853774,0.0,0.00154742,8.76e-06
2025-12-18 02:00:00+00:00,9092.10680575,16.08515738,0.96088842,0.95929569,3e-08,0.00108866,6.38e-06
2025-12-18 03:00:00+00:00,9148.751534,15.53433971,0.96231186,0.96196272,0.0,0.00022485,1.19e-06
2025-12-18 04:00:00+00:00,9158.92293325,15.44620795,0.96241188,0.96211168,1e-08,0.00018198,9.8e-07
2025-12-18 05:00:00+00:00,10015.8054075,15.91598125,0.96279374,0.9611664,2.57e-06,0.00096137,6.66e-06
2025-12-18 06:00:00+00:00,11413.86898625,16.43596011,0.96328066,0.959555,2.194e-05,0.00266067,1.203e-05
2025-12-18 07:00:00+00:00,11651.38999225,16.32410217,0.96306188,0.95968954,6.011e-05,0.00215238,1.158e-05
2025-12-18 08:00:00+00:00,11669.58261025,16.20249063,0.96150861,0.95827654,2.995e-05,0.00204935,1.097e-05
2025-12-18 09:00:00+00:00,11566.3388535,16.02692684,0.96021602,0.95708382,1.436e-05,0.00178784,1.16e-05
2025-12-18 10:00:00+00:00,11415.29526725,15.39616061,0.95976472,0.9582376,2.55e-06,0.00086618,5.81e-06
2025-12-18 11:00:00+00:00,11547.3466725,15.04474659,0.95881468,0.95764751,2.3e-07,0.00064649,4.52e-06
2025-12-18 12:00:00+00:00,11565.215722,14.58545199,0.95755747,0.95746154,1e-08,1.561e-05,9e-08
2025-12-18 13:00:00+00:00,11472.75942025,14.60688248,0.95783132,0.95777126,0.0,0.0,0.0
2025-12-18 14:00:00+00:00,11813.2839815,14.60663105,0.95775396,0.9576947,0.0,0.0,0.0
2025-12-18 15:00:00+00:00,11910.735081,14.7026138,0.95755857,0.95746734,0.0,0.0,0.0
2025-12-18 16:00:00+00:00,11823.7549645,14.68353122,0.96135739,0.96126909,0.0,0.0,0.0
2025-12-18 17:00:00+00:00,11441.79921775,14.64003741,0.95856375,0.95784274,0.0,0.00064257,5.91e-06
2025-12-18 18:00:00+00:00,11363.11016025,15.99093939,0.95774427,0.95338877,2.545e-05,0.00302498,2.523e-05
2025-12-18 19:00:00+00:00,10989.17723075,15.60201259,0.95767733,0.95409785,4.02e-06,0.00294828,2.611e-05
2025-12-18 20:00:00+00:00,10620.4561425,14.64191304,0.95619986,0.95597394,2.1e-07,0.00013431,1.14e-06
2025-12-18 21:00:00+00:00,10207.08894825,15.26922558,0.9558828,0.95233889,0.0,0.00333356,2.912e-05
2025-12-18 22:00:00+00:00,9719.84073275,15.21143137,0.95707741,0.95357569,0.0,0.00331573,2.956e-05
2025-12-18 23:00:00+00:00,9185.6069705,15.62763263,0.96386108,0.95880688,0.0,0.00480294,4.385e-05
2025-12-19 00:00:00+00:00,8918.424067,15.68966466,0.96353133,0.95805467,0.0,0.00520314,4.692e-05
2025-12-19 01:00:00+00:00,8718.778245,15.62874484,0.96359947,0.95778252,0.0,0.00552531,4.703e-05
2025-12-19 02:00:00+00:00,8525.52268425,15.67970548,0.96446473,0.95799238,0.0,0.006167,5.119e-05
2025-12-19 03:00:00+00:00,8458.42484025,15.36575953,0.96582964,0.96126384,0.0,0.00434269,3.522e-05
2025-12-19 04:00:00+00:00,8810.100715,15.31328653,0.96666039,0.96273254,0.0,0.00372176,2.965e-05
2025-12-19 05:00:00+00:00,9817.87837775,14.82689374,0.96845313,0.96840157,0.0,0.0,0.0
2025-12-19 06:00:00+00:00,10628.51312125,15.06679852,0.96889701,0.96883449,0.0,0.0,0.0
2025-12-19 07:00:00+00:00,10840.18925325,14.94938782,0.96769285,0.96763054,0.0,0.0,0.0
2025-12-19 08:00:00+00:00,10931.685775,14.85289985,0.96678525,0.96673548,0.0,0.0,0.0
2025-12-19 09:00:00+00:00,10948.8563555,14.69394707,0.96603455,0.96597388,0.0,0.0,0.0
2025-12-19 10:00:00+00:00,10943.0201095,14.61412289,0.96548664,0.96542052,0.0,0.0,0.0
2025-12-19 11:00:00+00:00,10870.2077685,14.53684561,0.96497436,0.96490819,0.0,0.0,0.0
2025-12-19 12:00:00+00:00,10837.4037525,14.49495267,0.96347412,0.96340786,0.0,0.0,0.0
2025-12-19 13:00:00+00:00,10692.5911135,14.4645278,0.96337916,0.96332335,0.0,0.0,0.0
2025-12-19 14:00:00+00:00,11089.68235275,14.54826812,0.96201861,0.96192526,0.0,4.82e-05,4e-07
2025-12-19 15:00:00+00:00,10944.953342,14.59556408,0.96625402,0.96595703,0.0,0.00020238,1.69e-06
2025-12-19 16:00:00+00:00,11004.952273,14.6180917,0.96842193,0.96782098,0.0,0.00048531,4.03e-06
2025-12-19 17:00:00+00:00,10817.365646,14.52215296,0.96828711,0.96741243,0.0,0.00079451,6.64e-06
2025-12-19 18:00:00+00:00,10401.034415,14.29863913,0.97036498,0.96994508,0.0,0.00035969,2.93e-06
2025-12-19 19:00:00+00:00,10146.673713,14.21438214,0.97061739,0.97035357,0.0,0.00020779,1.67e-06
2025-12-19 20:00:00+00:00,9667.094396,14.07234112,0.97101886,0.97096937,0.0,0.0,0.0
2025-12-19 21:00:00+00:00,9261.71472525,14.55646272,0.96964296,0.96655866,0.0,0.00292048,2.395e-05
2025-12-19 22:00:00+00:00,8981.98638425,14.01730501,0.97049427,0.96971726,0.0,0.00071079,5.8e-06
2025-12-19 23:00:00+00:00,8646.42510825,14.30407833,0.97279096,0.97106856,0.0,0.00162742,1.37e-05
2025-12-20 00:00:00+00:00,8502.72894175,14.33965723,0.9732326,0.97128792,0.0,0.00184566,1.586e-05
2025-12-20 01:00:00+00:00,8367.86155725,14.5527421,0.97296037,0.97046313,0.0,0.00235424,2.038e-05
2025-12-20 02:00:00+00:00,8234.74364975,14.54396745,0.97320517,0.97082305,0.0,0.00224829,1.874e-05
2025-12-20 03:00:00+00:00,8311.80895425,14.63557151,0.97319619,0.97044188,0.0,0.00261858,2.067e-05
2025-12-20 04:00:00+00:00,8221.49495075,14.56712713,0.97374042,0.97130541,0.0,0.00229258,1.819e-05
2025-12-20 05:00:00+00:00,8466.952672,14.42663646,0.97458458,0.97279734,0.0,0.00167119,1.328e-05
2025-12-20 06:00:00+00:00,8864.964061,14.43353111,0.97529196,0.97399881,0.0,0.00118408,9.52e-06
2025-12-20 07:00:00+00:00,9187.9744215,14.76496112,0.9752623,0.97365972,0.0,0.00148132,1.209e-05
2025-12-20 08:00:00+00:00,9507.969588,14.78130612,0.97459442,0.97310824,0.0,0.00137881,1.118e-05
2025-12-20 09:00:00+00:00,9802.33741375,14.69397459,0.97449932,0.97361512,0.0,0.00079107,6.46e-06
2025-12-20 10:00:00+00:00,9901.3099975,14.70346033,0.97424597,0.97355002,0.0,0.00059867,4.74e-06
2025-12-20 11:00:00+00:00,10050.652473,14.65448989,0.97449885,0.97442028,0.0,1.339e-05,1.1e-07
2025-12-20 12:00:00+00:00,10076.55465825,14.65050133,0.97463473,0.97457087,0.0,0.0,0.0
2025-12-20 13:00:00+00:00,10059.5589145,14.58405984,0.97462847,0.97457645,0.0,0.0,0.0
2025-12-20 14:00:00+00:00,10286.0241865,14.55013256,0.97460689,0.97454495,0.0,0.0,0.0
2025-12-20 15:00:00+00:00,10535.172225,14.66806153,0.97262033,0.97252648,0.0,0.0,0.0
2025-12-20 16:00:00+00:00,10574.31435925,14.76932662,0.96910792,0.96901051,0.0,0.0,0.0
2025-12-20 17:00:00+00:00,10256.30689175,14.69000777,0.96732032,0.96727049,0.0,0.0,0.0
2025-12-20 18:00:00+00:00,10188.45997075,14.66742923,0.96698785,0.96694286,0.0,0.0,0.0
2025-12-20 19:00:00+00:00,10008.208875,14.62897411,0.96770562,0.9676489,0.0,0.0,0.0
2025-12-20 20:00:00+00:00,9683.96764675,14.56272256,0.9694259,0.96938006,0.0,0.0,0.0
2025-12-20 21:00:00+00:00,9474.4722705,14.55783052,0.9704554,0.9704091,0.0,0.0,0.0
2025-12-20 22:00:00+00:00,9245.1540955,14.60801489,0.9701212,0.97008592,0.0,0.0,0.0
2025-12-20 23:00:00+00:00,9228.14463325,14.58489902,0.9696386,0.96917294,0.0,0.00041143,2.28e-06
2025-12-21 00:00:00+00:00,8927.0600855,14.79240901,0.96791562,0.96665624,0.0,0.0011875,6.61e-06
2025-12-21 01:00:00+00:00,8830.04929825,14.61855105,0.96831886,0.96829387,0.0,0.0,0.0
2025-12-21 02:00:00+00:00,8693.00107075,14.68553355,0.96782408,0.96765844,0.0,0.00012364,5.7e-07
2025-12-21 03:00:00+00:00,8692.15745875,14.81565281,0.96885741,0.96844341,0.0,0.00037438,2.2e-06
2025-12-21 04:00:00+00:00,8771.3902695,14.80107281,0.96580242,0.9657664,0.0,0.0,0.0
2025-12-21 05:00:00+00:00,9006.9938975,14.92505005,0.96041958,0.96037205,0.0,0.0,0.0
2025-12-21 06:00:00+00:00,9489.643878,14.96051742,0.95957,0.9595176,0.0,0.0,0.0
2025-12-21 07:00:00+00:00,9948.90573325,15.06236861,0.95810877,0.95806304,0.0,0.0,0.0
2025-12-21 08:00:00+00:00,10263.02167125,15.19434583,0.95498633,0.95494077,0.0,0.0,0.0
2025-12-21 09:00:00+00:00,10431.259666,15.29532207,0.95530078,0.95524351,0.0,0.0,0.0
2025-12-21 10:00:00+00:00,10523.79874925,15.38137786,0.95409766,0.95402889,0.0,0.0,0.0
2025-12-21 11:00:00+00:00,10610.3162365,15.5169128,0.95295756,0.95288299,0.0,0.0,0.0
2025-12-21 12:00:00+00:00,10600.9883515,15.46679869,0.95373465,0.9536657,0.0,0.0,0.0
2025-12-21 13:00:00+00:00,10862.59673025,15.51327798,0.95403075,0.95397923,0.0,0.0,0.0
2025-12-21 14:00:00+00:00,11301.100548,15.63641521,0.95330659,0.95323852,0.0,0.0,0.0
2025-12-21 15:00:00+00:00,11508.473094,15.68211645,0.95262812,0.95254335,4.88e-06,1e-08,4e-08
2025-12-21 16:00:00+00:00,11698.15357025,15.76426756,0.953009,0.95293564,0.0,0.0,0.0
2025-12-21 17:00:00+00:00,11600.35389875,15.909156,0.9531836,0.9531387,0.0,0.0,0.0
2025-12-21 18:00:00+00:00,11500.73172075,16.0139626,0.95399144,0.95394671,0.0,0.0,0.0
2025-12-21 19:00:00+00:00,11106.50348525,16.0439465,0.95518,0.95513469,0.0,0.0,0.0
2025-12-21 20:00:00+00:00,10828.0785465,16.15864143,0.95512481,0.95507954,0.0,0.0,0.0
2025-12-21 21:00:00+00:00,10492.57312325,16.25027813,0.95521807,0.95516644,0.0,0.0,0.0
2025-12-21 22:00:00+00:00,10170.37855575,16.3211989,0.95498999,0.95496162,4e-08,4.28e-06,2e-08
2025-12-21 23:00:00+00:00,10264.03187425,16.54104783,0.9484208,0.94780375,5.77e-06,0.00045452,2.98e-06
2025-12-22 00:00:00+00:00,10054.920131,16.50298281,0.94708909,0.94706575,0.0,0.0,0.0
2025-12-22 01:00:00+00:00,10054.18295525,16.68559782,0.94672881,0.94669866,1e-08,8e-07,1e-08
2025-12-22 02:00:00+00:00,10031.84808975,17.21090644,0.94724197,0.94622051,1.026e-05,0.00077598,4.92e-06
2025-12-22 03:00:00+00:00,10101.46050725,17.79105168,0.94555871,0.94329153,1.352e-05,0.00158381,8.3e-06
2025-12-22 04:00:00+00:00,10447.506147,17.94268503,0.94348263,0.94162349,2.084e-05,0.00132506,2.134e-05
2025-12-22 05:00:00+00:00,11226.533877,18.00984402,0.94157488,0.94058104,5.209e-05,0.00067411,2.932e-05
2025-12-22 06:00:00+00:00,12006.9435155,18.2448328,0.94030053,0.93943604,0.00055946,1.16e-06,0.00013604
2025-12-22 07:00:00+00:00,12256.0836935,18.58744069,0.94208684,0.94065287,0.00108293,2.21e-06,0.00017414
2025-12-22 08:00:00+00:00,12564.147712,18.66241209,0.94000098,0.93829071,0.0013286,2.56e-06,0.00019671
2025-12-22 09:00:00+00:00,12459.34635075,18.75515859,0.93919085,0.93746339,0.00131859,1.63e-06,0.00018827
2025-12-22 10:00:00+00:00,12327.0553625,18.85844216,0.93940277,0.93757158,0.00135133,1.65e-06,0.00022719
2025-12-22 11:00:00+00:00,12310.8966925,18.90075604,0.93946395,0.93769943,0.00122478,2.4e-06,0.0002621
2025-12-22 12:00:00+00:00,12312.86174375,18.85367645,0.94109795,0.93917836,0.00138662,1.75e-06,0.00027025
2025-12-22 13:00:00+00:00,12320.49809925,18.80218438,0.94233556,0.94022314,0.0016014,2.73e-06,0.00023112
2025-12-22 14:00:00+00:00,12578.90095925,18.86252802,0.9435066,0.94120552,0.00174688,2.79e-06,0.00026636
2025-12-22 15:00:00+00:00,12634.099274,18.78237347,0.94334615,0.94111037,0.00164536,2.64e-06,0.00028132
2025-12-22 16:00:00+00:00,12533.72274725,18.75659514,0.94352516,0.94114343,0.00180005,2.87e-06,0.00028534
2025-12-22 17:00:00+00:00,12397.2904955,18.65038549,0.94343405,0.94130761,0.00159867,2.86e-06,0.00027888
2025-12-22 18:00:00+00:00,12063.684626,18.49926118,0.94353726,0.94180891,0.00122387,1.57e-06,0.00024882
2025-12-22 19:00:00+00:00,11681.80800475,18.6407335,0.94168901,0.94036994,0.00077931,9.9e-07,0.00023847
2025-12-22 20:00:00+00:00,11362.2255675,18.85296707,0.94112054,0.93971267,0.00081904,1.54e-06,0.00028144
2025-12-22 21:00:00+00:00,10946.141563,18.60458211,0.93883565,0.938217,0.00011344,3e-08,0.00022247
2025-12-22 22:00:00+00:00,10466.418915,18.45901131,0.93824609,0.93784593,4.139e-05,0.0,0.0001212
2025-12-22 23:00:00+00:00,10075.6650395,18.35686119,0.94111093,0.94085134,0.0,0.0,7.038e-05
2025-12-23 00:00:00+00:00,9874.7858235,18.18587178,0.94415115,0.94398131,0.0,0.0,5.215e-05
2025-12-23 01:00:00+00:00,9845.7774085,18.13862652,0.94461959,0.944393,0.0,0.0,6.371e-05
2025-12-23 02:00:00+00:00,9915.891683,17.94821708,0.94312694,0.94298215,0.0,0.0,4.206e-05
2025-12-23 03:00:00+00:00,10009.318632,17.86986659,0.94339181,0.94332007,0.0,0.0,1.621e-05
2025-12-23 04:00:00+00:00,10178.67468575,18.22393662,0.94460537,0.94352565,1.85e-06,0.00064159,3.09e-05
2025-12-23 05:00:00+00:00,10762.04006725,18.51759576,0.93739167,0.93548304,1.465e-05,0.00109299,4.315e-05
2025-12-23 06:00:00+00:00,11379.3011085,18.10073302,0.93482774,0.93456805,0.0,0.0,6.756e-05
2025-12-23 07:00:00+00:00,11846.459802,18.156735,0.93486764,0.93451436,4.525e-05,0.0,0.00010464
2025-12-23 08:00:00+00:00,12000.0392405,18.2647948,0.93664084,0.93570975,0.00065268,1.33e-06,0.00011577
2025-12-23 09:00:00+00:00,12058.10532275,18.06961974,0.93411328,0.93391191,7.49e-06,0.0,4.074e-05
2025-12-23 10:00:00+00:00,12269.42814075,18.0874208,0.93386172,0.93375799,0.0,0.0,7.27e-06
2025-12-23 11:00:00+00:00,12436.201056,18.04040711,0.93350604,0.93338954,0.0,0.0,1.142e-05
2025-12-23 12:00:00+00:00,12351.82156875,17.96782191,0.93374925,0.93365071,0.0,0.0,7.26e-06
2025-12-23 13:00:00+00:00,12443.36454475,17.88062649,0.9342261,0.9340849,1.96e-06,2.409e-05,1.61e-05
2025-12-23 14:00:00+00:00,12777.1876895,17.9213276,0.93451243,0.93423987,4.07e-06,1.301e-05,5.963e-05
2025-12-23 15:00:00+00:00,12770.129393,17.85095721,0.93388061,0.93362932,7.7e-07,0.0,5.48e-05
2025-12-23 16:00:00+00:00,12715.99071925,17.75966909,0.93466245,0.93442372,0.0,0.0,4.904e-05
2025-12-23 17:00:00+00:00,12608.87078775,17.77591544,0.9354395,0.93512065,4.586e-05,9e-08,7.952e-05
2025-12-23 18:00:00+00:00,12012.80055425,17.67971179,0.93651347,0.93633423,0.0,0.0,4.699e-05
2025-12-23 19:00:00+00:00,11717.101858,17.6560845,0.93846841,0.93826632,0.0,0.0,5.077e-05
2025-12-23 20:00:00+00:00,11467.838107,17.54874347,0.93890675,0.93872882,1.25e-06,1.877e-05,3.374e-05
2025-12-23 21:00:00+00:00,11341.4665775,17.55315205,0.94074531,0.94057135,1e-07,2.65e-06,4.179e-05
2025-12-23 22:00:00+00:00,11001.957407,17.60442145,0.94244411,0.94178081,1.34e-06,0.00032675,3.552e-05
2025-12-23 23:00:00+00:00,10512.5937605,17.1328975,0.95151745,0.95142891,0.0,0.0,1.896e-05
2025-12-24 00:00:00+00:00,10553.91039875,16.7521253,0.95736246,0.9573207,0.0,0.0,5.67e-06
2025-12-24 01:00:00+00:00,10448.3138295,16.51080127,0.95906256,0.95902888,0.0,0.0,8.4e-07
2025-12-24 02:00:00+00:00,10273.26613925,16.39169478,0.95813063,0.95810608,0.0,0.0,1e-08
2025-12-24 03:00:00+00:00,10059.0136395,16.29724829,0.9577863,0.9577486,0.0,0.0,3.07e-06
2025-12-24 04:00:00+00:00,10026.485139,16.19762721,0.95554485,0.95548411,0.0,0.0,9.89e-06
2025-12-24 05:00:00+00:00,10310.776529,16.1336659,0.95217083,0.95212681,0.0,0.0,5.68e-06
2025-12-24 06:00:00+00:00,10655.5491405,16.20279364,0.95174572,0.95169351,0.0,0.0,1.82e-06
2025-12-24 07:00:00+00:00,11133.96752125,16.24063354,0.95193654,0.95189583,0.0,0.0,3.89e-06
2025-12-24 08:00:00+00:00,11311.52512875,16.18732567,0.95145519,0.95137638,0.0,0.0,1.015e-05
2025-12-24 09:00:00+00:00,11576.076874,16.26566435,0.9511643,0.95096943,0.0,0.00013648,1.349e-05
2025-12-24 10:00:00+00:00,11765.4012705,16.24380296,0.94418501,0.94354664,0.0,0.00055733,4.374e-05
2025-12-24 11:00:00+00:00,11739.61929525,15.96558995,0.94569193,0.94562076,0.0,0.0,0.0
2025-12-24 12:00:00+00:00,11608.449673,15.91849324,0.94729998,0.94724115,0.0,0.0,0.0
2025-12-24 13:00:00+00:00,11526.98310075,15.83233056,0.94810055,0.94801621,1.53e-06,2.011e-05,1.7e-07
2025-12-24 14:00:00+00:00,11760.74026225,15.96185972,0.94847107,0.94825081,1.252e-05,8.22e-05,6e-07
2025-12-24 15:00:00+00:00,11707.481782,16.15048458,0.94844383,0.94796844,3.427e-05,0.00019913,1.36e-06
2025-12-24 16:00:00+00:00,11592.78131775,15.96021747,0.94973049,0.9496184,6.1e-07,3.32e-06,9.31e-06
2025-12-24 17:00:00+00:00,11255.33292925,15.86744873,0.95160728,0.951506,2.6e-07,2.24e-06,8.11e-06
2025-12-24 18:00:00+00:00,11161.78466375,15.79104953,0.95601545,0.95575939,3.2e-07,0.00019922,1.171e-05
2025-12-24 19:00:00+00:00,11016.86044575,15.75481875,0.95868115,0.95816413,1.2e-07,0.00045655,2.74e-05
2025-12-24 20:00:00+00:00,10799.0001185,15.58246662,0.95869977,0.95858969,1.5e-07,6.309e-05,3.64e-06
2025-12-24 21:00:00+00:00,10712.120626,15.68100792,0.9593095,0.95853073,9e-08,0.00071976,4.32e-05
2025-12-24 22:00:00+00:00,10507.72146575,15.56620266,0.96053507,0.95979562,1e-08,0.00070049,4.2e-05
2025-12-24 23:00:00+00:00,10338.67538075,15.36840961,0.96599998,0.96455475,0.0,0.00138006,8.344e-05
2025-12-25 00:00:00+00:00,10195.51957675,15.31529938,0.96587761,0.96392052,0.0,0.00189211,0.00011542
2025-12-25 01:00:00+00:00,9994.6469405,15.08749576,0.9654137,0.96385868,0.0,0.00149425,9.037e-05
2025-12-25 02:00:00+00:00,9970.03659825,15.39728468,0.96449327,0.96083935,0.0,0.00355895,0.00021463
2025-12-25 03:00:00+00:00,10010.655004,15.37445758,0.96427757,0.96055245,0.0,0.00362941,0.00021879
2025-12-25 04:00:00+00:00,10184.88357125,15.53628493,0.96535893,0.96031279,0.0,0.00492384,0.00029995
2025-12-25 05:00:00+00:00,10441.7819315,15.43937288,0.96455044,0.9593396,0.0,0.00508572,0.00030894
2025-12-25 06:00:00+00:00,10550.00279975,15.35526364,0.9641633,0.9594785,0.0,0.00454669,0.00027746
2025-12-25 07:00:00+00:00,10702.0127935,14.84468872,0.96349736,0.96124702,0.0,0.00211018,0.00012863
2025-12-25 08:00:00+00:00,10769.12233675,14.83320045,0.9628191,0.96085312,0.0,0.00188201,0.00011502
2025-12-25 09:00:00+00:00,10885.470577,14.97516518,0.96406851,0.96121847,0.0,0.00274361,0.00016768
2025-12-25 10:00:00+00:00,10989.35672,15.00812129,0.96510395,0.96246947,0.0,0.00250757,0.00015354
2025-12-25 11:00:00+00:00,10932.89057675,14.96013575,0.9655256,0.96330306,0.0,0.00210984,0.00012899
2025-12-25 12:00:00+00:00,10929.77268575,14.96993388,0.96306299,0.96089106,0.0,0.00206183,0.00012586
2025-12-25 13:00:00+00:00,11158.49564675,14.9650105,0.96460686,0.96207911,0.0,0.00243841,0.00014826
2025-12-25 14:00:00+00:00,11165.07205575,15.01034988,0.96511646,0.96260491,0.0,0.00240415,0.0001512
2025-12-25 15:00:00+00:00,11124.71757575,14.99190262,0.96515762,0.96286546,0.0,0.00210137,0.00014602
2025-12-25 16:00:00+00:00,10939.39574825,14.87821078,0.965477,0.96355135,0.0,0.00181055,0.00012021
2025-12-25 17:00:00+00:00,10612.4670895,14.9338619,0.96840052,0.96655381,0.0,0.00171571,0.0001179
2025-12-25 18:00:00+00:00,10552.78616,14.91088266,0.9657012,0.96365472,0.0,0.00196059,0.00012826
2025-12-25 19:00:00+00:00,10220.930426,14.87595715,0.96657352,0.96458479,0.0,0.00189861,0.00012315
2025-12-25 20:00:00+00:00,10077.18117225,14.85467752,0.96672881,0.96487595,0.0,0.00177727,0.00011402
2025-12-25 21:00:00+00:00,9960.99573625,14.99586187,0.96706814,0.96457914,0.0,0.00239931,0.00015556
2025-12-25 22:00:00+00:00,9670.1683545,14.94800427,0.96699654,0.96484514,0.0,0.00207894,0.00013899
2025-12-25 23:00:00+00:00,9377.35211,14.85886735,0.96737846,0.96539139,0.0,0.00190424,0.00013239
2025-12-26 00:00:00+00:00,9302.5435555,14.74700351,0.96812241,0.96666435,0.0,0.0013974,0.00010229
2025-12-26 01:00:00+00:00,9267.67679375,14.70956853,0.96841707,0.96713116,0.0,0.00122896,9.14e-05
2025-12-26 02:00:00+00:00,9225.5252265,14.69787018,0.96721671,0.96581304,0.0,0.00134338,0.00010041
2025-12-26 03:00:00+00:00,9035.17303075,14.83502791,0.96720025,0.96540438,0.0,0.00172564,0.00012807
2025-12-26 04:00:00+00:00,9122.12355725,14.8713753,0.96742677,0.96564356,0.0,0.0017132,0.00012822
2025-12-26 05:00:00+00:00,9576.89606275,14.99197228,0.9657167,0.96397198,0.0,0.00167698,0.0001235
2025-12-26 06:00:00+00:00,9614.6779055,15.12753962,0.96373958,0.96231313,0.0,0.00135047,9.854e-05
2025-12-26 07:00:00+00:00,9500.991491,15.19628373,0.96150319,0.96046528,0.0,0.00091362,6.675e-05
2025-12-26 08:00:00+00:00,10063.61741375,15.27460212,0.95575437,0.95538116,0.0,0.00031142,2.29e-05
2025-12-26 09:00:00+00:00,10134.089087,15.47480551,0.94752222,0.94700002,0.0,0.00044832,3.317e-05
2025-12-26 10:00:00+00:00,10351.67803075,15.69646472,0.94808809,0.94740294,0.0,0.00060575,4.497e-05
2025-12-26 11:00:00+00:00,10343.941469,15.96815259,0.9472116,0.94636539,0.0,0.00076313,5.642e-05
2025-12-26 12:00:00+00:00,10394.44412425,15.97973615,0.94691384,0.94639198,0.0,0.00045801,3.422e-05
2025-12-26 13:00:00+00:00,10564.69659225,15.93695324,0.94738953,0.94726193,0.0,8.525e-05,6.37e-06
2025-12-26 14:00:00+00:00,10872.5494945,15.99956636,0.9483402,0.94827811,0.0,3.308e-05,2.48e-06
2025-12-26 15:00:00+00:00,10943.84432225,15.93754165,0.94769251,0.94758982,0.0,0.0,0.0
2025-12-26 16:00:00+00:00,11196.59638425,15.96277433,0.94760311,0.94750597,0.0,0.0,6.24e-06
2025-12-26 17:00:00+00:00,10973.86937125,15.91743475,0.94762333,0.94745002,0.0,0.0,3.124e-05
2025-12-26 18:00:00+00:00,10533.43411225,15.86927743,0.94774035,0.94745942,0.0,0.0,4.141e-05
2025-12-26 19:00:00+00:00,10284.50036825,15.68266314,0.94962921,0.94952866,0.0,0.0,2.475e-05
2025-12-26 20:00:00+00:00,10116.90986425,15.50081528,0.95284918,0.95275532,0.0,5e-08,2.27e-05
2025-12-26 21:00:00+00:00,9922.35547875,15.21473238,0.95957808,0.95955024,0.0,0.0,0.0
2025-12-26 22:00:00+00:00,9553.740403,14.95804336,0.96640589,0.96638288,0.0,0.0,0.0
2025-12-26 23:00:00+00:00,9251.532637,14.64649885,0.97150804,0.97146069,0.0,0.0,0.0
2025-12-27 00:00:00+00:00,9383.2472375,14.51549704,0.9717128,0.97081703,0.0,0.00084889,6.592e-05
2025-12-27 01:00:00+00:00,9114.63367525,14.02159477,0.97096769,0.97074406,0.0,0.00019368,1.488e-05
2025-12-27 02:00:00+00:00,9022.486858,14.25403957,0.97094756,0.96963944,0.0,0.00124984,9.629e-05
2025-12-27 03:00:00+00:00,9083.17801525,14.27172847,0.97037771,0.9688132,0.0,0.00150109,0.00011534
2025-12-27 04:00:00+00:00,9055.5227505,13.84216669,0.96866231,0.96863599,0.0,0.0,0.0
2025-12-27 05:00:00+00:00,8909.391213,14.56468165,0.96706568,0.96294359,0.0,0.00399279,0.00030764
2025-12-27 06:00:00+00:00,9216.6486195,14.70953732,0.96767851,0.96321868,0.0,0.00430196,0.00033569
2025-12-27 07:00:00+00:00,9651.43228975,14.7394298,0.96869162,0.96453146,0.0,0.00394843,0.00031198
2025-12-27 08:00:00+00:00,10055.33857175,14.71234498,0.96945481,0.96594999,0.0,0.00336041,0.00026547
2025-12-27 09:00:00+00:00,10163.65439075,14.84404563,0.96974163,0.96607114,0.0,0.00351644,0.00027666
2025-12-27 10:00:00+00:00,10212.10467675,14.86218138,0.96958434,0.96606328,0.0,0.00336486,0.0002627
2025-12-27 11:00:00+00:00,10264.48713,14.76038464,0.96999691,0.96731491,0.0,0.00255863,0.00019985
2025-12-27 12:00:00+00:00,10506.54734325,14.40269177,0.97198815,0.97137338,0.0,0.00055115,4.277e-05
2025-12-27 13:00:00+00:00,10865.89281425,14.56879915,0.97280408,0.9716496,0.0,0.00109121,8.331e-05
2025-12-27 14:00:00+00:00,11137.1072475,14.77285995,0.97267467,0.97078329,0.0,0.00181686,0.00013702
2025-12-27 15:00:00+00:00,11464.79275325,14.8863642,0.97313457,0.97110564,0.0,0.00188262,0.00013586
2025-12-27 16:00:00+00:00,11217.09405925,15.0716388,0.97376256,0.97238879,0.0,0.00127945,9.65e-05
2025-12-27 17:00:00+00:00,11077.72630825,15.12846691,0.97410862,0.97283434,0.0,0.00116135,8.743e-05
2025-12-27 18:00:00+00:00,10987.76440325,15.0639959,0.97316819,0.97203243,0.0,0.00094789,7.55e-05
2025-12-27 19:00:00+00:00,10619.7444645,14.78056501,0.97323342,0.97270791,0.0,0.00048365,4.019e-05
2025-12-27 20:00:00+00:00,10310.2738395,14.71548516,0.97306279,0.97246244,0.0,0.00055608,4.614e-05
2025-12-27 21:00:00+00:00,10129.894818,14.58940729,0.97286571,0.97226996,0.0,0.00054491,4.681e-05
2025-12-27 22:00:00+00:00,9978.546086,14.76276617,0.97215104,0.97076384,0.0,0.00132344,0.00011732
2025-12-27 23:00:00+00:00,9662.38452525,14.32522539,0.97111217,0.96985573,0.0,0.00118477,0.00010595
2025-12-28 00:00:00+00:00,9497.887937,14.31659142,0.97108881,0.96944916,0.0,0.00157195,0.00013135
2025-12-28 01:00:00+00:00,9198.509125,14.2622138,0.97087607,0.9693998,0.0,0.00141426,0.00011214
2025-12-28 02:00:00+00:00,9000.82974925,14.32322707,0.97021154,0.96881028,0.0,0.00134219,0.00010474
2025-12-28 03:00:00+00:00,9074.800285,14.49129348,0.97007375,0.96856472,0.0,0.00144867,0.00011352
2025-12-28 04:00:00+00:00,9480.76652275,14.6653648,0.97088046,0.96987705,0.0,0.0009556,7.563e-05
2025-12-28 05:00:00+00:00,9896.004638,14.9583782,0.97242444,0.97133153,0.0,0.00104439,8.105e-05
2025-12-28 06:00:00+00:00,10200.937359,14.77792016,0.97321024,0.97302261,0.0,0.00014407,1.117e-05
2025-12-28 07:00:00+00:00,10430.62747525,14.76955358,0.97183563,0.97173777,0.0,0.0,0.0
2025-12-28 08:00:00+00:00,10595.36839725,14.75346295,0.96991411,0.9698675,0.0,0.0,0.0
2025-12-28 09:00:00+00:00,10697.416395,14.78174363,0.96883637,0.96878394,0.0,0.0,0.0
2025-12-28 10:00:00+00:00,10740.236166,14.77298195,0.96391169,0.96384626,0.0,0.0,0.0
2025-12-28 11:00:00+00:00,10948.4620865,14.88094592,0.96361295,0.96356172,0.0,0.0,0.0
2025-12-28 12:00:00+00:00,11041.49846325,14.85414331,0.96395968,0.96391453,0.0,0.0,0.0
2025-12-28 13:00:00+00:00,11255.62078625,14.75206766,0.96473039,0.96469192,0.0,0.0,0.0
2025-12-28 14:00:00+00:00,11466.2745285,14.80014125,0.96349291,0.9634659,0.0,0.0,0.0
2025-12-28 15:00:00+00:00,11545.08522575,14.87491812,0.96104401,0.9609462,0.0,0.0,0.0
2025-12-28 16:00:00+00:00,11488.01423275,14.79256799,0.9631785,0.96311845,0.0,0.0,0.0
2025-12-28 17:00:00+00:00,11413.5529835,14.84004782,0.95892519,0.95884171,0.0,0.0,0.0
2025-12-28 18:00:00+00:00,11283.58460425,14.88637242,0.96146441,0.96130808,0.0,0.0,0.0
2025-12-28 19:00:00+00:00,11139.64125225,14.77495037,0.96344582,0.96341866,0.0,0.0,0.0
2025-12-28 20:00:00+00:00,10690.11459575,14.59042822,0.96931757,0.96928957,0.0,0.0,0.0
2025-12-28 21:00:00+00:00,10301.12402375,14.46335769,0.97309226,0.97302216,0.0,4.07e-05,3.21e-06
2025-12-28 22:00:00+00:00,10131.83105225,14.40078186,0.97163787,0.97161386,0.0,0.0,0.0
2025-12-28 23:00:00+00:00,9749.565225,14.51188677,0.97087402,0.96852705,0.0,0.00225003,0.00018162
2025-12-29 00:00:00+00:00,9466.82533725,14.5078658,0.96958337,0.96639521,0.0,0.00308098,0.00024978
2025-12-29 01:00:00+00:00,9459.30931225,14.41159882,0.96852106,0.96539068,0.0,0.00302425,0.00024607
2025-12-29 02:00:00+00:00,9466.4301,14.40490072,0.96931725,0.96624587,0.0,0.00296453,0.00023741
2025-12-29 03:00:00+00:00,9727.94444975,14.52692298,0.96860245,0.9653274,0.0,0.00316066,0.00025251
2025-12-29 04:00:00+00:00,9987.2227905,14.68237893,0.96717451,0.963743,0.0,0.00332031,0.00026224
2025-12-29 05:00:00+00:00,10564.8823235,14.59973436,0.96522396,0.96250201,0.0,0.00262513,0.00020562
2025-12-29 06:00:00+00:00,11452.55963525,14.42068319,0.96614805,0.96612069,0.0,0.0,0.0
2025-12-29 07:00:00+00:00,12015.15859325,14.59783886,0.96406876,0.96398056,0.0,0.0,0.0
2025-12-29 08:00:00+00:00,12086.6235515,14.7083749,0.96462653,0.96459086,0.0,0.0,0.0
2025-12-29 09:00:00+00:00,12003.31496725,14.77721606,0.96567906,0.9656325,0.0,0.0,0.0
2025-12-29 10:00:00+00:00,11864.238138,14.82402186,0.96366578,0.96360888,0.0,0.0,0.0
2025-12-29 11:00:00+00:00,12020.79042475,14.71630891,0.96448549,0.96443345,0.0,0.0,0.0
2025-12-29 12:00:00+00:00,12271.3855585,14.72315097,0.96693961,0.96689329,0.0,0.0,0.0
2025-12-29 13:00:00+00:00,12420.95574575,14.71816144,0.96701597,0.9669855,0.0,0.0,0.0
2025-12-29 14:00:00+00:00,12843.85941325,14.75638738,0.96639012,0.9663651,0.0,0.0,0.0
2025-12-29 15:00:00+00:00,12791.321612,14.8327847,0.96577613,0.96568086,0.0,0.0,0.0
2025-12-29 16:00:00+00:00,12870.5089595,14.82315317,0.96598132,0.96589145,0.0,0.0,0.0
2025-12-29 17:00:00+00:00,12776.70415375,14.67735962,0.96673846,0.96668341,0.0,0.0,0.0
2025-12-29 18:00:00+00:00,12509.60124625,14.55124032,0.96806249,0.96792114,0.0,0.0,0.0
2025-12-29 19:00:00+00:00,12153.94293225,14.33318698,0.96958302,0.96955677,0.0,0.0,0.0
2025-12-29 20:00:00+00:00,11869.08025025,14.32856699,0.97112631,0.97095155,0.0,0.00014531,8.88e-06
2025-12-29 21:00:00+00:00,11652.93930575,14.36811117,0.97233242,0.97157283,0.0,0.00071306,4.342e-05
2025-12-29 22:00:00+00:00,11345.264151,14.41229734,0.97344019,0.97252998,0.0,0.00086536,5.225e-05
2025-12-29 23:00:00+00:00,11064.9969355,14.21496764,0.97514559,0.97488298,0.0,0.00022319,1.381e-05
2025-12-30 00:00:00+00:00,11009.39321025,14.15486052,0.97516718,0.97512098,0.0,2.25e-05,1.39e-06
2025-12-30 01:00:00+00:00,10878.08572825,14.13295678,0.97494824,0.97490299,0.0,2.144e-05,1.3e-06
2025-12-30 02:00:00+00:00,10676.332085,14.71473199,0.97319426,0.96957919,0.0,0.00351236,0.00021264
2025-12-30 03:00:00+00:00,10682.32792375,14.76581553,0.9720672,0.96782671,0.0,0.00413029,0.00025021
2025-12-30 04:00:00+00:00,10968.39971925,14.07664418,0.97513077,0.97510738,0.0,0.0,0.0
2025-12-30 05:00:00+00:00,11466.02151175,14.31535179,0.97338964,0.97332178,0.0,4.447e-05,2.69e-06
2025-12-30 06:00:00+00:00,12043.39919925,14.46329829,0.96993969,0.96990218,0.0,0.0,0.0
2025-12-30 07:00:00+00:00,12275.134634,14.73931177,0.96809512,0.96800462,0.0,0.0,0.0
2025-12-30 08:00:00+00:00,12560.8343885,15.06289905,0.96727777,0.9661565,0.0,0.001058,6.092e-05
2025-12-30 09:00:00+00:00,12626.92819,15.31744714,0.9662934,0.96483562,0.0,0.00135547,7.762e-05
2025-12-30 10:00:00+00:00,12558.69554125,15.32950762,0.96602981,0.96530761,0.0,0.00060895,3.469e-05
2025-12-30 11:00:00+00:00,12522.43750775,15.55254015,0.96575436,0.96565913,0.0,1.743e-05,9.8e-07
2025-12-30 12:00:00+00:00,12477.1583335,15.78489892,0.96521122,0.96514562,0.0,0.0,0.0
2025-12-30 13:00:00+00:00,12740.22729625,16.02637771,0.96098739,0.96093892,0.0,0.0,0.0
2025-12-30 14:00:00+00:00,12908.34358075,16.2077135,0.95901486,0.95897164,0.0,0.0,0.0
2025-12-30 15:00:00+00:00,12862.20316575,16.49250349,0.95640203,0.95625772,0.0,0.0,9.87e-06
2025-12-30 16:00:00+00:00,13067.660505,16.60478985,0.94970951,0.94955297,1.268e-05,0.0,2.287e-05
2025-12-30 17:00:00+00:00,13046.57026375,16.78870658,0.94875729,0.94860105,8.43e-06,0.0,2.91e-05
2025-12-30 18:00:00+00:00,12687.579833,16.93313736,0.94855597,0.94834802,0.0,0.0,1.146e-05
2025-12-30 19:00:00+00:00,12291.4052805,17.01627539,0.94723785,0.9470331,2.639e-05,0.0,5.649e-05
2025-12-30 20:00:00+00:00,11900.1539635,17.15899817,0.94677554,0.94651194,4.726e-05,0.0,7.43e-05
2025-12-30 21:00:00+00:00,11404.51769325,17.22715352,0.94979911,0.94946254,7.084e-05,0.0,9.676e-05
2025-12-30 22:00:00+00:00,11109.870331,17.28358079,0.95405037,0.95360706,0.00011098,0.0,0.00011872
2025-12-30 23:00:00+00:00,10729.2085575,16.96737898,0.95251973,0.95239644,0.0,0.0,2.406e-05
2025-12-31 00:00:00+00:00,10731.07810425,16.87648904,0.95173891,0.95170374,0.0,0.0,3.94e-06
2025-12-31 01:00:00+00:00,10667.75564975,16.88052378,0.95173697,0.95168438,0.0,0.0,9.93e-06
2025-12-31 02:00:00+00:00,10542.3329525,16.87026506,0.95077713,0.95069666,0.0,0.0,1.299e-05
2025-12-31 03:00:00+00:00,10557.59729325,16.96155719,0.95021233,0.95011651,0.0,0.0,2.262e-05
2025-12-31 04:00:00+00:00,10595.415882,17.16482356,0.95010708,0.94999902,0.0,0.0,2.22e-05
2025-12-31 05:00:00+00:00,10870.137149,17.3247633,0.94415636,0.9440019,0.0,0.0,3.024e-05
2025-12-31 06:00:00+00:00,11148.91116475,17.73034774,0.94011247,0.93944721,0.00041435,6.08e-06,6.82e-05
2025-12-31 07:00:00+00:00,11418.90415275,18.13177204,0.93917965,0.93743003,0.00139394,1.757e-05,0.00011607
2025-12-31 08:00:00+00:00,11620.72779325,18.33922827,0.93862594,0.93615497,0.00212262,0.0,0.0001415
2025-12-31 09:00:00+00:00,11782.43922725,18.53283767,0.93746714,0.93478688,0.00233123,0.0,0.00013636
2025-12-31 10:00:00+00:00,11907.5477375,19.33716275,0.93578366,0.93171843,0.0021384,0.00075065,0.00014866
2025-12-31 11:00:00+00:00,11826.796505,19.42022581,0.93675477,0.93277014,0.00191253,0.00076939,0.00016619
2025-12-31 12:00:00+00:00,11845.800943,19.07821143,0.93579841,0.93265508,0.0018914,0.00039256,0.00016627
2025-12-31 13:00:00+00:00,12119.142424,18.80731015,0.93543862,0.93231604,0.00258986,4.691e-05,0.00018208
2025-12-31 14:00:00+00:00,12633.918284,18.80352726,0.93677698,0.93339374,0.00292843,0.0,0.00021591
2025-12-31 15:00:00+00:00,12898.252746,18.57900041,0.93857215,0.93521429,0.00294662,0.0,0.0001612
2025-12-31 16:00:00+00:00,12831.670331,18.34178713,0.94045058,0.93718292,0.00288193,0.0,0.00012511
2025-12-31 17:00:00+00:00,12528.87951275,17.85340303,0.94181982,0.93901216,0.00251811,0.0,8.965e-05
2025-12-31 18:00:00+00:00,12106.569595,17.08613571,0.94038208,0.93939842,0.00068448,0.0,4.005e-05
2025-12-31 19:00:00+00:00,11655.26751225,16.48618335,0.94071331,0.94062895,0.0,0.0,1.182e-05
2025-12-31 20:00:00+00:00,11318.53948525,16.18325851,0.94400368,0.94396446,0.0,0.0,0.0
2025-12-31 21:00:00+00:00,11024.508419,16.07794028,0.94893962,0.94888415,0.0,0.0,0.0
2025-12-31 22:00:00+00:00,10735.8676095,15.84958254,0.95230492,0.95226037,0.0,0.0,0.0
2025-12-31 23:00:00+00:00,10522.8980045,15.69153508,0.96587497,0.96582943,0.0,0.0,0.0
