datetime_utc,consumption_mw,ci_lifecycle_gco2eq_per_kwh,included_share_lifecycle,carbon_free_share,share_hydro_pumped_storage,share_biomass,share_other_renewable
2025-01-01 00:00:00+00:00,2085.46,52.97265576,0.94213138,0.86521335,0.00050969,0.02513086,0.00048256
2025-01-01 01:00:00+00:00,2045.405,75.17899356,0.93044717,0.83412538,4.98e-06,0.013894,0.00075015
2025-01-01 02:00:00+00:00,2006.79,90.55141058,0.92571071,0.80913478,0.00031753,0.01432778,0.00086995
2025-01-01 03:00:00+00:00,1981.175,101.26042127,0.92031827,0.77954588,0.00657936,0.01445961,0.00087346
2025-01-01 04:00:00+00:00,1968.905,93.69889254,0.92362318,0.80289022,0.00059508,0.01409421,0.00087978
2025-01-01 05:00:00+00:00,1994.87,93.6469715,0.92693042,0.80383232,0.00018132,0.01784195,0.00083427
2025-01-01 06:00:00+00:00,1954.97,90.80360302,0.92902684,0.80351338,0.00043279,0.02514314,0.00080379
2025-01-01 07:00:00+00:00,2059.705,86.69449487,0.93013479,0.81503548,0.00016668,0.02028505,0.00083072
2025-01-01 08:00:00+00:00,2122.585,87.83028825,0.93285036,0.81720512,0.00011748,0.02023574,0.00079961
2025-01-01 09:00:00+00:00,2224.86,85.41755653,0.9373955,0.8230645,6.648e-05,0.02391471,0.00073262
2025-01-01 10:00:00+00:00,2297.065,85.73752713,0.93674731,0.82189379,0.00014673,0.02458341,0.00074149
2025-01-01 11:00:00+00:00,2339.895,90.38987112,0.93123715,0.81611061,0.00014775,0.01808442,0.00079245
2025-01-01 12:00:00+00:00,2424.105,89.39225063,0.93337518,0.81228427,0.00130798,0.02461953,0.00073784
2025-01-01 13:00:00+00:00,2762.285,75.66050595,0.93831096,0.83148531,0.00080131,0.0285254,0.00066035
2025-01-01 14:00:00+00:00,2826.005,50.44878507,0.93958582,0.87382081,0.00068302,0.01870439,0.00044087
2025-01-01 15:00:00+00:00,2806.65,42.13905206,0.94543126,0.88170425,0.00137559,0.02829431,0.00031035
2025-01-01 16:00:00+00:00,2768.19,33.86516122,0.94707142,0.9040957,0.0010336,0.01679544,0.00025429
2025-01-01 17:00:00+00:00,2522.36,40.01136055,0.95026677,0.89263005,0.0016221,0.02317735,0.00029793
2025-01-01 18:00:00+00:00,2416.45,35.13284821,0.94936023,0.8999716,0.00138543,0.02150135,0.00029239
2025-01-01 19:00:00+00:00,2247.545,34.42206719,0.9479968,0.90428045,0.00130429,0.01569732,0.00032066
2025-01-01 20:00:00+00:00,2150.695,56.98566136,0.93713417,0.8656837,0.00167049,0.01279175,0.00056179
2025-01-01 21:00:00+00:00,2128.755,60.78833177,0.93729196,0.87227023,0.00021558,0.00288034,0.00046265
2025-01-01 22:00:00+00:00,2225.42,82.93613514,0.92515238,0.82946292,0.00015398,0.00390228,0.00068553
2025-01-01 23:00:00+00:00,2491.35,86.31073238,0.91919973,0.81332624,0.00172962,0.01110805,0.00083291
2025-01-02 00:00:00+00:00,2516.56,96.83963761,0.91339132,0.79138163,0.00154721,0.01466179,0.00096173
2025-01-02 01:00:00+00:00,2514.08,114.89286265,0.90174729,0.75415114,0.00158418,0.01706237,0.00111172
2025-01-02 02:00:00+00:00,2511.3,101.39960865,0.91400403,0.79149109,0.00029353,0.00612708,0.00081499
2025-01-02 03:00:00+00:00,2556.575,79.35822468,0.91763053,0.82755285,4.86e-05,0.00392287,0.00061584
2025-01-02 04:00:00+00:00,2654.06,60.66747601,0.9199611,0.85717827,4.404e-05,0.00257085,0.00046168
2025-01-02 05:00:00+00:00,2865.305,52.7965891,0.91291649,0.86291251,8.234e-05,0.00181274,0.00039142
2025-01-02 06:00:00+00:00,3152.585,48.39542439,0.89978571,0.85621123,0.00073105,0.00150319,0.00035208
2025-01-02 07:00:00+00:00,3241.46,54.71148517,0.88681406,0.8360856,0.00088031,0.00159208,0.00037934
2025-01-02 08:00:00+00:00,3209.2,52.91374151,0.88647449,0.83867473,0.00035286,0.00131908,0.00036508
2025-01-02 09:00:00+00:00,3225.42,52.37741484,0.88320476,0.83730648,9.002e-05,0.00122878,0.00036183
2025-01-02 10:00:00+00:00,3221.275,51.06595851,0.88606911,0.84175883,6.814e-05,0.00129285,0.00034139
2025-01-02 11:00:00+00:00,3156.475,42.43826187,0.89219263,0.85847196,5.923e-05,0.00103249,0.00027892
2025-01-02 12:00:00+00:00,3066.04,24.13733774,0.90040787,0.8894185,0.00043346,0.00028302,0.00012175
2025-01-02 13:00:00+00:00,3088.395,15.61882286,0.90821544,0.90763623,0.0004362,0.0,5.604e-05
2025-01-02 14:00:00+00:00,3327.675,15.51553292,0.91255268,0.91177735,0.00059251,1.42e-06,6.558e-05
2025-01-02 15:00:00+00:00,3414.525,15.23519793,0.91045799,0.91011408,0.00024206,0.0,4.111e-05
2025-01-02 16:00:00+00:00,3243.86,15.10761365,0.90696785,0.90684429,3.786e-05,2.1e-07,2.726e-05
2025-01-02 17:00:00+00:00,3121.92,15.03694207,0.90797368,0.90777159,2.411e-05,7.798e-05,2.235e-05
2025-01-02 18:00:00+00:00,3118.605,15.5493682,0.91905496,0.91777562,0.00046487,0.00051586,6.254e-05
2025-01-02 19:00:00+00:00,3023.8,15.29306011,0.91899668,0.91851768,0.00037362,0.0,2.481e-05
2025-01-02 20:00:00+00:00,2912.035,15.46991075,0.92380631,0.92339584,0.00030327,0.0,3.539e-05
2025-01-02 21:00:00+00:00,2865.485,15.54832754,0.93005336,0.92969889,0.00023928,0.0,3.257e-05
2025-01-02 22:00:00+00:00,2878.76,15.73142054,0.9330681,0.93259771,0.00023052,0.0,6.102e-05
2025-01-02 23:00:00+00:00,2819.755,15.68128652,0.94324494,0.94275913,0.00019647,0.0,5.383e-05
2025-01-03 00:00:00+00:00,2913.375,15.6682602,0.94306377,0.94284494,7.89e-06,0.0,3.32e-05
2025-01-03 01:00:00+00:00,2841.075,15.62724494,0.94225067,0.94209663,0.0,0.0,1.943e-05
2025-01-03 02:00:00+00:00,2781.35,16.25039981,0.94224802,0.94046914,0.00011078,0.00083469,2.261e-05
2025-01-03 03:00:00+00:00,2828.955,16.74422724,0.94332528,0.94086507,7.19e-05,0.00122399,3.492e-05
2025-01-03 04:00:00+00:00,2807.545,16.82281284,0.94286063,0.94032354,6.902e-05,0.00124843,5.661e-05
2025-01-03 05:00:00+00:00,2983.725,16.44922859,0.93783752,0.93649493,5.325e-05,0.00053493,5.869e-05
2025-01-03 06:00:00+00:00,3156.855,16.0117171,0.92794348,0.92700752,0.00064629,0.0,6.556e-05
2025-01-03 07:00:00+00:00,3176.62,15.67636446,0.92222021,0.92139172,0.00061183,0.0,5.284e-05
2025-01-03 08:00:00+00:00,3140.31,19.50275156,0.91627794,0.90449492,1.994e-05,0.00815733,1.032e-05
2025-01-03 09:00:00+00:00,3328.915,15.30329901,0.91639001,0.91628392,4.41e-06,0.0,1.511e-05
2025-01-03 10:00:00+00:00,3280.82,15.43558581,0.91662009,0.91658369,0.0,0.0,2.45e-06
2025-01-03 11:00:00+00:00,3541.79,17.87275175,0.9217266,0.91468969,0.00026262,0.0048373,2.8e-06
2025-01-03 12:00:00+00:00,3453.33,20.08229086,0.92245317,0.90888507,6.881e-05,0.00983063,1.64e-06
2025-01-03 13:00:00+00:00,3335.38,14.80270785,0.92079889,0.92078153,0.0,0.0,0.0
2025-01-03 14:00:00+00:00,3429.405,15.80622352,0.91844227,0.91549952,3.668e-05,0.00190296,1.398e-05
2025-01-03 15:00:00+00:00,3599.48,14.61980003,0.91904002,0.91902469,0.0,0.0,0.0
2025-01-03 16:00:00+00:00,3683.02,31.67271054,0.90908581,0.88552561,0.00168798,0.00068944,0.00014122
2025-01-03 17:00:00+00:00,3558.45,34.8277856,0.90954836,0.88185694,0.00147916,0.00127798,0.00017218
2025-01-03 18:00:00+00:00,3343.025,22.68223958,0.91445644,0.90408093,6.934e-05,0.00031645,7.717e-05
2025-01-03 19:00:00+00:00,3179.64,19.47319469,0.91901586,0.91284117,0.00015334,0.00020119,5.916e-05
2025-01-03 20:00:00+00:00,2951.265,15.07512149,0.92867631,0.92805944,0.00049913,2.12e-06,4.083e-05
2025-01-03 21:00:00+00:00,3008.27,15.41650071,0.93445178,0.93291044,0.00132406,3.31e-06,6.578e-05
2025-01-03 22:00:00+00:00,3019.035,15.31667923,0.9339921,0.9326895,0.00108388,3.04e-06,7.316e-05
2025-01-03 23:00:00+00:00,2982.37,15.07091833,0.93000174,0.92895917,0.0007544,2.9e-06,6.868e-05
2025-01-04 00:00:00+00:00,2959.26,14.96946519,0.93038011,0.92965722,0.00048521,3.03e-06,8.245e-05
2025-01-04 01:00:00+00:00,2937.62,14.86451829,0.93079365,0.93048229,9.115e-05,3.17e-06,8.23e-05
2025-01-04 02:00:00+00:00,3007.89,14.87667206,0.93213001,0.93181261,9.417e-05,3.1e-06,8.646e-05
2025-01-04 03:00:00+00:00,3151.655,15.00978077,0.93411681,0.93349256,0.0003564,2.18e-06,9.805e-05
2025-01-04 04:00:00+00:00,3172.865,15.07310504,0.93101956,0.93047038,0.00028241,2.86e-06,9.592e-05
2025-01-04 05:00:00+00:00,3208.235,15.15688746,0.92908572,0.92851488,0.00037781,2.89e-06,6.968e-05
2025-01-04 06:00:00+00:00,3170.515,15.02195719,0.92475681,0.92461067,1.92e-06,2.59e-06,2.047e-05
2025-01-04 07:00:00+00:00,3122.465,14.95060026,0.91810048,0.91798943,0.0,1.78e-06,1.344e-05
2025-01-04 08:00:00+00:00,3192.2,15.11881961,0.91908055,0.91891069,0.0,1.03e-06,2.279e-05
2025-01-04 09:00:00+00:00,3163.715,15.37019971,0.91882724,0.91858915,8.03e-06,0.0,3.675e-05
2025-01-04 10:00:00+00:00,3109.605,15.63518726,0.9180321,0.91778908,0.0,0.0,3.174e-05
2025-01-04 11:00:00+00:00,3083.63,16.21559674,0.9126776,0.91100264,0.0,0.00088474,7.803e-05
2025-01-04 12:00:00+00:00,3107.75,16.393909,0.91274783,0.91062375,0.0,0.00116037,9.279e-05
2025-01-04 13:00:00+00:00,3172.125,16.16054405,0.91238476,0.91091963,3.234e-05,0.00074453,9.177e-05
2025-01-04 14:00:00+00:00,3155.505,16.4549481,0.90760881,0.90551314,1.303e-05,0.0011689,9.444e-05
2025-01-04 15:00:00+00:00,3350.23,17.05585046,0.90227423,0.89871507,5.411e-05,0.0020511,0.00017087
2025-01-04 16:00:00+00:00,3429.68,17.40105573,0.90108827,0.89681003,5.086e-05,0.00249938,0.00018998
2025-01-04 17:00:00+00:00,3382.26,19.81053601,0.90251707,0.89180172,0.00283328,0.00286117,0.00021378
2025-01-04 18:00:00+00:00,3261.54,18.35708012,0.90537336,0.89941835,7.801e-05,0.00353046,0.00026333
2025-01-04 19:00:00+00:00,3095.65,18.13928876,0.90830384,0.9030908,0.00021864,0.00304552,0.00023789
2025-01-04 20:00:00+00:00,2971.065,17.29356446,0.91324215,0.91015882,0.00071687,0.00141489,0.00017792
2025-01-04 21:00:00+00:00,2994.25,16.75341918,0.917449,0.9163016,0.00068713,0.0,0.00014378
2025-01-04 22:00:00+00:00,2976.44,16.90824408,0.92210129,0.92060971,0.00098066,0.0,0.00016598
2025-01-04 23:00:00+00:00,2900.755,17.11723885,0.92764364,0.92638897,0.00072516,0.0,0.00015181
2025-01-05 00:00:00+00:00,2823.85,17.19978509,0.92843813,0.9270911,0.00081081,0.0,0.00018457
2025-01-05 01:00:00+00:00,2781.455,17.3259673,0.92929368,0.92785878,0.00089411,0.0,0.00018554
2025-01-05 02:00:00+00:00,2755.01,17.52643773,0.92899186,0.92729758,0.00111694,0.0,0.00021287
2025-01-05 03:00:00+00:00,2728.4,17.71336434,0.92848904,0.92659411,0.00124561,0.0,0.00023615
2025-01-05 04:00:00+00:00,2800.58,18.05001374,0.92629609,0.92410842,0.00153081,0.0,0.00023829
2025-01-05 05:00:00+00:00,2894.275,18.31720428,0.92489907,0.92235634,0.00190086,0.0,0.00022779
2025-01-05 06:00:00+00:00,2977.0,18.36973243,0.91764019,0.91488723,0.00215588,0.0,0.00021348
2025-01-05 07:00:00+00:00,3039.41,18.50278852,0.90578793,0.90356001,0.00165689,0.0,0.00019819
2025-01-05 08:00:00+00:00,3117.085,52.09781186,0.89157772,0.81693578,0.00156264,0.0383255,0.00027173
2025-01-05 09:00:00+00:00,3160.78,54.85978077,0.89093511,0.81127111,0.00174431,0.0399223,0.00027471
2025-01-05 10:00:00+00:00,3184.13,59.67981996,0.89003642,0.80080692,0.00237408,0.04333079,0.00027872
2025-01-05 11:00:00+00:00,3217.43,57.9671199,0.89130556,0.80526498,0.00264369,0.04167166,0.00028001
2025-01-05 12:00:00+00:00,3181.53,57.06358834,0.89249583,0.80456946,0.00268438,0.04572722,0.0002801
2025-01-05 13:00:00+00:00,3215.855,54.10194514,0.89412845,0.81443495,0.00204568,0.04067825,0.00025925
2025-01-05 14:00:00+00:00,3289.11,60.43449218,0.89006354,0.79737884,0.00116331,0.04414711,0.00035419
2025-01-05 15:00:00+00:00,3448.68,58.27180677,0.89600987,0.80660368,0.00148161,0.04198424,0.00033668
2025-01-05 16:00:00+00:00,3482.61,39.54662062,0.90597358,0.85745321,0.00132835,0.02379343,0.00015587
2025-01-05 17:00:00+00:00,3366.09,21.49317797,0.90507879,0.89609105,0.00068734,0.003606,0.00011403
2025-01-05 18:00:00+00:00,3291.78,32.21497018,0.91363331,0.87975517,0.00038869,0.01849617,9.248e-05
2025-01-05 19:00:00+00:00,3297.775,44.00427193,0.92710167,0.86346845,0.00030707,0.03692311,8.491e-05
2025-01-05 20:00:00+00:00,3139.365,41.22961116,0.94624255,0.88714201,0.00037158,0.03482375,6.895e-05
2025-01-05 21:00:00+00:00,3042.525,20.94021902,0.94860322,0.93754665,0.00037519,0.0061079,7.989e-05
2025-01-05 22:00:00+00:00,2990.895,41.85554389,0.95280856,0.88993342,1.966e-05,0.03761685,2.926e-05
2025-01-05 23:00:00+00:00,2799.345,39.46596933,0.95447468,0.89360692,5.329e-05,0.03859346,5.442e-05
2025-01-06 00:00:00+00:00,2734.89,46.4012794,0.94795931,0.86616328,0.00091013,0.04822051,0.00028627
2025-01-06 01:00:00+00:00,2755.43,39.24661058,0.9478827,0.8843903,0.00050244,0.03648967,0.00031065
2025-01-06 02:00:00+00:00,2776.83,32.68708802,0.95006837,0.90620879,1.388e-05,0.02267377,0.00027723
2025-01-06 03:00:00+00:00,2742.025,33.26837864,0.94948621,0.90381099,7.667e-05,0.02351571,0.00028243
2025-01-06 04:00:00+00:00,2915.74,28.01743883,0.95556404,0.92020991,3.131e-05,0.021817,0.00011957
2025-01-06 05:00:00+00:00,2946.29,24.76923208,0.95557882,0.9283624,2.636e-05,0.01836387,4.382e-05
2025-01-06 06:00:00+00:00,2945.505,15.95570869,0.95253266,0.95217372,5.114e-05,0.0,6.707e-05
2025-01-06 07:00:00+00:00,2982.585,16.11674644,0.95269635,0.95196336,0.00036482,9.88e-06,7.952e-05
2025-01-06 08:00:00+00:00,3071.62,15.92888292,0.95168242,0.95107652,0.00027421,9.38e-06,7.32e-05
2025-01-06 09:00:00+00:00,3161.54,15.88985426,0.95262998,0.95191781,0.00035571,1.436e-05,8.107e-05
2025-01-06 10:00:00+00:00,3261.945,15.86296804,0.95009895,0.94969445,8.3e-05,4.2e-07,8.012e-05
2025-01-06 11:00:00+00:00,3337.725,15.84797493,0.94890381,0.94853211,6.313e-05,0.0,7.235e-05
2025-01-06 12:00:00+00:00,3245.565,20.78689647,0.94705059,0.93518717,6.006e-05,0.00650676,6.587e-05
2025-01-06 13:00:00+00:00,3251.33,29.56431748,0.94824038,0.91609967,6.765e-05,0.01767232,8.222e-05
2025-01-06 14:00:00+00:00,3229.91,18.56789013,0.9463339,0.93935694,7.518e-05,0.0037569,5.593e-05
2025-01-06 15:00:00+00:00,3285.635,15.93581743,0.94860906,0.94824453,5.823e-05,0.0,7.16e-05
2025-01-06 16:00:00+00:00,3283.84,16.24422964,0.94809464,0.94725561,0.00037588,1.939e-05,0.00011025
2025-01-06 17:00:00+00:00,3282.135,15.88461911,0.94772568,0.94708113,0.00024077,3.84e-06,0.00010283
2025-01-06 18:00:00+00:00,3132.05,15.71849845,0.9527164,0.95211379,0.00020393,5.48e-06,0.00010159
2025-01-06 19:00:00+00:00,3037.07,15.38791022,0.95577912,0.95539129,6.466e-05,0.0,7.657e-05
2025-01-06 20:00:00+00:00,2747.4,14.73878409,0.95792843,0.95771151,1.32e-05,0.0,2.072e-05
2025-01-06 21:00:00+00:00,2594.08,14.50913913,0.96226269,0.96210557,0.0,0.0,7.16e-06
2025-01-06 22:00:00+00:00,2576.215,14.26763151,0.96406187,0.96391315,0.0,0.0,7.57e-06
2025-01-06 23:00:00+00:00,2555.22,14.24137617,0.9666087,0.96638821,0.0,0.0,7.83e-06
2025-01-07 00:00:00+00:00,2576.26,14.05753032,0.96697222,0.96680227,0.0,0.0,9.3e-06
2025-01-07 01:00:00+00:00,2561.02,14.08112532,0.96768086,0.96747067,3.8e-07,0.0,1.221e-05
2025-01-07 02:00:00+00:00,2556.665,13.98617137,0.96682544,0.96663125,2.31e-06,0.0,1.176e-05
2025-01-07 03:00:00+00:00,2561.265,13.9947313,0.96706532,0.9668609,2.83e-06,0.0,1.304e-05
2025-01-07 04:00:00+00:00,2664.925,14.14587474,0.96584191,0.96559171,1.871e-05,0.0,2.255e-05
2025-01-07 05:00:00+00:00,2919.405,14.34086361,0.96281999,0.96254652,3.484e-05,0.0,3.33e-05
2025-01-07 06:00:00+00:00,3226.73,14.49278335,0.95907236,0.95882,3.648e-05,0.0,4.081e-05
2025-01-07 07:00:00+00:00,3335.385,14.60363392,0.95859335,0.95831804,4.355e-05,0.0,4.794e-05
2025-01-07 08:00:00+00:00,3350.755,14.70407073,0.95731289,0.95702493,4.924e-05,0.0,5.272e-05
2025-01-07 09:00:00+00:00,3430.695,14.83190723,0.95886033,0.95855364,5.49e-05,7.9e-07,6.02e-05
2025-01-07 10:00:00+00:00,3409.77,14.82031445,0.95850788,0.95821866,4.186e-05,1.82e-06,5.137e-05
2025-01-07 11:00:00+00:00,3347.875,14.82702633,0.95760418,0.95732155,4.111e-05,2.29e-06,5.037e-05
2025-01-07 12:00:00+00:00,3365.655,14.70082358,0.95853268,0.95833076,1.873e-05,3.03e-06,3.033e-05
2025-01-07 13:00:00+00:00,3352.13,14.63409269,0.95936683,0.95922755,0.0,3.23e-06,1.433e-05
2025-01-07 14:00:00+00:00,3440.98,14.81501319,0.9599392,0.95906058,0.0,0.00064204,3.275e-05
2025-01-07 15:00:00+00:00,3497.27,14.96485418,0.96028954,0.95876967,0.0,0.00121463,4.251e-05
2025-01-07 16:00:00+00:00,3530.285,15.25416745,0.96206519,0.95940287,0.0,0.00220529,6.514e-05
2025-01-07 17:00:00+00:00,3489.245,15.28524246,0.96409499,0.96100162,0.0,0.00258013,7.384e-05
2025-01-07 18:00:00+00:00,3379.555,15.13783334,0.96414048,0.96148412,0.0,0.00221879,3.948e-05
2025-01-07 19:00:00+00:00,3265.695,15.23964294,0.96520745,0.96192218,0.0,0.0027628,1.814e-05
2025-01-07 20:00:00+00:00,3178.86,15.45446351,0.96577999,0.96151613,0.0,0.00360785,1.962e-05
2025-01-07 21:00:00+00:00,3063.26,15.42468761,0.96573759,0.96139637,0.0,0.00371665,1.658e-05
2025-01-07 22:00:00+00:00,2901.785,15.40816232,0.96495109,0.96037308,0.0,0.00393157,1.464e-05
2025-01-07 23:00:00+00:00,2852.515,15.29385913,0.9643649,0.95933836,0.0,0.00419221,2.941e-05
2025-01-08 00:00:00+00:00,2727.71,15.27477302,0.96422886,0.95922273,0.0,0.00421951,3.106e-05
2025-01-08 01:00:00+00:00,2677.54,15.31728036,0.9637349,0.95871145,0.0,0.00422129,2.986e-05
2025-01-08 02:00:00+00:00,2607.015,15.27002992,0.96331017,0.95835074,0.0,0.00418522,2.55e-05
2025-01-08 03:00:00+00:00,2625.825,15.23938775,0.96286952,0.95827239,0.0,0.00388743,2.17e-05
2025-01-08 04:00:00+00:00,2756.77,14.60746077,0.9597648,0.95816501,0.0,0.00130127,1.704e-05
2025-01-08 05:00:00+00:00,3053.28,14.58731356,0.95297516,0.95276278,2.335e-05,1.2e-07,3.559e-05
2025-01-08 06:00:00+00:00,3384.865,14.94922302,0.94486502,0.94451417,5.98e-05,1.92e-06,6.889e-05
2025-01-08 07:00:00+00:00,3441.69,15.12446346,0.93767379,0.93730112,0.00012104,3.63e-06,5.469e-05
2025-01-08 08:00:00+00:00,3451.665,15.19316569,0.93266323,0.93249355,1.502e-05,3.07e-06,2.41e-05
2025-01-08 09:00:00+00:00,3428.75,15.89249887,0.93208906,0.93074614,4.958e-05,0.00050753,2.501e-05
2025-01-08 10:00:00+00:00,3394.435,17.03558826,0.9303581,0.92634652,0.00013498,0.00203281,0.00010806
2025-01-08 11:00:00+00:00,3347.515,16.42083856,0.93941736,0.93708972,0.00045033,0.00066332,6.898e-05
2025-01-08 12:00:00+00:00,3310.985,16.25749746,0.93651456,0.93460746,0.00030567,0.00064852,4.959e-05
2025-01-08 13:00:00+00:00,3240.885,17.02284956,0.93234254,0.92858693,0.0006858,0.00133157,6.432e-05
2025-01-08 14:00:00+00:00,3261.205,17.50204312,0.92662766,0.92183569,0.00127262,0.00128668,8.721e-05
2025-01-08 15:00:00+00:00,3358.685,17.84542858,0.92335823,0.91894531,0.00040572,0.00127935,7.89e-05
2025-01-08 16:00:00+00:00,3364.98,17.21931004,0.91379094,0.91085214,0.0003143,0.0007893,7.537e-05
2025-01-08 17:00:00+00:00,3310.25,18.80525789,0.91599326,0.91020829,0.00044501,0.00174308,9.869e-05
2025-01-08 18:00:00+00:00,3231.96,18.23493583,0.91541808,0.91049126,0.00028836,0.00202958,0.00013389
2025-01-08 19:00:00+00:00,3184.53,16.40251031,0.91675527,0.91620093,0.00012766,0.0,9.632e-05
2025-01-08 20:00:00+00:00,3029.585,16.23700777,0.91543505,0.91488658,0.00013619,0.0,9.735e-05
2025-01-08 21:00:00+00:00,2809.21,16.2783526,0.9213436,0.92057581,0.00034318,0.0,9.767e-05
2025-01-08 22:00:00+00:00,2667.725,16.2422167,0.92826938,0.92732994,0.00052711,0.0,9.008e-05
2025-01-08 23:00:00+00:00,2582.525,16.34488068,0.93524055,0.93458832,0.00018314,0.0,5.953e-05
2025-01-09 00:00:00+00:00,2705.31,16.53443123,0.93538138,0.93457513,0.00032966,0.0,7.713e-05
2025-01-09 01:00:00+00:00,2620.495,16.62694664,0.932748,0.93174787,0.00054323,0.0,6.541e-05
2025-01-09 02:00:00+00:00,2567.76,16.88954334,0.93220617,0.93107154,0.00063563,0.0,8.694e-05
2025-01-09 03:00:00+00:00,2608.185,17.20515507,0.92768858,0.92587832,0.00122429,0.0,0.0001282
2025-01-09 04:00:00+00:00,2659.425,17.7389606,0.92500583,0.92199131,0.00237164,0.0,0.00016667
2025-01-09 05:00:00+00:00,2931.725,18.20324672,0.91297534,0.90919372,0.00312422,0.0,0.00017722
2025-01-09 06:00:00+00:00,3228.54,18.56230305,0.89702482,0.89290948,0.00258549,0.00069072,0.00015273
2025-01-09 07:00:00+00:00,3331.21,20.27165201,0.8912358,0.8837546,0.00200402,0.00302179,0.00027033
2025-01-09 08:00:00+00:00,3241.27,28.45660799,0.8755717,0.85824784,0.00131291,0.00372909,0.00033071
2025-01-09 09:00:00+00:00,3237.045,54.76267347,0.85877986,0.80908416,0.00125961,0.00459794,0.00048182
2025-01-09 10:00:00+00:00,3189.43,69.79932009,0.84710754,0.78165857,0.00115196,0.00354697,0.00048444
2025-01-09 11:00:00+00:00,3226.075,48.23367021,0.85567,0.81749423,0.00142823,0.00171571,0.00031083
2025-01-09 12:00:00+00:00,3560.87,48.36410506,0.85736927,0.81848085,0.00205856,0.0017187,0.0003134
2025-01-09 13:00:00+00:00,3345.3175,25.44767074,0.87044851,0.85632868,0.00230125,0.00465884,0.00010313
2025-01-09 14:00:00+00:00,3329.83,23.72250253,0.87633098,0.86495809,0.0026084,0.00341563,0.00011308
2025-01-09 15:00:00+00:00,3459.495,31.37326938,0.87051635,0.84679541,0.00303518,0.00347224,0.00016416
2025-01-09 16:00:00+00:00,3453.155,46.86474533,0.85801285,0.80458362,0.00682935,0.00801236,0.00024746
2025-01-09 17:00:00+00:00,3394.71,37.2480626,0.86059019,0.82694856,0.00448479,0.00447314,0.00020512
2025-01-09 18:00:00+00:00,3329.855,34.38867827,0.87449182,0.85173283,0.00273817,0.00099913,0.00018755
2025-01-09 19:00:00+00:00,3208.03,53.97511327,0.86024229,0.81493494,0.00120659,0.0019476,0.00028097
2025-01-09 20:00:00+00:00,3000.645,30.33368206,0.87667574,0.86104555,0.0009071,0.000678,0.0001656
2025-01-09 21:00:00+00:00,2814.195,19.12186858,0.89392814,0.89194082,0.00140814,0.0,0.00014088
2025-01-09 22:00:00+00:00,2857.665,19.01663452,0.90369263,0.90150088,0.00153392,0.0,0.00016708
2025-01-09 23:00:00+00:00,2720.145,18.93251457,0.9094403,0.90696915,0.00181481,0.0,0.00016341
2025-01-10 00:00:00+00:00,2673.915,18.89011384,0.91442526,0.91137479,0.00238116,0.0,0.00018183
2025-01-10 01:00:00+00:00,2702.985,18.82613977,0.91652092,0.91350195,0.00231863,0.0,0.00018696
2025-01-10 02:00:00+00:00,2664.97,18.61547912,0.91610828,0.91341664,0.00203559,0.0,0.00017218
2025-01-10 03:00:00+00:00,2672.195,18.36331334,0.91587328,0.91328724,0.00198566,0.0,0.00017115
2025-01-10 04:00:00+00:00,2821.37,18.19402969,0.91002945,0.90786495,0.00159247,0.0,0.00015207
2025-01-10 05:00:00+00:00,3146.955,19.82829787,0.89405818,0.89018173,0.001007,0.00012223,0.00014919
2025-01-10 06:00:00+00:00,3520.605,37.19070616,0.88267633,0.85575633,0.00145102,0.00109369,0.00024398
2025-01-10 07:00:00+00:00,3596.34,56.95269525,0.86789226,0.81486652,0.00267392,0.00196759,0.00031996
2025-01-10 08:00:00+00:00,3590.355,48.95042372,0.87667749,0.83403228,0.00209303,0.00133866,0.00028376
2025-01-10 09:00:00+00:00,3540.465,33.77205699,0.88756781,0.86500373,0.00153456,0.00063063,0.00020419
2025-01-10 10:00:00+00:00,3417.175,34.4243416,0.88652042,0.86368056,0.00094022,0.00074071,0.00017928
2025-01-10 11:00:00+00:00,3375.045,17.32281127,0.8890171,0.88853865,0.00013664,0.0,7.38e-05
2025-01-10 12:00:00+00:00,3424.52,17.32641307,0.90451592,0.90318237,0.00088024,0.0,0.00010823
2025-01-10 13:00:00+00:00,3471.745,16.97288723,0.9071065,0.90617004,0.00052363,0.0,9.247e-05
2025-01-10 14:00:00+00:00,3468.75,16.54570043,0.90574939,0.9051041,0.00031788,0.0,7.017e-05
2025-01-10 15:00:00+00:00,3517.765,16.31659686,0.90521184,0.90493538,1.018e-05,0.0,3.585e-05
2025-01-10 16:00:00+00:00,3571.62,16.22564225,0.90879137,0.90843384,9.83e-06,5.524e-05,3.768e-05
2025-01-10 17:00:00+00:00,3529.28,16.0544364,0.91034949,0.91004664,2.382e-05,0.0,4.364e-05
2025-01-10 18:00:00+00:00,3429.065,15.88689698,0.91559923,0.91530293,3.223e-05,0.0,4.719e-05
2025-01-10 19:00:00+00:00,3261.35,15.56866373,0.92094054,0.92066343,2.989e-05,0.0,4.503e-05
2025-01-10 20:00:00+00:00,3138.325,15.59322346,0.93648703,0.93600882,0.0001882,0.0,6.21e-05
2025-01-10 21:00:00+00:00,3018.02,15.45419451,0.94653342,0.94623921,2.299e-05,0.0,4.194e-05
2025-01-10 22:00:00+00:00,2969.97,15.13555697,0.94726517,0.94705807,0.0,0.0,2.202e-05
2025-01-10 23:00:00+00:00,2946.695,15.01666219,0.95125467,0.95109694,0.0,0.0,6.58e-06
2025-01-11 00:00:00+00:00,2894.39,14.88932127,0.95877231,0.95864379,0.0,0.0,8.93e-06
2025-01-11 01:00:00+00:00,2873.1,14.73673703,0.95996642,0.9599337,0.0,0.0,2.21e-06
2025-01-11 02:00:00+00:00,2852.51,14.59328573,0.96009719,0.96008104,0.0,0.0,0.0
2025-01-11 03:00:00+00:00,2834.14,14.46368133,0.96023621,0.96021699,0.0,0.0,0.0
2025-01-11 04:00:00+00:00,2853.32,14.37676982,0.95885116,0.95883553,0.0,0.0,0.0
2025-01-11 05:00:00+00:00,2904.78,14.35120144,0.95776292,0.95774405,0.0,0.0,0.0
2025-01-11 06:00:00+00:00,3014.67,14.3844469,0.95565412,0.95563232,0.0,0.0,0.0
2025-01-11 07:00:00+00:00,3098.92,14.46769364,0.95518544,0.95516691,0.0,0.0,0.0
2025-01-11 08:00:00+00:00,3219.69,14.57358397,0.95198307,0.95196416,0.0,0.0,0.0
2025-01-11 09:00:00+00:00,3308.03,14.76409452,0.95244981,0.95243048,0.0,0.0,0.0
2025-01-11 10:00:00+00:00,3375.85,15.06558835,0.95308083,0.95306141,0.0,0.0,0.0
2025-01-11 11:00:00+00:00,3305.61,15.12609899,0.95213698,0.95211774,0.0,0.0,0.0
2025-01-11 12:00:00+00:00,3239.94,15.10694831,0.95219941,0.95218018,0.0,0.0,0.0
2025-01-11 13:00:00+00:00,3207.62,14.9894652,0.94836145,0.94834538,0.0,0.0,0.0
2025-01-11 14:00:00+00:00,3205.5,14.79877605,0.94080081,0.94072961,0.0,0.0,0.0
2025-01-11 15:00:00+00:00,3387.89,14.78692018,0.94063636,0.94060897,0.0,0.0,0.0
2025-01-11 16:00:00+00:00,3410.66,14.96168769,0.94104967,0.94096366,0.0,0.0,7.64e-06
2025-01-11 17:00:00+00:00,3361.38,15.11051648,0.94124885,0.94112867,0.0,0.0,1.503e-05
2025-01-11 18:00:00+00:00,3249.85,15.21556729,0.94068977,0.94054049,0.0,0.0,1.41e-05
2025-01-11 19:00:00+00:00,3125.32,15.26194447,0.94050659,0.9403579,0.0,0.0,9.56e-06
2025-01-11 20:00:00+00:00,3059.92,15.25932148,0.94296802,0.9427898,8.97e-06,0.0,1.631e-05
2025-01-11 21:00:00+00:00,2970.95,15.34759436,0.9488097,0.94868107,0.0,0.0,7.71e-06
2025-01-11 22:00:00+00:00,2941.905,15.3321915,0.94724865,0.94714758,0.0,0.0,8.13e-06
2025-01-11 23:00:00+00:00,2931.885,15.10238117,0.95070803,0.95066776,0.0,0.0,3e-08
2025-01-12 00:00:00+00:00,2925.12,14.98896635,0.95042919,0.95037439,0.0,0.0,0.0
2025-01-12 01:00:00+00:00,2898.24,14.92502066,0.94975555,0.94970655,0.0,0.0,1.84e-06
2025-01-12 02:00:00+00:00,2874.685,14.93220505,0.94929488,0.94925742,0.0,0.0,0.0
2025-01-12 03:00:00+00:00,2858.23,14.91208871,0.94771815,0.94767608,0.0,0.0,0.0
2025-01-12 04:00:00+00:00,2954.845,14.9460659,0.94086488,0.94082653,0.0,0.0,0.0
2025-01-12 05:00:00+00:00,3037.98,14.97895971,0.93309897,0.93305698,0.0,0.0,0.0
2025-01-12 06:00:00+00:00,3169.6,15.06609889,0.93216137,0.93213787,0.0,0.0,0.0
2025-01-12 07:00:00+00:00,3282.96,15.30986226,0.93219401,0.9319714,4.069e-05,0.0,4.324e-05
2025-01-12 08:00:00+00:00,3310.75,15.9471977,0.92963857,0.92795693,8.334e-05,0.001129,0.00012018
2025-01-12 09:00:00+00:00,3287.665,16.87544047,0.92297276,0.9200693,9.123e-05,0.00214983,0.00017029
2025-01-12 10:00:00+00:00,3284.395,17.65739321,0.92106217,0.91724554,6.286e-05,0.00297579,0.00017771
2025-01-12 11:00:00+00:00,3314.905,18.10442718,0.91928825,0.91476764,7.034e-05,0.00342536,0.00020278
2025-01-12 12:00:00+00:00,3316.3,18.06474822,0.91477254,0.90990599,6.515e-05,0.00371208,0.00022793
2025-01-12 13:00:00+00:00,3298.765,17.71323101,0.90342442,0.89846404,0.0,0.003944,0.00020795
2025-01-12 14:00:00+00:00,3342.035,17.82728362,0.90409124,0.8980939,0.00031127,0.00428071,0.00022553
2025-01-12 15:00:00+00:00,3543.385,18.26676935,0.90514214,0.89755789,0.00147158,0.00439239,0.00028106
2025-01-12 16:00:00+00:00,3595.965,19.76152874,0.90130269,0.88963407,0.00245746,0.00461578,0.00026445
2025-01-12 17:00:00+00:00,3532.84,19.12810281,0.89860652,0.88870568,0.00196565,0.00457744,0.00026998
2025-01-12 18:00:00+00:00,3540.565,19.21044767,0.90055195,0.89098243,0.00154251,0.0047302,0.00027678
2025-01-12 19:00:00+00:00,3458.475,18.41777362,0.901233,0.8942085,0.00066583,0.0047581,0.00026651
2025-01-12 20:00:00+00:00,3394.735,18.38264513,0.91071624,0.90402776,0.00090492,0.00422594,0.00028952
2025-01-12 21:00:00+00:00,3423.305,18.09442697,0.91867476,0.91303217,0.00091112,0.00337491,0.00030461
2025-01-12 22:00:00+00:00,3449.44,17.74234538,0.93121259,0.92616331,0.00137532,0.0026155,0.00029603
2025-01-12 23:00:00+00:00,3489.155,17.21557901,0.94485572,0.94140398,0.00092786,0.00181685,0.00019654
2025-01-13 00:00:00+00:00,3415.05,16.81498444,0.9483637,0.94615822,2.752e-05,0.00161729,9.986e-05
2025-01-13 01:00:00+00:00,3336.095,16.37244119,0.95017058,0.94868775,0.0,0.00116404,2.755e-05
2025-01-13 02:00:00+00:00,3329.73,15.84652816,0.95090318,0.9500201,0.0,0.00070101,3.7e-06
2025-01-13 03:00:00+00:00,3390.495,15.44958928,0.9526915,0.95188955,0.0,0.00062815,2.4e-06
2025-01-13 04:00:00+00:00,3529.015,15.25963071,0.95235692,0.95145456,0.0,0.00074388,2.67e-06
2025-01-13 05:00:00+00:00,3855.41,15.50519177,0.95002138,0.94821646,0.00033439,0.00118599,1.597e-05
2025-01-13 06:00:00+00:00,4114.725,15.99789414,0.94539525,0.94138105,0.00066887,0.00264764,6.712e-05
2025-01-13 07:00:00+00:00,4135.875,16.34752668,0.94639923,0.94111364,0.00068652,0.0038017,7.329e-05
2025-01-13 08:00:00+00:00,4082.49,16.22958281,0.9473244,0.94243378,0.00041488,0.00372621,7.11e-05
2025-01-13 09:00:00+00:00,4198.9,16.28145718,0.94920018,0.94464503,0.00029337,0.0035714,6.019e-05
2025-01-13 10:00:00+00:00,4081.195,16.14222853,0.94985387,0.94576541,9.475e-05,0.00340587,2.268e-05
2025-01-13 11:00:00+00:00,3925.395,15.97788676,0.95500365,0.95090291,0.00016878,0.00338345,1.634e-05
2025-01-13 12:00:00+00:00,3848.06,15.67447651,0.95508618,0.95118859,0.0,0.00335596,1.54e-05
2025-01-13 13:00:00+00:00,3763.59,15.41724424,0.95753629,0.95386171,0.0,0.00316396,1.419e-05
2025-01-13 14:00:00+00:00,3780.92,15.23604721,0.96066723,0.9570246,0.0,0.00309133,1.371e-05
2025-01-13 15:00:00+00:00,3852.96,15.01451538,0.96211485,0.95851575,0.0,0.00309514,1.38e-05
2025-01-13 16:00:00+00:00,3891.265,14.9628004,0.96331975,0.95969811,0.0,0.00311209,1.411e-05
2025-01-13 17:00:00+00:00,3755.24,14.88017379,0.96294935,0.95929164,0.0,0.00313595,1.429e-05
2025-01-13 18:00:00+00:00,3666.43,14.83080188,0.9619732,0.95838109,0.0,0.00307908,1.402e-05
2025-01-13 19:00:00+00:00,3530.89,14.85910465,0.9660111,0.96237529,0.0,0.00311095,1.428e-05
2025-01-13 20:00:00+00:00,3463.455,14.89524678,0.96854011,0.96484404,0.0,0.00315373,1.48e-05
2025-01-13 21:00:00+00:00,3299.865,14.61494744,0.97064327,0.96732657,0.0,0.00280376,1.337e-05
2025-01-13 22:00:00+00:00,3080.805,14.44839153,0.96920173,0.96615583,0.0,0.00257217,1.226e-05
2025-01-13 23:00:00+00:00,2964.255,14.0834663,0.97026532,0.96810393,0.0,0.00184175,8.61e-06
2025-01-14 00:00:00+00:00,2904.425,14.12868746,0.96941562,0.9670149,0.0,0.00200395,9.28e-06
2025-01-14 01:00:00+00:00,2912.295,14.20808278,0.96883548,0.96622748,0.0,0.0021848,1.01e-05
2025-01-14 02:00:00+00:00,2885.915,14.24413691,0.96853906,0.96586794,0.0,0.0022681,9.94e-06
2025-01-14 03:00:00+00:00,2855.85,14.03890661,0.96695581,0.96471642,0.0,0.00188104,6.78e-06
2025-01-14 04:00:00+00:00,2957.62,13.97434206,0.96831013,0.96648811,0.0,0.00153506,5.94e-06
2025-01-14 05:00:00+00:00,3277.445,14.16102762,0.96946894,0.9683889,0.0,0.00088923,3.41e-06
2025-01-14 06:00:00+00:00,3577.73,14.84414912,0.96755322,0.9648767,0.0,0.00223078,8.57e-06
2025-01-14 07:00:00+00:00,3618.445,15.22914839,0.96550174,0.9618229,0.0,0.00312147,1.197e-05
2025-01-14 08:00:00+00:00,3578.13,15.30290028,0.96569987,0.96206623,0.0,0.00310348,1.159e-05
2025-01-14 09:00:00+00:00,3518.555,15.44035161,0.96661006,0.96311615,0.0,0.00299054,1.087e-05
2025-01-14 10:00:00+00:00,3543.28,15.46212241,0.96676227,0.96358857,0.0,0.00271559,1.126e-05
2025-01-14 11:00:00+00:00,3535.875,15.51399394,0.96645758,0.96324098,0.0,0.00275455,1.063e-05
2025-01-14 12:00:00+00:00,3495.41,15.3810851,0.96572236,0.9631017,0.0,0.00220044,8.54e-06
2025-01-14 13:00:00+00:00,3487.075,15.41932489,0.9646644,0.96184912,0.0,0.00240155,9.11e-06
2025-01-14 14:00:00+00:00,3442.75,15.55288265,0.96608626,0.96297572,0.0,0.00260238,9.9e-06
2025-01-14 15:00:00+00:00,3560.115,15.71952253,0.96492621,0.96128234,0.0,0.00310749,1.182e-05
2025-01-14 16:00:00+00:00,3638.465,15.9313189,0.96608529,0.96195445,0.0,0.00354078,1.343e-05
2025-01-14 17:00:00+00:00,3466.67,15.89101688,0.96429147,0.96085862,1.415e-05,0.00293125,1.12e-05
2025-01-14 18:00:00+00:00,3377.21,16.21804103,0.96375979,0.96014627,0.0,0.00309046,1.167e-05
2025-01-14 19:00:00+00:00,3240.88,16.60121888,0.96319175,0.95893219,0.0,0.0036417,1.365e-05
2025-01-14 20:00:00+00:00,3139.735,16.88809374,0.96608197,0.96191589,0.0,0.00356791,1.331e-05
2025-01-14 21:00:00+00:00,3005.335,17.03180336,0.96633714,0.96268592,0.0,0.00311211,1.201e-05
2025-01-14 22:00:00+00:00,2789.385,17.19125133,0.96226703,0.95840679,0.0,0.00325955,1.328e-05
2025-01-14 23:00:00+00:00,2748.705,17.08182337,0.96169695,0.95857193,0.0,0.00263497,1.096e-05
2025-01-15 00:00:00+00:00,2601.615,16.41344718,0.96094834,0.96086274,0.0,0.0,0.0
2025-01-15 01:00:00+00:00,2595.225,16.69502244,0.96118559,0.9611015,0.0,0.0,7.2e-07
2025-01-15 02:00:00+00:00,2424.075,16.75418883,0.95562836,0.95543024,7.761e-05,0.0,9.56e-06
2025-01-15 03:00:00+00:00,2527.795,17.06697433,0.94552692,0.94485884,0.00025932,0.0,8.341e-05
2025-01-15 04:00:00+00:00,2704.095,17.31488327,0.93762401,0.93557964,0.00151148,0.0,0.00016567
2025-01-15 05:00:00+00:00,2996.24,17.5945662,0.9334055,0.93004059,0.00259417,0.0,0.00022312
2025-01-15 06:00:00+00:00,3287.035,17.9870973,0.92743393,0.92280016,0.00181471,0.00148933,0.00028561
2025-01-15 07:00:00+00:00,3346.625,19.16228778,0.93005645,0.92108978,0.00191663,0.00474295,0.00039092
2025-01-15 08:00:00+00:00,3448.01,18.79885992,0.93052087,0.92143518,0.00215652,0.00494758,0.00026981
2025-01-15 09:00:00+00:00,3320.1,18.45089374,0.92993745,0.9217031,0.00243651,0.00482135,0.00018944
2025-01-15 10:00:00+00:00,3237.695,18.27852639,0.92854677,0.92151977,0.00134652,0.00482081,0.00015321
2025-01-15 11:00:00+00:00,3084.46,18.04101084,0.92871974,0.92238073,0.00108766,0.00438255,0.0001068
2025-01-15 12:00:00+00:00,3084.12,17.44161449,0.93659229,0.9309696,0.00095755,0.00384381,3.866e-05
2025-01-15 13:00:00+00:00,3165.665,16.67101273,0.9435225,0.93921994,0.00076769,0.00290467,1.93e-05
2025-01-15 14:00:00+00:00,3263.18,16.37089118,0.94450906,0.94002061,0.00108045,0.00278605,1.917e-05
2025-01-15 15:00:00+00:00,3369.17,16.05573936,0.94610344,0.94227935,0.00062049,0.00258274,2.551e-05
2025-01-15 16:00:00+00:00,3477.53,15.86762877,0.94921182,0.94552568,0.00064557,0.00244802,2.526e-05
2025-01-15 17:00:00+00:00,3443.935,15.38845813,0.95122961,0.94807056,0.0001673,0.00246123,1.696e-05
2025-01-15 18:00:00+00:00,3317.4,15.18580108,0.95359972,0.95069773,0.0,0.00238885,1.38e-05
2025-01-15 19:00:00+00:00,3132.615,15.15522167,0.95847661,0.9554017,0.0,0.00255361,1.248e-05
2025-01-15 20:00:00+00:00,3008.335,15.05881228,0.96563924,0.96262465,0.0,0.00250411,1.22e-05
2025-01-15 21:00:00+00:00,2894.62,14.97003485,0.96767175,0.96459136,0.0,0.00254296,1.246e-05
2025-01-15 22:00:00+00:00,2735.36,15.03040652,0.96745221,0.96383749,0.0,0.00299126,1.453e-05
2025-01-15 23:00:00+00:00,2747.73,15.04479186,0.97109084,0.96713566,0.0,0.0032845,1.635e-05
2025-01-16 00:00:00+00:00,2713.155,14.95300901,0.97117019,0.96725375,0.0,0.00322837,1.574e-05
2025-01-16 01:00:00+00:00,2643.78,14.85910166,0.97142233,0.967666,0.0,0.00309081,1.534e-05
2025-01-16 02:00:00+00:00,2580.51,14.79107064,0.97078725,0.96713465,0.0,0.00301761,1.56e-05
2025-01-16 03:00:00+00:00,2547.005,14.70518973,0.97208931,0.96853278,0.0,0.00291583,1.623e-05
2025-01-16 04:00:00+00:00,2663.375,14.62305306,0.96971635,0.96642066,0.0,0.00271893,1.512e-05
2025-01-16 05:00:00+00:00,2982.69,14.74880861,0.96421651,0.96122324,0.0,0.0024669,1.364e-05
2025-01-16 06:00:00+00:00,3270.21,14.84804658,0.96137138,0.95846263,0.0,0.00238175,1.271e-05
2025-01-16 07:00:00+00:00,3307.075,14.97298498,0.96169537,0.95873323,0.0,0.0024142,1.876e-05
2025-01-16 08:00:00+00:00,3287.74,15.02433585,0.96217563,0.95929183,0.0,0.00231019,1.463e-05
2025-01-16 09:00:00+00:00,3340.5,15.11559015,0.96312235,0.96033917,0.0,0.0022953,1.579e-05
2025-01-16 10:00:00+00:00,3301.045,15.78842409,0.96789903,0.96384944,0.0,0.00241829,1.689e-05
2025-01-16 11:00:00+00:00,3317.96,15.19848785,0.96871427,0.9657913,0.0,0.00242267,1.501e-05
2025-01-16 12:00:00+00:00,3352.8,15.20502567,0.9691614,0.96603739,0.0,0.00258758,1.457e-05
2025-01-16 13:00:00+00:00,3311.985,15.25319312,0.96737427,0.96379067,0.0,0.00298495,1.647e-05
2025-01-16 14:00:00+00:00,3376.545,15.18680857,0.96501049,0.96149789,0.0,0.00284874,1.723e-05
2025-01-16 15:00:00+00:00,3441.655,15.08437665,0.9639589,0.96072401,0.0,0.0026257,2.597e-05
2025-01-16 16:00:00+00:00,3491.815,15.2461177,0.96411699,0.96068907,0.0,0.00278909,2.649e-05
2025-01-16 17:00:00+00:00,3445.455,15.32359454,0.96311487,0.95997013,0.0,0.00260653,1.735e-05
2025-01-16 18:00:00+00:00,3339.955,15.35914456,0.96441217,0.96131939,0.0,0.00258156,1.383e-05
2025-01-16 19:00:00+00:00,3233.435,15.7713411,0.96583365,0.96165169,0.0,0.00350145,1.819e-05
2025-01-16 20:00:00+00:00,3098.41,15.82980149,0.96932232,0.96491585,0.0,0.00370419,1.873e-05
2025-01-16 21:00:00+00:00,2953.895,15.75952972,0.97410942,0.96959715,0.0,0.00379803,1.921e-05
2025-01-16 22:00:00+00:00,2878.76,15.8659852,0.97441777,0.96933384,0.0,0.00426127,2.178e-05
2025-01-16 23:00:00+00:00,2820.375,15.82269152,0.97284203,0.96757434,0.0,0.00443282,2.314e-05
2025-01-17 00:00:00+00:00,2760.385,15.67925474,0.97351883,0.96836662,0.0,0.00429732,2.258e-05
2025-01-17 01:00:00+00:00,2639.625,15.46367228,0.97348391,0.96879958,0.0,0.00390224,2.068e-05
2025-01-17 02:00:00+00:00,2624.78,15.3678671,0.97323443,0.96880906,0.0,0.00370455,1.858e-05
2025-01-17 03:00:00+00:00,2652.35,15.3759953,0.97280525,0.96848972,0.0,0.00359217,1.482e-05
2025-01-17 04:00:00+00:00,2762.28,15.08892775,0.97473396,0.972568,0.0,0.00178881,8.32e-06
2025-01-17 05:00:00+00:00,3052.62,14.96819981,0.97041333,0.96962854,0.0,0.00061955,2.67e-06
2025-01-17 06:00:00+00:00,3399.45,15.18845164,0.96871878,0.96791076,0.0,0.00058933,1.319e-05
2025-01-17 07:00:00+00:00,3459.475,15.31413774,0.96765515,0.96642427,0.0,0.00091179,2.028e-05
2025-01-17 08:00:00+00:00,3421.99,15.43843984,0.96725004,0.96563389,0.0,0.00127848,1.59e-05
2025-01-17 09:00:00+00:00,3453.53,15.47915103,0.96732731,0.96573125,0.0,0.00127355,1.407e-05
2025-01-17 10:00:00+00:00,3516.96,15.55224168,0.96854939,0.96695095,0.0,0.00130215,9.25e-06
2025-01-17 11:00:00+00:00,3483.28,15.73201454,0.96859451,0.96605695,0.0,0.00211944,8e-06
2025-01-17 12:00:00+00:00,3384.24,15.60186631,0.96906119,0.96617956,0.0,0.00240568,9.42e-06
2025-01-17 13:00:00+00:00,3321.455,15.1800979,0.96589322,0.96347961,0.0,0.00200673,8.6e-06
2025-01-17 14:00:00+00:00,3362.545,14.4173636,0.96543141,0.96490601,0.0,0.00040365,1.75e-06
2025-01-17 15:00:00+00:00,3449.665,14.30403646,0.96543924,0.96473399,0.0,0.00055855,2.4e-06
2025-01-17 16:00:00+00:00,3439.27,14.24391821,0.9637117,0.96294768,0.0,0.00061301,2.32e-06
2025-01-17 17:00:00+00:00,3290.42,14.11810464,0.97335022,0.97272882,0.0,0.00050379,1.95e-06
2025-01-17 18:00:00+00:00,3157.86,14.16169312,0.97710755,0.97625223,0.0,0.00069982,2.52e-06
2025-01-17 19:00:00+00:00,3049.275,14.49705545,0.97625225,0.97433928,0.0,0.00159079,5.36e-06
2025-01-17 20:00:00+00:00,2931.925,14.61718122,0.97709565,0.97488196,0.0,0.00184824,6.14e-06
2025-01-17 21:00:00+00:00,2718.53,14.65099324,0.976396,0.97408888,0.0,0.00190807,6.39e-06
2025-01-17 22:00:00+00:00,2608.275,14.81228738,0.97571067,0.9729232,0.0,0.00230325,7.76e-06
2025-01-17 23:00:00+00:00,2570.385,14.85808277,0.97402746,0.97048345,0.0,0.00295246,1.255e-05
2025-01-18 00:00:00+00:00,2497.975,15.13212756,0.9713449,0.96702939,0.0,0.00356923,1.606e-05
2025-01-18 01:00:00+00:00,2423.325,15.32136353,0.9707281,0.96625697,0.0,0.00370935,1.261e-05
2025-01-18 02:00:00+00:00,2371.59,15.63922623,0.96953124,0.96452976,0.0,0.00416036,1.452e-05
2025-01-18 03:00:00+00:00,2358.935,15.92850105,0.96913493,0.96354312,0.0,0.00467177,1.688e-05
2025-01-18 04:00:00+00:00,2349.175,15.92157831,0.9673536,0.96207752,0.0,0.00441411,1.642e-05
2025-01-18 05:00:00+00:00,2402.02,16.07465506,0.95958115,0.95431733,0.0,0.00438807,1.594e-05
2025-01-18 06:00:00+00:00,2527.895,16.10784967,0.95737403,0.95251369,0.0,0.00406375,1.62e-05
2025-01-18 07:00:00+00:00,2577.915,16.30015416,0.95584303,0.95097639,0.0,0.00405107,1.695e-05
2025-01-18 08:00:00+00:00,2686.625,16.88557183,0.95526703,0.94947462,0.0003356,0.00453964,2.719e-05
2025-01-18 09:00:00+00:00,2787.23,17.51017111,0.95551585,0.9484951,0.00131072,0.00457437,0.00010521
2025-01-18 10:00:00+00:00,2912.495,18.01679346,0.95437677,0.94677057,0.00161971,0.00470241,0.00015263
2025-01-18 11:00:00+00:00,2945.43,18.39714818,0.95414722,0.94637044,0.00149251,0.00489117,0.00016965
2025-01-18 12:00:00+00:00,2895.75,18.45638451,0.9465752,0.93918298,0.00136907,0.0047758,0.00012711
2025-01-18 13:00:00+00:00,2842.885,18.29132788,0.94493769,0.93772659,0.00153983,0.00452636,0.00012123
2025-01-18 14:00:00+00:00,2906.67,17.74523602,0.94151057,0.93591362,0.00177193,0.00293365,0.00013825
2025-01-18 15:00:00+00:00,2981.11,17.4720339,0.94085176,0.93663373,0.00169059,0.00164714,0.00023437
2025-01-18 16:00:00+00:00,3049.28,17.2553333,0.940982,0.9378452,0.00107515,0.00129197,0.00021875
2025-01-18 17:00:00+00:00,3047.325,16.82912171,0.94977198,0.94799491,0.00036412,0.00089758,0.00013354
2025-01-18 18:00:00+00:00,2975.585,16.36893103,0.95624913,0.95591798,8.18e-06,6.67e-05,7.35e-05
2025-01-18 19:00:00+00:00,2812.54,16.12777005,0.96007638,0.95991201,0.0,0.0,3.793e-05
2025-01-18 20:00:00+00:00,2719.475,15.98365525,0.96524575,0.96512306,0.0,0.0,2.6e-05
2025-01-18 21:00:00+00:00,2711.79,15.89780942,0.96700244,0.96691306,0.0,0.0,1.301e-05
2025-01-18 22:00:00+00:00,2655.52,15.79609078,0.96706404,0.96701561,0.0,0.0,0.0
2025-01-18 23:00:00+00:00,2596.1,15.81191395,0.96995039,0.96992478,0.0,0.0,0.0
2025-01-19 00:00:00+00:00,2575.225,15.6544918,0.97003331,0.97000716,0.0,0.0,0.0
2025-01-19 01:00:00+00:00,2573.095,15.47662736,0.96960111,0.9695738,0.0,0.0,0.0
2025-01-19 02:00:00+00:00,2532.16,15.50685876,0.96989066,0.96925486,0.0,0.0005062,1.76e-06
2025-01-19 03:00:00+00:00,2470.59,15.40040357,0.9697188,0.96893849,0.0,0.00063311,2.05e-06
2025-01-19 04:00:00+00:00,2505.95,15.20449809,0.96762624,0.96708306,0.0,0.00043336,1.41e-06
2025-01-19 05:00:00+00:00,2634.17,15.32125911,0.96432699,0.96315387,0.0,0.00094303,3.07e-06
2025-01-19 06:00:00+00:00,2809.105,15.23368324,0.96395796,0.96275666,0.0,0.00098934,3.18e-06
2025-01-19 07:00:00+00:00,2876.15,15.49241423,0.96303532,0.9608335,0.0,0.00181144,6.16e-06
2025-01-19 08:00:00+00:00,2922.615,15.04756645,0.96350538,0.96332071,0.0,0.0,3.883e-05
2025-01-19 09:00:00+00:00,2966.965,15.30374942,0.96303135,0.96282043,1.66e-06,0.0,4.849e-05
2025-01-19 10:00:00+00:00,3036.14,15.76369807,0.95718334,0.95598616,0.0,0.00093528,1.904e-05
2025-01-19 11:00:00+00:00,3082.03,16.4420704,0.95570753,0.95282249,0.0,0.00237003,1.591e-05
2025-01-19 12:00:00+00:00,3146.185,16.51072269,0.94961869,0.94638625,0.00013047,0.00256161,1.212e-05
2025-01-19 13:00:00+00:00,3145.015,16.68353698,0.94682255,0.94254939,0.00050783,0.00307256,3.686e-05
2025-01-19 14:00:00+00:00,3238.18,16.83922925,0.93944895,0.93475257,0.00091809,0.00294959,8.547e-05
2025-01-19 15:00:00+00:00,3311.64,17.35005594,0.93466794,0.92913425,0.00172233,0.00268401,0.00023206
2025-01-19 16:00:00+00:00,3482.09,17.97028018,0.93188133,0.92534481,0.00274708,0.00261803,0.00028264
2025-01-19 17:00:00+00:00,3369.305,18.30132974,0.92789359,0.92185715,0.00259852,0.00221414,0.00031439
2025-01-19 18:00:00+00:00,3350.21,18.94086021,0.9271521,0.92086469,0.00249458,0.00242765,0.00036792
2025-01-19 19:00:00+00:00,3309.57,19.26363622,0.92704389,0.92110297,0.00244094,0.00209295,0.00041051
2025-01-19 20:00:00+00:00,3208.87,19.34757849,0.93418645,0.92919924,0.00239774,0.0012528,0.00044281
2025-01-19 21:00:00+00:00,3158.075,19.54413659,0.94302227,0.9384677,0.00202712,0.00128068,0.00040282
2025-01-19 22:00:00+00:00,3013.065,19.43387397,0.94185199,0.93812105,0.00166416,0.0011054,0.00032408
2025-01-19 23:00:00+00:00,2932.915,19.34424183,0.93930022,0.93652942,0.0009062,0.001128,0.00025126
2025-01-20 00:00:00+00:00,2904.245,19.32838343,0.93928903,0.93676291,0.00082024,0.00099138,0.00024592
2025-01-20 01:00:00+00:00,2869.195,19.24424277,0.93960682,0.93740005,0.0006349,0.00093459,0.00021092
2025-01-20 02:00:00+00:00,2884.29,20.01039215,0.93301745,0.92770368,0.00025304,0.00379827,0.00026635
2025-01-20 03:00:00+00:00,2963.425,19.41929687,0.9296774,0.92642454,0.00059728,0.00174143,0.00024522
2025-01-20 04:00:00+00:00,3060.32,19.18688434,0.91895979,0.91597209,0.00101787,0.00111139,0.00028144
2025-01-20 05:00:00+00:00,3351.245,19.83081674,0.91331607,0.90821634,0.00135793,0.0022345,0.00040532
2025-01-20 06:00:00+00:00,3634.035,20.42291513,0.90941359,0.90272458,0.00122658,0.00338324,0.00039945
2025-01-20 07:00:00+00:00,3646.9,20.21359477,0.89814005,0.8916951,0.00090766,0.00351529,0.00033577
2025-01-20 08:00:00+00:00,3577.935,20.06933747,0.89778412,0.89167652,0.00130624,0.00302003,0.000314
2025-01-20 09:00:00+00:00,3496.38,19.69236164,0.89428577,0.8903949,0.00086648,0.00176979,0.00023808
2025-01-20 10:00:00+00:00,3409.705,20.21838976,0.88630653,0.88192549,0.00029563,0.00242875,0.00024653
2025-01-20 11:00:00+00:00,3282.205,45.67126589,0.87313676,0.83028273,0.00309252,0.00385641,0.00031202
2025-01-20 12:00:00+00:00,3236.925,19.73957405,0.87756302,0.87399261,6.36e-05,0.00211611,0.00014324
2025-01-20 13:00:00+00:00,3257.9,19.40116309,0.87197738,0.86799409,0.0,0.0024775,0.00014994
2025-01-20 14:00:00+00:00,3316.48,24.59592396,0.87702714,0.8570104,0.00536658,0.0034376,0.00016447
2025-01-20 15:00:00+00:00,3530.535,29.45542719,0.8942574,0.85978508,0.00925529,0.00488284,0.00022448
2025-01-20 16:00:00+00:00,3624.61,34.10369744,0.89439023,0.84706516,0.01291195,0.00553031,0.00023934
2025-01-20 17:00:00+00:00,3569.695,36.32437225,0.8897655,0.8361711,0.01447585,0.00598885,0.00024839
2025-01-20 18:00:00+00:00,3480.73,23.09095727,0.89173283,0.8759884,0.00199518,0.0045528,0.00027442
2025-01-20 19:00:00+00:00,3398.945,18.76637189,0.89793047,0.89234168,0.00065044,0.00334102,0.00026801
2025-01-20 20:00:00+00:00,3280.91,18.37709704,0.9084495,0.90356508,0.00096402,0.00266713,0.00028067
2025-01-20 21:00:00+00:00,3171.51,17.71806652,0.9128796,0.90980879,0.00054102,0.00171176,0.00020707
2025-01-20 22:00:00+00:00,3058.975,17.1866749,0.91720567,0.91603265,2.883e-05,0.00078283,7.84e-05
2025-01-20 23:00:00+00:00,2809.74,17.22751401,0.91877135,0.91773153,6.055e-05,0.00056823,0.00011912
2025-01-21 00:00:00+00:00,2704.37,17.09277191,0.92014895,0.91975482,6.477e-05,0.0,0.00011679
2025-01-21 01:00:00+00:00,2751.61,17.08841992,0.92028118,0.91990583,6.425e-05,5.4e-07,0.00011181
2025-01-21 02:00:00+00:00,2769.1,17.04792019,0.9206402,0.92021466,8.39e-05,1.91e-06,0.00013402
2025-01-21 03:00:00+00:00,2820.675,17.03161387,0.91669294,0.91616134,0.00011926,0.0,0.00017156
2025-01-21 04:00:00+00:00,2935.955,17.13323283,0.91118294,0.90992387,0.00076812,3.33e-06,0.00022379
2025-01-21 05:00:00+00:00,3186.355,17.51727073,0.90835977,0.90636585,0.00137303,3.95e-06,0.00025269
2025-01-21 06:00:00+00:00,3471.15,18.76973663,0.9010042,0.89518093,0.00186481,0.00273384,0.00035214
2025-01-21 07:00:00+00:00,3553.535,31.69176046,0.89834746,0.86423319,0.00704528,0.00564629,0.00037536
2025-01-21 08:00:00+00:00,3524.565,27.28339251,0.89832455,0.87378201,0.00437535,0.00644577,0.00037402
2025-01-21 09:00:00+00:00,3594.935,25.28922396,0.90300874,0.88334292,0.00301294,0.00617578,0.00039416
2025-01-21 10:00:00+00:00,3599.855,19.88164806,0.90294751,0.89467709,0.00116669,0.00547875,0.00041991
2025-01-21 11:00:00+00:00,3541.275,19.86230707,0.90033947,0.89223506,0.00100865,0.00547263,0.00043977
2025-01-21 12:00:00+00:00,3505.37,19.96004565,0.90490028,0.89624165,0.0014569,0.00548518,0.00047157
2025-01-21 13:00:00+00:00,3477.065,20.00045782,0.90485342,0.8959742,0.0015503,0.00558304,0.00046601
2025-01-21 14:00:00+00:00,3522.52,19.96929084,0.9072692,0.89844216,0.00165227,0.0053456,0.00045597
2025-01-21 15:00:00+00:00,3565.46,20.43817154,0.90578381,0.89635105,0.00140426,0.00521982,0.00042706
2025-01-21 16:00:00+00:00,3614.165,26.1428501,0.90545701,0.88078423,0.00575087,0.00575059,0.00037226
2025-01-21 17:00:00+00:00,3561.4,26.57211311,0.905656,0.87880749,0.00657103,0.00584712,0.00029717
2025-01-21 18:00:00+00:00,3400.93,19.02053603,0.9072912,0.90152955,0.00107049,0.0035959,0.00028321
2025-01-21 19:00:00+00:00,3300.38,19.41049776,0.91030385,0.90308492,0.00127435,0.00460594,0.00033958
2025-01-21 20:00:00+00:00,3193.455,19.32913129,0.91414896,0.90766771,0.00098018,0.00421908,0.00029403
2025-01-21 21:00:00+00:00,3071.84,19.6015278,0.91743885,0.910076,0.00021639,0.00562773,0.00022311
2025-01-21 22:00:00+00:00,2894.28,19.7837986,0.92662638,0.91828194,0.00030073,0.00629913,0.00018724
2025-01-21 23:00:00+00:00,2871.835,19.93982741,0.93443733,0.92551969,0.00032202,0.00676308,0.00017821
2025-01-22 00:00:00+00:00,2828.97,20.01307382,0.93435891,0.92495431,0.00047665,0.00701687,0.00020412
2025-01-22 01:00:00+00:00,2783.965,20.26268345,0.93315084,0.92337367,0.00044506,0.00716615,0.00022102
2025-01-22 02:00:00+00:00,2785.79,19.99349548,0.93216887,0.92327188,0.00093859,0.00589516,0.00021137
2025-01-22 03:00:00+00:00,2750.715,19.68835402,0.92591106,0.9186372,0.00081641,0.00454476,0.00026391
2025-01-22 04:00:00+00:00,2874.865,19.07069751,0.91630464,0.91194828,0.00089012,0.0022006,0.00027603
2025-01-22 05:00:00+00:00,3074.705,19.08589622,0.90665773,0.90308208,0.00105646,0.00146008,0.00025788
2025-01-22 06:00:00+00:00,3427.22,19.85393469,0.9008759,0.89529385,0.00156321,0.00244053,0.00028425
2025-01-22 07:00:00+00:00,3452.36,20.33234675,0.9015924,0.89578996,0.00099641,0.00277006,0.00029501
2025-01-22 08:00:00+00:00,3573.845,20.60937165,0.90413303,0.8985672,0.00073974,0.00258848,0.00029809
2025-01-22 09:00:00+00:00,3559.385,19.98540692,0.89652208,0.89248841,0.00074668,0.00169264,0.00022119
2025-01-22 10:00:00+00:00,3537.37,20.47869831,0.89172572,0.88783776,0.00038303,0.0,0.00011598
2025-01-22 11:00:00+00:00,3488.735,19.29885371,0.8985882,0.89693219,0.00128744,0.0,0.00015584
2025-01-22 12:00:00+00:00,3477.775,19.25188583,0.89759656,0.89617043,0.00113548,0.0,0.00012451
2025-01-22 13:00:00+00:00,3426.275,22.31339384,0.89601538,0.88849334,0.00139366,0.0,0.00011767
2025-01-22 14:00:00+00:00,3476.375,20.84971701,0.89834611,0.8924716,0.00276141,0.0,0.0001458
2025-01-22 15:00:00+00:00,3546.55,19.35556015,0.89261297,0.88947319,0.00275281,0.0,0.00015069
2025-01-22 16:00:00+00:00,3601.4,28.84992012,0.88555225,0.86997909,0.00268458,0.00039904,0.00019827
2025-01-22 17:00:00+00:00,3459.41,36.9399285,0.88154645,0.85535624,0.0027474,0.00075133,0.00024757
2025-01-22 18:00:00+00:00,3388.79,18.88106295,0.90282702,0.90016005,0.00226053,0.0,0.00016674
2025-01-22 19:00:00+00:00,3287.73,18.52784043,0.89810477,0.89650369,0.00122582,0.0,0.00015266
2025-01-22 20:00:00+00:00,3083.175,18.35287926,0.90164626,0.90030117,0.00100165,0.0,0.00013997
2025-01-22 21:00:00+00:00,2965.855,18.33192814,0.91035299,0.90881647,0.00116029,0.0,0.00016357
2025-01-22 22:00:00+00:00,2939.69,18.35113497,0.91631987,0.91421203,0.00165097,0.0,0.00019623
2025-01-22 23:00:00+00:00,2810.77,18.22417901,0.92893121,0.9265559,0.00195541,0.0,0.00018457
2025-01-23 00:00:00+00:00,2816.545,18.12875225,0.93313128,0.93103079,0.00163827,0.0,0.00020564
2025-01-23 01:00:00+00:00,2828.28,17.89543535,0.93351499,0.93184124,0.00121828,0.0,0.00019948
2025-01-23 02:00:00+00:00,2764.875,17.62523629,0.93282077,0.93161324,0.00080581,0.0,0.00018192
2025-01-23 03:00:00+00:00,2725.51,17.36341732,0.929869,0.92894457,0.00056518,0.0,0.00016562
2025-01-23 04:00:00+00:00,2747.945,17.20070764,0.92304004,0.92234159,0.00034825,0.0,0.0001525
2025-01-23 05:00:00+00:00,3034.03,17.34923356,0.91892838,0.91809672,0.00052466,0.0,0.00013172
2025-01-23 06:00:00+00:00,3336.68,17.17205233,0.91637262,0.91549994,0.00062731,0.0,9.232e-05
2025-01-23 07:00:00+00:00,3302.985,16.81893072,0.91528703,0.91501785,6.825e-05,0.0,6.303e-05
2025-01-23 08:00:00+00:00,3343.505,17.0926489,0.92031873,0.91965013,0.00043411,0.0,8.73e-05
2025-01-23 09:00:00+00:00,3397.935,17.17065564,0.92197566,0.92121742,0.0004784,0.0,0.00010699
2025-01-23 10:00:00+00:00,3522.215,17.89189094,0.92170013,0.91959061,0.00062073,0.0,0.00012587
2025-01-23 11:00:00+00:00,3588.59,17.24826907,0.91536194,0.91450233,0.00056781,0.0,0.00012383
2025-01-23 12:00:00+00:00,3543.05,17.11790165,0.91067611,0.91009747,0.00031411,0.0,0.00011362
2025-01-23 13:00:00+00:00,3538.955,17.18378757,0.92049558,0.91990805,0.00026665,0.0,0.00014672
2025-01-23 14:00:00+00:00,3514.645,17.53622398,0.91430822,0.91254661,0.00059918,0.00030883,0.0001708
2025-01-23 15:00:00+00:00,3560.63,18.29260914,0.90801396,0.90427804,0.00127628,0.0007356,0.00019531
2025-01-23 16:00:00+00:00,3640.545,17.81311972,0.90294952,0.89999372,0.00132766,0.00038635,0.00019878
2025-01-23 17:00:00+00:00,3571.92,17.27723194,0.91544265,0.91306378,0.00174074,4.891e-05,0.00021548
2025-01-23 18:00:00+00:00,3360.915,16.93672784,0.92316357,0.92096783,0.00174028,0.0,0.00020702
2025-01-23 19:00:00+00:00,3186.625,16.64277013,0.93295647,0.93134065,0.00119355,0.0,0.00018476
2025-01-23 20:00:00+00:00,3106.835,16.44109141,0.94496733,0.94377512,0.00078261,0.0,0.00018339
2025-01-23 21:00:00+00:00,3010.14,16.30727506,0.95562843,0.95488295,0.00034936,0.0,0.00016948
2025-01-23 22:00:00+00:00,2835.985,16.21796452,0.95567909,0.95517969,0.00014238,0.0,0.00015596
2025-01-23 23:00:00+00:00,2808.085,16.17057013,0.95867058,0.9580763,0.00013699,0.0,0.00017891
2025-01-24 00:00:00+00:00,2768.49,16.17799918,0.9609081,0.9604096,0.00011361,0.0,0.00015082
2025-01-24 01:00:00+00:00,2611.925,16.09513662,0.95827295,0.95797656,7.45e-05,0.0,9.045e-05
2025-01-24 02:00:00+00:00,2597.565,16.33739953,0.95793454,0.95727419,5.734e-05,0.00012215,7.417e-05
2025-01-24 03:00:00+00:00,2594.205,16.93204408,0.95745214,0.95580464,7.752e-05,0.00045157,8.464e-05
2025-01-24 04:00:00+00:00,2769.09,16.43087662,0.95310823,0.95266837,0.00012613,0.0,0.00014134
2025-01-24 05:00:00+00:00,3104.605,17.17282156,0.94633546,0.94418509,0.00170447,0.0,0.00021459
2025-01-24 06:00:00+00:00,3332.91,17.27598143,0.93467273,0.9326815,0.00157419,0.0,0.00018004
2025-01-24 07:00:00+00:00,3325.175,17.15879438,0.93330159,0.93153157,0.00134153,6.97e-05,0.00014669
2025-01-24 08:00:00+00:00,3321.515,17.28820546,0.93332752,0.93124379,0.00125218,0.00044862,0.00015697
2025-01-24 09:00:00+00:00,3404.225,17.12432372,0.93485895,0.93324456,0.00126744,0.0,0.00014987
2025-01-24 10:00:00+00:00,3380.205,16.98778419,0.939227,0.93779291,0.00110081,0.0,0.00015252
2025-01-24 11:00:00+00:00,3278.215,16.847959,0.94432641,0.94327549,0.0007314,0.0,0.00014316
2025-01-24 12:00:00+00:00,3243.93,16.62663652,0.94850143,0.94798202,0.00025937,0.0,0.00011512
2025-01-24 13:00:00+00:00,3230.625,16.3377808,0.95478926,0.9544297,0.00010158,0.0,0.00011313
2025-01-24 14:00:00+00:00,3186.795,16.35214928,0.96148604,0.96071461,0.00044592,0.0,0.00015525
2025-01-24 15:00:00+00:00,3131.78,15.9904781,0.96255781,0.96213453,0.00013003,0.0,0.00013804
2025-01-24 16:00:00+00:00,3179.52,15.72216669,0.9652764,0.96486928,0.00011573,0.0,0.00012217
2025-01-24 17:00:00+00:00,3138.06,15.46873311,0.96736978,0.96708567,7.439e-05,0.0,8.599e-05
2025-01-24 18:00:00+00:00,3003.8,15.08438558,0.96789668,0.96775249,2.388e-05,0.0,4.011e-05
2025-01-24 19:00:00+00:00,2945.97,14.77560942,0.96839818,0.96836616,0.0,8e-08,3.28e-06
2025-01-24 20:00:00+00:00,2758.205,14.77298255,0.96944382,0.96942607,0.0,0.0,0.0
2025-01-24 21:00:00+00:00,2637.095,14.56454729,0.96997022,0.96994689,0.0,0.0,1.82e-06
2025-01-24 22:00:00+00:00,2544.035,14.61206522,0.96912732,0.96828866,0.0,0.00064202,1.569e-05
2025-01-24 23:00:00+00:00,2523.05,14.52163842,0.97249436,0.97229795,0.0,2.374e-05,4.137e-05
2025-01-25 00:00:00+00:00,2471.95,14.72280623,0.97261754,0.9715851,0.0,0.00070752,4.813e-05
2025-01-25 01:00:00+00:00,2452.56,14.79324505,0.97339888,0.97197037,0.0,0.00103206,5.039e-05
2025-01-25 02:00:00+00:00,2430.57,14.69481128,0.97407642,0.9729302,0.0,0.00086057,2.771e-05
2025-01-25 03:00:00+00:00,2432.885,14.68371173,0.9736919,0.97274012,0.0,0.00072565,1.982e-05
2025-01-25 04:00:00+00:00,2515.055,14.94166566,0.9720769,0.97012674,0.0,0.00158987,1.245e-05
2025-01-25 05:00:00+00:00,2498.51,15.10297065,0.97145417,0.96934161,0.0,0.00172959,1.048e-05
2025-01-25 06:00:00+00:00,2536.865,15.19791966,0.97272689,0.97065003,0.0,0.00168832,7.95e-06
2025-01-25 07:00:00+00:00,2639.815,15.38327308,0.97084505,0.9687391,0.0,0.00169423,1.252e-05
2025-01-25 08:00:00+00:00,2799.535,15.91107596,0.96945234,0.96566584,0.0,0.00308309,3.267e-05
2025-01-25 09:00:00+00:00,2856.47,16.12444998,0.97039962,0.96628006,0.0,0.00336243,3.508e-05
2025-01-25 10:00:00+00:00,2863.58,16.15159794,0.96955026,0.9659274,0.0,0.00298051,2.302e-05
2025-01-25 11:00:00+00:00,2875.09,15.82045624,0.96879908,0.96694929,0.0,0.00151665,1.053e-05
2025-01-25 12:00:00+00:00,2759.14,15.69985216,0.96850282,0.96737672,0.0,0.00089908,1.294e-05
2025-01-25 13:00:00+00:00,2873.87,15.77163885,0.97028234,0.96885523,0.0,0.00111783,2.715e-05
2025-01-25 14:00:00+00:00,2981.66,15.70148021,0.96996681,0.96866437,0.0,0.00099773,2.916e-05
2025-01-25 15:00:00+00:00,3074.925,15.47022873,0.96846546,0.96771698,0.0,0.00049385,3.949e-05
2025-01-25 16:00:00+00:00,3049.365,15.26873179,0.96905308,0.96853177,1.8e-06,0.0002902,3.13e-05
2025-01-25 17:00:00+00:00,2935.9,15.05866948,0.96948792,0.96894168,0.0,0.00035936,2.121e-05
2025-01-25 18:00:00+00:00,2721.65,14.84830434,0.97135692,0.97070401,0.0,0.00050844,2.59e-06
2025-01-25 19:00:00+00:00,2616.665,14.93452095,0.972984,0.97145069,0.0,0.00126707,6.09e-06
2025-01-25 20:00:00+00:00,2593.09,14.70793197,0.97351473,0.97247347,0.0,0.00085455,4.13e-06
2025-01-25 21:00:00+00:00,2530.755,14.79896041,0.97275621,0.9714236,0.0,0.00110042,5.37e-06
2025-01-25 22:00:00+00:00,2504.14,14.9896846,0.97227002,0.97016088,0.0,0.00174893,8.66e-06
2025-01-25 23:00:00+00:00,2603.71,15.14652823,0.97266065,0.96937847,0.0,0.00272546,1.331e-05
2025-01-26 00:00:00+00:00,2480.545,15.43024143,0.97099897,0.96670105,0.0,0.00359581,1.734e-05
2025-01-26 01:00:00+00:00,2470.1,15.72471915,0.97001201,0.96494022,0.0,0.00424296,2.071e-05
2025-01-26 02:00:00+00:00,2523.49,15.84063161,0.96948089,0.96439477,0.0,0.00425056,2.138e-05
2025-01-26 03:00:00+00:00,2523.95,16.06409713,0.96914716,0.96398423,0.0,0.00431135,2.222e-05
2025-01-26 04:00:00+00:00,2612.06,16.1658833,0.96828839,0.96346378,0.0,0.00402841,2.098e-05
2025-01-26 05:00:00+00:00,2633.225,16.00659029,0.96500317,0.96157789,0.0,0.00284033,1.909e-05
2025-01-26 06:00:00+00:00,2725.39,15.55473845,0.95894347,0.95763344,0.0,0.00100534,2.592e-05
2025-01-26 07:00:00+00:00,2839.96,15.67223613,0.95751583,0.95601768,0.0,0.00113939,2.796e-05
2025-01-26 08:00:00+00:00,2932.325,15.83152122,0.95730647,0.95599397,0.0,0.00085625,7.952e-05
2025-01-26 09:00:00+00:00,3035.045,16.24285079,0.95504082,0.9540203,0.0002122,0.00030346,0.00016977
2025-01-26 10:00:00+00:00,3079.445,16.9252772,0.95208099,0.94961613,0.00198069,0.0,0.00020191
2025-01-26 11:00:00+00:00,3066.22,17.20188651,0.94772512,0.94547183,0.00174638,0.0,0.00021687
2025-01-26 12:00:00+00:00,3051.475,17.60449452,0.94836402,0.94588162,0.00192634,6.15e-06,0.00026571
2025-01-26 13:00:00+00:00,3060.44,17.99173937,0.94532946,0.94160943,0.00160184,0.00128929,0.00028682
2025-01-26 14:00:00+00:00,3055.84,17.85712016,0.94148056,0.93776408,0.00135501,0.0016308,0.00020219
2025-01-26 15:00:00+00:00,3205.545,17.81243262,0.93710203,0.93326585,0.00185483,0.00139857,0.0001715
2025-01-26 16:00:00+00:00,3312.305,18.0920415,0.9366623,0.93161689,0.00199878,0.00239409,0.00017562
2025-01-26 17:00:00+00:00,3292.85,18.3708614,0.93628553,0.93015238,0.00218096,0.00314351,0.0002349
2025-01-26 18:00:00+00:00,3226.905,18.42809353,0.9373815,0.93080034,0.00234776,0.0033202,0.00029912
2025-01-26 19:00:00+00:00,3128.865,18.45963123,0.93493952,0.92868004,0.00181857,0.00346247,0.0003324
2025-01-26 20:00:00+00:00,2997.435,18.11878031,0.93905968,0.93440885,0.00198534,0.00184742,0.00032397
2025-01-26 21:00:00+00:00,2926.38,17.49990808,0.94326342,0.94107038,0.00133656,0.00036408,0.00021715
2025-01-26 22:00:00+00:00,2784.54,17.02159496,0.9396208,0.93934903,1.37e-06,6.806e-05,2.934e-05
2025-01-26 23:00:00+00:00,2678.41,16.99945768,0.94596964,0.94538465,0.00015166,0.0,0.00019798
2025-01-27 00:00:00+00:00,2671.085,16.80446951,0.95072629,0.95048373,0.0,0.0,6.416e-05
2025-01-27 01:00:00+00:00,2546.575,20.60226968,0.94192496,0.93313052,2.916e-05,0.00327782,6.527e-05
2025-01-27 02:00:00+00:00,2600.715,20.17617454,0.948616,0.9411663,3.3e-07,0.00262975,1.552e-05
2025-01-27 03:00:00+00:00,2632.945,28.9002921,0.9483054,0.92367199,2.7e-07,0.00854716,5.005e-05
2025-01-27 04:00:00+00:00,2742.23,47.0950356,0.94226789,0.88654038,2.198e-05,0.01619849,0.00010644
2025-01-27 05:00:00+00:00,3034.855,39.41299031,0.93606262,0.89323692,0.00013607,0.01319085,0.00012825
2025-01-27 06:00:00+00:00,3316.0,25.79621191,0.93806122,0.92007524,0.00154622,0.00476027,8.389e-05
2025-01-27 07:00:00+00:00,3384.71,17.51492838,0.9418909,0.93833848,0.00230809,0.00038093,0.00011662
2025-01-27 08:00:00+00:00,3432.395,18.64104669,0.94635875,0.93990165,0.00283263,0.0012871,0.00013621
2025-01-27 09:00:00+00:00,3419.32,17.67728933,0.93851751,0.93449499,0.00090001,0.00109984,7.48e-05
2025-01-27 10:00:00+00:00,3528.45,22.26529687,0.9392267,0.93031178,0.00013473,0.00051827,0.00010185
2025-01-27 11:00:00+00:00,3493.46,36.52516368,0.93511697,0.90709485,3.94e-06,0.00125767,0.00020052
2025-01-27 12:00:00+00:00,3364.02,24.80956829,0.93361431,0.92095464,1.6e-06,0.00056501,9.521e-05
2025-01-27 13:00:00+00:00,3300.415,15.97276533,0.94047284,0.93966668,5.93e-06,0.00027729,3.169e-05
2025-01-27 14:00:00+00:00,3447.66,15.94115752,0.93621646,0.93564137,0.00032676,5.5e-07,0.00012282
2025-01-27 15:00:00+00:00,3558.71,16.36474174,0.93394751,0.93255626,0.00104146,0.0,0.00017339
2025-01-27 16:00:00+00:00,3662.955,16.77253775,0.94299399,0.94080269,0.00173085,0.0,0.00021515
2025-01-27 17:00:00+00:00,3548.21,16.74352697,0.94282392,0.94013293,0.00223081,0.0,0.0002305
2025-01-27 18:00:00+00:00,3299.015,16.42774985,0.93907437,0.9378291,0.00082802,0.0,0.00020157
2025-01-27 19:00:00+00:00,3261.26,16.31488002,0.94012061,0.93967184,7.566e-05,0.0,0.00013831
2025-01-27 20:00:00+00:00,3190.045,16.42146813,0.94488256,0.94442586,6.875e-05,0.0,0.00013921
2025-01-27 21:00:00+00:00,3117.5,16.52751543,0.94864859,0.94824304,3.834e-05,0.0,0.00011574
2025-01-27 22:00:00+00:00,3084.675,16.75692399,0.95441913,0.953557,0.0,0.00047679,8.869e-05
2025-01-27 23:00:00+00:00,2807.5,17.30171672,0.95627819,0.95423303,0.0,0.00146479,9.132e-05
2025-01-28 00:00:00+00:00,2640.335,17.66213055,0.95745798,0.95403096,0.0,0.00266292,9.693e-05
2025-01-28 01:00:00+00:00,2609.3,18.24698834,0.95676645,0.95122011,0.0,0.00449065,0.00010218
2025-01-28 02:00:00+00:00,2573.575,18.46332091,0.95203963,0.94542102,0.0,0.00539904,0.00010118
2025-01-28 03:00:00+00:00,2495.975,18.41708799,0.95258911,0.94617756,0.0,0.00515393,9.643e-05
2025-01-28 04:00:00+00:00,2631.905,18.15110861,0.95109842,0.94628941,4.96e-06,0.00378502,0.00010772
2025-01-28 05:00:00+00:00,2968.795,18.2649842,0.93944527,0.93583298,2.39e-06,0.00254706,0.00010243
2025-01-28 06:00:00+00:00,3252.235,18.69059202,0.93019759,0.92630272,1.373e-05,0.00260351,0.00013497
2025-01-28 07:00:00+00:00,3263.885,22.41841639,0.92591728,0.91471955,0.00016254,0.00536528,0.00027501
2025-01-28 08:00:00+00:00,3241.275,22.74096837,0.91974682,0.90843352,0.00019491,0.00537205,0.00026249
2025-01-28 09:00:00+00:00,3147.195,22.14066932,0.91633503,0.90676791,0.00018437,0.00479409,0.00021009
2025-01-28 10:00:00+00:00,3095.295,19.65414914,0.90979985,0.90515784,1.64e-05,0.00358972,0.00022558
2025-01-28 11:00:00+00:00,3063.5,19.67807909,0.90433689,0.90011774,0.00014398,0.00336712,0.00021901
2025-01-28 12:00:00+00:00,3057.17,20.1214483,0.89652886,0.89163703,0.0007675,0.00328335,0.0002398
2025-01-28 13:00:00+00:00,3027.99,20.23633171,0.8880473,0.88312935,0.00057669,0.00347399,0.00025115
2025-01-28 14:00:00+00:00,3110.63,20.45598224,0.8803759,0.87459784,0.00078906,0.00398401,0.00030342
2025-01-28 15:00:00+00:00,3142.23,20.49446241,0.87261796,0.86676507,0.0009585,0.00386717,0.00031337
2025-01-28 16:00:00+00:00,3211.545,20.7627038,0.87112215,0.86460409,0.00132259,0.00411376,0.0003509
2025-01-28 17:00:00+00:00,3152.515,20.80381473,0.86350225,0.85670607,0.00142468,0.00431652,0.00035665
2025-01-28 18:00:00+00:00,3097.37,20.881486,0.86635851,0.8597789,0.0009754,0.00454356,0.0003601
2025-01-28 19:00:00+00:00,3024.91,20.87471862,0.92144774,0.91486497,0.00100174,0.00445435,0.00039067
2025-01-28 20:00:00+00:00,2883.77,20.1749836,0.93526124,0.93112232,0.00125562,0.00207515,0.00031258
2025-01-28 21:00:00+00:00,2836.595,19.38364526,0.94155713,0.94006892,0.00105537,0.0,0.00020883
2025-01-28 22:00:00+00:00,2680.47,19.0726644,0.9391797,0.93829343,0.00050754,0.0,0.0001925
2025-01-28 23:00:00+00:00,2594.005,18.92239264,0.94209176,0.94101906,0.00068802,0.0,0.00020271
2025-01-29 00:00:00+00:00,2531.83,18.77429551,0.94203611,0.94155306,0.00015477,0.0,0.00016935
2025-01-29 01:00:00+00:00,2467.245,18.72699773,0.94293136,0.94244635,0.0001489,0.0,0.00016912
2025-01-29 02:00:00+00:00,2454.2,18.63343664,0.94198503,0.94141068,0.00016981,0.0,0.00019906
2025-01-29 03:00:00+00:00,2456.545,18.63025212,0.93981831,0.93921415,0.0001796,0.0,0.00020968
2025-01-29 04:00:00+00:00,2576.63,18.85889648,0.93579057,0.93437409,0.00093564,0.0,0.00024594
2025-01-29 05:00:00+00:00,2882.66,19.13209011,0.93104607,0.9284943,0.00203122,0.0,0.00026454
2025-01-29 06:00:00+00:00,3145.655,19.14576536,0.9242792,0.92205353,0.00168551,0.0,0.00026639
2025-01-29 07:00:00+00:00,3124.275,19.60266326,0.91921822,0.91548037,0.00134283,0.00136981,0.00031549
2025-01-29 08:00:00+00:00,3216.2,19.66731177,0.9189517,0.91492287,0.0011612,0.00176227,0.00034501
2025-01-29 09:00:00+00:00,3154.88,18.82988671,0.91131238,0.90945259,0.00067012,0.00055458,0.00023837
2025-01-29 10:00:00+00:00,3151.19,19.49165376,0.90807179,0.90433064,0.00061799,0.0020334,0.00030413
2025-01-29 11:00:00+00:00,3079.96,19.33381082,0.9064668,0.90343163,0.00017182,0.00201664,0.00024912
2025-01-29 12:00:00+00:00,3092.36,19.64860633,0.90955197,0.90482531,0.00015963,0.00353933,0.00033313
2025-01-29 13:00:00+00:00,3127.23,19.4639963,0.90910677,0.90396833,0.00034191,0.00390121,0.00032725
2025-01-29 14:00:00+00:00,3154.01,19.13083229,0.90527746,0.90062587,0.00038726,0.00337799,0.00027772
2025-01-29 15:00:00+00:00,3254.835,18.78888131,0.8987221,0.89449964,0.00032632,0.00306456,0.00024297
2025-01-29 16:00:00+00:00,3306.37,24.33861309,0.89375468,0.87207984,0.00822152,0.00414704,0.00023522
2025-01-29 17:00:00+00:00,3254.78,23.82138023,0.89948446,0.87396152,0.01207526,0.00351491,0.00018926
2025-01-29 18:00:00+00:00,3178.68,21.99753007,0.90468328,0.88401472,0.00947772,0.00394725,0.0001765
2025-01-29 19:00:00+00:00,3041.94,19.64260984,0.90658869,0.89794006,0.00189678,0.00351328,0.00013046
2025-01-29 20:00:00+00:00,2885.51,17.98747844,0.92219549,0.9185153,6.394e-05,0.00281245,0.0001283
2025-01-29 21:00:00+00:00,2772.58,17.76232195,0.93533511,0.93143218,2.54e-05,0.0031296,8.911e-05
2025-01-29 22:00:00+00:00,2628.835,17.37040174,0.93526216,0.93168149,0.0,0.00299383,3.952e-05
2025-01-29 23:00:00+00:00,2466.16,17.50067537,0.93649793,0.93130168,0.0,0.0043652,5.634e-05
2025-01-30 00:00:00+00:00,2407.855,17.64668211,0.93810482,0.93189826,0.0,0.00534694,3.202e-05
2025-01-30 01:00:00+00:00,2376.895,17.74348275,0.9352495,0.92868153,0.0,0.00570246,1.607e-05
2025-01-30 02:00:00+00:00,2388.295,17.74591696,0.93618877,0.92958086,0.0,0.00573312,1.722e-05
2025-01-30 03:00:00+00:00,2406.41,17.54137543,0.93532803,0.92960374,0.0,0.00497696,1.84e-05
2025-01-30 04:00:00+00:00,2505.07,17.26496781,0.93370192,0.92986796,0.0,0.00333258,1.429e-05
2025-01-30 05:00:00+00:00,2828.25,17.43503948,0.92678838,0.92327107,0.0,0.00306567,6.284e-05
2025-01-30 06:00:00+00:00,3124.75,17.41356572,0.92158688,0.91843072,0.00018405,0.00253445,8.9e-05
2025-01-30 07:00:00+00:00,3141.045,17.47840131,0.9174885,0.9142796,0.00026308,0.00253676,8.818e-05
2025-01-30 08:00:00+00:00,3156.93,17.49972518,0.91511392,0.9120132,0.00017525,0.00253929,9.939e-05
2025-01-30 09:00:00+00:00,3194.18,17.58786458,0.91538294,0.91210358,0.00037787,0.00251877,7.081e-05
2025-01-30 10:00:00+00:00,3152.84,17.48618337,0.91859918,0.91615064,0.00017688,0.00196245,5.411e-05
2025-01-30 11:00:00+00:00,3182.175,17.59216645,0.91862513,0.91633819,0.0,0.00196985,5.172e-05
2025-01-30 12:00:00+00:00,3211.81,17.59720285,0.9179976,0.91565019,3.148e-05,0.0019948,4.47e-05
2025-01-30 13:00:00+00:00,3170.59,17.71919662,0.91930833,0.91636725,0.00049118,0.00209915,5.13e-05
2025-01-30 14:00:00+00:00,3217.595,17.98079241,0.91877536,0.91461441,0.00057539,0.00307689,9.296e-05
2025-01-30 15:00:00+00:00,3357.19,18.12141347,0.91838188,0.91319124,0.00084166,0.00374171,0.00013025
2025-01-30 16:00:00+00:00,3340.12,18.22167457,0.91780751,0.91160974,0.0010376,0.00443891,0.00015435
2025-01-30 17:00:00+00:00,3185.595,18.07461849,0.9166008,0.91057484,0.00106334,0.0042682,0.00015021
2025-01-30 18:00:00+00:00,3209.355,17.89227847,0.91821652,0.91313543,0.00070576,0.00370141,0.00016671
2025-01-30 19:00:00+00:00,3126.455,17.52285311,0.91884594,0.91454219,0.00036085,0.0033234,0.00013469
2025-01-30 20:00:00+00:00,2949.64,17.11384349,0.92547828,0.92245402,0.0,0.00253451,8.175e-05
2025-01-30 21:00:00+00:00,2691.285,16.94902286,0.92747448,0.92483356,0.0,0.00217608,5.033e-05
2025-01-30 22:00:00+00:00,2546.485,16.85639087,0.93120603,0.92873404,0.0,0.00204473,3.89e-05
2025-01-30 23:00:00+00:00,2623.045,16.64831949,0.93493256,0.93246971,0.0,0.00204009,3.421e-05
2025-01-31 00:00:00+00:00,2651.155,16.6245952,0.93652612,0.93453825,0.0,0.00156783,5.68e-05
2025-01-31 01:00:00+00:00,2643.83,16.71946752,0.93683152,0.93471178,0.0,0.00164008,7.011e-05
2025-01-31 02:00:00+00:00,2663.85,16.80925181,0.93663327,0.93449804,0.0,0.00162297,8.355e-05
2025-01-31 03:00:00+00:00,2714.015,16.81975074,0.93421107,0.93215425,0.0,0.00160389,9.447e-05
2025-01-31 04:00:00+00:00,2792.755,16.76069179,0.93084492,0.92955763,4.783e-05,0.00080974,0.0001365
2025-01-31 05:00:00+00:00,3042.44,17.22917167,0.91697151,0.91477579,0.00056162,0.00116676,0.0001553
2025-01-31 06:00:00+00:00,3336.475,17.66706829,0.90424025,0.90122545,0.00010082,0.00233134,0.00017669
2025-01-31 07:00:00+00:00,3325.88,17.88601139,0.89647832,0.89263669,0.0,0.0031406,0.0002004
2025-01-31 08:00:00+00:00,3310.475,17.88667497,0.89895465,0.89539574,0.0,0.00301979,0.00018955
2025-01-31 09:00:00+00:00,3238.29,18.15245039,0.8978233,0.89420086,0.0,0.00311341,0.00018068
2025-01-31 10:00:00+00:00,3228.805,18.32084705,0.89817001,0.89479874,0.0,0.00283559,0.00017938
2025-01-31 11:00:00+00:00,3213.335,18.06684016,0.89327989,0.89095956,0.0,0.00185761,0.00013919
2025-01-31 12:00:00+00:00,3247.665,17.8833404,0.89831034,0.89647957,0.00020034,0.00120166,0.00012723
2025-01-31 13:00:00+00:00,3193.445,17.41238097,0.90236126,0.90077514,0.0,0.00121848,0.00011134
2025-01-31 14:00:00+00:00,3179.89,16.94023662,0.90488253,0.90337383,7.878e-05,0.00105857,0.00010828
2025-01-31 15:00:00+00:00,3221.08,16.56716905,0.90483421,0.90384611,0.0,0.00064476,8.219e-05
2025-01-31 16:00:00+00:00,3390.015,16.47541656,0.91015549,0.9087299,0.00038773,0.00067744,9.435e-05
2025-01-31 17:00:00+00:00,3360.665,16.45421693,0.91115403,0.90937599,7.583e-05,0.00134665,0.0001137
2025-01-31 18:00:00+00:00,3263.965,15.96958605,0.91110114,0.91011052,0.00021505,0.00065156,3.832e-05
2025-01-31 19:00:00+00:00,3161.94,15.60902533,0.91743087,0.91740716,0.0,0.0,0.0
2025-01-31 20:00:00+00:00,3032.605,15.57053275,0.92512901,0.92511033,0.0,0.0,0.0
2025-01-31 21:00:00+00:00,2943.175,15.52451628,0.9307887,0.93077,0.0,0.0,0.0
2025-01-31 22:00:00+00:00,2956.975,15.49498642,0.9323124,0.93229358,0.0,0.0,0.0
2025-01-31 23:00:00+00:00,2854.865,15.30029961,0.9403846,0.94035032,0.0,1.4e-07,4e-06
2025-02-01 00:00:00+00:00,2755.755,15.3334869,0.9422457,0.94220224,0.0,1.7e-07,7.58e-06
2025-02-01 01:00:00+00:00,2651.0,15.2559462,0.94010354,0.94007211,0.0,7e-08,2.7e-06
2025-02-01 02:00:00+00:00,2677.24,15.13679872,0.94132167,0.94130087,0.0,0.0,0.0
2025-02-01 03:00:00+00:00,2660.37,15.13002295,0.94147839,0.9414618,0.0,0.0,0.0
2025-02-01 04:00:00+00:00,2705.435,15.19001111,0.94151823,0.94149627,0.0,0.0,0.0
2025-02-01 05:00:00+00:00,2740.76,15.32777031,0.93847925,0.93845832,0.0,0.0,0.0
2025-02-01 06:00:00+00:00,2869.675,15.46426079,0.93712081,0.9370436,0.0,1.1e-07,2.74e-06
2025-02-01 07:00:00+00:00,2902.005,15.74267313,0.93430646,0.93426756,0.0,0.0,0.0
2025-02-01 08:00:00+00:00,2927.63,16.31376226,0.92997208,0.92967534,0.00027043,1e-08,2.6e-06
2025-02-01 09:00:00+00:00,3023.41,16.86579233,0.92734781,0.92712111,0.00020229,1e-08,1.68e-06
2025-02-01 10:00:00+00:00,2912.765,17.57284339,0.92901314,0.92872896,0.00025805,3e-08,2.55e-06
2025-02-01 11:00:00+00:00,2858.595,18.03077019,0.92812606,0.92739907,0.00066655,9e-08,6.35e-06
2025-02-01 12:00:00+00:00,2846.71,17.94727932,0.92485725,0.9243103,0.0005073,8e-08,4.91e-06
2025-02-01 13:00:00+00:00,2868.425,17.6630879,0.92341931,0.92285603,0.00052547,6e-08,6.21e-06
2025-02-01 14:00:00+00:00,2944.735,17.22805351,0.92273958,0.92236957,0.0002438,0.0,2.545e-05
2025-02-01 15:00:00+00:00,3088.395,17.04358227,0.92075259,0.92014099,0.00050648,1.1e-07,8.7e-06
2025-02-01 16:00:00+00:00,3136.855,17.24629038,0.91454885,0.91279536,0.00026115,0.00119925,1.122e-05
2025-02-01 17:00:00+00:00,3158.085,17.01877747,0.91289429,0.91202625,0.0,0.00071645,4.7e-06
2025-02-01 18:00:00+00:00,3085.46,16.85640946,0.91482613,0.91470076,8.43e-05,0.0,5.05e-06
2025-02-01 19:00:00+00:00,2971.41,16.93675168,0.9155736,0.91525583,0.00028368,0.0,3.48e-06
2025-02-01 20:00:00+00:00,2949.515,17.18359534,0.92052549,0.91983934,0.00062611,0.0,1.225e-05
2025-02-01 21:00:00+00:00,2954.05,17.33024881,0.93026445,0.92953553,0.00064042,0.0,2.045e-05
2025-02-01 22:00:00+00:00,2904.455,17.43106744,0.93655637,0.93552742,0.00094549,0.0,1.892e-05
2025-02-01 23:00:00+00:00,2879.57,17.3745989,0.93983127,0.93901342,0.00071217,0.0,2.881e-05
2025-02-02 00:00:00+00:00,2787.715,17.50361025,0.94111229,0.94013732,0.00071668,0.0,9.84e-05
2025-02-02 01:00:00+00:00,2775.52,17.54683921,0.94239338,0.94141783,0.00060006,0.0,0.0001423
2025-02-02 02:00:00+00:00,2859.365,17.830453,0.94337779,0.94124329,0.00071892,0.00083578,0.00017665
2025-02-02 03:00:00+00:00,2907.975,17.99023452,0.94115074,0.93867493,0.00059075,0.00120942,0.000196
2025-02-02 04:00:00+00:00,2897.82,18.05461147,0.93700308,0.9342761,0.00099308,0.00111319,0.0001935
2025-02-02 05:00:00+00:00,2990.565,18.44036528,0.93368573,0.92943384,0.00111874,0.00243943,0.00015284
2025-02-02 06:00:00+00:00,3064.58,18.87004069,0.92931815,0.92347648,0.0016525,0.00331683,0.00017794
2025-02-02 07:00:00+00:00,3119.92,19.02465639,0.92836271,0.9225133,0.00162099,0.00329603,0.00020914
2025-02-02 08:00:00+00:00,3205.495,19.30642639,0.92386802,0.91773783,0.00191479,0.00333646,0.00019491
2025-02-02 09:00:00+00:00,3172.43,19.54302028,0.92576501,0.91998732,0.00221205,0.002727,0.00020735
2025-02-02 10:00:00+00:00,3185.845,19.67632356,0.92053093,0.91474919,0.00275041,0.00228661,0.00019294
2025-02-02 11:00:00+00:00,3144.075,19.74369421,0.92148268,0.91584187,0.00281747,0.00206595,0.00019912
2025-02-02 12:00:00+00:00,3117.9,19.69902548,0.9220656,0.91705793,0.00231517,0.00185421,0.00024684
2025-02-02 13:00:00+00:00,3149.085,19.52536645,0.92201664,0.91712099,0.00246584,0.00160395,0.00025408
2025-02-02 14:00:00+00:00,3180.39,19.34713922,0.91979447,0.91443812,0.0030828,0.00156253,0.00019377
2025-02-02 15:00:00+00:00,3278.3,18.97169,0.91299878,0.90924035,0.00316114,0.0,0.0002074
2025-02-02 16:00:00+00:00,3372.24,18.99541035,0.91050109,0.90670207,0.00293188,0.00018731,0.00018782
2025-02-02 17:00:00+00:00,3380.095,18.8209801,0.9106662,0.90724868,0.00290223,0.0,0.00017888
2025-02-02 18:00:00+00:00,3273.35,18.54956037,0.90693344,0.90470988,0.00185128,0.00012192,7.858e-05
2025-02-02 19:00:00+00:00,3159.925,18.65142075,0.90985252,0.90755618,0.00156245,0.00045737,6.937e-05
2025-02-02 20:00:00+00:00,3068.635,18.79351669,0.91649146,0.91362175,0.00204922,0.00048114,0.00010525
2025-02-02 21:00:00+00:00,2995.355,18.76352647,0.92246431,0.91966291,0.00199521,0.00050805,8.992e-05
2025-02-02 22:00:00+00:00,2866.34,18.81441378,0.92907955,0.92610252,0.00176628,0.00088207,7.817e-05
2025-02-02 23:00:00+00:00,2837.57,18.93895618,0.92829815,0.92466467,0.00147094,0.00170471,8.61e-05
2025-02-03 00:00:00+00:00,2853.935,18.79404545,0.92994616,0.92750925,0.00097316,0.00102992,0.00010891
2025-02-03 01:00:00+00:00,2847.91,18.72329369,0.93104753,0.92851602,0.00134701,0.00076661,0.00012961
2025-02-03 02:00:00+00:00,2840.93,18.92564245,0.92947612,0.92633541,0.00104687,0.00153671,0.000171
2025-02-03 03:00:00+00:00,2877.52,18.95798949,0.92698062,0.9238388,0.00099356,0.00158235,0.0001693
2025-02-03 04:00:00+00:00,2928.445,19.22054862,0.92018535,0.91624344,0.00176015,0.00151628,0.00019687
2025-02-03 05:00:00+00:00,3202.25,19.50986764,0.90643039,0.90153587,0.00260479,0.00149234,0.00021722
2025-02-03 06:00:00+00:00,3532.72,19.70415082,0.90112758,0.89611246,0.00249456,0.00158278,0.00020364
2025-02-03 07:00:00+00:00,3558.545,19.80144884,0.89854713,0.89326806,0.00267152,0.00156622,0.00022205
2025-02-03 08:00:00+00:00,3621.255,19.94990373,0.89891525,0.89362235,0.00264633,0.00154121,0.00025715
2025-02-03 09:00:00+00:00,3545.46,19.49730797,0.89724138,0.8933355,0.00348864,1.72e-06,0.0001851
2025-02-03 10:00:00+00:00,3476.88,19.77196781,0.89542978,0.89139401,0.00355373,0.0,0.00021468
2025-02-03 11:00:00+00:00,3396.99,19.86488014,0.88976086,0.88590365,0.00333041,0.0,0.00021645
2025-02-03 12:00:00+00:00,3216.93,19.67574066,0.87429104,0.8711671,0.00270393,0.0,0.00018466
2025-02-03 13:00:00+00:00,3294.67,19.38143846,0.88068606,0.87758218,0.00274448,0.0,0.00016703
2025-02-03 14:00:00+00:00,3336.29,19.39021013,0.89790024,0.89406648,0.00270087,0.00053885,0.00018764
2025-02-03 15:00:00+00:00,3418.285,19.39428593,0.89935884,0.89508618,0.00289113,0.00064892,0.00020564
2025-02-03 16:00:00+00:00,3435.35,20.1426247,0.86449778,0.85923076,0.00212741,0.00174946,0.0002383
2025-02-03 17:00:00+00:00,3359.375,20.71571495,0.89589758,0.88818692,0.00251381,0.00314697,0.0003401
2025-02-03 18:00:00+00:00,3322.995,20.61049761,0.89757829,0.88964165,0.00246935,0.00346185,0.00032971
2025-02-03 19:00:00+00:00,3263.61,20.49018502,0.90176674,0.89384971,0.00234705,0.00365888,0.00035123
2025-02-03 20:00:00+00:00,3161.34,19.3358683,0.90606271,0.90123938,0.0025835,0.00131024,0.00025139
2025-02-03 21:00:00+00:00,3020.02,18.62003876,0.90880902,0.90585695,0.00251322,0.0,0.00021824
2025-02-03 22:00:00+00:00,2940.63,18.68579017,0.91780521,0.91497223,0.00208097,0.00012634,0.00027619
2025-02-03 23:00:00+00:00,2864.32,18.47384282,0.92745981,0.92444467,0.00252586,0.0,0.00023142
2025-02-04 00:00:00+00:00,2793.755,18.38449547,0.92668132,0.92368481,0.00255336,0.0,0.00021674
2025-02-04 01:00:00+00:00,2784.87,18.39399494,0.92553687,0.92254589,0.00242722,0.0,0.00026933
2025-02-04 02:00:00+00:00,2753.17,18.4583513,0.92560696,0.9225213,0.00249764,0.0,0.00028678
2025-02-04 03:00:00+00:00,2755.625,18.35800233,0.92600661,0.92282403,0.00264073,0.0,0.00026945
2025-02-04 04:00:00+00:00,2865.47,18.38836673,0.91999705,0.91633012,0.00311206,0.0,0.00026223
2025-02-04 05:00:00+00:00,3124.88,18.5000629,0.90988933,0.90617226,0.00315491,0.0,0.00026392
2025-02-04 06:00:00+00:00,3411.335,18.43698486,0.90528651,0.9016609,0.00307431,0.0,0.00022279
2025-02-04 07:00:00+00:00,3458.155,18.30777071,0.90177693,0.8990532,0.00226015,0.0,0.00020242
2025-02-04 08:00:00+00:00,3469.3,18.42463676,0.90510723,0.90204511,0.00259438,0.0,0.00021878
2025-02-04 09:00:00+00:00,3464.87,18.52956963,0.90742118,0.904078,0.00280046,0.0,0.00025186
2025-02-04 10:00:00+00:00,3486.63,18.66189017,0.91294596,0.90911377,0.00322404,0.0,0.00028543
2025-02-04 11:00:00+00:00,3441.77,18.56021114,0.91597785,0.912567,0.00284282,0.0,0.00027664
2025-02-04 12:00:00+00:00,3474.29,18.55808842,0.92074282,0.91711052,0.00303243,0.0,0.00028538
2025-02-04 13:00:00+00:00,3474.29,18.25414919,0.92543357,0.92193567,0.00291389,0.0,0.00027127
2025-02-04 14:00:00+00:00,3418.325,18.61185588,0.92702616,0.92137032,0.00220276,0.00230478,0.0003273
2025-02-04 15:00:00+00:00,3367.55,18.22916135,0.92691774,0.92148283,0.00248312,0.00201787,0.0002781
2025-02-04 16:00:00+00:00,3485.295,18.08715944,0.9330067,0.92760363,0.00258043,0.00178266,0.00024345
2025-02-04 17:00:00+00:00,3414.27,17.63339697,0.93605584,0.93193268,0.00149059,0.00174578,0.00020756
2025-02-04 18:00:00+00:00,3432.685,17.06038754,0.93542927,0.93225897,0.00064268,0.00179273,0.0001739
2025-02-04 19:00:00+00:00,3302.87,16.42180343,0.93560113,0.93345544,1.75e-05,0.00162004,8.496e-05
2025-02-04 20:00:00+00:00,3193.27,16.12033383,0.93860304,0.93664548,0.0,0.00152326,4.431e-05
2025-02-04 21:00:00+00:00,3066.185,15.76397435,0.94124468,0.93976803,0.0,0.00117551,2.695e-05
2025-02-04 22:00:00+00:00,2871.665,15.456857,0.93885224,0.93764391,0.0,0.00103296,2.28e-06
2025-02-04 23:00:00+00:00,2790.315,15.1594502,0.94307065,0.94197811,0.0,0.00089859,7.73e-06
2025-02-05 00:00:00+00:00,2710.67,14.97718859,0.9466611,0.9456575,0.0,0.00085391,1.79e-06
2025-02-05 01:00:00+00:00,2703.44,14.88816227,0.94765645,0.94674331,0.0,0.00077987,2.73e-06
2025-02-05 02:00:00+00:00,2614.99,14.7837583,0.94709389,0.94635526,0.0,0.00063087,2.75e-06
2025-02-05 03:00:00+00:00,2622.37,14.75415107,0.94781838,0.94719517,0.0,0.00053148,2.19e-06
2025-02-05 04:00:00+00:00,2691.945,14.63252935,0.94651095,0.94610119,0.0,0.00034742,1.45e-06
2025-02-05 05:00:00+00:00,3018.715,14.72456262,0.94662878,0.94630251,0.0,0.000265,4.2e-06
2025-02-05 06:00:00+00:00,3370.665,14.90021912,0.94656203,0.94620717,0.0,0.00018643,3.268e-05
2025-02-05 07:00:00+00:00,3444.17,15.00053761,0.94713248,0.94672222,0.0,0.00030522,8.81e-06
2025-02-05 08:00:00+00:00,3481.72,15.45299528,0.94902476,0.94806752,2.654e-05,0.00035388,3.458e-05
2025-02-05 09:00:00+00:00,3526.455,15.43441805,0.95167557,0.95111692,7.15e-06,0.00024892,1.617e-05
2025-02-05 10:00:00+00:00,3418.56,16.28847496,0.9493212,0.9474304,0.0,0.00038142,1.157e-05
2025-02-05 11:00:00+00:00,3193.645,15.78335409,0.95165878,0.95117151,0.0,0.00019353,1.274e-05
2025-02-05 12:00:00+00:00,3040.125,15.6894179,0.95076399,0.95048698,0.0,0.00021936,2.76e-06
2025-02-05 13:00:00+00:00,3006.46,15.55823678,0.9499754,0.94958598,0.0,0.0003169,4.05e-06
2025-02-05 14:00:00+00:00,3098.11,15.29685662,0.9406304,0.94032993,0.0,0.00021951,1.092e-05
2025-02-05 15:00:00+00:00,3185.455,15.1061559,0.93617696,0.93606788,0.0,0.0,9.29e-06
2025-02-05 16:00:00+00:00,3494.285,15.18639479,0.93275756,0.9324311,3.25e-06,0.0,2.477e-05
2025-02-05 17:00:00+00:00,3417.135,15.12370826,0.94527432,0.94503573,0.0,0.0,1.91e-05
2025-02-05 18:00:00+00:00,3383.3,15.11865068,0.94624692,0.9460779,0.0,0.0,1.618e-05
2025-02-05 19:00:00+00:00,3330.595,15.23243378,0.94635464,0.94598499,0.0,0.00023813,1.586e-05
2025-02-05 20:00:00+00:00,3168.785,15.42492811,0.94844101,0.94779707,0.0,0.00052333,1.197e-05
2025-02-05 21:00:00+00:00,3041.88,15.47556069,0.94852675,0.94782799,0.0,0.00057028,1.212e-05
2025-02-05 22:00:00+00:00,2837.845,15.29635912,0.94908646,0.9490033,0.0,0.0,1.974e-05
2025-02-05 23:00:00+00:00,2724.535,15.58693451,0.9448297,0.94415245,0.0,0.00052675,1.165e-05
2025-02-06 00:00:00+00:00,2710.345,15.81579934,0.94431484,0.9432127,0.0,0.00087315,1.651e-05
2025-02-06 01:00:00+00:00,2591.49,15.80815856,0.9420946,0.94151568,0.0,0.00040129,1.966e-05
2025-02-06 02:00:00+00:00,2515.98,15.85494907,0.94080731,0.94068832,0.0,0.0,2.888e-05
2025-02-06 03:00:00+00:00,2546.025,16.05566072,0.9391936,0.93895069,2.148e-05,0.0,5.665e-05
2025-02-06 04:00:00+00:00,2781.82,16.34833195,0.92734648,0.92681657,0.00023177,0.0,7.573e-05
2025-02-06 05:00:00+00:00,3028.655,17.04726999,0.91492231,0.91304389,0.00081152,0.00055226,0.00011855
2025-02-06 06:00:00+00:00,3242.645,17.51913582,0.90360999,0.90019323,0.0017185,0.0010044,0.00013913
2025-02-06 07:00:00+00:00,3264.605,18.3017772,0.90237634,0.89745324,0.00182059,0.00184528,0.00020157
2025-02-06 08:00:00+00:00,3368.735,19.15914004,0.90097764,0.89452695,0.00211461,0.00269806,0.00027211
2025-02-06 09:00:00+00:00,3427.64,19.13363043,0.89985581,0.89506634,0.00213096,0.00164409,0.00019306
2025-02-06 10:00:00+00:00,3389.69,19.57700225,0.89840259,0.89376423,0.00206578,0.00165734,0.00019423
2025-02-06 11:00:00+00:00,3185.155,19.52383075,0.89350479,0.89045362,0.00100051,0.00135886,0.00016148
2025-02-06 12:00:00+00:00,3024.445,19.10155803,0.89349599,0.89165496,9.881e-05,0.00122533,0.00012207
2025-02-06 13:00:00+00:00,2975.205,18.55973291,0.89491769,0.89254523,0.00016419,0.00177827,0.00014163
2025-02-06 14:00:00+00:00,3065.295,17.960666,0.89719022,0.89409153,0.00026862,0.00235926,0.00017703
2025-02-06 15:00:00+00:00,3199.735,17.67963333,0.90202247,0.8976569,0.0009929,0.00274549,0.00022489
2025-02-06 16:00:00+00:00,3285.735,17.69259272,0.90489727,0.8999162,0.00117671,0.0029128,0.00019743
2025-02-06 17:00:00+00:00,3153.97,17.45191017,0.90191329,0.89762241,0.00075941,0.00273826,0.00014877
2025-02-06 18:00:00+00:00,3098.725,17.30918391,0.90300777,0.89910976,0.00045554,0.0026615,0.00011696
2025-02-06 19:00:00+00:00,2928.03,17.21294277,0.90493779,0.90098682,0.00055414,0.00263267,9.431e-05
2025-02-06 20:00:00+00:00,2775.755,17.04105052,0.91083473,0.90737331,7.575e-05,0.0026331,8.311e-05
2025-02-06 21:00:00+00:00,2710.565,16.9539322,0.91895544,0.91551963,0.0,0.00267324,8.308e-05
2025-02-06 22:00:00+00:00,2704.995,16.98785397,0.92582771,0.92224997,0.0,0.00283177,7.443e-05
2025-02-06 23:00:00+00:00,2666.78,16.89973032,0.92670786,0.92311932,0.0,0.00300858,1.569e-05
2025-02-07 00:00:00+00:00,2635.705,16.84097481,0.92790921,0.9242746,0.0,0.00302554,3.033e-05
2025-02-07 01:00:00+00:00,2638.02,16.88800566,0.92916697,0.92507851,0.0,0.00341139,3.129e-05
2025-02-07 02:00:00+00:00,2768.645,17.1349781,0.92959074,0.9248242,0.0,0.00403687,2.137e-05
2025-02-07 03:00:00+00:00,2860.915,17.03230871,0.9283725,0.92409658,0.0,0.00362398,1.773e-05
2025-02-07 04:00:00+00:00,2980.905,16.96373296,0.92298843,0.91955965,0.0,0.00286743,2.479e-05
2025-02-07 05:00:00+00:00,3168.18,17.52521667,0.91290264,0.90918081,0.00017957,0.00294677,2.764e-05
2025-02-07 06:00:00+00:00,3406.46,17.65471749,0.90143122,0.89791327,0.0,0.0029785,1.428e-05
2025-02-07 07:00:00+00:00,3510.53,30.8250885,0.89313368,0.86504733,0.00040946,0.0121059,2.869e-05
2025-02-07 08:00:00+00:00,3533.905,17.96040188,0.89320119,0.89026751,0.00044265,0.00203298,1.941e-05
2025-02-07 09:00:00+00:00,3467.595,18.19795769,0.89438201,0.89139169,0.00108266,0.00156072,2.845e-05
2025-02-07 10:00:00+00:00,3391.645,18.37087165,0.89242991,0.88967321,0.00130056,0.00105358,9.21e-05
2025-02-07 11:00:00+00:00,3310.24,18.27089416,0.87408738,0.87227125,0.0009401,0.00053291,9.005e-05
2025-02-07 12:00:00+00:00,3349.805,17.91294264,0.86903705,0.86835732,6.47e-06,0.00040978,2.835e-05
2025-02-07 13:00:00+00:00,3370.79,18.52153773,0.86956326,0.86753829,0.00013434,0.00085274,2.883e-05
2025-02-07 14:00:00+00:00,3404.32,17.84830112,0.86974391,0.86824076,0.00049894,0.00075291,3.943e-05
2025-02-07 15:00:00+00:00,3352.435,17.44595875,0.86603922,0.8649203,0.00035764,0.00057257,2.867e-05
2025-02-07 16:00:00+00:00,3467.345,17.35763729,0.90398959,0.90301885,0.00069789,0.0,5.866e-05
2025-02-07 17:00:00+00:00,3395.165,16.96639529,0.92436108,0.92351643,0.00062694,0.0,4.306e-05
2025-02-07 18:00:00+00:00,3247.2,16.77740021,0.93046989,0.92935661,0.00082048,0.0,8.253e-05
2025-02-07 19:00:00+00:00,3036.145,16.31889727,0.93429277,0.93390781,0.00021913,9.7e-07,4.865e-05
2025-02-07 20:00:00+00:00,2947.755,16.10031804,0.9416767,0.941544,0.0,0.0,3.245e-05
2025-02-07 21:00:00+00:00,2840.615,15.90453809,0.94783516,0.94766963,0.0,0.0,4.236e-05
2025-02-07 22:00:00+00:00,2689.145,15.75674573,0.95338997,0.95320703,0.0,0.0,4.786e-05
2025-02-07 23:00:00+00:00,2621.74,15.59453388,0.95179922,0.95158185,0.0,0.0,5.104e-05
2025-02-08 00:00:00+00:00,2597.875,15.48019337,0.94971552,0.94952436,0.0,0.0,4.883e-05
2025-02-08 01:00:00+00:00,2700.195,15.51429014,0.95097078,0.95077589,0.0,0.0,5.133e-05
2025-02-08 02:00:00+00:00,2601.79,22.19770905,0.94682001,0.93292661,1e-08,0.00063121,4.7e-05
2025-02-08 03:00:00+00:00,2605.6,18.88207008,0.94739323,0.94020987,2e-08,0.00031372,3.267e-05
2025-02-08 04:00:00+00:00,2706.3,22.67655332,0.94612157,0.93120781,2e-08,0.00065475,2.638e-05
2025-02-08 05:00:00+00:00,2757.51,17.92037162,0.94915681,0.94415459,3e-08,0.00021718,2.885e-05
2025-02-08 06:00:00+00:00,2909.33,15.52128159,0.94778364,0.94769713,0.0,0.0,1.98e-05
2025-02-08 07:00:00+00:00,3067.56,15.77123147,0.94522127,0.94495549,0.0,0.0,2.576e-05
2025-02-08 08:00:00+00:00,3187.835,16.01718163,0.94463597,0.94438729,0.0,0.0,4.78e-05
2025-02-08 09:00:00+00:00,3275.74,16.39944335,0.94125376,0.94097424,1.232e-05,0.0,7.459e-05
2025-02-08 10:00:00+00:00,3354.9,16.68207529,0.93519711,0.93494762,4.03e-06,0.0,6.492e-05
2025-02-08 11:00:00+00:00,3259.565,17.01868276,0.93434488,0.93407851,1.14e-05,0.0,7.024e-05
2025-02-08 12:00:00+00:00,3176.595,17.11730442,0.93287628,0.93273705,0.0,0.0,3.187e-05
2025-02-08 13:00:00+00:00,3101.07,17.04496839,0.9279247,0.92776507,0.0,0.0,3.688e-05
2025-02-08 14:00:00+00:00,3069.31,16.92564054,0.91755324,0.91723267,3.516e-05,0.0,9.014e-05
2025-02-08 15:00:00+00:00,3098.535,17.0433539,0.91414962,0.91371677,0.00015461,0.0,9.776e-05
2025-02-08 16:00:00+00:00,3191.495,17.27390702,0.91559719,0.9147442,0.000435,0.0,0.00012668
2025-02-08 17:00:00+00:00,3178.86,17.27379247,0.91311037,0.91241819,0.00024015,0.0,0.00011632
2025-02-08 18:00:00+00:00,3114.15,17.27633684,0.91078911,0.91026968,0.00014143,0.0,8.949e-05
2025-02-08 19:00:00+00:00,3029.545,17.37777635,0.91626101,0.91591916,2.09e-05,0.0,8.07e-05
2025-02-08 20:00:00+00:00,2845.14,18.34859211,0.92782602,0.92564811,0.0001476,6.66e-05,7.87e-05
2025-02-08 21:00:00+00:00,2786.525,21.62219233,0.93125541,0.92238289,0.00045411,0.00032603,5.076e-05
2025-02-08 22:00:00+00:00,2751.435,26.9268205,0.93038462,0.91018841,0.00136914,0.00084271,5.528e-05
2025-02-08 23:00:00+00:00,2708.28,25.19379172,0.92935621,0.91386428,2.463e-05,0.00068925,0.00010692
2025-02-09 00:00:00+00:00,2675.4,29.7911372,0.92753176,0.90299803,1.341e-05,0.00112992,0.00010739
2025-02-09 01:00:00+00:00,2672.23,29.07429763,0.92911911,0.90607924,2.24e-05,0.00099955,0.00012971
2025-02-09 02:00:00+00:00,2616.285,28.14809997,0.92865309,0.90739463,2.485e-05,0.00097812,0.00014562
2025-02-09 03:00:00+00:00,2558.075,22.88668316,0.92956662,0.91867,4.06e-05,0.00046708,0.0001544
2025-02-09 04:00:00+00:00,2523.89,17.60155982,0.9295621,0.92890914,0.00012962,0.0,0.00018489
2025-02-09 05:00:00+00:00,2593.325,17.70149334,0.92330009,0.92236211,0.00035751,0.0,0.0002099
2025-02-09 06:00:00+00:00,2719.31,17.82670305,0.91659802,0.91529779,0.00073314,0.0,0.00021919
2025-02-09 07:00:00+00:00,2756.195,17.99588909,0.91374087,0.91185325,0.00119325,0.0,0.00022537
2025-02-09 08:00:00+00:00,2824.595,18.15119461,0.90945384,0.90761349,0.00127053,0.0,0.00019184
2025-02-09 09:00:00+00:00,2895.325,23.09251435,0.90628225,0.89596305,0.00083694,0.00052099,0.00016739
2025-02-09 10:00:00+00:00,2892.07,19.8148676,0.91040834,0.9063363,0.00095183,0.00016256,0.0001768
2025-02-09 11:00:00+00:00,2901.185,18.4825606,0.91640242,0.91451955,0.00130125,0.0,0.00022197
2025-02-09 12:00:00+00:00,2906.93,18.15968071,0.91586513,0.91410696,0.00118498,0.0,0.00023843
2025-02-09 13:00:00+00:00,2814.235,17.7368678,0.9155706,0.91329918,0.00177438,0.0,0.00021575
2025-02-09 14:00:00+00:00,2795.615,17.0934767,0.91122815,0.9095396,0.00126427,0.0,0.00018994
2025-02-09 15:00:00+00:00,2841.845,16.53200506,0.9104265,0.90972209,0.00030639,0.0,0.0001532
2025-02-09 16:00:00+00:00,3006.84,16.25360555,0.91291835,0.91197915,0.00046036,0.0,0.00016837
2025-02-09 17:00:00+00:00,3054.135,16.90953101,0.9149631,0.91284575,7.332e-05,0.00040396,0.00013935
2025-02-09 18:00:00+00:00,2990.965,16.11037006,0.91699455,0.91588311,3.179e-05,0.00017743,0.00011287
2025-02-09 19:00:00+00:00,2911.27,15.53138239,0.91820425,0.9178243,1.348e-05,0.0,9.284e-05
2025-02-09 20:00:00+00:00,2809.975,15.45731761,0.92541033,0.92504327,2.591e-05,0.0,0.00010344
2025-02-09 21:00:00+00:00,2741.11,15.29094775,0.92990328,0.92961777,4.89e-06,0.0,7.525e-05
2025-02-09 22:00:00+00:00,2654.07,15.15300713,0.93131742,0.93108612,0.0,0.0,5.895e-05
2025-02-09 23:00:00+00:00,2625.22,15.03925428,0.93899241,0.93886132,0.0,0.0,3.304e-05
2025-02-10 00:00:00+00:00,2568.99,14.98500621,0.93648933,0.93635251,0.0,0.0,2.727e-05
2025-02-10 01:00:00+00:00,2590.29,15.01295029,0.93715382,0.93710332,0.0,0.0,9.96e-06
2025-02-10 02:00:00+00:00,2594.615,15.01605787,0.93721399,0.93720051,0.0,0.0,0.0
2025-02-10 03:00:00+00:00,2606.74,15.05668162,0.9372207,0.9371933,0.0,0.0,3.71e-06
2025-02-10 04:00:00+00:00,2723.1,15.23011541,0.93427006,0.934253,0.0,0.0,1.04e-06
2025-02-10 05:00:00+00:00,3029.53,15.63377301,0.91844648,0.91802574,1.285e-05,0.00013415,3.4e-07
2025-02-10 06:00:00+00:00,3304.65,18.69136463,0.90802073,0.90272228,0.00018611,0.00156881,5.03e-06
2025-02-10 07:00:00+00:00,3402.39,18.97690658,0.90734743,0.90194467,0.00021503,0.00148266,4.84e-06
2025-02-10 08:00:00+00:00,3432.58,18.51599212,0.90489027,0.90081947,0.00017326,0.00111781,1.017e-05
2025-02-10 09:00:00+00:00,3483.35,18.83589471,0.90569131,0.90152275,0.00020957,0.00123835,1.595e-05
2025-02-10 10:00:00+00:00,3550.65,18.93298764,0.90650845,0.90263951,0.00020788,0.00118782,4.65e-05
2025-02-10 11:00:00+00:00,3554.885,17.29240284,0.90635632,0.905934,0.00014655,0.0,8.444e-05
2025-02-10 12:00:00+00:00,3492.015,18.30108626,0.89846468,0.89628503,0.00011402,0.0006389,6.5e-05
2025-02-10 13:00:00+00:00,3499.66,18.06604452,0.87596732,0.87379279,0.00010449,0.00066931,8.512e-05
2025-02-10 14:00:00+00:00,3523.95,18.4242419,0.85546079,0.85213327,0.00018047,0.0010824,7.23e-05
2025-02-10 15:00:00+00:00,3467.075,18.34665591,0.85270923,0.8493858,0.00015207,0.000889,6.393e-05
2025-02-10 16:00:00+00:00,3583.43,17.81742419,0.85090192,0.84811703,0.00022104,0.00078835,5.651e-05
2025-02-10 17:00:00+00:00,3500.765,17.75706274,0.84242739,0.83950883,0.00014033,0.00084759,2.524e-05
2025-02-10 18:00:00+00:00,3518.58,17.88993584,0.85279093,0.84926795,0.00014695,0.00101513,3.45e-06
2025-02-10 19:00:00+00:00,3486.18,17.4088637,0.89909731,0.89574312,0.00015172,0.00131128,4.6e-06
2025-02-10 20:00:00+00:00,3309.66,17.51187801,0.92195772,0.91835509,0.00011166,0.00144368,4.68e-06
2025-02-10 21:00:00+00:00,3055.35,16.64916096,0.92745411,0.9256192,7.64e-06,0.00073786,2.68e-06
2025-02-10 22:00:00+00:00,2962.355,15.66883305,0.92959928,0.92956412,0.0,0.0,0.0
2025-02-10 23:00:00+00:00,2911.67,16.71015948,0.93931323,0.93739365,2.1e-07,0.00072911,3.3e-06
2025-02-11 00:00:00+00:00,2922.89,17.81627563,0.94296816,0.93905682,4.8e-06,0.00138161,7.31e-06
2025-02-11 01:00:00+00:00,2931.14,17.96747825,0.94311623,0.93888031,5.5e-07,0.0016559,6.21e-06
2025-02-11 02:00:00+00:00,2848.99,18.04377967,0.94168266,0.93730624,2.87e-06,0.001562,8e-06
2025-02-11 03:00:00+00:00,2832.59,17.7928713,0.94109607,0.93727837,1.53e-06,0.00140096,6.23e-06
2025-02-11 04:00:00+00:00,2939.9,17.94798616,0.9398583,0.93601369,7.7e-07,0.00138089,4.5e-06
2025-02-11 05:00:00+00:00,3194.515,18.82257129,0.92536026,0.92043881,0.0,0.0014644,7.27e-06
2025-02-11 06:00:00+00:00,3472.04,17.5574694,0.91931522,0.91647082,0.00021292,0.00115543,3.44e-05
2025-02-11 07:00:00+00:00,3505.25,17.25328294,0.91986703,0.91779918,0.00051242,0.00044853,9.49e-06
2025-02-11 08:00:00+00:00,3519.58,17.04164303,0.91966206,0.91851556,0.00028947,0.00022833,1.129e-05
2025-02-11 09:00:00+00:00,3414.6,18.44467602,0.91639993,0.91351871,3.442e-05,0.0009639,2.566e-05
2025-02-11 10:00:00+00:00,3320.73,19.11910676,0.92020422,0.91657462,0.00031842,0.00115247,2.888e-05
2025-02-11 11:00:00+00:00,3270.445,19.59314272,0.91844026,0.91471183,0.00015752,0.00121066,2.166e-05
2025-02-11 12:00:00+00:00,3235.705,19.52296965,0.91327493,0.9097906,0.0,0.00116187,7.55e-06
2025-02-11 13:00:00+00:00,3227.56,19.24574617,0.89714921,0.89373226,1.64e-06,0.00113794,5.59e-06
2025-02-11 14:00:00+00:00,3314.895,17.7891143,0.89823949,0.89668331,1.02e-06,0.0005029,2e-06
2025-02-11 15:00:00+00:00,3466.09,18.33289223,0.91509691,0.91194193,0.00027164,0.00074067,8.23e-06
2025-02-11 16:00:00+00:00,3697.53,16.82279957,0.92243933,0.92057049,0.00173871,0.0,1.352e-05
2025-02-11 17:00:00+00:00,3700.95,16.6949528,0.92274281,0.92053244,0.00207557,0.0,2.212e-05
2025-02-11 18:00:00+00:00,3571.045,16.58174719,0.92334219,0.92103707,0.00178175,0.00032691,1.869e-05
2025-02-11 19:00:00+00:00,3579.22,16.30260405,0.9247818,0.92334833,0.00095209,0.00034452,1.032e-05
2025-02-11 20:00:00+00:00,3397.09,16.09737822,0.92975816,0.92919749,0.00037619,0.00011095,5.67e-06
2025-02-11 21:00:00+00:00,3241.88,16.02582382,0.93005265,0.92960957,0.00039484,2.72e-06,5.8e-06
2025-02-11 22:00:00+00:00,3047.17,15.8625963,0.92948741,0.92939904,0.0,0.0,1.529e-05
2025-02-11 23:00:00+00:00,2864.405,15.73901203,0.93741291,0.93727756,0.0,0.0,2.758e-05
2025-02-12 00:00:00+00:00,2770.455,15.73613074,0.93648885,0.93634941,0.0,0.0,2.719e-05
2025-02-12 01:00:00+00:00,2689.185,15.69532317,0.93604618,0.93589056,0.0,0.0,3.775e-05
2025-02-12 02:00:00+00:00,2698.74,15.6359074,0.93394522,0.93388892,0.0,0.0,1.103e-05
2025-02-12 03:00:00+00:00,2688.77,15.84827143,0.93011667,0.93003681,0.0,0.0,1.224e-05
2025-02-12 04:00:00+00:00,2850.685,16.51011864,0.92010945,0.91882082,4.644e-05,0.0004532,1.526e-05
2025-02-12 05:00:00+00:00,3164.3,19.24383099,0.9079559,0.90235958,0.00032653,0.00163662,7.45e-06
2025-02-12 06:00:00+00:00,3546.24,20.22548449,0.89984184,0.89320492,0.00035611,0.00154285,2.411e-05
2025-02-12 07:00:00+00:00,3582.005,20.82330422,0.89496617,0.88788192,0.00036842,0.00152342,1.687e-05
2025-02-12 08:00:00+00:00,3566.14,21.57952693,0.89648219,0.88882005,0.00033892,0.00156628,3.637e-05
2025-02-12 09:00:00+00:00,3580.51,21.78081723,0.89934508,0.89230718,0.00026217,0.00159754,4.811e-05
2025-02-12 10:00:00+00:00,3522.57,21.22333831,0.89580007,0.8905378,0.00024051,0.00122867,5.115e-05
2025-02-12 11:00:00+00:00,3332.315,21.2054704,0.89635083,0.89161854,0.00061719,0.00105186,7.828e-05
2025-02-12 12:00:00+00:00,3322.55,19.84409345,0.89784354,0.89517037,0.00125809,0.00027848,0.00012407
2025-02-12 13:00:00+00:00,3364.085,19.15176576,0.89841148,0.89620921,0.00164696,3.711e-05,0.00013234
2025-02-12 14:00:00+00:00,3463.035,18.5644038,0.89767622,0.89572923,0.00152547,0.0,0.00014941
2025-02-12 15:00:00+00:00,3500.7,19.95589109,0.89335127,0.88953619,0.00028299,0.00077574,0.00010259
2025-02-12 16:00:00+00:00,3648.355,18.0385982,0.88575647,0.88438566,0.00010419,0.00071326,0.00010126
2025-02-12 17:00:00+00:00,3530.11,19.95621432,0.88337587,0.87876271,0.00014646,0.00157599,0.0001311
2025-02-12 18:00:00+00:00,3489.805,17.99533609,0.88781626,0.88581887,1.914e-05,0.00148907,0.00011566
2025-02-12 19:00:00+00:00,3365.57,17.6775352,0.89513315,0.89450532,4.132e-05,0.00040079,4.399e-05
2025-02-12 20:00:00+00:00,3207.425,17.51503268,0.89505226,0.89478811,9.328e-05,0.0,3.511e-05
2025-02-12 21:00:00+00:00,3074.55,17.35319668,0.90304908,0.90289665,2.409e-05,0.0,2.922e-05
2025-02-12 22:00:00+00:00,3086.47,17.55466385,0.91185014,0.91119932,0.00037628,0.0,8.455e-05
2025-02-12 23:00:00+00:00,2990.85,17.41269877,0.91755571,0.91717166,0.0002259,0.0,4.342e-05
2025-02-13 00:00:00+00:00,2981.02,17.37956905,0.92085326,0.9204884,0.00018496,0.0,5.503e-05
2025-02-13 01:00:00+00:00,2980.375,17.13728687,0.92279473,0.92267811,8.89e-06,0.0,3.244e-05
2025-02-13 02:00:00+00:00,2928.175,17.07877739,0.9226562,0.9223712,0.00014663,0.0,5.239e-05
2025-02-13 03:00:00+00:00,2955.605,17.07877757,0.92158129,0.92115845,0.00023958,0.0,6.714e-05
2025-02-13 04:00:00+00:00,3054.965,17.13331636,0.91323286,0.91273874,0.00029468,0.0,7.592e-05
2025-02-13 05:00:00+00:00,3357.43,17.31336537,0.90546982,0.9045948,0.00063768,0.0,8.359e-05
2025-02-13 06:00:00+00:00,3602.88,17.06651398,0.8974729,0.89727428,0.00010639,0.0,1.515e-05
2025-02-13 07:00:00+00:00,3615.355,17.23847555,0.89962929,0.89944423,4.369e-05,0.0,1.646e-05
2025-02-13 08:00:00+00:00,3641.03,17.52838917,0.90243792,0.90194259,0.00035077,0.0,2.718e-05
2025-02-13 09:00:00+00:00,3694.965,17.74420379,0.9042019,0.90367443,0.00040407,0.0,3.6e-05
2025-02-13 10:00:00+00:00,3704.425,17.99105132,0.90461007,0.90364979,0.00078343,0.0,6.233e-05
2025-02-13 11:00:00+00:00,3641.47,18.1618135,0.90401894,0.90282566,0.00100127,0.0,6.664e-05
2025-02-13 12:00:00+00:00,3740.765,18.20700884,0.90481062,0.9032624,0.00130043,0.0,9.695e-05
2025-02-13 13:00:00+00:00,3779.35,18.07528396,0.90606957,0.90455949,0.00119265,0.0,0.00010674
2025-02-13 14:00:00+00:00,3870.975,17.81347509,0.90663339,0.90507486,0.001254,0.0,0.00011176
2025-02-13 15:00:00+00:00,3774.385,17.40244135,0.90266732,0.90159378,0.0008347,0.0,7.337e-05
2025-02-13 16:00:00+00:00,3731.92,17.94923388,0.90058205,0.89894157,0.00022324,0.00021226,4.595e-05
2025-02-13 17:00:00+00:00,3750.72,17.03029922,0.90306817,0.90282033,0.00013612,0.0,3.307e-05
2025-02-13 18:00:00+00:00,3708.14,17.13868317,0.90413076,0.9033485,0.00059386,0.0,3.996e-05
2025-02-13 19:00:00+00:00,3558.93,17.0900066,0.90241633,0.90187665,0.00040135,0.0,3.233e-05
2025-02-13 20:00:00+00:00,3315.06,17.03141317,0.90179593,0.90147117,0.00020693,0.0,2.177e-05
2025-02-13 21:00:00+00:00,3173.875,16.98213312,0.9000479,0.89994772,0.0,0.0,2.23e-05
2025-02-13 22:00:00+00:00,3069.985,17.16755018,0.90315724,0.90285213,0.00010749,0.0,4.409e-05
2025-02-13 23:00:00+00:00,2888.585,17.40934741,0.90517917,0.90499878,4.411e-05,0.0,2.817e-05
2025-02-14 00:00:00+00:00,2936.82,17.45835534,0.9064773,0.90615662,0.00018668,0.0,2.639e-05
2025-02-14 01:00:00+00:00,2885.025,17.52859676,0.9053671,0.90512579,0.00012748,0.0,2.721e-05
2025-02-14 02:00:00+00:00,2805.2,17.59723742,0.90529839,0.90502263,0.00015711,0.0,2.336e-05
2025-02-14 03:00:00+00:00,2718.405,17.57154687,0.90603852,0.90581129,0.00013911,0.0,1.528e-05
2025-02-14 04:00:00+00:00,2969.24,17.69605843,0.90174256,0.90092551,0.00064051,0.0,4.023e-05
2025-02-14 05:00:00+00:00,3337.325,17.71204771,0.89086823,0.89011969,0.00060051,0.0,2.981e-05
2025-02-14 06:00:00+00:00,3553.955,17.77184091,0.88460489,0.88382346,0.00059349,1.287e-05,1.654e-05
2025-02-14 07:00:00+00:00,3520.1,18.09607553,0.88160058,0.88056496,0.00076008,1.64e-05,1.337e-05
2025-02-14 08:00:00+00:00,3472.44,18.93826824,0.8792967,0.87862916,0.00050714,6.8e-06,1e-05
2025-02-14 09:00:00+00:00,3371.595,19.79624252,0.88665741,0.88545666,0.00105739,4.74e-06,1.807e-05
2025-02-14 10:00:00+00:00,3202.41,20.55842371,0.88986566,0.8879941,0.00165502,6.39e-06,2.16e-05
2025-02-14 11:00:00+00:00,3116.77,20.841894,0.8892633,0.88754365,0.00156485,2.6e-07,2.295e-05
2025-02-14 12:00:00+00:00,3102.005,20.49670548,0.89121504,0.88976913,0.00133612,1e-08,1.902e-05
2025-02-14 13:00:00+00:00,3162.22,19.84362544,0.88938534,0.8881414,0.00110746,2.4e-07,1.479e-05
2025-02-14 14:00:00+00:00,3288.38,19.02228507,0.8910102,0.88937165,0.00147746,7.38e-06,1.685e-05
2025-02-14 15:00:00+00:00,3409.92,18.03919387,0.88436002,0.88383071,0.00038493,5.08e-06,1.241e-05
2025-02-14 16:00:00+00:00,3665.92,17.68817684,0.88680963,0.88623876,0.00039843,7.34e-06,1.382e-05
2025-02-14 17:00:00+00:00,3712.36,17.8049565,0.8905093,0.88880675,0.00051008,0.00064002,5.344e-05
2025-02-14 18:00:00+00:00,3563.7,17.55052756,0.89037045,0.88881175,0.00040658,0.00058008,5.874e-05
2025-02-14 19:00:00+00:00,3472.665,17.2059729,0.89573339,0.8948177,0.00070525,0.0,6.624e-05
2025-02-14 20:00:00+00:00,3397.2,17.16211465,0.89882994,0.89783245,0.00072036,0.0,8.817e-05
2025-02-14 21:00:00+00:00,3299.915,17.14350353,0.9040383,0.90248763,0.00123066,1.09e-06,0.00012564
2025-02-14 22:00:00+00:00,3252.245,17.01102673,0.91015714,0.90868617,0.00108163,0.0,0.00014545
2025-02-14 23:00:00+00:00,3076.365,16.90557321,0.91567446,0.91414463,0.00107269,0.0,0.00017203
2025-02-15 00:00:00+00:00,3019.895,16.71918962,0.92291462,0.9215662,0.00091651,0.0,0.00015891
2025-02-15 01:00:00+00:00,2993.92,16.61261256,0.92652617,0.92501135,0.00111657,0.0,0.00015026
2025-02-15 02:00:00+00:00,2907.095,16.42113275,0.93017111,0.92868327,0.00109798,0.0,0.00014534
2025-02-15 03:00:00+00:00,2880.625,16.30291192,0.93178654,0.93030132,0.0010966,0.0,0.00014047
2025-02-15 04:00:00+00:00,2983.06,16.16412748,0.9294645,0.92817045,0.00095164,0.0,0.00010786
2025-02-15 05:00:00+00:00,3103.69,16.08558368,0.92401272,0.92307145,0.00068266,0.0,6.558e-05
2025-02-15 06:00:00+00:00,3235.145,16.07470248,0.91843249,0.9179569,0.00027086,0.0,4.741e-05
2025-02-15 07:00:00+00:00,3212.13,16.27679456,0.91421399,0.91402306,0.0,0.0,2.607e-05
2025-02-15 08:00:00+00:00,3173.475,16.70807318,0.91352866,0.91328125,0.0,0.0,3.631e-05
2025-02-15 09:00:00+00:00,3203.98,17.0673957,0.92012106,0.91998787,0.0,0.0,3.198e-05
2025-02-15 10:00:00+00:00,3188.8,17.22754876,0.92345414,0.9231182,0.00013654,0.0,4.41e-05
2025-02-15 11:00:00+00:00,3267.435,17.40752536,0.91987601,0.91930059,0.00037041,0.0,4.64e-05
2025-02-15 12:00:00+00:00,3317.245,17.30799737,0.92059973,0.92022888,0.00022209,0.0,3.554e-05
2025-02-15 13:00:00+00:00,3359.185,17.03849182,0.91993518,0.91948097,0.00026024,0.0,3.911e-05
2025-02-15 14:00:00+00:00,3178.985,16.60211799,0.91556764,0.91529122,0.00016275,0.0,2.611e-05
2025-02-15 15:00:00+00:00,3202.68,16.21652469,0.9135899,0.91347308,0.0,0.0,2.243e-05
2025-02-15 16:00:00+00:00,3326.995,15.83117199,0.90970742,0.9095894,1.544e-05,0.0,1.867e-05
2025-02-15 17:00:00+00:00,3285.2,15.4892807,0.90984727,0.90979068,0.0,2e-08,7.4e-06
2025-02-15 18:00:00+00:00,3183.03,15.21242015,0.91286653,0.91280172,0.0,0.0,8.61e-06
2025-02-15 19:00:00+00:00,3119.675,15.0660413,0.91468153,0.91461363,0.0,0.0,1.501e-05
2025-02-15 20:00:00+00:00,3103.66,15.0154745,0.91811791,0.91803969,0.0,2e-08,1.225e-05
2025-02-15 21:00:00+00:00,3167.455,15.08477228,0.92087154,0.92075809,0.0,0.0,2.173e-05
2025-02-15 22:00:00+00:00,3191.545,15.12500911,0.92171634,0.9215531,0.0,0.0,3.498e-05
2025-02-15 23:00:00+00:00,3122.45,15.091393,0.91735013,0.9171424,0.0,1.55e-06,3.315e-05
2025-02-16 00:00:00+00:00,3074.26,15.14085476,0.9179425,0.91773059,0.0,7.6e-07,4.86e-05
2025-02-16 01:00:00+00:00,3039.1,15.1184438,0.91703615,0.91683128,1.83e-06,1.47e-06,4.787e-05
2025-02-16 02:00:00+00:00,3011.865,15.08556987,0.91469876,0.91447588,5.14e-06,5.5e-07,5.248e-05
2025-02-16 03:00:00+00:00,3012.845,15.15228882,0.91013656,0.90990011,1.027e-05,0.0,5.752e-05
2025-02-16 04:00:00+00:00,3162.94,15.12017702,0.90744356,0.90726126,0.0,2e-08,4.04e-05
2025-02-16 05:00:00+00:00,3228.85,15.43275827,0.90539272,0.90524272,0.0,2.3e-07,3.063e-05
2025-02-16 06:00:00+00:00,3249.98,15.60247579,0.90546061,0.90526208,1.87e-05,0.0,4.02e-05
2025-02-16 07:00:00+00:00,3367.23,18.45017433,0.90680869,0.90238392,0.00032434,0.00111825,7.544e-05
2025-02-16 08:00:00+00:00,3541.375,17.37584929,0.90852414,0.90713109,0.00110184,0.0,4.984e-05
2025-02-16 09:00:00+00:00,3447.155,18.34522053,0.90796008,0.90657813,0.00116702,0.0,6.153e-05
2025-02-16 10:00:00+00:00,3266.55,19.20071992,0.9038369,0.90261479,0.00095406,0.0,7.958e-05
2025-02-16 11:00:00+00:00,3121.04,19.74428849,0.90254286,0.90118076,0.00111182,1.02e-06,7.367e-05
2025-02-16 12:00:00+00:00,3032.84,19.58958956,0.90070136,0.90004983,0.00036329,1e-07,8.206e-05
2025-02-16 13:00:00+00:00,2935.615,18.85413366,0.89997214,0.89968349,2.195e-05,0.0,7.324e-05
2025-02-16 14:00:00+00:00,2965.33,17.94515808,0.90483091,0.9045469,3.182e-05,8.8e-07,7.774e-05
2025-02-16 15:00:00+00:00,3192.91,17.18912642,0.90081563,0.9001959,0.00025702,0.0,0.00013351
2025-02-16 16:00:00+00:00,3416.94,17.92723395,0.90291853,0.90036156,0.00015176,0.00039812,0.00011157
2025-02-16 17:00:00+00:00,3387.585,20.72916606,0.90366131,0.89603817,0.00037155,0.00137839,7.961e-05
2025-02-16 18:00:00+00:00,3335.195,16.33821216,0.90517874,0.90496791,1.475e-05,0.0,5.149e-05
2025-02-16 19:00:00+00:00,3335.41,16.24028781,0.90552415,0.90534677,1.078e-05,7e-08,4.683e-05
2025-02-16 20:00:00+00:00,3293.745,16.29076349,0.90738471,0.90724145,0.0,1.5e-07,3.069e-05
2025-02-16 21:00:00+00:00,3277.16,16.24061886,0.90907083,0.90897255,0.0,1.25e-06,2.251e-05
2025-02-16 22:00:00+00:00,3293.71,16.1185774,0.91223596,0.91209311,0.0,1e-08,3.043e-05
2025-02-16 23:00:00+00:00,3297.39,15.88988411,0.91404165,0.91387745,0.0,0.0,2.41e-05
2025-02-17 00:00:00+00:00,3285.35,15.83139459,0.91519417,0.9150722,0.0,0.0,2.612e-05
2025-02-17 01:00:00+00:00,3210.56,15.77101084,0.91566757,0.91555198,0.0,0.0,2.409e-05
2025-02-17 02:00:00+00:00,3152.45,15.73322864,0.91389339,0.91378101,0.0,0.0,2.76e-05
2025-02-17 03:00:00+00:00,3221.98,15.71727257,0.91251433,0.91238998,0.0,0.0,2.622e-05
2025-02-17 04:00:00+00:00,3297.675,15.84385345,0.90983415,0.90973457,0.0,0.0,1.861e-05
2025-02-17 05:00:00+00:00,3621.875,15.69493243,0.90091989,0.9008286,0.0,0.0,1.588e-05
2025-02-17 06:00:00+00:00,3697.575,35.13733491,0.88641565,0.86021561,0.00137076,0.00094841,0.00013168
2025-02-17 07:00:00+00:00,3746.445,46.55933699,0.87980419,0.84048092,0.00164721,0.00139758,0.00019307
2025-02-17 08:00:00+00:00,3780.94,40.22037209,0.88707805,0.85840767,0.00020355,0.00113643,0.00016036
2025-02-17 09:00:00+00:00,3673.015,50.81719814,0.88819028,0.84748306,0.00020634,0.00219591,0.00021819
2025-02-17 10:00:00+00:00,3519.865,59.84048412,0.88617647,0.83522127,0.00029867,0.00306798,0.00027187
2025-02-17 11:00:00+00:00,3250.895,44.46681581,0.88260648,0.85138329,0.00025426,0.00226493,0.00016907
2025-02-17 12:00:00+00:00,3210.25,23.7335682,0.88819351,0.88217676,0.00023388,0.00102377,3.42e-05
2025-02-17 13:00:00+00:00,3092.6,19.15054546,0.88419329,0.88365667,2.194e-05,8.26e-05,2.417e-05
2025-02-17 14:00:00+00:00,3206.595,32.57932306,0.88419693,0.85585462,0.00017762,0.01221489,4.838e-05
2025-02-17 15:00:00+00:00,3336.12,40.03288913,0.87298229,0.83165735,0.00284578,0.0056684,0.00015448
2025-02-17 16:00:00+00:00,3583.44,49.98665987,0.87454126,0.80873675,0.00944726,0.00837059,0.00019255
2025-02-17 17:00:00+00:00,3595.04,22.64933577,0.88332332,0.8702459,0.00210694,0.00161674,3.328e-05
2025-02-17 18:00:00+00:00,3619.03,16.21338993,0.89196934,0.89173209,0.00017621,0.0,6.95e-06
2025-02-17 19:00:00+00:00,3520.52,16.18322783,0.89151646,0.89143002,0.0,0.0,1.577e-05
2025-02-17 20:00:00+00:00,3376.755,16.24151047,0.89230638,0.89194765,0.00020925,0.0,3.282e-05
2025-02-17 21:00:00+00:00,3276.09,16.15649383,0.89651188,0.89623671,0.00014217,0.0,2.22e-05
2025-02-17 22:00:00+00:00,3205.195,16.23285834,0.90969492,0.90901237,0.00040614,0.0,7.652e-05
2025-02-17 23:00:00+00:00,3205.095,16.26395332,0.91674876,0.91575447,0.00071151,0.0,4.955e-05
2025-02-18 00:00:00+00:00,3286.615,16.16042848,0.9200494,0.91922322,0.00053067,0.0,6.297e-05
2025-02-18 01:00:00+00:00,3299.04,15.87659008,0.9210005,0.92035023,0.0004193,0.0,4.879e-05
2025-02-18 02:00:00+00:00,3251.78,15.6288142,0.9215763,0.92125591,0.00021409,0.0,2.212e-05
2025-02-18 03:00:00+00:00,3267.81,15.57752648,0.92661513,0.92607938,0.00045248,0.0,1.488e-05
2025-02-18 04:00:00+00:00,3324.175,15.60578054,0.92245895,0.9213999,0.00093298,0.0,2.43e-05
2025-02-18 05:00:00+00:00,3519.505,15.40679852,0.91259346,0.9121659,0.00036927,0.0,7.16e-06
2025-02-18 06:00:00+00:00,3716.125,31.37716989,0.89959718,0.8678066,0.00403718,0.00449885,9.217e-05
2025-02-18 07:00:00+00:00,3701.46,17.73641723,0.90195188,0.89809207,0.00037974,0.00082602,1.874e-05
2025-02-18 08:00:00+00:00,3601.565,16.93139298,0.89865209,0.89830794,0.00019734,0.0,2.08e-06
2025-02-18 09:00:00+00:00,3489.605,18.02322186,0.89759997,0.89732083,0.00021427,0.0,4.18e-06
2025-02-18 10:00:00+00:00,3250.825,18.99314272,0.89578579,0.89571463,0.0,0.0,5.14e-06
2025-02-18 11:00:00+00:00,3069.245,19.40241613,0.89030191,0.89025051,0.0,0.0,1.39e-06
2025-02-18 12:00:00+00:00,2979.83,19.23162086,0.87126544,0.87121097,0.0,0.0,1.76e-06
2025-02-18 13:00:00+00:00,2957.82,18.63375169,0.86222016,0.86159889,0.00055364,0.0,3.99e-06
2025-02-18 14:00:00+00:00,3031.61,17.70268481,0.84222097,0.84134901,0.00080378,0.0,5.14e-06
2025-02-18 15:00:00+00:00,3279.73,16.98409583,0.84930472,0.84792732,0.00129949,0.0,5.83e-06
2025-02-18 16:00:00+00:00,3413.545,16.77097195,0.85464631,0.85321228,0.00129783,0.0,5.52e-06
2025-02-18 17:00:00+00:00,3413.685,16.34854042,0.85061199,0.84981238,0.0006892,0.0,8.34e-06
2025-02-18 18:00:00+00:00,3285.365,16.07571735,0.86165506,0.86124137,0.0003587,0.0,3.72e-06
2025-02-18 19:00:00+00:00,3219.2,16.15241088,0.91101186,0.91055188,0.00042538,0.0,3.57e-06
2025-02-18 20:00:00+00:00,3119.0,16.38931802,0.91171521,0.91091128,0.00069947,0.0,1.425e-05
2025-02-18 21:00:00+00:00,3028.945,16.71439772,0.91588776,0.9147634,0.00097386,0.0,2.501e-05
2025-02-18 22:00:00+00:00,2956.69,16.9149194,0.91885672,0.91776193,0.000985,0.0,1.625e-05
2025-02-18 23:00:00+00:00,2980.395,17.29160087,0.92271316,0.92161338,0.00091794,0.0,2.916e-05
2025-02-19 00:00:00+00:00,3093.285,17.37222406,0.92148015,0.92053412,0.00080336,0.0,2.742e-05
2025-02-19 01:00:00+00:00,3127.96,17.43807124,0.91984293,0.91942874,0.00035717,0.0,7.01e-06
2025-02-19 02:00:00+00:00,3194.77,17.5931489,0.91605867,0.91561964,0.00038922,0.0,4.47e-06
2025-02-19 03:00:00+00:00,3274.125,17.89760996,0.91342567,0.912428,0.00090383,0.0,1.395e-05
2025-02-19 04:00:00+00:00,3446.92,18.1509848,0.90776216,0.90628653,0.00137318,0.0,1.313e-05
2025-02-19 05:00:00+00:00,3763.62,23.86125022,0.89988182,0.88803496,0.001189,0.00374295,1.586e-05
2025-02-19 06:00:00+00:00,3916.225,48.35746542,0.88888884,0.83050407,0.00465187,0.01578194,0.00010879
2025-02-19 07:00:00+00:00,3933.035,25.10370841,0.89318624,0.88069371,0.00202333,0.00213933,3.608e-05
2025-02-19 08:00:00+00:00,3684.295,23.02186274,0.89134065,0.8843208,0.00140845,0.00118796,1.859e-05
2025-02-19 09:00:00+00:00,3505.88,20.4416956,0.89983081,0.89771421,0.00172217,4.782e-05,8.23e-06
2025-02-19 10:00:00+00:00,3351.97,20.96985234,0.90076239,0.89845482,0.00190193,3.963e-05,7.78e-06
2025-02-19 11:00:00+00:00,3214.435,21.12602725,0.9013381,0.8989661,0.00198597,5.492e-05,9.93e-06
2025-02-19 12:00:00+00:00,3137.66,20.88416559,0.90194905,0.89907352,0.0025181,5.148e-05,1.211e-05
2025-02-19 13:00:00+00:00,3123.15,20.21344225,0.90550039,0.90301465,0.00233948,0.0,1.522e-05
2025-02-19 14:00:00+00:00,3114.17,19.32471246,0.90457275,0.90251345,0.00192382,0.0,1.434e-05
2025-02-19 15:00:00+00:00,3188.305,18.46814547,0.89955372,0.8978402,0.00089557,0.00061553,5.266e-05
2025-02-19 16:00:00+00:00,3478.86,18.4085516,0.90152612,0.8989214,0.00118066,0.00102308,9.257e-05
2025-02-19 17:00:00+00:00,3554.275,25.68708409,0.8967651,0.87969088,0.00247808,0.0039815,0.00013314
2025-02-19 18:00:00+00:00,3536.91,20.33949856,0.90372247,0.8971515,0.00084596,0.00249601,8.261e-05
2025-02-19 19:00:00+00:00,3450.61,19.32226911,0.9081952,0.90321477,0.00051607,0.00220175,5.767e-05
2025-02-19 20:00:00+00:00,3356.775,17.7983818,0.91840546,0.91561384,0.00056525,0.00180994,5.71e-05
2025-02-19 21:00:00+00:00,3236.47,17.51151495,0.92555974,0.92328883,0.00079365,0.0011074,6.563e-05
2025-02-19 22:00:00+00:00,3187.775,17.21117357,0.92491681,0.92327249,0.00092367,0.0003481,0.00010553
2025-02-19 23:00:00+00:00,3092.47,16.95339768,0.93363289,0.93308142,0.00029138,0.0,6.546e-05
2025-02-20 00:00:00+00:00,3135.16,17.00948319,0.93670558,0.93606017,3.354e-05,0.00018604,1.16e-05
2025-02-20 01:00:00+00:00,3158.38,16.85689416,0.93885891,0.93840959,2.221e-05,0.00013733,6.31e-06
2025-02-20 02:00:00+00:00,3163.72,17.80506594,0.93868643,0.93635816,0.00014314,0.00075482,2.99e-06
2025-02-20 03:00:00+00:00,3232.78,18.18462529,0.93859884,0.93554211,0.00018553,0.00103485,5.03e-06
2025-02-20 04:00:00+00:00,3355.88,18.82627669,0.93368835,0.92940428,0.00023665,0.00133504,3.628e-05
2025-02-20 05:00:00+00:00,3573.945,18.06355871,0.92741062,0.92458875,0.00016147,0.00076126,4.699e-05
2025-02-20 06:00:00+00:00,3760.47,19.44604807,0.92692754,0.92121956,0.00028841,0.00186938,5.541e-05
2025-02-20 07:00:00+00:00,3842.79,19.63962311,0.92434128,0.91778975,0.00070383,0.00218021,0.0001071
2025-02-20 08:00:00+00:00,3635.905,19.44180961,0.91920688,0.91375934,0.00025085,0.00205346,8.334e-05
2025-02-20 09:00:00+00:00,3420.43,19.00945145,0.90719626,0.9039215,0.00017012,0.00117094,4.503e-05
2025-02-20 10:00:00+00:00,3259.23,19.36717648,0.87278086,0.87000176,0.00012259,0.00105402,1.532e-05
2025-02-20 11:00:00+00:00,2923.03,19.36388026,0.84134748,0.83893661,8.368e-05,0.0010623,6.1e-06
2025-02-20 12:00:00+00:00,2818.74,18.57649363,0.8519805,0.85015925,8.577e-05,0.00081038,3.61e-06
2025-02-20 13:00:00+00:00,2872.2,17.27176108,0.85955873,0.8587668,4.723e-05,0.00026933,1.749e-05
2025-02-20 14:00:00+00:00,2969.91,15.91384763,0.8714913,0.8713675,0.0,0.0,1.989e-05
2025-02-20 15:00:00+00:00,3266.015,15.1529595,0.88515409,0.88495701,0.0,0.0,3.675e-05
2025-02-20 16:00:00+00:00,3596.04,14.91727443,0.90477852,0.90418042,9.1e-06,0.00030225,4.39e-05
2025-02-20 17:00:00+00:00,3549.44,14.47044617,0.9411023,0.94085401,0.0,6.123e-05,2.591e-05
2025-02-20 18:00:00+00:00,3465.53,14.14637078,0.94188068,0.94181346,0.0,0.0,8.38e-06
2025-02-20 19:00:00+00:00,3382.345,13.99787113,0.94371383,0.94368255,0.0,0.0,0.0
2025-02-20 20:00:00+00:00,3256.785,13.94033315,0.94580317,0.94577187,0.0,0.0,0.0
2025-02-20 21:00:00+00:00,3192.06,13.82335772,0.94645671,0.94642529,0.0,0.0,0.0
2025-02-20 22:00:00+00:00,3149.255,13.89555473,0.95297152,0.95253806,0.0,0.00034772,1.44e-06
2025-02-20 23:00:00+00:00,2999.545,13.95344763,0.95549506,0.95449916,0.0,0.00080242,3.35e-06
2025-02-21 00:00:00+00:00,3029.815,13.90858155,0.95457451,0.95337748,0.0,0.00100068,4.22e-06
2025-02-21 01:00:00+00:00,3208.745,14.01620796,0.95511078,0.95372787,0.0,0.0011557,4.94e-06
2025-02-21 02:00:00+00:00,3278.185,13.96820139,0.95429415,0.95314963,0.0,0.00094976,4.17e-06
2025-02-21 03:00:00+00:00,3306.83,14.1581352,0.95148369,0.95012103,0.0,0.00113731,5.62e-06
2025-02-21 04:00:00+00:00,3300.505,14.07249776,0.94145936,0.94094239,0.0,0.00041383,2.09e-06
2025-02-21 05:00:00+00:00,3623.765,14.60654887,0.93865248,0.93748834,0.0,0.00081234,4.329e-05
2025-02-21 06:00:00+00:00,3918.795,15.25648036,0.93795316,0.93656009,0.00036083,0.00058126,0.00010534
2025-02-21 07:00:00+00:00,3945.59,15.33747806,0.9327094,0.93167063,0.00068351,0.0,8.616e-05
2025-02-21 08:00:00+00:00,3889.08,15.53238994,0.92581925,0.92528759,0.00025496,0.0,7.032e-05
2025-02-21 09:00:00+00:00,3768.59,16.5380636,0.930688,0.92605179,0.00325782,0.00045996,6.808e-05
2025-02-21 10:00:00+00:00,3639.16,16.35378958,0.93365137,0.93311753,0.00025553,0.0,7.853e-05
2025-02-21 11:00:00+00:00,3553.92,17.0044232,0.93704042,0.93549502,0.00020059,0.00082989,6.833e-05
2025-02-21 12:00:00+00:00,3444.235,17.43527122,0.93847654,0.93575073,0.00023991,0.00164695,8.233e-05
2025-02-21 13:00:00+00:00,3380.325,17.08203274,0.94047062,0.93834019,0.00067149,0.00085489,0.00016072
2025-02-21 14:00:00+00:00,3316.035,16.7210092,0.93852238,0.93689498,0.00108074,0.0,0.0002073
2025-02-21 15:00:00+00:00,3242.725,16.42980037,0.94007103,0.93836883,0.00121069,0.0,0.0001953
2025-02-21 16:00:00+00:00,3301.975,16.29927679,0.94103082,0.93919936,0.0012552,0.0,0.0002038
2025-02-21 17:00:00+00:00,3329.76,15.88942476,0.93320817,0.93201847,0.00066055,0.0,0.00016741
2025-02-21 18:00:00+00:00,3170.16,15.30276376,0.93259936,0.93220257,6.196e-05,0.0,9.875e-05
2025-02-21 19:00:00+00:00,3042.105,15.0461038,0.93311531,0.93304148,0.0,0.0,8.81e-06
2025-02-21 20:00:00+00:00,2946.485,14.96851647,0.93600383,0.93596542,0.0,0.0,6.6e-07
2025-02-21 21:00:00+00:00,2762.695,14.78008041,0.93753817,0.93750229,0.0,0.0,0.0
2025-02-21 22:00:00+00:00,2589.805,14.69185886,0.94912209,0.94856145,0.0,0.00045119,1.68e-06
2025-02-21 23:00:00+00:00,2609.975,14.40637609,0.95438442,0.95391449,0.0,0.00038132,1.35e-06
2025-02-22 00:00:00+00:00,2683.61,14.44806289,0.9547328,0.9538754,0.0,0.00071513,2.59e-06
2025-02-22 01:00:00+00:00,2734.185,14.40390536,0.95844648,0.95762076,0.0,0.00069366,2.58e-06
2025-02-22 02:00:00+00:00,2739.655,14.33546745,0.95874696,0.95793222,0.0,0.00068534,2.48e-06
2025-02-22 03:00:00+00:00,2709.04,14.27638745,0.95814192,0.95750659,0.0,0.00052472,2.05e-06
2025-02-22 04:00:00+00:00,2668.15,14.28797491,0.95740134,0.95665219,0.0,0.00062869,2.45e-06
2025-02-22 05:00:00+00:00,2747.02,14.56128715,0.9523406,0.95070847,0.0,0.00140107,5.39e-06
2025-02-22 06:00:00+00:00,2782.04,14.60020232,0.94773672,0.94625081,0.0,0.00127395,4.92e-06
2025-02-22 07:00:00+00:00,2876.84,14.92088179,0.94499384,0.94362467,0.0,0.00115722,4.41e-06
2025-02-22 08:00:00+00:00,2820.44,15.67251222,0.94165433,0.94037858,0.0,0.00108444,4.41e-06
2025-02-22 09:00:00+00:00,2718.545,16.65108851,0.9375531,0.93582585,0.0,0.00148139,6.18e-06
2025-02-22 10:00:00+00:00,2661.615,26.27884046,0.93129736,0.9187503,3e-08,0.00181731,9.229e-05
2025-02-22 11:00:00+00:00,2522.975,20.13385277,0.93323999,0.92862468,0.0,0.00166325,2.976e-05
2025-02-22 12:00:00+00:00,2399.91,17.65452941,0.93080011,0.9290428,0.0,0.00150693,6.26e-06
2025-02-22 13:00:00+00:00,2503.76,17.04545673,0.9295383,0.92750058,0.0,0.00172767,1.54e-05
2025-02-22 14:00:00+00:00,2638.515,16.18018327,0.92994281,0.92776545,0.0,0.00184823,2.302e-05
2025-02-22 15:00:00+00:00,2775.95,15.39238171,0.93051696,0.92879989,0.0,0.00137233,3.927e-05
2025-02-22 16:00:00+00:00,2904.105,15.0270878,0.93278911,0.93137661,0.0,0.00103876,4.173e-05
2025-02-22 17:00:00+00:00,2929.015,14.92931184,0.93429075,0.93297448,0.0,0.00099306,2.86e-05
2025-02-22 18:00:00+00:00,2823.65,14.89296684,0.93573604,0.93433545,0.0,0.00113232,1.854e-05
2025-02-22 19:00:00+00:00,2697.17,14.86073392,0.94017505,0.93842414,0.0,0.00151947,7.76e-06
2025-02-22 20:00:00+00:00,2618.85,14.8128394,0.94164834,0.94013716,0.0,0.00125077,2.146e-05
2025-02-22 21:00:00+00:00,2551.855,14.83672268,0.94157174,0.94002315,0.0,0.00128587,2.183e-05
2025-02-22 22:00:00+00:00,2427.18,14.94535798,0.94484629,0.94275568,0.0,0.00181255,1.096e-05
2025-02-22 23:00:00+00:00,2356.55,14.8701963,0.9414745,0.93946292,0.0,0.00173711,1.216e-05
2025-02-23 00:00:00+00:00,2425.495,14.954891,0.9441691,0.94208676,0.0,0.00181746,7.44e-06
2025-02-23 01:00:00+00:00,2373.88,15.05624995,0.94327356,0.94099558,0.0,0.0019932,8.15e-06
2025-02-23 02:00:00+00:00,2306.13,15.14400686,0.94157525,0.93930767,0.0,0.00198182,8.24e-06
2025-02-23 03:00:00+00:00,2338.01,15.28384969,0.94043844,0.93799284,0.0,0.00212331,1.258e-05
2025-02-23 04:00:00+00:00,2362.85,15.59311041,0.93732453,0.9345462,0.0,0.00229912,4.605e-05
2025-02-23 05:00:00+00:00,2480.545,16.30969885,0.93364363,0.92932169,0.0,0.00367671,5.039e-05
2025-02-23 06:00:00+00:00,2486.21,16.47166787,0.92991496,0.92601015,0.0,0.00314119,9.375e-05
2025-02-23 07:00:00+00:00,2567.09,16.71833593,0.92597823,0.92254841,0.0,0.00267633,9.033e-05
2025-02-23 08:00:00+00:00,2695.09,16.94308229,0.92470697,0.92210288,0.0,0.00197861,7.471e-05
2025-02-23 09:00:00+00:00,2632.3,17.2963901,0.92056089,0.91859799,1.146e-05,0.00145506,7.287e-05
2025-02-23 10:00:00+00:00,2654.355,17.63105571,0.92092519,0.91905651,4.01e-06,0.00146803,4.356e-05
2025-02-23 11:00:00+00:00,2664.725,17.915775,0.92097706,0.91913322,0.0,0.0015033,3.156e-05
2025-02-23 12:00:00+00:00,2633.055,18.93600191,0.92003443,0.9168197,1.071e-05,0.00174182,2.365e-05
2025-02-23 13:00:00+00:00,2590.045,18.87292189,0.91825186,0.9151172,3.5e-07,0.00150465,3.059e-05
2025-02-23 14:00:00+00:00,2612.615,17.77124632,0.92378563,0.92225568,1.895e-05,0.00076056,7.058e-05
2025-02-23 15:00:00+00:00,2683.095,17.42271056,0.9296274,0.92839805,0.00067422,0.0,0.00020537
2025-02-23 16:00:00+00:00,2913.19,17.39067967,0.93282396,0.9312425,0.00101398,0.0,0.0002377
2025-02-23 17:00:00+00:00,3052.5,17.28302735,0.93532416,0.93390014,0.0009132,0.0,0.00020084
2025-02-23 18:00:00+00:00,3025.52,17.05592333,0.93841503,0.93708207,0.00078446,0.0,0.00021115
2025-02-23 19:00:00+00:00,2924.325,16.72527106,0.93980299,0.93867701,0.00067191,0.0,0.00017995
2025-02-23 20:00:00+00:00,2851.85,16.2374322,0.93942665,0.93903042,5.069e-05,0.0,0.00010956
2025-02-23 21:00:00+00:00,2760.28,15.89715533,0.93884269,0.9386734,0.0,0.0,3.229e-05
2025-02-23 22:00:00+00:00,2709.215,16.03592442,0.94128059,0.94006101,4.53e-06,0.00046431,4.3e-06
2025-02-23 23:00:00+00:00,2660.965,15.53791465,0.94928395,0.94783772,4.65e-06,0.00062857,3.28e-06
2025-02-24 00:00:00+00:00,2618.365,14.63729269,0.95200466,0.95197008,0.0,0.0,0.0
2025-02-24 01:00:00+00:00,2612.185,14.44386112,0.95307136,0.9530365,0.0,0.0,0.0
2025-02-24 02:00:00+00:00,2646.37,14.38340336,0.95414035,0.95388275,0.0,0.00019619,9.4e-07
2025-02-24 03:00:00+00:00,2684.195,14.30398705,0.95470864,0.95446691,0.0,0.00016242,7.6e-07
2025-02-24 04:00:00+00:00,2816.39,14.25622472,0.95527616,0.95523754,0.0,0.0,0.0
2025-02-24 05:00:00+00:00,3109.805,14.33742484,0.94897612,0.94893831,0.0,0.0,0.0
2025-02-24 06:00:00+00:00,3363.31,14.30483274,0.94637951,0.94633482,0.0,0.0,2.24e-06
2025-02-24 07:00:00+00:00,3349.555,15.98302477,0.94378186,0.93915896,1.97e-06,0.00337634,4.6e-07
2025-02-24 08:00:00+00:00,3256.825,14.53567503,0.94573634,0.94562656,0.0,0.0,0.0
2025-02-24 09:00:00+00:00,3013.715,14.70128693,0.94081536,0.94075516,0.0,0.0,0.0
2025-02-24 10:00:00+00:00,2839.96,14.94166158,0.93830342,0.93823992,0.0,0.0,0.0
2025-02-24 11:00:00+00:00,2825.965,15.07982771,0.94144242,0.94140274,0.0,0.0,0.0
2025-02-24 12:00:00+00:00,2915.77,14.90431783,0.94180664,0.94174526,0.0,0.0,0.0
2025-02-24 13:00:00+00:00,3011.88,14.89757647,0.94314089,0.94216546,0.0,0.00045093,3.1e-06
2025-02-24 14:00:00+00:00,3135.76,14.58312904,0.94152186,0.94025639,0.0,0.00104185,7.23e-06
2025-02-24 15:00:00+00:00,3183.935,14.39324765,0.94000136,0.93875674,0.0,0.00104318,7.22e-06
2025-02-24 16:00:00+00:00,3228.76,14.26561244,0.93880674,0.93799107,0.0,0.00067209,4.83e-06
2025-02-24 17:00:00+00:00,3148.675,14.26628525,0.94106588,0.94017493,0.0,0.00069947,5.25e-06
2025-02-24 18:00:00+00:00,3027.08,14.27789057,0.94102974,0.94002844,0.0,0.00079439,5.87e-06
2025-02-24 19:00:00+00:00,2892.525,14.16336664,0.94237305,0.94166795,0.0,0.00057222,4.27e-06
2025-02-24 20:00:00+00:00,2778.765,14.14518281,0.94912386,0.94851803,0.0,0.00048609,3.7e-06
2025-02-24 21:00:00+00:00,2628.67,14.13639028,0.95401454,0.95336706,0.0,0.00051928,3.99e-06
2025-02-24 22:00:00+00:00,2493.005,14.0457876,0.95335574,0.95257904,0.0,0.00063416,4.69e-06
2025-02-24 23:00:00+00:00,2413.345,14.15070073,0.95301533,0.95167291,0.0,0.00109482,7.9e-06
2025-02-25 00:00:00+00:00,2380.7,14.555145,0.95274425,0.95038703,0.0,0.00198736,1.396e-05
2025-02-25 01:00:00+00:00,2411.245,14.91475338,0.9515171,0.94822094,0.0,0.00280315,1.934e-05
2025-02-25 02:00:00+00:00,2394.89,15.20124285,0.95227448,0.94899232,0.0,0.00277608,1.991e-05
2025-02-25 03:00:00+00:00,2415.975,15.42570148,0.94655321,0.94358567,0.0,0.00247961,1.885e-05
2025-02-25 04:00:00+00:00,2557.36,15.51158239,0.93670194,0.93458966,0.0,0.00168771,2.601e-05
2025-02-25 05:00:00+00:00,2883.55,15.75619071,0.9316318,0.93069831,0.0,0.00068807,2.354e-05
2025-02-25 06:00:00+00:00,3131.145,16.08091029,0.92535075,0.92496741,0.0,0.00028972,2.45e-06
2025-02-25 07:00:00+00:00,3161.18,16.6265902,0.92788974,0.9272031,0.00029453,0.00018875,1.056e-05
2025-02-25 08:00:00+00:00,3112.85,16.93902971,0.92913284,0.9281987,0.00063716,1.9e-07,4.677e-05
2025-02-25 09:00:00+00:00,3107.275,17.22594519,0.92668497,0.92585155,0.00063082,0.0,4.432e-05
2025-02-25 10:00:00+00:00,3136.955,17.49222443,0.92173201,0.92108863,0.00039214,0.0,4.989e-05
2025-02-25 11:00:00+00:00,3088.605,17.80213497,0.91865044,0.91807299,0.00029397,0.0,5.561e-05
2025-02-25 12:00:00+00:00,3099.2,17.82263606,0.9156973,0.91508328,0.00033856,0.0,6.551e-05
2025-02-25 13:00:00+00:00,3042.135,17.87485558,0.90785074,0.9069135,0.00060396,0.0,9.435e-05
2025-02-25 14:00:00+00:00,3001.62,17.68182841,0.88918234,0.88831302,0.000558,0.0,9.216e-05
2025-02-25 15:00:00+00:00,3048.455,17.54591413,0.92123838,0.91989954,0.000935,0.0,0.00014853
2025-02-25 16:00:00+00:00,3201.38,17.79976256,0.92967832,0.92734459,0.00182037,0.0,0.00021152
2025-02-25 17:00:00+00:00,3203.12,17.65657613,0.93213095,0.93013356,0.00151737,0.0,0.00017304
2025-02-25 18:00:00+00:00,3140.105,17.44685451,0.93214658,0.93072568,0.00094847,0.0,0.00015358
2025-02-25 19:00:00+00:00,3013.26,17.14704557,0.93285811,0.93256348,5.289e-05,0.0,6.329e-05
2025-02-25 20:00:00+00:00,2867.175,17.10226713,0.93517705,0.93498805,0.0,0.0,3.347e-05
2025-02-25 21:00:00+00:00,2751.08,16.96360644,0.93519858,0.93508222,0.0,0.0,1.675e-05
2025-02-25 22:00:00+00:00,2616.205,16.75451899,0.93502169,0.93491652,0.0,0.0,1.495e-05
2025-02-25 23:00:00+00:00,2575.56,16.57844432,0.93372269,0.9336098,0.0,0.0,1.115e-05
2025-02-26 00:00:00+00:00,2487.935,16.49660205,0.93426559,0.93414913,0.0,0.0,1.751e-05
2025-02-26 01:00:00+00:00,2464.04,16.4647019,0.93308325,0.93297524,0.0,0.0,1.508e-05
2025-02-26 02:00:00+00:00,2482.44,16.67452011,0.93475348,0.93458859,0.0,0.0,2.839e-05
2025-02-26 03:00:00+00:00,2504.265,16.88214325,0.93359748,0.93337033,0.0,0.0,3.607e-05
2025-02-26 04:00:00+00:00,2627.68,17.00344982,0.92866186,0.92843918,0.0,0.0,3.405e-05
2025-02-26 05:00:00+00:00,2923.01,17.17714983,0.92437153,0.92413972,6.74e-06,0.0,4.355e-05
2025-02-26 06:00:00+00:00,3141.235,17.49692446,0.91874433,0.91775541,0.00058816,0.0,0.00013219
2025-02-26 07:00:00+00:00,3155.185,17.73421534,0.91734297,0.91588307,0.00089955,0.0,0.00017329
2025-02-26 08:00:00+00:00,3127.425,17.99920416,0.91672234,0.91533158,0.0007993,0.0,0.00018008
2025-02-26 09:00:00+00:00,3140.08,18.31772651,0.91752672,0.91605703,0.00088558,0.0,0.00020143
2025-02-26 10:00:00+00:00,3156.335,18.60488291,0.91799834,0.9163733,0.00116051,0.0,0.00016097
2025-02-26 11:00:00+00:00,3090.15,18.90837847,0.91724849,0.91565928,0.00108877,0.0,0.00017003
2025-02-26 12:00:00+00:00,3077.255,18.92692622,0.91783774,0.91663489,0.00072197,0.0,0.00016416
2025-02-26 13:00:00+00:00,3038.555,18.78097999,0.9208856,0.9196601,0.00073253,0.0,0.00016318
2025-02-26 14:00:00+00:00,3073.605,18.68172507,0.92116424,0.91973325,0.00091241,0.0,0.00018839
2025-02-26 15:00:00+00:00,3108.22,18.52247229,0.91826196,0.91642174,0.00127293,0.0,0.00021341
2025-02-26 16:00:00+00:00,3208.78,18.34511599,0.91862057,0.91660822,0.00150912,0.0,0.00019517
2025-02-26 17:00:00+00:00,3166.28,18.17182557,0.92131086,0.91952225,0.00130328,0.0,0.0001796
2025-02-26 18:00:00+00:00,3093.53,18.01891367,0.92285031,0.9213348,0.00106415,0.0,0.00016338
2025-02-26 19:00:00+00:00,2952.34,17.75306311,0.92296021,0.92222365,0.00042339,0.0,0.00010965
2025-02-26 20:00:00+00:00,2827.91,17.58205325,0.92625005,0.92598135,3.845e-05,0.0,6.425e-05
2025-02-26 21:00:00+00:00,2686.63,17.56460697,0.93166547,0.93143303,2.953e-05,0.0,5.319e-05
2025-02-26 22:00:00+00:00,2568.515,17.5000757,0.93091868,0.93074479,4.33e-06,0.0,2.844e-05
2025-02-26 23:00:00+00:00,2486.74,17.86955216,0.9342888,0.93298611,0.0,0.00098647,2.521e-05
2025-02-27 00:00:00+00:00,2460.58,18.05033549,0.93530525,0.933475,0.0,0.001487,1.506e-05
2025-02-27 01:00:00+00:00,2446.535,17.5737702,0.9337479,0.93336505,0.0,0.00024269,1.513e-05
2025-02-27 02:00:00+00:00,2430.15,17.58682784,0.93253823,0.93218223,0.0,0.00020329,1.931e-05
2025-02-27 03:00:00+00:00,2471.145,17.69708012,0.92897336,0.92881697,0.0,0.0,2.143e-05
2025-02-27 04:00:00+00:00,2598.185,17.76138439,0.92365988,0.92348264,1.489e-05,0.0,2.85e-05
2025-02-27 05:00:00+00:00,2849.0,18.08020789,0.912514,0.91154412,0.00076042,0.0,5.939e-05
2025-02-27 06:00:00+00:00,3082.45,18.33470963,0.89142648,0.89040616,0.00081851,0.0,6.501e-05
2025-02-27 07:00:00+00:00,3101.07,18.67216345,0.88261252,0.88114378,0.00110873,0.0,9.286e-05
2025-02-27 08:00:00+00:00,3075.745,18.95200389,0.88397815,0.88203306,0.00145472,0.0,0.00011647
2025-02-27 09:00:00+00:00,3072.33,19.13302361,0.89582559,0.89398523,0.00138381,0.0,0.00013863
2025-02-27 10:00:00+00:00,3096.245,19.3713791,0.90903625,0.90716056,0.00137487,0.0,0.00015312
2025-02-27 11:00:00+00:00,3101.49,19.45339534,0.91612282,0.91422137,0.00144298,0.0,0.00014411
2025-02-27 12:00:00+00:00,3102.465,19.39127426,0.91456488,0.91314359,0.00096167,0.0,0.00011502
2025-02-27 13:00:00+00:00,3065.31,19.27747928,0.91725955,0.915662,0.00114864,0.0,0.00013828
2025-02-27 14:00:00+00:00,3117.07,19.11767498,0.91538998,0.91381257,0.00112922,0.0,0.00015252
2025-02-27 15:00:00+00:00,3115.675,19.04889488,0.91566743,0.91346344,0.00175469,0.0,0.00017442
2025-02-27 16:00:00+00:00,3227.47,19.04870607,0.91771706,0.91475826,0.00238076,0.0,0.00021811
2025-02-27 17:00:00+00:00,3257.435,18.79279092,0.91853848,0.91616582,0.00190009,0.0,0.00019385
2025-02-27 18:00:00+00:00,3193.17,18.49110707,0.91800282,0.91611941,0.00154768,0.0,0.0001354
2025-02-27 19:00:00+00:00,3079.005,18.22440773,0.91717711,0.91591459,0.00102519,0.0,9.72e-05
2025-02-27 20:00:00+00:00,2944.255,18.05242424,0.91969486,0.9188835,0.00055623,0.0,8.117e-05
2025-02-27 21:00:00+00:00,2850.265,17.8087146,0.92482991,0.92457298,7.492e-05,0.0,3.988e-05
2025-02-27 22:00:00+00:00,2680.32,17.62392907,0.93407475,0.93392076,0.0,0.0,2.731e-05
2025-02-27 23:00:00+00:00,2625.275,17.58034581,0.93183879,0.93145861,1.515e-05,0.0,7.876e-05
2025-02-28 00:00:00+00:00,2577.12,17.4410572,0.93218415,0.93186622,9.88e-06,0.0,6.508e-05
2025-02-28 01:00:00+00:00,2504.745,17.40722464,0.93171037,0.93128408,4.298e-05,0.0,0.00011006
2025-02-28 02:00:00+00:00,2483.445,17.34926575,0.93118282,0.93085805,1.198e-05,0.0,7.093e-05
2025-02-28 03:00:00+00:00,2520.555,17.37471196,0.92608925,0.92575718,2.094e-05,6e-07,7.742e-05
2025-02-28 04:00:00+00:00,2627.545,17.64505847,0.91925096,0.91830225,0.00051963,1.01e-06,0.00013998
2025-02-28 05:00:00+00:00,2935.635,18.0803441,0.91390216,0.9121922,0.00129015,3.51e-06,0.0001766
2025-02-28 06:00:00+00:00,3114.505,18.26101865,0.90996163,0.90825939,0.00124948,4.05e-06,0.00019661
2025-02-28 07:00:00+00:00,3111.965,18.49172291,0.9056493,0.90403786,0.00109994,3.29e-06,0.00017921
2025-02-28 08:00:00+00:00,3128.58,18.74698169,0.90483931,0.90325289,0.00107212,4.5e-06,0.00017402
2025-02-28 09:00:00+00:00,3127.77,19.05423164,0.9069042,0.90534972,0.00112393,4.88e-06,0.00018934
2025-02-28 10:00:00+00:00,3048.83,19.3342001,0.9067748,0.90536387,0.00098817,4.03e-06,0.00018601
2025-02-28 11:00:00+00:00,2929.215,19.51848032,0.90881053,0.90763633,0.00069416,4.02e-06,0.00016077
2025-02-28 12:00:00+00:00,2926.16,19.51332858,0.91088768,0.9099756,0.00048579,2.02e-06,0.00012579
2025-02-28 13:00:00+00:00,2868.42,19.2189857,0.91094373,0.90999977,0.00055598,1.57e-06,0.00011932
2025-02-28 14:00:00+00:00,2843.845,18.95334534,0.91041127,0.90932908,0.0005965,1.36e-06,0.00014872
2025-02-28 15:00:00+00:00,2925.315,18.30720958,0.90788812,0.90673105,0.00070635,6.13e-06,0.00014505
2025-02-28 16:00:00+00:00,3072.415,17.97747759,0.91159656,0.90969418,0.00147567,4.42e-06,0.00015906
2025-02-28 17:00:00+00:00,3103.94,17.88623942,0.91564583,0.91340271,0.00182956,3.72e-06,0.00017073
2025-02-28 18:00:00+00:00,3051.565,17.66581082,0.92196032,0.9198061,0.00170975,3.19e-06,0.00017915
2025-02-28 19:00:00+00:00,2953.355,17.38637136,0.92804889,0.92652931,0.00112691,2.02e-06,0.00014386
2025-02-28 20:00:00+00:00,2843.825,17.23516895,0.92388899,0.92274871,0.00073876,0.0,0.00014551
2025-02-28 21:00:00+00:00,2776.01,16.90961325,0.92321074,0.92275554,0.00018772,1.1e-06,8.664e-05
2025-02-28 22:00:00+00:00,2713.525,16.94277972,0.92625841,0.92591952,0.00011283,1.31e-06,6.637e-05
2025-02-28 23:00:00+00:00,2626.09,16.98594021,0.93640706,0.93620689,1.519e-05,7.7e-07,5.325e-05
2025-03-01 00:00:00+00:00,2636.365,17.06427289,0.93806537,0.93783679,8.83e-06,6e-07,5.144e-05
2025-03-01 01:00:00+00:00,2622.315,17.21542014,0.93620926,0.93589352,1.596e-05,0.0,7.955e-05
2025-03-01 02:00:00+00:00,2562.965,17.35765511,0.9363033,0.93595738,1.492e-05,0.0,8.342e-05
2025-03-01 03:00:00+00:00,2574.165,17.51514355,0.93463953,0.9342716,1.435e-05,0.0,9.166e-05
2025-03-01 04:00:00+00:00,2610.065,17.70901528,0.93068894,0.93029789,1.363e-05,0.0,8.901e-05
2025-03-01 05:00:00+00:00,2693.705,17.81004596,0.92487387,0.92450783,1.313e-05,0.0,8.644e-05
2025-03-01 06:00:00+00:00,2681.305,17.86595629,0.91804079,0.91766174,2.29e-05,0.0,0.00010205
2025-03-01 07:00:00+00:00,2727.905,18.50310113,0.92090371,0.92004973,0.00034688,0.0,0.00016959
2025-03-01 08:00:00+00:00,2741.67,19.21704187,0.92094222,0.91998038,0.00046484,0.0,0.00016612
2025-03-01 09:00:00+00:00,2829.015,19.82912537,0.9238858,0.92336569,6.667e-05,0.0,0.00013955
2025-03-01 10:00:00+00:00,2833.265,20.45277064,0.92454826,0.92408156,2.981e-05,0.0,0.00013397
2025-03-01 11:00:00+00:00,2756.77,20.59579498,0.92836998,0.92806814,8.74e-06,0.0,6.687e-05
2025-03-01 12:00:00+00:00,2658.81,20.15191476,0.93085961,0.93076607,0.0,0.0,1.158e-05
2025-03-01 13:00:00+00:00,2604.025,19.16660242,0.93668774,0.93662885,0.0,0.0,4.12e-06
2025-03-01 14:00:00+00:00,2836.91,17.53926141,0.94190538,0.94186772,0.0,0.0,0.0
2025-03-01 15:00:00+00:00,2955.1,16.51178982,0.94377454,0.94366851,0.0,0.0,1.45e-05
2025-03-01 16:00:00+00:00,3006.845,16.14794234,0.94396582,0.9437513,0.0,0.0,3.794e-05
2025-03-01 17:00:00+00:00,3105.795,15.84743357,0.94241764,0.94224716,0.0,0.0,3.014e-05
2025-03-01 18:00:00+00:00,2972.965,15.48353972,0.94726615,0.94724923,0.0,0.0,0.0
2025-03-01 19:00:00+00:00,2760.1,15.27659653,0.95062436,0.95060788,0.0,0.0,0.0
2025-03-01 20:00:00+00:00,2707.34,15.26277743,0.9578968,0.95786053,0.0,0.0,0.0
2025-03-01 21:00:00+00:00,2624.095,15.08103334,0.95995411,0.95991728,0.0,0.0,0.0
2025-03-01 22:00:00+00:00,2545.07,14.8527861,0.96062688,0.96059363,0.0,0.0,0.0
2025-03-01 23:00:00+00:00,2424.245,14.47334105,0.96361915,0.9635858,0.0,0.0,0.0
2025-03-02 00:00:00+00:00,2386.435,14.30695726,0.96323651,0.96320297,0.0,0.0,0.0
2025-03-02 01:00:00+00:00,2364.17,14.17210058,0.96322872,0.96319536,0.0,0.0,0.0
2025-03-02 02:00:00+00:00,2416.055,14.18865623,0.96556259,0.96552877,0.0,0.0,0.0
2025-03-02 03:00:00+00:00,2397.935,14.10819945,0.96596936,0.96593587,0.0,0.0,0.0
2025-03-02 04:00:00+00:00,2378.82,14.00278912,0.96715559,0.96709654,0.0,0.0,0.0
2025-03-02 05:00:00+00:00,2410.92,13.81703287,0.96659532,0.96656075,0.0,0.0,0.0
2025-03-02 06:00:00+00:00,2432.99,13.74649486,0.96711439,0.9670808,0.0,0.0,0.0
2025-03-02 07:00:00+00:00,2431.53,14.03382638,0.96657612,0.9665384,0.0,0.0,0.0
2025-03-02 08:00:00+00:00,2342.75,14.72246289,0.96445792,0.96437438,0.0,0.0,0.0
2025-03-02 09:00:00+00:00,2222.52,15.54259908,0.96704145,0.96684911,0.0,0.00011454,7.2e-07
2025-03-02 10:00:00+00:00,2193.85,16.43056041,0.96426961,0.96418164,0.0,4.334e-05,2.7e-07
2025-03-02 11:00:00+00:00,2220.885,16.77816683,0.96642476,0.96621002,0.0,0.00014943,9.3e-07
2025-03-02 12:00:00+00:00,2158.035,16.51763033,0.96723531,0.96716753,0.0,2.676e-05,1.7e-07
2025-03-02 13:00:00+00:00,2052.25,15.92838722,0.96820329,0.96816659,0.0,0.0,0.0
2025-03-02 14:00:00+00:00,2227.385,15.06007199,0.97172012,0.97164969,0.0,1.8e-07,7.6e-06
2025-03-02 15:00:00+00:00,2493.97,14.54529382,0.97402855,0.97391055,0.0,0.0,1.724e-05
2025-03-02 16:00:00+00:00,2797.885,14.32092719,0.97298548,0.97292601,0.0,0.0,4.8e-06
2025-03-02 17:00:00+00:00,2833.255,14.46314405,0.97570111,0.97555068,0.0,0.0,1.328e-05
2025-03-02 18:00:00+00:00,2831.345,14.25194647,0.97102104,0.97096717,0.0,0.0,0.0
2025-03-02 19:00:00+00:00,2725.445,14.01065266,0.9738008,0.97376652,0.0,0.0,0.0
2025-03-02 20:00:00+00:00,2665.965,13.98054311,0.9736537,0.97361956,0.0,0.0,0.0
2025-03-02 21:00:00+00:00,2533.125,13.75513901,0.97327369,0.9732383,0.0,0.0,0.0
2025-03-02 22:00:00+00:00,2482.945,13.53562111,0.97295344,0.97292082,0.0,0.0,0.0
2025-03-02 23:00:00+00:00,2455.09,13.39672165,0.96785187,0.96781902,0.0,0.0,0.0
2025-03-03 00:00:00+00:00,2429.245,13.33351928,0.96952202,0.96948859,0.0,0.0,0.0
2025-03-03 01:00:00+00:00,2390.71,13.34498436,0.96911618,0.96908294,0.0,0.0,0.0
2025-03-03 02:00:00+00:00,2327.415,13.35792001,0.97017347,0.97014034,0.0,0.0,0.0
2025-03-03 03:00:00+00:00,2429.7,13.33542561,0.96845932,0.96842625,0.0,0.0,0.0
2025-03-03 04:00:00+00:00,2621.775,13.48191047,0.96922798,0.96919127,0.0,0.0,1.6e-07
2025-03-03 05:00:00+00:00,2882.19,13.8410404,0.96911149,0.96907755,0.0,0.0,7.1e-07
2025-03-03 06:00:00+00:00,2999.68,13.94430896,0.96816829,0.96813878,0.0,0.0,0.0
2025-03-03 07:00:00+00:00,3109.125,14.26654125,0.96747051,0.96738268,0.0,0.0,0.0
2025-03-03 08:00:00+00:00,3104.115,14.59917555,0.96968711,0.96955459,0.0,0.0,0.0
2025-03-03 09:00:00+00:00,3116.165,14.99330206,0.96888136,0.96883038,0.0,0.0,0.0
2025-03-03 10:00:00+00:00,3146.05,15.48350631,0.96767302,0.967641,0.0,0.0,0.0
2025-03-03 11:00:00+00:00,3094.61,15.48023871,0.96704853,0.96701165,0.0,0.0,0.0
2025-03-03 12:00:00+00:00,3046.805,15.24100724,0.9635679,0.96353394,0.0,0.0,0.0
2025-03-03 13:00:00+00:00,3042.62,14.83223321,0.96567084,0.96563742,0.0,0.0,0.0
2025-03-03 14:00:00+00:00,3050.69,14.26588746,0.96815849,0.96812472,0.0,0.0,0.0
2025-03-03 15:00:00+00:00,3055.59,14.24156484,0.96942533,0.96813314,0.0,0.00107392,7.25e-06
2025-03-03 16:00:00+00:00,3114.59,13.71171968,0.96757806,0.96754197,0.0,0.0,0.0
2025-03-03 17:00:00+00:00,3127.885,13.69993135,0.96812909,0.96801252,0.0,2.213e-05,1.5e-07
2025-03-03 18:00:00+00:00,3052.7,13.5956159,0.96996488,0.96991456,0.0,0.0,0.0
2025-03-03 19:00:00+00:00,3025.005,13.59650926,0.97088896,0.97085569,0.0,0.0,0.0
2025-03-03 20:00:00+00:00,2872.455,13.61769022,0.96884793,0.96881044,0.0,0.0,0.0
2025-03-03 21:00:00+00:00,2775.08,13.48627928,0.96890403,0.96866551,0.0,0.00019101,1.23e-06
2025-03-03 22:00:00+00:00,2660.08,13.31779022,0.96824069,0.96820471,0.0,0.0,0.0
2025-03-03 23:00:00+00:00,2527.925,13.26504104,0.97166635,0.9716335,0.0,0.0,0.0
2025-03-04 00:00:00+00:00,2463.565,13.30007128,0.9718305,0.97179738,0.0,0.0,0.0
2025-03-04 01:00:00+00:00,2456.675,13.31955474,0.97315293,0.97312036,0.0,0.0,0.0
2025-03-04 02:00:00+00:00,2439.225,13.31597666,0.97234007,0.97230347,0.0,0.0,0.0
2025-03-04 03:00:00+00:00,2482.605,13.36298472,0.97326788,0.97323568,0.0,0.0,0.0
2025-03-04 04:00:00+00:00,2633.83,13.35680246,0.97196215,0.97192599,0.0,0.0,0.0
2025-03-04 05:00:00+00:00,2989.755,13.71767571,0.97276149,0.97272766,0.0,0.0,0.0
2025-03-04 06:00:00+00:00,3181.48,13.97496843,0.97377081,0.97373363,0.0,1.9e-07,2.09e-06
2025-03-04 07:00:00+00:00,3066.45,14.22825389,0.97235195,0.97226312,0.0,0.0,0.0
2025-03-04 08:00:00+00:00,3123.575,14.65886895,0.97082437,0.97066882,0.0,0.0,0.0
2025-03-04 09:00:00+00:00,3092.955,14.99418253,0.96899345,0.96893888,0.0,0.0,0.0
2025-03-04 10:00:00+00:00,3117.975,16.92087037,0.96771992,0.96549655,0.0,0.00010461,1.987e-05
2025-03-04 11:00:00+00:00,2990.12,28.59542642,0.9589077,0.94158795,0.0,0.00083348,0.00015867
2025-03-04 12:00:00+00:00,2904.925,17.22596082,0.96445097,0.96209982,0.0,0.0001126,2.135e-05
2025-03-04 13:00:00+00:00,2872.26,15.50739303,0.96735277,0.96731951,0.0,0.0,0.0
2025-03-04 14:00:00+00:00,2906.685,15.18691271,0.96830377,0.9682902,0.0,0.0,0.0
2025-03-04 15:00:00+00:00,3023.99,15.04245106,0.97030291,0.97027054,0.0,0.0,0.0
2025-03-04 16:00:00+00:00,3139.04,14.95077596,0.97177335,0.97173769,0.0,0.0,0.0
2025-03-04 17:00:00+00:00,3104.11,14.86379959,0.97211072,0.97200063,0.0,4e-08,6.3e-07
2025-03-04 18:00:00+00:00,3059.89,14.61099583,0.97204288,0.97197516,0.0,0.0,0.0
2025-03-04 19:00:00+00:00,2943.28,14.34629187,0.97202159,0.97198942,0.0,0.0,0.0
2025-03-04 20:00:00+00:00,2811.315,13.95408783,0.97177211,0.97173547,0.0,0.0,0.0
2025-03-04 21:00:00+00:00,2670.505,13.64116934,0.97038489,0.97035002,0.0,0.0,0.0
2025-03-04 22:00:00+00:00,2592.105,13.48476808,0.97035444,0.97031913,0.0,0.0,0.0
2025-03-04 23:00:00+00:00,2555.525,13.42515179,0.97111107,0.97107533,0.0,0.0,0.0
2025-03-05 00:00:00+00:00,2485.465,13.33083414,0.97059303,0.97055679,0.0,0.0,0.0
2025-03-05 01:00:00+00:00,2510.615,13.32827562,0.97185518,0.97181922,0.0,0.0,0.0
2025-03-05 02:00:00+00:00,2496.655,13.22945277,0.97122877,0.97119188,0.0,0.0,0.0
2025-03-05 03:00:00+00:00,2518.825,13.28481369,0.97143196,0.97139586,0.0,0.0,0.0
2025-03-05 04:00:00+00:00,2645.62,13.26884392,0.97187129,0.97183563,0.0,0.0,0.0
2025-03-05 05:00:00+00:00,2904.255,13.53041654,0.97184465,0.97181056,0.0,0.0,0.0
2025-03-05 06:00:00+00:00,3145.765,13.87037611,0.97076945,0.97026379,0.0,0.00040228,5.76e-06
2025-03-05 07:00:00+00:00,3203.725,14.45897682,0.96983183,0.96852401,0.0,0.00102394,1.572e-05
2025-03-05 08:00:00+00:00,3129.785,14.64859479,0.9690892,0.96894579,0.0,0.0,0.0
2025-03-05 09:00:00+00:00,3220.78,29.40600492,0.96029037,0.94149391,0.0,0.0007984,0.00015688
2025-03-05 10:00:00+00:00,3205.09,49.52852384,0.94916946,0.90478528,0.0,0.00175225,0.00034475
2025-03-05 11:00:00+00:00,3004.84,59.55651024,0.9443221,0.88561035,9.21e-06,0.00505482,0.00044663
2025-03-05 12:00:00+00:00,2952.1,36.06002841,0.95234268,0.92546036,0.0,0.00108962,0.00021281
2025-03-05 13:00:00+00:00,2903.675,15.08202589,0.96486561,0.96480376,0.0,0.0,0.0
2025-03-05 14:00:00+00:00,2946.42,14.43854715,0.96830219,0.9682682,0.0,0.0,0.0
2025-03-05 15:00:00+00:00,3034.125,14.23537186,0.97149719,0.97146519,0.0,0.0,0.0
2025-03-05 16:00:00+00:00,3155.32,14.76140688,0.97106918,0.96905563,0.0,0.00168704,2.493e-05
2025-03-05 17:00:00+00:00,3139.53,14.56303921,0.97142588,0.97058963,0.0,0.00063965,9.37e-06
2025-03-05 18:00:00+00:00,3065.76,15.00167932,0.97151769,0.96861251,0.0,0.00243226,3.597e-05
2025-03-05 19:00:00+00:00,2939.13,15.03204529,0.97161333,0.96895556,0.0,0.00222509,3.389e-05
2025-03-05 20:00:00+00:00,2786.46,14.53704177,0.97388639,0.97289049,0.0,0.00081472,1.231e-05
2025-03-05 21:00:00+00:00,2674.7,14.21693279,0.97014042,0.97012023,0.0,0.0,0.0
2025-03-05 22:00:00+00:00,2506.2,14.13580754,0.97021015,0.97017088,0.0,0.0,0.0
2025-03-05 23:00:00+00:00,2465.315,14.09515368,0.96795343,0.96789603,0.0,2.7e-07,5.09e-06
2025-03-06 00:00:00+00:00,2420.795,13.99209241,0.96901126,0.96895694,0.0,2.5e-07,2.74e-06
2025-03-06 01:00:00+00:00,2417.2,13.90977079,0.96824476,0.96819768,0.0,1.4e-07,1.54e-06
2025-03-06 02:00:00+00:00,2441.11,13.8123665,0.96644405,0.9664034,0.0,0.0,0.0
2025-03-06 03:00:00+00:00,2472.88,13.64170251,0.9679587,0.96791843,0.0,0.0,0.0
2025-03-06 04:00:00+00:00,2595.14,13.81855413,0.96737034,0.96733133,0.0,0.0,0.0
2025-03-06 05:00:00+00:00,2861.0,14.06325844,0.96682849,0.96679186,0.0,0.0,0.0
2025-03-06 06:00:00+00:00,3035.65,14.1216459,0.96288785,0.96285031,0.0,0.0,0.0
2025-03-06 07:00:00+00:00,2962.71,15.23372103,0.96021591,0.95815662,0.00158694,0.00017645,0.0
2025-03-06 08:00:00+00:00,2850.455,16.3047103,0.95807664,0.95747454,4.2e-07,0.00022041,0.0
2025-03-06 09:00:00+00:00,2801.875,16.94482405,0.96036473,0.96027507,0.0,1.442e-05,0.0
2025-03-06 10:00:00+00:00,2667.18,17.54466483,0.95798632,0.95794401,0.0,0.0,0.0
2025-03-06 11:00:00+00:00,2516.125,18.21263184,0.95479238,0.95474838,0.0,0.0,0.0
2025-03-06 12:00:00+00:00,2490.035,18.06437356,0.9531889,0.95314396,0.0,0.0,0.0
2025-03-06 13:00:00+00:00,2443.775,17.11249948,0.95614769,0.95608436,0.0,0.0,0.0
2025-03-06 14:00:00+00:00,2438.69,16.1850928,0.95456235,0.95451661,0.0,0.0,0.0
2025-03-06 15:00:00+00:00,2564.11,15.12212552,0.94996036,0.94991919,0.0,0.0,0.0
2025-03-06 16:00:00+00:00,2874.18,14.86235695,0.95229546,0.95216206,0.0,1.8e-06,2.065e-05
2025-03-06 17:00:00+00:00,2975.42,14.99899145,0.95293168,0.95278795,0.0,1.06e-06,1.21e-05
2025-03-06 18:00:00+00:00,2922.675,15.03792598,0.9520699,0.95197759,0.0,7.6e-07,7.43e-06
2025-03-06 19:00:00+00:00,2788.915,15.12068317,0.95244286,0.95238283,0.0,3.9e-07,3.64e-06
2025-03-06 20:00:00+00:00,2681.1,15.32540221,0.95129683,0.95125692,0.0,0.0,0.0
2025-03-06 21:00:00+00:00,2528.175,15.38272344,0.95281206,0.95277107,0.0,0.0,0.0
2025-03-06 22:00:00+00:00,2378.375,15.45410793,0.95779108,0.95773038,0.0,0.0,0.0
2025-03-06 23:00:00+00:00,2363.31,15.6955405,0.96240284,0.96235982,0.0,0.0,0.0
2025-03-07 00:00:00+00:00,2363.455,15.94233289,0.96161247,0.96157343,0.0,0.0,0.0
2025-03-07 01:00:00+00:00,2381.49,16.21731939,0.96079263,0.96074878,0.0,0.0,0.0
2025-03-07 02:00:00+00:00,2343.86,16.41434474,0.95964683,0.95957741,0.0,0.0,5.78e-06
2025-03-07 03:00:00+00:00,2465.76,16.73550881,0.95599405,0.9559095,0.0,0.0,9.93e-06
2025-03-07 04:00:00+00:00,2634.395,16.91029372,0.95404341,0.95391008,0.0,0.0,2.199e-05
2025-03-07 05:00:00+00:00,2951.285,16.99258877,0.94551568,0.94530801,2.442e-05,0.0,5.37e-05
2025-03-07 06:00:00+00:00,3138.68,17.28580224,0.94362883,0.94299773,0.00033571,0.0,0.00011221
2025-03-07 07:00:00+00:00,3075.235,17.88112839,0.94112685,0.94051059,0.00031214,0.0,9.184e-05
2025-03-07 08:00:00+00:00,2922.55,18.83792229,0.93710489,0.93654815,0.00017851,0.0,8.58e-05
2025-03-07 09:00:00+00:00,2755.125,19.74498378,0.93365853,0.93347638,0.0,0.0,2.659e-05
2025-03-07 10:00:00+00:00,2613.525,20.41868388,0.93329328,0.93320368,0.0,0.0,1.011e-05
2025-03-07 11:00:00+00:00,2502.5,21.27238298,0.92450168,0.92444542,0.0,0.0,0.0
2025-03-07 12:00:00+00:00,2388.48,20.83536929,0.92373971,0.92365697,0.0,0.0,0.0
2025-03-07 13:00:00+00:00,2337.6,19.08092071,0.93771422,0.93764105,0.0,0.0,0.0
2025-03-07 14:00:00+00:00,2343.095,17.80034818,0.94213146,0.94205673,0.0,0.0,1.48e-06
2025-03-07 15:00:00+00:00,2464.945,16.69264754,0.94528552,0.94513999,0.0,1.3e-07,2.433e-05
2025-03-07 16:00:00+00:00,2719.295,16.07811154,0.94871225,0.94850526,0.0,0.0,3.68e-05
2025-03-07 17:00:00+00:00,2771.465,15.74582671,0.94887664,0.94866245,0.0,1.8e-07,2.711e-05
2025-03-07 18:00:00+00:00,2524.525,15.47666339,0.94754617,0.94737219,0.0,8.2e-07,2.174e-05
2025-03-07 19:00:00+00:00,2380.96,15.3593329,0.95048015,0.95021791,0.0,2.23e-06,4.665e-05
2025-03-07 20:00:00+00:00,2243.535,14.98189318,0.95136046,0.95123655,0.0,4e-07,1.776e-05
2025-03-07 21:00:00+00:00,2161.365,14.85296885,0.95156539,0.95146551,0.0,1e-07,1.229e-05
2025-03-07 22:00:00+00:00,2133.375,14.7794556,0.95115181,0.95102872,0.0,9e-08,8.96e-06
2025-03-07 23:00:00+00:00,2158.645,14.71331384,0.9544217,0.95434595,0.0,0.0,0.0
2025-03-08 00:00:00+00:00,2170.92,14.70136586,0.95492842,0.95487587,0.0,0.0,0.0
2025-03-08 01:00:00+00:00,2174.81,14.76840214,0.95559402,0.95554138,0.0,0.0,0.0
2025-03-08 02:00:00+00:00,2195.21,14.84449632,0.955622,0.95556903,0.0,0.0,0.0
2025-03-08 03:00:00+00:00,2259.54,14.95650437,0.95617528,0.95612264,0.0,0.0,0.0
2025-03-08 04:00:00+00:00,2378.45,14.95382001,0.95376438,0.95371255,0.0,0.0,0.0
2025-03-08 05:00:00+00:00,2425.325,15.08392081,0.94980066,0.94971262,0.0,3.3e-07,8.58e-06
2025-03-08 06:00:00+00:00,2492.34,15.52112436,0.94734078,0.94706742,3.117e-05,1.4e-07,7.201e-05
2025-03-08 07:00:00+00:00,2457.425,16.26946591,0.94339843,0.94300383,3.786e-05,1.191e-05,8.424e-05
2025-03-08 08:00:00+00:00,2466.725,17.69067739,0.93833177,0.93638561,0.0,0.00157093,6.323e-05
2025-03-08 09:00:00+00:00,2375.455,21.57470108,0.93049201,0.92531518,0.0,0.00270362,3.509e-05
2025-03-08 10:00:00+00:00,2229.92,20.24574766,0.92821026,0.92670331,0.0,0.00136351,3.157e-05
2025-03-08 11:00:00+00:00,2162.995,29.66512565,0.92289708,0.90508478,5.39e-06,0.00900478,0.0002837
2025-03-08 12:00:00+00:00,2041.715,33.76279641,0.91215181,0.88841907,1.397e-05,0.01160793,0.00032955
2025-03-08 13:00:00+00:00,2003.27,21.61602213,0.92780903,0.92237666,1.39e-05,0.00320273,7.456e-05
2025-03-08 14:00:00+00:00,2066.785,17.99120078,0.93764773,0.93668195,0.00011853,0.00044563,0.00012007
2025-03-08 15:00:00+00:00,2271.375,17.48071691,0.94145493,0.93949237,0.00037523,0.00100611,0.00019931
2025-03-08 16:00:00+00:00,2497.48,17.43826488,0.94365803,0.94136579,0.00053868,0.00108993,0.00023821
2025-03-08 17:00:00+00:00,2580.35,17.491412,0.94327992,0.94035496,0.0010985,0.00123515,0.00021528
2025-03-08 18:00:00+00:00,2551.81,17.62393198,0.94411676,0.94095468,0.00119764,0.00134001,0.00022619
2025-03-08 19:00:00+00:00,2441.815,17.54524368,0.9428868,0.93996739,0.00112432,0.00116904,0.00022921
2025-03-08 20:00:00+00:00,2400.555,17.52455274,0.94298392,0.9400987,0.00046597,0.00180055,0.00022673
2025-03-08 21:00:00+00:00,2365.915,17.35356701,0.94209605,0.94027492,0.00030178,0.00090352,0.00021349
2025-03-08 22:00:00+00:00,2340.89,17.42911381,0.94061978,0.93830542,0.00024161,0.00143548,0.00021329
2025-03-08 23:00:00+00:00,2321.015,17.4774877,0.93994367,0.93710371,0.00016981,0.0020763,0.00022028
2025-03-09 00:00:00+00:00,2266.0,17.57201707,0.94104662,0.93789701,0.00010516,0.00238666,0.00022197
2025-03-09 01:00:00+00:00,2262.865,17.40332663,0.94051356,0.93845586,7.192e-05,0.00139939,0.00018292
2025-03-09 02:00:00+00:00,2292.755,17.45037447,0.94176435,0.93998164,3.98e-05,0.00125892,0.00015536
2025-03-09 03:00:00+00:00,2274.885,17.35464162,0.94397134,0.94354866,6.322e-05,0.0,0.0001216
2025-03-09 04:00:00+00:00,2332.855,17.66380251,0.94489405,0.94437225,0.00012944,0.0,0.00014919
2025-03-09 05:00:00+00:00,2380.185,17.74905286,0.94463964,0.94432028,5.08e-05,0.0,9.165e-05
2025-03-09 06:00:00+00:00,2344.93,18.14627381,0.94403828,0.94344593,0.00020208,0.0,0.00014481
2025-03-09 07:00:00+00:00,2317.455,18.50660113,0.94223008,0.94196567,4.057e-05,0.0,6.379e-05
2025-03-09 08:00:00+00:00,2241.6,19.59300989,0.93444228,0.93433644,0.0,0.0,8.31e-06
2025-03-09 09:00:00+00:00,2111.06,35.20101345,0.90679389,0.88272903,9.798e-05,0.01172089,0.000425
2025-03-09 10:00:00+00:00,2109.72,81.41414148,0.8844452,0.8004912,0.0003713,0.02180387,0.00096784
2025-03-09 11:00:00+00:00,2004.92,99.38634049,0.87537285,0.77082973,7.01e-05,0.02308529,0.00117601
2025-03-09 12:00:00+00:00,1967.53,82.57201392,0.88102148,0.79048823,3.075e-05,0.03139714,0.00096508
2025-03-09 13:00:00+00:00,1981.825,44.98658662,0.89881521,0.8555844,1.997e-05,0.02369014,0.0004928
2025-03-09 14:00:00+00:00,2088.51,22.26046804,0.91965484,0.9149574,1.82e-05,0.00220147,7.863e-05
2025-03-09 15:00:00+00:00,2311.99,19.05221247,0.93260305,0.93121018,0.00101983,0.0,0.00015185
2025-03-09 16:00:00+00:00,2511.495,18.69591742,0.93434819,0.9326912,0.00128166,0.0,0.00016716
2025-03-09 17:00:00+00:00,2654.36,18.55959669,0.93602339,0.9342075,0.00144229,0.0,0.0001594
2025-03-09 18:00:00+00:00,2671.28,18.44875805,0.9355131,0.93383588,0.00131313,0.0,0.00015065
2025-03-09 19:00:00+00:00,2607.05,18.33114118,0.93534236,0.93409463,0.00093446,0.0,0.00013602
2025-03-09 20:00:00+00:00,2595.83,18.24905292,0.93685636,0.93567894,0.00084132,0.0,0.00014541
2025-03-09 21:00:00+00:00,2527.56,18.11104463,0.93826491,0.93727146,0.00071141,0.0,0.00012251
2025-03-09 22:00:00+00:00,2410.755,18.01242129,0.93732281,0.93655493,0.00049076,0.0,0.00010504
2025-03-09 23:00:00+00:00,2395.085,18.08381534,0.93549153,0.93486755,0.00028219,0.0,0.00011776
2025-03-10 00:00:00+00:00,2379.945,18.04091702,0.93658416,0.9360604,0.00021367,0.0,0.00010805
2025-03-10 01:00:00+00:00,2340.49,17.99104455,0.93523082,0.93482917,0.00013402,0.0,8.533e-05
2025-03-10 02:00:00+00:00,2296.145,17.97226797,0.9358909,0.93547775,0.00017165,0.0,8.014e-05
2025-03-10 03:00:00+00:00,2339.105,17.99479814,0.9347163,0.93418944,0.000241,0.0,0.000102
2025-03-10 04:00:00+00:00,2483.825,18.0813173,0.93199461,0.93126702,0.00036126,0.0,0.0001319
2025-03-10 05:00:00+00:00,2758.44,17.91656582,0.92447607,0.92279751,0.00144446,0.0,3.667e-05
2025-03-10 06:00:00+00:00,2928.325,45.46706256,0.90232871,0.84228231,0.01158085,0.00881753,0.00027909
2025-03-10 07:00:00+00:00,2928.57,64.52443379,0.88861285,0.81425522,0.00611714,0.008534,0.00049618
2025-03-10 08:00:00+00:00,2793.88,81.59409489,0.8822875,0.79341722,0.00274492,0.01044308,0.00066166
2025-03-10 09:00:00+00:00,2786.285,59.95819993,0.89474519,0.84318009,0.00096648,0.00419521,0.00048512
2025-03-10 10:00:00+00:00,2665.87,52.11856074,0.90327572,0.86437878,0.00079924,0.00178288,0.00039513
2025-03-10 11:00:00+00:00,2596.55,35.56181579,0.91294782,0.89426529,0.00059735,0.0008175,0.00025614
2025-03-10 12:00:00+00:00,2565.47,20.91409347,0.92117198,0.92022919,0.00055621,0.0,0.00011455
2025-03-10 13:00:00+00:00,2530.1,25.32332807,0.91908862,0.91176843,0.00044472,0.00028642,0.00015368
2025-03-10 14:00:00+00:00,2539.07,19.2131099,0.9227876,0.92191235,0.00054187,0.0,0.00011005
2025-03-10 15:00:00+00:00,2608.12,18.21601895,0.92507093,0.92418725,0.00060475,0.0,8.864e-05
2025-03-10 16:00:00+00:00,2598.625,19.47219335,0.92243061,0.91873024,0.00077919,0.00011602,7.988e-05
2025-03-10 17:00:00+00:00,2614.32,17.1118304,0.92633514,0.92566989,0.00051032,0.0,2.551e-05
2025-03-10 18:00:00+00:00,2655.675,16.9365197,0.928965,0.92828447,0.00056923,0.0,7.26e-06
2025-03-10 19:00:00+00:00,2618.57,16.9001539,0.93395475,0.933163,0.00060865,0.0,4.438e-05
2025-03-10 20:00:00+00:00,2570.415,16.82989467,0.93973369,0.93900513,0.00053499,0.0,6.184e-05
2025-03-10 21:00:00+00:00,2542.14,16.73541604,0.94303874,0.94231025,0.00046682,0.0,9.144e-05
2025-03-10 22:00:00+00:00,2577.205,16.66672279,0.94688704,0.94630558,0.00033617,0.0,7.787e-05
2025-03-10 23:00:00+00:00,2456.13,16.59121531,0.94848233,0.94814105,6.936e-05,0.0,8.425e-05
2025-03-11 00:00:00+00:00,2456.145,16.68215245,0.94833237,0.94773773,0.00023484,0.0,0.0001233
2025-03-11 01:00:00+00:00,2448.77,16.73812819,0.94745602,0.94705707,9.087e-05,0.0,0.0001047
2025-03-11 02:00:00+00:00,2470.08,16.87225895,0.94564951,0.94505081,0.00023275,0.0,0.00013045
2025-03-11 03:00:00+00:00,2486.295,17.04941083,0.9422904,0.94155423,0.00035951,0.0,0.00013993
2025-03-11 04:00:00+00:00,2600.525,17.32893758,0.935446,0.93417829,0.00083865,0.0,0.00017042
2025-03-11 05:00:00+00:00,2859.945,17.57313752,0.92747067,0.92559133,0.00157822,0.0,0.00012423
2025-03-11 06:00:00+00:00,3079.37,17.75476434,0.91918323,0.91706995,0.00174434,0.0,0.00013896
2025-03-11 07:00:00+00:00,3138.085,35.27707199,0.91352688,0.86912912,0.01121346,0.00185951,0.00012418
2025-03-11 08:00:00+00:00,3049.925,26.20672754,0.91302494,0.89605763,0.00203273,0.00079081,0.00014961
2025-03-11 09:00:00+00:00,3153.89,25.63053908,0.91064944,0.89556512,0.00229067,0.00074434,0.00015406
2025-03-11 10:00:00+00:00,3168.885,27.17043913,0.91144184,0.89418773,0.0023211,0.00098035,0.00013942
2025-03-11 11:00:00+00:00,3138.65,26.21889033,0.90501262,0.89143303,0.00147767,0.00062055,0.00015072
2025-03-11 12:00:00+00:00,3131.955,36.77733328,0.90372394,0.86912749,0.00171296,0.00170021,0.00012726
2025-03-11 13:00:00+00:00,3058.475,27.45720039,0.91044128,0.88903724,0.00471061,0.00092772,0.00011679
2025-03-11 14:00:00+00:00,3021.725,18.59365589,0.91365074,0.91068904,0.00257295,0.0,0.00013279
2025-03-11 15:00:00+00:00,3055.695,18.36641059,0.91173836,0.90920859,0.00213946,0.0,0.00015257
2025-03-11 16:00:00+00:00,3126.99,18.10611607,0.91019634,0.90788634,0.00192598,0.0,0.00014246
2025-03-11 17:00:00+00:00,3185.13,31.35401801,0.90730277,0.87045259,0.01163738,0.0013634,0.00013022
2025-03-11 18:00:00+00:00,3151.87,19.69383281,0.91372755,0.90591925,0.00406873,0.00019405,0.00010234
2025-03-11 19:00:00+00:00,3075.47,18.0130143,0.91574457,0.91327688,0.00214573,0.0,0.00011285
2025-03-11 20:00:00+00:00,2941.47,18.07323094,0.91862202,0.91600889,0.00228089,0.0,0.00012486
2025-03-11 21:00:00+00:00,2831.45,17.98588025,0.92117802,0.91891653,0.00196956,0.0,0.00011722
2025-03-11 22:00:00+00:00,2648.36,22.49785082,0.92020769,0.91197499,0.00162841,0.00030287,0.00015765
2025-03-11 23:00:00+00:00,2693.705,18.01038591,0.91751415,0.91555044,0.00153994,0.0,0.00015975
2025-03-12 00:00:00+00:00,2636.31,17.99698372,0.91787146,0.9164032,0.00104238,0.0,0.00015532
2025-03-12 01:00:00+00:00,2610.445,17.98711777,0.9178399,0.9164792,0.00101781,0.0,0.00012283
2025-03-12 02:00:00+00:00,2635.3,17.93877591,0.91734817,0.91593092,0.0010523,0.0,0.00013813
2025-03-12 03:00:00+00:00,2621.195,17.92389858,0.91855861,0.91714003,0.00106879,0.0,0.00012596
2025-03-12 04:00:00+00:00,2754.34,17.98404396,0.91403817,0.91218488,0.00153323,0.0,0.00011174
2025-03-12 05:00:00+00:00,2976.185,40.86081146,0.89552057,0.86284238,0.00137982,0.00140983,0.00026368
2025-03-12 06:00:00+00:00,3256.315,77.34574744,0.86735175,0.78139739,0.00461529,0.00617551,0.00054587
2025-03-12 07:00:00+00:00,3319.845,89.09106538,0.85544047,0.76016039,0.00343016,0.00564984,0.00054474
2025-03-12 08:00:00+00:00,3254.67,77.6546724,0.86278148,0.78882511,0.00111621,0.00278404,0.00045235
2025-03-12 09:00:00+00:00,3271.275,68.91275631,0.86602339,0.80411198,0.00107199,0.0024819,0.00045278
2025-03-12 10:00:00+00:00,3220.78,64.06706212,0.87412863,0.81814543,0.00141423,0.0023131,0.00040995
2025-03-12 11:00:00+00:00,3193.81,66.4885975,0.86741163,0.80873267,0.00150507,0.00239799,0.0004465
2025-03-12 12:00:00+00:00,3117.58,88.44899858,0.85272109,0.75990006,0.00143934,0.00814024,0.00062483
2025-03-12 13:00:00+00:00,3055.405,80.32240509,0.85141199,0.77481343,0.00092763,0.00384569,0.00057971
2025-03-12 14:00:00+00:00,3077.115,106.71590775,0.82712357,0.70652859,0.00357958,0.01052684,0.00076758
2025-03-12 15:00:00+00:00,3041.82,98.8135613,0.81986724,0.70561287,0.00594716,0.01036724,0.00074607
2025-03-12 16:00:00+00:00,3168.58,126.56779126,0.75538789,0.60334079,0.01497329,0.01367353,0.00092228
2025-03-12 17:00:00+00:00,3148.91,120.27186679,0.75211176,0.60336909,0.01917944,0.0133889,0.00089842
2025-03-12 18:00:00+00:00,3153.31,102.71219215,0.76579718,0.64534755,0.01325495,0.01032531,0.0007435
2025-03-12 19:00:00+00:00,3060.865,55.11913818,0.82953112,0.77930611,0.00367992,0.00262736,0.00037456
2025-03-12 20:00:00+00:00,2903.82,66.99320519,0.87316198,0.80674175,0.00210138,0.00321458,0.00048175
2025-03-12 21:00:00+00:00,2762.485,44.64236747,0.88790305,0.85224231,0.00135645,0.00123724,0.00028331
2025-03-12 22:00:00+00:00,2716.88,21.69119309,0.90152664,0.89588522,0.00159108,0.00015524,0.00014501
2025-03-12 23:00:00+00:00,2598.225,18.88699071,0.9041653,0.90187524,0.00189978,0.0,0.00013064
2025-03-13 00:00:00+00:00,2665.39,18.89295606,0.90803751,0.90582717,0.00178486,0.0,0.00015735
2025-03-13 01:00:00+00:00,2638.035,18.80488289,0.90749724,0.90542356,0.0016828,0.0,0.00014435
2025-03-13 02:00:00+00:00,2667.21,18.78692249,0.90987415,0.90761926,0.00186718,0.0,0.00014581
2025-03-13 03:00:00+00:00,2676.825,18.67213162,0.9101358,0.90780746,0.00197568,0.0,0.00014075
2025-03-13 04:00:00+00:00,2797.705,21.48187444,0.91089295,0.90316803,0.00236474,0.00136624,0.00014001
2025-03-13 05:00:00+00:00,3017.32,20.50046867,0.90047127,0.89455286,0.00201284,0.00093122,0.00011521
2025-03-13 06:00:00+00:00,3210.005,24.3697822,0.8868147,0.87568956,0.00237,0.00137805,0.00014805
2025-03-13 07:00:00+00:00,3255.555,78.34040348,0.85446049,0.76084183,0.00738183,0.01012191,0.00060683
2025-03-13 08:00:00+00:00,3197.12,88.18819038,0.84673441,0.74359848,0.00399614,0.01231468,0.00068649
2025-03-13 09:00:00+00:00,3133.98,107.95915591,0.83301855,0.71221273,0.00192947,0.01277918,0.0008905
2025-03-13 10:00:00+00:00,3114.0,76.07586612,0.85550181,0.78177969,0.00137795,0.00480946,0.00063725
2025-03-13 11:00:00+00:00,3032.675,71.57121067,0.85934295,0.78286363,0.00184869,0.00896028,0.00056764
2025-03-13 12:00:00+00:00,3044.745,53.01244044,0.87282917,0.81737205,0.00261063,0.00848223,0.00043814
2025-03-13 13:00:00+00:00,2962.37,69.61564975,0.8636286,0.78711316,0.00236562,0.00942952,0.0005849
2025-03-13 14:00:00+00:00,3016.835,69.31190754,0.86195746,0.7891277,0.00222214,0.00709668,0.00057905
2025-03-13 15:00:00+00:00,3077.635,83.66203312,0.85521456,0.76537122,0.00270359,0.00635028,0.00059049
2025-03-13 16:00:00+00:00,3226.215,74.45367574,0.86553951,0.78676338,0.00426754,0.00421226,0.00051806
2025-03-13 17:00:00+00:00,3256.74,40.95392807,0.88988588,0.85772949,0.00201828,0.00114777,0.00025103
2025-03-13 18:00:00+00:00,3226.43,18.46736295,0.90731012,0.90552554,0.00118997,7.19e-05,0.00012528
2025-03-13 19:00:00+00:00,3128.725,18.12490804,0.90737237,0.90565381,0.00139914,0.0,0.0001154
2025-03-13 20:00:00+00:00,3085.57,17.98047963,0.90926685,0.90753119,0.00131907,0.0,0.00015271
2025-03-13 21:00:00+00:00,2952.97,18.89007838,0.9103898,0.90652853,0.00122093,0.00016145,0.00016997
2025-03-13 22:00:00+00:00,2865.595,17.69293098,0.91181975,0.91001284,0.00135766,0.0,0.00017244
2025-03-13 23:00:00+00:00,2755.89,30.89921154,0.89952861,0.87148783,0.00023956,0.00237135,2.774e-05
2025-03-14 00:00:00+00:00,2673.94,37.41985643,0.89971147,0.85972923,0.00045197,0.00333866,6.475e-05
2025-03-14 01:00:00+00:00,2713.73,31.86995277,0.90438398,0.87409737,0.00055039,0.00291889,8.271e-05
2025-03-14 02:00:00+00:00,2738.535,30.65297388,0.90484456,0.87710474,0.00062158,0.00264243,8.343e-05
2025-03-14 03:00:00+00:00,2788.885,39.56284131,0.89288227,0.85774842,0.00041006,0.00241934,0.00018488
2025-03-14 04:00:00+00:00,2890.86,62.84174524,0.87186773,0.81245514,0.00067035,0.00275889,0.00037621
2025-03-14 05:00:00+00:00,3111.645,85.03179032,0.85431767,0.76443008,0.00079861,0.00441386,0.00050024
2025-03-14 06:00:00+00:00,3266.665,117.29051356,0.82805226,0.67688061,0.01373898,0.01416084,0.00087396
2025-03-14 07:00:00+00:00,3327.235,85.0611038,0.84940663,0.73641933,0.01309355,0.01288449,0.00055006
2025-03-14 08:00:00+00:00,3369.03,28.84736327,0.8860961,0.86644851,0.00252324,0.00216607,8.015e-05
2025-03-14 09:00:00+00:00,3320.805,19.74780882,0.89768396,0.89649217,0.00098745,0.0,5.271e-05
2025-03-14 10:00:00+00:00,3319.48,20.30115387,0.90342845,0.90208259,0.00105486,0.0,9.229e-05
2025-03-14 11:00:00+00:00,3272.85,20.37858769,0.90443719,0.90297186,0.00108836,0.0,7.984e-05
2025-03-14 12:00:00+00:00,3251.27,19.8806397,0.90582084,0.90493839,0.00058356,0.0,8.032e-05
2025-03-14 13:00:00+00:00,3190.835,19.57506689,0.90481913,0.90319907,0.00122225,0.0,0.00012297
2025-03-14 14:00:00+00:00,3146.99,19.01335175,0.90564743,0.90344385,0.00124405,0.00033495,0.00016489
2025-03-14 15:00:00+00:00,3087.63,18.14508018,0.90177341,0.90024583,0.00115979,0.0,0.00012394
2025-03-14 16:00:00+00:00,3196.085,19.80529249,0.89608777,0.89163291,0.00108948,0.00014063,0.00010824
2025-03-14 17:00:00+00:00,3259.0,37.47255018,0.88281724,0.85346843,0.00242815,0.00119675,0.00027369
2025-03-14 18:00:00+00:00,3190.705,41.98338584,0.88853645,0.85135173,0.00232382,0.00354937,0.00042495
2025-03-14 19:00:00+00:00,3052.21,25.36042973,0.89743948,0.88201861,0.0010678,0.00402416,0.00031457
2025-03-14 20:00:00+00:00,2923.96,18.02692287,0.90563487,0.89983524,0.0008496,0.00375682,0.00024963
2025-03-14 21:00:00+00:00,2876.76,18.3322453,0.91068784,0.90328625,0.00120599,0.00474942,0.00027221
2025-03-14 22:00:00+00:00,2911.215,18.48245824,0.91698684,0.90846817,0.00168695,0.00546177,0.00030185
2025-03-14 23:00:00+00:00,2847.615,17.09405843,0.9254275,0.92066364,0.00095971,0.0028076,0.00029359
2025-03-15 00:00:00+00:00,2853.195,16.73133522,0.92521397,0.92142062,0.00058113,0.00225967,0.00029967
2025-03-15 01:00:00+00:00,2882.065,16.32787569,0.92716158,0.92441953,0.0004848,0.00138858,0.00030055
2025-03-15 02:00:00+00:00,2904.485,15.99474111,0.93106626,0.92897816,0.0004069,0.00087758,0.00029822
2025-03-15 03:00:00+00:00,2983.455,16.41502387,0.9327563,0.92885605,0.00034695,0.00253296,0.00029226
2025-03-15 04:00:00+00:00,3102.89,16.46773052,0.93129245,0.92676553,0.00038082,0.00312811,0.00027209
2025-03-15 05:00:00+00:00,3128.435,16.21078719,0.92977367,0.92571353,0.00031962,0.00281304,0.00024319
2025-03-15 06:00:00+00:00,3137.23,16.83872044,0.92882851,0.92437375,0.00027122,0.00317679,0.00023264
2025-03-15 07:00:00+00:00,2926.14,17.86909915,0.92219331,0.91752097,9.951e-05,0.00367538,0.00014771
2025-03-15 08:00:00+00:00,2798.21,19.70936055,0.92435543,0.91953754,8.11e-05,0.00318762,0.00012295
2025-03-15 09:00:00+00:00,2581.065,20.26211147,0.92875929,0.9252783,5.784e-05,0.00252581,9.56e-05
2025-03-15 10:00:00+00:00,2525.375,22.85370413,0.93174171,0.92557322,2.734e-05,0.00320088,6.109e-05
2025-03-15 11:00:00+00:00,2468.54,21.03590497,0.93880936,0.93568233,4.28e-06,0.00215626,3.753e-05
2025-03-15 12:00:00+00:00,2345.505,20.10997496,0.94137827,0.93899024,7.91e-06,0.00190601,3.362e-05
2025-03-15 13:00:00+00:00,2306.01,19.02820965,0.94425515,0.94162948,5.59e-06,0.00213009,3.682e-05
2025-03-15 14:00:00+00:00,2273.605,17.4002339,0.94772856,0.94509332,4.061e-05,0.00206752,6.786e-05
2025-03-15 15:00:00+00:00,2361.64,16.02000704,0.95198162,0.94917255,6.135e-05,0.0021899,8.662e-05
2025-03-15 16:00:00+00:00,2735.455,14.9631307,0.95402666,0.95216241,0.00010822,0.00132575,0.00011069
2025-03-15 17:00:00+00:00,2963.33,14.68284508,0.95630009,0.95515008,0.00016434,0.00049539,0.00011382
2025-03-15 18:00:00+00:00,2872.93,14.33096034,0.9564166,0.95598563,0.00012127,0.0,0.00011669
2025-03-15 19:00:00+00:00,2743.255,14.32539952,0.95811369,0.95770781,0.00010274,0.0,0.00011407
2025-03-15 20:00:00+00:00,2629.58,14.22075801,0.95901578,0.95860165,0.00010376,0.0,0.00011731
2025-03-15 21:00:00+00:00,2636.785,14.14385446,0.95801052,0.95766124,6.741e-05,0.0,9.186e-05
2025-03-15 22:00:00+00:00,2533.14,14.09287065,0.95864057,0.95828167,7.287e-05,0.0,9.804e-05
2025-03-15 23:00:00+00:00,2433.295,15.04666018,0.95728129,0.9539018,5.42e-05,0.00153124,6.93e-05
2025-03-16 00:00:00+00:00,2359.88,17.5846513,0.95567944,0.94552074,5.174e-05,0.00431521,8.165e-05
2025-03-16 01:00:00+00:00,2395.33,18.40543827,0.95662085,0.94481141,5.92e-05,0.00439042,9.243e-05
2025-03-16 02:00:00+00:00,2357.265,18.74878766,0.95567219,0.9431301,6.907e-05,0.00459306,0.00010155
2025-03-16 03:00:00+00:00,2356.32,18.52408939,0.95551468,0.94333288,7.031e-05,0.00500194,0.00011143
2025-03-16 04:00:00+00:00,2416.715,17.44583786,0.95542396,0.94605925,8.18e-05,0.00432622,0.00012354
2025-03-16 05:00:00+00:00,2453.945,17.19623056,0.95287015,0.94474503,5.258e-05,0.00367594,9.35e-05
2025-03-16 06:00:00+00:00,2514.885,17.88383863,0.95212983,0.94486755,4.284e-05,0.00127851,7.84e-05
2025-03-16 07:00:00+00:00,2646.775,21.56572668,0.94956201,0.93297282,0.00391574,0.00159412,4.615e-05
2025-03-16 08:00:00+00:00,2656.73,30.12317972,0.94356255,0.91569726,0.0048922,0.00210289,9.997e-05
2025-03-16 09:00:00+00:00,2684.07,52.63667276,0.93645636,0.87784423,0.00589576,0.00368218,0.00029831
2025-03-16 10:00:00+00:00,2667.0,57.33301606,0.93530316,0.88139132,0.00056864,0.00288771,0.00045684
2025-03-16 11:00:00+00:00,2587.24,51.64286439,0.93939765,0.89343897,4.9e-07,0.00239024,0.00038809
2025-03-16 12:00:00+00:00,2415.125,36.75959683,0.94211412,0.91523612,1.26e-06,0.00150909,0.00022609
2025-03-16 13:00:00+00:00,2249.4,19.52010408,0.94307814,0.93892762,0.0,0.00020695,4.208e-05
2025-03-16 14:00:00+00:00,2300.245,15.52464947,0.94562144,0.94554112,0.0,0.0,3.02e-06
2025-03-16 15:00:00+00:00,2556.795,14.9473969,0.95103212,0.95088782,1.759e-05,0.0,3.043e-05
2025-03-16 16:00:00+00:00,2825.35,14.79900129,0.94964413,0.94946399,1.146e-05,0.0,3.641e-05
2025-03-16 17:00:00+00:00,2924.18,14.99887628,0.94989204,0.94904563,0.00010743,0.00024124,8.948e-05
2025-03-16 18:00:00+00:00,2876.905,14.55670966,0.94859939,0.94828844,1.775e-05,6.022e-05,3.948e-05
2025-03-16 19:00:00+00:00,2821.02,14.63978114,0.95464457,0.9543927,2.95e-05,0.0,5.894e-05
2025-03-16 20:00:00+00:00,2600.285,14.50815976,0.95848848,0.95828157,1.753e-05,0.0,4.461e-05
2025-03-16 21:00:00+00:00,2647.45,14.38935216,0.95981328,0.95952671,4.658e-05,0.0,7.159e-05
2025-03-16 22:00:00+00:00,2752.475,14.40621484,0.95963699,0.95934291,5.124e-05,0.0,7.51e-05
2025-03-16 23:00:00+00:00,2761.99,14.4437879,0.95954079,0.95907356,0.00010411,0.0,0.00013056
2025-03-17 00:00:00+00:00,2691.585,14.52869794,0.95774059,0.9572466,0.0001194,0.0,0.00014103
2025-03-17 01:00:00+00:00,2627.675,14.63950209,0.9560454,0.95549576,0.00013951,0.0,0.0001609
2025-03-17 02:00:00+00:00,2581.955,14.78872278,0.95091766,0.95043217,0.00012656,0.0,0.00014196
2025-03-17 03:00:00+00:00,2691.41,15.2242502,0.94073231,0.93956031,0.00012953,0.00061841,0.00013887
2025-03-17 04:00:00+00:00,2880.885,15.62081095,0.93233607,0.93027473,0.00010661,0.00150051,0.00011173
2025-03-17 05:00:00+00:00,3202.075,15.78601571,0.91998296,0.91818312,0.00021298,0.00129487,6.416e-05
2025-03-17 06:00:00+00:00,3345.6,56.35819357,0.88363978,0.81497666,0.00868925,0.01021098,0.00035576
2025-03-17 07:00:00+00:00,3350.635,71.47847508,0.87955702,0.79836168,0.00806016,0.00726048,0.00041283
2025-03-17 08:00:00+00:00,3207.645,57.82952169,0.89323493,0.84364447,2.182e-05,0.00353554,0.00032056
2025-03-17 09:00:00+00:00,3018.15,58.34735446,0.90128249,0.85113685,2.153e-05,0.00413704,0.0002996
2025-03-17 10:00:00+00:00,2963.505,60.5218774,0.90465515,0.85192775,4.678e-05,0.0037806,0.00031072
2025-03-17 11:00:00+00:00,2829.485,50.50277044,0.90530218,0.86675724,3.889e-05,0.00251342,0.00022744
2025-03-17 12:00:00+00:00,2670.075,27.04446135,0.91389826,0.90573197,1.346e-05,0.00044864,6.801e-05
2025-03-17 13:00:00+00:00,2588.325,19.03522503,0.91988789,0.91972588,0.0,0.0,2.267e-05
2025-03-17 14:00:00+00:00,2548.915,17.43475689,0.91697761,0.91679798,1.221e-05,0.0,3.814e-05
2025-03-17 15:00:00+00:00,2666.815,15.87398474,0.91607382,0.91592503,0.0,0.0,2.51e-05
2025-03-17 16:00:00+00:00,2979.87,15.50544001,0.92005212,0.91902854,0.00079537,0.0,6.173e-05
2025-03-17 17:00:00+00:00,3170.105,15.35416616,0.9248937,0.92337236,0.00106167,0.0,7.881e-05
2025-03-17 18:00:00+00:00,3188.175,15.19185295,0.92652924,0.92505382,0.00087835,7.88e-05,5.992e-05
2025-03-17 19:00:00+00:00,2997.95,14.31763339,0.92486432,0.92476425,0.0,0.0,1.427e-05
2025-03-17 20:00:00+00:00,2866.39,14.2890165,0.92561561,0.92550867,0.0,0.0,1.662e-05
2025-03-17 21:00:00+00:00,2795.605,14.2515746,0.92990734,0.92974175,1.852e-05,0.0,3.691e-05
2025-03-17 22:00:00+00:00,2670.91,14.22040514,0.93617049,0.93598546,3.237e-05,0.0,4.603e-05
2025-03-17 23:00:00+00:00,2722.99,14.15463942,0.94746125,0.94724127,2.185e-05,0.0,7.134e-05
2025-03-18 00:00:00+00:00,2650.48,14.19242895,0.94906243,0.94884236,1.019e-05,0.0,6.367e-05
2025-03-18 01:00:00+00:00,2676.025,14.21607827,0.9476363,0.94737929,1.214e-05,0.0,8.018e-05
2025-03-18 02:00:00+00:00,2663.63,14.30075594,0.94589065,0.94561401,8.7e-06,0.0,7.648e-05
2025-03-18 03:00:00+00:00,2681.785,14.47556525,0.93907173,0.93888609,3.68e-06,0.0,5.041e-05
2025-03-18 04:00:00+00:00,2833.53,14.59276811,0.93081346,0.9307197,0.0,0.0,1.956e-05
2025-03-18 05:00:00+00:00,2998.03,14.86787094,0.92333883,0.92313577,0.00010853,0.0,1.695e-05
2025-03-18 06:00:00+00:00,3257.17,19.77744183,0.91832675,0.90960756,0.00135326,0.00172658,3.946e-05
2025-03-18 07:00:00+00:00,3237.975,25.65586827,0.91413386,0.89859982,0.00077709,0.00363391,8.9e-05
2025-03-18 08:00:00+00:00,3056.17,21.91663978,0.91429658,0.90796429,2.853e-05,0.00175019,6.428e-05
2025-03-18 09:00:00+00:00,2936.31,54.84652454,0.90365726,0.85702269,1.576e-05,0.00679156,0.00034543
2025-03-18 10:00:00+00:00,2766.07,80.38014862,0.89828293,0.82106317,2.121e-05,0.00958411,0.00056251
2025-03-18 11:00:00+00:00,2664.69,68.08453427,0.89608717,0.83431578,1.152e-05,0.00911196,0.00048607
2025-03-18 12:00:00+00:00,2568.305,43.60870817,0.89800877,0.86625741,1.878e-05,0.00694952,0.00026055
2025-03-18 13:00:00+00:00,2474.5575,26.46604142,0.88594751,0.87352606,6.704e-05,0.00558088,0.00010991
2025-03-18 14:00:00+00:00,2492.185,17.9765418,0.90387969,0.9007011,0.0,0.00252519,4.259e-05
2025-03-18 15:00:00+00:00,2512.3,16.6745162,0.88543566,0.88220532,9.19e-06,0.00257367,7.388e-05
2025-03-18 16:00:00+00:00,2763.25,16.07540643,0.88230577,0.87785861,1.967e-05,0.00351635,0.00011471
2025-03-18 17:00:00+00:00,2857.72,15.95103551,0.91568896,0.91044073,3.609e-05,0.00405813,0.00011584
2025-03-18 18:00:00+00:00,2880.37,15.53581974,0.94099909,0.93629271,1.9e-06,0.0038195,8.039e-05
2025-03-18 19:00:00+00:00,2798.155,15.13322798,0.94355389,0.94030685,5.33e-06,0.0026139,7.495e-05
2025-03-18 20:00:00+00:00,2639.375,15.2719941,0.94789005,0.94400209,1.268e-05,0.00310955,0.00011255
2025-03-18 21:00:00+00:00,2560.82,15.39407956,0.94870636,0.94391408,1.081e-05,0.00393252,0.00010603
2025-03-18 22:00:00+00:00,2488.94,15.85774196,0.94786707,0.9413452,8.62e-06,0.00545034,0.00011208
2025-03-18 23:00:00+00:00,2455.185,15.6586429,0.94922362,0.94368823,1.764e-05,0.0045685,0.00013202
2025-03-19 00:00:00+00:00,2476.54,15.80145349,0.94920289,0.94313413,2.218e-05,0.00501932,0.0001489
2025-03-19 01:00:00+00:00,2494.93,15.96515292,0.94819567,0.9415986,4.655e-05,0.0054501,0.00015916
2025-03-19 02:00:00+00:00,2495.9,16.00066227,0.94840401,0.94192483,5.781e-05,0.00527579,0.00018835
2025-03-19 03:00:00+00:00,2437.93,15.92831906,0.94780732,0.94159621,4.804e-05,0.00515678,0.0001472
2025-03-19 04:00:00+00:00,2564.945,15.58837193,0.94753092,0.94307677,7.145e-05,0.00360066,0.00010786
2025-03-19 05:00:00+00:00,2814.41,16.60714867,0.93653986,0.93035504,8.396e-05,0.00504572,0.00010769
2025-03-19 06:00:00+00:00,3017.33,20.00164921,0.92253384,0.91082557,0.0009127,0.00597491,8.616e-05
2025-03-19 07:00:00+00:00,3079.35,24.58613528,0.9161004,0.89667388,0.00239722,0.00703713,8.959e-05
2025-03-19 08:00:00+00:00,3144.37,25.8146046,0.91392364,0.89621675,0.00092877,0.0069113,7.614e-05
2025-03-19 09:00:00+00:00,3009.88,56.14066812,0.89402956,0.83962794,5.462e-05,0.01214951,0.00036423
2025-03-19 10:00:00+00:00,2824.365,68.10090361,0.87823156,0.81889055,9.73e-06,0.00802865,0.00046115
2025-03-19 11:00:00+00:00,2761.775,81.65850256,0.87683387,0.8035913,1.402e-05,0.00661331,0.00057119
2025-03-19 12:00:00+00:00,2700.6,54.86948715,0.87451612,0.83216165,1.69e-06,0.00614015,0.0003329
2025-03-19 13:00:00+00:00,2577.14,29.470842,0.87832226,0.8638528,6.346e-05,0.00633514,0.0001087
2025-03-19 14:00:00+00:00,2648.32,19.61174009,0.90040894,0.89662329,1.973e-05,0.0031987,3.74e-05
2025-03-19 15:00:00+00:00,2741.74,18.81127572,0.88863734,0.88368604,0.0,0.00433107,2.365e-05
2025-03-19 16:00:00+00:00,2933.145,18.5960176,0.87288421,0.86558146,0.00065136,0.005788,8.016e-05
2025-03-19 17:00:00+00:00,3038.425,18.34775179,0.86802762,0.86094105,0.00059045,0.00545754,0.00014491
2025-03-19 18:00:00+00:00,3026.18,18.10661213,0.88707699,0.88000892,0.00031719,0.00569766,0.00010153
2025-03-19 19:00:00+00:00,2951.325,17.84467093,0.92582647,0.91886684,3.961e-05,0.0058888,0.00012235
2025-03-19 20:00:00+00:00,2819.67,17.29827515,0.92703104,0.92210946,3.784e-05,0.00406128,0.00010764
2025-03-19 21:00:00+00:00,2664.995,17.05228059,0.93010761,0.92602477,5.121e-05,0.00325658,0.00010893
2025-03-19 22:00:00+00:00,2597.565,16.63747843,0.93789087,0.93514971,5.129e-05,0.0021292,9.126e-05
2025-03-19 23:00:00+00:00,2538.4,16.07745365,0.93120382,0.93080409,6.934e-05,0.0,4.267e-05
2025-03-20 00:00:00+00:00,2439.785,16.09015852,0.93118123,0.93076765,0.00011277,0.0,5.332e-05
2025-03-20 01:00:00+00:00,2472.875,16.27885989,0.93163157,0.93124782,9.654e-05,0.0,0.00011019
2025-03-20 02:00:00+00:00,2605.37,16.47518523,0.93090853,0.93050475,8.275e-05,0.0,0.00012313
2025-03-20 03:00:00+00:00,2663.625,16.51213975,0.93043732,0.93011744,7.801e-05,0.0,0.00010361
2025-03-20 04:00:00+00:00,2783.015,16.4614135,0.92355764,0.92335204,3.4e-05,0.0,6.238e-05
2025-03-20 05:00:00+00:00,3122.3,16.33880647,0.91529217,0.915159,6.3e-06,0.0,4.09e-05
2025-03-20 06:00:00+00:00,3108.115,24.80757463,0.90483673,0.89442388,8.943e-05,0.00040605,0.00011754
2025-03-20 07:00:00+00:00,2914.62,59.11735018,0.88799536,0.83804984,1.079e-05,0.00215371,0.00036239
2025-03-20 08:00:00+00:00,2788.81,63.79052437,0.88236219,0.83032802,2.156e-05,0.00218566,0.00041614
2025-03-20 09:00:00+00:00,2682.015,82.95057589,0.8554454,0.78219736,4.552e-05,0.00554288,0.0005411
2025-03-20 10:00:00+00:00,2650.34,109.0019549,0.8222569,0.72130165,3.119e-05,0.01270942,0.00083676
2025-03-20 11:00:00+00:00,2559.415,109.85176681,0.82075868,0.71898189,3.86e-05,0.01357304,0.00084646
2025-03-20 12:00:00+00:00,2462.065,101.24207999,0.80465707,0.71279931,4.023e-05,0.01245186,0.00073662
2025-03-20 13:00:00+00:00,2423.87,37.80677319,0.83191151,0.81300114,3.47e-06,0.00250085,0.00015609
2025-03-20 14:00:00+00:00,2476.375,19.74970635,0.87886361,0.87874226,0.0,0.0,1.119e-05
2025-03-20 15:00:00+00:00,2506.755,18.36722957,0.83875378,0.83870224,0.0,0.0,0.0
2025-03-20 16:00:00+00:00,2796.87,17.28898119,0.83795835,0.83698845,0.00088362,0.0,2e-08
2025-03-20 17:00:00+00:00,2855.425,17.022885,0.8461267,0.84469295,0.00125256,0.0,0.0
2025-03-20 18:00:00+00:00,2807.155,20.72314428,0.83441138,0.8236485,0.00334501,0.00057867,9e-07
2025-03-20 19:00:00+00:00,2720.205,22.26185952,0.8488655,0.83450545,0.00366142,0.00076449,1.77e-06
2025-03-20 20:00:00+00:00,2546.495,20.28684393,0.90125665,0.89049909,0.00306246,0.00061748,1.04e-06
2025-03-20 21:00:00+00:00,2582.81,19.87487735,0.90806817,0.9014439,1.58e-06,0.00073481,2.09e-06
2025-03-20 22:00:00+00:00,2515.45,20.24889273,0.91289229,0.9054809,0.0,0.00094136,2.54e-06
2025-03-20 23:00:00+00:00,2418.16,17.14103963,0.91998982,0.91962079,0.00029071,0.0,4.47e-06
2025-03-21 00:00:00+00:00,2281.925,17.17593898,0.92122912,0.92087298,0.00030884,0.0,4.41e-06
2025-03-21 01:00:00+00:00,2307.78,17.18884174,0.92098431,0.92051261,0.00034115,0.0,1.689e-05
2025-03-21 02:00:00+00:00,2317.57,17.15119816,0.91921589,0.91889103,0.00022891,0.0,1.547e-05
2025-03-21 03:00:00+00:00,2400.98,17.16479163,0.91411297,0.91372684,0.00031456,0.0,1.804e-05
2025-03-21 04:00:00+00:00,2393.41,17.21641799,0.90981886,0.90904439,0.00067394,0.0,1.581e-05
2025-03-21 05:00:00+00:00,2579.27,20.54729907,0.90420741,0.8983461,0.00132863,0.000315,6.037e-05
2025-03-21 06:00:00+00:00,2808.355,53.32338376,0.87640331,0.81874928,0.00524074,0.00828817,0.00030343
2025-03-21 07:00:00+00:00,2906.69,63.21487891,0.8745423,0.81443746,0.0021242,0.00726504,0.00044823
2025-03-21 08:00:00+00:00,2797.24,35.49523585,0.89659821,0.87967931,0.00031196,0.00087509,0.00015544
2025-03-21 09:00:00+00:00,2628.54,54.26132763,0.88966293,0.8527114,1.191e-05,0.00232895,0.00029098
2025-03-21 10:00:00+00:00,2581.54,65.36999235,0.89139338,0.83473293,7.232e-05,0.014705,0.00046015
2025-03-21 11:00:00+00:00,2432.01,82.25973384,0.88854496,0.81139708,7.744e-05,0.0172518,0.00063189
2025-03-21 12:00:00+00:00,2280.53,42.88512964,0.9077524,0.8756274,7.925e-05,0.01446715,0.00026803
2025-03-21 13:00:00+00:00,2218.355,38.74715224,0.91831958,0.88840796,1.684e-05,0.0138934,0.0002183
2025-03-21 14:00:00+00:00,2168.51,23.29175442,0.921499,0.9159234,4.86e-06,0.00248564,4.46e-05
2025-03-21 15:00:00+00:00,2244.19,18.91846138,0.92153628,0.91958461,4.562e-05,0.00093972,2.418e-05
2025-03-21 16:00:00+00:00,2488.795,17.16751772,0.92141961,0.91949252,1.661e-05,0.00107113,8.29e-06
2025-03-21 17:00:00+00:00,2750.8,16.11839092,0.92607043,0.92485985,4.107e-05,0.0005947,2.64e-06
2025-03-21 18:00:00+00:00,2804.93,15.69110306,0.92719274,0.92556621,8.095e-05,0.00078949,2.282e-05
2025-03-21 19:00:00+00:00,2728.04,15.42753046,0.93135757,0.92951984,0.00010622,0.00076783,3.501e-05
2025-03-21 20:00:00+00:00,2595.68,15.45268071,0.93752484,0.93493144,0.00013875,0.00106112,4.987e-05
2025-03-21 21:00:00+00:00,2537.165,15.57394326,0.94464431,0.94125851,0.00011373,0.0015272,5.566e-05
2025-03-21 22:00:00+00:00,2550.615,15.19259692,0.94839695,0.9454355,2.054e-05,0.00149044,3.424e-05
2025-03-21 23:00:00+00:00,2433.27,14.24403818,0.95268122,0.95108797,6.39e-06,0.00086854,2.134e-05
2025-03-22 00:00:00+00:00,2361.8,14.6336154,0.95597839,0.95267889,7e-08,0.00278535,2.397e-05
2025-03-22 01:00:00+00:00,2390.495,14.44169781,0.95706444,0.9542429,0.0,0.00240427,1.541e-05
2025-03-22 02:00:00+00:00,2434.29,14.25982276,0.95867682,0.95650075,0.0,0.00185255,1.167e-05
2025-03-22 03:00:00+00:00,2500.065,14.3195155,0.95891073,0.95648974,0.0,0.00206625,1.306e-05
2025-03-22 04:00:00+00:00,2483.94,14.44709935,0.95902551,0.95628704,0.0,0.00224711,6.482e-05
2025-03-22 05:00:00+00:00,2491.75,14.57690525,0.95899274,0.95611579,0.0,0.00236743,6.105e-05
2025-03-22 06:00:00+00:00,2622.355,14.97477836,0.95519566,0.95361892,0.0,0.00112968,6.583e-05
2025-03-22 07:00:00+00:00,2588.83,25.00330162,0.94585165,0.93053604,1.74e-06,0.00128947,3.711e-05
2025-03-22 08:00:00+00:00,2545.185,45.43639456,0.93731563,0.89810433,7.37e-06,0.00266056,0.000205
2025-03-22 09:00:00+00:00,2502.145,75.65460667,0.92723482,0.85625816,2.981e-05,0.00448021,0.00059907
2025-03-22 10:00:00+00:00,2417.2,94.39750072,0.92187821,0.82159082,0.00021936,0.01579398,0.00081748
2025-03-22 11:00:00+00:00,2343.97,95.99169899,0.92193054,0.8198483,0.00032385,0.01455315,0.00083289
2025-03-22 12:00:00+00:00,2312.0,97.1539431,0.92230019,0.81766646,0.00035823,0.0161722,0.00085469
2025-03-22 13:00:00+00:00,2178.425,95.80900656,0.92036671,0.81417072,0.00074036,0.01908928,0.00090322
2025-03-22 14:00:00+00:00,2145.825,44.11214354,0.93792022,0.899243,0.00092981,0.00645433,0.00035014
2025-03-22 15:00:00+00:00,2200.585,16.08936416,0.95175279,0.95092027,1.323e-05,0.00025938,7.93e-06
2025-03-22 16:00:00+00:00,2453.145,14.8279129,0.95908037,0.95585681,3.19e-06,0.00266365,4.906e-05
2025-03-22 17:00:00+00:00,2682.22,14.52980263,0.96023553,0.95698538,0.0,0.00272728,2.301e-05
2025-03-22 18:00:00+00:00,2686.38,14.5536152,0.9611791,0.9573984,0.0,0.0032294,2.978e-05
2025-03-22 19:00:00+00:00,2662.535,14.37336182,0.96207926,0.95874072,0.0,0.00286157,1.949e-05
2025-03-22 20:00:00+00:00,2583.375,15.18424519,0.96174096,0.95688635,0.0,0.00188026,2.345e-05
2025-03-22 21:00:00+00:00,2402.345,17.41551602,0.95999318,0.94997654,0.0,0.00267654,2.044e-05
2025-03-22 22:00:00+00:00,2239.325,16.91346562,0.95930999,0.95037228,1.83e-05,0.00201128,2.168e-05
2025-03-22 23:00:00+00:00,2098.84,13.9771867,0.96013603,0.9571967,0.0,0.00243006,6.855e-05
2025-03-23 00:00:00+00:00,2094.435,14.00915236,0.96097065,0.95767396,0.0,0.00274667,6.669e-05
2025-03-23 01:00:00+00:00,2122.635,15.2187102,0.95892124,0.95058266,0.00262928,0.00285659,6.462e-05
2025-03-23 02:00:00+00:00,2167.555,14.16381199,0.95832927,0.9546372,0.0,0.00307168,7.497e-05
2025-03-23 03:00:00+00:00,2182.45,14.21128286,0.95829155,0.95467222,1.128e-05,0.00295886,8.964e-05
2025-03-23 04:00:00+00:00,2201.41,14.30576593,0.95786312,0.95412138,0.0,0.0031012,8.002e-05
2025-03-23 05:00:00+00:00,2199.74,14.30891375,0.95991412,0.95664571,0.0,0.002705,6.556e-05
2025-03-23 06:00:00+00:00,2198.88,18.82990325,0.95588143,0.94663844,0.0,0.00156502,3.495e-05
2025-03-23 07:00:00+00:00,2270.095,24.92626755,0.95344127,0.93662522,0.0,0.00213426,3.515e-05
2025-03-23 08:00:00+00:00,2152.275,26.4781073,0.9510951,0.93516277,0.0,0.00154485,1.601e-05
2025-03-23 09:00:00+00:00,2095.47,25.8857538,0.94986476,0.93811155,0.0,0.00106727,3.63e-06
2025-03-23 10:00:00+00:00,2062.295,24.52146457,0.95036017,0.94239192,0.0,0.00079148,1.26e-06
2025-03-23 11:00:00+00:00,2012.17,24.83729405,0.95059589,0.94203441,0.0,0.00076565,0.0
2025-03-23 12:00:00+00:00,2035.93,24.59266019,0.95156576,0.94216649,1e-07,0.00083648,1.148e-05
2025-03-23 13:00:00+00:00,2121.39,24.88121908,0.95287923,0.93751345,0.00322223,0.0010739,2.511e-05
2025-03-23 14:00:00+00:00,2147.955,22.65385696,0.95487629,0.93648737,0.00762883,0.00094496,3.872e-05
2025-03-23 15:00:00+00:00,2268.86,18.697419,0.95339417,0.94196422,0.00469644,0.00057799,6.579e-05
2025-03-23 16:00:00+00:00,2543.75,14.70740503,0.95772513,0.95737094,6.213e-05,0.0,9.247e-05
2025-03-23 17:00:00+00:00,2707.3,14.47197776,0.95775969,0.95742813,3.478e-05,0.0,7.57e-05
2025-03-23 18:00:00+00:00,2788.21,14.31991022,0.95580234,0.95559016,3.325e-05,2e-08,5.338e-05
2025-03-23 19:00:00+00:00,2616.03,14.25889654,0.95698545,0.95671754,5.179e-05,2e-08,7.004e-05
2025-03-23 20:00:00+00:00,2548.81,14.34376405,0.95566471,0.95541682,4.35e-05,3e-08,6.693e-05
2025-03-23 21:00:00+00:00,2403.82,14.63430595,0.95285618,0.95201198,4.382e-05,5.293e-05,8.63e-05
2025-03-23 22:00:00+00:00,2393.125,21.22661302,0.94295951,0.92804242,7.861e-05,0.00130533,0.00011301
2025-03-23 23:00:00+00:00,2290.86,17.23232804,0.9415126,0.93503303,6.513e-05,0.00124939,9.242e-05
2025-03-24 00:00:00+00:00,2204.44,17.75415893,0.94123603,0.93368792,5.531e-05,0.00196145,8.926e-05
2025-03-24 01:00:00+00:00,2258.755,17.50040622,0.94040473,0.93361039,7.252e-05,0.00235035,0.00010311
2025-03-24 02:00:00+00:00,2292.97,17.43081695,0.93971139,0.93347373,0.00010143,0.00208384,0.00012187
2025-03-24 03:00:00+00:00,2424.58,15.57169715,0.93282642,0.93154626,0.00013604,0.0007189,0.00013403
2025-03-24 04:00:00+00:00,2525.435,16.45801947,0.92411237,0.92005772,0.00042441,0.00278012,0.00019867
2025-03-24 05:00:00+00:00,2798.59,16.0939717,0.91642696,0.91460512,0.00096673,0.00060285,1.322e-05
2025-03-24 06:00:00+00:00,2892.66,19.30471189,0.90572913,0.89888855,0.00201073,0.00079199,0.00012354
2025-03-24 07:00:00+00:00,2979.78,22.43252812,0.903511,0.89456879,0.00222597,0.00132512,0.00012263
2025-03-24 08:00:00+00:00,2810.005,20.55080197,0.90402039,0.90353515,0.00025213,2.2e-07,6.692e-05
2025-03-24 09:00:00+00:00,2705.92,21.47724227,0.9083563,0.90796716,0.00011875,7.3e-07,7.297e-05
2025-03-24 10:00:00+00:00,2551.6,21.90382131,0.91073628,0.91048442,4.815e-05,2.3e-07,3.649e-05
2025-03-24 11:00:00+00:00,2472.27,21.73482743,0.91291956,0.91245496,0.00011473,0.0,9.911e-05
2025-03-24 12:00:00+00:00,2485.265,21.07925654,0.916349,0.91590149,0.00012187,0.0,9.546e-05
2025-03-24 13:00:00+00:00,2437.15,20.05609943,0.91967263,0.91935344,5.333e-05,0.0,5.452e-05
2025-03-24 14:00:00+00:00,2447.27,18.39875567,0.92069885,0.92024212,0.0001849,0.0,8.024e-05
2025-03-24 15:00:00+00:00,2468.395,17.06839432,0.9233345,0.92185579,0.00131352,0.0,2.399e-05
2025-03-24 16:00:00+00:00,2663.49,15.90315156,0.92160962,0.91945765,0.00204506,0.0,0.0
2025-03-24 17:00:00+00:00,2720.11,15.42244662,0.92390056,0.92148527,0.00220072,0.0,0.0
2025-03-24 18:00:00+00:00,2771.47,15.09835876,0.92832154,0.92605116,0.00198334,0.00013428,1.94e-06
2025-03-24 19:00:00+00:00,2618.87,14.64923396,0.9321819,0.9305821,0.00061982,0.00078392,4.24e-06
2025-03-24 20:00:00+00:00,2559.48,14.02112031,0.93714748,0.93686043,8.311e-05,1.521e-05,6.451e-05
2025-03-24 21:00:00+00:00,2504.085,14.13854643,0.94167173,0.94054122,5.879e-05,0.00079828,4.533e-05
2025-03-24 22:00:00+00:00,2357.1,14.14817818,0.94612074,0.94468871,2.314e-05,0.00111867,2.866e-05
2025-03-24 23:00:00+00:00,2301.405,13.94010162,0.94632027,0.9454836,5.739e-05,0.00047671,8.614e-05
2025-03-25 00:00:00+00:00,2241.205,13.88724921,0.94554799,0.944664,2.071e-05,0.00058458,6.869e-05
2025-03-25 01:00:00+00:00,2279.625,13.88609548,0.94617321,0.94548415,3.22e-05,0.00039098,7.357e-05
2025-03-25 02:00:00+00:00,2259.13,13.92203863,0.94607201,0.945222,0.0,0.00062427,4.113e-05
2025-03-25 03:00:00+00:00,2250.775,14.04939834,0.94100265,0.94005977,6.067e-05,0.00056324,9.319e-05
2025-03-25 04:00:00+00:00,2444.94,14.03085308,0.93499495,0.93445039,4.33e-05,0.00025762,7.792e-05
2025-03-25 05:00:00+00:00,2702.58,14.57739238,0.93227213,0.93193956,5.814e-05,0.0,8.484e-05
2025-03-25 06:00:00+00:00,2841.175,15.42740146,0.92866264,0.92765945,0.00069978,0.0,7.315e-05
2025-03-25 07:00:00+00:00,2882.185,15.93825259,0.92695613,0.9263205,0.00051824,0.0,8.81e-06
2025-03-25 08:00:00+00:00,2895.295,16.48859188,0.92596284,0.9253022,0.00047201,0.0,4.366e-05
2025-03-25 09:00:00+00:00,2922.805,16.82809301,0.92450036,0.92395599,0.00032584,0.0,5.054e-05
2025-03-25 10:00:00+00:00,2879.57,16.98791778,0.92752153,0.92696252,0.00027872,0.0,6.085e-05
2025-03-25 11:00:00+00:00,2901.55,17.06943857,0.92967788,0.92908822,0.00032817,0.0,5.744e-05
2025-03-25 12:00:00+00:00,2782.81,16.87254629,0.92774285,0.92721047,0.00028737,2.2e-07,3.67e-05
2025-03-25 13:00:00+00:00,2712.525,16.80945083,0.93064467,0.92991813,0.0003754,0.0,7.778e-05
2025-03-25 14:00:00+00:00,2800.295,16.69346341,0.93046473,0.92954555,0.00052773,0.0,9.672e-05
2025-03-25 15:00:00+00:00,2847.72,16.35903783,0.92809486,0.92781829,0.00010001,0.0,4.047e-05
2025-03-25 16:00:00+00:00,2956.145,16.51673889,0.93040189,0.92963284,0.00059341,0.0,4.109e-05
2025-03-25 17:00:00+00:00,2998.535,16.64006639,0.92983137,0.92839404,0.00121756,0.0,0.0
2025-03-25 18:00:00+00:00,3030.39,16.51635223,0.92843916,0.92805714,0.00018134,0.0,3.999e-05
2025-03-25 19:00:00+00:00,2880.705,16.48612143,0.92601773,0.92586462,0.0,0.0,4.289e-05
2025-03-25 20:00:00+00:00,2638.575,16.53442581,0.92700594,0.92686821,0.0,0.0,3.605e-05
2025-03-25 21:00:00+00:00,2605.255,16.60429108,0.92958245,0.92944864,8.52e-06,0.0,3.152e-05
2025-03-25 22:00:00+00:00,2584.065,16.65184148,0.93314828,0.93288458,6.813e-05,0.0,5.767e-05
2025-03-25 23:00:00+00:00,2366.335,16.81551024,0.92925491,0.92879481,7.111e-05,0.0,0.00014581
2025-03-26 00:00:00+00:00,2267.28,16.84867347,0.92729707,0.9267294,9.232e-05,0.0,0.00017155
2025-03-26 01:00:00+00:00,2157.495,17.01100728,0.92618174,0.92549083,0.00011694,0.0,0.00022228
2025-03-26 02:00:00+00:00,2122.62,17.0855677,0.9224203,0.92181019,0.00011061,0.0,0.00018449
2025-03-26 03:00:00+00:00,2209.68,17.21679402,0.91426556,0.91373597,0.00010263,0.0,0.00015813
2025-03-26 04:00:00+00:00,2325.175,17.38095729,0.90955991,0.90919045,5.391e-05,0.0,0.00010534
2025-03-26 05:00:00+00:00,2543.755,17.3745178,0.9047648,0.90463771,0.0,0.0,0.0
2025-03-26 06:00:00+00:00,2753.245,27.84166894,0.89665346,0.88295333,0.00032478,0.00063651,7.515e-05
2025-03-26 07:00:00+00:00,2672.29,55.63500149,0.88101177,0.83300158,0.00018516,0.00219736,0.00031329
2025-03-26 08:00:00+00:00,2648.635,44.31068032,0.8895284,0.85751186,6.913e-05,0.0015983,0.00026153
2025-03-26 09:00:00+00:00,2634.19,21.90289771,0.9103198,0.90718144,0.00010239,0.00098365,0.0001131
2025-03-26 10:00:00+00:00,2558.375,21.53479819,0.91624546,0.91432487,0.00010155,0.00053633,0.00012794
2025-03-26 11:00:00+00:00,2460.24,20.80722293,0.91479965,0.91410595,6.992e-05,7.36e-05,0.00011968
2025-03-26 12:00:00+00:00,2457.49,20.47913609,0.91597679,0.91542804,7.245e-05,0.0,0.00011261
2025-03-26 13:00:00+00:00,2297.685,20.100031,0.91315966,0.91264552,6.416e-05,0.0,8.658e-05
2025-03-26 14:00:00+00:00,2272.56,19.19303191,0.91153972,0.91105411,6.837e-05,0.0,0.00010922
2025-03-26 15:00:00+00:00,2336.38,28.83796524,0.90094719,0.8811309,0.00131377,0.00361245,0.00012049
2025-03-26 16:00:00+00:00,2561.91,17.96249059,0.91018575,0.90699214,0.00147752,0.00031871,5.31e-06
2025-03-26 17:00:00+00:00,2746.73,16.43801853,0.9111403,0.90951511,0.00139756,0.0,0.0
2025-03-26 18:00:00+00:00,2777.9,16.27306257,0.91229223,0.91039796,0.0017322,0.0,0.0
2025-03-26 19:00:00+00:00,2703.555,16.0733846,0.91666706,0.91505171,0.00151143,0.0,0.0
2025-03-26 20:00:00+00:00,2677.27,16.02217743,0.91848557,0.91698458,0.00061321,0.0006941,4.69e-06
2025-03-26 21:00:00+00:00,2614.025,15.73767025,0.92011707,0.91832645,0.00012562,0.00112499,0.00012187
2025-03-26 22:00:00+00:00,2564.775,15.31705621,0.92387672,0.92283862,0.00017834,0.00037315,0.00013621
2025-03-26 23:00:00+00:00,2481.63,14.8356737,0.93387765,0.93344525,0.00013174,0.0,9.784e-05
2025-03-27 00:00:00+00:00,2390.17,14.73408195,0.93328803,0.93281244,8.717e-05,9.399e-05,8.608e-05
2025-03-27 01:00:00+00:00,2305.44,15.04465941,0.93801236,0.93641805,7.309e-05,0.00108683,8.421e-05
2025-03-27 02:00:00+00:00,2230.765,14.819524,0.93813194,0.93717824,6.557e-05,0.0005053,8.972e-05
2025-03-27 03:00:00+00:00,2269.005,14.63364388,0.9381357,0.93759287,4.439e-05,0.00016112,0.00010093
2025-03-27 04:00:00+00:00,2326.21,14.60149526,0.93666568,0.93632619,4.054e-05,2.4e-06,8.534e-05
2025-03-27 05:00:00+00:00,2577.12,14.97664126,0.93345169,0.93304237,4.655e-05,1.56e-06,8.935e-05
2025-03-27 06:00:00+00:00,2875.44,15.41729463,0.93297505,0.93254666,0.00012067,2.13e-06,6.547e-05
2025-03-27 07:00:00+00:00,2915.365,15.85588161,0.93371627,0.93355283,2.732e-05,4.9e-07,1.979e-05
2025-03-27 08:00:00+00:00,2833.55,16.42299902,0.93571636,0.93558433,2.392e-05,2e-07,5.2e-06
2025-03-27 09:00:00+00:00,2796.955,16.86807075,0.93936081,0.93829354,1.43e-06,0.00082809,5.27e-06
2025-03-27 10:00:00+00:00,2649.68,17.34413794,0.94146036,0.93952701,0.0,0.00156283,8.77e-06
2025-03-27 11:00:00+00:00,2639.655,17.25453342,0.94108831,0.93980542,0.0,0.00097916,5.54e-06
2025-03-27 12:00:00+00:00,2673.785,17.15360073,0.94210921,0.94070965,0.0,0.00107503,9.74e-06
2025-03-27 13:00:00+00:00,2704.67,16.73018325,0.94506517,0.94342005,0.0,0.00127489,2.18e-05
2025-03-27 14:00:00+00:00,2676.425,16.12720612,0.94815462,0.94669265,1.219e-05,0.00112535,2.357e-05
2025-03-27 15:00:00+00:00,2613.775,15.55185937,0.94824047,0.94670833,1.247e-05,0.00120216,2.924e-05
2025-03-27 16:00:00+00:00,2664.14,14.87292519,0.94726161,0.94705472,1.663e-05,1.79e-06,5.257e-05
2025-03-27 17:00:00+00:00,2767.775,15.14129591,0.94733372,0.94582343,2.419e-05,0.00099602,6.201e-05
2025-03-27 18:00:00+00:00,2890.3,15.68894215,0.94733966,0.94350122,1.933e-05,0.00315602,6.204e-05
2025-03-27 19:00:00+00:00,2851.275,15.91872776,0.94645413,0.94133544,4.96e-06,0.00441786,3.858e-05
2025-03-27 20:00:00+00:00,2696.785,15.8533693,0.945709,0.94069231,1.56e-06,0.00430508,4.868e-05
2025-03-27 21:00:00+00:00,2570.495,15.59536414,0.94813364,0.94357227,0.0,0.00396091,2.276e-05
2025-03-27 22:00:00+00:00,2459.79,15.43761873,0.95075125,0.9465153,0.0,0.00366908,2.119e-05
2025-03-27 23:00:00+00:00,2431.795,15.14020969,0.95436939,0.9510582,0.0,0.00280475,4.001e-05
2025-03-28 00:00:00+00:00,2343.76,14.97880409,0.95606291,0.95333083,0.0,0.00224734,5.827e-05
2025-03-28 01:00:00+00:00,2280.505,14.95267327,0.95644,0.95344653,1.71e-06,0.0024308,7.781e-05
2025-03-28 02:00:00+00:00,2345.355,15.10028486,0.9570285,0.95328503,7.23e-06,0.0030875,8.184e-05
2025-03-28 03:00:00+00:00,2367.27,15.23433911,0.95671758,0.95263932,1.703e-05,0.00332356,9.65e-05
2025-03-28 04:00:00+00:00,2479.425,14.99538087,0.95616624,0.95310792,3.137e-05,0.00234013,0.00012486
2025-03-28 05:00:00+00:00,2629.15,15.05151701,0.95528197,0.95268933,3.08e-05,0.00187225,0.00012134
2025-03-28 06:00:00+00:00,2717.59,14.9716343,0.95637111,0.9552239,2.411e-05,0.00061888,0.00011018
2025-03-28 07:00:00+00:00,2642.94,15.45525669,0.95615784,0.95579388,4.65e-06,0.0,8.797e-05
2025-03-28 08:00:00+00:00,2515.82,16.74810138,0.95030584,0.94951524,0.0,0.00049241,4.642e-05
2025-03-28 09:00:00+00:00,2412.64,19.79882666,0.94276253,0.94022739,0.0,9.501e-05,6.214e-05
2025-03-28 10:00:00+00:00,2382.47,48.30643337,0.92944878,0.89207518,1.141e-05,0.00174824,0.00031367
2025-03-28 11:00:00+00:00,2227.905,52.47484712,0.92487791,0.88292654,8.59e-06,0.00195264,0.00034126
2025-03-28 12:00:00+00:00,2140.985,52.75436923,0.92487715,0.88215911,1.624e-05,0.00183393,0.00033093
2025-03-28 13:00:00+00:00,2021.215,26.24677457,0.93628285,0.92615356,1.06e-06,0.00046226,0.00012297
2025-03-28 14:00:00+00:00,2077.55,17.56361231,0.94540687,0.9430458,0.0,0.00185354,4.526e-05
2025-03-28 15:00:00+00:00,2171.16,16.28658377,0.9484824,0.94572679,0.0,0.00221743,6.153e-05
2025-03-28 16:00:00+00:00,2476.86,14.59612435,0.94761487,0.94734246,0.0,0.00014626,5.8e-07
2025-03-28 17:00:00+00:00,2661.57,14.53882813,0.9469449,0.94589267,0.0,0.00073118,7.67e-06
2025-03-28 18:00:00+00:00,2568.225,14.64572616,0.94748797,0.94564716,0.0,0.0015081,6.12e-06
2025-03-28 19:00:00+00:00,2380.955,14.61983995,0.94647238,0.94439773,0.0,0.00178163,7.22e-06
2025-03-28 20:00:00+00:00,2284.9,14.43592565,0.94638843,0.94464695,0.0,0.00148951,6.05e-06
2025-03-28 21:00:00+00:00,2174.57,14.4992974,0.94801376,0.9458346,0.0,0.00186976,7.72e-06
2025-03-28 22:00:00+00:00,2129.2,14.6693871,0.95239576,0.95000876,0.0,0.0020477,8.6e-06
2025-03-28 23:00:00+00:00,2141.175,14.78969475,0.95231369,0.94969688,0.0,0.00225133,1.046e-05
2025-03-29 00:00:00+00:00,2101.03,14.77670266,0.95125759,0.94884222,0.0,0.00208132,9.32e-06
2025-03-29 01:00:00+00:00,2029.265,14.86772987,0.94800931,0.94549595,0.0,0.0021665,8.99e-06
2025-03-29 02:00:00+00:00,2095.235,14.88128089,0.94727538,0.9451611,0.0,0.00182435,1.067e-05
2025-03-29 03:00:00+00:00,2220.28,15.28106272,0.94657328,0.9438367,0.0,0.00223876,5.807e-05
2025-03-29 04:00:00+00:00,2272.82,15.17082872,0.94530012,0.94315244,0.0,0.00175715,4.185e-05
2025-03-29 05:00:00+00:00,2270.72,15.57693915,0.94065432,0.93857789,5e-08,0.0014936,2.623e-05
2025-03-29 06:00:00+00:00,2231.73,19.83136118,0.93694997,0.92755915,0.00147417,0.00180373,4.755e-05
2025-03-29 07:00:00+00:00,2218.79,17.45025389,0.93635602,0.93449544,7e-08,0.00140185,2.392e-05
2025-03-29 08:00:00+00:00,2231.88,18.69975772,0.93637103,0.93434989,2.3e-07,0.00166095,1.028e-05
2025-03-29 09:00:00+00:00,2168.23,19.64560906,0.92957184,0.92808957,0.0,0.00114818,3.58e-06
2025-03-29 10:00:00+00:00,2054.405,20.29460161,0.92453873,0.92314817,0.0,0.00103399,2.4e-06
2025-03-29 11:00:00+00:00,2054.97,20.1697882,0.92452918,0.92272322,0.0,0.00141722,7.78e-06
2025-03-29 12:00:00+00:00,1864.165,20.40220388,0.92836851,0.92673644,0.0,0.00134376,1.011e-05
2025-03-29 13:00:00+00:00,1913.245,19.61306643,0.93189239,0.93006922,0.0,0.00153825,1.205e-05
2025-03-29 14:00:00+00:00,1916.09,18.39517698,0.93533865,0.93437842,0.0,0.00069445,3.279e-05
2025-03-29 15:00:00+00:00,2060.74,17.35844014,0.93563227,0.93389542,4.934e-05,0.00124055,0.0001095
2025-03-29 16:00:00+00:00,2239.82,16.73999054,0.93446661,0.93279577,0.00023094,0.00062448,0.00022081
2025-03-29 17:00:00+00:00,2440.555,16.6885703,0.93701046,0.9347793,0.00032927,0.00089442,0.00023404
2025-03-29 18:00:00+00:00,2491.555,16.48191805,0.93843177,0.93650037,0.00017962,0.00093326,0.000177
2025-03-29 19:00:00+00:00,2394.125,16.19358058,0.93630376,0.93491092,0.00014123,0.00068043,0.00016372
2025-03-29 20:00:00+00:00,2307.23,16.02288726,0.93328423,0.93245275,7.143e-05,0.00026358,0.0001369
2025-03-29 21:00:00+00:00,2241.69,15.75741738,0.93379249,0.93344566,9.52e-06,1.59e-06,9.24e-05
2025-03-29 22:00:00+00:00,2239.29,15.69838542,0.93183749,0.93153666,0.0,5.7e-07,8.758e-05
2025-03-29 23:00:00+00:00,2155.21,16.04427569,0.93799214,0.93793925,0.0,4e-08,0.0
2025-03-30 00:00:00+00:00,2142.705,16.62049493,0.94140248,0.93976101,1.74e-06,0.00112313,7.87e-06
2025-03-30 01:00:00+00:00,2251.08,17.32521027,0.94413893,0.94139653,1.88e-06,0.00101817,3.083e-05
2025-03-30 02:00:00+00:00,2240.025,29.81770332,0.93374938,0.90443725,0.00016239,0.01053806,0.00027451
2025-03-30 03:00:00+00:00,2158.61,41.17019947,0.91715636,0.86610111,0.00046571,0.01750019,0.00047048
2025-03-30 04:00:00+00:00,2051.68,75.86600931,0.89741005,0.78807035,0.00303752,0.03289006,0.00077786
2025-03-30 05:00:00+00:00,2122.61,50.80987561,0.91295862,0.8333009,0.00245597,0.0364235,0.00050643
2025-03-30 06:00:00+00:00,2304.73,113.75986654,0.89276659,0.73813132,0.00080995,0.03859267,0.00110287
2025-03-30 07:00:00+00:00,2358.0,121.10096703,0.89471084,0.74445558,0.00024895,0.02599232,0.00119891
2025-03-30 08:00:00+00:00,2566.475,111.60768373,0.90031891,0.76619783,2.02e-05,0.02180084,0.00107907
2025-03-30 09:00:00+00:00,2636.73,95.50431017,0.90743209,0.79845219,0.00013472,0.01464864,0.00096605
2025-03-30 10:00:00+00:00,2684.93,91.61285168,0.90472875,0.80207109,3.842e-05,0.0142389,0.00093207
2025-03-30 11:00:00+00:00,2549.8,115.54779438,0.89319145,0.7516559,0.00027035,0.02914466,0.00105545
2025-03-30 12:00:00+00:00,2475.955,126.23854187,0.88528832,0.72970178,0.00025217,0.03135814,0.00112561
2025-03-30 13:00:00+00:00,2382.86,138.18319939,0.87357779,0.70314134,0.00025965,0.0325782,0.00126687
2025-03-30 14:00:00+00:00,2349.64,121.39940325,0.868657,0.71918075,0.00251564,0.02826018,0.00116474
2025-03-30 15:00:00+00:00,2421.425,48.83239427,0.90261719,0.84411774,0.00060779,0.02213023,0.00042176
2025-03-30 16:00:00+00:00,2536.635,23.5454126,0.91549835,0.90354434,9.747e-05,0.00477275,0.00014526
2025-03-30 17:00:00+00:00,2711.16,18.68899794,0.92255872,0.92191725,3.571e-05,4.18e-05,9.232e-05
2025-03-30 18:00:00+00:00,2697.685,18.42393972,0.92564924,0.92522413,8.055e-05,8e-08,9.01e-05
2025-03-30 19:00:00+00:00,2600.65,18.19370255,0.92134152,0.92117178,0.0,1.1e-07,3.424e-05
2025-03-30 20:00:00+00:00,2511.665,18.01436859,0.92516639,0.92476068,4.045e-05,1.2e-07,9.443e-05
2025-03-30 21:00:00+00:00,2434.99,17.59342866,0.92606801,0.92570749,2.134e-05,1.3e-07,7.952e-05
2025-03-30 22:00:00+00:00,2287.155,17.34590588,0.9247021,0.92439105,1.028e-05,1.2e-07,8.959e-05
2025-03-30 23:00:00+00:00,2237.865,17.06186593,0.92452957,0.92429492,0.0,1.3e-07,6.241e-05
2025-03-31 00:00:00+00:00,2182.73,16.74056632,0.92593776,0.9257531,0.0,1.3e-07,5.515e-05
2025-03-31 01:00:00+00:00,2209.475,16.45636801,0.92395719,0.92383191,0.0,1.4e-07,2.595e-05
2025-03-31 02:00:00+00:00,2260.46,16.3219769,0.92207094,0.92192401,0.0,1.4e-07,3.124e-05
2025-03-31 03:00:00+00:00,2394.49,16.3475263,0.92072089,0.92052643,0.0,6.3e-07,4.664e-05
2025-03-31 04:00:00+00:00,2688.89,16.36727386,0.90981637,0.90975157,0.0,1.3e-07,0.0
2025-03-31 05:00:00+00:00,2967.83,36.07772459,0.89076934,0.84622446,0.01048314,0.00845319,0.00016472
2025-03-31 06:00:00+00:00,2979.98,37.4932109,0.88870604,0.84489349,0.00964775,0.00814947,0.00016443
2025-03-31 07:00:00+00:00,2961.99,39.11707269,0.88529895,0.84408928,0.00753168,0.0081886,0.0001579
2025-03-31 08:00:00+00:00,2826.055,48.3967782,0.88335499,0.84037785,0.00273666,0.00636811,0.00023263
2025-03-31 09:00:00+00:00,2782.5,27.72614231,0.89590734,0.88662621,0.00014948,0.00254588,8.237e-05
2025-03-31 10:00:00+00:00,2730.795,23.15865091,0.90592401,0.90532613,1.26e-06,9.987e-05,4.78e-05
2025-03-31 11:00:00+00:00,2782.26,22.74049224,0.91043008,0.91017392,1.9e-07,7e-08,3.973e-05
2025-03-31 12:00:00+00:00,2636.245,22.37926021,0.9101585,0.90991259,0.0,8e-08,3.726e-05
2025-03-31 13:00:00+00:00,2619.855,21.76831238,0.90919442,0.90893687,1.599e-05,9e-08,4.271e-05
2025-03-31 14:00:00+00:00,2585.875,20.75751613,0.90691378,0.906748,8e-08,1e-07,2.671e-05
2025-03-31 15:00:00+00:00,2608.41,36.20309559,0.89391179,0.8649271,0.00073687,0.00701061,0.00017621
2025-03-31 16:00:00+00:00,2632.455,41.65369272,0.88945645,0.8452397,0.00432967,0.00883138,0.00025327
2025-03-31 17:00:00+00:00,2733.15,48.11600868,0.8897256,0.82605786,0.01088712,0.01131088,0.0003218
2025-03-31 18:00:00+00:00,2784.69,35.58126816,0.8979397,0.8578859,0.0081559,0.00691055,0.0001664
2025-03-31 19:00:00+00:00,2605.025,36.79134357,0.8993805,0.87100614,0.00120767,0.00182695,0.00016393
2025-03-31 20:00:00+00:00,2381.2,65.67929141,0.88492652,0.82001631,0.00036523,0.00315284,0.00037843
2025-03-31 21:00:00+00:00,2150.095,65.69558207,0.88141045,0.81758095,6.535e-05,0.00319856,0.00047583
2025-03-31 22:00:00+00:00,2116.38,32.05667719,0.91073519,0.88895394,8.54e-05,0.00116281,0.00028687
2025-03-31 23:00:00+00:00,2074.06,16.62294717,0.92246113,0.92195182,8.67e-06,1.92e-06,0.00015569
2025-04-01 00:00:00+00:00,2025.95,16.72217133,0.92450904,0.9233557,0.00062185,3.29e-06,0.00015688
2025-04-01 01:00:00+00:00,2087.875,16.84390152,0.92692096,0.9254137,0.00097571,5.23e-06,0.00014462
2025-04-01 02:00:00+00:00,2256.525,17.00257532,0.92798232,0.9262819,0.00123326,5.88e-06,0.00012335
2025-04-01 03:00:00+00:00,2376.81,17.22414839,0.92781427,0.92576917,0.00158747,6.15e-06,0.0001234
2025-04-01 04:00:00+00:00,2675.005,17.41997146,0.91974413,0.91735006,0.00190173,8.45e-06,0.00012504
2025-04-01 05:00:00+00:00,2917.725,17.59736239,0.91137987,0.90943104,0.00145527,9.19e-06,8.296e-05
2025-04-01 06:00:00+00:00,2895.545,19.29698541,0.90491954,0.90285107,0.00137001,8.36e-06,0.00011069
2025-04-01 07:00:00+00:00,2720.07,21.17130813,0.90910471,0.90723808,0.00129417,2.79e-06,0.00011055
2025-04-01 08:00:00+00:00,2571.47,22.65294515,0.91240587,0.91086525,0.00105232,3.36e-06,8.204e-05
2025-04-01 09:00:00+00:00,2438.035,23.9007994,0.91018399,0.90912626,0.00051855,8.99e-06,9.462e-05
2025-04-01 10:00:00+00:00,2283.955,25.40100868,0.90116937,0.9008728,0.0,6e-08,4.04e-05
2025-04-01 11:00:00+00:00,2274.36,30.81907317,0.89033383,0.88348432,3.385e-05,0.0024781,6.067e-05
2025-04-01 12:00:00+00:00,2234.065,26.70230084,0.8969856,0.89560594,1.96e-06,0.00038075,1.022e-05
2025-04-01 13:00:00+00:00,2213.1,24.61864087,0.89573184,0.89559593,0.0,7e-08,0.0
2025-04-01 14:00:00+00:00,2221.685,21.31027573,0.91338253,0.91297069,5.853e-05,6e-08,8.276e-05
2025-04-01 15:00:00+00:00,2349.58,19.82505007,0.92392137,0.9227129,0.00056851,4e-08,0.00014072
2025-04-01 16:00:00+00:00,2383.425,18.38452473,0.92366611,0.92170665,0.00115086,5.5e-07,0.00013527
2025-04-01 17:00:00+00:00,2477.17,17.15995073,0.92035752,0.91871741,0.00091385,1.45e-06,0.00015563
2025-04-01 18:00:00+00:00,2588.115,16.78661669,0.92233624,0.92101108,0.00076647,3.49e-06,0.00015659
2025-04-01 19:00:00+00:00,2526.14,16.94042553,0.92148222,0.91980506,0.00098457,4e-08,0.00022626
2025-04-01 20:00:00+00:00,2399.245,16.83279915,0.92524499,0.92364821,0.0009289,3e-08,0.00020934
2025-04-01 21:00:00+00:00,2362.925,17.01634218,0.92580279,0.92403227,0.00086806,3e-08,0.00030711
2025-04-01 22:00:00+00:00,2347.265,17.09573426,0.92108436,0.91899807,0.00042058,0.00073845,0.00031815
2025-04-01 23:00:00+00:00,2293.745,16.90759815,0.91696249,0.91528885,0.00028596,0.00045739,0.00032345
2025-04-02 00:00:00+00:00,2242.145,16.8878511,0.91607674,0.91429235,0.0002773,0.00060493,0.00032132
2025-04-02 01:00:00+00:00,2261.02,17.12879319,0.92006986,0.91772377,0.00043525,0.00109044,0.00026963
2025-04-02 02:00:00+00:00,2322.1,17.14939855,0.91854563,0.91650264,0.00056426,0.00071935,0.00024088
2025-04-02 03:00:00+00:00,2494.81,17.34324938,0.92119888,0.91784491,0.00206882,0.00057472,0.00021424
2025-04-02 04:00:00+00:00,2758.495,17.45193106,0.91406452,0.91074082,0.0024129,0.00021219,0.00018384
2025-04-02 05:00:00+00:00,2931.03,17.76777738,0.90688341,0.90381816,0.00186908,0.00064398,0.00013075
2025-04-02 06:00:00+00:00,2886.295,19.08700272,0.90850872,0.90507509,0.00134514,0.00133945,0.0001448
2025-04-02 07:00:00+00:00,2695.345,20.3305137,0.9108342,0.90885813,0.00130833,5e-08,0.0001717
2025-04-02 08:00:00+00:00,2537.73,57.17283449,0.90409217,0.85860698,0.0010945,0.00239081,0.00044646
2025-04-02 09:00:00+00:00,2460.59,96.16280813,0.89244119,0.80168214,0.0001946,0.01240736,0.00080109
2025-04-02 10:00:00+00:00,2399.57,110.14377349,0.88414087,0.77840011,4.098e-05,0.01567051,0.00091725
2025-04-02 11:00:00+00:00,2317.095,122.13450893,0.88055561,0.75393713,2.537e-05,0.02789431,0.00096681
2025-04-02 12:00:00+00:00,2241.805,102.05194729,0.88373396,0.78156269,0.00010784,0.0247129,0.00081945
2025-04-02 13:00:00+00:00,2183.905,59.05278215,0.89518358,0.84282711,0.00031466,0.01998355,0.0004461
2025-04-02 14:00:00+00:00,2171.895,39.12205739,0.89945941,0.87114672,3.053e-05,0.0122875,0.00028758
2025-04-02 15:00:00+00:00,2272.36,21.97757828,0.90722635,0.90276352,5.293e-05,0.00166101,0.00015373
2025-04-02 16:00:00+00:00,2387.68,18.30207753,0.92656795,0.9251495,0.0005923,0.0,0.00018172
2025-04-02 17:00:00+00:00,2462.975,17.81964631,0.92770197,0.92588279,0.00107003,0.0,0.000167
2025-04-02 18:00:00+00:00,2605.96,17.56245168,0.92830144,0.9268592,0.0008703,0.0,0.00016404
2025-04-02 19:00:00+00:00,2482.84,17.63572888,0.92662307,0.92441347,0.00080499,0.00063292,0.00014554
2025-04-02 20:00:00+00:00,2337.625,17.19826003,0.92837144,0.92709596,0.00041665,0.00036274,0.00013356
2025-04-02 21:00:00+00:00,2186.565,16.85861773,0.92839796,0.92756988,0.00023175,0.0,0.0001628
2025-04-02 22:00:00+00:00,2058.19,16.51317598,0.93017543,0.92927226,0.00013673,0.0,0.0002188
2025-04-02 23:00:00+00:00,2034.82,16.51057533,0.9276446,0.92662984,0.00025215,2.3e-07,0.0002102
2025-04-03 00:00:00+00:00,2012.105,16.54471685,0.92874076,0.92767711,0.0002416,1.25e-06,0.00026968
2025-04-03 01:00:00+00:00,2069.23,16.54588446,0.9347129,0.93352399,0.00041953,4.99e-06,0.00023613
2025-04-03 02:00:00+00:00,2180.075,16.44011685,0.93937182,0.93829709,0.00053013,8.2e-06,0.00016953
2025-04-03 03:00:00+00:00,2413.21,16.41629584,0.94202893,0.94076753,0.00066514,4.82e-06,0.00018094
2025-04-03 04:00:00+00:00,2705.065,16.4286456,0.9413863,0.93917269,0.00177919,2.72e-06,0.00011145
2025-04-03 05:00:00+00:00,2844.44,16.69413865,0.93951126,0.93695605,0.00216227,2.25e-06,7.573e-05
2025-04-03 06:00:00+00:00,2767.86,17.78534877,0.93900736,0.93610463,0.00236902,0.0,0.00010132
2025-04-03 07:00:00+00:00,2633.62,19.14127065,0.93540006,0.93451747,0.00035559,0.0,0.00014117
2025-04-03 08:00:00+00:00,2553.455,26.96279306,0.92788017,0.91805598,0.0,0.00107248,5.326e-05
2025-04-03 09:00:00+00:00,2395.14,24.21685083,0.92468512,0.92437616,0.0,0.0,5.677e-05
2025-04-03 10:00:00+00:00,2296.495,42.62332293,0.92164139,0.89891751,1.83e-06,0.00106177,0.00022752
2025-04-03 11:00:00+00:00,2242.2,36.2838751,0.91748515,0.89966844,1.408e-05,0.00781159,0.00017487
2025-04-03 12:00:00+00:00,2177.59,37.72420885,0.91601066,0.89468217,1.352e-05,0.00938122,0.0002193
2025-04-03 13:00:00+00:00,2168.34,24.60318146,0.93616396,0.93214348,7.92e-06,0.00167443,7.859e-05
2025-04-03 14:00:00+00:00,2081.89,20.66153434,0.93696406,0.93678537,0.0,4.4e-07,2.286e-05
2025-04-03 15:00:00+00:00,2169.385,17.53349631,0.94662951,0.94609891,7.36e-06,0.0,0.00014842
2025-04-03 16:00:00+00:00,2322.73,16.19394214,0.95178421,0.95074557,0.00032891,0.0,0.00016053
2025-04-03 17:00:00+00:00,2427.575,15.52359246,0.95562586,0.95436635,0.00041138,0.0,0.00018916
2025-04-03 18:00:00+00:00,2364.69,14.96838434,0.95565989,0.95493138,0.00024083,0.0,0.00014699
2025-04-03 19:00:00+00:00,2248.07,14.76840866,0.95624447,0.95565488,5.418e-05,0.0,0.00017292
2025-04-03 20:00:00+00:00,2103.69,14.55412909,0.95491419,0.95447801,0.0,0.0,0.00013647
2025-04-03 21:00:00+00:00,2097.365,15.52449748,0.95175071,0.9488852,0.0,0.00022826,3.13e-05
2025-04-03 22:00:00+00:00,1972.125,17.83967553,0.94913104,0.94100335,9.1e-05,0.00082003,1.944e-05
2025-04-03 23:00:00+00:00,1913.61,19.16274082,0.94871751,0.93751285,5.777e-05,0.00124175,1.228e-05
2025-04-04 00:00:00+00:00,1783.62,19.58517238,0.94678234,0.93456493,0.0,0.00149951,1.296e-05
2025-04-04 01:00:00+00:00,1753.275,20.95606035,0.94325428,0.92813623,0.0,0.00218408,1.834e-05
2025-04-04 02:00:00+00:00,1868.685,18.75963862,0.94316742,0.93351068,2.412e-05,0.00117613,4.567e-05
2025-04-04 03:00:00+00:00,2133.355,14.62331151,0.94829904,0.9477782,0.00025287,0.0,6.816e-05
2025-04-04 04:00:00+00:00,2392.725,15.20015023,0.94837461,0.94723433,0.00091623,0.0,3.834e-05
2025-04-04 05:00:00+00:00,2447.74,15.86811884,0.94545903,0.94383851,0.00122778,0.0,5.484e-05
2025-04-04 06:00:00+00:00,2571.27,20.01771339,0.94036836,0.92956882,0.00467748,0.00077451,7.34e-05
2025-04-04 07:00:00+00:00,2586.43,25.64727701,0.93564027,0.92172703,0.00046322,0.00178262,6.085e-05
2025-04-04 08:00:00+00:00,2622.76,30.56486245,0.93316347,0.9142261,0.00013936,0.00298292,4.017e-05
2025-04-04 09:00:00+00:00,2484.59,39.56354288,0.92636109,0.89874497,4.053e-05,0.00297138,6.127e-05
2025-04-04 10:00:00+00:00,2328.2,29.79995907,0.9257224,0.91679061,3.235e-05,0.00112019,3.557e-05
2025-04-04 11:00:00+00:00,2254.07,37.36732871,0.91387417,0.89480659,8.076e-05,0.00843204,0.00024408
2025-04-04 12:00:00+00:00,2170.04,42.17410281,0.9076407,0.88121474,9.343e-05,0.01190627,0.00031456
2025-04-04 13:00:00+00:00,2092.14,41.92477955,0.90355209,0.87583507,0.00019168,0.01276775,0.00030693
2025-04-04 14:00:00+00:00,1977.93,24.04964467,0.92866365,0.92313184,7.897e-05,0.00227386,7.032e-05
2025-04-04 15:00:00+00:00,2210.445,17.92112977,0.93458889,0.93421612,0.0001101,3e-08,5.979e-05
2025-04-04 16:00:00+00:00,2365.36,17.0664924,0.93960777,0.93831323,0.00089667,5e-08,8.739e-05
2025-04-04 17:00:00+00:00,2317.735,16.39847755,0.94066941,0.93951176,0.00063901,4e-08,7.663e-05
2025-04-04 18:00:00+00:00,2402.29,16.00262513,0.93797858,0.93734577,0.00041532,3e-08,5.833e-05
2025-04-04 19:00:00+00:00,2352.865,15.75061537,0.93691536,0.93661607,0.00010587,3e-08,4.453e-05
2025-04-04 20:00:00+00:00,2374.65,15.5164442,0.94011943,0.9400488,0.0,1e-08,8.49e-06
2025-04-04 21:00:00+00:00,2250.65,15.44358874,0.94257047,0.94246212,0.0,1e-08,1.323e-05
2025-04-04 22:00:00+00:00,1935.255,15.29472084,0.94379699,0.94372896,0.0,0.0,6.1e-06
2025-04-04 23:00:00+00:00,1981.825,15.29781565,0.94694667,0.94690496,0.0,0.0,2.15e-06
2025-04-05 00:00:00+00:00,2034.08,15.28492996,0.95142833,0.95138056,0.0,1e-08,2.81e-06
2025-04-05 01:00:00+00:00,1990.98,17.81803313,0.94607045,0.94024378,0.0,0.00072757,2.77e-06
2025-04-05 02:00:00+00:00,1982.26,18.60358851,0.94640535,0.93854157,6.82e-06,0.00117846,3.15e-06
2025-04-05 03:00:00+00:00,1994.105,18.76145857,0.94307692,0.92958384,0.00543657,0.00116503,1.025e-05
2025-04-05 04:00:00+00:00,2034.26,17.98848871,0.9451974,0.93528604,0.00412205,0.00076116,1.319e-05
2025-04-05 05:00:00+00:00,2098.765,18.3977419,0.94367479,0.93839556,1.47e-05,0.00059995,9.75e-06
2025-04-05 06:00:00+00:00,2199.045,22.44850284,0.94469691,0.93230968,0.00186374,0.00081358,5.55e-06
2025-04-05 07:00:00+00:00,2178.705,22.86316416,0.94458011,0.93363845,0.00248685,0.00056617,1.031e-05
2025-04-05 08:00:00+00:00,2101.155,22.43696387,0.94281519,0.93977386,4e-07,0.00013204,2.7e-05
2025-04-05 09:00:00+00:00,2150.59,66.9083768,0.92583124,0.86710579,6.87e-06,0.00259259,0.00044628
2025-04-05 10:00:00+00:00,2122.085,106.12568406,0.90281676,0.79293206,0.00030512,0.01573505,0.00089288
2025-04-05 11:00:00+00:00,2172.885,107.23779428,0.90760005,0.79076731,0.00014238,0.02411818,0.00091604
2025-04-05 12:00:00+00:00,2067.165,110.59847885,0.9011222,0.77759163,0.00013553,0.02740455,0.00093508
2025-04-05 13:00:00+00:00,1971.46,114.65473536,0.89370042,0.76202635,0.00019466,0.02956331,0.00098734
2025-04-05 14:00:00+00:00,1915.82,87.91967993,0.90266219,0.80222157,0.00020732,0.02368086,0.0008447
2025-04-05 15:00:00+00:00,2018.325,24.27544051,0.93371646,0.92264677,0.00032475,0.00211001,0.00010609
2025-04-05 16:00:00+00:00,2181.83,16.54126031,0.93332059,0.93294412,0.00010057,4e-08,3.292e-05
2025-04-05 17:00:00+00:00,2370.365,16.89189832,0.935084,0.93420926,0.00028271,6e-08,5.675e-05
2025-04-05 18:00:00+00:00,2496.315,16.8468895,0.93373007,0.93291237,0.00057123,6e-08,6.355e-05
2025-04-05 19:00:00+00:00,2446.135,20.69772207,0.92754089,0.91361669,0.00539903,0.0007048,8.169e-05
2025-04-05 20:00:00+00:00,2314.455,24.48955479,0.92610723,0.89726155,0.0114273,0.00138445,8.1e-05
2025-04-05 21:00:00+00:00,2217.19,25.43194021,0.92514756,0.89128799,0.01372856,0.00177889,4.06e-05
2025-04-05 22:00:00+00:00,2117.97,23.92534584,0.92828677,0.9122586,9.297e-05,0.0010801,4.666e-05
2025-04-05 23:00:00+00:00,2152.59,18.11597522,0.93267457,0.92784413,0.00016612,0.00038947,6.741e-05
2025-04-06 00:00:00+00:00,2227.785,17.65421417,0.93339214,0.92934226,0.00011864,0.00034927,5.369e-05
2025-04-06 01:00:00+00:00,2288.365,16.54836118,0.93647823,0.93476125,0.00011601,0.00013776,6.341e-05
2025-04-06 02:00:00+00:00,2362.495,15.87227996,0.94123449,0.94094784,0.00015039,5e-08,4.868e-05
2025-04-06 03:00:00+00:00,2417.755,16.01733082,0.94163602,0.94093964,0.00050631,6e-08,7.419e-05
2025-04-06 04:00:00+00:00,2382.04,16.22669087,0.94117285,0.9400343,0.00086901,6e-08,0.00012729
2025-04-06 05:00:00+00:00,2294.595,16.75734445,0.94022005,0.93890261,0.00086143,7e-08,7.272e-05
2025-04-06 06:00:00+00:00,2233.665,17.81093787,0.92443623,0.92435934,0.0,1e-08,7.36e-06
2025-04-06 07:00:00+00:00,2397.18,63.1374595,0.90567611,0.84396357,0.00043225,0.01265677,0.00056981
2025-04-06 08:00:00+00:00,2418.455,119.01158769,0.8858347,0.7566551,0.00061399,0.0220946,0.00101376
2025-04-06 09:00:00+00:00,2418.585,126.59618709,0.88363861,0.74578288,0.00064914,0.02699369,0.00105206
2025-04-06 10:00:00+00:00,2386.2,113.86513291,0.89123435,0.7736075,0.00016668,0.01957412,0.00101174
2025-04-06 11:00:00+00:00,2317.91,121.9051081,0.88629277,0.75733365,0.00039993,0.02240161,0.00108487
2025-04-06 12:00:00+00:00,2257.715,123.68592812,0.88713737,0.75133515,0.00015611,0.02931473,0.00116383
2025-04-06 13:00:00+00:00,2205.265,110.4129011,0.89255079,0.76747997,0.00061586,0.02895676,0.00105519
2025-04-06 14:00:00+00:00,2200.25,47.67555673,0.90800118,0.85925971,0.00023121,0.0226419,0.00045808
2025-04-06 15:00:00+00:00,2338.955,19.49071414,0.93326323,0.928873,0.00010187,0.00193997,4.886e-05
2025-04-06 16:00:00+00:00,2461.705,16.64535326,0.93702062,0.9364221,0.00031535,7e-08,5.885e-05
2025-04-06 17:00:00+00:00,2519.445,16.52790567,0.94077725,0.93959765,0.00074227,6e-08,6.175e-05
2025-04-06 18:00:00+00:00,2562.58,16.43999076,0.93922142,0.93799143,0.00086661,6e-08,6.977e-05
2025-04-06 19:00:00+00:00,2403.92,16.27168373,0.93958647,0.93867105,0.00068692,7e-08,5.898e-05
2025-04-06 20:00:00+00:00,2347.12,16.03404763,0.9389003,0.93845184,0.00027446,4e-08,4.75e-05
2025-04-06 21:00:00+00:00,2352.78,15.84629889,0.93877931,0.93851119,0.00012198,4e-08,3.499e-05
2025-04-06 22:00:00+00:00,2179.84,15.94843339,0.93648155,0.9362074,0.00012219,3e-08,3.977e-05
2025-04-06 23:00:00+00:00,2144.625,15.96994728,0.93598878,0.93575546,0.0001005,3e-08,3.365e-05
2025-04-07 00:00:00+00:00,2109.88,15.99779248,0.9353946,0.93520456,8.49e-05,2e-08,2.9e-05
2025-04-07 01:00:00+00:00,2147.47,16.06812709,0.93494502,0.93469263,0.00011704,3e-08,4.002e-05
2025-04-07 02:00:00+00:00,2217.41,16.2868486,0.93571705,0.93530524,0.00026371,4e-08,4.432e-05
2025-04-07 03:00:00+00:00,2426.66,16.70960498,0.93596776,0.93515135,0.0006206,5e-08,5.408e-05
2025-04-07 04:00:00+00:00,2761.415,17.2528582,0.93269322,0.93125594,0.00119911,5e-08,6.283e-05
2025-04-07 05:00:00+00:00,2949.635,17.7947105,0.9245983,0.92308189,0.00105839,2e-08,2.744e-05
2025-04-07 06:00:00+00:00,2875.355,19.03066134,0.92176039,0.91952375,0.00201008,4e-08,4.63e-05
2025-04-07 07:00:00+00:00,2787.595,20.43756322,0.91887327,0.91617677,0.0024503,4e-08,5.424e-05
2025-04-07 08:00:00+00:00,2735.635,21.43515788,0.91511796,0.91424403,0.00064911,4e-08,4.315e-05
2025-04-07 09:00:00+00:00,2624.05,22.51241635,0.9077838,0.90762249,0.0,0.0,4.92e-06
2025-04-07 10:00:00+00:00,2575.295,32.90816631,0.90057256,0.88532107,0.00010925,0.005773,0.00014242
2025-04-07 11:00:00+00:00,2487.63,36.41259162,0.8984611,0.87787714,0.00022055,0.00785669,0.00019296
2025-04-07 12:00:00+00:00,2473.015,44.08916882,0.89049864,0.85673371,0.00032824,0.01361242,0.00024875
2025-04-07 13:00:00+00:00,2388.64,23.8978255,0.90615317,0.90178795,0.00011015,0.00160968,4.295e-05
2025-04-07 14:00:00+00:00,2466.97,20.08536857,0.92212221,0.92167607,0.00026858,1.385e-05,6.05e-06
2025-04-07 15:00:00+00:00,2556.075,19.5803574,0.92165,0.92065746,0.00081082,0.0,2.296e-05
2025-04-07 16:00:00+00:00,2520.145,19.1453776,0.92151954,0.91997299,0.0013032,0.0,4.833e-05
2025-04-07 17:00:00+00:00,2547.405,18.96134305,0.92313398,0.92098252,0.00154719,0.0,6.36e-05
2025-04-07 18:00:00+00:00,2623.71,18.81010815,0.92248354,0.92011924,0.0019737,0.0,6.186e-05
2025-04-07 19:00:00+00:00,2582.425,18.73249731,0.92308914,0.920663,0.0021304,0.0,7.625e-05
2025-04-07 20:00:00+00:00,2433.845,18.71762631,0.92427413,0.92197667,0.0020095,0.0,7.752e-05
2025-04-07 21:00:00+00:00,2369.795,18.59639245,0.92462883,0.92244389,0.00188116,0.0,8.477e-05
2025-04-07 22:00:00+00:00,2304.155,18.71596199,0.93600101,0.93359174,0.00206319,0.0,0.00010763
2025-04-07 23:00:00+00:00,2275.95,18.74080264,0.93611822,0.9338696,0.00191278,0.0,0.000107
2025-04-08 00:00:00+00:00,2290.365,18.72333349,0.93608743,0.93406522,0.00170806,0.0,0.00010712
2025-04-08 01:00:00+00:00,2303.62,18.68982759,0.93534813,0.93343463,0.00160888,0.0,0.00010272
2025-04-08 02:00:00+00:00,2380.155,18.66320528,0.93296159,0.93094645,0.00175985,0.0,8.432e-05
2025-04-08 03:00:00+00:00,2525.83,18.86013049,0.93171849,0.92863673,0.00273139,0.0,0.00010079
2025-04-08 04:00:00+00:00,2755.23,18.77081747,0.92671519,0.92380615,0.00259735,0.0,7.669e-05
2025-04-08 05:00:00+00:00,2840.57,19.26867492,0.92608527,0.92337055,0.00220708,0.0,3.805e-05
2025-04-08 06:00:00+00:00,2768.51,20.12770825,0.9204742,0.91871811,0.00156403,0.0,4.121e-05
2025-04-08 07:00:00+00:00,2637.465,25.26518528,0.91724044,0.90908175,0.00128661,0.00058953,4.586e-05
2025-04-08 08:00:00+00:00,2503.335,30.52741635,0.9070405,0.89335669,0.00019071,0.00140549,2.15e-05
2025-04-08 09:00:00+00:00,2477.375,41.3128663,0.90388569,0.87593396,4.443e-05,0.00191507,5.97e-05
2025-04-08 10:00:00+00:00,2555.75,90.90735387,0.88348034,0.79076806,0.0035854,0.00495264,0.00041097
2025-04-08 11:00:00+00:00,2466.22,93.69231648,0.88428159,0.79434023,0.0,0.0049974,0.00047985
2025-04-08 12:00:00+00:00,2326.065,70.14963802,0.88996886,0.83012986,0.0,0.00315757,0.00034647
2025-04-08 13:00:00+00:00,2314.335,22.47800795,0.9147312,0.91223792,0.00014961,0.00026635,3.35e-05
2025-04-08 14:00:00+00:00,2423.005,19.64184634,0.92675778,0.92616111,0.00032888,8e-08,4.564e-05
2025-04-08 15:00:00+00:00,2517.725,18.46569973,0.93606878,0.93497929,0.00080373,8e-07,5.88e-05
2025-04-08 16:00:00+00:00,2535.335,17.53834304,0.93707661,0.93516053,0.00159973,1.16e-06,7.454e-05
2025-04-08 17:00:00+00:00,2596.17,17.01598702,0.93760046,0.93534314,0.00169584,2.22e-06,6.089e-05
2025-04-08 18:00:00+00:00,2694.555,16.44555258,0.93693593,0.93565543,0.00099242,1.52e-06,5.182e-05
2025-04-08 19:00:00+00:00,2599.96,16.0295812,0.94005669,0.9390589,0.00078441,0.0,4.851e-05
2025-04-08 20:00:00+00:00,2494.25,15.59535828,0.94015285,0.93945771,0.00049826,0.0,5.098e-05
2025-04-08 21:00:00+00:00,2478.905,15.27561076,0.93961822,0.93911732,0.00030057,0.0,4.154e-05
2025-04-08 22:00:00+00:00,3032.7425,14.88017825,0.93977307,0.93936802,0.00020778,8e-08,4.621e-05
2025-04-08 23:00:00+00:00,3225.655,15.51032649,0.94070002,0.93667773,0.00019275,0.00348824,5.342e-05
2025-04-09 00:00:00+00:00,2310.1,16.16189681,0.94047499,0.93329732,0.00015019,0.00655227,7.083e-05
2025-04-09 01:00:00+00:00,2339.2925,16.09779957,0.9411859,0.93401679,0.00016607,0.00651315,6.93e-05
2025-04-09 02:00:00+00:00,2355.51,15.99061408,0.94227497,0.93527122,0.00019095,0.00632859,7.632e-05
2025-04-09 03:00:00+00:00,2474.1975,15.1492027,0.94249181,0.93867315,0.0002057,0.00329199,6.023e-05
2025-04-09 04:00:00+00:00,2732.685,14.33184691,0.94354166,0.94317278,0.00019616,1.79e-06,3.647e-05
2025-04-09 05:00:00+00:00,2923.1975,15.22004757,0.94429253,0.94251776,0.00045702,0.0008184,3.952e-05
2025-04-09 06:00:00+00:00,2890.3025,16.08331991,0.94034507,0.93964534,0.00048872,2.859e-05,3.995e-05
2025-04-09 07:00:00+00:00,2812.1,17.43747598,0.93677725,0.93590152,0.00025811,0.00039005,5.263e-05
2025-04-09 08:00:00+00:00,2518.7775,19.30922117,0.93977711,0.93636731,7.036e-05,0.00301458,5.223e-05
2025-04-09 09:00:00+00:00,2412.0225,20.53881911,0.9381247,0.93294328,2.055e-05,0.0047463,3.085e-05
2025-04-09 10:00:00+00:00,2272.965,21.24504872,0.9334319,0.92953296,0.0,0.00352115,2.255e-05
2025-04-09 11:00:00+00:00,2420.26,19.72126599,0.93770413,0.93595954,0.0,0.00151367,1.311e-05
2025-04-09 12:00:00+00:00,2430.1475,19.6424898,0.94151858,0.93739907,0.0,0.00375999,2.406e-05
2025-04-09 13:00:00+00:00,2318.845,19.01105476,0.94378434,0.93894326,6.41e-06,0.00444009,3.049e-05
2025-04-09 14:00:00+00:00,2365.4075,18.18534641,0.94473793,0.94042179,0.0,0.00395141,2.713e-05
2025-04-09 15:00:00+00:00,2444.1575,16.94818856,0.94727785,0.94259196,0.00010482,0.00417696,4.511e-05
2025-04-09 16:00:00+00:00,2483.7475,15.86170063,0.9459859,0.94174972,0.00013836,0.00371885,5.589e-05
2025-04-09 17:00:00+00:00,2565.2125,14.91310714,0.94686554,0.94463178,0.00019979,0.00150897,5.418e-05
2025-04-09 18:00:00+00:00,2553.1975,14.88612467,0.9465099,0.94588353,0.00029206,0.0,4.172e-05
2025-04-09 19:00:00+00:00,2507.555,15.38395544,0.94369566,0.94106429,0.00025846,0.00205738,5.807e-05
2025-04-09 20:00:00+00:00,2421.7475,17.71999587,0.94052635,0.93201325,0.00015482,0.00424813,6.142e-05
2025-04-09 21:00:00+00:00,2299.805,19.8932444,0.93418156,0.9209935,0.00015998,0.00516163,6.703e-05
2025-04-09 22:00:00+00:00,2219.005,17.9059543,0.93530879,0.92686701,3.224e-05,0.00486072,6.854e-05
2025-04-09 23:00:00+00:00,2272.0675,18.28730495,0.93663926,0.92754604,0.00010546,0.0054973,8.401e-05
2025-04-10 00:00:00+00:00,2246.5775,19.3863775,0.93642537,0.92572972,0.00012744,0.0057877,9.568e-05
2025-04-10 01:00:00+00:00,2175.375,19.63078041,0.93610031,0.92673708,3.063e-05,0.00386019,9.109e-05
2025-04-10 02:00:00+00:00,2229.0175,16.9235408,0.93571615,0.93516453,3.455e-05,0.00022565,7.51e-05
2025-04-10 03:00:00+00:00,2438.8925,17.6544258,0.93322825,0.9328053,0.00014834,0.0,7.548e-05
2025-04-10 04:00:00+00:00,2752.8175,18.0132495,0.92696971,0.92592608,0.00075301,1.91e-06,6.59e-05
2025-04-10 05:00:00+00:00,2952.4325,18.83247916,0.91664535,0.91476788,0.00119998,2.99e-06,4.856e-05
2025-04-10 06:00:00+00:00,2973.5075,20.68134769,0.91628147,0.91092237,0.00288161,0.00017989,2.915e-05
2025-04-10 07:00:00+00:00,2988.9925,22.46183698,0.923389,0.91385834,0.00465865,0.0004418,3.938e-05
2025-04-10 08:00:00+00:00,2829.18,22.92725615,0.92719363,0.92192034,6.348e-05,0.00040135,2.133e-05
2025-04-10 09:00:00+00:00,2623.635,27.17440799,0.93116492,0.91956628,3.068e-05,0.00077404,2.069e-05
2025-04-10 10:00:00+00:00,2593.1525,27.82845205,0.93730761,0.92469434,1.196e-05,0.00084323,4.646e-05
2025-04-10 11:00:00+00:00,2531.73,27.23041583,0.93083177,0.92172198,3.68e-05,0.00179747,7.715e-05
2025-04-10 12:00:00+00:00,2414.8225,30.72500882,0.93405498,0.91759666,4.019e-05,0.00606001,0.0001988
2025-04-10 13:00:00+00:00,2273.155,24.72611944,0.93647922,0.92692446,1.122e-05,0.00229908,6.044e-05
2025-04-10 14:00:00+00:00,2218.2575,17.44938368,0.95112266,0.95087811,6.5e-06,5.19e-06,4.963e-05
2025-04-10 15:00:00+00:00,2367.895,15.86369192,0.95623432,0.95600632,1.295e-05,5.43e-06,5.442e-05
2025-04-10 16:00:00+00:00,2369.41,14.74156697,0.95955195,0.95926079,1.917e-05,7.52e-06,7.062e-05
2025-04-10 17:00:00+00:00,2570.1,14.32317423,0.96155302,0.96106895,1.856e-05,6.86e-06,6.288e-05
2025-04-10 18:00:00+00:00,2794.0125,13.99138274,0.96162173,0.96136776,6.33e-06,2.65e-06,2.338e-05
2025-04-10 19:00:00+00:00,2699.615,13.77424282,0.96157253,0.96152761,0.0,0.0,0.0
2025-04-10 20:00:00+00:00,2449.015,13.60551568,0.96020836,0.96016178,0.0,0.0,0.0
2025-04-10 21:00:00+00:00,2175.2325,13.5412749,0.95911854,0.95907461,0.0,0.0,0.0
2025-04-10 22:00:00+00:00,2058.3875,13.61180831,0.95906017,0.95897886,0.0,1.64e-06,1.375e-05
2025-04-10 23:00:00+00:00,2068.685,13.66965385,0.9583641,0.95825007,0.0,2.94e-06,2.499e-05
2025-04-11 00:00:00+00:00,2077.76,13.67750485,0.95712718,0.95703318,0.0,2.93e-06,2.443e-05
2025-04-11 01:00:00+00:00,2047.3025,13.88362991,0.95570205,0.95561336,0.0,2.45e-06,2.113e-05
2025-04-11 02:00:00+00:00,2098.9975,14.4731232,0.95430646,0.95391216,1.9e-06,0.00019619,2.01e-05
2025-04-11 03:00:00+00:00,2197.055,14.97217229,0.95356516,0.95287514,4.05e-06,0.00044758,2.307e-05
2025-04-11 04:00:00+00:00,2438.89,15.79692579,0.95055355,0.94981597,1.315e-05,0.00044921,2.106e-05
2025-04-11 05:00:00+00:00,2642.125,17.08803034,0.94744697,0.94616018,0.00010588,0.00044719,5.623e-05
2025-04-11 06:00:00+00:00,2788.0225,18.55769854,0.9455323,0.9439105,0.00055182,0.00049825,0.00011257
2025-04-11 07:00:00+00:00,2766.225,22.71757895,0.93072341,0.92554018,0.00013263,0.00097079,0.00010693
2025-04-11 08:00:00+00:00,2739.1525,81.01580086,0.89819658,0.81657705,0.00034827,0.00877736,0.00054236
2025-04-11 09:00:00+00:00,2442.48,94.95807999,0.88852582,0.78894487,0.00041905,0.01642018,0.00066076
2025-04-11 10:00:00+00:00,2286.42,82.75619792,0.89091863,0.80740341,0.00019216,0.02001107,0.00054639
2025-04-11 11:00:00+00:00,2147.035,98.00020068,0.88570557,0.78070888,0.00019399,0.02597971,0.00067395
2025-04-11 12:00:00+00:00,2092.215,54.32203652,0.90487246,0.85432,0.0001822,0.02398612,0.00033849
2025-04-11 13:00:00+00:00,2014.27,43.2321992,0.90900016,0.87594973,0.00037936,0.01478461,0.00028212
2025-04-11 14:00:00+00:00,2047.2225,35.34327344,0.91347664,0.88991583,0.00027681,0.00949695,0.00023503
2025-04-11 15:00:00+00:00,2236.2475,20.88383908,0.92766721,0.92556174,5.819e-05,0.00050415,0.00014895
2025-04-11 16:00:00+00:00,2310.4175,19.11602967,0.9374957,0.93657436,0.00039568,2.735e-05,0.00015414
2025-04-11 17:00:00+00:00,2369.2125,18.36557714,0.93960292,0.93838662,0.00056595,2.648e-05,0.000144
2025-04-11 18:00:00+00:00,2423.6325,17.66222134,0.9425515,0.9416048,0.00037303,2.357e-05,0.00012744
2025-04-11 19:00:00+00:00,2311.41,16.86742464,0.94607821,0.94537566,0.00018298,2.747e-05,0.00016511
2025-04-11 20:00:00+00:00,2200.63,16.38431677,0.94806254,0.94755953,2.683e-05,2.267e-05,0.00014857
2025-04-11 21:00:00+00:00,2101.2425,15.76191334,0.94887084,0.94839019,4.456e-05,1.737e-05,0.00012006
2025-04-11 22:00:00+00:00,1963.51,15.1275451,0.95308162,0.95266427,3.735e-05,1.422e-05,0.00011231
2025-04-11 23:00:00+00:00,1891.66,14.82379314,0.95174725,0.9502672,4.163e-05,0.00103554,0.00012617
2025-04-12 00:00:00+00:00,1793.0775,14.99843579,0.95101375,0.94793528,8.525e-05,0.00252043,0.00012099
2025-04-12 01:00:00+00:00,1732.2925,15.22414444,0.95212001,0.94798935,3.803e-05,0.00353817,0.00012343
2025-04-12 02:00:00+00:00,1808.6,15.04250013,0.95166455,0.94757817,3.491e-05,0.00356408,0.00010224
2025-04-12 03:00:00+00:00,1850.78,14.90781623,0.95236128,0.94908272,3.653e-05,0.00273877,0.00012139
2025-04-12 04:00:00+00:00,1825.2225,14.97541663,0.9490921,0.94615207,4.179e-05,0.0023975,0.00011651
2025-04-12 05:00:00+00:00,1899.685,15.58809014,0.94691735,0.94337482,4.837e-05,0.00247509,0.00013918
2025-04-12 06:00:00+00:00,2100.82,15.48154597,0.94370533,0.94205321,1.21e-05,0.00136535,4.692e-05
2025-04-12 07:00:00+00:00,2231.28,16.30536947,0.93905317,0.93809678,0.0,0.00070904,3.513e-05
2025-04-12 08:00:00+00:00,2358.28,17.52575318,0.93597129,0.93482472,0.0,0.00090294,2.151e-05
2025-04-12 09:00:00+00:00,2361.655,18.7408902,0.92791038,0.92756087,5.74e-06,2.21e-06,1.108e-05
2025-04-12 10:00:00+00:00,2347.99,78.46456803,0.89662477,0.82163794,3.691e-05,0.01164669,0.00072431
2025-04-12 11:00:00+00:00,2323.6175,89.76068213,0.89047036,0.8027139,1.402e-05,0.01497755,0.00087996
2025-04-12 12:00:00+00:00,2193.1775,97.83779406,0.88445849,0.78757419,1.181e-05,0.0163181,0.00094494
2025-04-12 13:00:00+00:00,1969.4875,76.03329898,0.88861859,0.81698391,9.4e-06,0.01541317,0.00073453
2025-04-12 14:00:00+00:00,1826.375,22.83755487,0.91710927,0.91271493,1.047e-05,0.00230688,0.00011557
2025-04-12 15:00:00+00:00,1991.81,18.13328919,0.93494202,0.93484044,0.0,3.4e-07,7.1e-06
2025-04-12 16:00:00+00:00,2107.07,17.56929001,0.93963697,0.93899317,0.00017218,6.79e-06,0.00013806
2025-04-12 17:00:00+00:00,2055.275,17.05510311,0.94096895,0.94017701,0.00015636,7.66e-06,0.00013528
2025-04-12 18:00:00+00:00,2128.11,17.09514107,0.94437339,0.94363831,0.00022083,7.7e-06,0.00012148
2025-04-12 19:00:00+00:00,2025.735,16.92911973,0.94282686,0.94225635,0.00021307,5.81e-06,9.842e-05
2025-04-12 20:00:00+00:00,1979.8175,16.82661193,0.94336517,0.94286232,0.00019311,4.83e-06,8.178e-05
2025-04-12 21:00:00+00:00,1941.8525,16.7803665,0.94150854,0.94100649,0.00013728,6.22e-06,0.00010472
2025-04-12 22:00:00+00:00,1984.72,16.75216164,0.94483908,0.94440397,0.00014819,4.71e-06,8.01e-05
2025-04-12 23:00:00+00:00,1994.7275,16.76539965,0.94508448,0.94355277,0.00012616,0.00103304,9.627e-05
2025-04-13 00:00:00+00:00,1968.89,16.35765338,0.93877948,0.93745239,0.0,0.00115881,3.457e-05
2025-04-13 01:00:00+00:00,1960.66,16.15319686,0.9347672,0.93396385,0.0,0.00067435,1.5e-05
2025-04-13 02:00:00+00:00,1916.6575,16.2792968,0.93863744,0.93679605,0.0,0.00169076,8.81e-06
2025-04-13 03:00:00+00:00,1776.75,16.00736541,0.9400851,0.93875348,0.0,0.00115398,2.623e-05
2025-04-13 04:00:00+00:00,1625.0225,15.78754546,0.94049927,0.94028205,3.3e-07,3.22e-06,5.657e-05
2025-04-13 05:00:00+00:00,1693.1525,16.68083232,0.94130753,0.94058933,1.35e-06,3.79e-06,6.646e-05
2025-04-13 06:00:00+00:00,1865.83,17.59447489,0.93802541,0.93793917,0.0,0.0,0.0
2025-04-13 07:00:00+00:00,2018.875,19.63531626,0.93071427,0.93058287,0.0,7.6e-07,1.314e-05
2025-04-13 08:00:00+00:00,1912.12,34.56871348,0.9147967,0.8914569,0.00021237,0.01066608,0.00030289
2025-04-13 09:00:00+00:00,1922.14,89.28839209,0.90506632,0.81395739,0.00059197,0.01484467,0.00091265
2025-04-13 10:00:00+00:00,1815.2075,98.70978797,0.90486514,0.80323873,4.889e-05,0.01447983,0.00098718
2025-04-13 11:00:00+00:00,1763.0175,96.33653153,0.90388128,0.80540887,8.258e-05,0.01407763,0.00094959
2025-04-13 12:00:00+00:00,1797.8675,99.92766858,0.90067661,0.79605523,4.311e-05,0.01448386,0.00098646
2025-04-13 13:00:00+00:00,1930.3175,72.63936047,0.91771346,0.84267699,5.313e-05,0.01151657,0.00072533
2025-04-13 14:00:00+00:00,2035.985,31.84765744,0.93313015,0.90866073,7.033e-05,0.00812425,0.00029006
2025-04-13 15:00:00+00:00,2175.8975,16.15661534,0.94674139,0.9466547,0.0,0.0,0.0
2025-04-13 16:00:00+00:00,2291.8325,15.77840753,0.94894833,0.94869544,1.32e-06,3.46e-06,5.731e-05
2025-04-13 17:00:00+00:00,2295.1675,15.45859249,0.95046734,0.95023123,0.0,1.58e-06,2.636e-05
2025-04-13 18:00:00+00:00,2296.6175,15.36932084,0.9489803,0.94862965,8.4e-07,2.447e-05,5.782e-05
2025-04-13 19:00:00+00:00,2198.4125,14.90132115,0.94652419,0.94633275,0.0,0.00013849,1.05e-06
2025-04-13 20:00:00+00:00,2113.7,14.58941411,0.94518948,0.94513899,0.0,0.0,0.0
2025-04-13 21:00:00+00:00,1852.7675,15.97165666,0.94449457,0.94071723,0.0,0.00121311,7.48e-06
2025-04-13 22:00:00+00:00,1736.6025,14.7488473,0.95032314,0.94832241,0.0,0.00188217,1.415e-05
2025-04-13 23:00:00+00:00,1774.56,14.76975343,0.95074335,0.94880027,0.0,0.00183234,1.347e-05
2025-04-14 00:00:00+00:00,1779.8275,15.04936155,0.95096643,0.94830895,0.0,0.00254512,1.871e-05
2025-04-14 01:00:00+00:00,1916.6925,14.98143914,0.95212045,0.94997355,0.0,0.00202967,1.376e-05
2025-04-14 02:00:00+00:00,1898.69,14.97240464,0.95049155,0.94852497,0.0,0.00185661,1.391e-05
2025-04-14 03:00:00+00:00,2035.7725,15.23423005,0.94874546,0.9468564,0.0,0.00166288,5.873e-05
2025-04-14 04:00:00+00:00,2308.2025,15.44381134,0.94690342,0.94647591,2.849e-05,6.64e-06,0.00011648
2025-04-14 05:00:00+00:00,2474.6625,16.76998584,0.94308666,0.94002726,0.00056365,0.00155313,0.00018396
2025-04-14 06:00:00+00:00,2511.1225,17.38724987,0.93995206,0.93707784,0.00059395,0.00169801,0.00016281
2025-04-14 07:00:00+00:00,2417.4625,17.99142989,0.9346774,0.9341274,9.064e-05,7.59e-06,0.00013235
2025-04-14 08:00:00+00:00,2540.97,19.00924119,0.93138385,0.92955362,4.19e-06,0.00138402,0.00010421
2025-04-14 09:00:00+00:00,2704.3675,19.85937441,0.92905384,0.92601338,7.5e-07,0.00262468,8.361e-05
2025-04-14 10:00:00+00:00,2620.15,20.22141656,0.92741357,0.92458671,2.27e-06,0.00231669,0.00010523
2025-04-14 11:00:00+00:00,2778.3575,20.44195756,0.92848667,0.92444748,2.44e-06,0.00352287,0.00010741
2025-04-14 12:00:00+00:00,2710.2925,20.28481445,0.92805266,0.92337416,2.8e-07,0.00421851,5.589e-05
2025-04-14 13:00:00+00:00,2625.8775,19.10695668,0.92951971,0.92700448,0.0,0.00223561,3.824e-05
2025-04-14 14:00:00+00:00,2400.0325,18.0698986,0.93068803,0.93030925,3.86e-06,5.41e-06,8.47e-05
2025-04-14 15:00:00+00:00,2420.525,17.68069291,0.93282155,0.93142491,0.00013836,0.00073721,0.00013085
2025-04-14 16:00:00+00:00,2471.64,17.9371271,0.93406255,0.92922399,0.00038893,0.0038034,0.00015043
2025-04-14 17:00:00+00:00,2506.605,18.1297296,0.9373357,0.9307044,0.00057847,0.00518462,0.00018086
2025-04-14 18:00:00+00:00,2477.17,18.12104786,0.93621006,0.92951341,0.00058419,0.00535372,0.00020362
2025-04-14 19:00:00+00:00,2385.49,17.89904575,0.93633583,0.93044397,0.00058994,0.00461522,0.00016408
2025-04-14 20:00:00+00:00,2282.7025,17.67497617,0.93693566,0.93153143,0.00050026,0.00424898,0.00014523
2025-04-14 21:00:00+00:00,2170.105,17.56461167,0.93590253,0.93133503,0.00061574,0.00319457,0.00017247
2025-04-14 22:00:00+00:00,2075.355,17.6312654,0.93639659,0.93184009,0.00046411,0.00345177,0.00013671
2025-04-14 23:00:00+00:00,2027.7175,17.49208949,0.93978276,0.93576864,0.00049175,0.00298525,0.00011472
2025-04-15 00:00:00+00:00,2031.4775,17.6670657,0.93858502,0.93411627,0.00047831,0.00340663,0.00013467
2025-04-15 01:00:00+00:00,2072.47,17.47021479,0.93809736,0.93418584,0.00042591,0.0028576,0.00015212
2025-04-15 02:00:00+00:00,2102.97,17.05261855,0.93711321,0.93439366,0.00022826,0.00193283,0.00012806
2025-04-15 03:00:00+00:00,2140.1375,16.58482031,0.93809832,0.9373263,0.00013247,1.907e-05,0.0001603
2025-04-15 04:00:00+00:00,2178.63,16.67822001,0.93595294,0.93516638,0.00018475,0.0002811,7.716e-05
2025-04-15 05:00:00+00:00,2217.99,17.24911243,0.93563219,0.93499822,0.00017164,1.16e-06,8.91e-06
2025-04-15 06:00:00+00:00,2385.8725,18.50764811,0.93241312,0.93169157,4.975e-05,0.00027293,1.084e-05
2025-04-15 07:00:00+00:00,2354.5175,20.47230957,0.93337588,0.93256267,5.64e-06,0.00033895,1.089e-05
2025-04-15 08:00:00+00:00,2349.2125,21.90024908,0.93332245,0.93227249,1.95e-06,0.00050968,1.007e-05
2025-04-15 09:00:00+00:00,2560.685,23.21997071,0.92866002,0.92741976,3.85e-06,0.00054296,1.123e-05
2025-04-15 10:00:00+00:00,2458.9,35.95154838,0.91917155,0.89892128,0.0001139,0.00709502,0.00016388
2025-04-15 11:00:00+00:00,2374.265,35.6768146,0.92257766,0.90143012,0.00019275,0.0071691,0.00017157
2025-04-15 12:00:00+00:00,2260.86,23.80787338,0.93387031,0.93043409,4.229e-05,0.00108251,2.763e-05
2025-04-15 13:00:00+00:00,2149.595,20.46369791,0.94094893,0.94080626,0.0,6.8e-07,5.09e-06
2025-04-15 14:00:00+00:00,2089.44,18.93282878,0.94523469,0.94511508,0.0,8e-07,5.81e-06
2025-04-15 15:00:00+00:00,2161.13,17.38106638,0.95355876,0.95346701,0.0,1.04e-06,6.86e-06
2025-04-15 16:00:00+00:00,2202.5875,15.9642757,0.95586436,0.95579175,0.0,1.16e-06,7.82e-06
2025-04-15 17:00:00+00:00,2272.47,15.16551995,0.95920395,0.95885102,3.56e-06,1.94e-06,1.099e-05
2025-04-15 18:00:00+00:00,2331.965,14.51456246,0.95865315,0.95856448,0.0,1.17e-06,6.57e-06
2025-04-15 19:00:00+00:00,2269.9925,14.36909346,0.96064913,0.9605856,0.0,1.13e-06,6.91e-06
2025-04-15 20:00:00+00:00,2148.655,14.15781367,0.95897033,0.95890462,0.0,1.1e-06,7.56e-06
2025-04-15 21:00:00+00:00,2159.21,14.05324893,0.95672164,0.95665542,0.0,1.04e-06,7.23e-06
2025-04-15 22:00:00+00:00,2199.0025,14.16696329,0.95733607,0.95728799,0.0,0.0,0.0
2025-04-15 23:00:00+00:00,2180.045,14.39200255,0.95829133,0.95824304,0.0,0.0,0.0
2025-04-16 00:00:00+00:00,2090.185,14.60217478,0.95793836,0.957912,0.0,0.0,0.0
2025-04-16 01:00:00+00:00,1993.6975,14.74646254,0.95574451,0.95566914,0.0,9.1e-07,7.44e-06
2025-04-16 02:00:00+00:00,2010.1775,15.28128541,0.95365254,0.95256373,0.0,6.778e-05,0.0
2025-04-16 03:00:00+00:00,2129.02,15.13206561,0.95462421,0.95457304,0.0,0.0,0.0
2025-04-16 04:00:00+00:00,2342.205,15.38144419,0.95383506,0.95378502,0.0,0.0,0.0
2025-04-16 05:00:00+00:00,2621.11,16.6050446,0.95278059,0.95213046,0.00016702,5.82e-06,4.521e-05
2025-04-16 06:00:00+00:00,2753.535,17.48028977,0.94860628,0.94806659,0.00019711,8.25e-06,6.67e-05
2025-04-16 07:00:00+00:00,2701.8,18.39034951,0.92867994,0.92835792,8.606e-05,6.37e-06,7.671e-05
2025-04-16 08:00:00+00:00,2651.9925,21.34492609,0.92160252,0.91880241,2.017e-05,0.00014862,5.781e-05
2025-04-16 09:00:00+00:00,2635.63,48.82648525,0.91075534,0.87547205,2.43e-06,0.0017485,0.00032078
2025-04-16 10:00:00+00:00,2386.1825,67.12765689,0.91270491,0.85587157,7.4e-07,0.00247825,0.00048552
2025-04-16 11:00:00+00:00,2330.6075,66.85270625,0.91370738,0.8570757,2.1e-07,0.00240909,0.00047269
2025-04-16 12:00:00+00:00,2229.2475,71.4153779,0.90866181,0.84673802,1.04e-06,0.00262655,0.0004987
2025-04-16 13:00:00+00:00,2151.4725,45.66408646,0.92805791,0.89509348,4.817e-05,0.00150792,0.00028221
2025-04-16 14:00:00+00:00,2156.825,19.61108936,0.94282402,0.94225606,0.00019544,9.59e-06,6.802e-05
2025-04-16 15:00:00+00:00,2312.155,19.27256614,0.94284721,0.94158454,0.00047836,2.56e-05,0.00018091
2025-04-16 16:00:00+00:00,2286.12,18.56606867,0.94476165,0.94318341,0.00080224,2.906e-05,0.00018405
2025-04-16 17:00:00+00:00,2274.9975,18.11833899,0.94596246,0.94397306,0.00102599,2.623e-05,0.00017411
2025-04-16 18:00:00+00:00,2300.45,18.02143542,0.94694138,0.94514571,0.00102476,2.626e-05,0.00017302
2025-04-16 19:00:00+00:00,2261.7475,17.58166032,0.94738259,0.94652097,0.00023896,2.243e-05,0.00014883
2025-04-16 20:00:00+00:00,2172.895,17.56038334,0.94840127,0.94755638,0.00023322,2.081e-05,0.00014268
2025-04-16 21:00:00+00:00,2006.0175,17.25665831,0.94626136,0.9455212,0.00015873,1.992e-05,0.00014307
2025-04-16 22:00:00+00:00,1933.475,16.90108882,0.94577791,0.94506789,6.066e-05,2.263e-05,0.00014903
2025-04-16 23:00:00+00:00,1922.2,16.77764352,0.94625171,0.94561792,3.553e-05,2.09e-05,0.00014953
2025-04-17 00:00:00+00:00,1888.7275,16.86271373,0.94766822,0.94698894,4.897e-05,2.28e-05,0.00016394
2025-04-17 01:00:00+00:00,1867.3425,16.83540114,0.9496713,0.9491594,4.69e-06,1.77e-05,0.00011872
2025-04-17 02:00:00+00:00,1907.7025,17.09874278,0.95266794,0.95202027,3.55e-05,2.206e-05,0.00014979
2025-04-17 03:00:00+00:00,2024.4775,17.41649735,0.95431946,0.95347958,8.909e-05,2.71e-05,0.0001731
2025-04-17 04:00:00+00:00,2174.79,17.75254574,0.95516337,0.95424533,0.0001845,2.726e-05,0.00016499
2025-04-17 05:00:00+00:00,2338.4625,18.27663189,0.95417324,0.95298855,0.00023804,3.154e-05,0.00017513
2025-04-17 06:00:00+00:00,2396.0325,18.69372368,0.95050031,0.94949391,0.00022227,2.971e-05,0.00016627
2025-04-17 07:00:00+00:00,2425.37,19.41420467,0.94614668,0.94542961,0.00022857,1.839e-05,0.00012331
2025-04-17 08:00:00+00:00,2401.5175,20.44913081,0.94058538,0.94013786,3.652e-05,1.387e-05,8.743e-05
2025-04-17 09:00:00+00:00,2337.9725,36.42451967,0.92751254,0.90879707,0.0,0.0008944,0.00015821
2025-04-17 10:00:00+00:00,2200.79,55.62384372,0.92060247,0.87923832,0.0,0.00184175,0.00036766
2025-04-17 11:00:00+00:00,2040.3825,53.07711827,0.92283715,0.88452698,0.0,0.00166418,0.00031537
2025-04-17 12:00:00+00:00,1925.88,33.17017999,0.93102409,0.91659185,0.0,0.0006089,0.00011447
2025-04-17 13:00:00+00:00,1896.675,20.86865694,0.94212044,0.94201406,0.0,0.0,0.0
2025-04-17 14:00:00+00:00,1914.5625,19.78492986,0.94628545,0.9461876,0.0,0.0,0.0
2025-04-17 15:00:00+00:00,1999.99,18.76577581,0.94829515,0.94807687,6.037e-05,2.06e-06,1.354e-05
2025-04-17 16:00:00+00:00,2037.61,17.81969091,0.9514012,0.95104285,0.00010066,7.95e-06,5.182e-05
2025-04-17 17:00:00+00:00,2087.7575,17.18673822,0.95249712,0.95178691,0.00010312,1.217e-05,7.592e-05
2025-04-17 18:00:00+00:00,2187.125,16.5569068,0.95379762,0.95325506,0.00011002,1.074e-05,7.642e-05
2025-04-17 19:00:00+00:00,2105.16,16.20420887,0.95228453,0.95189651,8.291e-05,9.43e-06,6.904e-05
2025-04-17 20:00:00+00:00,1970.02,15.89371881,0.94975971,0.9495412,1.949e-05,5.47e-06,4.181e-05
2025-04-17 21:00:00+00:00,1863.98,15.90722882,0.95092763,0.95077848,0.0,2.89e-06,2.203e-05
2025-04-17 22:00:00+00:00,1846.585,16.02825958,0.94903862,0.94885961,0.0,3.92e-06,3.095e-05
2025-04-17 23:00:00+00:00,1802.855,16.12875497,0.948227,0.9479384,0.0,7.87e-06,5.371e-05
2025-04-18 00:00:00+00:00,1781.6875,16.16798798,0.94781658,0.94754782,0.0,8.75e-06,7.046e-05
2025-04-18 01:00:00+00:00,1766.34,16.27609998,0.94599526,0.94577416,0.0,6.23e-06,4.472e-05
2025-04-18 02:00:00+00:00,1770.6675,16.30958844,0.94676201,0.94662708,0.0,3.05e-06,2.325e-05
2025-04-18 03:00:00+00:00,1762.335,16.60140317,0.94587646,0.94549652,1.152e-05,1.137e-05,9.752e-05
2025-04-18 04:00:00+00:00,1770.1375,16.78422142,0.94542168,0.9450591,2.277e-05,1.013e-05,8.611e-05
2025-04-18 05:00:00+00:00,1871.65,17.55709552,0.94568794,0.94500853,8.087e-05,1.602e-05,0.00013066
2025-04-18 06:00:00+00:00,2000.49,18.5863834,0.94353698,0.94265668,0.00013735,2.079e-05,0.00017315
2025-04-18 07:00:00+00:00,2144.285,19.29038623,0.93766559,0.93707646,8.822e-05,1.452e-05,0.00012378
2025-04-18 08:00:00+00:00,2149.9125,25.96003392,0.92912491,0.91848942,5.91e-06,0.00085102,4.783e-05
2025-04-18 09:00:00+00:00,2107.48,25.68319802,0.92957946,0.92136719,0.0,0.00099193,3.772e-05
2025-04-18 10:00:00+00:00,1969.89,27.93268318,0.92865713,0.91717112,0.0,0.00112089,3.672e-05
2025-04-18 11:00:00+00:00,1935.0325,28.68777539,0.92839413,0.91547009,2.28e-06,0.00116258,5.535e-05
2025-04-18 12:00:00+00:00,1948.2575,27.25170976,0.92880857,0.91795431,1.54e-06,0.00104523,5.11e-05
2025-04-18 13:00:00+00:00,2078.13,22.63201455,0.93299417,0.92891403,1.232e-05,0.0003954,7.222e-05
2025-04-18 14:00:00+00:00,2203.67,19.76336694,0.9378227,0.93718448,3.645e-05,1.942e-05,0.00014801
2025-04-18 15:00:00+00:00,2150.68,19.08537749,0.94321313,0.94235101,0.00010941,2.544e-05,0.00018528
2025-04-18 16:00:00+00:00,2166.105,18.75170829,0.9476958,0.94666851,0.00018179,3.171e-05,0.00021656
2025-04-18 17:00:00+00:00,2206.3675,18.61934462,0.94860411,0.9472666,0.00022791,3.424e-05,0.00022454
2025-04-18 18:00:00+00:00,2230.16,18.24424682,0.94833364,0.94717155,0.00019371,3.24e-05,0.00020929
2025-04-18 19:00:00+00:00,2209.7775,17.83622728,0.94747154,0.94668921,0.00013655,2.593e-05,0.0001646
2025-04-18 20:00:00+00:00,2080.61,17.70033691,0.94866387,0.94788032,0.00011185,2.69e-05,0.00017584
2025-04-18 21:00:00+00:00,1973.9175,17.44753729,0.9466695,0.9459003,4.23e-05,2.981e-05,0.00019398
2025-04-18 22:00:00+00:00,1819.515,17.45636397,0.9452599,0.94460305,3.065e-05,2.386e-05,0.00016456
2025-04-18 23:00:00+00:00,1783.7425,17.28079536,0.9451923,0.94451385,2.555e-05,2.428e-05,0.0001686
2025-04-19 00:00:00+00:00,1747.53,17.11915155,0.94599261,0.94534488,2.449e-05,2.42e-05,0.00017977
2025-04-19 01:00:00+00:00,1711.0525,16.93945361,0.94601972,0.9454398,1.829e-05,2.039e-05,0.00014552
2025-04-19 02:00:00+00:00,1681.93,16.73373004,0.9464533,0.94597661,6.34e-06,1.665e-05,0.00012468
2025-04-19 03:00:00+00:00,1634.425,16.5630775,0.94459886,0.94410029,5.25e-06,1.747e-05,0.00012028
2025-04-19 04:00:00+00:00,1606.7675,16.49890259,0.94610829,0.94569833,0.0,1.475e-05,9.926e-05
2025-04-19 05:00:00+00:00,1631.8275,16.78626046,0.94527204,0.94472059,6.82e-06,1.683e-05,0.00011581
2025-04-19 06:00:00+00:00,1808.695,17.16722564,0.94501396,0.94464501,0.0,9.86e-06,6.43e-05
2025-04-19 07:00:00+00:00,1978.17,17.57598913,0.94382007,0.94360452,0.0,5.95e-06,4.145e-05
2025-04-19 08:00:00+00:00,2007.125,17.89776602,0.93899762,0.93885281,0.0,0.0,0.0
2025-04-19 09:00:00+00:00,1948.9225,20.06363578,0.92795609,0.92457068,7.4e-06,0.00159473,6.431e-05
2025-04-19 10:00:00+00:00,2029.7625,60.86842547,0.89239283,0.83209773,0.00014882,0.01380159,0.0007638
2025-04-19 11:00:00+00:00,2135.095,66.58234903,0.89204406,0.82455468,0.00013936,0.01419742,0.00090524
2025-04-19 12:00:00+00:00,2055.3925,65.89744429,0.89541707,0.82855211,8.662e-05,0.01310728,0.00084337
2025-04-19 13:00:00+00:00,2007.135,35.45498189,0.90842387,0.87893309,5.049e-05,0.01195228,0.00037525
2025-04-19 14:00:00+00:00,1998.3325,18.92951774,0.93850885,0.93494772,2.518e-05,0.00176252,4.901e-05
2025-04-19 15:00:00+00:00,2096.8075,16.88905138,0.94873624,0.94853316,2e-08,4.84e-06,1.222e-05
2025-04-19 16:00:00+00:00,2126.6375,16.59227789,0.95049939,0.95023958,2e-08,8.36e-06,2.145e-05
2025-04-19 17:00:00+00:00,2116.4,16.50121497,0.95000904,0.94956694,0.0,6.98e-06,1.453e-05
2025-04-19 18:00:00+00:00,2174.32,16.34915225,0.95046196,0.94995767,1.26e-06,1.269e-05,2.79e-05
2025-04-19 19:00:00+00:00,2161.4325,16.12967951,0.95033589,0.95010399,0.0,7.69e-06,1.798e-05
2025-04-19 20:00:00+00:00,2076.2375,15.96020343,0.95075531,0.9505996,0.0,3.5e-06,1.087e-05
2025-04-19 21:00:00+00:00,1979.165,15.79379386,0.94902213,0.94885929,0.0,3.74e-06,1.105e-05
2025-04-19 22:00:00+00:00,1909.8125,15.7743318,0.94714379,0.94703696,0.0,1.68e-06,9.72e-06
2025-04-19 23:00:00+00:00,1817.8325,15.58117631,0.94643557,0.94632044,0.0,2.69e-06,1.626e-05
2025-04-20 00:00:00+00:00,1823.065,15.63298153,0.94640405,0.94628048,0.0,3.78e-06,2.316e-05
2025-04-20 01:00:00+00:00,1800.9925,15.68842699,0.9449334,0.94479418,0.0,3.39e-06,2.192e-05
2025-04-20 02:00:00+00:00,1793.66,15.86381341,0.94538243,0.94524269,0.0,3.43e-06,2.161e-05
2025-04-20 03:00:00+00:00,1789.715,16.06776337,0.94595393,0.94579654,0.0,4.08e-06,2.696e-05
2025-04-20 04:00:00+00:00,1789.8075,16.39195637,0.94698027,0.94686771,0.0,2.18e-06,1.367e-05
2025-04-20 05:00:00+00:00,1844.7025,16.81619941,0.94540925,0.94517986,0.0,5.8e-06,3.238e-05
2025-04-20 06:00:00+00:00,2019.2675,17.32763198,0.94409257,0.94383423,0.0,4.38e-06,2.767e-05
2025-04-20 07:00:00+00:00,2072.42,20.67606232,0.93247027,0.92823496,0.0,0.00023834,5.372e-05
2025-04-20 08:00:00+00:00,2173.9225,77.484107,0.90473521,0.82300356,0.00028503,0.01515748,0.00099679
2025-04-20 09:00:00+00:00,2197.83,97.68425655,0.89455804,0.78945709,0.00011081,0.01829694,0.00124785
2025-04-20 10:00:00+00:00,2160.555,91.68366652,0.89985266,0.80251209,4.692e-05,0.01657418,0.00118776
2025-04-20 11:00:00+00:00,2128.9875,100.43251494,0.89097608,0.78280952,3.272e-05,0.01875506,0.00132877
2025-04-20 12:00:00+00:00,2065.8625,106.08158188,0.88320728,0.76707252,3.362e-05,0.02064419,0.00145129
2025-04-20 13:00:00+00:00,2073.7475,99.34368078,0.88962449,0.7797602,3.402e-05,0.01964098,0.00129829
2025-04-20 14:00:00+00:00,2015.195,67.85013885,0.90621303,0.84022612,4.765e-05,0.00572356,0.00064986
2025-04-20 15:00:00+00:00,2055.8275,18.28419757,0.93941769,0.9389598,4.482e-05,1.09e-05,9.299e-05
2025-04-20 16:00:00+00:00,2183.935,18.3892464,0.94263697,0.94187848,0.00018772,1.632e-05,0.00012475
2025-04-20 17:00:00+00:00,2209.5975,18.2041053,0.94322114,0.94226526,0.00018635,1.461e-05,0.00011595
2025-04-20 18:00:00+00:00,2224.32,18.15601566,0.94438683,0.94355373,0.00018843,1.411e-05,0.00011593
2025-04-20 19:00:00+00:00,2199.1775,17.98067919,0.9439597,0.94342279,0.00014831,1.05e-05,8.91e-05
2025-04-20 20:00:00+00:00,2121.535,17.56963249,0.94236002,0.94200494,6.773e-05,7.77e-06,6.409e-05
2025-04-20 21:00:00+00:00,2014.4375,17.33933452,0.94022304,0.93971658,7.486e-05,1.282e-05,0.00010956
2025-04-20 22:00:00+00:00,1928.0025,17.63762684,0.9423281,0.94167885,5.511e-05,1.965e-05,0.00017286
2025-04-20 23:00:00+00:00,1843.635,17.84997248,0.94292565,0.94204739,0.00012021,2.582e-05,0.00022354
2025-04-21 00:00:00+00:00,1856.695,17.66786152,0.94252145,0.94168636,9.982e-05,2.604e-05,0.00022791
2025-04-21 01:00:00+00:00,1821.2575,17.48067775,0.94157389,0.94094701,3.34e-05,2.016e-05,0.00017365
2025-04-21 02:00:00+00:00,1844.0575,17.6043863,0.94137501,0.94075061,4.088e-05,2.014e-05,0.00017504
2025-04-21 03:00:00+00:00,1888.925,17.55860298,0.9403638,0.93960381,7.809e-05,2.364e-05,0.00020613
2025-04-21 04:00:00+00:00,1864.7125,17.62808331,0.93743031,0.93654745,9.69e-05,2.875e-05,0.0002314
2025-04-21 05:00:00+00:00,1937.8825,17.98132308,0.93589856,0.9349299,8.196e-05,3.525e-05,0.00025455
2025-04-21 06:00:00+00:00,1946.7175,18.58249194,0.93237378,0.93153033,5.17e-05,2.807e-05,0.00021028
2025-04-21 07:00:00+00:00,1965.6975,21.96026563,0.92502243,0.92087276,0.00010814,0.00020302,0.00020011
2025-04-21 08:00:00+00:00,2009.3575,50.1740635,0.91935552,0.8794666,7.264e-05,0.00181165,0.00045468
2025-04-21 09:00:00+00:00,1983.815,72.77143065,0.90647343,0.83853376,2.077e-05,0.00306564,0.00060635
2025-04-21 10:00:00+00:00,1977.055,71.59727683,0.90443412,0.8379407,2.119e-05,0.00427675,0.00058261
2025-04-21 11:00:00+00:00,1988.655,76.52737072,0.90076335,0.82947249,1.912e-05,0.00428275,0.00064622
2025-04-21 12:00:00+00:00,1908.62,86.74885265,0.88967759,0.80599178,1.011e-05,0.00477311,0.00074184
2025-04-21 13:00:00+00:00,1906.2425,76.43910868,0.89610881,0.81924336,9.784e-05,0.01093958,0.00081046
2025-04-21 14:00:00+00:00,1966.8025,20.81341162,0.9298413,0.92694724,7.358e-05,0.00109679,0.0001309
2025-04-21 15:00:00+00:00,2078.14,18.99339974,0.93895138,0.93772985,0.00044064,2.788e-05,0.0001808
2025-04-21 16:00:00+00:00,2138.6675,18.52534824,0.9406747,0.93887805,0.00092674,3.298e-05,0.00021495
2025-04-21 17:00:00+00:00,2186.525,18.01398747,0.94143481,0.94010845,0.00044643,2.756e-05,0.00018468
2025-04-21 18:00:00+00:00,2245.19,17.76567051,0.94287418,0.94170513,0.00030328,2.684e-05,0.00017091
2025-04-21 19:00:00+00:00,2233.64,17.29975095,0.94325042,0.94229411,0.0002323,2.493e-05,0.00016235
2025-04-21 20:00:00+00:00,2104.3225,16.94634878,0.94177491,0.94115402,0.00011583,1.841e-05,0.00012989
2025-04-21 21:00:00+00:00,1991.9425,16.92953061,0.94132621,0.94071575,9.174e-05,1.79e-05,0.00013251
2025-04-21 22:00:00+00:00,1919.81,16.96715111,0.9424261,0.94172089,0.00013268,1.977e-05,0.00014803
2025-04-21 23:00:00+00:00,1899.825,17.11164709,0.94079832,0.94014028,0.00014226,1.817e-05,0.00013314
2025-04-22 00:00:00+00:00,1906.5075,17.31710229,0.93960863,0.93879769,0.00019669,2.289e-05,0.00017594
2025-04-22 01:00:00+00:00,1931.805,17.53962337,0.93719681,0.93630193,0.00021191,2.599e-05,0.00013917
2025-04-22 02:00:00+00:00,1964.67,17.70349257,0.93768083,0.93702716,0.00014177,2.096e-05,0.00012838
2025-04-22 03:00:00+00:00,2029.3275,17.94978296,0.93194767,0.93126222,0.00021333,1.92e-05,9.989e-05
2025-04-22 04:00:00+00:00,2318.7725,18.56354945,0.93001041,0.92851409,0.00100118,2.712e-05,0.00015542
2025-04-22 05:00:00+00:00,2563.87,18.94642372,0.92523424,0.92339025,0.00149082,1.968e-05,9.611e-05
2025-04-22 06:00:00+00:00,2571.5375,33.044614,0.89864243,0.87047262,0.00508983,0.00544599,0.00019202
2025-04-22 07:00:00+00:00,2619.7425,75.40927494,0.85811625,0.78756468,0.00075904,0.00528045,0.00063345
2025-04-22 08:00:00+00:00,2575.505,72.50901472,0.87264907,0.8079479,4.723e-05,0.0041337,0.00067055
2025-04-22 09:00:00+00:00,2563.465,69.83713178,0.88364056,0.82307835,0.0,0.00352469,0.00063709
2025-04-22 10:00:00+00:00,2475.88,65.18873803,0.88720205,0.83282147,3e-08,0.00326254,0.00060466
2025-04-22 11:00:00+00:00,2449.74,55.77950858,0.90527432,0.86052123,0.00059366,0.00255713,0.00052563
2025-04-22 12:00:00+00:00,2391.9225,36.38611693,0.91394905,0.89311,0.00080083,0.00111582,0.00030284
2025-04-22 13:00:00+00:00,2452.075,20.676967,0.92310702,0.9214571,0.00129312,2.56e-05,0.00016023
2025-04-22 14:00:00+00:00,2445.4725,20.16836192,0.92371628,0.92240473,0.00095576,2.691e-05,0.00017467
2025-04-22 15:00:00+00:00,2401.37,19.75101904,0.92631321,0.92470654,0.00121018,3.107e-05,0.00017637
2025-04-22 16:00:00+00:00,2432.9625,19.36077455,0.92493799,0.92351473,0.00105237,3.247e-05,0.00019132
2025-04-22 17:00:00+00:00,2420.385,18.93634931,0.92506441,0.92348921,0.00115938,2.789e-05,0.00015803
2025-04-22 18:00:00+00:00,2435.54,18.6387831,0.92110841,0.92027824,1.295e-05,0.00011118,4.88e-05
2025-04-22 19:00:00+00:00,2319.32,18.17946297,0.92067349,0.92040817,1.836e-05,1.05e-05,7.946e-05
2025-04-22 20:00:00+00:00,2184.3625,18.17625399,0.92648159,0.92604573,0.00020687,1.796e-05,0.00011954
2025-04-22 21:00:00+00:00,2089.9425,18.07567703,0.93005066,0.92946497,0.00036505,1.536e-05,8.982e-05
2025-04-22 22:00:00+00:00,2032.12,17.75031458,0.92986401,0.92949652,8.308e-05,2.633e-05,0.00016685
2025-04-22 23:00:00+00:00,1984.5125,17.55431241,0.9299383,0.92969234,3.846e-05,2.108e-05,0.00012811
2025-04-23 00:00:00+00:00,1997.12,17.32456966,0.9278115,0.92763678,2.456e-05,1.815e-05,0.00010554
2025-04-23 01:00:00+00:00,2026.0425,17.05100952,0.9264107,0.9262221,1.995e-05,1.806e-05,0.00011147
2025-04-23 02:00:00+00:00,2024.4675,16.64934262,0.92621914,0.92610044,0.0,1.305e-05,7.519e-05
2025-04-23 03:00:00+00:00,2077.15,16.67400333,0.92389093,0.92348704,0.00021781,2.142e-05,0.00012528
2025-04-23 04:00:00+00:00,2276.6875,16.68559208,0.919682,0.91933792,0.00016728,1.597e-05,0.00010614
2025-04-23 05:00:00+00:00,2469.91,17.31675337,0.91296946,0.91181968,0.00090569,1.67e-05,0.00011578
2025-04-23 06:00:00+00:00,2460.9975,20.31676314,0.90498317,0.90102687,0.00024698,0.00018078,7.34e-05
2025-04-23 07:00:00+00:00,2358.935,41.03558945,0.88999847,0.86122644,7.395e-05,0.00160214,0.00025598
2025-04-23 08:00:00+00:00,2178.095,46.80334041,0.89844021,0.86374379,0.00012651,0.0020032,0.00035855
2025-04-23 09:00:00+00:00,2256.94,19.78013491,0.91574218,0.91540366,0.00015167,4.47e-06,0.00010725
2025-04-23 10:00:00+00:00,2219.8875,20.48694771,0.91310269,0.91282532,0.00010097,3.94e-06,9.905e-05
2025-04-23 11:00:00+00:00,2130.9525,20.64355002,0.91786582,0.91745997,0.0002066,4.37e-06,0.00012445
2025-04-23 12:00:00+00:00,2118.875,20.53934654,0.92194594,0.92146005,0.00026162,3.69e-06,9.331e-05
2025-04-23 13:00:00+00:00,2146.88,20.16906777,0.92038309,0.92008064,0.00010109,3.58e-06,0.00010725
2025-04-23 14:00:00+00:00,2156.24,19.41096456,0.91864418,0.91831346,0.00014361,5.05e-06,0.00014862
2025-04-23 15:00:00+00:00,2218.0325,18.95560087,0.91977023,0.91873029,0.00080929,6.83e-06,0.00019253
2025-04-23 16:00:00+00:00,2239.635,18.68192649,0.91949235,0.91807822,0.00118334,9.93e-06,0.00019583
2025-04-23 17:00:00+00:00,2254.91,18.52084289,0.91622498,0.91499202,0.00093794,7.05e-06,0.00016997
2025-04-23 18:00:00+00:00,2361.9225,18.14357505,0.91108706,0.91082385,0.0,1.68e-06,2.757e-05
2025-04-23 19:00:00+00:00,2260.4575,19.36107047,0.91109581,0.90811715,0.00019074,0.00111651,3.871e-05
2025-04-23 20:00:00+00:00,2154.365,17.8530166,0.91683794,0.91672063,5.38e-06,3.11e-06,6.265e-05
2025-04-23 21:00:00+00:00,2008.0,17.74013091,0.92016806,0.92002641,1.49e-05,5.3e-06,8.261e-05
2025-04-23 22:00:00+00:00,2049.835,17.8869058,0.9219157,0.9217227,4.206e-05,1.05e-05,0.00012174
2025-04-23 23:00:00+00:00,2036.86,17.92875489,0.92601622,0.92583156,4.405e-05,1.229e-05,0.00013913
2025-04-24 00:00:00+00:00,2070.335,17.92253928,0.92771993,0.92755393,4.144e-05,1.708e-05,0.00015004
2025-04-24 01:00:00+00:00,2041.2525,17.94235985,0.92841706,0.92821657,4.011e-05,1.94e-05,0.00015564
2025-04-24 02:00:00+00:00,2080.82,17.94396685,0.92997952,0.92980368,3.28e-05,1.522e-05,0.0001392
2025-04-24 03:00:00+00:00,2136.1475,17.80166494,0.92606556,0.92590974,3.01e-05,1.308e-05,0.00012608
2025-04-24 04:00:00+00:00,2337.5775,18.12592331,0.92351559,0.92296412,0.00031397,1.498e-05,0.00011583
2025-04-24 05:00:00+00:00,2533.565,18.38314849,0.91744958,0.91685946,0.00041585,1.557e-05,8.846e-05
2025-04-24 06:00:00+00:00,2517.3475,18.96450606,0.91200976,0.91152742,0.00024497,1.68e-05,7.611e-05
2025-04-24 07:00:00+00:00,2316.3375,42.85493487,0.89380759,0.8633329,2.202e-05,0.00137998,0.00021694
2025-04-24 08:00:00+00:00,2283.5275,21.31810435,0.90857728,0.90725095,3.746e-05,7.048e-05,7.174e-05
2025-04-24 09:00:00+00:00,2215.4675,20.79070002,0.91068417,0.91041715,8.945e-05,2.378e-05,0.00010687
2025-04-24 10:00:00+00:00,2250.045,21.04168088,0.91268774,0.91236829,0.00011194,2.511e-05,0.00012183
2025-04-24 11:00:00+00:00,2272.6575,20.98964887,0.91314972,0.91283963,0.00010207,2.464e-05,0.00012472
2025-04-24 12:00:00+00:00,2276.6375,20.69001691,0.91430367,0.9139918,9.965e-05,2.555e-05,9.202e-05
2025-04-24 13:00:00+00:00,2274.325,20.26627638,0.91580476,0.91552242,7.834e-05,2.239e-05,7.661e-05
2025-04-24 14:00:00+00:00,2268.26,19.35331861,0.92043858,0.9201603,8.553e-05,2.389e-05,8.286e-05
2025-04-24 15:00:00+00:00,2353.845,18.60678556,0.9234344,0.92302709,0.00015918,3.087e-05,0.00011908
2025-04-24 16:00:00+00:00,2352.1925,17.9065203,0.92138393,0.92110726,7.416e-05,2.888e-05,0.00011084
2025-04-24 17:00:00+00:00,2354.245,17.5719062,0.92326727,0.92283932,8.009e-05,2.22e-05,7.683e-05
2025-04-24 18:00:00+00:00,2409.97,17.15518349,0.92522563,0.92482659,0.00017221,1.885e-05,7.066e-05
2025-04-24 19:00:00+00:00,2449.0675,16.93109711,0.92548093,0.92508647,0.00015417,2.191e-05,7.268e-05
2025-04-24 20:00:00+00:00,2354.155,16.39541942,0.92638115,0.92605182,0.00016274,2.098e-05,7.122e-05
2025-04-24 21:00:00+00:00,2257.6625,16.13813363,0.92551871,0.92526827,9.599e-05,2.009e-05,9.833e-05
2025-04-24 22:00:00+00:00,2173.84,15.98704994,0.92791347,0.92759302,0.00013004,2.91e-05,0.00015485
2025-04-24 23:00:00+00:00,2120.6525,15.96531478,0.92911691,0.92883651,0.00010128,2.983e-05,0.00014624
2025-04-25 00:00:00+00:00,2136.8,15.90654641,0.92683854,0.92663194,6.837e-05,2.593e-05,0.00013564
2025-04-25 01:00:00+00:00,2140.835,15.91688085,0.92668648,0.9264482,7.445e-05,2.573e-05,0.00013916
2025-04-25 02:00:00+00:00,2194.4575,16.0160984,0.92575549,0.9255093,8.229e-05,2.654e-05,0.00014145
2025-04-25 03:00:00+00:00,2296.9725,16.18308989,0.92772151,0.92751486,6.197e-05,2.215e-05,0.00011117
2025-04-25 04:00:00+00:00,2486.95,16.93417677,0.92446824,0.9238225,0.00040125,2.395e-05,0.00012499
2025-04-25 05:00:00+00:00,2651.17,17.87027041,0.9138615,0.91364879,4.222e-05,2.454e-05,0.00010622
2025-04-25 06:00:00+00:00,2681.3375,19.16199506,0.91562184,0.91484399,0.00044193,2.722e-05,0.00012237
2025-04-25 07:00:00+00:00,2604.5575,19.98725169,0.90776433,0.90752902,5.299e-05,2.526e-05,0.00011705
2025-04-25 08:00:00+00:00,2592.57,21.52496009,0.90540263,0.9038175,5.261e-05,0.00011761,0.00011567
2025-04-25 09:00:00+00:00,2507.39,24.72845973,0.90555095,0.89967118,3.349e-05,0.00038416,7.601e-05
2025-04-25 10:00:00+00:00,2449.905,29.51144705,0.90400267,0.8908064,0.0,0.00085467,4.867e-05
2025-04-25 11:00:00+00:00,2387.5525,29.04114805,0.90642125,0.89370557,0.0,0.00074151,5.347e-05
2025-04-25 12:00:00+00:00,2253.9425,25.71257316,0.9031691,0.89576231,0.0,0.00050225,6.963e-05
2025-04-25 13:00:00+00:00,2146.0425,23.89079218,0.90726772,0.90195226,3.891e-05,0.00053779,0.00010356
2025-04-25 14:00:00+00:00,2173.7675,20.17508254,0.91222835,0.91205152,2.017e-05,1.523e-05,9.341e-05
2025-04-25 15:00:00+00:00,2336.6025,19.17280131,0.91966306,0.91942614,9.141e-05,1.227e-05,8.09e-05
2025-04-25 16:00:00+00:00,2331.7825,18.49606275,0.92330532,0.92228109,0.0008332,1.821e-05,9.949e-05
2025-04-25 17:00:00+00:00,2286.4675,18.00483818,0.92589312,0.92433115,0.00124279,2.265e-05,0.00013593
2025-04-25 18:00:00+00:00,2256.8075,17.82175516,0.92569882,0.92363124,0.00168915,2.254e-05,0.00013353
2025-04-25 19:00:00+00:00,2325.56,17.6693691,0.92952935,0.92813415,0.00113849,1.683e-05,0.00010117
2025-04-25 20:00:00+00:00,2235.9575,17.31396984,0.93372752,0.93322357,0.00034274,1.543e-05,9.598e-05
2025-04-25 21:00:00+00:00,2135.0275,17.14523359,0.93561763,0.93528986,0.0001517,1.377e-05,9.779e-05
2025-04-25 22:00:00+00:00,2048.905,16.79729351,0.9331928,0.93306956,0.0,1.004e-05,7.102e-05
2025-04-25 23:00:00+00:00,2039.965,16.71586442,0.93430685,0.93421906,0.0,7.62e-06,5.948e-05
2025-04-26 00:00:00+00:00,1969.8125,16.67432358,0.93437238,0.93430679,0.0,7.37e-06,5.422e-05
2025-04-26 01:00:00+00:00,1959.9325,16.80353715,0.93545389,0.93537947,0.0,4.91e-06,3.505e-05
2025-04-26 02:00:00+00:00,1962.8975,16.91089391,0.93580133,0.93571502,0.0,7.19e-06,5.713e-05
2025-04-26 03:00:00+00:00,1952.195,17.2209736,0.9347408,0.93462654,0.0,1.201e-05,9.657e-05
2025-04-26 04:00:00+00:00,1936.865,17.80830408,0.93163639,0.93145231,0.0,8.18e-06,6.923e-05
2025-04-26 05:00:00+00:00,2020.54,21.2064834,0.92508049,0.92047111,0.0,0.00040023,2.3e-05
2025-04-26 06:00:00+00:00,2125.1875,26.32842697,0.91929049,0.90821542,0.0,0.00101154,1.384e-05
2025-04-26 07:00:00+00:00,2121.295,28.14349557,0.92035611,0.90870473,0.0,0.00084807,1.996e-05
2025-04-26 08:00:00+00:00,2129.1675,37.38974627,0.91588706,0.89340423,0.0,0.00126669,9.35e-05
2025-04-26 09:00:00+00:00,2050.8175,87.04446598,0.89581106,0.81095694,2.512e-05,0.00983989,0.00068433
2025-04-26 10:00:00+00:00,1930.995,101.97579553,0.88789606,0.7815456,4.26e-06,0.01699361,0.00087832
2025-04-26 11:00:00+00:00,1847.3925,99.93503452,0.89394085,0.7895397,4.476e-05,0.01801375,0.00090695
2025-04-26 12:00:00+00:00,1799.61,110.24730412,0.88812599,0.7702045,0.00013286,0.02047889,0.00096883
2025-04-26 13:00:00+00:00,1729.6425,110.70459763,0.88529674,0.76670602,7.06e-05,0.02133772,0.0010384
2025-04-26 14:00:00+00:00,1639.14,70.90543651,0.89514852,0.82232871,0.00017673,0.01808343,0.00067636
2025-04-26 15:00:00+00:00,1789.4125,23.21162048,0.91629642,0.91156408,0.0001037,0.00258851,0.00010728
2025-04-26 16:00:00+00:00,1975.8125,19.56793626,0.929116,0.9288817,5.994e-05,1.565e-05,0.00010301
2025-04-26 17:00:00+00:00,2069.2825,18.90567628,0.93409928,0.93342023,0.00028397,2.279e-05,0.00014328
2025-04-26 18:00:00+00:00,2178.9425,18.4113416,0.93538436,0.93478164,0.00024858,2.326e-05,0.0001413
2025-04-26 19:00:00+00:00,2201.5375,17.94892329,0.93650742,0.93611901,0.00014505,1.998e-05,0.00011851
2025-04-26 20:00:00+00:00,2119.42,17.35399971,0.93896238,0.93877245,5.154e-05,1.798e-05,0.0001008
2025-04-26 21:00:00+00:00,2069.4625,16.98947237,0.94177691,0.94163655,0.0,1.582e-05,8.966e-05
2025-04-26 22:00:00+00:00,2069.575,16.87801706,0.94764424,0.94749815,2.265e-05,1.303e-05,7.083e-05
2025-04-26 23:00:00+00:00,2029.48,16.67390247,0.94767535,0.94757822,0.0,1.16e-05,7.243e-05
2025-04-27 00:00:00+00:00,2057.11,16.54639934,0.94552582,0.94547971,0.0,4.79e-06,2.925e-05
2025-04-27 01:00:00+00:00,2064.41,16.66416685,0.94705075,0.94695067,0.0,1.099e-05,5.508e-05
2025-04-27 02:00:00+00:00,2024.99,16.81286122,0.9502242,0.95011633,0.0,1.377e-05,6.992e-05
2025-04-27 03:00:00+00:00,2016.4025,16.87771502,0.94895157,0.94884944,0.0,1.15e-05,6.868e-05
2025-04-27 04:00:00+00:00,1828.1675,17.0440566,0.94754862,0.94698674,0.00027171,1.916e-05,0.00013558
2025-04-27 05:00:00+00:00,1830.27,17.95576969,0.94482533,0.94432134,0.00020637,1.503e-05,0.00010895
2025-04-27 06:00:00+00:00,1883.1025,20.0071788,0.92684558,0.92661093,0.0,3.66e-06,2.884e-05
2025-04-27 07:00:00+00:00,1891.8075,83.47644956,0.89751878,0.80984009,0.00101372,0.01919208,0.00094873
2025-04-27 08:00:00+00:00,1783.395,134.58874964,0.88588117,0.73812009,0.00165913,0.02622015,0.00138865
2025-04-27 09:00:00+00:00,1876.2875,123.17508756,0.88380586,0.75506549,0.0002998,0.02498691,0.0012201
2025-04-27 10:00:00+00:00,1833.555,116.41735411,0.87308542,0.75504456,0.0006922,0.02505631,0.00119231
2025-04-27 11:00:00+00:00,1799.495,116.09009408,0.87199355,0.75627585,0.00038145,0.02282785,0.00119769
2025-04-27 12:00:00+00:00,1791.7,118.62372018,0.87256452,0.75090634,2.222e-05,0.02440903,0.00119671
2025-04-27 13:00:00+00:00,1739.165,117.89708273,0.88912492,0.76225288,2.19e-06,0.02771159,0.00117073
2025-04-27 14:00:00+00:00,1694.895,47.86345679,0.91825031,0.88217699,9.461e-05,0.00508834,0.00032971
2025-04-27 15:00:00+00:00,1778.48,18.90108613,0.93900276,0.93894157,0.0,0.0,1.45e-06
2025-04-27 16:00:00+00:00,1898.1175,17.62498703,0.9413279,0.94117287,2.328e-05,3e-08,5.168e-05
2025-04-27 17:00:00+00:00,2080.5475,17.17522712,0.94611482,0.94463448,0.00114835,5e-08,9.769e-05
2025-04-27 18:00:00+00:00,2151.735,16.97849008,0.94711948,0.94616864,0.00057648,5e-08,8.034e-05
2025-04-27 19:00:00+00:00,2137.265,16.67885975,0.9461579,0.94568506,0.00032126,5e-08,9.128e-05
2025-04-27 20:00:00+00:00,2083.7875,16.34432443,0.9469461,0.94678956,4.885e-05,5e-08,0.00010517
2025-04-27 21:00:00+00:00,2039.765,16.07019285,0.94730668,0.9472297,0.0,2e-08,5.277e-05
2025-04-27 22:00:00+00:00,1945.905,16.02094251,0.94907325,0.94899252,0.0,1e-08,3.381e-05
2025-04-27 23:00:00+00:00,1866.485,15.9844362,0.94884368,0.9488,0.0,0.0,0.0
2025-04-28 00:00:00+00:00,1837.695,16.02338343,0.9493421,0.94931736,0.0,0.0,2.61e-06
2025-04-28 01:00:00+00:00,1942.51,15.98829655,0.94744131,0.94738933,0.0,0.0,4.42e-06
2025-04-28 02:00:00+00:00,2034.8725,15.94444126,0.94700657,0.94696319,0.0,0.0,0.0
2025-04-28 03:00:00+00:00,2092.46,15.99820563,0.94637998,0.94632189,0.0,1e-08,2.766e-05
2025-04-28 04:00:00+00:00,2268.3075,16.689318,0.94679205,0.94631284,0.0002385,7e-08,0.00014081
2025-04-28 05:00:00+00:00,2508.54,17.70269117,0.94692385,0.94578935,0.00074401,9e-08,0.00016911
2025-04-28 06:00:00+00:00,2634.705,18.62948708,0.94415105,0.94348585,0.00042635,6e-08,0.00012077
2025-04-28 07:00:00+00:00,2516.8825,19.9240932,0.93742301,0.93712857,0.00014174,6e-08,9.757e-05
2025-04-28 08:00:00+00:00,2182.905,21.30146624,0.94097907,0.94083642,0.0,1e-08,1.873e-05
2025-04-28 09:00:00+00:00,2218.555,34.4602766,0.93290625,0.91232889,4.89e-05,0.00889914,0.00029078
2025-04-28 10:00:00+00:00,2302.9225,81.75691849,0.9134194,0.83401007,0.00012739,0.01366862,0.00078181
2025-04-28 11:00:00+00:00,2216.595,89.19143722,0.91017276,0.82157013,7.347e-05,0.01473721,0.00084617
2025-04-28 12:00:00+00:00,2163.5475,63.29165176,0.9216995,0.86313335,4.594e-05,0.01225712,0.00060547
2025-04-28 13:00:00+00:00,2163.77,31.59403291,0.94326479,0.92288556,0.0002625,0.00891062,0.00027378
2025-04-28 14:00:00+00:00,2138.0975,18.8615614,0.95729025,0.95467369,5.708e-05,0.00116586,0.00015131
2025-04-28 15:00:00+00:00,2238.735,16.06686507,0.96532216,0.96513637,3.222e-05,7e-08,0.00014741
2025-04-28 16:00:00+00:00,2302.8125,15.24763376,0.96668274,0.96645997,4.761e-05,8e-08,0.00016311
2025-04-28 17:00:00+00:00,2368.36,14.73892365,0.96774146,0.9673425,8.748e-05,8e-08,0.00016166
2025-04-28 18:00:00+00:00,2340.1775,14.73200882,0.9671982,0.96673151,0.00010089,8e-08,0.00014428
2025-04-28 19:00:00+00:00,2248.88,14.42796258,0.96539658,0.965178,5.42e-05,8e-08,0.00016897
2025-04-28 20:00:00+00:00,2098.3575,14.14285345,0.96499625,0.96487382,1.87e-05,5e-08,0.000101
2025-04-28 21:00:00+00:00,1928.1525,13.91504801,0.96459643,0.96453355,0.0,2e-08,3.737e-05
2025-04-28 22:00:00+00:00,1963.9225,13.95796328,0.96521971,0.96514389,0.0,1e-08,2.019e-05
2025-04-28 23:00:00+00:00,1976.2925,14.06753425,0.96391053,0.96385623,0.0,0.0,1.129e-05
2025-04-29 00:00:00+00:00,1987.9975,15.72927326,0.96225348,0.95894,0.0,0.00023172,1.396e-05
2025-04-29 01:00:00+00:00,1973.035,16.48028871,0.96123957,0.95627343,0.0,0.00035589,1.174e-05
2025-04-29 02:00:00+00:00,1965.515,16.45194216,0.95916102,0.95471382,0.0,0.00030438,0.00010382
2025-04-29 03:00:00+00:00,1925.1775,14.81624876,0.95679343,0.95662548,6.3e-06,0.0,0.00016485
2025-04-29 04:00:00+00:00,2255.935,15.82835081,0.95605401,0.95551879,0.00023091,0.0,0.00017512
2025-04-29 05:00:00+00:00,2376.7225,17.04016909,0.95024132,0.9486557,0.0006828,2.802e-05,0.0001186
2025-04-29 06:00:00+00:00,2387.98,22.25727184,0.94340281,0.93395886,0.0029033,0.00038694,0.00010853
2025-04-29 07:00:00+00:00,2357.59,53.41383933,0.91987616,0.87314,0.00270777,0.00258657,0.00039489
2025-04-29 08:00:00+00:00,2233.6525,70.25921601,0.91196585,0.85085813,0.0,0.00257117,0.00048473
2025-04-29 09:00:00+00:00,2079.2425,98.21624319,0.89359483,0.79833371,1.113e-05,0.01341982,0.00080111
2025-04-29 10:00:00+00:00,2045.355,106.49824114,0.88770849,0.78207515,7.1e-07,0.01761443,0.00090837
2025-04-29 11:00:00+00:00,2058.66,109.951178,0.88244899,0.77140736,0.00011143,0.02282854,0.00094633
2025-04-29 12:00:00+00:00,2032.145,83.13969621,0.89048807,0.81120396,0.00010981,0.02075709,0.00071242
2025-04-29 13:00:00+00:00,1933.9475,77.32146546,0.89086656,0.81743687,9.09e-06,0.02055861,0.00068231
2025-04-29 14:00:00+00:00,1888.7525,25.05975815,0.92659604,0.92121682,7.91e-06,0.00271736,6.233e-05
2025-04-29 15:00:00+00:00,2113.0475,19.92679452,0.94240744,0.94192668,0.00027253,0.0,9.055e-05
2025-04-29 16:00:00+00:00,2158.0225,18.94620051,0.94218031,0.9415796,0.00036914,0.0,0.00013159
2025-04-29 17:00:00+00:00,2289.4375,18.54136263,0.94404016,0.94319441,0.00043225,0.0,0.0001006
2025-04-29 18:00:00+00:00,2240.1475,18.3240454,0.94552034,0.94470825,0.00035394,0.0,6.188e-05
2025-04-29 19:00:00+00:00,2282.1525,18.23344527,0.94726281,0.946576,0.00041414,0.0,6.086e-05
2025-04-29 20:00:00+00:00,2150.185,18.07553761,0.95133881,0.95078037,0.00038897,0.0,9.033e-05
2025-04-29 21:00:00+00:00,2000.0625,17.64531067,0.95085875,0.95046413,0.00023429,0.0,0.00012954
2025-04-29 22:00:00+00:00,1985.9275,17.40584759,0.96120465,0.96076577,0.00025055,3.97e-06,0.00010743
2025-04-29 23:00:00+00:00,1898.9325,17.00050918,0.96340004,0.96316173,6.979e-05,5.98e-06,0.00014362
2025-04-30 00:00:00+00:00,1854.6175,16.65079209,0.96368944,0.96348325,4.303e-05,1.093e-05,0.00019654
2025-04-30 01:00:00+00:00,1890.9775,16.2416372,0.96331047,0.96315616,2.86e-06,1.413e-05,0.00013859
2025-04-30 02:00:00+00:00,2013.3725,16.11188184,0.96419859,0.9640598,5.4e-07,1.125e-05,0.00013034
2025-04-30 03:00:00+00:00,2102.1625,15.85381227,0.96431261,0.96416449,1.284e-05,6.57e-06,0.00014002
2025-04-30 04:00:00+00:00,2331.4275,16.45872886,0.96436614,0.96400202,0.00017255,5.17e-06,0.0001243
2025-04-30 05:00:00+00:00,2514.025,17.51051636,0.96271405,0.96192141,0.0004093,5.6e-06,0.00012582
2025-04-30 06:00:00+00:00,2501.875,18.46437329,0.95771572,0.95720569,0.00022718,4.62e-06,9.649e-05
2025-04-30 07:00:00+00:00,2253.87,19.47693087,0.95306982,0.95289269,3.308e-05,2.65e-06,4.745e-05
2025-04-30 08:00:00+00:00,2040.5975,21.12719006,0.94772287,0.94753576,0.0,2.8e-07,5.97e-06
2025-04-30 09:00:00+00:00,1965.855,36.12686367,0.93243284,0.91001651,0.00011918,0.01023642,0.0003032
2025-04-30 10:00:00+00:00,1961.2075,46.39265109,0.92701034,0.89135424,3.6e-06,0.01623808,0.00040923
2025-04-30 11:00:00+00:00,1980.85,48.28289467,0.92496117,0.88763337,7.355e-05,0.01783362,0.00042185
2025-04-30 12:00:00+00:00,2007.48,41.63592452,0.92410745,0.89550595,5.84e-06,0.01422106,0.00038559
2025-04-30 13:00:00+00:00,2000.5325,41.86865192,0.92574313,0.89397434,0.00030912,0.0143292,0.00035512
2025-04-30 14:00:00+00:00,1978.2075,27.66447703,0.93933044,0.92680551,3.722e-05,0.00296151,7.21e-05
2025-04-30 15:00:00+00:00,2113.3575,19.8574044,0.94596932,0.9454999,0.00028581,0.0,0.00015162
2025-04-30 16:00:00+00:00,2062.945,20.08736161,0.94588093,0.94137739,0.00216866,0.00014358,0.00014688
2025-04-30 17:00:00+00:00,2050.2075,22.12506673,0.94207714,0.92817371,0.00576785,0.00052078,0.0001322
2025-04-30 18:00:00+00:00,2044.1325,21.81859719,0.94003426,0.92720016,0.00493046,0.00052278,0.00010683
2025-04-30 19:00:00+00:00,2061.9775,23.29563404,0.94221309,0.92654671,0.00573266,0.00059251,0.00014892
2025-04-30 20:00:00+00:00,1967.6,20.67477508,0.94680874,0.94093002,0.00071412,0.00030608,0.00013181
2025-04-30 21:00:00+00:00,1788.1725,26.65603606,0.94429184,0.92525772,0.00036108,0.0010621,0.00013958
2025-04-30 22:00:00+00:00,1802.755,18.12136533,0.94768958,0.94626317,0.0011254,8.62e-06,0.00013376
2025-04-30 23:00:00+00:00,1800.38,18.03818985,0.94851084,0.94793433,0.00044277,0.0,0.00015741
2025-05-01 00:00:00+00:00,1799.805,18.03121042,0.94909498,0.94847919,0.00049891,0.0,0.00018349
2025-05-01 01:00:00+00:00,1820.8675,17.92418937,0.95049153,0.94976613,0.00059889,0.0,0.00014736
2025-05-01 02:00:00+00:00,1823.635,17.8513853,0.95096995,0.95037688,0.00046778,0.0,0.00013031
2025-05-01 03:00:00+00:00,1722.16,17.84180204,0.95014421,0.94942569,0.00058609,0.0,0.00017298
2025-05-01 04:00:00+00:00,1656.12,18.25928012,0.95251726,0.95163573,0.00074537,0.0,0.00021876
2025-05-01 05:00:00+00:00,1727.9425,19.41840438,0.95110521,0.95006169,0.00066674,0.0,0.0001882
2025-05-01 06:00:00+00:00,1788.27,20.80082532,0.94456166,0.94441014,0.0,0.0,0.00011605
2025-05-01 07:00:00+00:00,1731.775,28.76104574,0.92171094,0.9155636,0.0,0.0002938,9.189e-05
2025-05-01 08:00:00+00:00,1724.765,120.03293795,0.88406238,0.75884788,0.00084163,0.0220839,0.00138928
2025-05-01 09:00:00+00:00,1607.885,115.36546434,0.89145389,0.77157644,6.335e-05,0.02489238,0.00124005
2025-05-01 10:00:00+00:00,1620.925,109.93264084,0.90036721,0.78748681,0.00027152,0.02355085,0.00115262
2025-05-01 11:00:00+00:00,1608.135,105.67262023,0.90218318,0.79377577,0.00035443,0.02501754,0.00114211
2025-05-01 12:00:00+00:00,1612.315,106.76529849,0.90254549,0.79055079,0.0005236,0.02659407,0.00116884
2025-05-01 13:00:00+00:00,1615.565,104.89997717,0.90572948,0.79245546,0.00064222,0.02650635,0.00113868
2025-05-01 14:00:00+00:00,1565.4275,101.44410499,0.90423355,0.79280814,0.00122107,0.02250487,0.00113486
2025-05-01 15:00:00+00:00,1591.55,28.21868017,0.93438487,0.91938689,0.00053146,0.00336049,0.00019318
2025-05-01 16:00:00+00:00,1745.1475,17.39712421,0.94785567,0.94766386,6.087e-05,0.0,0.00011612
2025-05-01 17:00:00+00:00,1908.8975,16.84714357,0.95151914,0.95101244,0.00019364,0.0,0.00014093
2025-05-01 18:00:00+00:00,2027.8725,15.9954148,0.95319595,0.9527991,0.00012581,0.0,0.0001372
2025-05-01 19:00:00+00:00,2013.075,15.26948382,0.95311843,0.95280414,5.872e-05,0.0,0.00012061
2025-05-01 20:00:00+00:00,1920.255,14.45310502,0.95224005,0.95217613,0.0,0.0,8.966e-05
2025-05-01 21:00:00+00:00,1843.4175,14.39897484,0.95384741,0.95297158,0.0,0.00077864,0.00012262
2025-05-01 22:00:00+00:00,1704.445,13.97487222,0.95563308,0.95409615,0.0,0.00138506,0.00012478
2025-05-01 23:00:00+00:00,1674.85,13.42883283,0.95809991,0.95768012,0.0,0.00034291,9.147e-05
2025-05-02 00:00:00+00:00,1585.3075,13.37733387,0.95903173,0.95856895,0.0,0.00040663,0.00010969
2025-05-02 01:00:00+00:00,1518.795,13.59462748,0.95840417,0.9565152,0.0,0.00174496,9.247e-05
2025-05-02 02:00:00+00:00,1579.865,14.1887947,0.95798545,0.95350788,0.0,0.00419925,6.581e-05
2025-05-02 03:00:00+00:00,1631.5225,13.81723755,0.9579741,0.95619207,0.0,0.00163674,8.788e-05
2025-05-02 04:00:00+00:00,1755.845,14.24870382,0.95574045,0.9547027,0.0,0.00092636,0.0001374
2025-05-02 05:00:00+00:00,2044.875,16.24719202,0.95431807,0.95095452,0.0,0.00194395,0.00013903
2025-05-02 06:00:00+00:00,2192.225,22.61279604,0.94709473,0.93558768,0.0,0.00196462,0.00012536
2025-05-02 07:00:00+00:00,2268.6675,32.44393294,0.94438299,0.91885772,0.0,0.0043915,0.00011417
2025-05-02 08:00:00+00:00,2308.33,62.56232733,0.93671964,0.87451906,0.00072241,0.0052143,0.00055402
2025-05-02 09:00:00+00:00,2408.43,64.64431724,0.93632794,0.87434452,6.2e-07,0.0056377,0.0006541
2025-05-02 10:00:00+00:00,2370.935,73.48858223,0.93653316,0.86140531,1.476e-05,0.01106878,0.00077133
2025-05-02 11:00:00+00:00,2071.3375,93.90305778,0.92930745,0.82873862,1.693e-05,0.01576708,0.00097155
2025-05-02 12:00:00+00:00,1804.105,77.12015067,0.92912865,0.85023437,5.01e-06,0.01440223,0.00082071
2025-05-02 13:00:00+00:00,1796.105,23.49081216,0.94929344,0.94266719,1.022e-05,0.0024077,0.00010317
2025-05-02 14:00:00+00:00,1811.735,18.07190367,0.95516476,0.95466047,0.0,0.00032361,4.301e-05
2025-05-02 15:00:00+00:00,1850.6725,16.30429294,0.96042482,0.95916058,0.0,0.00107283,3.951e-05
2025-05-02 16:00:00+00:00,1837.975,15.10604031,0.9628404,0.96159497,0.0,0.00108809,5.629e-05
2025-05-02 17:00:00+00:00,1964.01,14.64227177,0.96386424,0.96209307,0.0,0.00148773,5.979e-05
2025-05-02 18:00:00+00:00,2042.765,14.4266981,0.96354575,0.96188282,0.0,0.00123547,5.063e-05
2025-05-02 19:00:00+00:00,2090.9025,14.30873864,0.96256233,0.96189684,0.0,0.00036869,3.307e-05
2025-05-02 20:00:00+00:00,2064.1225,14.11344622,0.96165653,0.96114572,0.0,0.00043223,1.94e-05
2025-05-02 21:00:00+00:00,1897.39,13.92465317,0.96194927,0.96168941,0.0,0.00019219,4.338e-05
2025-05-02 22:00:00+00:00,1810.76,13.73217801,0.96190431,0.96171124,0.0,0.00010932,7.678e-05
2025-05-02 23:00:00+00:00,1792.89,13.88637173,0.96095802,0.96010122,0.0,0.00075644,0.00013815
2025-05-03 00:00:00+00:00,1792.14,14.16142478,0.9597094,0.9578553,0.0,0.00172956,0.00016226
2025-05-03 01:00:00+00:00,1763.015,18.66830451,0.95600738,0.9375711,0.00687629,0.00293235,0.00016339
2025-05-03 02:00:00+00:00,1731.2125,17.34246147,0.9553556,0.94185688,0.00480615,0.00290953,0.00016857
2025-05-03 03:00:00+00:00,1735.885,17.51079664,0.95285567,0.94082038,0.00417684,0.00189009,0.0001472
2025-05-03 04:00:00+00:00,1837.44,20.05860344,0.94899619,0.93065909,0.00653841,0.0025769,0.00015059
2025-05-03 05:00:00+00:00,1973.8825,26.35682664,0.94478951,0.91105169,0.01212876,0.00433601,0.00012293
2025-05-03 06:00:00+00:00,1989.7975,27.24718765,0.94186193,0.90938424,0.01266475,0.00477649,8.056e-05
2025-05-03 07:00:00+00:00,1944.4475,32.95950392,0.93929092,0.9126228,8.612e-05,0.00410359,2.898e-05
2025-05-03 08:00:00+00:00,1925.4275,34.16696998,0.93469326,0.90883412,0.0,0.00309903,4.34e-05
2025-05-03 09:00:00+00:00,1969.2725,34.62076819,0.93411464,0.91019112,0.0,0.00266703,0.00013586
2025-05-03 10:00:00+00:00,1906.915,53.88926492,0.92885474,0.88301774,0.0,0.00312445,0.00046027
2025-05-03 11:00:00+00:00,1802.6775,57.25961444,0.92574591,0.87616814,8.79e-06,0.00280894,0.00051583
2025-05-03 12:00:00+00:00,1781.8475,26.01640575,0.92710831,0.91610784,5.583e-05,0.00508514,0.0002472
2025-05-03 13:00:00+00:00,1976.87,21.52883125,0.93400783,0.92770966,5.991e-05,0.00340683,0.00015834
2025-05-03 14:00:00+00:00,2070.9225,30.75118155,0.92553583,0.8978782,0.00018698,0.01196454,0.00028442
2025-05-03 15:00:00+00:00,2089.9475,22.2967169,0.94106976,0.92829703,0.00013545,0.00366504,0.00016208
2025-05-03 16:00:00+00:00,2026.9225,16.632609,0.95170127,0.95006518,0.00020241,0.00076714,0.00025395
2025-05-03 17:00:00+00:00,2124.415,16.40096633,0.95362185,0.95282166,0.00039437,0.0,0.00020758
2025-05-03 18:00:00+00:00,2091.2125,16.73576314,0.95397141,0.95173753,0.00161878,2.978e-05,0.00024241
2025-05-03 19:00:00+00:00,2109.005,16.65117691,0.95372954,0.95261515,0.00054319,7.743e-05,0.00024181
2025-05-03 20:00:00+00:00,2013.59,16.58065411,0.95146612,0.95030605,0.00038557,0.00046101,0.00023805
2025-05-03 21:00:00+00:00,1934.01,16.04797191,0.94990177,0.94893041,0.00020981,0.00047676,0.00024113
2025-05-03 22:00:00+00:00,1893.8725,15.42736149,0.94595911,0.94378843,0.0,0.00192516,0.00013802
2025-05-03 23:00:00+00:00,1822.4575,15.03648726,0.94325834,0.94083832,0.0,0.00217862,9.992e-05
2025-05-04 00:00:00+00:00,1814.475,14.96055562,0.9435025,0.94060072,0.0,0.00267317,0.00010026
2025-05-04 01:00:00+00:00,1788.565,14.85892504,0.94603367,0.94285404,0.0,0.00290339,0.00010358
2025-05-04 02:00:00+00:00,1827.6375,14.73618861,0.95115198,0.9481781,0.0,0.00270082,9.614e-05
2025-05-04 03:00:00+00:00,1776.49,14.46161246,0.9503258,0.94806519,0.0,0.00202251,0.00010283
2025-05-04 04:00:00+00:00,1810.395,14.25024136,0.95297966,0.95097289,0.0,0.00178245,9.185e-05
2025-05-04 05:00:00+00:00,1809.4925,14.64361212,0.95402929,0.95138381,0.0,0.00210852,9.288e-05
2025-05-04 06:00:00+00:00,1920.955,15.40802068,0.95543922,0.95137242,0.0,0.00365113,6.479e-05
2025-05-04 07:00:00+00:00,2062.3125,22.58973944,0.94693083,0.92766552,6.917e-05,0.01218841,0.00021839
2025-05-04 08:00:00+00:00,2143.455,16.7083534,0.95122611,0.94649534,2.052e-05,0.00407257,3.137e-05
2025-05-04 09:00:00+00:00,2247.305,18.69083793,0.95091004,0.94566827,1.7e-07,0.00197972,3.845e-05
2025-05-04 10:00:00+00:00,2337.1775,46.97589395,0.9424028,0.89996642,6.22e-06,0.00368771,0.00043269
2025-05-04 11:00:00+00:00,2292.7425,58.72813053,0.93837095,0.88148184,4.72e-06,0.0042583,0.00054883
2025-05-04 12:00:00+00:00,2126.595,71.7083305,0.92169538,0.84525712,0.00015455,0.01320964,0.00092391
2025-05-04 13:00:00+00:00,2249.9975,64.43917459,0.92671558,0.8568122,3.973e-05,0.01451657,0.00080244
2025-05-04 14:00:00+00:00,2217.4025,54.56416568,0.92732529,0.8677101,0.0001492,0.01551252,0.00070961
2025-05-04 15:00:00+00:00,2367.26,18.39988692,0.94286106,0.93420429,0.00017995,0.00655304,0.00014112
2025-05-04 16:00:00+00:00,2505.875,15.98378999,0.9442995,0.94093633,2.155e-05,0.00297395,0.00019807
2025-05-04 17:00:00+00:00,2449.5375,16.00027535,0.94557265,0.94329447,0.00014325,0.00169453,0.00023591
2025-05-04 18:00:00+00:00,2383.37,16.29592022,0.9466597,0.94379315,0.0001851,0.00220976,0.00020793
2025-05-04 19:00:00+00:00,2319.0975,16.22176657,0.94590205,0.94399033,0.00013904,0.00134872,0.0001616
2025-05-04 20:00:00+00:00,2157.6075,15.97863081,0.94178778,0.93887557,0.0,0.00254524,0.00010087
2025-05-04 21:00:00+00:00,2144.66,16.20651678,0.94231761,0.93724698,0.0,0.00468146,0.00012452
2025-05-04 22:00:00+00:00,2106.7825,16.47185373,0.94356016,0.93720176,1.778e-05,0.00586474,0.00021471
2025-05-04 23:00:00+00:00,2175.9075,16.90041854,0.94310817,0.93628166,9.849e-05,0.00616535,0.00032807
2025-05-05 00:00:00+00:00,2211.06,16.84476215,0.94342532,0.93677937,4.243e-05,0.00610647,0.00027006
2025-05-05 01:00:00+00:00,2141.545,16.72794905,0.94186966,0.93521825,1.711e-05,0.00614211,0.00022614
2025-05-05 02:00:00+00:00,2131.5275,18.28386406,0.93871509,0.92954252,4.942e-05,0.00589754,0.00026048
2025-05-05 03:00:00+00:00,2159.145,17.03520294,0.94244418,0.93875362,0.00030728,0.0030167,0.0002177
2025-05-05 04:00:00+00:00,2420.2525,22.05697073,0.94073576,0.92521706,0.00591129,0.00150635,0.00018275
2025-05-05 05:00:00+00:00,2711.935,23.64567672,0.9359492,0.91722723,0.00996743,0.00066439,0.00017411
2025-05-05 06:00:00+00:00,2706.555,28.49623683,0.92942678,0.91221051,0.00224824,0.00128778,0.00020182
2025-05-05 07:00:00+00:00,2582.1025,30.00484771,0.92741149,0.91201344,0.00045154,0.0011595,0.00013827
2025-05-05 08:00:00+00:00,2418.775,32.12706657,0.92947477,0.90666357,0.00539084,0.00116325,0.00010515
2025-05-05 09:00:00+00:00,2335.9175,32.31348415,0.92938487,0.90288728,0.00974729,0.00159292,0.00011597
2025-05-05 10:00:00+00:00,2242.8625,33.25345669,0.92969024,0.90331794,0.00771762,0.00202215,0.00010706
2025-05-05 11:00:00+00:00,2324.9825,31.8279756,0.93274443,0.90529298,0.00954932,0.00176709,9.728e-05
2025-05-05 12:00:00+00:00,2124.035,27.63578749,0.93557881,0.91962611,0.00416526,0.00144427,0.00012836
2025-05-05 13:00:00+00:00,2061.93,26.18166534,0.93965432,0.92855157,1.527e-05,0.0013901,0.0001129
2025-05-05 14:00:00+00:00,2086.72,21.17039384,0.94385714,0.93915871,1.71e-06,0.0003908,0.00012232
2025-05-05 15:00:00+00:00,2219.84,17.13646877,0.94861248,0.94837286,0.0,0.0,0.00012557
2025-05-05 16:00:00+00:00,2249.725,16.00174214,0.95105866,0.95081319,4.213e-05,0.0,0.00014419
2025-05-05 17:00:00+00:00,2323.59,15.65578139,0.9539124,0.95354606,0.0001134,0.0,8.532e-05
2025-05-05 18:00:00+00:00,2481.57,15.45275039,0.95496828,0.95446202,0.00012702,0.0,8.25e-05
2025-05-05 19:00:00+00:00,2542.33,15.04483328,0.95495878,0.95463699,9.757e-05,0.0,7.705e-05
2025-05-05 20:00:00+00:00,2327.175,14.42130454,0.95490826,0.95466602,1.06e-06,0.0,0.00012013
2025-05-05 21:00:00+00:00,2092.4775,14.0172363,0.95658696,0.9564428,3.2e-07,0.0,0.00012405
2025-05-05 22:00:00+00:00,2080.9175,14.07743431,0.95428733,0.95418399,0.0,0.0,7.613e-05
2025-05-05 23:00:00+00:00,2091.7975,14.05896754,0.95324462,0.95313745,0.0,0.0,7.751e-05
2025-05-06 00:00:00+00:00,2062.095,14.20158746,0.95356009,0.95346603,0.0,0.0,7.162e-05
2025-05-06 01:00:00+00:00,1981.785,14.71507452,0.95184952,0.95092286,0.0,0.00052147,8.655e-05
2025-05-06 02:00:00+00:00,2022.96,14.90203262,0.94864351,0.94842069,0.0,8.75e-05,9.454e-05
2025-05-06 03:00:00+00:00,2073.6,15.72061404,0.94754156,0.9474187,0.0,0.0,9.378e-05
2025-05-06 04:00:00+00:00,2263.1175,16.71187661,0.94454956,0.9444015,1.95e-05,0.0,9.097e-05
2025-05-06 05:00:00+00:00,2485.435,17.8527745,0.94292695,0.94246464,0.00013214,0.0,8.815e-05
2025-05-06 06:00:00+00:00,2337.475,18.89940239,0.93706855,0.93676984,7.815e-05,1.24e-06,4.982e-05
2025-05-06 07:00:00+00:00,2373.1575,20.2923504,0.9328769,0.93225568,0.0,0.00039318,7.002e-05
2025-05-06 08:00:00+00:00,2321.8425,21.48782127,0.93299331,0.93200958,0.0,0.00068533,4.595e-05
2025-05-06 09:00:00+00:00,2296.065,24.46758963,0.92888876,0.92571636,6.7e-07,0.00016311,7.85e-05
2025-05-06 10:00:00+00:00,2154.96,34.52103007,0.92605168,0.910523,2.22e-06,0.00071288,0.00017364
2025-05-06 11:00:00+00:00,2055.5325,22.42874402,0.93106161,0.93077404,0.0,0.0,7.779e-05
2025-05-06 12:00:00+00:00,2042.4025,21.90334435,0.93271267,0.93232583,0.0,9.064e-05,9.696e-05
2025-05-06 13:00:00+00:00,1945.975,21.52225424,0.93598854,0.93538213,7.248e-05,0.0001787,0.00012861
2025-05-06 14:00:00+00:00,2049.795,20.43378455,0.94053212,0.94002729,0.00019536,1.049e-05,0.00016615
2025-05-06 15:00:00+00:00,2164.2175,19.55757726,0.94032126,0.93917622,0.0008358,0.0,0.00018899
2025-05-06 16:00:00+00:00,2229.945,18.73743585,0.94191385,0.94041442,0.00124428,0.0,0.00014681
2025-05-06 17:00:00+00:00,2302.1925,18.43646166,0.94150406,0.93935715,0.00176049,0.0,0.00016332
2025-05-06 18:00:00+00:00,2331.555,18.37099919,0.94076804,0.93824902,0.00190597,0.0,0.00014878
2025-05-06 19:00:00+00:00,2381.5425,18.36368589,0.94121373,0.93845622,0.0020314,0.00040286,0.00016348
2025-05-06 20:00:00+00:00,2231.9225,18.14603922,0.93922566,0.93798789,0.0009095,0.0,0.00017492
2025-05-06 21:00:00+00:00,2090.385,17.76129263,0.93736527,0.93570486,0.00012233,0.00127432,0.00015925
2025-05-06 22:00:00+00:00,1994.6625,17.6642314,0.93803097,0.93570214,0.00012456,0.00183416,0.00024883
2025-05-06 23:00:00+00:00,1947.21,17.92810051,0.93915131,0.93472569,0.00013479,0.00376486,0.00027324
2025-05-07 00:00:00+00:00,1963.0375,17.72265211,0.93912898,0.9349669,0.00022222,0.0034548,0.00029494
2025-05-07 01:00:00+00:00,1962.5025,17.71693757,0.94027785,0.93577539,0.00014872,0.00384187,0.00031028
2025-05-07 02:00:00+00:00,1885.7075,17.3019699,0.93996628,0.93803071,0.00014371,0.00144893,0.00029033
2025-05-07 03:00:00+00:00,1968.5775,17.59373136,0.93615347,0.93519215,0.00071315,0.0,0.00026729
2025-05-07 04:00:00+00:00,2258.69,18.65868833,0.93149479,0.93009961,0.00115935,0.0,0.00020831
2025-05-07 05:00:00+00:00,2501.57,20.24248674,0.92126829,0.91958804,0.00094678,0.0002507,0.00014732
2025-05-07 06:00:00+00:00,2465.8475,22.56735798,0.91202951,0.90885233,0.00016909,0.00248663,0.00018916
2025-05-07 07:00:00+00:00,2346.68,31.51399299,0.91180387,0.89201776,0.00399125,0.00288116,0.00016587
2025-05-07 08:00:00+00:00,2304.6775,43.57514217,0.91362521,0.8705316,0.00995592,0.00324757,0.00020811
2025-05-07 09:00:00+00:00,2254.0625,71.8085814,0.90429268,0.83248865,0.00651586,0.0044358,0.00044702
2025-05-07 10:00:00+00:00,2245.365,53.39007778,0.90840898,0.86538784,0.00276725,0.00368491,0.00032179
2025-05-07 11:00:00+00:00,2257.3025,24.04224875,0.9185357,0.91675053,0.0,0.00135941,9.399e-05
2025-05-07 12:00:00+00:00,2188.225,23.38435527,0.92136403,0.91948917,0.0,0.0014541,8.941e-05
2025-05-07 13:00:00+00:00,2185.6725,22.60871974,0.92516316,0.92364759,0.0,0.00109322,0.00010946
2025-05-07 14:00:00+00:00,2149.06,22.08224913,0.92634254,0.92376925,5.025e-05,0.00208208,0.00017171
2025-05-07 15:00:00+00:00,2157.8375,21.26114965,0.93080898,0.9268082,0.00085329,0.00260347,0.00024792
2025-05-07 16:00:00+00:00,2174.1125,20.38658198,0.93217763,0.92800461,0.00109544,0.00258695,0.00027111
2025-05-07 17:00:00+00:00,2266.4925,19.83264899,0.93224356,0.92803007,0.00109963,0.00259526,0.00028668
2025-05-07 18:00:00+00:00,2327.6075,20.05147161,0.93380193,0.9281192,0.00116731,0.00338574,0.00032905
2025-05-07 19:00:00+00:00,2350.38,19.81008562,0.93441877,0.92943987,0.00069795,0.00360197,0.00031906
2025-05-07 20:00:00+00:00,2255.9775,19.94677306,0.93969608,0.93446486,0.00080493,0.00374926,0.00033924
2025-05-07 21:00:00+00:00,2097.835,19.56742135,0.94139986,0.93734293,0.00083438,0.0027015,0.00026252
2025-05-07 22:00:00+00:00,1979.29,19.27129572,0.9350921,0.93071432,0.00090522,0.00289494,0.00024238
2025-05-07 23:00:00+00:00,1986.77,19.20775164,0.93025673,0.92612512,0.00104584,0.002439,0.00023485
2025-05-08 00:00:00+00:00,1979.7825,18.80589803,0.92815092,0.9255547,0.00095302,0.00119461,0.00020781
2025-05-08 01:00:00+00:00,1976.7425,18.40755352,0.92915231,0.92777633,0.00109087,0.0,0.00015415
2025-05-08 02:00:00+00:00,1996.1925,18.4603858,0.92882282,0.92771884,0.00081332,0.0,0.0001803
2025-05-08 03:00:00+00:00,2034.57,18.6915746,0.92557039,0.92366616,0.00162475,0.0,0.00018567
2025-05-08 04:00:00+00:00,2246.7025,37.49364367,0.89859124,0.87218817,0.00135925,0.00141684,0.00030928
2025-05-08 05:00:00+00:00,2439.3575,87.97594361,0.85691419,0.74674095,0.01198781,0.01381912,0.0007765
2025-05-08 06:00:00+00:00,2498.9775,77.63991444,0.87082858,0.79710231,0.0015108,0.00497421,0.00059645
2025-05-08 07:00:00+00:00,2319.825,63.71753794,0.8815692,0.83047865,0.00024683,0.00440707,0.00048132
2025-05-08 08:00:00+00:00,2320.935,27.30370058,0.89266411,0.88699792,0.00039424,0.00103622,0.00018074
2025-05-08 09:00:00+00:00,2344.895,41.46421454,0.88675798,0.86050343,0.00041075,0.0086632,0.00033678
2025-05-08 10:00:00+00:00,2314.88,78.83996879,0.87077344,0.79784994,0.00047635,0.01416431,0.00071067
2025-05-08 11:00:00+00:00,2182.98,67.12688458,0.87630751,0.81448235,0.00109387,0.01503171,0.00060924
2025-05-08 12:00:00+00:00,2190.07,40.59615539,0.88417889,0.85333007,0.00080637,0.0130277,0.00041061
2025-05-08 13:00:00+00:00,2164.86,39.03683711,0.89141617,0.86011792,0.00109629,0.01333357,0.000381
2025-05-08 14:00:00+00:00,2106.31,37.81972347,0.89724878,0.86495929,0.00143968,0.01301114,0.0003667
2025-05-08 15:00:00+00:00,2231.2925,29.95090651,0.90543736,0.88531883,0.00179551,0.00681717,0.00025794
2025-05-08 16:00:00+00:00,2257.2875,20.84313115,0.91926115,0.91583512,0.00107763,0.00097084,0.00018195
2025-05-08 17:00:00+00:00,2316.0975,20.15147663,0.92050449,0.91667208,0.00132679,0.00100883,0.00016345
2025-05-08 18:00:00+00:00,2293.8125,22.36446073,0.9230663,0.91120107,0.00241521,0.00459604,0.00022137
2025-05-08 19:00:00+00:00,2361.15,20.11229124,0.92650134,0.92016612,0.00205584,0.00196652,0.00020626
2025-05-08 20:00:00+00:00,2252.535,18.24410599,0.92848629,0.92674068,0.00127831,2.394e-05,0.00021901
2025-05-08 21:00:00+00:00,2054.2275,18.03180598,0.92958508,0.92770937,0.00140572,3.78e-05,0.00022127
2025-05-08 22:00:00+00:00,2041.1475,17.71862711,0.94177619,0.93971074,0.0016842,2.412e-05,0.00025374
2025-05-08 23:00:00+00:00,1893.6625,17.27461764,0.9390054,0.93797184,0.00069399,2.321e-05,0.00025719
2025-05-09 00:00:00+00:00,1883.9025,17.29242415,0.93831935,0.93788333,0.00014222,2.34e-05,0.0003153
2025-05-09 01:00:00+00:00,1847.4625,17.54231227,0.94019508,0.93944271,0.00041923,2.314e-05,0.00034627
2025-05-09 02:00:00+00:00,1891.955,17.62984183,0.94034332,0.93963685,0.00038226,2.285e-05,0.00033679
2025-05-09 03:00:00+00:00,2009.1325,17.81359628,0.93580385,0.93521109,0.00026686,2.357e-05,0.00033248
2025-05-09 04:00:00+00:00,2175.13,32.10460093,0.91941235,0.89855937,0.00160502,0.00078412,0.00039654
2025-05-09 05:00:00+00:00,2319.67,76.45894778,0.88514689,0.78842722,0.00960858,0.01242715,0.00080179
2025-05-09 06:00:00+00:00,2324.025,79.07805745,0.88448832,0.80511254,0.00098863,0.004844,0.00077914
2025-05-09 07:00:00+00:00,2228.325,65.88885793,0.90097048,0.84349345,0.0001561,0.00266952,0.00067077
2025-05-09 08:00:00+00:00,2123.34,82.75509928,0.89915979,0.81662196,0.00085652,0.01259592,0.00092822
2025-05-09 09:00:00+00:00,2067.7625,93.12706968,0.89318621,0.7987174,0.00016713,0.01726984,0.00095941
2025-05-09 10:00:00+00:00,1988.93,99.63726337,0.89040344,0.78677431,0.00015153,0.02081891,0.0010026
2025-05-09 11:00:00+00:00,1956.86,98.60936124,0.89550004,0.79153021,6.14e-05,0.02188149,0.00099242
2025-05-09 12:00:00+00:00,2002.03,82.00392633,0.90261861,0.81564807,0.00022252,0.02408171,0.00079352
2025-05-09 13:00:00+00:00,2084.98,44.88281835,0.92585672,0.88224765,0.00025541,0.02306309,0.00043604
2025-05-09 14:00:00+00:00,2150.37,34.09076801,0.92577314,0.89834644,0.00025891,0.01510496,0.00035275
2025-05-09 15:00:00+00:00,2183.515,23.30286379,0.92712724,0.91949645,0.00029075,0.00361258,0.00036007
2025-05-09 16:00:00+00:00,2162.5975,34.76352589,0.91485342,0.88085735,0.00369757,0.01008572,0.00045159
2025-05-09 17:00:00+00:00,2146.2525,31.99819703,0.91887484,0.88410565,0.00860222,0.00768754,0.00039791
2025-05-09 18:00:00+00:00,2091.6325,31.66485595,0.92110178,0.88322894,0.011783,0.00729232,0.00036884
2025-05-09 19:00:00+00:00,2095.415,42.69345921,0.91033825,0.84163873,0.0197076,0.0140968,0.00048115
2025-05-09 20:00:00+00:00,2049.055,45.19908679,0.90546366,0.83316749,0.01823705,0.0155947,0.00052765
2025-05-09 21:00:00+00:00,1851.7775,57.54050414,0.89253019,0.81254036,0.01210042,0.01462041,0.0007037
2025-05-09 22:00:00+00:00,1830.0025,18.98647717,0.91743292,0.917,4.647e-05,2.186e-05,0.00037301
2025-05-09 23:00:00+00:00,1818.5775,24.02153463,0.9170735,0.90925823,6.963e-05,0.0004406,0.0004373
2025-05-10 00:00:00+00:00,1752.175,24.64489982,0.92075247,0.91208832,7.138e-05,0.00047367,0.00047033
2025-05-10 01:00:00+00:00,1743.505,19.05847022,0.92814946,0.92776409,2.822e-05,2.268e-05,0.00042656
2025-05-10 02:00:00+00:00,1722.2525,19.07367206,0.92983241,0.92946956,2.925e-05,2.106e-05,0.00037912
2025-05-10 03:00:00+00:00,1778.54,19.20956215,0.93021912,0.929849,4.352e-05,1.566e-05,0.0003509
2025-05-10 04:00:00+00:00,1808.9075,19.51682736,0.92982247,0.92939182,5.364e-05,1.645e-05,0.000403
2025-05-10 05:00:00+00:00,1956.0975,20.17623473,0.93038354,0.92968245,5.27e-05,1.593e-05,0.00043535
2025-05-10 06:00:00+00:00,2079.035,20.74729855,0.9186176,0.9182345,2.032e-05,1.172e-05,0.00031637
2025-05-10 07:00:00+00:00,2144.925,110.08944997,0.85985889,0.73570242,0.00106221,0.02002166,0.00144474
2025-05-10 08:00:00+00:00,2202.9225,104.53526111,0.86653014,0.75605778,0.00052803,0.01969446,0.00139334
2025-05-10 09:00:00+00:00,2179.3825,92.62003513,0.87964509,0.78568368,0.0001748,0.01673464,0.00120807
2025-05-10 10:00:00+00:00,2150.04,88.18736045,0.88805809,0.79928266,0.00022316,0.0159838,0.00118173
2025-05-10 11:00:00+00:00,2139.185,86.81478253,0.88715774,0.80021986,0.00028398,0.01592053,0.00121919
2025-05-10 12:00:00+00:00,2019.92,93.06610723,0.88493141,0.78911582,0.00041041,0.01721534,0.00122355
2025-05-10 13:00:00+00:00,2008.5,88.97807882,0.8841571,0.79237702,0.00043327,0.01717052,0.00120533
2025-05-10 14:00:00+00:00,1945.3275,100.3629698,0.86902527,0.76202707,0.00058102,0.01901238,0.00124061
2025-05-10 15:00:00+00:00,1912.5425,67.90548741,0.88057124,0.809058,0.00127147,0.01804466,0.00090067
2025-05-10 16:00:00+00:00,1997.4075,22.53681115,0.92324194,0.91639662,0.00122589,0.00248122,0.0003939
2025-05-10 17:00:00+00:00,2117.9775,19.69877062,0.93326914,0.93265056,0.00031198,4.72e-06,0.00027408
2025-05-10 18:00:00+00:00,2133.3775,19.54594135,0.93518859,0.93405226,0.00034641,4.64e-06,0.00034628
2025-05-10 19:00:00+00:00,2155.95,18.98782961,0.93330358,0.93289107,1.485e-05,3.91e-06,0.00034196
2025-05-10 20:00:00+00:00,2045.1725,18.59558305,0.93287962,0.93256307,3.407e-05,2.77e-06,0.00034106
2025-05-10 21:00:00+00:00,1966.195,18.45517353,0.93521752,0.9348942,2.281e-05,1.18e-06,0.00045229
2025-05-10 22:00:00+00:00,1898.8375,18.71683078,0.93842602,0.93761652,1.12e-06,0.00045759,0.00041039
2025-05-10 23:00:00+00:00,1851.9275,18.86848516,0.93886879,0.93770109,8.71e-06,0.00081212,0.00040485
2025-05-11 00:00:00+00:00,1837.2225,19.00821238,0.93915034,0.93756891,4.88e-06,0.00124032,0.00041968
2025-05-11 01:00:00+00:00,1813.945,18.95578616,0.93937521,0.93884695,2.065e-05,0.00019031,0.00045617
2025-05-11 02:00:00+00:00,1824.6325,19.1505351,0.93952851,0.93858576,4.245e-05,0.00056196,0.0004629
2025-05-11 03:00:00+00:00,1782.4475,19.35415489,0.93913723,0.93789879,4.304e-05,0.00083944,0.00044179
2025-05-11 04:00:00+00:00,1836.5175,19.48045777,0.9398305,0.93932947,4.73e-05,7.864e-05,0.0004474
2025-05-11 05:00:00+00:00,1830.3425,19.8525762,0.92817305,0.92737251,0.0,0.0,0.00035688
2025-05-11 06:00:00+00:00,1803.9575,67.02153233,0.8964085,0.82324418,0.00154005,0.0207384,0.00099112
2025-05-11 07:00:00+00:00,1903.375,74.61610424,0.90517282,0.82737604,0.00163956,0.01919772,0.00110191
2025-05-11 08:00:00+00:00,1863.7425,97.48517055,0.8983487,0.79559523,0.00055863,0.01973526,0.00130397
2025-05-11 09:00:00+00:00,1776.2275,114.56333547,0.89172209,0.7700826,0.00089302,0.02036463,0.0013116
2025-05-11 10:00:00+00:00,1698.815,106.98881052,0.89242305,0.78159247,0.00061785,0.02003818,0.00134616
2025-05-11 11:00:00+00:00,1615.2475,112.37669677,0.89032851,0.77281928,0.00065345,0.02127295,0.00137296
2025-05-11 12:00:00+00:00,1613.6975,111.03872956,0.88897485,0.77266364,6.15e-06,0.02210903,0.00142749
2025-05-11 13:00:00+00:00,1598.535,113.55032196,0.88856131,0.76534735,0.00069288,0.02494708,0.00138619
2025-05-11 14:00:00+00:00,1703.995,107.65945278,0.88291528,0.7667778,0.00024509,0.02110803,0.00143922
2025-05-11 15:00:00+00:00,1741.4375,72.03109282,0.8859213,0.81026823,0.00066042,0.01888016,0.00094936
2025-05-11 16:00:00+00:00,1864.1,20.43268813,0.92141898,0.92009664,0.00013919,0.00046594,0.00030507
2025-05-11 17:00:00+00:00,1992.865,19.6380536,0.93240234,0.93128742,0.00078358,0.0,0.00028751
2025-05-11 18:00:00+00:00,2020.8625,24.12349541,0.92773423,0.90691826,0.00810514,0.00564756,0.00038353
2025-05-11 19:00:00+00:00,2044.06,27.3700436,0.92093896,0.88813002,0.01082471,0.01006069,0.00041701
2025-05-11 20:00:00+00:00,1977.3175,27.50847443,0.92037737,0.89082112,0.00596659,0.01058757,0.00041174
2025-05-11 21:00:00+00:00,1849.47,19.65739626,0.93176542,0.92699881,0.00054327,0.00173169,0.0003085
2025-05-11 22:00:00+00:00,1822.205,18.20884925,0.92779503,0.92752273,5.68e-06,0.0,0.00025172
2025-05-11 23:00:00+00:00,1812.14,18.29679503,0.92891757,0.928638,9.57e-06,0.0,0.00026878
2025-05-12 00:00:00+00:00,1788.335,18.35189808,0.92652679,0.92630003,7.62e-06,0.0,0.00031671
2025-05-12 01:00:00+00:00,1804.395,18.46455619,0.92686303,0.92660532,1.954e-05,0.0,0.00029322
2025-05-12 02:00:00+00:00,1788.9625,18.6023778,0.92804468,0.92778504,2.067e-05,0.0,0.00030609
2025-05-12 03:00:00+00:00,1872.6725,18.98445095,0.92927396,0.92866931,0.00031424,0.0,0.00028851
2025-05-12 04:00:00+00:00,2217.4125,24.04978075,0.91986856,0.90235179,0.00649627,0.00396768,0.00026264
2025-05-12 05:00:00+00:00,2418.4075,21.08227497,0.9179199,0.91353547,0.00223725,0.00051802,0.00026688
2025-05-12 06:00:00+00:00,2561.285,21.55095945,0.92017667,0.91663426,0.00282969,0.00020601,0.00027601
2025-05-12 07:00:00+00:00,2583.0075,29.04947909,0.90482209,0.89577581,5.967e-05,0.00104618,0.00031122
2025-05-12 08:00:00+00:00,2529.8725,78.81508441,0.8953833,0.82137539,0.00027953,0.01073236,0.00064947
2025-05-12 09:00:00+00:00,2432.0975,82.73632559,0.89209627,0.81379829,0.0004542,0.01201449,0.00070056
2025-05-12 10:00:00+00:00,2301.485,86.77894792,0.89183461,0.80966612,0.00048679,0.0119058,0.00081232
2025-05-12 11:00:00+00:00,2244.68,76.48632849,0.88883458,0.82012633,0.00030826,0.01031781,0.00073201
2025-05-12 12:00:00+00:00,2090.54,46.29765443,0.89663639,0.86524041,0.00033077,0.0088464,0.00037417
2025-05-12 13:00:00+00:00,2026.895,32.92945546,0.90312098,0.88695183,0.00045299,0.00835663,0.00021411
2025-05-12 14:00:00+00:00,2048.955,30.93323147,0.90075814,0.88543334,0.0003771,0.00757189,0.00023666
2025-05-12 15:00:00+00:00,2211.675,31.43880901,0.90520429,0.8847752,0.00079292,0.00825308,0.0003663
2025-05-12 16:00:00+00:00,2217.715,22.05816508,0.9157892,0.91050589,0.00107007,0.00130908,0.00027984
2025-05-12 17:00:00+00:00,2245.5125,30.36924502,0.9150533,0.88321205,0.00895561,0.00665116,0.00032269
2025-05-12 18:00:00+00:00,2204.3475,33.46563289,0.91319111,0.86907612,0.01309382,0.00891787,0.00035853
2025-05-12 19:00:00+00:00,2172.7675,21.34416566,0.92224698,0.91235717,0.00292902,0.00201273,0.00024061
2025-05-12 20:00:00+00:00,2085.3925,17.69937714,0.92878153,0.92818747,0.00030646,2.095e-05,0.00020617
2025-05-12 21:00:00+00:00,1980.0275,17.17509663,0.93383096,0.93356144,3.627e-05,0.0,0.00020554
2025-05-12 22:00:00+00:00,1891.6375,16.81121108,0.93626911,0.93597885,1.221e-05,1.29e-06,0.00021378
2025-05-12 23:00:00+00:00,1803.53,16.64599506,0.93810039,0.93779409,8.48e-06,8.36e-06,0.00026728
2025-05-13 00:00:00+00:00,1784.6725,16.44745652,0.93817917,0.93783441,4.16e-06,0.00011172,0.00028066
2025-05-13 01:00:00+00:00,1818.57,16.82048715,0.93964847,0.93798417,3.55e-06,0.00137128,0.00027593
2025-05-13 02:00:00+00:00,1860.595,16.76196708,0.93859197,0.93712996,3.65e-06,0.0012324,0.00020927
2025-05-13 03:00:00+00:00,1883.2425,16.95076372,0.94042589,0.94014298,2.597e-05,1.236e-05,0.00023403
2025-05-13 04:00:00+00:00,2144.0125,17.81446982,0.93765595,0.93534862,0.00196012,7.49e-06,0.00011557
2025-05-13 05:00:00+00:00,2354.215,18.98630377,0.93167914,0.92909701,0.0019954,4.76e-06,6.739e-05
2025-05-13 06:00:00+00:00,2351.9875,22.23516077,0.93304921,0.92724875,0.00217768,0.00026683,0.00011482
2025-05-13 07:00:00+00:00,2165.61,29.7658515,0.92633581,0.91267779,0.0,0.00160401,9.42e-05
2025-05-13 08:00:00+00:00,2062.4175,38.77220205,0.91496249,0.88918787,0.00048254,0.0089557,0.00022279
2025-05-13 09:00:00+00:00,1999.285,61.17516338,0.90634403,0.85575447,0.0006007,0.01065614,0.00055497
2025-05-13 10:00:00+00:00,1950.2275,38.03140308,0.9180015,0.89602694,0.00038311,0.00889819,0.00030006
2025-05-13 11:00:00+00:00,1921.7425,68.01611541,0.90700713,0.8491515,0.00036004,0.01153819,0.00063727
2025-05-13 12:00:00+00:00,1910.315,35.18018641,0.91838249,0.8988135,0.00027332,0.00935381,0.00023177
2025-05-13 13:00:00+00:00,1953.845,35.80208549,0.92267654,0.89935439,0.00028276,0.01089545,0.00022952
2025-05-13 14:00:00+00:00,1975.8325,36.45561452,0.91749828,0.88935489,0.00032964,0.01335428,0.00026488
2025-05-13 15:00:00+00:00,2029.7375,19.83589413,0.92953713,0.92510886,0.00019696,0.00157348,0.00011079
2025-05-13 16:00:00+00:00,2137.11,16.44309854,0.94362596,0.94291373,0.00044718,0.0,0.00015909
2025-05-13 17:00:00+00:00,2244.515,16.09326963,0.94362898,0.94246445,0.00094853,0.0,8.672e-05
2025-05-13 18:00:00+00:00,2166.615,15.57608091,0.94120976,0.94022015,0.00022457,6.1e-07,1.727e-05
2025-05-13 19:00:00+00:00,2111.775,15.18374728,0.94095012,0.94053612,0.00029301,1.32e-06,2.154e-05
2025-05-13 20:00:00+00:00,1914.84,14.97650427,0.94208419,0.94187891,5.247e-05,4.25e-06,6.62e-05
2025-05-13 21:00:00+00:00,1784.8175,14.87895277,0.94528591,0.94501549,7.095e-05,8.72e-06,0.00014083
2025-05-13 22:00:00+00:00,1669.9625,14.72485954,0.94760741,0.94731267,0.00010178,7.76e-06,0.00010839
2025-05-13 23:00:00+00:00,1613.065,14.35429933,0.94760823,0.94687598,6.442e-05,0.00053623,4.274e-05
2025-05-14 00:00:00+00:00,1587.175,14.10208325,0.94747763,0.94671046,1.745e-05,0.00066958,8.02e-06
2025-05-14 01:00:00+00:00,1572.8925,14.22378513,0.94547347,0.94429778,0.0,0.00098548,0.00012134
2025-05-14 02:00:00+00:00,1541.75,14.18178293,0.9453028,0.94443293,0.0,0.00068746,0.00014418
2025-05-14 03:00:00+00:00,1593.8275,13.89970326,0.94442796,0.94428771,0.0,4.35e-06,0.00011109
2025-05-14 04:00:00+00:00,1893.9575,14.48786017,0.94546772,0.94513184,8.178e-05,2.37e-06,7.313e-05
2025-05-14 05:00:00+00:00,2042.665,15.49494379,0.94230192,0.94128617,0.00061926,1e-07,4.94e-06
2025-05-14 06:00:00+00:00,2172.4825,18.99329378,0.93410491,0.93033393,0.00020555,0.00019496,7.568e-05
2025-05-14 07:00:00+00:00,2170.0425,27.05331728,0.92652325,0.91471167,1.44e-06,0.00077226,0.00014055
2025-05-14 08:00:00+00:00,2349.985,26.77473691,0.92620749,0.91435827,0.00021769,0.00544511,0.00014396
2025-05-14 09:00:00+00:00,2422.7525,30.15681383,0.92145502,0.90707745,0.0002209,0.00598713,0.00021906
2025-05-14 10:00:00+00:00,2318.2775,72.07667906,0.90735166,0.84172223,0.0002672,0.00858175,0.00072968
2025-05-14 11:00:00+00:00,2225.8675,75.05421947,0.90808017,0.83863964,0.00019642,0.00895969,0.00082068
2025-05-14 12:00:00+00:00,2128.4425,73.91459047,0.91109864,0.84165498,0.00022488,0.00893756,0.00080134
2025-05-14 13:00:00+00:00,2107.1325,74.31438218,0.91222678,0.83992159,0.00020568,0.00989768,0.00078236
2025-05-14 14:00:00+00:00,2024.8775,59.60756491,0.90617561,0.84970769,0.0004416,0.01074629,0.00055574
2025-05-14 15:00:00+00:00,2091.5175,33.86962534,0.92127349,0.89820844,5.547e-05,0.00237319,0.00021868
2025-05-14 16:00:00+00:00,2001.9525,15.42798141,0.93340898,0.93328537,0.0,0.0,0.0
2025-05-14 17:00:00+00:00,2115.7875,14.72750036,0.94034757,0.94009336,0.00013187,2.5e-07,4.782e-05
2025-05-14 18:00:00+00:00,2185.7525,14.77584792,0.94402736,0.94276006,0.0007095,2.1e-07,1.419e-05
2025-05-14 19:00:00+00:00,2149.82,14.12847339,0.94084651,0.94053847,0.00014386,2.5e-07,6.83e-06
2025-05-14 20:00:00+00:00,2097.6075,13.81643504,0.94098058,0.94091626,0.0,4.3e-07,1.03e-05
2025-05-14 21:00:00+00:00,1825.9575,13.64909498,0.94602214,0.94595131,0.0,1.01e-06,3.184e-05
2025-05-14 22:00:00+00:00,1876.7175,13.64140356,0.94215355,0.94151976,0.0,0.00053268,3.757e-05
2025-05-14 23:00:00+00:00,1791.435,13.56207501,0.94246296,0.94109878,0.0,0.00126415,3.027e-05
2025-05-15 00:00:00+00:00,1768.84,13.29951757,0.94521549,0.94462208,0.0,0.00051816,5.784e-05
2025-05-15 01:00:00+00:00,1792.9475,13.0651462,0.94455998,0.94415414,0.0,0.00032313,2.786e-05
2025-05-15 02:00:00+00:00,1890.1425,13.01897729,0.94632683,0.94626785,0.0,7.8e-07,1.438e-05
2025-05-15 03:00:00+00:00,1967.0725,13.23810294,0.94819501,0.94813389,0.0,9.2e-07,1.844e-05
2025-05-15 04:00:00+00:00,2200.6625,13.74711299,0.94779909,0.94760846,0.0,1e-07,1.72e-06
2025-05-15 05:00:00+00:00,2345.5225,14.60686821,0.94746466,0.94706174,0.0,3.2e-07,5.21e-06
2025-05-15 06:00:00+00:00,2251.19,15.53337476,0.94567027,0.94553855,0.0,3.8e-07,4.69e-06
2025-05-15 07:00:00+00:00,2177.795,16.84247533,0.94423779,0.94404996,0.0,2e-08,1.4e-07
2025-05-15 08:00:00+00:00,2214.09,18.0474567,0.94669992,0.94645227,0.0,8.2e-07,3.91e-06
2025-05-15 09:00:00+00:00,2336.695,21.68051834,0.942863,0.93788446,0.00020264,0.00216986,6.51e-05
2025-05-15 10:00:00+00:00,2362.1925,23.99507426,0.9337547,0.92557712,0.00017573,0.0039921,0.00011926
2025-05-15 11:00:00+00:00,2452.645,23.36830644,0.929853,0.92248306,0.00013421,0.00343119,0.00013655
2025-05-15 12:00:00+00:00,2388.355,23.07250096,0.92921469,0.92175382,6.508e-05,0.00382686,0.00019348
2025-05-15 13:00:00+00:00,2328.395,23.15356538,0.92862972,0.92037683,9.26e-05,0.00422852,0.00022534
2025-05-15 14:00:00+00:00,2390.4,22.67780787,0.93319604,0.92374169,4.602e-05,0.0050273,0.00019621
2025-05-15 15:00:00+00:00,2428.3125,18.13966501,0.93714819,0.93347324,1.477e-05,0.00251305,7.014e-05
2025-05-15 16:00:00+00:00,2346.095,15.90995291,0.9334989,0.93336041,0.0,1.58e-06,3.946e-05
2025-05-15 17:00:00+00:00,2214.06,15.61995843,0.94016861,0.9395805,0.0004185,2.502e-05,5.483e-05
2025-05-15 18:00:00+00:00,2206.9975,15.72933812,0.94411112,0.9428011,0.00067771,6.2e-07,6.751e-05
2025-05-15 19:00:00+00:00,2263.88,15.25485879,0.93933606,0.93913182,0.0,3.09e-06,9.006e-05
2025-05-15 20:00:00+00:00,2089.0575,14.78154239,0.94628624,0.94616565,0.0,4.7e-06,9.725e-05
2025-05-15 21:00:00+00:00,1876.495,14.33616727,0.9450215,0.94488907,0.0,2.75e-06,6.12e-05
2025-05-15 22:00:00+00:00,1762.7925,13.69478506,0.94689416,0.94680127,0.0,1.62e-06,4.647e-05
2025-05-15 23:00:00+00:00,1763.34,13.47901606,0.95056518,0.95045908,0.0,3.29e-06,4.773e-05
2025-05-16 00:00:00+00:00,1759.505,13.39741573,0.95079963,0.95071694,0.0,3.74e-06,2.774e-05
2025-05-16 01:00:00+00:00,1787.625,13.31593902,0.9512538,0.95114738,0.0,3.49e-06,2.596e-05
2025-05-16 02:00:00+00:00,1802.2925,13.4185519,0.95110447,0.95098543,0.0,4.81e-06,2.533e-05
2025-05-16 03:00:00+00:00,1831.6475,13.94895709,0.95183039,0.95165768,0.0,7.08e-06,8.374e-05
2025-05-16 04:00:00+00:00,2099.4175,15.17475402,0.95207894,0.95179102,0.0,9.01e-06,0.00013571
2025-05-16 05:00:00+00:00,2277.15,16.42702505,0.94332548,0.94280546,0.0,7.57e-06,0.00011241
2025-05-16 06:00:00+00:00,2069.8975,17.55957619,0.9428287,0.94265025,0.0,5.21e-06,6.009e-05
2025-05-16 07:00:00+00:00,2055.775,18.79811131,0.94410485,0.9439222,0.0,3.01e-06,3.4e-05
2025-05-16 08:00:00+00:00,2060.7675,19.37344499,0.94175376,0.94148016,0.0,2.98e-06,3.482e-05
2025-05-16 09:00:00+00:00,2157.8175,25.2291926,0.93398596,0.92377602,0.00024243,0.00494511,0.00014833
2025-05-16 10:00:00+00:00,2340.04,26.46257499,0.93015929,0.91815681,0.00021878,0.00572004,0.00017194
2025-05-16 11:00:00+00:00,2315.07,27.42344284,0.93003508,0.91609265,8.177e-05,0.00665235,0.00021564
2025-05-16 12:00:00+00:00,2177.595,27.99411889,0.93007099,0.91487013,0.00014607,0.00732457,0.0002233
2025-05-16 13:00:00+00:00,2155.18,27.14055415,0.93180232,0.91673798,0.00011439,0.00738246,0.00020483
2025-05-16 14:00:00+00:00,2079.9075,19.05100107,0.94112857,0.93860265,3.27e-05,0.0011137,7.881e-05
2025-05-16 15:00:00+00:00,2176.225,16.87467529,0.94534037,0.94515881,0.0,4.21e-06,6.931e-05
2025-05-16 16:00:00+00:00,2155.7,16.13918536,0.9459271,0.94578438,0.0,4.3e-06,6.367e-05
2025-05-16 17:00:00+00:00,1943.7925,15.33803772,0.94712226,0.94699404,0.0,6.75e-06,0.00010753
2025-05-16 18:00:00+00:00,2003.6925,15.0740833,0.94812328,0.94739352,0.0,8.29e-06,0.00013418
2025-05-16 19:00:00+00:00,2045.3575,14.55434705,0.94802205,0.94776062,0.0,9.88e-06,0.0001596
2025-05-16 20:00:00+00:00,1924.61,13.99675223,0.94628038,0.94611969,0.0,8.64e-06,0.00014224
2025-05-16 21:00:00+00:00,1739.9475,14.09482392,0.94322992,0.94138046,0.0,0.00168604,8.03e-05
2025-05-16 22:00:00+00:00,1575.335,14.20378525,0.95221799,0.94831028,0.0,0.00363343,0.00017332
2025-05-16 23:00:00+00:00,1620.215,14.68789043,0.95212047,0.94592295,0.0,0.00589767,0.00017998
2025-05-17 00:00:00+00:00,1638.5075,14.80878977,0.95159449,0.9446116,0.0,0.0067066,0.00016337
2025-05-17 01:00:00+00:00,1783.85,14.76110476,0.95249248,0.94646472,0.0,0.00572372,0.00019916
2025-05-17 02:00:00+00:00,1843.29,14.91054521,0.9521911,0.94570957,0.0,0.0061566,0.00021515
2025-05-17 03:00:00+00:00,1824.89,14.87582454,0.95213786,0.94697257,0.0,0.00484184,0.00019911
2025-05-17 04:00:00+00:00,1905.4775,15.14972127,0.95056749,0.94828661,0.0,0.00188033,0.0002455
2025-05-17 05:00:00+00:00,1921.01,15.85640543,0.94905766,0.94849424,0.0,8.01e-06,0.00019576
2025-05-17 06:00:00+00:00,1970.335,17.56462267,0.94570564,0.94396306,0.00030763,9.716e-05,0.00011212
2025-05-17 07:00:00+00:00,1977.4775,18.24418869,0.93953269,0.93922593,0.0,7.84e-06,0.00012777
2025-05-17 08:00:00+00:00,1932.86,45.24204796,0.92743035,0.88825855,0.00021485,0.0106329,0.00055886
2025-05-17 09:00:00+00:00,1973.5575,58.23236378,0.91661216,0.86145501,0.00026401,0.01314901,0.00075686
2025-05-17 10:00:00+00:00,1999.53,67.52310751,0.91297259,0.84597011,0.00051038,0.01400903,0.00087322
2025-05-17 11:00:00+00:00,1950.6375,66.20791581,0.91152629,0.84518447,0.00079369,0.01361272,0.00087025
2025-05-17 12:00:00+00:00,1783.0075,62.68921553,0.91025457,0.84779399,0.0008151,0.01354612,0.00083154
2025-05-17 13:00:00+00:00,1685.245,61.85544508,0.91092331,0.84769968,0.00068434,0.01473694,0.00079066
2025-05-17 14:00:00+00:00,1647.33,29.0546769,0.92363807,0.90033471,0.00056813,0.01249748,0.00037744
2025-05-17 15:00:00+00:00,1767.23,18.43289059,0.94513882,0.94196226,9.08e-05,0.00159772,0.00015153
2025-05-17 16:00:00+00:00,1837.6025,17.13962714,0.95130837,0.95016529,9.43e-06,0.00087787,0.0002031
2025-05-17 17:00:00+00:00,1823.83,16.95997513,0.9486127,0.94838167,0.0,2.65e-06,0.0002172
2025-05-17 18:00:00+00:00,1856.2925,16.85662544,0.94835702,0.94776645,0.0,5.77e-06,0.00021209
2025-05-17 19:00:00+00:00,1881.5525,16.46851233,0.94717224,0.94612781,0.0,0.00067047,0.00018925
2025-05-17 20:00:00+00:00,1934.11,16.18668517,0.94752176,0.94569112,0.0,0.00165108,0.00013986
2025-05-17 21:00:00+00:00,1877.23,16.13087994,0.94810599,0.94466727,0.0,0.00317631,0.00017696
2025-05-17 22:00:00+00:00,1857.105,15.87091859,0.94799754,0.94447242,0.0,0.00331122,4.484e-05
2025-05-17 23:00:00+00:00,1850.6475,15.66072432,0.95054509,0.94690697,0.0,0.00343582,9.018e-05
2025-05-18 00:00:00+00:00,1796.635,15.60767213,0.95353578,0.94979972,0.0,0.00357147,6.823e-05
2025-05-18 01:00:00+00:00,1753.71,15.4610463,0.95757259,0.95410897,0.0,0.00325134,9.51e-05
2025-05-18 02:00:00+00:00,1762.0575,15.32240165,0.95853578,0.95533487,0.0,0.00298963,0.00012342
2025-05-18 03:00:00+00:00,1630.3425,14.55466618,0.95717879,0.95695869,0.0,1.98e-06,0.00020742
2025-05-18 04:00:00+00:00,1597.8725,14.75405645,0.95489856,0.95422896,0.0,0.00046612,0.00012191
2025-05-18 05:00:00+00:00,1645.605,15.67614545,0.95297633,0.95209706,0.0,0.0003508,0.00011627
2025-05-18 06:00:00+00:00,1673.0525,16.74391296,0.9498342,0.94823451,0.0,0.00132894,8.071e-05
2025-05-18 07:00:00+00:00,1795.6275,17.31360168,0.94794314,0.94762806,0.0,2.08e-06,0.00011139
2025-05-18 08:00:00+00:00,1826.695,18.00438282,0.94334802,0.94290866,0.0,3.46e-06,0.00010784
2025-05-18 09:00:00+00:00,1940.1325,18.28267803,0.94773616,0.94666866,0.0,0.00059043,0.00019178
2025-05-18 10:00:00+00:00,1999.24,18.98305037,0.9426937,0.94140032,1.256e-05,0.00076383,0.00024029
2025-05-18 11:00:00+00:00,2069.83,37.60099359,0.93411992,0.90458874,0.00026002,0.00978367,0.0004379
2025-05-18 12:00:00+00:00,2029.825,46.4451415,0.9300273,0.88810502,0.00022196,0.0115246,0.00057131
2025-05-18 13:00:00+00:00,1840.0625,41.30427059,0.93353946,0.89615688,0.00014499,0.01181015,0.00051987
2025-05-18 14:00:00+00:00,2003.1275,24.53905415,0.94740897,0.93067669,0.00017144,0.00861932,0.00031622
2025-05-18 15:00:00+00:00,2083.3325,15.72354729,0.95994644,0.9597073,0.0,3.66e-06,9.414e-05
2025-05-18 16:00:00+00:00,2092.3475,15.83125821,0.95889662,0.958709,0.0,3.77e-06,0.00010999
2025-05-18 17:00:00+00:00,2202.745,15.83839425,0.96162649,0.96144083,0.0,6.21e-06,0.0001689
2025-05-18 18:00:00+00:00,2274.01,15.87432081,0.9606969,0.96017243,0.0,4.44e-06,0.0001726
2025-05-18 19:00:00+00:00,2156.9575,15.58802836,0.9612446,0.96094398,0.0,3.24e-06,0.0001408
2025-05-18 20:00:00+00:00,2142.6875,15.27930083,0.96142574,0.96129751,0.0,1.97e-06,0.00012539
2025-05-18 21:00:00+00:00,1891.6825,14.9324788,0.96000259,0.95985705,0.0,0.0,0.00012083
2025-05-18 22:00:00+00:00,1867.4825,14.58913429,0.96323749,0.96312317,0.0,0.0,9.992e-05
2025-05-18 23:00:00+00:00,1788.7075,14.33593622,0.96199411,0.96181075,0.0,7.919e-05,7.702e-05
2025-05-19 00:00:00+00:00,1774.7,14.1506443,0.96353091,0.96345849,0.0,0.0,7.515e-05
2025-05-19 01:00:00+00:00,1795.2325,14.08141285,0.964474,0.96437122,0.0,0.0,8.349e-05
2025-05-19 02:00:00+00:00,1801.135,14.11679209,0.96374349,0.96364298,0.0,0.0,7.224e-05
2025-05-19 03:00:00+00:00,1883.96,14.47583452,0.96120129,0.96104042,0.0,0.0,0.00011912
2025-05-19 04:00:00+00:00,2240.1725,15.39977314,0.95849463,0.95827501,0.0,0.0,0.0001871
2025-05-19 05:00:00+00:00,2499.95,17.17443772,0.95338804,0.95287641,0.0,0.0,0.00017311
2025-05-19 06:00:00+00:00,2534.3775,18.74674009,0.9468103,0.94644674,0.0,0.0,0.00014369
2025-05-19 07:00:00+00:00,2513.215,20.32354112,0.94001493,0.9396919,0.0,0.0,7.644e-05
2025-05-19 08:00:00+00:00,2433.0925,21.68601744,0.93771631,0.93725846,0.0,0.0,0.00011014
2025-05-19 09:00:00+00:00,2279.28,23.20561656,0.93248766,0.93200536,0.0,0.0,0.00011316
2025-05-19 10:00:00+00:00,2184.7525,23.81510979,0.93495572,0.93264084,5.524e-05,0.0,0.00015935
2025-05-19 11:00:00+00:00,2236.265,22.86252636,0.93612813,0.93566437,2.995e-05,0.0,0.00020937
2025-05-19 12:00:00+00:00,2229.3775,22.361235,0.93617641,0.93574957,1.458e-05,0.0,0.00016736
2025-05-19 13:00:00+00:00,2142.8975,22.25188062,0.93581779,0.93540043,0.0,4.5e-07,0.00011636
2025-05-19 14:00:00+00:00,2021.165,20.75193268,0.94436517,0.94396556,0.0,0.0,0.00012031
2025-05-19 15:00:00+00:00,2028.195,19.11146338,0.946357,0.94581748,0.00017033,0.0,0.00017855
2025-05-19 16:00:00+00:00,2088.5025,17.28290346,0.95078773,0.95017343,0.00028097,9.8e-07,0.00021172
2025-05-19 17:00:00+00:00,2215.2025,15.94443662,0.95348072,0.95290911,0.00028419,0.0,0.0002574
2025-05-19 18:00:00+00:00,2235.1825,15.3150352,0.95600633,0.95516908,0.00028049,0.0,0.00026332
2025-05-19 19:00:00+00:00,2121.43,14.94420945,0.95947087,0.95872045,0.00025803,0.0,0.00025928
2025-05-19 20:00:00+00:00,2019.1,14.64392522,0.95803667,0.95756906,0.00022756,0.0,0.00026702
2025-05-19 21:00:00+00:00,1844.1975,14.03812477,0.95784492,0.95768169,1.86e-06,0.0,0.00010955
2025-05-19 22:00:00+00:00,1669.715,14.03679142,0.96522856,0.96307325,0.0,0.00194775,0.00012368
2025-05-19 23:00:00+00:00,1711.1425,14.9770474,0.96479749,0.95833546,0.0,0.00613715,0.00014265
2025-05-20 00:00:00+00:00,1643.56,15.1158407,0.96573673,0.95841594,0.0,0.0070074,0.00012962
2025-05-20 01:00:00+00:00,1641.64,15.13311347,0.96641935,0.95898989,0.0,0.00708584,0.00011767
2025-05-20 02:00:00+00:00,1615.5725,15.29810851,0.96414856,0.95665998,3.5e-07,0.00713094,0.00016509
2025-05-20 03:00:00+00:00,1650.065,15.49850805,0.95610457,0.94988097,3.041e-05,0.00577339,0.00028778
2025-05-20 04:00:00+00:00,1912.845,15.72266206,0.94459785,0.94144357,3.985e-05,0.00272609,0.00030144
2025-05-20 05:00:00+00:00,2267.33,16.90340404,0.94014538,0.93917096,3.409e-05,0.00025009,0.00031317
2025-05-20 06:00:00+00:00,2297.4725,24.21817135,0.93087336,0.91396372,0.00619427,0.00276062,0.0001371
2025-05-20 07:00:00+00:00,2226.635,33.17514926,0.92178782,0.90111397,7.61e-06,0.00486723,4.456e-05
2025-05-20 08:00:00+00:00,2230.43,39.77883754,0.93199492,0.9026273,0.0,0.00583757,5.383e-05
2025-05-20 09:00:00+00:00,2096.1575,37.87202757,0.93556917,0.91201585,1.8e-07,0.00429662,6.074e-05
2025-05-20 10:00:00+00:00,1924.2325,28.07683685,0.93055608,0.92451737,3.43e-06,0.00212073,0.00014544
2025-05-20 11:00:00+00:00,1865.465,25.31969984,0.93112897,0.92889299,2.266e-05,0.00171664,0.00015615
2025-05-20 12:00:00+00:00,1837.4925,28.0778772,0.93137448,0.92467806,0.0,0.00182754,9.529e-05
2025-05-20 13:00:00+00:00,1783.2475,32.13852509,0.9334621,0.91932461,0.0,0.00205366,5.464e-05
2025-05-20 14:00:00+00:00,1751.6075,30.95444892,0.93616848,0.9192946,0.0,0.00231865,1.22e-06
2025-05-20 15:00:00+00:00,1826.4125,20.07834913,0.94099119,0.93803083,6.18e-06,0.00250566,0.00014802
2025-05-20 16:00:00+00:00,1948.4825,17.28229412,0.94718683,0.94681272,5.14e-06,9.018e-05,0.00016364
2025-05-20 17:00:00+00:00,1965.9775,16.4369723,0.95427928,0.95379106,0.00012879,0.0,0.00032724
2025-05-20 18:00:00+00:00,2028.7275,16.38171047,0.95525253,0.95247089,0.0003053,0.00177341,0.00030844
2025-05-20 19:00:00+00:00,2027.125,15.87600339,0.95725968,0.9556924,0.00032315,0.00070088,0.00036672
2025-05-20 20:00:00+00:00,1958.645,15.57518943,0.955439,0.95475404,0.00021258,0.0,0.0004396
2025-05-20 21:00:00+00:00,1922.045,15.83004742,0.95511203,0.95153142,2.473e-05,0.00314,0.00037262
2025-05-20 22:00:00+00:00,1803.275,14.94823074,0.95123203,0.95047078,0.0,0.00050081,0.00021458
2025-05-20 23:00:00+00:00,1723.415,14.92135242,0.95354213,0.95247327,0.0,0.00083564,0.00022577
2025-05-21 00:00:00+00:00,1729.3625,15.77619971,0.9562799,0.95185139,0.0,0.00413847,0.0002256
2025-05-21 01:00:00+00:00,1739.96,15.92598007,0.95539757,0.95142539,0.0,0.00365231,0.0002451
2025-05-21 02:00:00+00:00,1753.7,15.20310459,0.95578738,0.95500714,0.0,0.00056622,0.00019494
2025-05-21 03:00:00+00:00,1811.3025,15.68305063,0.95547859,0.955255,0.0,5.3e-07,0.00016274
2025-05-21 04:00:00+00:00,2054.6725,16.77812145,0.95669189,0.95635354,3.56e-06,4.24e-05,0.00026179
2025-05-21 05:00:00+00:00,2346.9025,17.95279036,0.95239777,0.9518758,0.0,0.0,0.00016704
2025-05-21 06:00:00+00:00,2528.075,19.11724357,0.94751798,0.94704239,0.0,0.0,0.000123
2025-05-21 07:00:00+00:00,2609.9425,62.52812017,0.92209092,0.85825781,0.00691927,0.00439399,0.00043929
2025-05-21 08:00:00+00:00,2653.0575,92.47895659,0.9063584,0.81489262,2.282e-05,0.00715371,0.00071153
2025-05-21 09:00:00+00:00,2681.2275,89.81718318,0.90463363,0.8174532,3.279e-05,0.00590882,0.00069702
2025-05-21 10:00:00+00:00,2559.32,85.07318182,0.90313781,0.82199279,8.463e-05,0.01172888,0.00071609
2025-05-21 11:00:00+00:00,2489.75,89.22939942,0.90644363,0.82198307,4.422e-05,0.00860028,0.00072909
2025-05-21 12:00:00+00:00,2337.355,87.0382001,0.91251248,0.82963889,2.944e-05,0.01011778,0.0007202
2025-05-21 13:00:00+00:00,2288.28,74.10224745,0.92165207,0.85072307,2.546e-05,0.01204714,0.00055894
2025-05-21 14:00:00+00:00,2342.41,30.71443139,0.94110489,0.92388516,6.299e-05,0.00453508,0.00012571
2025-05-21 15:00:00+00:00,2319.905,18.19899947,0.95153166,0.95126483,0.0,0.0,1.143e-05
2025-05-21 16:00:00+00:00,2386.4125,17.03342764,0.95650194,0.95628796,0.0,0.0,5.679e-05
2025-05-21 17:00:00+00:00,2386.55,16.39770129,0.9534401,0.95324982,0.0,0.0,0.00012086
2025-05-21 18:00:00+00:00,2323.6825,16.32732376,0.95358406,0.95311536,0.0,0.0,0.00011417
2025-05-21 19:00:00+00:00,2301.31,16.13216138,0.95136614,0.95096261,9.56e-06,2.71e-06,0.00017656
2025-05-21 20:00:00+00:00,2278.91,15.8935015,0.95275601,0.95249828,0.0,0.0,0.00016502
2025-05-21 21:00:00+00:00,2126.675,16.12692316,0.9510181,0.9467065,0.0,0.00404497,7.755e-05
2025-05-21 22:00:00+00:00,1931.31,16.24740296,0.94931612,0.94222904,0.0,0.00668932,0.00015396
2025-05-21 23:00:00+00:00,1858.66,15.92589817,0.9527112,0.94550606,0.0,0.00684819,0.00017719
2025-05-22 00:00:00+00:00,1836.59,15.80358775,0.9528101,0.94554882,0.0,0.00692741,0.00015657
2025-05-22 01:00:00+00:00,1895.155,15.72682369,0.95000364,0.94268372,0.0,0.00696966,0.00013351
2025-05-22 02:00:00+00:00,1935.71,15.68655299,0.94767164,0.94031923,0.0,0.00700759,0.00012934
2025-05-22 03:00:00+00:00,2010.02,15.63085285,0.94905095,0.94212964,0.0,0.00652999,0.0001553
2025-05-22 04:00:00+00:00,2243.3075,15.61684967,0.94951699,0.94415979,0.0,0.00501132,0.00012044
2025-05-22 05:00:00+00:00,2410.4775,16.26438879,0.9469585,0.94176591,0.0,0.00467707,6.882e-05
2025-05-22 06:00:00+00:00,2454.4125,20.8390322,0.94398812,0.93291264,1.99e-06,0.00481485,4.14e-05
2025-05-22 07:00:00+00:00,2423.5675,29.77864038,0.93747267,0.91457626,2.51e-06,0.00605551,6.066e-05
2025-05-22 08:00:00+00:00,2398.34,20.70384984,0.94046074,0.93410009,9.69e-06,0.00303703,4.121e-05
2025-05-22 09:00:00+00:00,2400.685,19.31523046,0.93667483,0.93487386,6e-06,0.00072061,7.871e-05
2025-05-22 10:00:00+00:00,2311.4175,19.65842467,0.94215045,0.93992586,2.88e-06,0.00106834,9.953e-05
2025-05-22 11:00:00+00:00,2342.0075,19.9291855,0.94676709,0.94335125,2.44e-06,0.00198273,6.62e-05
2025-05-22 12:00:00+00:00,2301.955,19.26188243,0.94876785,0.94620246,5.9e-07,0.00129404,5.946e-05
2025-05-22 13:00:00+00:00,2409.8275,19.61828525,0.9477271,0.94351547,8.3e-07,0.00247239,7.178e-05
2025-05-22 14:00:00+00:00,2395.04,18.49425932,0.94729492,0.9434021,5.28e-06,0.00275657,0.00012366
2025-05-22 15:00:00+00:00,2425.425,21.18190196,0.94278955,0.92845409,8.783e-05,0.01048346,0.00010944
2025-05-22 16:00:00+00:00,2352.5475,15.95509133,0.95015265,0.94523172,0.0,0.0045325,0.00010452
2025-05-22 17:00:00+00:00,2397.8925,15.19503035,0.95053071,0.94744256,0.0,0.00281647,0.00011156
2025-05-22 18:00:00+00:00,2427.26,14.72185688,0.95109732,0.95049688,6.319e-05,0.00011808,7.967e-05
2025-05-22 19:00:00+00:00,2427.5,14.82577267,0.95081332,0.94983487,0.00028649,0.00035323,9.435e-05
2025-05-22 20:00:00+00:00,2357.615,14.81556908,0.94900732,0.94808117,0.0001961,0.00048386,7.84e-05
2025-05-22 21:00:00+00:00,2205.43,14.57288908,0.94785678,0.94712021,4.353e-05,0.00045721,0.00019371
2025-05-22 22:00:00+00:00,2054.9675,14.85430746,0.9485485,0.94577152,0.0,0.0025018,0.00019958
2025-05-22 23:00:00+00:00,2013.5325,15.20186563,0.94819896,0.94472903,0.0,0.00318013,0.00025205
2025-05-23 00:00:00+00:00,2015.08,15.39972111,0.94801835,0.94444868,0.0,0.00329744,0.00024977
2025-05-23 01:00:00+00:00,2016.8625,15.46646374,0.94817393,0.94494919,0.0,0.00293251,0.0002469
2025-05-23 02:00:00+00:00,2039.0125,15.43376031,0.94860322,0.94603703,1.57e-06,0.00228888,0.00024363
2025-05-23 03:00:00+00:00,2071.6625,15.37642038,0.9511768,0.9507792,0.00011571,0.0,0.00025392
2025-05-23 04:00:00+00:00,2298.7925,16.36823692,0.95180525,0.95084023,0.0006686,0.0,0.00013267
2025-05-23 05:00:00+00:00,2517.1225,17.3866861,0.94768405,0.94627266,0.00099588,0.0,0.00010329
2025-05-23 06:00:00+00:00,2585.1125,18.01974164,0.94593042,0.94439997,0.00094811,0.0,7.818e-05
2025-05-23 07:00:00+00:00,2512.8025,18.40444318,0.94733696,0.94632698,0.000439,2.256e-05,0.00013739
2025-05-23 08:00:00+00:00,2422.4475,19.13402307,0.94740646,0.94492126,0.0,0.00181348,0.00014758
2025-05-23 09:00:00+00:00,2451.655,20.49509568,0.94488317,0.93913847,1.1e-07,0.00473217,0.00014343
2025-05-23 10:00:00+00:00,2296.235,21.90763294,0.9446087,0.93617651,1.89e-06,0.00669426,0.00012762
2025-05-23 11:00:00+00:00,2257.4275,22.29773777,0.9444006,0.93510422,1.32e-06,0.00662945,0.00012999
2025-05-23 12:00:00+00:00,2267.2125,21.43786713,0.9457807,0.9374246,1.256e-05,0.00589993,0.00013837
2025-05-23 13:00:00+00:00,2066.56,26.0971198,0.94199307,0.9250156,3.269e-05,0.010309,0.00014436
2025-05-23 14:00:00+00:00,2157.3625,42.54245705,0.94438321,0.89189684,6.78e-06,0.00572992,7.354e-05
2025-05-23 15:00:00+00:00,2161.83,17.97668777,0.94669678,0.94134179,8.16e-06,0.00453013,8.577e-05
2025-05-23 16:00:00+00:00,2161.1475,17.24273962,0.94794833,0.94304614,0.00018093,0.00430824,0.00011497
2025-05-23 17:00:00+00:00,2169.4375,17.48931113,0.95119584,0.94442609,0.00130801,0.00499483,0.00018014
2025-05-23 18:00:00+00:00,2253.8125,17.72103016,0.95414447,0.9465592,0.00180087,0.00501732,0.00028423
2025-05-23 19:00:00+00:00,2178.06,17.5897738,0.95405973,0.94722057,0.00144432,0.00486386,0.0002924
2025-05-23 20:00:00+00:00,2139.3525,17.03295372,0.95463056,0.95011679,0.00086732,0.0031747,0.00029274
2025-05-23 21:00:00+00:00,2020.105,17.14677998,0.95336308,0.94621814,0.00078539,0.00593321,0.00018418
2025-05-23 22:00:00+00:00,1946.5075,16.31621421,0.95473942,0.95060147,0.0002952,0.00344001,0.00027048
2025-05-23 23:00:00+00:00,1877.385,16.19312589,0.95554529,0.95281702,0.00032405,0.00201814,0.00039617
2025-05-24 00:00:00+00:00,1803.6975,16.1281552,0.95388966,0.95076061,1.028e-05,0.00278367,0.00029264
2025-05-24 01:00:00+00:00,1840.13,16.49342234,0.95390238,0.94990821,0.00012757,0.00342114,0.00038795
2025-05-24 02:00:00+00:00,1811.4475,16.34637318,0.95234146,0.94881934,8.458e-05,0.0029847,0.0004691
2025-05-24 03:00:00+00:00,1743.495,16.45063207,0.950576,0.94737406,6.846e-05,0.00262113,0.00053149
2025-05-24 04:00:00+00:00,1783.88,16.27563381,0.94808471,0.94712432,4.552e-05,0.00042282,0.0004833
2025-05-24 05:00:00+00:00,1893.8025,16.71447837,0.94406458,0.94338626,6.883e-05,1.515e-05,0.00046485
2025-05-24 06:00:00+00:00,1935.955,17.34635698,0.93679477,0.93608155,0.0,2.05e-06,0.00030644
2025-05-24 07:00:00+00:00,1949.015,26.36566992,0.92258312,0.90811387,0.00012469,0.00803235,0.00031315
2025-05-24 08:00:00+00:00,1969.02,29.47721096,0.92877143,0.91255954,5.572e-05,0.00671255,0.00037322
2025-05-24 09:00:00+00:00,1858.2675,51.72810418,0.92073146,0.8780789,2.143e-05,0.00710617,0.0006407
2025-05-24 10:00:00+00:00,1819.8575,21.25398484,0.93370131,0.93242429,2.167e-05,0.00055983,0.00022728
2025-05-24 11:00:00+00:00,1884.2975,21.76507208,0.93152308,0.93043373,0.0,0.0004654,0.00020403
2025-05-24 12:00:00+00:00,1989.9175,33.2502634,0.92613583,0.90550477,0.00014014,0.01013003,0.00033868
2025-05-24 13:00:00+00:00,2018.47,34.01433171,0.9311056,0.90637039,0.00020906,0.01329553,0.00044152
2025-05-24 14:00:00+00:00,1951.2,21.91859623,0.93446996,0.92981732,0.00010013,0.00234017,0.00028076
2025-05-24 15:00:00+00:00,1948.915,17.65490898,0.94711151,0.94660484,0.0,2.19e-06,0.00035705
2025-05-24 16:00:00+00:00,1999.3925,16.9045401,0.95027447,0.94973428,1.6e-07,2.739e-05,0.00048414
2025-05-24 17:00:00+00:00,1952.53,16.14260326,0.94941307,0.94893439,2.2e-07,3.28e-06,0.00050474
2025-05-24 18:00:00+00:00,2002.0125,15.73066517,0.95045724,0.9497699,9.1e-06,3.39e-06,0.00040397
2025-05-24 19:00:00+00:00,2004.4325,15.27424775,0.95369817,0.95321975,2.7e-07,3.22e-06,0.00046786
2025-05-24 20:00:00+00:00,1969.6625,15.23996422,0.95503884,0.95452698,4.11e-05,3.06e-06,0.00044158
2025-05-24 21:00:00+00:00,1885.6625,14.67093972,0.95391044,0.95353791,2e-08,3.11e-06,0.00046605
2025-05-24 22:00:00+00:00,1769.155,14.21054198,0.95025637,0.94979432,0.0,0.00012003,0.00035083
2025-05-24 23:00:00+00:00,1685.69,14.30940081,0.95256475,0.95145143,4.54e-06,0.00064201,0.00039265
2025-05-25 00:00:00+00:00,1699.535,14.66378838,0.95725516,0.95501842,5.434e-05,0.00144161,0.00040521
2025-05-25 01:00:00+00:00,1632.73,15.3834991,0.95810208,0.95445726,0.00014655,0.00223462,0.00040966
2025-05-25 02:00:00+00:00,1620.7225,15.54969146,0.9579339,0.95425288,0.00017307,0.00223078,0.00035027
2025-05-25 03:00:00+00:00,1535.66,15.55034032,0.94893779,0.94593608,0.00014053,0.00140927,0.00032388
2025-05-25 04:00:00+00:00,1573.89,25.15109913,0.9291982,0.90052039,0.00067933,0.0163452,0.00052492
2025-05-25 05:00:00+00:00,1742.63,66.51795896,0.91387296,0.83201241,0.00042836,0.02188636,0.00106435
2025-05-25 06:00:00+00:00,1852.85,86.55509743,0.90895326,0.80600831,0.00071027,0.0215985,0.00124096
2025-05-25 07:00:00+00:00,2074.1175,72.14029369,0.92046872,0.83937098,0.00061731,0.01613158,0.00109994
2025-05-25 08:00:00+00:00,2102.4725,88.07301649,0.91563482,0.81470366,0.0009902,0.01674614,0.00109978
2025-05-25 09:00:00+00:00,2011.0925,68.65408174,0.92576148,0.85172184,0.00060645,0.01332163,0.00098042
2025-05-25 10:00:00+00:00,1939.595,70.6935225,0.92328002,0.84661671,0.00081807,0.01381499,0.00098811
2025-05-25 11:00:00+00:00,1972.585,69.76661862,0.9257842,0.85040201,0.00069355,0.01317809,0.00098989
2025-05-25 12:00:00+00:00,2061.685,75.6060221,0.92348306,0.83929786,0.00045423,0.01435361,0.00100117
2025-05-25 13:00:00+00:00,2381.7525,63.61869569,0.93012446,0.86038044,0.0005657,0.0130908,0.00096241
2025-05-25 14:00:00+00:00,2070.25,42.27016489,0.93728128,0.89374478,0.00033269,0.01170787,0.00070508
2025-05-25 15:00:00+00:00,2060.585,22.16456772,0.94888087,0.9310076,0.00062343,0.0089887,0.00033803
2025-05-25 16:00:00+00:00,2109.7,15.03931046,0.9586385,0.95713117,1.26e-06,0.00048066,0.00022083
2025-05-25 17:00:00+00:00,2093.675,14.85073671,0.9609996,0.96032592,1.22e-06,0.00014971,0.00032928
2025-05-25 18:00:00+00:00,2132.27,14.85935694,0.96261524,0.96205128,0.0,2.54e-06,0.00042248
2025-05-25 19:00:00+00:00,2062.12,14.51524081,0.95959449,0.95874123,0.0,0.00053435,0.00043802
2025-05-25 20:00:00+00:00,2092.585,14.33509553,0.9584656,0.95807077,0.0,2.35e-06,0.00040699
2025-05-25 21:00:00+00:00,1940.1725,14.85008586,0.95520299,0.95202883,0.0,0.00280221,0.00038625
2025-05-25 22:00:00+00:00,1840.07,16.49697596,0.95295321,0.94405739,0.0,0.00639715,0.00035382
2025-05-25 23:00:00+00:00,1840.1725,15.69475952,0.95413374,0.94623788,0.0,0.007374,0.00037989
2025-05-26 00:00:00+00:00,1819.7675,15.76182852,0.95255107,0.94439726,0.0,0.00771152,0.00034595
2025-05-26 01:00:00+00:00,1833.8225,16.09784476,0.95268821,0.94365798,0.0,0.00856012,0.00035077
2025-05-26 02:00:00+00:00,1857.4775,16.3506442,0.95159503,0.9424127,0.0,0.00864816,0.00041435
2025-05-26 03:00:00+00:00,1823.6975,15.87834603,0.95017246,0.94347587,0.0,0.00626131,0.00036333
2025-05-26 04:00:00+00:00,2109.475,16.34686338,0.94952189,0.94441007,3.1e-07,0.00465873,0.00036443
2025-05-26 05:00:00+00:00,2331.84,17.42547548,0.9477907,0.94401626,7.6e-06,0.00298746,0.0003929
2025-05-26 06:00:00+00:00,2245.89,18.78155599,0.94442795,0.94063923,5.277e-05,0.00296411,0.00042036
2025-05-26 07:00:00+00:00,2148.6725,19.98876665,0.93787793,0.93357061,4.867e-05,0.00339024,0.0003964
2025-05-26 08:00:00+00:00,2002.2975,21.53905072,0.934066,0.92945387,2.799e-05,0.00357139,0.0003184
2025-05-26 09:00:00+00:00,1992.11,22.87219326,0.93310231,0.92871423,2.032e-05,0.00288481,0.00021567
2025-05-26 10:00:00+00:00,2080.2125,29.7296772,0.9290744,0.91359392,0.00028038,0.00831927,0.00022899
2025-05-26 11:00:00+00:00,2134.1275,30.28993248,0.9289715,0.91195343,0.00011523,0.00868978,0.00027195
2025-05-26 12:00:00+00:00,2287.0425,28.02622543,0.93142619,0.91647797,0.00011144,0.00791616,0.00027248
2025-05-26 13:00:00+00:00,2409.5025,27.47683684,0.93548515,0.91906918,7.876e-05,0.00860728,0.00032015
2025-05-26 14:00:00+00:00,2355.465,20.68325329,0.94374129,0.93904326,0.00012538,0.00223153,0.0003756
2025-05-26 15:00:00+00:00,2330.775,18.40682533,0.94236572,0.93975391,8.994e-05,0.00182176,0.00023927
2025-05-26 16:00:00+00:00,2018.9725,16.50870825,0.95000734,0.94947036,0.00014728,0.0,0.00026975
2025-05-26 17:00:00+00:00,2279.0475,15.82951924,0.95403147,0.95341607,0.00020068,0.0,0.00037734
2025-05-26 18:00:00+00:00,2284.6975,15.56915355,0.95364705,0.95271277,0.00027696,0.0,0.00037685
2025-05-26 19:00:00+00:00,2245.9825,15.14092834,0.95514759,0.95459062,0.00021482,0.0,0.00032053
2025-05-26 20:00:00+00:00,2099.475,14.94562397,0.95481173,0.95429782,0.00016485,0.0,0.00035453
2025-05-26 21:00:00+00:00,1878.0275,14.8991014,0.95263661,0.95179516,0.00016472,0.00031178,0.00037233
2025-05-26 22:00:00+00:00,1689.5,15.07567023,0.95226309,0.94997918,0.00014615,0.00177776,0.00028455
2025-05-26 23:00:00+00:00,1649.32,15.10333724,0.95548051,0.95265424,0.00016029,0.00226758,0.00038389
2025-05-27 00:00:00+00:00,1636.4825,15.0417246,0.95858894,0.95643884,0.00012664,0.00133894,0.00038744
2025-05-27 01:00:00+00:00,1759.965,15.47592581,0.95809164,0.95456627,9.452e-05,0.00201067,0.00037736
2025-05-27 02:00:00+00:00,1796.3675,15.56351733,0.95723873,0.95374741,8.993e-05,0.00244196,0.00037227
2025-05-27 03:00:00+00:00,1798.6,16.22238875,0.95647906,0.95351307,0.00011535,0.00179031,0.00047195
2025-05-27 04:00:00+00:00,2118.9125,17.26936188,0.95417616,0.95155045,0.00017755,0.00140003,0.00039833
2025-05-27 05:00:00+00:00,2382.3475,18.38543015,0.94181688,0.9394858,0.00020886,0.00106197,0.00028997
2025-05-27 06:00:00+00:00,2332.88,19.35888291,0.94817316,0.94579629,0.00021454,0.0008968,0.0002121
2025-05-27 07:00:00+00:00,2429.915,26.21386786,0.94565937,0.93218239,0.0001486,0.00338309,0.00019113
2025-05-27 08:00:00+00:00,2509.475,28.13618011,0.94551926,0.92833958,7.212e-05,0.00422816,0.00014776
2025-05-27 09:00:00+00:00,2386.6625,22.44923172,0.94967717,0.94119327,3.674e-05,0.00275819,0.00012841
2025-05-27 10:00:00+00:00,2303.36,18.79687024,0.95659627,0.95278559,6.387e-05,0.00262643,0.00011925
2025-05-27 11:00:00+00:00,2326.285,17.96178834,0.96230958,0.95850498,0.00010961,0.00281106,9.242e-05
2025-05-27 12:00:00+00:00,2351.295,17.53644491,0.96422646,0.96050512,0.00013914,0.00255859,0.00016071
2025-05-27 13:00:00+00:00,2393.0475,16.23372938,0.96258982,0.96036882,0.00010067,0.00154022,0.00013541
2025-05-27 14:00:00+00:00,2281.355,15.58695217,0.96448875,0.96159627,8.039e-05,0.00240277,0.0001124
2025-05-27 15:00:00+00:00,2289.73,15.45968692,0.96846451,0.96445107,0.00012233,0.00354148,8.097e-05
2025-05-27 16:00:00+00:00,2272.5875,14.79773318,0.96559059,0.96387347,0.00021119,0.00115633,0.00025219
2025-05-27 17:00:00+00:00,2379.7875,14.97604761,0.96426664,0.96209323,0.00029296,0.00149148,0.00039869
2025-05-27 18:00:00+00:00,2371.715,14.85994121,0.96130291,0.95967872,0.00034266,0.0007628,0.00043829
2025-05-27 19:00:00+00:00,2266.405,14.98788971,0.95852126,0.95628761,0.00037611,0.00147637,0.00044719
2025-05-27 20:00:00+00:00,2150.8275,14.92946583,0.94957021,0.94780726,0.00036822,0.00102129,0.00044565
2025-05-27 21:00:00+00:00,2035.6125,14.70043845,0.95657542,0.95580732,0.00039311,3.21e-06,0.00048477
2025-05-27 22:00:00+00:00,1926.575,14.99757908,0.95731474,0.95576854,0.00038731,0.00079142,0.00040273
2025-05-27 23:00:00+00:00,1755.1,15.63467165,0.95728636,0.95329386,0.00038123,0.00315553,0.00044122
2025-05-28 00:00:00+00:00,1772.2375,15.87534592,0.95774172,0.95354223,0.00040551,0.00334442,0.00043806
2025-05-28 01:00:00+00:00,1776.1325,15.93070156,0.95570925,0.95169243,0.00035345,0.00320714,0.00047748
2025-05-28 02:00:00+00:00,1825.11,16.06803812,0.95576528,0.95188081,0.00036862,0.00302962,0.00052948
2025-05-28 03:00:00+00:00,1877.2725,21.81609275,0.94924037,0.93786304,0.00042419,0.00340534,0.00061205
2025-05-28 04:00:00+00:00,2137.3475,43.94318419,0.93234883,0.88972467,0.00242986,0.005021,0.00070942
2025-05-28 05:00:00+00:00,2402.6025,39.90959643,0.93547459,0.87788005,0.02198969,0.00428833,0.00048993
2025-05-28 06:00:00+00:00,2473.2,32.10561396,0.94146441,0.88969884,0.02568782,0.00484386,0.00040063
2025-05-28 07:00:00+00:00,2434.7825,33.26908689,0.94249765,0.91350296,0.00329886,0.00465985,0.00032621
2025-05-28 08:00:00+00:00,2421.82,33.39234322,0.93705411,0.91272574,0.00028428,0.00543113,0.0003655
2025-05-28 09:00:00+00:00,2443.4675,34.18093715,0.93627053,0.91065407,0.00038246,0.00497985,0.00038735
2025-05-28 10:00:00+00:00,2328.1275,35.08411604,0.93258516,0.90536808,0.00026421,0.00445276,0.00039597
2025-05-28 11:00:00+00:00,2255.0775,26.95783626,0.93502706,0.9225292,0.0002799,0.00188531,0.00039944
2025-05-28 12:00:00+00:00,2231.94,21.72159709,0.93641946,0.93233735,0.00031858,0.00287452,0.00026364
2025-05-28 13:00:00+00:00,2116.4225,21.45916642,0.93663752,0.93441254,0.00020655,0.00129671,0.00026723
2025-05-28 14:00:00+00:00,2089.59,20.75971944,0.93803681,0.93738912,7.678e-05,0.0,0.00036676
2025-05-28 15:00:00+00:00,2119.3075,31.12830315,0.93300958,0.90852487,0.00105324,0.00855844,0.0004983
2025-05-28 16:00:00+00:00,2146.1225,33.29593578,0.93433429,0.90206951,0.00262073,0.01026081,0.00066616
2025-05-28 17:00:00+00:00,2139.93,32.9575551,0.93444219,0.89530922,0.00833766,0.01044939,0.00062708
2025-05-28 18:00:00+00:00,2135.42,32.71378907,0.93835678,0.89495959,0.01153276,0.01066571,0.00066877
2025-05-28 19:00:00+00:00,2116.6225,21.17600042,0.95083148,0.93486613,0.00832497,0.0009913,0.00050084
2025-05-28 20:00:00+00:00,2043.5,18.34530694,0.95439305,0.95088877,0.00152402,0.00017223,0.0005128
2025-05-28 21:00:00+00:00,1879.1525,17.0842355,0.95585896,0.95530705,0.00015957,2.33e-06,0.00054713
2025-05-28 22:00:00+00:00,1769.4975,16.77970722,0.95923559,0.95760444,0.00012979,0.00109286,0.00054161
2025-05-28 23:00:00+00:00,1594.5025,16.54567848,0.96320526,0.96204264,8.493e-05,0.00070707,0.00048999
2025-05-29 00:00:00+00:00,1635.54,16.33992306,0.96467539,0.96398819,9.993e-05,0.00026581,0.00047102
2025-05-29 01:00:00+00:00,1640.49,16.33013842,0.96486156,0.96442843,0.00010767,0.0,0.00049291
2025-05-29 02:00:00+00:00,1672.0925,16.41812432,0.9639608,0.96356978,9.394e-05,0.0,0.00042086
2025-05-29 03:00:00+00:00,1697.3225,28.22922293,0.95479456,0.9382197,0.00023267,0.00126716,0.0005436
2025-05-29 04:00:00+00:00,1831.01,35.77847521,0.9481602,0.92249281,0.0003894,0.00198051,0.00057396
2025-05-29 05:00:00+00:00,1870.85,43.98900589,0.93732446,0.90258345,0.00045318,0.00274527,0.0006111
2025-05-29 06:00:00+00:00,1822.3275,41.87065404,0.93947081,0.9108638,0.00016052,0.0020804,0.00060444
2025-05-29 07:00:00+00:00,1923.0275,32.21523349,0.9433765,0.93046139,0.00010413,0.00095046,0.00048758
2025-05-29 08:00:00+00:00,1867.745,67.52045018,0.92575352,0.87043557,6.083e-05,0.00396551,0.00066986
2025-05-29 09:00:00+00:00,1914.3575,77.96816592,0.91977757,0.84786887,0.00023394,0.01382569,0.00080482
2025-05-29 10:00:00+00:00,1813.1625,79.15141294,0.92079675,0.84765661,0.0003279,0.01717506,0.00079475
2025-05-29 11:00:00+00:00,1901.77,44.54914084,0.93161135,0.89923528,0.00051692,0.01963112,0.00039352
2025-05-29 12:00:00+00:00,1814.3,44.38774713,0.92734343,0.89376222,0.0004482,0.02020843,0.0004087
2025-05-29 13:00:00+00:00,1738.32,39.18225818,0.92980787,0.9023876,0.00028596,0.01556573,0.0003884
2025-05-29 14:00:00+00:00,1746.32,35.48125802,0.92875459,0.90168233,0.00061988,0.01509619,0.00043054
2025-05-29 15:00:00+00:00,1847.89,23.8237926,0.94667491,0.94029079,0.00020091,0.00339321,0.00021257
2025-05-29 16:00:00+00:00,1916.6725,21.18112374,0.95559934,0.95014879,0.00091834,0.00235264,0.00043335
2025-05-29 17:00:00+00:00,1870.24,25.66941387,0.95101246,0.9206368,0.01048398,0.01073949,0.00056613
2025-05-29 18:00:00+00:00,1900.1525,26.16551393,0.94554361,0.90832577,0.01439054,0.01176517,0.00058123
2025-05-29 19:00:00+00:00,1892.34,25.96041287,0.94625201,0.90858946,0.01421032,0.01170286,0.00058493
2025-05-29 20:00:00+00:00,1828.46,22.45719847,0.95472402,0.93153614,0.0085457,0.00703257,0.00050322
2025-05-29 21:00:00+00:00,1710.9775,16.9249964,0.96377843,0.96330209,0.00018425,1.6e-06,0.00036231
2025-05-29 22:00:00+00:00,1710.85,20.77735526,0.96260611,0.9529786,7.186e-05,0.00094306,0.00039064
2025-05-29 23:00:00+00:00,1642.1875,16.82060845,0.9664474,0.96505182,9.558e-05,9.416e-05,0.0004616
2025-05-30 00:00:00+00:00,1661.28,16.23095834,0.96931601,0.96891889,0.00010608,0.0,0.00051276
2025-05-30 01:00:00+00:00,1536.345,15.89991415,0.96758746,0.96719617,0.00010092,0.0,0.00045727
2025-05-30 02:00:00+00:00,1560.415,15.83870067,0.96803445,0.96767952,9.858e-05,0.0,0.00038556
2025-05-30 03:00:00+00:00,1600.075,16.01889368,0.96804648,0.9676855,0.00010537,0.0,0.00032512
2025-05-30 04:00:00+00:00,1830.8275,16.46144509,0.96806469,0.96772217,6.712e-05,0.0,0.00030763
2025-05-30 05:00:00+00:00,1978.5775,17.03046544,0.96886447,0.96818785,6.745e-05,0.0,0.00031372
2025-05-30 06:00:00+00:00,2071.2625,23.91304228,0.96458569,0.94480125,0.00862871,0.00098952,0.00026639
2025-05-30 07:00:00+00:00,2160.54,30.89467705,0.95764254,0.93665401,4.57e-06,0.00208723,9.346e-05
2025-05-30 08:00:00+00:00,2143.1725,38.32255413,0.95041378,0.92063982,5.31e-05,0.00360131,0.000119
2025-05-30 09:00:00+00:00,2079.1875,39.941611,0.94579132,0.91307638,0.0005338,0.01107249,0.00025529
2025-05-30 10:00:00+00:00,1962.7275,40.91555088,0.94626067,0.91490992,0.00035318,0.01187689,0.00033714
2025-05-30 11:00:00+00:00,1915.3725,33.16028512,0.95110091,0.93012518,0.00032343,0.00996833,0.00029765
2025-05-30 12:00:00+00:00,2072.6375,28.78105759,0.95598781,0.9398565,0.00055407,0.00894875,0.00027041
2025-05-30 13:00:00+00:00,2145.785,35.40694008,0.9510085,0.92409313,0.00049786,0.01096596,0.00033882
2025-05-30 14:00:00+00:00,2027.9975,36.78829421,0.94841778,0.91171742,0.0003715,0.01249663,0.00024878
2025-05-30 15:00:00+00:00,2038.8525,25.03264632,0.96067203,0.94207993,9.105e-05,0.00303858,3.402e-05
2025-05-30 16:00:00+00:00,2028.465,18.44853239,0.96891562,0.95839729,0.00479924,0.00050313,0.00013111
2025-05-30 17:00:00+00:00,1984.715,15.42825075,0.97309937,0.97276908,0.00010832,1.27e-06,0.00023931
2025-05-30 18:00:00+00:00,1959.8325,15.30954249,0.97207564,0.97160508,3.141e-05,1.02e-06,0.00019529
2025-05-30 19:00:00+00:00,1986.96,16.14933677,0.97134524,0.9664806,0.00200155,0.00023886,0.00017018
2025-05-30 20:00:00+00:00,1964.6275,21.39577081,0.96735382,0.94072546,0.01187016,0.00137475,1e-08
2025-05-30 21:00:00+00:00,1954.925,19.24012643,0.9671179,0.95610974,4.849e-05,0.0013537,1.731e-05
2025-05-30 22:00:00+00:00,1825.99,14.15950631,0.97035699,0.96921606,0.0,0.00085395,4e-08
2025-05-30 23:00:00+00:00,1774.42,14.24342624,0.96899177,0.9674042,0.0,0.00147716,6e-08
2025-05-31 00:00:00+00:00,1783.185,14.29869659,0.96938411,0.96783904,0.0,0.00149897,6e-08
2025-05-31 01:00:00+00:00,1764.835,14.61060595,0.96746,0.9655716,0.0,0.00181783,4e-08
2025-05-31 02:00:00+00:00,1730.9325,14.82397138,0.96670922,0.96457643,1.448e-05,0.00203782,0.0
2025-05-31 03:00:00+00:00,1679.29,15.98621364,0.9642144,0.93288616,0.02827096,0.00293559,0.0
2025-05-31 04:00:00+00:00,1714.2675,17.4384493,0.95959955,0.92550422,0.03060101,0.00332515,1.543e-05
2025-05-31 05:00:00+00:00,1841.01,19.66913093,0.95308156,0.91888287,0.03003157,0.00363191,0.0
2025-05-31 06:00:00+00:00,1935.0025,22.13598991,0.94677196,0.93189197,0.01083029,0.00354498,0.0
2025-05-31 07:00:00+00:00,1975.815,26.68970194,0.93964422,0.93500109,0.0,0.00421771,0.0
2025-05-31 08:00:00+00:00,1936.725,46.36021317,0.92369075,0.8916945,0.00080042,0.0163874,0.00026295
2025-05-31 09:00:00+00:00,1931.87,67.39854914,0.92064427,0.86286028,0.00029521,0.01386631,0.00059575
2025-05-31 10:00:00+00:00,1841.945,99.4112949,0.90880946,0.81152584,0.0003971,0.01809091,0.00091731
2025-05-31 11:00:00+00:00,1801.21,95.40962683,0.9092723,0.81887801,0.00060583,0.01946124,0.00096643
2025-05-31 12:00:00+00:00,1734.74,89.98133321,0.90612158,0.8219552,0.00016624,0.02051974,0.00092838
2025-05-31 13:00:00+00:00,1726.22,55.26142453,0.91816135,0.87903693,9.298e-05,0.01055062,0.00040559
2025-05-31 14:00:00+00:00,1809.895,36.60864204,0.92811242,0.90963407,0.00029629,0.00895307,0.00013737
2025-05-31 15:00:00+00:00,1859.6825,24.29107445,0.94426283,0.93826309,3.349e-05,0.00540753,4.52e-06
2025-05-31 16:00:00+00:00,1902.395,19.74525132,0.95653055,0.93029579,0.02261085,0.00329884,7.159e-05
2025-05-31 17:00:00+00:00,1830.5225,18.04106418,0.96504309,0.95203114,0.00948769,0.00318365,0.00016308
2025-05-31 18:00:00+00:00,1814.495,17.5414492,0.97028408,0.96626877,0.00058033,0.00285437,0.00029729
2025-05-31 19:00:00+00:00,1755.205,16.95453408,0.97155003,0.96828985,0.00047886,0.0024223,0.00030471
2025-05-31 20:00:00+00:00,1742.6575,16.75086605,0.97209621,0.96775988,0.00137127,0.00259679,0.00027326
2025-05-31 21:00:00+00:00,1603.22,16.49779751,0.97240274,0.96924199,0.0003696,0.00260936,0.00010954
2025-05-31 22:00:00+00:00,1576.835,17.2119144,0.97017171,0.96633517,0.00064574,0.00289958,0.00028266
2025-05-31 23:00:00+00:00,1601.5875,17.19584527,0.96874815,0.96439439,0.00054774,0.00352258,0.00020709
2025-06-01 00:00:00+00:00,1613.1875,17.32008513,0.96857351,0.96403057,0.00061882,0.00368148,0.00022677
2025-06-01 01:00:00+00:00,1572.7275,17.41992288,0.97002956,0.96553835,0.00063072,0.00351737,0.00041952
2025-06-01 02:00:00+00:00,1569.4775,17.66035977,0.97088046,0.96656918,0.00036959,0.00351491,0.00043987
2025-06-01 03:00:00+00:00,1536.7775,18.03071821,0.96871216,0.96453694,0.00042155,0.0031841,0.00046234
2025-06-01 04:00:00+00:00,1533.195,19.02436714,0.96102593,0.95668789,0.0002803,0.00352899,0.00035303
2025-06-01 05:00:00+00:00,1557.325,21.9693246,0.95288176,0.94368737,0.00452888,0.00363339,0.00016896
2025-06-01 06:00:00+00:00,1712.1525,24.54352278,0.94402602,0.92850811,0.00993475,0.00451554,0.00016022
2025-06-01 07:00:00+00:00,1828.2275,32.84532259,0.93024831,0.89825789,0.01410238,0.01084432,0.00013734
2025-06-01 08:00:00+00:00,1956.0225,31.57125169,0.93550585,0.91483636,0.0119109,0.00406929,5.572e-05
2025-06-01 09:00:00+00:00,1977.025,107.6878629,0.90378966,0.79209507,0.00082209,0.02014192,0.00117845
2025-06-01 10:00:00+00:00,2028.3425,115.57507536,0.90102222,0.77910862,0.00067832,0.02072452,0.00122162
2025-06-01 11:00:00+00:00,1886.215,110.80238992,0.90613231,0.78962097,0.00028613,0.02019154,0.00123244
2025-06-01 12:00:00+00:00,1768.7575,112.93917626,0.90499354,0.78379465,0.00010691,0.02075784,0.00134522
2025-06-01 13:00:00+00:00,1710.6775,110.26012899,0.90278507,0.78237172,0.0002093,0.02149649,0.00132586
2025-06-01 14:00:00+00:00,1665.165,47.56964439,0.92711794,0.88059328,0.00017722,0.01521714,0.00056462
2025-06-01 15:00:00+00:00,1809.99,27.14751606,0.9437124,0.92101143,0.00040788,0.01197917,0.00028202
2025-06-01 16:00:00+00:00,2015.585,16.98202921,0.9656851,0.9639339,4.976e-05,0.00078879,1.538e-05
2025-06-01 17:00:00+00:00,1973.305,16.07892984,0.96978056,0.96939705,9.251e-05,0.0,0.00028324
2025-06-01 18:00:00+00:00,1983.955,16.24556463,0.97316294,0.97254939,6.584e-05,0.0,0.00029916
2025-06-01 19:00:00+00:00,1887.405,15.80018473,0.97275225,0.9724626,4.477e-05,0.0,0.00035709
2025-06-01 20:00:00+00:00,1873.4,15.88274541,0.96921389,0.96564199,0.00164139,0.00143667,0.0003885
2025-06-01 21:00:00+00:00,1730.7125,15.94164396,0.96466154,0.9604621,0.0,0.00350253,0.00012697
2025-06-01 22:00:00+00:00,1672.7325,16.25421775,0.95568127,0.94899557,0.0,0.00547095,0.0
2025-06-01 23:00:00+00:00,1751.1375,16.44513939,0.95783926,0.95006373,0.0,0.00654021,0.0
2025-06-02 00:00:00+00:00,1718.065,16.54949278,0.95929826,0.95085259,0.0,0.00729954,0.0
2025-06-02 01:00:00+00:00,1649.0925,16.41394327,0.95809326,0.95067201,0.0,0.0063403,0.0
2025-06-02 02:00:00+00:00,1600.79,16.62866605,0.95849412,0.95109999,1.331e-05,0.00640319,9.56e-06
2025-06-02 03:00:00+00:00,1698.8775,16.17169808,0.96428056,0.95640299,0.0036895,0.00362775,0.00023137
2025-06-02 04:00:00+00:00,1968.6725,16.19277639,0.96575163,0.96278489,0.00119416,0.00141095,0.00033519
2025-06-02 05:00:00+00:00,2295.8225,17.49608678,0.96408972,0.96293835,0.00016048,0.00044733,0.00041032
2025-06-02 06:00:00+00:00,2255.385,18.39790009,0.95941501,0.95858489,0.00013491,0.00028231,0.00034542
2025-06-02 07:00:00+00:00,2248.885,19.66160506,0.95323882,0.95156492,0.00010793,0.00107594,0.00029301
2025-06-02 08:00:00+00:00,2243.8775,20.47055652,0.95114257,0.94940981,9.81e-05,0.00108388,0.00022465
2025-06-02 09:00:00+00:00,2283.855,20.48986838,0.95262389,0.95109585,9.311e-05,0.00097405,0.00021923
2025-06-02 10:00:00+00:00,2275.09,20.16812249,0.95394039,0.95233151,6.21e-05,0.00118454,5.837e-05
2025-06-02 11:00:00+00:00,2365.5025,20.28399155,0.95264532,0.94976623,6.923e-05,0.00244674,5.344e-05
2025-06-02 12:00:00+00:00,2287.6925,19.94098449,0.95160685,0.9496017,9.12e-05,0.0016112,6.273e-05
2025-06-02 13:00:00+00:00,2283.5025,20.19995439,0.95120138,0.9483866,8.052e-05,0.002112,6.264e-05
2025-06-02 14:00:00+00:00,2198.845,19.85385667,0.95265639,0.9505461,9.652e-05,0.00121344,0.00010538
2025-06-02 15:00:00+00:00,2139.6275,18.78563966,0.95629912,0.95440824,0.00023534,0.000903,0.00046581
2025-06-02 16:00:00+00:00,2069.78,17.20203324,0.96432947,0.96362594,0.00029388,0.0,0.00064774
2025-06-02 17:00:00+00:00,2162.41,16.69349668,0.96862968,0.96770281,0.00033413,0.00021858,0.00071608
2025-06-02 18:00:00+00:00,2215.585,16.65096493,0.97213993,0.971238,0.00033691,7.353e-05,0.00078863
2025-06-02 19:00:00+00:00,2136.8125,16.04254,0.97237413,0.97177231,0.00030991,0.0,0.00070073
2025-06-02 20:00:00+00:00,2015.46,15.75788769,0.97065742,0.96971053,0.00028031,0.0002813,0.00068347
2025-06-02 21:00:00+00:00,1850.7725,15.42142689,0.96048412,0.95987202,0.00022612,0.00012161,0.00060212
2025-06-02 22:00:00+00:00,1752.44,15.32466119,0.94760951,0.94686382,0.00017718,0.00023921,0.00040654
2025-06-02 23:00:00+00:00,1751.95,15.31804847,0.94663851,0.94580819,0.00023441,0.00032962,0.00041983
2025-06-03 00:00:00+00:00,1787.315,15.70270644,0.94683105,0.94578891,0.00027573,0.00043893,0.00080789
2025-06-03 01:00:00+00:00,1746.7825,15.77174655,0.94604809,0.94540546,0.0003013,4e-07,0.00079838
2025-06-03 02:00:00+00:00,1738.07,16.08940077,0.94582055,0.94516063,0.00028731,3.6e-07,0.00080055
2025-06-03 03:00:00+00:00,1785.895,16.88855409,0.94775606,0.94708175,0.00031584,6.1e-07,0.00077481
2025-06-03 04:00:00+00:00,2072.6725,18.44679234,0.94980556,0.94903713,0.00039367,2.83e-06,0.00068827
2025-06-03 05:00:00+00:00,2188.0675,19.99166715,0.94703686,0.94565517,0.0006189,2.235e-05,0.00058123
2025-06-03 06:00:00+00:00,2207.1325,21.1584284,0.94055957,0.93951174,0.00044608,9.03e-06,0.00062073
2025-06-03 07:00:00+00:00,2177.645,23.31108713,0.92556512,0.92379076,0.00024176,0.00052981,0.00048606
2025-06-03 08:00:00+00:00,2199.3275,29.96578114,0.90792822,0.897805,0.00022816,0.0046651,0.00033161
2025-06-03 09:00:00+00:00,2116.7175,53.65107091,0.88108082,0.84364564,0.00031618,0.00816527,0.00045385
2025-06-03 10:00:00+00:00,2050.6075,52.93632752,0.88117534,0.84483252,0.00054182,0.00806933,0.00035839
2025-06-03 11:00:00+00:00,1969.86,50.92445308,0.88016251,0.84699183,9.988e-05,0.00811132,0.00030956
2025-06-03 12:00:00+00:00,1913.695,52.94494186,0.87690014,0.84093675,2.032e-05,0.0090405,0.00033283
2025-06-03 13:00:00+00:00,1920.98,32.38962791,0.90697836,0.89235614,8.808e-05,0.00648379,0.00026176
2025-06-03 14:00:00+00:00,2006.8125,24.93280754,0.92541312,0.9192692,0.00016365,0.00260155,0.00027416
2025-06-03 15:00:00+00:00,2049.19,20.21582654,0.94469569,0.94261596,0.0002349,0.00083688,0.00057364
2025-06-03 16:00:00+00:00,2023.345,18.50166022,0.95966819,0.95806681,0.00033753,0.00042837,0.00065755
2025-06-03 17:00:00+00:00,2060.5775,17.34014967,0.96421896,0.96322425,0.00047691,5.95e-05,0.00069094
2025-06-03 18:00:00+00:00,2118.68,16.66666638,0.9660055,0.96509685,0.00040317,2.2e-07,0.00066012
2025-06-03 19:00:00+00:00,2062.4225,15.96155525,0.96592792,0.96495628,0.00051208,0.0001676,0.00062919
2025-06-03 20:00:00+00:00,1993.3775,15.24075144,0.96465066,0.96380044,0.00034772,0.00021557,0.00059602
2025-06-03 21:00:00+00:00,1895.72,14.88636335,0.96289797,0.96193687,0.00031657,0.0003532,0.00067107
2025-06-03 22:00:00+00:00,1782.0525,14.02942762,0.96422922,0.96400326,5.22e-05,0.0,1.8e-07
2025-06-03 23:00:00+00:00,1694.37,14.07970695,0.96346271,0.96223534,1.33e-05,0.00113214,2.43e-06
2025-06-04 00:00:00+00:00,1588.655,14.16812651,0.9626112,0.9603324,0.0,0.0022053,0.0
2025-06-04 01:00:00+00:00,1532.505,14.11297945,0.96285953,0.96062682,0.0,0.00213525,0.0
2025-06-04 02:00:00+00:00,1538.2575,13.8341145,0.96426872,0.9641859,4.38e-06,0.0,6.12e-06
2025-06-04 03:00:00+00:00,1624.74,14.33101841,0.96575518,0.96552579,0.00015113,2e-08,0.00015038
2025-06-04 04:00:00+00:00,1962.84,15.09899709,0.96289392,0.962353,0.00022004,1.6e-07,0.00048972
2025-06-04 05:00:00+00:00,2271.465,16.28746658,0.95932388,0.95859135,0.00024938,2.1e-07,0.00056551
2025-06-04 06:00:00+00:00,2424.4475,18.68179728,0.95336536,0.9515541,0.00025253,0.00073028,0.0006108
2025-06-04 07:00:00+00:00,2445.865,27.90627907,0.94491101,0.93385728,0.00012768,0.00239181,0.00043097
2025-06-04 08:00:00+00:00,2464.38,53.04068801,0.92771082,0.88727868,0.0,0.00446711,0.00032093
2025-06-04 09:00:00+00:00,2333.55,59.15294538,0.91467955,0.8679985,1.5e-07,0.00475439,0.00040485
2025-06-04 10:00:00+00:00,2345.5325,58.45735863,0.91464024,0.86832708,0.0,0.00405768,0.0004096
2025-06-04 11:00:00+00:00,2271.9575,44.62187143,0.92610799,0.89622142,0.0,0.00362104,0.00023423
2025-06-04 12:00:00+00:00,2194.1275,23.49202598,0.93661614,0.93304172,0.0,0.0022151,2.1e-06
2025-06-04 13:00:00+00:00,2188.95,21.57623295,0.94275894,0.93983165,3.8e-07,0.00190443,1.9e-06
2025-06-04 14:00:00+00:00,2121.0525,19.98364377,0.94778659,0.94565318,5.601e-05,0.00119567,9.54e-05
2025-06-04 15:00:00+00:00,2136.585,18.00694531,0.95515189,0.95407998,0.00015281,0.00033456,0.00032925
2025-06-04 16:00:00+00:00,2144.9025,17.09561845,0.96930972,0.96840707,0.00040892,3.1e-07,0.00047467
2025-06-04 17:00:00+00:00,2138.3175,16.37418549,0.97125969,0.97045707,0.00045495,2.1e-07,0.00071059
2025-06-04 18:00:00+00:00,2096.72,16.14164057,0.97285531,0.97197813,0.00046917,1.6e-07,0.00047399
2025-06-04 19:00:00+00:00,2080.57,16.31960763,0.97123665,0.96080552,0.00915158,0.00067164,0.00072118
2025-06-04 20:00:00+00:00,1992.87,16.24656909,0.96774739,0.95708326,0.00785023,0.00191994,0.00040125
2025-06-04 21:00:00+00:00,1884.13,16.00805391,0.96638085,0.96343588,0.00024799,0.00191825,0.00056941
2025-06-04 22:00:00+00:00,2018.15,16.09890945,0.96369985,0.95892573,0.00012569,0.003563,0.00018051
2025-06-04 23:00:00+00:00,1908.765,16.17212331,0.96284588,0.95728914,0.00010231,0.00446295,0.00012917
2025-06-05 00:00:00+00:00,1811.6,16.76162226,0.96120983,0.95427969,0.00010635,0.00538662,0.00021091
2025-06-05 01:00:00+00:00,1757.455,16.39565279,0.96149736,0.95544858,0.00012987,0.00501831,0.00023005
2025-06-05 02:00:00+00:00,1790.6975,15.81115072,0.96578173,0.96311704,0.00016025,0.00190633,0.00033967
2025-06-05 03:00:00+00:00,1779.2925,15.96409379,0.9680705,0.96714791,0.00027581,0.00030096,0.00047782
2025-06-05 04:00:00+00:00,1943.0425,17.53452693,0.96710311,0.96564947,0.00059899,0.00042398,0.00055821
2025-06-05 05:00:00+00:00,2214.26,18.81608949,0.96485215,0.96283922,0.00094904,0.00057216,0.00053181
2025-06-05 06:00:00+00:00,2198.435,20.01792116,0.95958413,0.95751299,0.00116597,0.00030623,0.00050414
2025-06-05 07:00:00+00:00,2156.9625,21.07021466,0.95209724,0.95078385,0.00052775,0.00014403,0.00061143
2025-06-05 08:00:00+00:00,2080.84,22.3002779,0.9396392,0.9385965,0.00018972,8.273e-05,0.0004647
2025-06-05 09:00:00+00:00,1975.6775,22.89241308,0.93470053,0.93379718,3.946e-05,0.00027654,0.0001677
2025-06-05 10:00:00+00:00,2111.3125,22.85595349,0.9349396,0.93394097,1.079e-05,0.00031369,0.00010573
2025-06-05 11:00:00+00:00,2138.7775,22.33126684,0.93860637,0.93780157,0.0,0.00028086,7.319e-05
2025-06-05 12:00:00+00:00,2122.975,24.54382907,0.9444738,0.93727713,0.00027202,0.00349701,0.00035654
2025-06-05 13:00:00+00:00,2021.925,26.25116978,0.94741463,0.93494119,0.00055299,0.005955,0.00033494
2025-06-05 14:00:00+00:00,2058.5025,20.25237091,0.95684388,0.95448877,0.00025072,0.00079601,0.00043371
2025-06-05 15:00:00+00:00,2116.21,18.6365511,0.96722648,0.96606699,0.0003987,0.00027355,0.0005724
2025-06-05 16:00:00+00:00,2113.0625,18.19443019,0.97188861,0.97034217,0.00074361,0.00034288,0.00063427
2025-06-05 17:00:00+00:00,2007.3,17.61272289,0.97448677,0.97339507,0.00073642,0.0,0.00068335
2025-06-05 18:00:00+00:00,1968.4275,17.2739631,0.9754377,0.97401057,0.00073248,0.00034111,0.00070951
2025-06-05 19:00:00+00:00,2044.29,16.75256014,0.97405462,0.97287165,0.00060272,0.0003011,0.00063842
2025-06-05 20:00:00+00:00,1948.43,16.48335878,0.97498724,0.9736001,0.00047687,0.00057474,0.0005787
2025-06-05 21:00:00+00:00,1852.9525,15.86340711,0.97418886,0.97339709,0.00029924,0.00020849,0.00063155
2025-06-05 22:00:00+00:00,1735.6075,15.79747239,0.97214011,0.97056396,0.00035496,0.00067431,0.0004396
2025-06-05 23:00:00+00:00,1641.3375,15.90993547,0.97242414,0.97017724,0.00020951,0.00140411,0.00041118
2025-06-06 00:00:00+00:00,1600.2675,15.6918355,0.97140838,0.97028885,0.00023266,0.00050152,0.00063797
2025-06-06 01:00:00+00:00,1625.0475,15.63666785,0.96947232,0.96868205,0.00022355,0.00029775,0.00060381
2025-06-06 02:00:00+00:00,1592.4,15.72492922,0.96812922,0.96759123,0.0002243,0.0,0.0006611
2025-06-06 03:00:00+00:00,1580.535,16.23020283,0.97143064,0.97082115,0.00028847,0.0,0.00069983
2025-06-06 04:00:00+00:00,1618.7425,17.10931497,0.96983041,0.96902345,0.00036315,0.0,0.00067486
2025-06-06 05:00:00+00:00,1693.445,17.79108308,0.96817662,0.9673734,0.00029472,0.0,0.00069336
2025-06-06 06:00:00+00:00,1809.91,18.21820786,0.96368081,0.96282646,0.0001669,0.0,0.00051912
2025-06-06 07:00:00+00:00,1914.6975,24.51835234,0.95323254,0.93779645,0.00015001,0.00841975,0.00016684
2025-06-06 08:00:00+00:00,2068.4725,54.78374874,0.9402823,0.88874017,0.00034358,0.00741987,0.000672
2025-06-06 09:00:00+00:00,2041.4975,62.58662095,0.93444141,0.87247949,0.00021139,0.00935369,0.00067603
2025-06-06 10:00:00+00:00,1894.725,49.9988153,0.94031293,0.89272425,1.095e-05,0.01186777,0.00047046
2025-06-06 11:00:00+00:00,1645.52,31.96919733,0.94454543,0.91844634,4.85e-06,0.01365183,0.00020753
2025-06-06 12:00:00+00:00,1571.8575,23.39989176,0.95622272,0.94580785,0.00017252,0.00519671,0.00031252
2025-06-06 13:00:00+00:00,1718.82,22.66504664,0.96022727,0.95044731,0.00031805,0.00501167,0.00033518
2025-06-06 14:00:00+00:00,1782.77,22.31885029,0.96006765,0.94979454,0.00028486,0.00513765,0.00031791
2025-06-06 15:00:00+00:00,1775.785,20.48715231,0.96343139,0.95372949,0.00047828,0.00472067,0.00027619
2025-06-06 16:00:00+00:00,1752.68,15.46094521,0.97014482,0.96970302,7.089e-05,4.8e-07,0.00024072
2025-06-06 17:00:00+00:00,1891.49,15.52481963,0.97352359,0.97302104,0.00021149,7.6e-07,0.00041954
2025-06-06 18:00:00+00:00,1847.8775,15.2823547,0.97389122,0.97332066,0.00026239,0.0,0.00042213
2025-06-06 19:00:00+00:00,1926.4225,14.90190248,0.97357122,0.97311776,0.00022253,0.0,0.00040677
2025-06-06 20:00:00+00:00,1908.26,14.8227329,0.97400476,0.97352046,0.00018236,0.0,0.00042996
2025-06-06 21:00:00+00:00,1805.03,14.53942373,0.97332688,0.97295947,0.00013831,2e-08,0.00041779
2025-06-06 22:00:00+00:00,1555.9325,14.16943033,0.97430399,0.97368994,6.494e-05,0.00023377,0.00030691
2025-06-06 23:00:00+00:00,1448.075,14.25811572,0.97346665,0.97299796,7.323e-05,0.0002038,0.00034574
2025-06-07 00:00:00+00:00,1589.06,14.34308627,0.97393327,0.97361854,7.612e-05,8.143e-05,0.00034508
2025-06-07 01:00:00+00:00,1525.6375,14.4411217,0.97146847,0.97085388,4.959e-05,0.00038679,0.00028697
2025-06-07 02:00:00+00:00,1524.0825,14.5445725,0.970373,0.96974243,4.785e-05,0.00037976,0.00024427
2025-06-07 03:00:00+00:00,1535.7575,14.54560565,0.9686541,0.96825671,3.677e-05,0.00020135,0.0002255
2025-06-07 04:00:00+00:00,1563.6925,15.11472698,0.96601473,0.96545237,8.358e-05,0.00015936,0.0003238
2025-06-07 05:00:00+00:00,1553.3125,16.03040587,0.96318071,0.96234574,9.857e-05,0.00035577,0.00034606
2025-06-07 06:00:00+00:00,1640.565,18.30440115,0.95861346,0.95644202,7.57e-05,0.00127771,0.00027492
2025-06-07 07:00:00+00:00,1614.9475,20.64682554,0.95452009,0.9512923,8.283e-05,0.00214457,0.00022368
2025-06-07 08:00:00+00:00,1538.7,22.17597559,0.95104028,0.94724524,5.976e-05,0.0025379,0.00016185
2025-06-07 09:00:00+00:00,1455.8375,23.1104719,0.94890894,0.9445926,4.047e-05,0.00315111,8.194e-05
2025-06-07 10:00:00+00:00,1523.045,23.22846026,0.94876189,0.94553638,5.526e-05,0.00200077,0.00018502
2025-06-07 11:00:00+00:00,1565.4675,23.13326737,0.94781072,0.94513046,4.074e-05,0.00163916,0.00015762
2025-06-07 12:00:00+00:00,1562.24,21.91379362,0.94665633,0.94530406,2.605e-05,0.0005541,0.00012449
2025-06-07 13:00:00+00:00,1580.4925,20.99758489,0.94835237,0.94753707,4.369e-05,0.00018873,0.00017297
2025-06-07 14:00:00+00:00,1687.5825,23.8181849,0.94758916,0.93699958,0.00046489,0.00556946,0.00032965
2025-06-07 15:00:00+00:00,1768.0925,22.34475502,0.94765738,0.93761522,0.00047288,0.00533005,0.00041123
2025-06-07 16:00:00+00:00,1820.6525,18.18690557,0.96313383,0.96095604,0.0008712,0.00070683,0.00081929
2025-06-07 17:00:00+00:00,1824.5575,17.95790764,0.96725598,0.96393306,0.00221566,0.00065834,0.00079281
2025-06-07 18:00:00+00:00,1809.7525,17.80969708,0.9692163,0.96501462,0.00308611,0.0006647,0.00079082
2025-06-07 19:00:00+00:00,1840.1475,17.67226135,0.96842247,0.96484035,0.00285037,0.00033264,0.00087617
2025-06-07 20:00:00+00:00,1864.525,17.64889881,0.96869704,0.96497469,0.00264899,0.00061717,0.00083454
2025-06-07 21:00:00+00:00,1749.215,17.24000221,0.96574652,0.96371289,0.00106795,0.00055358,0.00077569
2025-06-07 22:00:00+00:00,1681.68,17.3403495,0.96642639,0.96368651,0.00157349,0.00055934,0.0008436
2025-06-07 23:00:00+00:00,1572.14,16.88929254,0.96354082,0.96217151,0.00062251,0.00033398,0.00086259
2025-06-08 00:00:00+00:00,1549.265,16.81324781,0.95905679,0.95812906,0.00026522,0.00025407,0.00091835
2025-06-08 01:00:00+00:00,1554.63,16.79129288,0.95825118,0.95721358,0.00023022,0.00038872,0.00081799
2025-06-08 02:00:00+00:00,1526.955,17.08035858,0.96184126,0.9603376,0.0001992,0.00076069,0.00100944
2025-06-08 03:00:00+00:00,1501.92,17.10396831,0.95988468,0.95883827,0.00017273,0.00038432,0.00097565
2025-06-08 04:00:00+00:00,1549.8875,17.70790711,0.95118319,0.9497084,7.581e-05,0.00060503,0.00076601
2025-06-08 05:00:00+00:00,1640.175,22.48473017,0.9391648,0.92836956,0.00023099,0.00548212,0.00026391
2025-06-08 06:00:00+00:00,1683.81,53.99274716,0.89754713,0.82152391,0.00252384,0.03917016,0.0007005
2025-06-08 07:00:00+00:00,1794.555,104.5214442,0.8833195,0.75539873,0.00346867,0.03221813,0.00117272
2025-06-08 08:00:00+00:00,1787.87,109.41489829,0.88109304,0.75163385,0.00260842,0.03050504,0.00123341
2025-06-08 09:00:00+00:00,1876.66,103.75536323,0.88312925,0.76409215,0.00192393,0.02887516,0.00124038
2025-06-08 10:00:00+00:00,1912.92,108.55219902,0.88056875,0.75937687,0.00071156,0.02680423,0.00127835
2025-06-08 11:00:00+00:00,1970.4,122.74646712,0.87020114,0.72884753,0.00111647,0.03127067,0.00131556
2025-06-08 12:00:00+00:00,1964.97,107.95416857,0.87865126,0.75241025,0.00082942,0.03252364,0.00125236
2025-06-08 13:00:00+00:00,2054.025,101.30887222,0.88659211,0.76728853,0.00057458,0.03087001,0.00118311
2025-06-08 14:00:00+00:00,1999.755,73.01243112,0.90401143,0.81641516,0.00094986,0.02970222,0.0008598
2025-06-08 15:00:00+00:00,2125.095,37.85696768,0.93451747,0.89121755,0.00065415,0.02454301,0.00048915
2025-06-08 16:00:00+00:00,2132.09,36.14072767,0.93604374,0.89149757,0.00167777,0.02441756,0.00060336
2025-06-08 17:00:00+00:00,2107.005,31.4963236,0.94964092,0.91184577,0.00100285,0.0230667,0.00056117
2025-06-08 18:00:00+00:00,1998.83,18.73411681,0.96763657,0.96553433,0.00053869,0.00066745,0.00072822
2025-06-08 19:00:00+00:00,1926.3425,18.22699231,0.96823467,0.96720348,0.00043046,0.00011875,0.00068899
2025-06-08 20:00:00+00:00,2016.9275,17.408931,0.96557284,0.96495993,0.00014545,2.797e-05,0.00062064
2025-06-08 21:00:00+00:00,1930.84,16.58632855,0.96262743,0.96172744,0.00012218,0.00034597,0.00058284
2025-06-08 22:00:00+00:00,1766.225,21.23565031,0.9528296,0.93828025,0.00082125,0.00543816,0.00028757
2025-06-08 23:00:00+00:00,1723.9875,18.14817731,0.96336787,0.95737519,8.687e-05,0.00056572,0.00023858
2025-06-09 00:00:00+00:00,1793.855,64.72319411,0.93027347,0.85971937,0.00052406,0.00580903,0.00085532
2025-06-09 01:00:00+00:00,1694.1675,71.0160052,0.92221884,0.84127748,0.00090241,0.00769675,0.00095101
2025-06-09 02:00:00+00:00,1704.36,37.33316171,0.9520144,0.9195201,0.00034855,0.00260379,0.00051564
2025-06-09 03:00:00+00:00,1835.825,15.70425441,0.96943276,0.96878145,0.00015485,0.00020569,0.00032529
2025-06-09 04:00:00+00:00,2117.52,19.81006211,0.96358164,0.95548797,0.00079371,0.00272747,0.00035597
2025-06-09 05:00:00+00:00,2319.98,23.52887855,0.95670312,0.94100111,0.00200849,0.00607421,0.00030126
2025-06-09 06:00:00+00:00,2330.735,37.90853885,0.94406526,0.8974448,0.00598478,0.02077124,0.00033469
2025-06-09 07:00:00+00:00,2288.045,41.70362266,0.94025236,0.8955379,0.004141,0.02033505,0.00035744
2025-06-09 08:00:00+00:00,2296.33,72.09207044,0.92562771,0.85022195,0.00141553,0.01790799,0.00065661
2025-06-09 09:00:00+00:00,2223.595,72.13075183,0.9278239,0.85541346,0.00071587,0.0167233,0.000637
2025-06-09 10:00:00+00:00,2231.26,73.73004467,0.92601078,0.85239092,0.00040444,0.01508383,0.00067173
2025-06-09 11:00:00+00:00,2264.99,76.93938464,0.91936504,0.84278713,0.00062068,0.01650627,0.0007424
2025-06-09 12:00:00+00:00,2168.865,77.49584521,0.91989218,0.84069301,0.00058408,0.01834945,0.0007196
2025-06-09 13:00:00+00:00,2050.515,50.9108933,0.93412889,0.88601175,0.00130159,0.01685346,0.0004518
2025-06-09 14:00:00+00:00,2022.09,33.65729867,0.93714766,0.90778612,0.00254187,0.01519415,0.00028337
2025-06-09 15:00:00+00:00,2042.31,23.04200578,0.95015881,0.93728692,0.00098272,0.0074086,0.00019695
2025-06-09 16:00:00+00:00,2065.3975,16.92266956,0.96516566,0.96458053,0.00013744,0.0,0.0003809
2025-06-09 17:00:00+00:00,2059.99,16.59009278,0.96581296,0.95551329,0.00898734,0.00061648,0.00041876
2025-06-09 18:00:00+00:00,2207.39,16.41872485,0.96679502,0.95063641,0.01455032,0.00075159,0.00049362
2025-06-09 19:00:00+00:00,2175.7575,16.45024044,0.96453895,0.94008532,0.02175653,0.0017208,0.0004902
2025-06-09 20:00:00+00:00,2082.115,16.70256309,0.96184859,0.92815271,0.02921178,0.00328398,0.00042521
2025-06-09 21:00:00+00:00,1865.39,16.09965891,0.96137996,0.95795788,0.00018423,0.00223303,0.00048649
2025-06-09 22:00:00+00:00,1814.21,16.20798655,0.96331381,0.95963836,0.0002038,0.00233352,0.00037408
2025-06-09 23:00:00+00:00,1695.005,16.03404416,0.96224751,0.95928182,0.00023222,0.00187432,0.00038121
2025-06-10 00:00:00+00:00,1659.405,16.13891218,0.96331696,0.96043618,0.0002182,0.00189969,0.00051813
2025-06-10 01:00:00+00:00,1654.0325,16.39024351,0.96135551,0.95851836,0.00022881,0.00179625,0.00057012
2025-06-10 02:00:00+00:00,1623.535,16.71548977,0.9630876,0.96101224,0.00023906,0.00109667,0.00054502
2025-06-10 03:00:00+00:00,1786.5125,17.31390999,0.96772769,0.96699708,0.0003483,0.0,0.00066486
2025-06-10 04:00:00+00:00,2051.0475,18.81958509,0.96733878,0.96625407,0.00037505,9.567e-05,0.00072088
2025-06-10 05:00:00+00:00,2327.3225,19.65919778,0.96318182,0.9617134,0.00084212,3.84e-06,0.00062689
2025-06-10 06:00:00+00:00,2438.325,20.18008921,0.95516095,0.95339138,0.00081221,8.924e-05,0.00050371
2025-06-10 07:00:00+00:00,2448.8175,62.08787487,0.92931232,0.8763484,0.00014287,0.00291392,0.00076269
2025-06-10 08:00:00+00:00,2441.565,81.30748464,0.91189698,0.83369294,0.00034186,0.00925961,0.0007931
2025-06-10 09:00:00+00:00,2423.3425,82.15349998,0.91127548,0.83010334,0.00016622,0.01065524,0.00082805
2025-06-10 10:00:00+00:00,2474.275,82.62305053,0.91371845,0.83136405,0.00013746,0.01002206,0.00074255
2025-06-10 11:00:00+00:00,2560.435,75.29259886,0.91918228,0.84500718,0.00019042,0.00973909,0.00075616
2025-06-10 12:00:00+00:00,2427.185,74.31373723,0.91999592,0.84424862,0.00013705,0.01082846,0.00076691
2025-06-10 13:00:00+00:00,2319.0375,55.7906289,0.92709296,0.87332667,0.00018314,0.00924585,0.00058918
2025-06-10 14:00:00+00:00,2227.505,24.82932932,0.94451198,0.93056434,0.00023756,0.00711568,0.00030779
2025-06-10 15:00:00+00:00,2327.05,26.32296476,0.94394984,0.92625587,0.00038933,0.00863021,0.00048115
2025-06-10 16:00:00+00:00,2379.99,25.87422944,0.94639798,0.93047991,0.00082122,0.00634814,0.00058149
2025-06-10 17:00:00+00:00,2354.505,23.59017898,0.94957101,0.93735866,0.00144416,0.00462624,0.00063913
2025-06-10 18:00:00+00:00,2208.21,25.02633061,0.94972639,0.93400419,0.00246601,0.0049777,0.00062476
2025-06-10 19:00:00+00:00,2197.08,24.31322346,0.9503097,0.93577507,0.00261251,0.00458845,0.00059933
2025-06-10 20:00:00+00:00,2100.745,21.97778452,0.95429231,0.94636319,0.0014771,0.00236951,0.00063897
2025-06-10 21:00:00+00:00,1940.5875,19.2112413,0.95941277,0.95868074,0.00035173,0.0,0.00074399
2025-06-10 22:00:00+00:00,1844.565,20.27957596,0.95471662,0.94971631,0.00036572,0.00216329,0.00055454
2025-06-10 23:00:00+00:00,1783.63,19.33577414,0.95815098,0.9557337,0.00029461,0.0008485,0.0005302
2025-06-11 00:00:00+00:00,1777.13,18.47497752,0.96059803,0.95994868,0.00032415,0.0,0.00072932
2025-06-11 01:00:00+00:00,1786.8625,18.37992979,0.96289727,0.96218781,0.0003181,2.612e-05,0.00073077
2025-06-11 02:00:00+00:00,1726.16,18.26762031,0.96367254,0.96290353,0.00030404,0.0,0.00070427
2025-06-11 03:00:00+00:00,1858.6225,18.52645435,0.96725475,0.966492,0.00038391,0.0,0.0007463
2025-06-11 04:00:00+00:00,2109.115,18.66161051,0.96346577,0.96245328,0.00052082,0.0,0.00068537
2025-06-11 05:00:00+00:00,2291.3175,18.87842409,0.95742624,0.95658138,0.0003854,0.0,0.00042623
2025-06-11 06:00:00+00:00,2304.8275,21.74892209,0.95341286,0.94942582,0.00025106,0.00020572,0.00029385
2025-06-11 07:00:00+00:00,2265.5575,47.7824744,0.93634005,0.89872426,0.0001469,0.00245113,0.00052002
2025-06-11 08:00:00+00:00,2234.895,43.73462417,0.93978779,0.90882539,6.735e-05,0.00214372,0.00042362
2025-06-11 09:00:00+00:00,2070.105,67.33232742,0.91886572,0.85970315,2.439e-05,0.00389394,0.00058727
2025-06-11 10:00:00+00:00,1918.2375,69.03443183,0.91346573,0.85100222,0.00021232,0.00972818,0.00058428
2025-06-11 11:00:00+00:00,1975.86,39.73025106,0.92757864,0.90143947,0.0002472,0.01315625,0.00021938
2025-06-11 12:00:00+00:00,1975.71,41.81504875,0.92523203,0.8963791,6.193e-05,0.01407916,0.00024551
2025-06-11 13:00:00+00:00,1993.15,34.02172818,0.92831469,0.90884568,0.00021025,0.01031619,0.00019892
2025-06-11 14:00:00+00:00,1851.58,21.44288329,0.94496701,0.94277007,1.81e-05,0.0009247,2.101e-05
2025-06-11 15:00:00+00:00,1863.5,18.45150458,0.95879289,0.95829539,0.00011781,7e-08,0.0001755
2025-06-11 16:00:00+00:00,1848.9875,17.56693402,0.96343047,0.96277514,0.00031683,1.1e-07,0.00030743
2025-06-11 17:00:00+00:00,1943.44,16.84281534,0.96563271,0.9650738,0.00026449,1.7e-07,0.00036034
2025-06-11 18:00:00+00:00,2078.6575,16.52226778,0.96918727,0.9687245,0.00021824,9e-08,0.00019574
2025-06-11 19:00:00+00:00,2115.1975,16.09104119,0.96827219,0.96775947,0.00025519,1.2e-07,0.00028136
2025-06-11 20:00:00+00:00,2058.8775,15.89664637,0.9690167,0.96845057,0.00032038,1.3e-07,0.00039502
2025-06-11 21:00:00+00:00,1795.8475,15.64368098,0.96857471,0.96800324,0.0003062,1.6e-07,0.00046013
2025-06-11 22:00:00+00:00,1748.7525,15.4885077,0.97206312,0.97150323,0.00021117,2.3e-07,0.00037478
2025-06-11 23:00:00+00:00,1714.755,15.30037052,0.97305346,0.97264338,0.00013468,3.1e-07,0.00030465
2025-06-12 00:00:00+00:00,1643.53,15.22616239,0.97178029,0.97143504,0.00010356,2.6e-07,0.00040957
2025-06-12 01:00:00+00:00,1619.5,15.17498459,0.97101051,0.97064824,9.572e-05,2.1e-07,0.00043621
2025-06-12 02:00:00+00:00,1663.6625,15.09978286,0.97043895,0.96987814,3.174e-05,0.00023725,0.00025187
2025-06-12 03:00:00+00:00,1770.415,15.59262598,0.96987512,0.96946618,0.00010712,1.8e-07,0.00044922
2025-06-12 04:00:00+00:00,1999.7775,16.8924249,0.96696242,0.96637801,0.00022341,1.57e-06,0.00036647
2025-06-12 05:00:00+00:00,2146.14,18.50045507,0.96028736,0.95968767,0.00023596,4.38e-06,0.00023012
2025-06-12 06:00:00+00:00,2211.76,20.33625838,0.95505613,0.95416666,0.00044621,9e-08,0.00021321
2025-06-12 07:00:00+00:00,2088.7375,22.15733801,0.94755666,0.94706308,0.0,7e-08,0.00012994
2025-06-12 08:00:00+00:00,2078.3325,73.30241458,0.91924202,0.85490223,0.00041154,0.00994297,0.0005672
2025-06-12 09:00:00+00:00,1999.03,92.51537213,0.90479244,0.82019646,0.00026507,0.01411319,0.0007508
2025-06-12 10:00:00+00:00,1918.0,99.48061938,0.88822263,0.79781399,6.917e-05,0.01478029,0.00080016
2025-06-12 11:00:00+00:00,1947.395,99.37278422,0.88781683,0.79686941,7.46e-06,0.01686536,0.00079122
2025-06-12 12:00:00+00:00,1941.335,87.17327775,0.89021246,0.81179448,0.00043232,0.01892309,0.00068979
2025-06-12 13:00:00+00:00,1940.285,49.34938119,0.90019871,0.86521147,0.00015235,0.01675619,0.00032582
2025-06-12 14:00:00+00:00,1948.6575,34.78538266,0.91692128,0.89857016,3.433e-05,0.00905055,0.00020661
2025-06-12 15:00:00+00:00,2029.025,22.56921943,0.94689104,0.94579774,2.529e-05,0.00056139,0.00025241
2025-06-12 16:00:00+00:00,2068.3875,21.27889909,0.95441712,0.95329425,0.00022832,0.00041592,0.00033801
2025-06-12 17:00:00+00:00,2103.4475,20.24921295,0.95486825,0.94398792,0.00973292,0.0004905,0.00040664
2025-06-12 18:00:00+00:00,2082.6225,19.53680159,0.95840099,0.95524524,0.00260355,0.00010355,0.00046805
2025-06-12 19:00:00+00:00,2017.0975,19.30607786,0.95917107,0.95036025,0.00762616,0.00060006,0.00055851
2025-06-12 20:00:00+00:00,2009.64,19.04430666,0.96044093,0.9582966,0.00137107,0.00036099,0.00067164
2025-06-12 21:00:00+00:00,1836.7225,18.75569692,0.96171555,0.95922663,0.0007561,0.00127446,0.00062547
2025-06-12 22:00:00+00:00,1748.3725,18.29684042,0.95902513,0.95717057,0.00032802,0.00085456,0.00056666
2025-06-12 23:00:00+00:00,1726.8575,18.04269138,0.9609544,0.95924215,0.00030784,0.00094163,0.00048281
2025-06-13 00:00:00+00:00,1708.4125,17.87284587,0.96067011,0.95900978,0.00031161,0.00092179,0.00064088
2025-06-13 01:00:00+00:00,1681.93,17.74346425,0.96029707,0.95888216,0.00035585,0.00056007,0.00064832
2025-06-13 02:00:00+00:00,1654.26,17.67995018,0.96261778,0.96147512,0.0003378,0.00027476,0.00075053
2025-06-13 03:00:00+00:00,1763.885,18.18923985,0.96546278,0.9644545,0.00051045,2.978e-05,0.00078122
2025-06-13 04:00:00+00:00,1969.1725,19.18606841,0.9662466,0.96503085,0.00063112,4.9e-07,0.00074179
2025-06-13 05:00:00+00:00,2115.2575,20.75794481,0.96717286,0.96604164,0.00057158,1.17e-06,0.00071618
2025-06-13 06:00:00+00:00,2168.45,22.88494457,0.96742581,0.96573812,0.00048678,0.00036767,0.00060943
2025-06-13 07:00:00+00:00,2126.515,28.28501081,0.95922085,0.95341531,4.256e-05,0.00206769,0.00032831
2025-06-13 08:00:00+00:00,2081.9725,40.1876227,0.95282268,0.93043586,1.577e-05,0.00759379,0.00025123
2025-06-13 09:00:00+00:00,2017.2975,78.53484144,0.9283567,0.86034765,0.00010552,0.01344142,0.00068295
2025-06-13 10:00:00+00:00,1993.0875,83.25944673,0.92610169,0.85294707,3.71e-06,0.01442155,0.00069921
2025-06-13 11:00:00+00:00,1830.175,85.89078152,0.92459595,0.84825369,0.00010156,0.01511505,0.00072653
2025-06-13 12:00:00+00:00,1804.58,44.71335183,0.94608975,0.92032062,1.5e-07,0.01301962,0.00024543
2025-06-13 13:00:00+00:00,1769.625,39.45650084,0.95197342,0.92945042,0.00015978,0.01119965,0.00019105
2025-06-13 14:00:00+00:00,1790.58,29.50880613,0.96038995,0.94949644,0.00018173,0.00568517,0.00024146
2025-06-13 15:00:00+00:00,1843.865,21.97103404,0.9674145,0.96677182,6.016e-05,1.35e-06,0.00053787
2025-06-13 16:00:00+00:00,1887.2375,20.44428555,0.96917113,0.96831627,0.00027813,2.5e-06,0.00075703
2025-06-13 17:00:00+00:00,1913.35,19.17428745,0.96900456,0.96815735,0.00034118,3e-07,0.00078854
2025-06-13 18:00:00+00:00,1853.7125,18.35054575,0.96765565,0.96683021,0.000253,3.1e-07,0.00076831
2025-06-13 19:00:00+00:00,1842.4875,17.67723524,0.96636041,0.96571034,0.0002006,0.0,0.00081628
2025-06-13 20:00:00+00:00,1852.59,17.1293327,0.96541958,0.96487636,0.0001668,0.0,0.00065476
2025-06-13 21:00:00+00:00,1758.26,16.70395303,0.96257895,0.96195558,0.00025405,0.0,0.00061824
2025-06-13 22:00:00+00:00,1678.0875,16.40142351,0.96582305,0.96504565,0.00024548,0.0,0.00076707
2025-06-13 23:00:00+00:00,1603.21,16.37226631,0.96563758,0.96494746,0.00024194,0.0,0.00080728
2025-06-14 00:00:00+00:00,1593.7875,16.41732074,0.96743297,0.96682517,0.00023573,0.0,0.00079602
2025-06-14 01:00:00+00:00,1544.6675,16.34363204,0.96612877,0.96551113,0.00021967,0.0,0.00068229
2025-06-14 02:00:00+00:00,1509.025,16.39319534,0.96599242,0.96543711,0.00016815,0.0,0.0005312
2025-06-14 03:00:00+00:00,1480.1225,16.73808188,0.9676473,0.96706689,0.00017948,0.0,0.00065477
2025-06-14 04:00:00+00:00,1456.4825,17.84232939,0.9682507,0.96683486,0.0002351,0.00058038,0.00072758
2025-06-14 05:00:00+00:00,1580.5375,20.13814127,0.96819719,0.96657737,0.00026576,0.00054235,0.0007151
2025-06-14 06:00:00+00:00,1615.4975,24.46429082,0.96235831,0.95828935,0.0001785,0.00229292,0.00052767
2025-06-14 07:00:00+00:00,1595.155,25.82600354,0.95596393,0.95473725,0.0,0.00045619,0.0001644
2025-06-14 08:00:00+00:00,1626.6375,109.20751194,0.91708019,0.80683252,0.00053432,0.01707935,0.00107295
2025-06-14 09:00:00+00:00,1587.5625,113.56486085,0.91737228,0.80323363,0.00033091,0.018818,0.00109413
2025-06-14 10:00:00+00:00,1593.04,105.64002095,0.92119382,0.81779526,0.00035292,0.0188814,0.00104511
2025-06-14 11:00:00+00:00,1556.145,106.01527208,0.92083191,0.81704266,0.00062451,0.01911196,0.00107837
2025-06-14 12:00:00+00:00,1534.19,106.91716044,0.92130997,0.81550862,0.00064211,0.01940592,0.00111173
2025-06-14 13:00:00+00:00,1416.4225,98.77156501,0.92132441,0.8238787,0.00021524,0.01975167,0.0010148
2025-06-14 14:00:00+00:00,1399.825,26.73169001,0.95740821,0.95315298,4.925e-05,0.00196404,5.934e-05
2025-06-14 15:00:00+00:00,1584.7725,21.82625231,0.9650949,0.96356271,0.00021964,0.00066257,0.00065429
2025-06-14 16:00:00+00:00,1706.6675,20.3149997,0.96580811,0.96451284,0.00022611,0.00041574,0.00085228
2025-06-14 17:00:00+00:00,1742.2675,19.26832789,0.96832581,0.96696635,0.00038436,0.00044889,0.0008224
2025-06-14 18:00:00+00:00,1716.5025,18.43291151,0.96822126,0.96673479,0.00026877,0.00057722,0.00091719
2025-06-14 19:00:00+00:00,1662.1575,17.64633914,0.96789756,0.96679105,0.00028265,0.00036554,0.0008373
2025-06-14 20:00:00+00:00,1705.71,17.27166506,0.96843246,0.96698633,0.00038347,0.00062041,0.00081118
2025-06-14 21:00:00+00:00,1687.5,16.85860736,0.96804431,0.96682,0.00033875,0.0004745,0.00068429
2025-06-14 22:00:00+00:00,1580.5375,16.77169795,0.97053072,0.96935995,0.00044122,0.00024163,0.00080946
2025-06-14 23:00:00+00:00,1528.315,16.72219458,0.96998045,0.96882482,0.00044599,0.00028082,0.00085655
2025-06-15 00:00:00+00:00,1502.1925,16.7670527,0.97046363,0.96899332,0.00042493,0.0006717,0.00078142
2025-06-15 01:00:00+00:00,1472.6875,16.78814599,0.96850968,0.96762001,0.00048344,0.0,0.00078579
2025-06-15 02:00:00+00:00,1433.6925,16.94105013,0.96787416,0.96694629,0.00049756,0.0,0.00087298
2025-06-15 03:00:00+00:00,1384.245,17.24139187,0.96708879,0.96620966,0.00048761,0.0,0.00080434
2025-06-15 04:00:00+00:00,1389.4925,18.13680583,0.96667811,0.96564008,0.00040538,0.0,0.00088874
2025-06-15 05:00:00+00:00,1478.49,20.20435558,0.96707553,0.96572496,0.00030454,0.00033157,0.00083389
2025-06-15 06:00:00+00:00,1530.31,24.47258134,0.96312323,0.95928443,0.00022745,0.00198622,0.00057143
2025-06-15 07:00:00+00:00,1602.665,28.60091106,0.96079915,0.95478172,0.00013162,0.00159454,0.00039435
2025-06-15 08:00:00+00:00,1540.205,34.39469249,0.9511979,0.93991927,0.00011011,0.00334028,0.00020827
2025-06-15 09:00:00+00:00,1582.3575,70.32466893,0.92949509,0.86606511,0.00039181,0.01602257,0.0007163
2025-06-15 10:00:00+00:00,1709.6825,81.44395506,0.92005901,0.84353789,0.00051799,0.01797847,0.00087356
2025-06-15 11:00:00+00:00,1724.06,99.85773109,0.90929479,0.80972701,0.00056715,0.02089679,0.00113153
2025-06-15 12:00:00+00:00,1623.1675,105.90325335,0.90050259,0.79300862,0.00074316,0.02416103,0.00120866
2025-06-15 13:00:00+00:00,1525.3975,64.77783963,0.92121829,0.85898613,0.00058611,0.01933703,0.00067117
2025-06-15 14:00:00+00:00,1574.755,29.4787653,0.94994005,0.93547989,0.00029261,0.00696265,0.0004132
2025-06-15 15:00:00+00:00,1790.0075,20.75973403,0.96875457,0.96756139,0.00023456,0.00030908,0.00058558
2025-06-15 16:00:00+00:00,1816.93,19.48907623,0.97149527,0.97056863,0.00036293,0.0,0.00073109
2025-06-15 17:00:00+00:00,1883.36,18.32382279,0.97201429,0.97123615,0.00034817,0.0,0.00069941
2025-06-15 18:00:00+00:00,1923.0925,17.75089053,0.97284334,0.97199179,0.00033829,0.0,0.00072742
2025-06-15 19:00:00+00:00,1812.7525,17.26214807,0.97153174,0.97069774,0.00034736,0.00010738,0.0006828
2025-06-15 20:00:00+00:00,1796.9525,17.18714204,0.97197695,0.97073878,0.00037152,0.00046147,0.00068124
2025-06-15 21:00:00+00:00,1635.7725,16.86292575,0.97283552,0.97149514,0.00040579,0.00055502,0.00052983
2025-06-15 22:00:00+00:00,1643.76,16.6826026,0.97454566,0.97302484,0.00031401,0.00077648,0.000478
2025-06-15 23:00:00+00:00,1610.125,16.40090759,0.97439084,0.9730812,0.00026236,0.00073528,0.00057181
2025-06-16 00:00:00+00:00,1555.3425,16.18105731,0.97423819,0.97365966,0.00028803,0.0,0.00057988
2025-06-16 01:00:00+00:00,1537.9475,16.35764547,0.97438461,0.97350055,0.00030092,0.00023789,0.00064942
2025-06-16 02:00:00+00:00,1476.43,16.20369727,0.97307832,0.97249086,0.00029767,0.0,0.00052627
2025-06-16 03:00:00+00:00,1625.0675,16.66873211,0.97415128,0.97345786,0.00035919,0.0,0.0005807
2025-06-16 04:00:00+00:00,1918.5875,17.24990027,0.97670433,0.97561511,0.00047652,0.00010764,0.00068503
2025-06-16 05:00:00+00:00,2181.125,17.92975254,0.97740031,0.97627528,0.00064689,0.0,0.00061849
2025-06-16 06:00:00+00:00,2283.37,19.55714961,0.97645292,0.97095714,0.00396141,0.00075567,0.00054448
2025-06-16 07:00:00+00:00,2323.395,22.445822,0.97325998,0.96927498,1.87e-05,0.00246016,0.00049603
2025-06-16 08:00:00+00:00,2350.5525,24.14620178,0.97269941,0.96819401,0.0,0.00272182,0.00040454
2025-06-16 09:00:00+00:00,2351.9775,22.20377024,0.97798597,0.97593395,0.0,0.00109973,0.00012285
2025-06-16 10:00:00+00:00,2219.765,24.79072221,0.97493075,0.96767988,0.0001977,0.00333961,0.00026113
2025-06-16 11:00:00+00:00,2165.2525,28.40454738,0.9465773,0.93270114,0.00055039,0.00705104,0.00025718
2025-06-16 12:00:00+00:00,2056.49,25.15901588,0.95082934,0.94220051,2.363e-05,0.00428415,0.00023707
2025-06-16 13:00:00+00:00,1996.19,22.95806189,0.95520435,0.94860282,7.86e-06,0.00322573,0.00017988
2025-06-16 14:00:00+00:00,1915.35,18.79575964,0.96409506,0.96356892,0.0,1e-08,6.491e-05
2025-06-16 15:00:00+00:00,1985.2825,17.40529508,0.9718352,0.97154,0.0,1e-08,0.00010369
2025-06-16 16:00:00+00:00,1947.785,16.46530061,0.97567946,0.97530321,0.0,6e-08,0.00037367
2025-06-16 17:00:00+00:00,2051.0825,15.54422227,0.97761649,0.9773231,0.0,7e-08,0.00040478
2025-06-16 18:00:00+00:00,2183.8175,15.13378536,0.9793865,0.97899853,0.0,9e-08,0.00043214
2025-06-16 19:00:00+00:00,2165.7675,14.76114834,0.9805629,0.98032691,0.0,6e-08,0.0004388
2025-06-16 20:00:00+00:00,2070.2,14.75289307,0.98045465,0.98019914,0.0,8e-08,0.00043902
2025-06-16 21:00:00+00:00,1821.5375,14.5532113,0.98017236,0.97994195,0.0,7e-08,0.00032867
2025-06-16 22:00:00+00:00,1770.11,14.24125329,0.97800785,0.97779556,0.0,0.0,2.556e-05
2025-06-16 23:00:00+00:00,1765.1775,14.0267133,0.97717656,0.97710342,0.0,0.0,1.693e-05
2025-06-17 00:00:00+00:00,1774.1275,13.99595852,0.97688313,0.97684489,0.0,0.0,3.929e-05
2025-06-17 01:00:00+00:00,1742.5875,14.09334632,0.97625053,0.97618519,0.0,0.0,3.399e-05
2025-06-17 02:00:00+00:00,1695.4175,14.31175541,0.97530138,0.97481946,0.0,0.00033001,4.275e-05
2025-06-17 03:00:00+00:00,1747.4475,14.80442784,0.97487267,0.97475556,7.92e-06,0.0,8.894e-05
2025-06-17 04:00:00+00:00,1990.065,16.18178768,0.97392613,0.97337711,9.085e-05,1e-07,0.00049677
2025-06-17 05:00:00+00:00,2140.64,17.36715866,0.97125321,0.97070607,0.00011321,1.4e-07,0.00059867
2025-06-17 06:00:00+00:00,2216.51,18.9917883,0.96738951,0.96554708,0.0006644,0.00021782,0.00045056
2025-06-17 07:00:00+00:00,2144.4025,20.99978661,0.96244176,0.95914887,0.00119947,0.00052259,0.00031644
2025-06-17 08:00:00+00:00,2147.0075,22.79946928,0.95708588,0.95289972,7.922e-05,0.00194906,9.853e-05
2025-06-17 09:00:00+00:00,2073.905,30.73633811,0.94585593,0.92978469,0.0004113,0.0083094,0.00017697
2025-06-17 10:00:00+00:00,2060.7875,31.50596486,0.94739517,0.9309723,0.0002337,0.00862009,0.00018866
2025-06-17 11:00:00+00:00,2015.1375,33.48332393,0.94391661,0.92431287,0.00040031,0.01081475,0.00017048
2025-06-17 12:00:00+00:00,1975.6325,31.04877094,0.94369213,0.92755668,0.00020868,0.00842609,0.00015695
2025-06-17 13:00:00+00:00,1986.2275,24.56751306,0.95307349,0.94576961,9.167e-05,0.00373257,7.908e-05
2025-06-17 14:00:00+00:00,2073.6325,19.00341406,0.96457532,0.96337031,2e-08,0.00038058,2.594e-05
2025-06-17 15:00:00+00:00,2125.865,18.70243335,0.9667547,0.96405387,2.95e-05,0.0014855,7.204e-05
2025-06-17 16:00:00+00:00,2110.1525,17.04668499,0.97195885,0.96617975,0.00459971,0.00054478,0.00019156
2025-06-17 17:00:00+00:00,2126.5125,15.93570275,0.97565432,0.97552171,0.0,8e-08,0.00030128
2025-06-17 18:00:00+00:00,2076.4125,15.70264128,0.97703356,0.97674017,0.0,9e-08,0.00034862
2025-06-17 19:00:00+00:00,2231.7325,15.22164418,0.9767255,0.97664226,0.0,5e-08,0.00022187
2025-06-17 20:00:00+00:00,2188.0825,14.9213207,0.97595171,0.97578144,3.331e-05,1e-08,0.00012489
2025-06-17 21:00:00+00:00,2013.6025,14.63416249,0.97508938,0.97498596,4.97e-06,6e-08,0.00027746
2025-06-17 22:00:00+00:00,1856.895,14.53642695,0.97670767,0.97614166,9.26e-06,0.00030855,0.00018894
2025-06-17 23:00:00+00:00,1754.09,14.24727341,0.97627706,0.9758626,9.83e-06,0.00032431,0.00011754
2025-06-18 00:00:00+00:00,1696.8,14.09582691,0.97570112,0.97564814,8.69e-06,3e-08,0.00014628
2025-06-18 01:00:00+00:00,1652.7325,14.17292685,0.97528605,0.97515901,3.859e-05,4e-08,0.00018191
2025-06-18 02:00:00+00:00,1663.625,14.17795541,0.975701,0.97553234,2.676e-05,4e-08,0.00018057
2025-06-18 03:00:00+00:00,1757.9425,14.62357983,0.97554185,0.9753942,5.034e-05,1.1e-07,0.00041264
2025-06-18 04:00:00+00:00,1903.8875,15.22707444,0.97379177,0.97342949,5.923e-05,1.1e-07,0.00041683
2025-06-18 05:00:00+00:00,2072.045,16.0005406,0.97148211,0.97123416,3.934e-05,1e-07,0.00038179
2025-06-18 06:00:00+00:00,2102.835,17.26895082,0.96761292,0.96717076,7.67e-06,8e-08,0.00029647
2025-06-18 07:00:00+00:00,2075.5425,18.76071958,0.96275664,0.96222527,2.769e-05,6e-08,0.00021516
2025-06-18 08:00:00+00:00,1991.025,20.33997513,0.95858963,0.95805869,5.03e-06,1e-08,3.704e-05
2025-06-18 09:00:00+00:00,1959.055,30.84761942,0.94814391,0.93310352,0.00032015,0.00665366,0.00016308
2025-06-18 10:00:00+00:00,1948.28,32.02991171,0.94409634,0.92885887,2.221e-05,0.0072274,0.00017969
2025-06-18 11:00:00+00:00,1995.2075,29.61589649,0.94484526,0.93227037,3.409e-05,0.00592115,0.0001227
2025-06-18 12:00:00+00:00,1913.2225,29.24922837,0.94528366,0.93291492,4.147e-05,0.00608259,0.00010768
2025-06-18 13:00:00+00:00,1894.3225,27.41667657,0.94793945,0.93637598,0.0002885,0.00558423,0.00011044
2025-06-18 14:00:00+00:00,1855.4225,21.8084,0.95614228,0.95206061,5.232e-05,0.00153499,6.456e-05
2025-06-18 15:00:00+00:00,1918.4225,18.28794761,0.9629665,0.96212837,1.76e-06,0.00029925,0.00010895
2025-06-18 16:00:00+00:00,1947.9425,16.83705527,0.96871654,0.96834612,7.01e-06,6e-08,0.00025563
2025-06-18 17:00:00+00:00,1985.37,15.94620611,0.97227116,0.97200384,6.4e-06,8e-08,0.000352
2025-06-18 18:00:00+00:00,1924.595,15.96514028,0.9745889,0.97409241,2.136e-05,1.1e-07,0.00035318
2025-06-18 19:00:00+00:00,2023.04,15.78128505,0.9760498,0.9756661,1.218e-05,0.0001339,0.00038718
2025-06-18 20:00:00+00:00,2046.9625,15.57960073,0.97618475,0.97571685,7.83e-06,0.0002132,0.00030149
2025-06-18 21:00:00+00:00,1886.1125,15.17422301,0.97557532,0.97515812,5.84e-06,0.00018189,0.00028247
2025-06-18 22:00:00+00:00,1806.1375,14.81881025,0.97549975,0.97493227,4.15e-06,0.00026973,0.00010565
2025-06-18 23:00:00+00:00,1652.665,14.35977489,0.97521962,0.97491788,1.4e-06,0.00017477,4.471e-05
2025-06-19 00:00:00+00:00,1565.8525,14.03006313,0.97534364,0.97504587,0.0,0.0002531,4.87e-06
2025-06-19 01:00:00+00:00,1615.3425,13.8898161,0.97571783,0.97548233,0.0,0.00015059,6e-08
2025-06-19 02:00:00+00:00,1641.6975,13.86516464,0.9744762,0.97424759,0.0,8.859e-05,0.0
2025-06-19 03:00:00+00:00,1688.045,13.99112467,0.97392177,0.97377991,0.0,2e-08,2.682e-05
2025-06-19 04:00:00+00:00,1890.9625,14.54250466,0.97191253,0.97156024,8.3e-07,4e-08,8.578e-05
2025-06-19 05:00:00+00:00,2075.3775,15.37401238,0.97007943,0.96981407,0.0,2e-08,4.343e-05
2025-06-19 06:00:00+00:00,2148.755,17.2835731,0.96462457,0.96053032,0.00305001,0.00040952,1.4e-07
2025-06-19 07:00:00+00:00,2104.82,22.1629839,0.9587204,0.95310093,0.00025262,0.00021423,7.786e-05
2025-06-19 08:00:00+00:00,2112.585,53.64553216,0.94061363,0.89401746,2.735e-05,0.0049091,0.00042083
2025-06-19 09:00:00+00:00,1988.21,73.55980141,0.92616732,0.85483257,9.05e-06,0.00826365,0.00063249
2025-06-19 10:00:00+00:00,1873.41,74.19997506,0.91968353,0.84882298,2.317e-05,0.00830441,0.00065913
2025-06-19 11:00:00+00:00,1973.3325,73.85541164,0.9191238,0.84924698,0.00014453,0.00830359,0.00065568
2025-06-19 12:00:00+00:00,1858.845,75.50056752,0.91743884,0.84496295,0.00025199,0.008818,0.00071333
2025-06-19 13:00:00+00:00,1792.08,80.57558569,0.91475787,0.83508908,0.00022945,0.00946113,0.00075301
2025-06-19 14:00:00+00:00,1737.985,87.18895713,0.904408,0.81547596,0.00038378,0.01125976,0.0008809
2025-06-19 15:00:00+00:00,1719.9375,58.84668265,0.92326667,0.86933972,0.00043761,0.00287273,0.00048867
2025-06-19 16:00:00+00:00,1706.8075,19.84602705,0.95834981,0.94270358,0.01057173,0.00105248,5.629e-05
2025-06-19 17:00:00+00:00,1823.14,16.36118311,0.96604487,0.94924985,0.0152929,0.00081741,0.00013993
2025-06-19 18:00:00+00:00,1935.4375,16.10551143,0.96900078,0.95426891,0.01319827,0.00077569,0.00026878
2025-06-19 19:00:00+00:00,1918.38,16.14779089,0.96850619,0.94563125,0.02023438,0.0018554,0.00022111
2025-06-19 20:00:00+00:00,1801.89,15.89383322,0.96773094,0.95253983,0.01182448,0.00249564,0.00014118
2025-06-19 21:00:00+00:00,1526.085,15.50518791,0.96670464,0.96275847,5.219e-05,0.00299007,9.373e-05
2025-06-19 22:00:00+00:00,1396.085,15.59368185,0.96353734,0.95344265,0.00512282,0.00388224,2.146e-05
2025-06-19 23:00:00+00:00,1389.93,15.72997215,0.96304861,0.95124147,0.00587433,0.00479667,2.65e-05
2025-06-20 00:00:00+00:00,1360.17,15.83791829,0.9618151,0.95508391,1.375e-05,0.00566153,1.464e-05
2025-06-20 01:00:00+00:00,1357.0625,16.06598962,0.95979671,0.95250553,0.0,0.00607254,1.497e-05
2025-06-20 02:00:00+00:00,1293.29,16.39913493,0.96035111,0.95354457,0.0,0.00561756,1.51e-05
2025-06-20 03:00:00+00:00,1266.8725,17.07017722,0.96031563,0.95467736,6.84e-06,0.0044685,4.337e-05
2025-06-20 04:00:00+00:00,1462.1325,18.51580654,0.95883683,0.93691219,0.0172297,0.00344647,5.037e-05
2025-06-20 05:00:00+00:00,1588.54,19.85736189,0.95487219,0.93886926,0.01325594,0.00177936,6.516e-05
2025-06-20 06:00:00+00:00,1633.57,22.12894005,0.94781155,0.92958577,0.01490708,0.00200509,5.521e-05
2025-06-20 07:00:00+00:00,1641.9625,23.78757329,0.93974082,0.93677037,0.0,0.00181313,6.369e-05
2025-06-20 08:00:00+00:00,1683.56,25.71617855,0.9343185,0.93120149,0.0,0.00181061,3.725e-05
2025-06-20 09:00:00+00:00,1595.605,58.41516255,0.91872546,0.87582245,6.26e-06,0.00309617,0.00036629
2025-06-20 10:00:00+00:00,1565.17,28.63299317,0.92185205,0.92081753,0.0,3.464e-05,3.535e-05
2025-06-20 11:00:00+00:00,1565.35,31.27580038,0.92585187,0.91935111,2.05e-06,0.00323099,7.332e-05
2025-06-20 12:00:00+00:00,1503.33,30.29589493,0.92226563,0.92060603,3.71e-06,0.00043552,3.659e-05
2025-06-20 13:00:00+00:00,1395.7725,31.22751595,0.9250271,0.91846577,3.2e-07,0.00245153,6.761e-05
2025-06-20 14:00:00+00:00,1382.29,25.93341869,0.93841936,0.93313236,0.0,0.00350489,6.422e-05
2025-06-20 15:00:00+00:00,1401.215,23.84727135,0.94471347,0.93963919,0.0,0.00350839,7.104e-05
2025-06-20 16:00:00+00:00,1406.8075,21.48914395,0.95129586,0.94749324,3.867e-05,0.00265064,7.186e-05
2025-06-20 17:00:00+00:00,1377.3375,19.31463095,0.95926561,0.95141638,0.00593503,0.00122067,0.00011784
2025-06-20 18:00:00+00:00,1434.1775,18.05447274,0.96406437,0.9615136,0.0017983,0.00030521,7.504e-05
2025-06-20 19:00:00+00:00,1443.2425,17.24389352,0.9647341,0.96441097,7.5e-07,0.0,0.00011589
2025-06-20 20:00:00+00:00,1538.43,16.44148466,0.96674051,0.96655814,0.0,0.0,5.891e-05
2025-06-20 21:00:00+00:00,1534.33,15.79054173,0.96683855,0.96662698,0.0,0.0,2.512e-05
2025-06-20 22:00:00+00:00,1443.025,15.24263889,0.96722114,0.96697461,0.0,0.0,0.00011175
2025-06-20 23:00:00+00:00,1372.1725,15.11856017,0.96852711,0.96833104,0.0,0.0,8.603e-05
2025-06-21 00:00:00+00:00,1332.59,14.79750346,0.96867191,0.96856361,0.0,0.0,8.024e-05
2025-06-21 01:00:00+00:00,1288.2925,14.60014673,0.96765136,0.9674378,0.0,0.0,0.00010213
2025-06-21 02:00:00+00:00,1272.6025,14.65573365,0.96651203,0.96615284,0.0,0.00011007,9.665e-05
2025-06-21 03:00:00+00:00,1314.585,14.69317832,0.96755568,0.9674114,0.0,0.0,0.0
2025-06-21 04:00:00+00:00,1354.3275,15.51622668,0.96533933,0.96505048,0.0,0.0,0.0
2025-06-21 05:00:00+00:00,1368.885,16.71672246,0.96334158,0.96301852,0.0,0.0,0.0
2025-06-21 06:00:00+00:00,1436.28,18.9846361,0.96037384,0.95919186,0.0,0.00049197,7.59e-06
2025-06-21 07:00:00+00:00,1458.425,19.90595862,0.95497057,0.95447361,0.0,0.0,8.83e-06
2025-06-21 08:00:00+00:00,1623.5,21.34910288,0.95237455,0.95177923,0.0,0.0,8.87e-06
2025-06-21 09:00:00+00:00,1712.6075,22.98730595,0.94677229,0.94603172,0.0,0.0,0.0
2025-06-21 10:00:00+00:00,1657.7525,32.32069538,0.93965442,0.93060168,0.0,0.00044361,8.441e-05
2025-06-21 11:00:00+00:00,1596.91,39.03776405,0.93872075,0.91648708,0.00053976,0.01164563,0.00025652
2025-06-21 12:00:00+00:00,1526.54,38.79491158,0.94058925,0.91744557,0.00041041,0.01262329,0.00026945
2025-06-21 13:00:00+00:00,1466.8075,27.82729055,0.94340569,0.93563254,0.0001712,0.00399255,9.164e-05
2025-06-21 14:00:00+00:00,1547.9975,21.08480969,0.95017494,0.94950831,0.0,0.0,2.456e-05
2025-06-21 15:00:00+00:00,1570.07,19.44565944,0.95647709,0.95566821,0.0,0.00017062,7.746e-05
2025-06-21 16:00:00+00:00,1709.0575,18.53996816,0.96136309,0.95436156,0.00534678,0.00099293,8.852e-05
2025-06-21 17:00:00+00:00,1725.215,17.71370619,0.96607651,0.96192083,0.00286479,0.00080667,8.054e-05
2025-06-21 18:00:00+00:00,1794.8325,17.57281846,0.9689586,0.96771979,3.15e-05,0.0007558,0.00021515
2025-06-21 19:00:00+00:00,1699.7075,17.30632036,0.96925213,0.96887776,8.22e-06,0.0,0.00017417
2025-06-21 20:00:00+00:00,1648.3825,17.09371312,0.96736096,0.96430476,0.00230793,0.00049665,6.91e-06
2025-06-21 21:00:00+00:00,1539.46,17.20280432,0.96659266,0.96128037,0.00383481,0.00104731,2.699e-05
2025-06-21 22:00:00+00:00,1437.755,18.10979495,0.96150026,0.94367741,0.01239445,0.004377,0.00016088
2025-06-21 23:00:00+00:00,1410.4325,17.92943227,0.96088678,0.94382268,0.01192585,0.00416671,0.00017208
2025-06-22 00:00:00+00:00,1410.0775,17.98043783,0.9609383,0.94051195,0.01466692,0.0048337,0.00017963
2025-06-22 01:00:00+00:00,1385.5725,18.50515181,0.95915416,0.93452581,0.01765596,0.00584848,0.00011685
2025-06-22 02:00:00+00:00,1236.905,19.25554805,0.95713312,0.9308615,0.01895768,0.00605113,0.00015949
2025-06-22 03:00:00+00:00,1192.4825,20.20170884,0.95658848,0.93110773,0.01849113,0.00565623,0.00015689
2025-06-22 04:00:00+00:00,1281.4275,21.85269032,0.95471796,0.92395733,0.02450835,0.004683,0.00017142
2025-06-22 05:00:00+00:00,1352.89,27.31331724,0.94560367,0.91284242,0.02354827,0.00227403,0.00013419
2025-06-22 06:00:00+00:00,1422.9325,30.13439916,0.93079719,0.92115446,7.4e-07,0.00147286,9.836e-05
2025-06-22 07:00:00+00:00,1505.575,91.78213548,0.89504147,0.80232417,0.00064478,0.02298363,0.00093489
2025-06-22 08:00:00+00:00,1521.7925,124.52783832,0.88967026,0.7616057,0.00028156,0.02425408,0.00125863
2025-06-22 09:00:00+00:00,1520.395,114.91507936,0.90218765,0.78727431,4.635e-05,0.02182769,0.00109756
2025-06-22 10:00:00+00:00,1541.98,108.34699014,0.90246487,0.79747913,4.185e-05,0.01998731,0.00103179
2025-06-22 11:00:00+00:00,1466.77,105.00793713,0.90129204,0.80064646,4.638e-05,0.01824685,0.00103678
2025-06-22 12:00:00+00:00,1506.88,101.42318345,0.90589931,0.80678077,7.703e-05,0.01957905,0.00102681
2025-06-22 13:00:00+00:00,1521.7175,89.47317495,0.91006755,0.82198227,5.137e-05,0.01800114,0.00082164
2025-06-22 14:00:00+00:00,1614.655,35.21529818,0.93401681,0.90945878,0.00042154,0.01277267,0.00021984
2025-06-22 15:00:00+00:00,1657.5175,21.09567378,0.9543305,0.95021494,9.572e-05,0.00180741,0.0001601
2025-06-22 16:00:00+00:00,1744.085,17.40941139,0.96775174,0.9673717,0.0,0.0,7.832e-05
2025-06-22 17:00:00+00:00,1793.5125,16.27756246,0.97196144,0.9716518,0.0,0.0,0.00013768
2025-06-22 18:00:00+00:00,1696.3125,15.33144181,0.97315913,0.9728677,1.1e-07,0.0,6.965e-05
2025-06-22 19:00:00+00:00,1701.5975,15.05734623,0.97326235,0.97300209,0.0,0.0,8.631e-05
2025-06-22 20:00:00+00:00,1602.8475,15.01351752,0.9747057,0.9744922,0.0,0.0,0.00017188
2025-06-22 21:00:00+00:00,1577.5575,14.91179805,0.97404898,0.97379237,0.0,0.0,0.00016824
2025-06-22 22:00:00+00:00,1654.97,14.92407253,0.97397277,0.97368286,0.0,0.0,0.00025319
2025-06-22 23:00:00+00:00,1587.1625,15.04316236,0.97289408,0.97263049,0.0,0.0,0.00023383
2025-06-23 00:00:00+00:00,1520.84,15.00425262,0.9722877,0.97190962,0.0,0.0001777,0.00023766
2025-06-23 01:00:00+00:00,1568.44,15.29240766,0.97202875,0.97109708,0.0,0.00069399,0.00017283
2025-06-23 02:00:00+00:00,1533.36,15.34116939,0.97262344,0.97193954,0.0,0.00052101,0.0001055
2025-06-23 03:00:00+00:00,1531.0,15.46723462,0.97032378,0.96953104,0.0,0.00060602,8.514e-05
2025-06-23 04:00:00+00:00,1791.94,16.66676757,0.96856995,0.96716668,2.28e-05,0.00085488,0.00023409
2025-06-23 05:00:00+00:00,2099.66,18.19937308,0.96579038,0.96268401,2.371e-05,0.00219045,0.00016901
2025-06-23 06:00:00+00:00,2223.925,20.59388199,0.96218167,0.95678902,3.319e-05,0.00405107,0.00013822
2025-06-23 07:00:00+00:00,2149.7175,22.06677625,0.95362829,0.94920907,0.0,0.00283963,7.787e-05
2025-06-23 08:00:00+00:00,2168.045,25.29807599,0.94808398,0.939196,7.379e-05,0.00501213,0.00011791
2025-06-23 09:00:00+00:00,2220.7775,29.38165696,0.94849005,0.93052355,0.00031315,0.00832558,0.00017566
2025-06-23 10:00:00+00:00,2260.0675,29.23122745,0.94878184,0.93065856,4.329e-05,0.00843858,0.00017046
2025-06-23 11:00:00+00:00,2320.1175,28.66876058,0.95204743,0.93410809,9.998e-05,0.00803482,0.00017968
2025-06-23 12:00:00+00:00,2293.3375,29.01192762,0.94999249,0.92997518,0.00013704,0.00860344,0.00018342
2025-06-23 13:00:00+00:00,2107.34,28.46847938,0.95369365,0.93342016,0.00010163,0.00823213,0.00017185
2025-06-23 14:00:00+00:00,1965.775,30.29722264,0.9542163,0.92947106,0.00027645,0.00943076,0.00020056
2025-06-23 15:00:00+00:00,2097.9825,27.26276726,0.95863709,0.93733716,0.00019348,0.0080387,0.00025781
2025-06-23 16:00:00+00:00,2088.475,17.77040448,0.96847551,0.96362215,6.368e-05,0.00173654,0.00014373
2025-06-23 17:00:00+00:00,2087.1975,15.54214133,0.97404724,0.97288061,1.7e-07,0.00079423,0.00023607
2025-06-23 18:00:00+00:00,2056.2475,15.13206835,0.97556549,0.97432728,0.0,0.00095704,0.00021703
2025-06-23 19:00:00+00:00,2003.91,15.13477892,0.97623557,0.97344751,0.0,0.00248933,0.00011939
2025-06-23 20:00:00+00:00,1993.1875,14.96637393,0.97706955,0.97418784,0.0,0.00267022,0.00012009
2025-06-23 21:00:00+00:00,1847.17,14.24168815,0.97845068,0.97732567,0.0,0.00088623,8.207e-05
2025-06-23 22:00:00+00:00,1746.1825,14.35387906,0.97311994,0.97151752,1.964e-05,0.00137815,0.00015956
2025-06-23 23:00:00+00:00,1662.37,14.71778575,0.96980486,0.96582306,0.0,0.00372422,0.0001112
2025-06-24 00:00:00+00:00,1647.3975,14.87634879,0.96878238,0.96341272,0.0,0.00516624,0.00012018
2025-06-24 01:00:00+00:00,1613.2175,14.84312035,0.96999194,0.96513647,4.02e-06,0.00455343,0.00017631
2025-06-24 02:00:00+00:00,1637.0075,14.57371439,0.9722234,0.97017516,8.43e-06,0.00182393,0.00021456
2025-06-24 03:00:00+00:00,1721.09,14.48486973,0.97333062,0.97245707,0.0,0.00067739,0.00015304
2025-06-24 04:00:00+00:00,1940.79,14.25857811,0.97492684,0.97456796,0.0,0.00017354,0.00010373
2025-06-24 05:00:00+00:00,2129.8,15.3721471,0.97334459,0.97248202,0.0,0.00057185,9.418e-05
2025-06-24 06:00:00+00:00,2221.5975,28.57277883,0.96523941,0.94792238,3.917e-05,0.00194289,0.00020594
2025-06-24 07:00:00+00:00,2285.0325,52.29192495,0.95313418,0.90671144,1.766e-05,0.00342128,0.00040446
2025-06-24 08:00:00+00:00,2317.1875,55.29787245,0.94759214,0.89360728,0.00043136,0.00853808,0.000441
2025-06-24 09:00:00+00:00,2281.64,58.29627466,0.94703385,0.89034819,0.00031607,0.00928923,0.00045
2025-06-24 10:00:00+00:00,2256.335,63.32801488,0.94331755,0.88047611,0.00012554,0.00930775,0.00052059
2025-06-24 11:00:00+00:00,2393.4125,64.87048697,0.94616083,0.88101182,0.00015575,0.00953918,0.00057783
2025-06-24 12:00:00+00:00,2275.9675,56.29814859,0.94650918,0.89137857,0.00029814,0.00954057,0.00049872
2025-06-24 13:00:00+00:00,2254.4225,27.31218638,0.9584955,0.9406303,0.00032338,0.00905593,0.00018918
2025-06-24 14:00:00+00:00,2168.9675,26.3053919,0.95821067,0.93964995,0.00031466,0.00920563,0.00019213
2025-06-24 15:00:00+00:00,2229.6025,17.37705373,0.96749471,0.96181216,0.00160122,0.0020998,7.602e-05
2025-06-24 16:00:00+00:00,2138.9925,15.62784186,0.97215365,0.96612658,0.00419393,0.0015442,0.00012585
2025-06-24 17:00:00+00:00,2238.845,15.34281222,0.97352902,0.95589246,0.0150005,0.00228632,0.0001793
2025-06-24 18:00:00+00:00,2205.655,15.0954273,0.97419236,0.95651363,0.01495735,0.00246993,0.00020934
2025-06-24 19:00:00+00:00,2143.6925,15.32222466,0.97165682,0.96752446,5.803e-05,0.00368813,0.00026004
2025-06-24 20:00:00+00:00,2171.1,15.39612159,0.97129255,0.96710708,0.0,0.00388694,0.00032518
2025-06-24 21:00:00+00:00,2062.7925,15.51363928,0.97156171,0.96668561,0.0,0.00449311,0.00031361
2025-06-24 22:00:00+00:00,1888.32,15.45747222,0.96965625,0.96312341,0.0,0.00619708,0.0002465
2025-06-24 23:00:00+00:00,1738.0425,15.84338923,0.96842,0.96152249,0.0,0.00649169,0.00029879
2025-06-25 00:00:00+00:00,1673.405,15.600059,0.96786012,0.9619095,0.0,0.00569074,0.00021845
2025-06-25 01:00:00+00:00,1666.5275,15.64874939,0.96747389,0.96224968,0.0,0.00481549,0.00022732
2025-06-25 02:00:00+00:00,1624.4475,15.7884526,0.96831297,0.96401942,0.0,0.00400217,0.0002471
2025-06-25 03:00:00+00:00,1667.1025,15.65905876,0.97045749,0.967967,0.0,0.00216678,0.00022466
2025-06-25 04:00:00+00:00,1997.0325,15.46435312,0.97020602,0.9694102,0.0,0.00048548,0.00020173
2025-06-25 05:00:00+00:00,2079.3825,15.57799872,0.97011016,0.96967698,0.0,9e-08,0.00019558
2025-06-25 06:00:00+00:00,2050.515,16.46671035,0.96714783,0.96668011,4.2e-07,9e-08,0.00017272
2025-06-25 07:00:00+00:00,2037.4875,19.96999833,0.96228965,0.95845954,0.0,0.00027414,0.00018691
2025-06-25 08:00:00+00:00,1983.5725,45.27140222,0.94300333,0.90844611,1.01e-06,0.00210992,0.00038947
2025-06-25 09:00:00+00:00,1934.5175,46.84875909,0.9361515,0.90024926,1.39e-06,0.00361513,0.0003509
2025-06-25 10:00:00+00:00,2123.9675,41.40106782,0.93892349,0.90798601,0.00029383,0.00863735,0.00031549
2025-06-25 11:00:00+00:00,2091.075,53.67156716,0.93507237,0.88838423,0.00055447,0.00927965,0.00045141
2025-06-25 12:00:00+00:00,2067.73,41.12324604,0.93911436,0.90908336,5.926e-05,0.00870821,0.0003189
2025-06-25 13:00:00+00:00,2179.625,28.00193854,0.94766066,0.93777742,4.66e-06,0.00161732,0.00015196
2025-06-25 14:00:00+00:00,2052.6325,35.92995069,0.94861884,0.92695398,4.5e-05,0.00103527,0.00021417
2025-06-25 15:00:00+00:00,2009.05,19.54734639,0.95859456,0.95571379,0.0016649,0.00063651,6.129e-05
2025-06-25 16:00:00+00:00,1993.965,18.71450809,0.9644498,0.95174619,0.01000152,0.00233963,0.00010513
2025-06-25 17:00:00+00:00,2030.54,18.0171875,0.97095234,0.96235289,0.00637298,0.00185381,0.00020383
2025-06-25 18:00:00+00:00,2087.305,17.45885756,0.97518844,0.96952235,0.00438301,0.00097379,0.0003361
2025-06-25 19:00:00+00:00,2029.515,17.09244648,0.97451874,0.96676016,0.00630857,0.00107962,0.00034707
2025-06-25 20:00:00+00:00,1929.45,16.95634202,0.97172388,0.95464162,0.01386183,0.0029349,0.00020704
2025-06-25 21:00:00+00:00,1762.615,16.79718691,0.97006586,0.95571439,0.01011598,0.00381938,0.0001465
2025-06-25 22:00:00+00:00,1933.2775,16.05262914,0.97268267,0.96283932,0.00700368,0.0025819,0.00013997
2025-06-25 23:00:00+00:00,1823.7,15.96709439,0.97240947,0.96254068,0.00726013,0.00233737,0.00014336
2025-06-26 00:00:00+00:00,1817.125,15.96960783,0.97220986,0.96205692,0.00756379,0.00240368,0.00013271
2025-06-26 01:00:00+00:00,1839.86,16.12167551,0.97402917,0.97203873,1.07e-06,0.00160488,0.00015951
2025-06-26 02:00:00+00:00,1895.035,15.87915914,0.97486019,0.97428219,0.0,0.00038945,0.0001784
2025-06-26 03:00:00+00:00,2024.03,16.55649749,0.97425507,0.97396924,0.0,2.6e-07,0.00025931
2025-06-26 04:00:00+00:00,2240.0625,17.9115617,0.97090696,0.97058686,0.0,4e-07,0.00033649
2025-06-26 05:00:00+00:00,2454.6625,19.51379338,0.96721774,0.96673131,0.0,2.8e-07,0.00034254
2025-06-26 06:00:00+00:00,2520.345,20.92927226,0.96114836,0.96067986,0.0,2.7e-07,0.00029915
2025-06-26 07:00:00+00:00,2273.6725,23.65688857,0.95408058,0.95230628,0.0,0.00108668,0.00021649
2025-06-26 08:00:00+00:00,2271.535,24.68622163,0.95012562,0.94848886,0.0,0.00099376,0.00022612
2025-06-26 09:00:00+00:00,2146.2775,24.82145026,0.94767566,0.94628367,0.0,0.00063315,0.00016931
2025-06-26 10:00:00+00:00,2175.94,26.06792566,0.94646813,0.94462858,0.0,0.00121952,0.00015901
2025-06-26 11:00:00+00:00,2162.8775,27.04591979,0.94543371,0.94238574,0.0,0.00237395,0.00018536
2025-06-26 12:00:00+00:00,2114.4625,26.47406932,0.94682837,0.94390432,0.0,0.00225933,0.00017508
2025-06-26 13:00:00+00:00,2061.36,24.41406213,0.95105531,0.94927931,0.0,0.0011895,0.00019769
2025-06-26 14:00:00+00:00,1982.7875,21.83458027,0.95778269,0.95695295,0.0,0.00030666,0.00022024
2025-06-26 15:00:00+00:00,1940.8175,20.18089544,0.96670172,0.965707,0.0,0.00044539,0.00029155
2025-06-26 16:00:00+00:00,1858.62,19.23844116,0.97570641,0.97499313,0.00036022,5.79e-06,0.00028762
2025-06-26 17:00:00+00:00,1813.8025,18.54820438,0.97812077,0.97732557,0.00047544,0.0,0.00040761
2025-06-26 18:00:00+00:00,1746.0175,18.00861041,0.97872914,0.97817704,0.00024768,0.0,0.00046233
2025-06-26 19:00:00+00:00,1515.7875,17.65544961,0.98023461,0.97956054,0.00037798,0.0,0.00051605
2025-06-26 20:00:00+00:00,1780.115,17.18474191,0.97899165,0.97820719,0.00051368,0.0,0.000398
2025-06-26 21:00:00+00:00,1887.82,16.82690841,0.97932647,0.97873866,0.00025801,0.0,0.00043412
2025-06-26 22:00:00+00:00,1714.715,16.56384288,0.97704962,0.97677045,3.136e-05,0.0,0.00025758
2025-06-26 23:00:00+00:00,1692.1175,16.49654781,0.97701109,0.97666554,1.349e-05,0.0,0.00023772
2025-06-27 00:00:00+00:00,1716.7225,16.39562642,0.97599994,0.97581967,0.0,0.0,0.00025057
2025-06-27 01:00:00+00:00,1707.4075,16.62209149,0.97507694,0.97467579,0.0,0.0,0.00024911
2025-06-27 02:00:00+00:00,1731.8525,16.61316193,0.97462497,0.97439202,0.0,2.275e-05,0.00024998
2025-06-27 03:00:00+00:00,1727.86,17.02143733,0.97513916,0.97432765,0.0,0.00045782,0.00023124
2025-06-27 04:00:00+00:00,1906.545,17.25651823,0.97596149,0.97559298,7.934e-05,0.0,0.00036108
2025-06-27 05:00:00+00:00,2019.595,17.87898922,0.97707616,0.97651366,0.00013859,0.0,0.00045991
2025-06-27 06:00:00+00:00,2216.4,18.2321893,0.97729341,0.97682579,3.863e-05,0.0,0.0002864
2025-06-27 07:00:00+00:00,2306.1625,18.38904696,0.9739617,0.97333721,0.0,5.443e-05,0.00019841
2025-06-27 08:00:00+00:00,2263.28,18.61261297,0.97123931,0.97074622,0.0,0.0,0.0001487
2025-06-27 09:00:00+00:00,2127.0225,19.20136909,0.96814683,0.96742891,0.0,4.165e-05,0.00011223
2025-06-27 10:00:00+00:00,2068.65,19.71481341,0.96639077,0.96593631,0.0,0.0,0.00012364
2025-06-27 11:00:00+00:00,1937.175,21.44515631,0.96424532,0.96218702,6.6e-07,7.651e-05,0.00012457
2025-06-27 12:00:00+00:00,1806.115,27.44943806,0.96034221,0.95010602,5.69e-06,0.00051418,0.00012844
2025-06-27 13:00:00+00:00,1801.5125,19.69836479,0.96611181,0.96561487,0.0,0.0,4.599e-05
2025-06-27 14:00:00+00:00,1817.2975,18.64577156,0.96897415,0.96862764,0.0,0.0,7.171e-05
2025-06-27 15:00:00+00:00,1821.15,17.37618001,0.9725713,0.97212902,0.0,0.0,0.00010104
2025-06-27 16:00:00+00:00,1812.56,15.93298181,0.97674763,0.97652399,0.0,0.0,9.599e-05
2025-06-27 17:00:00+00:00,1820.865,15.09442369,0.97964132,0.97937705,0.0,0.0,0.00011938
2025-06-27 18:00:00+00:00,1908.6175,14.53175254,0.98181775,0.98167448,0.0,0.0,0.00011196
2025-06-27 19:00:00+00:00,1841.75,14.32435448,0.98230551,0.98212668,0.0,0.0,0.00010892
2025-06-27 20:00:00+00:00,1705.99,14.26169098,0.98248014,0.98231952,0.0,0.0,0.00010228
2025-06-27 21:00:00+00:00,1654.115,14.37242582,0.98177209,0.98149175,0.0,0.0,0.00011531
2025-06-27 22:00:00+00:00,1624.5025,14.48461203,0.98173846,0.98156683,0.0,0.0,0.00015628
2025-06-27 23:00:00+00:00,1571.215,14.68956788,0.98140137,0.98105618,0.0,0.0,0.00020594
2025-06-28 00:00:00+00:00,1533.5725,14.88026084,0.98050901,0.98034422,0.0,0.0,0.0002653
2025-06-28 01:00:00+00:00,1440.7675,15.13601993,0.97778078,0.97731359,0.0,0.0,0.00019602
2025-06-28 02:00:00+00:00,1427.9825,15.23981613,0.97691252,0.97667387,0.0,0.0,0.00018724
2025-06-28 03:00:00+00:00,1376.8675,15.52980676,0.97507007,0.97470589,0.0,0.0,0.00022146
2025-06-28 04:00:00+00:00,1439.0775,16.54970592,0.96972311,0.96924922,0.0,0.0001863,0.000241
2025-06-28 05:00:00+00:00,1519.2525,18.13914033,0.96401059,0.9631609,1.2e-07,0.00039307,0.00024378
2025-06-28 06:00:00+00:00,1635.5575,19.37636189,0.9635364,0.96249105,0.0,0.00054015,0.00026507
2025-06-28 07:00:00+00:00,1729.2625,21.13000366,0.95596142,0.95287191,2.452e-05,0.00097617,0.00024415
2025-06-28 08:00:00+00:00,1741.6875,34.29025724,0.93794347,0.91471487,6.035e-05,0.01239681,0.00026664
2025-06-28 09:00:00+00:00,1737.775,38.05056044,0.93410024,0.90514961,9.531e-05,0.01573461,0.00031129
2025-06-28 10:00:00+00:00,1784.905,32.23487805,0.94561285,0.92415595,1.057e-05,0.01217598,0.00026322
2025-06-28 11:00:00+00:00,1625.3825,32.87051558,0.94534816,0.92285901,3.838e-05,0.01259513,0.00027767
2025-06-28 12:00:00+00:00,1760.6775,33.02104932,0.94504315,0.92116503,2.23e-06,0.01368077,0.00030231
2025-06-28 13:00:00+00:00,1651.0775,32.11500362,0.94361696,0.91900516,5.85e-06,0.01403888,0.0003067
2025-06-28 14:00:00+00:00,1720.6475,26.03859599,0.95345952,0.93562271,2.438e-05,0.01012512,0.00028481
2025-06-28 15:00:00+00:00,1744.025,17.22413637,0.96896996,0.96613994,6.294e-05,0.00125303,0.00021674
2025-06-28 16:00:00+00:00,1805.8875,15.80049744,0.97641522,0.97611639,0.0,0.0,0.00024183
2025-06-28 17:00:00+00:00,1787.7625,15.42568411,0.97809429,0.97774613,0.0,0.0,0.00024245
2025-06-28 18:00:00+00:00,1667.6725,15.11470056,0.9787906,0.97857854,0.0,0.0,0.00025968
2025-06-28 19:00:00+00:00,1634.215,14.97131664,0.97973608,0.9794897,0.0,0.0,0.00024412
2025-06-28 20:00:00+00:00,1621.985,14.76716593,0.97957642,0.97937072,0.0,1.17e-06,0.00020132
2025-06-28 21:00:00+00:00,1490.985,14.54462159,0.97970816,0.97939285,0.0,0.0,0.00011159
2025-06-28 22:00:00+00:00,1472.85,13.99238609,0.97739581,0.97721753,0.0,0.0,0.00017285
2025-06-28 23:00:00+00:00,1424.1175,14.07865222,0.97785423,0.97704147,8.106e-05,0.00034121,0.00031185
2025-06-29 00:00:00+00:00,1364.8325,13.96382713,0.97877204,0.97786278,6.673e-05,0.00065243,0.00029948
2025-06-29 01:00:00+00:00,1358.62,13.9542793,0.97944723,0.97845526,4.875e-05,0.00047308,0.0002281
2025-06-29 02:00:00+00:00,1366.86,13.80871657,0.97874341,0.97820799,6.059e-05,0.00025218,0.00022385
2025-06-29 03:00:00+00:00,1412.38,14.21393364,0.97771,0.97705727,9.667e-05,0.0002198,0.00031889
2025-06-29 04:00:00+00:00,1479.6825,14.77553565,0.97552838,0.97505112,6.118e-05,0.00018091,0.00022626
2025-06-29 05:00:00+00:00,1480.9375,15.89491732,0.97261423,0.97219883,2.02e-05,4.199e-05,7.065e-05
2025-06-29 06:00:00+00:00,1459.3525,17.15675235,0.96701216,0.96658584,0.0,8.967e-05,0.0
2025-06-29 07:00:00+00:00,1380.0125,19.001932,0.96147129,0.96086536,0.0,5.87e-05,0.0
2025-06-29 08:00:00+00:00,1467.17,20.44958003,0.95620615,0.95571546,0.0,0.0,0.0
2025-06-29 09:00:00+00:00,1597.915,21.57481395,0.95399941,0.95334405,0.0,5.787e-05,0.0
2025-06-29 10:00:00+00:00,1739.485,30.59556949,0.94746433,0.93918051,0.0,0.00117996,6.732e-05
2025-06-29 11:00:00+00:00,1819.1925,46.92285562,0.94299616,0.91372923,1.14e-06,0.00146554,0.00029787
2025-06-29 12:00:00+00:00,1823.275,59.21776334,0.93784827,0.89213078,2.99e-06,0.00179231,0.00049807
2025-06-29 13:00:00+00:00,1738.395,55.86151263,0.93845784,0.89069629,1.074e-05,0.00951596,0.0005181
2025-06-29 14:00:00+00:00,1679.7325,22.64307167,0.95426526,0.94962565,2.941e-05,0.00157773,4.647e-05
2025-06-29 15:00:00+00:00,1753.7075,18.23094249,0.96534171,0.96346555,1.011e-05,7.755e-05,1.654e-05
2025-06-29 16:00:00+00:00,1726.68,15.58238586,0.97083694,0.97060908,0.0,3.05e-05,2.294e-05
2025-06-29 17:00:00+00:00,1751.915,14.42858878,0.97391651,0.97365433,0.0,1e-08,3.449e-05
2025-06-29 18:00:00+00:00,1786.3275,13.73172738,0.97619717,0.97607623,0.0,2e-08,6.008e-05
2025-06-29 19:00:00+00:00,1761.525,13.36141969,0.97684784,0.97668272,0.0,3e-08,5.401e-05
2025-06-29 20:00:00+00:00,1774.545,13.41415849,0.9768189,0.97653666,0.0,0.00017398,3.237e-05
2025-06-29 21:00:00+00:00,1764.645,13.50798658,0.97727343,0.97698257,0.0,4.723e-05,2.31e-05
2025-06-29 22:00:00+00:00,1679.01,13.50826562,0.97691986,0.97648642,0.0,0.00031098,4.179e-05
2025-06-29 23:00:00+00:00,1610.525,13.67640943,0.9765422,0.97604273,0.0,0.00018987,0.00010024
2025-06-30 00:00:00+00:00,1600.25,13.77219405,0.97659805,0.97618661,0.0,0.00030657,0.00011478
2025-06-30 01:00:00+00:00,1560.6775,13.9124902,0.97595104,0.9754511,0.0,5.364e-05,0.00012645
2025-06-30 02:00:00+00:00,1466.4525,14.08994862,0.97263786,0.97151796,0.0,0.00090891,0.00011296
2025-06-30 03:00:00+00:00,1548.09,14.82778502,0.96919144,0.96774515,1.607e-05,0.00110133,0.00017356
2025-06-30 04:00:00+00:00,1810.2675,16.93562028,0.96558037,0.95208682,0.01121625,0.00201917,9.125e-05
2025-06-30 05:00:00+00:00,2076.4775,19.41575818,0.96155273,0.94565766,0.01295049,0.00239095,7.17e-05
2025-06-30 06:00:00+00:00,2126.115,20.99957122,0.95713525,0.94297239,0.01163751,0.00200947,5.743e-05
2025-06-30 07:00:00+00:00,2112.1475,22.89310478,0.95089758,0.94819272,5.24e-06,0.00201097,3.818e-05
2025-06-30 08:00:00+00:00,2062.7375,24.31309468,0.94602001,0.94048416,0.00290373,0.00205393,1.746e-05
2025-06-30 09:00:00+00:00,2062.545,37.20914649,0.93869401,0.91351049,0.0078448,0.00225938,0.00016268
2025-06-30 10:00:00+00:00,2037.5775,53.02671745,0.93202722,0.89497604,0.00144531,0.00151984,0.00035809
2025-06-30 11:00:00+00:00,2036.0875,54.9170856,0.93090061,0.89324246,9.84e-06,0.00179475,0.00035704
2025-06-30 12:00:00+00:00,1946.965,50.28596242,0.93184596,0.89918693,6.04e-06,0.00182409,0.00029097
2025-06-30 13:00:00+00:00,1954.195,26.81052002,0.94244315,0.93762582,1.6e-07,0.00236333,3.227e-05
2025-06-30 14:00:00+00:00,1895.1825,24.77247696,0.9445985,0.93974066,0.0,0.00325877,9.165e-05
2025-06-30 15:00:00+00:00,2000.5375,22.33951264,0.9502867,0.94606847,3.544e-05,0.00274729,0.00020549
2025-06-30 16:00:00+00:00,2065.43,20.42462718,0.95644958,0.94158174,0.01134914,0.00254755,0.00022854
2025-06-30 17:00:00+00:00,2069.535,19.1037417,0.96301092,0.95153428,0.00932134,0.0014332,0.00036847
2025-06-30 18:00:00+00:00,2026.26,18.3883383,0.96726468,0.96030778,0.00557238,0.0008814,0.00046953
2025-06-30 19:00:00+00:00,1983.4425,18.01354932,0.96930869,0.96511513,0.0029489,0.00074983,0.00046511
2025-06-30 20:00:00+00:00,1919.55,18.04381566,0.96807542,0.95818836,0.00711195,0.00215263,0.00041009
2025-06-30 21:00:00+00:00,1781.2025,17.7026839,0.96558836,0.95388857,0.00839236,0.00241407,0.00038286
2025-06-30 22:00:00+00:00,1680.495,17.79302713,0.96423088,0.95076876,0.0093917,0.00291452,0.00037309
2025-06-30 23:00:00+00:00,1669.2925,18.67325081,0.9635067,0.94555308,0.01118457,0.00424112,0.00034914
2025-07-01 00:00:00+00:00,1673.3825,19.08593207,0.96345506,0.95601627,0.0,0.00385243,0.00035582
2025-07-01 01:00:00+00:00,1665.995,19.79707354,0.9629978,0.95416974,5.77e-05,0.00391763,0.00040097
2025-07-01 02:00:00+00:00,1637.2375,20.37710875,0.96167903,0.94103222,0.01147737,0.00384803,0.00037371
2025-07-01 03:00:00+00:00,1681.0375,18.93041538,0.96307842,0.95374387,0.00581394,0.00136708,0.0004194
2025-07-01 04:00:00+00:00,1879.4175,20.33978253,0.96411811,0.95573383,0.00510587,0.00130014,0.00040578
2025-07-01 05:00:00+00:00,2050.25,22.63566012,0.9619275,0.95162869,0.0066456,0.00134533,0.00033226
2025-07-01 06:00:00+00:00,2106.915,26.15812604,0.95551954,0.94451729,0.0048263,0.00220738,0.00025016
2025-07-01 07:00:00+00:00,2113.9725,28.88988275,0.94977487,0.94212161,8.009e-05,0.00256041,0.00021921
2025-07-01 08:00:00+00:00,2170.355,30.34031821,0.94243128,0.93489058,0.0,0.00253466,0.00012996
2025-07-01 09:00:00+00:00,2111.915,39.7513559,0.9355159,0.9173496,0.0,0.00294211,0.00012406
2025-07-01 10:00:00+00:00,2060.99,31.5770721,0.94044203,0.9325362,0.0,0.00267005,7.202e-05
2025-07-01 11:00:00+00:00,2017.745,31.39399182,0.94283621,0.93483107,0.0,0.00265772,9.268e-05
2025-07-01 12:00:00+00:00,1967.905,30.1285736,0.94326109,0.93583318,0.0,0.00250569,9.434e-05
2025-07-01 13:00:00+00:00,2002.9875,28.81581941,0.9472504,0.93953898,0.0,0.00234056,0.00014132
2025-07-01 14:00:00+00:00,1981.9975,26.03140294,0.95021536,0.9444144,0.0,0.00182542,9.359e-05
2025-07-01 15:00:00+00:00,1977.1525,22.6755116,0.9555485,0.95157465,2.889e-05,0.00125869,0.00016642
2025-07-01 16:00:00+00:00,2060.015,18.91364406,0.96494711,0.96453993,6.727e-05,0.0,0.00033238
2025-07-01 17:00:00+00:00,2129.8575,17.91500607,0.97098453,0.97019657,0.00039043,0.0,0.00053177
2025-07-01 18:00:00+00:00,2101.3325,17.16893641,0.97104545,0.9702446,0.00052015,0.0,0.00047833
2025-07-01 19:00:00+00:00,2067.1425,16.70075383,0.97191887,0.97141896,0.00016209,0.0,0.00051733
2025-07-01 20:00:00+00:00,1940.55,16.02425232,0.97117858,0.97092028,3.879e-05,0.0,0.00034949
2025-07-01 21:00:00+00:00,1767.8225,15.59363828,0.97025223,0.9699353,0.0,8.29e-06,0.00023112
2025-07-01 22:00:00+00:00,1706.1775,18.74354906,0.96931955,0.96177412,0.0,0.00129042,0.00031979
2025-07-01 23:00:00+00:00,1682.1375,18.26446684,0.96914663,0.96289096,0.0,0.00108963,0.00029282
2025-07-02 00:00:00+00:00,1663.295,18.93360007,0.96866127,0.96109525,0.0,0.0013977,0.00032526
2025-07-02 01:00:00+00:00,1662.3875,18.11751835,0.96867291,0.96333587,0.0,0.00092593,0.00033259
2025-07-02 02:00:00+00:00,1635.51,16.10365019,0.96966883,0.96935919,0.0,0.0,0.00036326
2025-07-02 03:00:00+00:00,1657.385,16.70724268,0.96965023,0.96897804,2.177e-05,0.00029452,0.00041075
2025-07-02 04:00:00+00:00,1868.035,17.8607482,0.96804024,0.96759012,9.824e-05,0.0,0.00046349
2025-07-02 05:00:00+00:00,2195.345,19.59542667,0.96632626,0.96562854,0.00018601,0.0,0.00057694
2025-07-02 06:00:00+00:00,2261.15,21.02167698,0.96040235,0.95975135,0.00014547,0.0,0.00054324
2025-07-02 07:00:00+00:00,2234.71,27.05062572,0.95370787,0.9442712,0.00131273,0.00084281,0.0003133
2025-07-02 08:00:00+00:00,2213.5175,34.58339719,0.94720174,0.92980871,0.0,0.0020794,0.00020732
2025-07-02 09:00:00+00:00,2249.655,39.42823751,0.94144596,0.91965278,0.0,0.00312912,0.00016085
2025-07-02 10:00:00+00:00,2397.245,51.93707559,0.93570426,0.89876273,0.0,0.00268493,0.0002717
2025-07-02 11:00:00+00:00,2403.3,34.61520088,0.94497787,0.9288172,0.0,0.0023787,0.00012533
2025-07-02 12:00:00+00:00,2401.4625,35.13763442,0.94590956,0.92716631,0.0,0.00258133,0.00011201
2025-07-02 13:00:00+00:00,2449.0,32.57903139,0.9486846,0.93208572,0.0,0.00235886,0.00011055
2025-07-02 14:00:00+00:00,2477.77,29.30751259,0.95285594,0.93928927,1.311e-05,0.00175951,0.0001402
2025-07-02 15:00:00+00:00,2451.9025,21.91463529,0.95521058,0.95094926,0.001663,0.00023508,0.0002347
2025-07-02 16:00:00+00:00,2227.1775,19.70725198,0.95573708,0.9552368,8.599e-05,0.0,0.00034488
2025-07-02 17:00:00+00:00,2205.8925,18.92534311,0.95787173,0.95698577,0.00030625,0.00021949,0.00044757
2025-07-02 18:00:00+00:00,2098.2125,18.21412903,0.95687933,0.95637515,0.00023922,0.0,0.00039934
2025-07-02 19:00:00+00:00,2117.4875,17.84185731,0.96652091,0.96601647,0.00014443,0.0,0.00051185
2025-07-02 20:00:00+00:00,1986.04,17.47117307,0.96432762,0.96337677,1.896e-05,0.0006342,0.0003563
2025-07-02 21:00:00+00:00,1623.59,17.04611727,0.962246,0.9618325,0.0,0.0001107,0.00028102
2025-07-02 22:00:00+00:00,1451.39,16.61691838,0.97213517,0.97192028,0.0,0.0,0.00023635
2025-07-02 23:00:00+00:00,1652.2825,16.67866478,0.97231156,0.97203565,0.0,1.149e-05,0.00023183
2025-07-03 00:00:00+00:00,1706.63,16.56990416,0.97216012,0.97197108,0.0,0.0,0.00026593
2025-07-03 01:00:00+00:00,1796.54,17.94321433,0.97029981,0.96700037,0.0,0.0006052,0.00031438
2025-07-03 02:00:00+00:00,1724.995,19.94316616,0.96782066,0.9592396,0.0,0.00173834,0.00023329
2025-07-03 03:00:00+00:00,1644.625,16.25284056,0.97148346,0.9708724,0.0,0.00040202,0.00018233
2025-07-03 04:00:00+00:00,1730.3275,17.67104067,0.97183824,0.96895754,0.0,0.00044451,0.00017744
2025-07-03 05:00:00+00:00,1943.39,21.97838709,0.96970205,0.95997161,0.0,0.00118633,0.0001353
2025-07-03 06:00:00+00:00,2010.035,24.96682901,0.96677136,0.95397027,0.0,0.00160486,7.465e-05
2025-07-03 07:00:00+00:00,1923.1275,28.45664357,0.96133308,0.94489037,0.0,0.00174242,4.418e-05
2025-07-03 08:00:00+00:00,1998.5625,22.51389394,0.95937862,0.95472483,0.0,0.00030195,4.217e-05
2025-07-03 09:00:00+00:00,1922.855,20.75744009,0.95860808,0.95807495,0.0,0.0,3.526e-05
2025-07-03 10:00:00+00:00,1923.98,21.44194275,0.9555607,0.95502287,0.0,6.958e-05,7.313e-05
2025-07-03 11:00:00+00:00,1953.3725,21.2898484,0.95529971,0.95476814,0.0,4.83e-05,5.721e-05
2025-07-03 12:00:00+00:00,1926.3075,20.84584655,0.95669964,0.95623125,0.0,0.0,6.515e-05
2025-07-03 13:00:00+00:00,1858.245,20.06552852,0.95807669,0.95765235,0.0,0.0,4.957e-05
2025-07-03 14:00:00+00:00,1820.45,18.87435467,0.96185118,0.96148694,0.0,0.0,4.156e-05
2025-07-03 15:00:00+00:00,1856.285,17.37768486,0.9670489,0.96668029,0.0,0.0,6.04e-05
2025-07-03 16:00:00+00:00,1865.93,15.8746337,0.97068763,0.97042557,0.0,0.0,7.974e-05
2025-07-03 17:00:00+00:00,1911.3425,15.43517893,0.97390639,0.97158282,0.0,0.00031743,4.691e-05
2025-07-03 18:00:00+00:00,2071.3525,15.79914217,0.97582002,0.97131822,0.0,0.00062062,4.445e-05
2025-07-03 19:00:00+00:00,2112.0225,18.07521693,0.97435235,0.96347784,0.0,0.00260878,1.66e-06
2025-07-03 20:00:00+00:00,2045.27,17.58732252,0.97387614,0.96499162,0.0,0.00176008,4.49e-06
2025-07-03 21:00:00+00:00,1888.645,20.66615162,0.97092671,0.95413017,0.0,0.00467217,1.3e-06
2025-07-03 22:00:00+00:00,1810.6675,16.89788759,0.97506013,0.96840935,0.0,0.00187167,5.7e-07
2025-07-03 23:00:00+00:00,1726.585,16.52784656,0.97638222,0.97130327,0.0,0.0008352,1.2e-07
2025-07-04 00:00:00+00:00,1647.1525,15.92608531,0.97895897,0.97448872,0.0,0.00164603,5.8e-07
2025-07-04 01:00:00+00:00,1601.86,14.65041256,0.97966699,0.97781368,0.0,0.00169994,4.8e-07
2025-07-04 02:00:00+00:00,1569.3275,14.58994577,0.97881736,0.97735196,0.0,0.00130619,0.0
2025-07-04 03:00:00+00:00,1573.7825,14.81385328,0.97553867,0.97511189,0.0,0.00031551,0.0
2025-07-04 04:00:00+00:00,1804.17,15.79759844,0.97384599,0.97313589,0.0,0.00052588,1.586e-05
2025-07-04 05:00:00+00:00,1971.885,16.97948227,0.97128671,0.9702501,0.0,0.00068878,7.251e-05
2025-07-04 06:00:00+00:00,2018.975,20.91870312,0.96441052,0.95941088,9.72e-06,0.00098895,4.377e-05
2025-07-04 07:00:00+00:00,2038.7725,26.31133753,0.95878106,0.94703204,0.0,0.00186168,2.945e-05
2025-07-04 08:00:00+00:00,2111.2275,27.39592897,0.95959608,0.94735756,0.0,0.00140296,1.721e-05
2025-07-04 09:00:00+00:00,2138.125,28.70514647,0.95819433,0.94524323,0.0,0.00169531,1.746e-05
2025-07-04 10:00:00+00:00,1985.155,24.34841103,0.95678412,0.95157004,0.0,0.00104319,2.118e-05
2025-07-04 11:00:00+00:00,1999.615,27.68744605,0.94955423,0.94009851,0.0001422,0.00459307,0.00016895
2025-07-04 12:00:00+00:00,1909.3225,29.85604374,0.94727926,0.93298602,0.00021605,0.00735286,0.00015589
2025-07-04 13:00:00+00:00,1955.81,27.50260482,0.95391532,0.94075481,0.00013043,0.00720949,0.00022999
2025-07-04 14:00:00+00:00,1994.24,20.59356861,0.9622735,0.95862901,3.747e-05,0.00212588,0.00014952
2025-07-04 15:00:00+00:00,2135.2325,19.60956599,0.97094901,0.96718138,9.88e-06,0.00039177,5.57e-05
2025-07-04 16:00:00+00:00,2154.405,17.51934567,0.97521311,0.9745036,0.00017656,2.305e-05,8.489e-05
2025-07-04 17:00:00+00:00,2056.48,17.11179261,0.97922396,0.97897738,0.0,6e-08,0.00013024
2025-07-04 18:00:00+00:00,1949.7675,17.09835717,0.98072225,0.98051529,0.0,8e-08,0.00017231
2025-07-04 19:00:00+00:00,1906.7225,17.19835166,0.98029577,0.98001993,0.0,1e-07,0.00023415
2025-07-04 20:00:00+00:00,1816.3925,16.92309233,0.98023961,0.98008163,0.0,7e-08,0.00014131
2025-07-04 21:00:00+00:00,1747.355,16.78958591,0.98122538,0.9810755,0.0,5e-08,0.00010287
2025-07-04 22:00:00+00:00,1683.71,16.58677479,0.979124,0.97894404,0.0,1.2e-07,0.00014392
2025-07-04 23:00:00+00:00,1554.5325,16.93058447,0.97715341,0.97552862,0.0,0.000227,0.00021222
2025-07-05 00:00:00+00:00,1512.7825,16.56868437,0.97674666,0.9758652,0.0,9.688e-05,0.00022057
2025-07-05 01:00:00+00:00,1483.325,16.25717206,0.97652142,0.97631946,0.0,1e-07,0.00020967
2025-07-05 02:00:00+00:00,1350.705,16.45105846,0.97639797,0.9761574,0.0,1.5e-07,0.00018231
2025-07-05 03:00:00+00:00,1252.3975,16.43416867,0.97645306,0.97623621,0.0,1.3e-07,0.00022798
2025-07-05 04:00:00+00:00,1253.07,16.33276019,0.97609654,0.97581614,0.0,1.2e-07,0.00022016
2025-07-05 05:00:00+00:00,1367.1375,16.50809433,0.97520186,0.97488604,0.0,8e-08,0.00015803
2025-07-05 06:00:00+00:00,1639.41,16.78937317,0.97126952,0.97083501,0.0,7e-08,0.00015869
2025-07-05 07:00:00+00:00,1591.22,16.03194309,0.96583041,0.96517681,1.3e-06,0.0,0.00014132
2025-07-05 08:00:00+00:00,1689.505,29.06953393,0.95414389,0.93088832,0.00050775,0.01098572,0.00036478
2025-07-05 09:00:00+00:00,1774.675,79.93812046,0.93067783,0.84394251,0.00095721,0.01270664,0.00086149
2025-07-05 10:00:00+00:00,1812.3425,76.85200094,0.93406056,0.85292847,0.00072498,0.01184309,0.00088389
2025-07-05 11:00:00+00:00,1747.345,79.21221449,0.93196311,0.8489899,0.00032904,0.01208859,0.00092583
2025-07-05 12:00:00+00:00,1754.5075,62.94571536,0.94049121,0.8767461,0.00036733,0.01156265,0.00073694
2025-07-05 13:00:00+00:00,1784.3625,25.54949335,0.96000541,0.94100917,0.0007201,0.01047567,0.00027352
2025-07-05 14:00:00+00:00,1735.9575,24.37967279,0.96372917,0.94625714,0.00091796,0.0091811,0.00031438
2025-07-05 15:00:00+00:00,1773.515,17.2303882,0.97358376,0.97041405,0.0001058,0.00140602,0.00014347
2025-07-05 16:00:00+00:00,1774.5875,16.11747362,0.97976062,0.979475,0.0,0.0,6.304e-05
2025-07-05 17:00:00+00:00,1773.85,15.98649077,0.98144729,0.98115518,1.263e-05,0.0,0.00018686
2025-07-05 18:00:00+00:00,1689.97,15.78363749,0.98000961,0.97978282,2.709e-05,0.0,0.00027252
2025-07-05 19:00:00+00:00,1695.8,15.67465547,0.97829738,0.9780037,3.142e-05,0.0,0.00029697
2025-07-05 20:00:00+00:00,1641.4625,15.52112576,0.97792476,0.97772895,1.135e-05,0.0,0.00024077
2025-07-05 21:00:00+00:00,1481.5875,15.53247364,0.97828117,0.97807542,3.4e-07,0.0,0.00016383
2025-07-05 22:00:00+00:00,1411.36,15.32529332,0.97557568,0.97533022,0.0,0.0,0.00018727
2025-07-05 23:00:00+00:00,1413.1975,15.69444817,0.97486613,0.97395413,1.03e-05,0.00062355,0.0002861
2025-07-06 00:00:00+00:00,1352.5175,15.56711106,0.9738833,0.97343134,0.0,0.00020227,0.00027294
2025-07-06 01:00:00+00:00,1361.3025,15.78527149,0.97380154,0.97333558,3.48e-06,0.00017529,0.00028897
2025-07-06 02:00:00+00:00,1296.93,15.79801086,0.97278527,0.97191255,0.0,0.00059607,0.00027779
2025-07-06 03:00:00+00:00,1284.3825,15.85867383,0.97178646,0.97111556,0.0,0.000317,0.00024027
2025-07-06 04:00:00+00:00,1344.2325,16.26639565,0.97169819,0.97137426,4.67e-06,1.064e-05,0.00027795
2025-07-06 05:00:00+00:00,1460.625,16.96773256,0.97049917,0.97009909,0.0,1.8e-07,0.00028336
2025-07-06 06:00:00+00:00,1580.895,17.56854771,0.96793129,0.96753173,0.0,3e-08,6.654e-05
2025-07-06 07:00:00+00:00,1667.495,18.24869183,0.9674303,0.966865,0.0,0.0,0.00011957
2025-07-06 08:00:00+00:00,1770.6,21.62679814,0.9655638,0.96050214,0.0,0.00034095,0.00017608
2025-07-06 09:00:00+00:00,1867.27,24.42047616,0.96295942,0.95435919,0.0,0.00062789,0.00014513
2025-07-06 10:00:00+00:00,1834.815,30.05989196,0.95741364,0.94067163,0.0,0.0010299,0.00014768
2025-07-06 11:00:00+00:00,1824.9275,25.03450836,0.95568295,0.94737664,0.0,0.00052358,0.00017016
2025-07-06 12:00:00+00:00,1604.435,26.88157397,0.95423424,0.94324958,0.0,0.00073249,9.803e-05
2025-07-06 13:00:00+00:00,1554.9025,24.77485084,0.95748144,0.94937714,0.0,0.00081403,0.00012072
2025-07-06 14:00:00+00:00,1489.43,25.98249469,0.9582481,0.9472759,0.0,0.00125623,0.00010031
2025-07-06 15:00:00+00:00,1642.255,19.75708578,0.96334403,0.96275307,0.0,0.0,0.00018046
2025-07-06 16:00:00+00:00,1830.405,19.09568202,0.968383,0.9679481,2.115e-05,0.0,0.00028172
2025-07-06 17:00:00+00:00,1913.8025,18.77625892,0.97259921,0.97214651,6.814e-05,0.0,0.00039947
2025-07-06 18:00:00+00:00,1864.7025,18.49587656,0.97369839,0.97332546,8.692e-05,0.0,0.00046803
2025-07-06 19:00:00+00:00,1775.615,18.29338402,0.97338402,0.9729088,9.371e-05,0.0,0.00050919
2025-07-06 20:00:00+00:00,1784.8775,18.06364641,0.97316806,0.97281702,6.663e-05,0.0,0.00040847
2025-07-06 21:00:00+00:00,1672.7,17.9586891,0.97215923,0.97179905,4.512e-05,0.0,0.00039019
2025-07-06 22:00:00+00:00,1606.61,17.82431741,0.9698286,0.96953212,0.0,0.0,0.00025882
2025-07-06 23:00:00+00:00,1518.135,17.91486947,0.96813479,0.96788092,0.0,0.0,0.00030225
2025-07-07 00:00:00+00:00,1478.2925,18.02361615,0.96883334,0.9684998,0.0,0.0001018,0.0002556
2025-07-07 01:00:00+00:00,1458.2575,19.35477686,0.96657142,0.96328165,0.0,0.00066084,0.00024487
2025-07-07 02:00:00+00:00,1472.56,19.23622762,0.96760463,0.96503765,0.0,0.00043395,0.00028445
2025-07-07 03:00:00+00:00,1490.3375,18.47398767,0.96781994,0.96719572,0.0,0.0003661,0.00026193
2025-07-07 04:00:00+00:00,1662.75,18.80189709,0.96532908,0.96499455,0.0,0.0,0.0002477
2025-07-07 05:00:00+00:00,1895.295,19.070094,0.96403246,0.96371551,0.0,0.0,0.0
2025-07-07 06:00:00+00:00,1955.625,24.98320207,0.96214512,0.94545879,0.00499283,0.00158697,8.58e-06
2025-07-07 07:00:00+00:00,2047.2525,26.68926732,0.95930057,0.93457866,0.01115393,0.0015269,7.26e-06
2025-07-07 08:00:00+00:00,2050.39,26.95619233,0.9581834,0.93695519,0.00835078,0.00116759,3.79e-06
2025-07-07 09:00:00+00:00,1953.5175,23.32508178,0.95770327,0.95006645,0.00263863,0.00032171,5e-07
2025-07-07 10:00:00+00:00,1877.7275,21.42042119,0.95785782,0.95698634,0.0,0.00015196,1.638e-05
2025-07-07 11:00:00+00:00,1861.905,21.89911053,0.95688701,0.95537332,0.0,0.00068555,2.116e-05
2025-07-07 12:00:00+00:00,1909.9275,22.47812995,0.95253021,0.95036214,5.295e-05,0.00072584,8.566e-05
2025-07-07 13:00:00+00:00,1910.5275,22.63554757,0.95338376,0.95079686,5.648e-05,0.00088499,0.00012613
2025-07-07 14:00:00+00:00,1948.4575,22.50301044,0.95651217,0.95332992,0.0001697,0.00127899,0.00016214
2025-07-07 15:00:00+00:00,1926.4975,21.80547032,0.96244878,0.95933797,0.00028796,0.00135434,0.00010738
2025-07-07 16:00:00+00:00,1887.03,20.98328849,0.96726813,0.96436373,0.00048485,0.0010804,3.678e-05
2025-07-07 17:00:00+00:00,1950.7525,29.34707707,0.95669771,0.93259301,0.00327417,0.00672956,0.00017152
2025-07-07 18:00:00+00:00,1925.245,29.70714723,0.95721385,0.93016676,0.00440056,0.0073843,0.00027418
2025-07-07 19:00:00+00:00,1890.8475,19.95880304,0.97325366,0.96947574,0.00067367,0.00093401,0.00012773
2025-07-07 20:00:00+00:00,1886.565,18.38218382,0.9769504,0.97662715,8.977e-05,0.0,0.00027807
2025-07-07 21:00:00+00:00,1764.55,18.10516692,0.97578419,0.9754791,1.844e-05,0.0,0.00019711
2025-07-07 22:00:00+00:00,1630.0975,17.78129121,0.97428437,0.97308319,0.0,0.00092576,0.00015856
2025-07-07 23:00:00+00:00,1641.8375,17.60171742,0.97620493,0.97512177,0.0,0.00084118,0.00021183
2025-07-08 00:00:00+00:00,1641.38,17.494822,0.97747945,0.97626849,0.0,0.00095201,0.00025214
2025-07-08 01:00:00+00:00,1614.7975,17.38289897,0.97734217,0.97613385,0.0,0.00094109,0.0002616
2025-07-08 02:00:00+00:00,1581.06,17.27153842,0.97714355,0.97677521,0.0,0.00013403,0.00025909
2025-07-08 03:00:00+00:00,1553.6525,17.5013102,0.97623561,0.97563703,0.0,0.00035987,0.00023016
2025-07-08 04:00:00+00:00,1712.4775,18.23852244,0.97483962,0.97453796,0.0,0.0,0.00022238
2025-07-08 05:00:00+00:00,1812.5875,19.3530502,0.96895973,0.96854187,0.0,0.0,0.00018453
2025-07-08 06:00:00+00:00,1869.6275,20.65600765,0.96261234,0.96195517,9.805e-05,0.0,0.00024697
2025-07-08 07:00:00+00:00,1904.6925,30.46967883,0.95542245,0.93329265,0.00547155,0.00060592,0.00015559
2025-07-08 08:00:00+00:00,1936.215,25.60089071,0.95462428,0.94913208,6.445e-05,0.00043791,0.00017382
2025-07-08 09:00:00+00:00,1950.89,30.0074213,0.95162008,0.93798076,0.00118088,0.00069473,0.0002004
2025-07-08 10:00:00+00:00,1993.8,35.60987516,0.94911643,0.92303666,0.00377474,0.00126196,0.00026556
2025-07-08 11:00:00+00:00,1935.425,34.8422174,0.94906747,0.92810092,9.631e-05,0.0011847,0.00024087
2025-07-08 12:00:00+00:00,1971.9175,32.66897962,0.94886068,0.93075591,6.445e-05,0.00190655,0.00015065
2025-07-08 13:00:00+00:00,1934.915,26.42071716,0.95353286,0.94486658,4.622e-05,0.00232898,0.00012407
2025-07-08 14:00:00+00:00,1875.3025,27.23932687,0.95621054,0.94386996,7.645e-05,0.00267161,0.00013136
2025-07-08 15:00:00+00:00,1934.005,21.41961846,0.96378888,0.96003585,0.00013155,0.00290378,0.00017143
2025-07-08 16:00:00+00:00,1908.0925,20.5369933,0.96784738,0.96495926,0.00011114,0.00226264,0.00015687
2025-07-08 17:00:00+00:00,1912.8025,28.01244362,0.95763688,0.93724661,0.00184118,0.00702077,0.00019372
2025-07-08 18:00:00+00:00,1869.6475,20.16140995,0.97177014,0.96632814,0.00051256,0.00333087,0.00015031
2025-07-08 19:00:00+00:00,1853.9675,18.76282256,0.97465747,0.97199557,5.956e-05,0.00214779,0.00024669
2025-07-08 20:00:00+00:00,1852.525,18.4827806,0.97437417,0.97145578,9.936e-05,0.00244012,0.00034419
2025-07-08 21:00:00+00:00,1771.3575,18.45633854,0.97411171,0.97077818,0.00020802,0.00263,0.00044187
2025-07-08 22:00:00+00:00,1681.705,18.07975199,0.9746757,0.97313536,0.00010016,0.00104292,0.00033117
2025-07-08 23:00:00+00:00,1667.64,17.6577584,0.97452146,0.97390984,7.328e-05,0.00022824,0.00034368
2025-07-09 00:00:00+00:00,1612.2625,17.79337941,0.97474426,0.97433993,9.017e-05,2.483e-05,0.0004265
2025-07-09 01:00:00+00:00,1577.33,17.92341454,0.97427372,0.97374537,8.127e-05,0.00015396,0.00041586
2025-07-09 02:00:00+00:00,1470.36,18.05954544,0.97351242,0.97288325,5.18e-05,0.00030526,0.00036876
2025-07-09 03:00:00+00:00,1519.0975,18.52811652,0.97239429,0.9719705,0.00010478,0.0,0.00048929
2025-07-09 04:00:00+00:00,1721.38,19.50838624,0.96835664,0.96798785,5.959e-05,0.0,0.00035516
2025-07-09 05:00:00+00:00,1885.5275,20.99995118,0.96320036,0.96274416,5.033e-05,0.0,0.00033423
2025-07-09 06:00:00+00:00,1936.39,22.61300835,0.96048558,0.95990289,5.835e-05,0.0,0.00032143
2025-07-09 07:00:00+00:00,2005.38,23.91339333,0.95911678,0.95845376,5.892e-05,0.0,0.00034502
2025-07-09 08:00:00+00:00,2043.32,24.71520387,0.95785422,0.95714665,5.419e-05,0.0,0.00031981
2025-07-09 09:00:00+00:00,2019.555,25.19482581,0.95530507,0.95452575,5.897e-05,0.0,0.00027526
2025-07-09 10:00:00+00:00,1965.17,25.33409075,0.95296015,0.95227543,4.665e-05,0.0,0.00029458
2025-07-09 11:00:00+00:00,2013.97,25.62448527,0.95186056,0.95113278,5.73e-06,0.0,0.00024894
2025-07-09 12:00:00+00:00,1944.135,31.5576364,0.93849734,0.92696309,0.0002244,0.00469784,0.00026821
2025-07-09 13:00:00+00:00,1959.75,25.53160356,0.94993021,0.94794505,4.591e-05,0.0005332,0.00026274
2025-07-09 14:00:00+00:00,1926.325,23.61917402,0.95535137,0.95469676,7.624e-05,0.0,0.00037178
2025-07-09 15:00:00+00:00,1949.5075,22.52755123,0.95702376,0.95632647,8.181e-05,0.0,0.00036536
2025-07-09 16:00:00+00:00,1995.255,32.77977812,0.94651158,0.92332917,0.00082383,0.00660201,0.0004663
2025-07-09 17:00:00+00:00,2011.41,35.07309842,0.9469125,0.91347192,0.00455324,0.00822963,0.00047678
2025-07-09 18:00:00+00:00,1909.3425,31.61389326,0.94916834,0.91802409,0.00660693,0.00722557,0.00017582
2025-07-09 19:00:00+00:00,1799.44,18.93239503,0.96586388,0.9655544,3.44e-05,3.6e-07,8.305e-05
2025-07-09 20:00:00+00:00,1718.11,22.97972117,0.96395251,0.95112021,0.00292763,0.00138478,0.00034656
2025-07-09 21:00:00+00:00,1587.055,18.60485567,0.96811864,0.96772117,5.96e-06,0.0,0.00036221
2025-07-09 22:00:00+00:00,1519.18,18.86609107,0.9696501,0.96853531,0.0,0.00014373,0.00019766
2025-07-09 23:00:00+00:00,1467.75,19.37561067,0.96876012,0.96630426,0.0,0.00040133,0.00014729
2025-07-10 00:00:00+00:00,1482.485,20.85721847,0.96784202,0.96207103,0.0,0.00090512,0.00015997
2025-07-10 01:00:00+00:00,1438.7125,21.7547227,0.96724383,0.9594338,0.0,0.00130949,9.511e-05
2025-07-10 02:00:00+00:00,1437.46,21.69918632,0.96802336,0.96047292,0.0,0.00123965,6.172e-05
2025-07-10 03:00:00+00:00,1464.4525,19.47225464,0.97085633,0.96972876,0.0,0.00012115,9.773e-05
2025-07-10 04:00:00+00:00,1636.8525,19.96426556,0.97115473,0.97096227,0.0,0.0,7.605e-05
2025-07-10 05:00:00+00:00,1797.7425,27.37905165,0.96584172,0.95398614,0.00012393,0.00097919,8.924e-05
2025-07-10 06:00:00+00:00,1885.2725,32.95319931,0.96189194,0.94223019,7.825e-05,0.00165867,0.00016923
2025-07-10 07:00:00+00:00,1872.04,31.58828981,0.96107156,0.94680069,3.501e-05,0.00161357,0.00022583
2025-07-10 08:00:00+00:00,1868.6975,32.03072899,0.96002686,0.94716521,1.705e-05,0.00116675,0.00015058
2025-07-10 09:00:00+00:00,1869.58,27.19686513,0.96250686,0.96048664,6e-08,0.00013963,5.912e-05
2025-07-10 10:00:00+00:00,1844.8175,32.37121184,0.9528192,0.94306268,7.84e-06,0.00076509,5.647e-05
2025-07-10 11:00:00+00:00,1851.5825,28.50402426,0.95510575,0.95224684,1.73e-06,0.00013873,8.507e-05
2025-07-10 12:00:00+00:00,1717.4925,27.13376063,0.95320334,0.95265684,0.0,0.0,7.912e-05
2025-07-10 13:00:00+00:00,1708.1975,24.80195757,0.96307636,0.96247265,0.0,4.7e-07,9.889e-05
2025-07-10 14:00:00+00:00,1798.305,23.61234606,0.96473367,0.96430298,0.0,7.8e-07,0.00011329
2025-07-10 15:00:00+00:00,1877.045,22.35441274,0.96628372,0.96573552,0.0,1.52e-06,0.00014278
2025-07-10 16:00:00+00:00,1836.4925,21.05695339,0.96788539,0.96754765,0.0,2.1e-06,0.00021365
2025-07-10 17:00:00+00:00,1844.275,19.85402523,0.96856284,0.96678796,0.00066805,0.00010097,0.00012272
2025-07-10 18:00:00+00:00,1848.42,19.40826896,0.96878941,0.96405281,0.00208195,0.00033413,7.035e-05
2025-07-10 19:00:00+00:00,1874.2375,19.70631707,0.96751008,0.95862041,0.00407751,0.00067744,0.00011029
2025-07-10 20:00:00+00:00,1837.9775,21.74164749,0.96774519,0.94855973,0.00865794,0.00176591,0.0001926
2025-07-10 21:00:00+00:00,1728.1725,18.82629968,0.96939526,0.96496771,5.43e-06,0.00074004,0.00021742
2025-07-10 22:00:00+00:00,1638.695,22.58293354,0.96595792,0.95224676,0.0,0.0019204,0.00017269
2025-07-10 23:00:00+00:00,1571.295,22.67716546,0.96602048,0.95008893,0.00173062,0.00176614,0.00018248
2025-07-11 00:00:00+00:00,1466.8575,16.41339037,0.96978341,0.9696111,0.0,0.0,0.00020864
2025-07-11 01:00:00+00:00,1404.09,16.46545181,0.97074855,0.96987911,0.0,0.00063599,0.00023003
2025-07-11 02:00:00+00:00,1332.4425,16.41274526,0.971958,0.97023757,0.0,0.00152859,0.00019559
2025-07-11 03:00:00+00:00,1323.0725,16.14947204,0.97210617,0.97168538,0.0,0.00025089,0.00013882
2025-07-11 04:00:00+00:00,1545.615,17.11817579,0.97213812,0.97181315,0.0,0.00013949,0.00011809
2025-07-11 05:00:00+00:00,1791.235,18.41289375,0.97099532,0.97067934,0.0,3.8e-07,0.00014495
2025-07-11 06:00:00+00:00,1900.11,20.32855996,0.96905275,0.96583815,0.00113996,0.0002405,0.0001104
2025-07-11 07:00:00+00:00,2064.5125,22.22355938,0.96871797,0.96095648,0.00298832,0.00086259,0.00010841
2025-07-11 08:00:00+00:00,2220.78,20.09536468,0.96764687,0.96721081,0.0,0.0,6.793e-05
2025-07-11 09:00:00+00:00,2084.9725,19.88808256,0.97201863,0.97154531,0.0,0.0,5.695e-05
2025-07-11 10:00:00+00:00,2039.0675,19.36306815,0.97195328,0.97151585,0.0,0.0,8.786e-05
2025-07-11 11:00:00+00:00,2120.8725,19.00181897,0.97236152,0.97188505,0.0,0.0,9.228e-05
2025-07-11 12:00:00+00:00,2061.2275,18.65581293,0.97157052,0.97102827,0.0,8.214e-05,9.397e-05
2025-07-11 13:00:00+00:00,2114.9975,18.76182187,0.97272725,0.9708675,0.0,0.0,9.66e-05
2025-07-11 14:00:00+00:00,2087.55,17.59141445,0.97430607,0.97391785,0.0,5.6e-07,0.00011135
2025-07-11 15:00:00+00:00,2136.01,17.35593346,0.97560316,0.97521003,0.0,0.0,9.56e-05
2025-07-11 16:00:00+00:00,2137.845,16.75853802,0.97558837,0.97535115,0.0,0.0,6.585e-05
2025-07-11 17:00:00+00:00,2034.145,16.09851021,0.97584772,0.97563515,0.0,0.0,5.641e-05
2025-07-11 18:00:00+00:00,1911.365,15.56084711,0.97534735,0.97518099,0.0,0.0,0.00010377
2025-07-11 19:00:00+00:00,1816.9075,15.19031053,0.97481057,0.974567,0.0,0.0,7.776e-05
2025-07-11 20:00:00+00:00,1738.07,15.49285971,0.97616813,0.97521777,0.0,0.00077658,0.0001227
2025-07-11 21:00:00+00:00,1655.135,15.63317838,0.97675278,0.97431337,0.0,0.0021135,0.00013358
2025-07-11 22:00:00+00:00,1500.5025,15.2050282,0.97556828,0.97355666,0.0,0.00172817,0.00022295
2025-07-11 23:00:00+00:00,1345.665,15.04356879,0.9754556,0.97325111,0.0,0.00199274,0.00020338
2025-07-12 00:00:00+00:00,1263.63,14.89139117,0.97512933,0.97369939,0.0,0.00122373,0.00020756
2025-07-12 01:00:00+00:00,1314.3225,15.00296336,0.97519939,0.97311572,0.0,0.00182643,0.00018674
2025-07-12 02:00:00+00:00,1407.855,15.29662936,0.97506617,0.97213001,0.0,0.00266724,0.00023756
2025-07-12 03:00:00+00:00,1290.185,15.56937885,0.97493931,0.97168986,2.204e-05,0.00287557,0.00034349
2025-07-12 04:00:00+00:00,1214.625,15.72673496,0.97439453,0.97213499,0.0,0.00194434,0.00026624
2025-07-12 05:00:00+00:00,1270.5375,16.03843387,0.97368966,0.9725569,0.0,0.00073591,0.00021422
2025-07-12 06:00:00+00:00,1393.7825,16.81309915,0.97376116,0.97208953,0.0,0.00127502,0.00013499
2025-07-12 07:00:00+00:00,1663.7675,17.77263637,0.97392263,0.97210585,0.0,0.00141413,9.833e-05
2025-07-12 08:00:00+00:00,1725.355,18.28758832,0.97371144,0.97284076,0.0,0.00043049,9.899e-05
2025-07-12 09:00:00+00:00,1761.44,19.14120172,0.97076742,0.96997547,0.0,0.00018458,0.00019066
2025-07-12 10:00:00+00:00,1806.08,26.15259429,0.95543585,0.94175264,0.00040203,0.0077914,0.00028871
2025-07-12 11:00:00+00:00,1871.9825,69.0831964,0.9109785,0.84390406,0.00026831,0.01094798,0.00083908
2025-07-12 12:00:00+00:00,1847.4875,39.80727786,0.93719624,0.90637564,4.194e-05,0.01000383,0.00052739
2025-07-12 13:00:00+00:00,1866.1375,22.47598188,0.96122058,0.95634109,1.116e-05,0.00238729,0.0002705
2025-07-12 14:00:00+00:00,1889.9525,19.43411359,0.96960921,0.96916038,0.0,0.0,0.00016105
2025-07-12 15:00:00+00:00,1923.8625,18.69910651,0.97139707,0.97095923,0.0,0.0,0.00013732
2025-07-12 16:00:00+00:00,1763.4825,17.94161734,0.97307962,0.97278616,0.0,0.0,0.00014771
2025-07-12 17:00:00+00:00,1670.245,17.37087448,0.97466803,0.97437721,0.0,0.0,0.00018949
2025-07-12 18:00:00+00:00,1671.7775,16.84512569,0.9750039,0.97431876,0.0,0.00044288,0.00018345
2025-07-12 19:00:00+00:00,1714.4575,16.71715151,0.97451026,0.97264141,0.0,0.00157429,0.00020087
2025-07-12 20:00:00+00:00,1689.825,16.75122651,0.97355633,0.96953015,0.0,0.0037713,0.00018533
2025-07-12 21:00:00+00:00,1551.06,16.59693269,0.97531459,0.97209569,0.0,0.00288543,0.00017844
2025-07-12 22:00:00+00:00,1431.73,16.61223711,0.9724154,0.96641413,0.0,0.00577444,0.00011231
2025-07-12 23:00:00+00:00,1386.7675,17.03622141,0.97053862,0.96222909,0.0,0.00778606,0.00014946
2025-07-13 00:00:00+00:00,1363.37,17.14562357,0.96971901,0.96069975,0.0,0.00829946,0.00015965
2025-07-13 01:00:00+00:00,1303.925,16.92974575,0.97012676,0.96144313,0.0,0.00829049,0.00016508
2025-07-13 02:00:00+00:00,1213.8,17.77010721,0.97004949,0.96015721,0.0,0.00763715,0.00014005
2025-07-13 03:00:00+00:00,1157.77,21.88136433,0.96877285,0.95286465,0.0,0.00628878,0.00013604
2025-07-13 04:00:00+00:00,1229.895,22.49084276,0.9690616,0.95560636,0.0,0.00355722,0.00010293
2025-07-13 05:00:00+00:00,1382.9,25.56710324,0.9674549,0.95205224,0.0,0.00227141,9.088e-05
2025-07-13 06:00:00+00:00,1577.025,28.72841714,0.96794457,0.94935313,0.0,0.00205114,6.836e-05
2025-07-13 07:00:00+00:00,1625.2,31.30854849,0.96404198,0.94392151,0.0,0.0031024,5.008e-05
2025-07-13 08:00:00+00:00,1733.95,31.50238464,0.95566236,0.93737773,7.77e-06,0.00252339,3.928e-05
2025-07-13 09:00:00+00:00,1617.8075,51.57333477,0.93328796,0.88631972,0.00019889,0.01339389,0.00036479
2025-07-13 10:00:00+00:00,1606.9375,84.36534256,0.90964459,0.82743152,0.00017984,0.01279876,0.00084431
2025-07-13 11:00:00+00:00,1534.495,96.94548455,0.90401796,0.80730785,5.741e-05,0.01298995,0.00096974
2025-07-13 12:00:00+00:00,1458.3025,86.5102475,0.90682711,0.82258321,3.181e-05,0.01393221,0.00086789
2025-07-13 13:00:00+00:00,1477.5025,67.4243505,0.91641762,0.85296925,3.856e-05,0.01434099,0.00061544
2025-07-13 14:00:00+00:00,1511.52,30.82903569,0.94440511,0.92925547,1.437e-05,0.00290133,4.607e-05
2025-07-13 15:00:00+00:00,1662.1875,24.2801382,0.96569135,0.95155296,0.00598211,0.00117827,2.513e-05
2025-07-13 16:00:00+00:00,1682.2775,19.13880956,0.97258279,0.97236823,0.0,0.0,2.261e-05
2025-07-13 17:00:00+00:00,1774.2875,18.19014326,0.97710167,0.9769455,0.0,0.0,1.063e-05
2025-07-13 18:00:00+00:00,1803.8775,17.68043045,0.97782271,0.97676994,0.0,0.00088228,3.164e-05
2025-07-13 19:00:00+00:00,1750.1075,17.14614981,0.97757274,0.97662636,0.0,0.0007988,3.541e-05
2025-07-13 20:00:00+00:00,1717.06,16.93462726,0.98023212,0.97875156,0.0,0.00133928,4.623e-05
2025-07-13 21:00:00+00:00,1634.505,17.2509531,0.9786696,0.97385569,0.00032919,0.00390195,9.924e-05
2025-07-13 22:00:00+00:00,1528.6975,17.45069164,0.98014233,0.97366083,0.0,0.00619122,0.00016009
2025-07-13 23:00:00+00:00,1497.3175,17.58306627,0.98002397,0.97334027,0.0,0.00631379,0.00017373
2025-07-14 00:00:00+00:00,1404.6975,17.60719932,0.98068175,0.97344819,0.0,0.00694662,0.0001692
2025-07-14 01:00:00+00:00,1379.2975,17.60093211,0.97971159,0.97319712,0.0,0.00615118,0.00016784
2025-07-14 02:00:00+00:00,1401.1625,17.32022271,0.97818328,0.97270243,0.0,0.00522248,0.00016036
2025-07-14 03:00:00+00:00,1340.55,17.07326499,0.97537837,0.97249503,0.0,0.00265706,9.732e-05
2025-07-14 04:00:00+00:00,1549.805,17.57383443,0.97386311,0.97369793,0.0,0.0,4.349e-05
2025-07-14 05:00:00+00:00,1805.685,18.94028115,0.97284385,0.97259558,0.0,0.0,1.436e-05
2025-07-14 06:00:00+00:00,1934.73,20.21943518,0.96961624,0.96928762,0.0,0.0,2.331e-05
2025-07-14 07:00:00+00:00,2000.665,26.07827524,0.96396229,0.95550485,0.0,0.00145889,3.446e-05
2025-07-14 08:00:00+00:00,1987.2625,30.2161856,0.95842228,0.94448907,0.0,0.00258315,3.43e-05
2025-07-14 09:00:00+00:00,1983.1225,32.43511508,0.95795847,0.94071076,0.0,0.00279583,3.292e-05
2025-07-14 10:00:00+00:00,1934.6475,33.00202463,0.95969529,0.94131729,1.884e-05,0.00221445,3.181e-05
2025-07-14 11:00:00+00:00,1829.725,32.0575799,0.96540616,0.93970866,0.00903151,0.00175683,2.571e-05
2025-07-14 12:00:00+00:00,1763.6275,28.19563619,0.96628892,0.94959932,0.00670579,0.00147913,1.295e-05
2025-07-14 13:00:00+00:00,1748.6325,23.93156567,0.96882768,0.96538226,0.00049556,0.00048904,2.134e-05
2025-07-14 14:00:00+00:00,1803.2425,21.81772632,0.97169672,0.97128068,0.0,0.0,2.742e-05
2025-07-14 15:00:00+00:00,1948.5975,20.93933515,0.9739894,0.97356411,0.0,0.0,4.894e-05
2025-07-14 16:00:00+00:00,1977.2575,20.09107314,0.9761277,0.97587279,0.0,0.0,4.174e-05
2025-07-14 17:00:00+00:00,1941.01,19.49151094,0.97668056,0.9764286,0.0,0.0,5.154e-05
2025-07-14 18:00:00+00:00,1867.9325,18.84301116,0.97694127,0.97678259,0.0,0.0,2.419e-05
2025-07-14 19:00:00+00:00,1847.24,18.70824009,0.97726598,0.97704883,0.0,0.0,5.476e-05
2025-07-14 20:00:00+00:00,1806.1425,18.61289729,0.9766769,0.97645972,0.0,8.571e-05,6.446e-05
2025-07-14 21:00:00+00:00,1655.08,18.72204832,0.9747103,0.97225373,0.0,0.00222072,0.00013324
2025-07-14 22:00:00+00:00,1531.585,18.78520581,0.97434091,0.97313288,0.0,0.00099541,0.00024164
2025-07-14 23:00:00+00:00,1514.1425,18.90070436,0.9740911,0.97236029,0.0,0.00142781,0.00026548
2025-07-15 00:00:00+00:00,1518.3575,18.81888199,0.97361195,0.97206952,0.0,0.00129731,0.00029953
2025-07-15 01:00:00+00:00,1506.3675,18.71850977,0.97389843,0.97361321,0.0,0.0,0.00027017
2025-07-15 02:00:00+00:00,1494.8375,18.79590921,0.97426945,0.97405323,0.0,0.0,0.00023015
2025-07-15 03:00:00+00:00,1451.775,18.8812841,0.9742824,0.97410772,0.0,0.0,0.00010392
2025-07-15 04:00:00+00:00,1543.2,19.54237072,0.97472942,0.97451305,0.0,0.0,0.00013679
2025-07-15 05:00:00+00:00,1676.915,20.58521445,0.97422651,0.9738486,0.0,0.0,0.00012072
2025-07-15 06:00:00+00:00,1786.445,21.68862943,0.97219067,0.97176452,0.0,0.0,6.328e-05
2025-07-15 07:00:00+00:00,1814.46,25.13450507,0.96882884,0.96339157,0.00067409,0.0005694,5.09e-05
2025-07-15 08:00:00+00:00,1873.675,27.30942532,0.96725233,0.95626109,0.00443774,0.00100903,4.48e-05
2025-07-15 09:00:00+00:00,1929.3125,30.08855068,0.96029456,0.9501276,2.147e-05,0.001567,3.379e-05
2025-07-15 10:00:00+00:00,1897.7,29.9113302,0.95495989,0.9459732,0.0,0.00138841,3.358e-05
2025-07-15 11:00:00+00:00,1846.35,30.49659569,0.95455018,0.94355631,0.0,0.00163843,2.803e-05
2025-07-15 12:00:00+00:00,1725.2475,28.97683636,0.95232507,0.94366163,0.0,0.00100612,4.015e-05
2025-07-15 13:00:00+00:00,1746.81,26.62311064,0.9580119,0.951145,0.00081789,0.00060878,5.636e-05
2025-07-15 14:00:00+00:00,1797.0175,22.97380979,0.9596455,0.9592142,0.0,0.0,6.529e-05
2025-07-15 15:00:00+00:00,1852.2525,21.95244448,0.96432289,0.9638875,0.0,0.0,0.00010113
2025-07-15 16:00:00+00:00,1928.31,20.82298935,0.9744258,0.97415311,0.0,0.0,8.345e-05
2025-07-15 17:00:00+00:00,1945.255,19.99742022,0.97498206,0.97469096,6.53e-06,0.0,0.00011942
2025-07-15 18:00:00+00:00,1836.0125,19.46000465,0.97627868,0.97606579,2.9e-07,0.0,0.00015647
2025-07-15 19:00:00+00:00,1851.91,19.31457232,0.97679985,0.97653138,3e-08,0.0,0.0001687
2025-07-15 20:00:00+00:00,1821.6725,19.25510892,0.97862318,0.97839478,2.44e-06,0.0,0.00020711
2025-07-15 21:00:00+00:00,1694.2325,19.10364073,0.97512143,0.97325948,0.0,0.00158566,0.00023473
2025-07-15 22:00:00+00:00,1565.77,18.79015852,0.97564508,0.9752344,0.00011474,0.0,0.0003823
2025-07-15 23:00:00+00:00,1494.185,19.40050781,0.974574,0.97099695,9.09e-05,0.00301087,0.00045935
2025-07-16 00:00:00+00:00,1447.4025,19.21361717,0.97395473,0.97078602,3.195e-05,0.00279564,0.00044392
2025-07-16 01:00:00+00:00,1437.965,19.00468741,0.97354883,0.97114949,4.13e-06,0.00201967,0.00036446
2025-07-16 02:00:00+00:00,1423.965,18.73799948,0.97386371,0.97236862,0.0,0.00121492,0.00032895
2025-07-16 03:00:00+00:00,1417.0875,18.69649708,0.97415868,0.97358653,3.668e-05,0.00021592,0.00039905
2025-07-16 04:00:00+00:00,1553.0225,19.11881509,0.97510024,0.97474358,4.574e-05,0.0,0.00038976
2025-07-16 05:00:00+00:00,1722.4075,19.62351082,0.97403634,0.97363327,3.925e-05,0.0,0.00024072
2025-07-16 06:00:00+00:00,1839.8925,20.30127498,0.97357397,0.97320932,2.13e-06,0.0,9.949e-05
2025-07-16 07:00:00+00:00,1897.515,20.98334583,0.97260606,0.97208889,0.0,0.0,0.00012197
2025-07-16 08:00:00+00:00,1977.365,21.51834335,0.97153702,0.9709032,0.0,0.0,0.00016078
2025-07-16 09:00:00+00:00,1998.725,21.68411404,0.97217247,0.97148435,0.0,0.0,0.00011846
2025-07-16 10:00:00+00:00,1902.43,21.74011486,0.9724387,0.97176103,0.0,0.0,0.00013754
2025-07-16 11:00:00+00:00,1863.3425,21.63517982,0.97255514,0.97189625,0.0,0.0,0.00014342
2025-07-16 12:00:00+00:00,1949.7,21.40964607,0.97458769,0.97398963,0.0,0.0,0.00012904
2025-07-16 13:00:00+00:00,2029.56,21.13163488,0.97502293,0.97403187,0.0,0.00042596,0.00011018
2025-07-16 14:00:00+00:00,2101.515,20.43641772,0.97514331,0.97466016,0.0,0.0,0.00012826
2025-07-16 15:00:00+00:00,2082.83,19.83173347,0.97606404,0.97552418,8.528e-05,0.0,0.00025155
2025-07-16 16:00:00+00:00,2041.9175,19.26874902,0.97712041,0.97663705,0.00011693,0.0,0.00033215
2025-07-16 17:00:00+00:00,1886.5475,18.70328654,0.97633381,0.97583992,0.00010547,0.0,0.00040818
2025-07-16 18:00:00+00:00,1889.8175,18.41629577,0.97770134,0.97737079,5.645e-05,0.0,0.00033157
2025-07-16 19:00:00+00:00,1765.105,18.18204143,0.97791483,0.97683068,8.276e-05,0.00063343,0.00043306
2025-07-16 20:00:00+00:00,1628.32,18.36965831,0.97718332,0.97364759,0.00013688,0.00299837,0.00059641
2025-07-16 21:00:00+00:00,1494.74,17.64728784,0.97726899,0.97498483,9.417e-05,0.00181315,0.00058092
2025-07-16 22:00:00+00:00,1559.9125,17.33188564,0.97010953,0.96563008,0.0,0.00417151,0.0002703
2025-07-16 23:00:00+00:00,1484.825,17.35907902,0.97010047,0.96463032,0.0,0.0050504,0.00034943
2025-07-17 00:00:00+00:00,1495.35,17.2576081,0.97113984,0.96605089,0.0,0.00473774,0.00041525
2025-07-17 01:00:00+00:00,1400.115,17.44383603,0.97360291,0.96712604,0.0,0.00600561,0.00039516
2025-07-17 02:00:00+00:00,1423.3925,17.15464513,0.97382435,0.96954497,0.0,0.0039144,0.00043286
2025-07-17 03:00:00+00:00,1435.6075,16.91677281,0.97375985,0.97310536,0.0,0.00033984,0.0003886
2025-07-17 04:00:00+00:00,1546.9375,17.63719317,0.97164152,0.97137436,0.0,0.0,0.000297
2025-07-17 05:00:00+00:00,1752.2175,19.11132501,0.96995693,0.96949652,8.333e-05,0.0,0.00041173
2025-07-17 06:00:00+00:00,1885.9875,20.24095237,0.96548949,0.96499016,6.183e-05,0.0,0.00030486
2025-07-17 07:00:00+00:00,1977.785,21.25603644,0.95912554,0.95849625,6.158e-05,0.0,0.0002973
2025-07-17 08:00:00+00:00,1967.89,22.2271402,0.951706,0.95098874,3.378e-05,0.0,0.00023945
2025-07-17 09:00:00+00:00,1861.445,23.08234311,0.94681301,0.94609889,1.329e-05,0.0,0.00015371
2025-07-17 10:00:00+00:00,1821.455,23.7707907,0.94204224,0.94134796,0.0,0.0,0.00014367
2025-07-17 11:00:00+00:00,1795.2425,24.10953578,0.93980549,0.93915306,0.0,0.0,0.00012002
2025-07-17 12:00:00+00:00,1736.055,24.17931177,0.94150929,0.94086791,0.0,0.0,0.00013649
2025-07-17 13:00:00+00:00,1692.6925,23.70915803,0.94522924,0.9445888,0.0,0.0,0.00017476
2025-07-17 14:00:00+00:00,1725.0075,22.7379461,0.95232863,0.95180024,3.14e-06,0.0,0.00018829
2025-07-17 15:00:00+00:00,1811.9925,21.77685259,0.96096766,0.9605184,1.508e-05,0.0,0.00021551
2025-07-17 16:00:00+00:00,1863.3875,20.75807878,0.96607734,0.96569882,3.57e-05,0.0,0.00030865
2025-07-17 17:00:00+00:00,1890.4525,19.94493034,0.97120646,0.97082225,4.216e-05,0.0,0.00034627
2025-07-17 18:00:00+00:00,1842.5375,19.15444579,0.97465644,0.97436433,3.522e-05,0.0,0.00032449
2025-07-17 19:00:00+00:00,1830.6925,18.71877072,0.97585405,0.9754806,4.869e-05,0.0,0.00038725
2025-07-17 20:00:00+00:00,1825.7925,18.41764877,0.97617501,0.97582472,7.946e-05,0.0,0.00045105
2025-07-17 21:00:00+00:00,1701.4125,18.14866969,0.97539214,0.97473405,4.954e-05,0.00030703,0.00048032
2025-07-17 22:00:00+00:00,1513.525,18.03660461,0.97448818,0.9724436,0.0001193,0.00147835,0.00064427
2025-07-17 23:00:00+00:00,1423.4075,17.73068435,0.97382166,0.97297771,0.00014357,0.00023808,0.00061802
2025-07-18 00:00:00+00:00,1359.735,18.0045325,0.97362487,0.97140273,3.268e-05,0.00184931,0.00054598
2025-07-18 01:00:00+00:00,1331.6975,18.07040661,0.9718024,0.96982908,3.478e-05,0.00150808,0.00059347
2025-07-18 02:00:00+00:00,1308.3025,17.90379845,0.97086025,0.97050536,3.304e-05,0.0,0.00057741
2025-07-18 03:00:00+00:00,1329.91,18.31612138,0.96950614,0.9691266,5.91e-05,0.0,0.00052203
2025-07-18 04:00:00+00:00,1441.7675,19.24311449,0.96671797,0.96629132,7.666e-05,0.0,0.00054188
2025-07-18 05:00:00+00:00,1640.215,20.6357055,0.96256598,0.96203938,0.00011768,0.0,0.00049396
2025-07-18 06:00:00+00:00,1745.58,22.18383293,0.95651849,0.95595616,8.438e-05,0.0,0.00040028
2025-07-18 07:00:00+00:00,1744.6,23.73222072,0.94875483,0.94816212,3.735e-05,0.0,0.00023963
2025-07-18 08:00:00+00:00,1744.695,25.04003865,0.94095788,0.94025629,4.79e-05,0.0,0.00013699
2025-07-18 09:00:00+00:00,1748.8575,25.66006879,0.93798133,0.93728786,3.652e-05,0.0,0.00011973
2025-07-18 10:00:00+00:00,1749.035,25.9208037,0.93623444,0.93556559,2.863e-05,0.0,0.00011836
2025-07-18 11:00:00+00:00,1771.7775,25.85183018,0.9371801,0.93654559,2.847e-05,0.0,0.00013359
2025-07-18 12:00:00+00:00,1748.4975,25.52982207,0.9405986,0.94000729,2.75e-05,0.0,0.00011701
2025-07-18 13:00:00+00:00,1789.5125,24.85734005,0.9439383,0.9433702,2.654e-05,0.0,5.077e-05
2025-07-18 14:00:00+00:00,1819.6675,23.71652004,0.95011159,0.94962247,5.357e-05,0.0,5.947e-05
2025-07-18 15:00:00+00:00,1873.96,22.50609171,0.95675344,0.95629322,7.842e-05,0.0,8.309e-05
2025-07-18 16:00:00+00:00,1873.9575,21.2033564,0.96325604,0.96285937,0.00010332,0.0,0.00013485
2025-07-18 17:00:00+00:00,1841.97,20.20395809,0.96833811,0.96790814,0.00012832,0.0,0.0001645
2025-07-18 18:00:00+00:00,1766.7675,19.27907573,0.9706695,0.97045995,3.735e-05,0.0,9.606e-05
2025-07-18 19:00:00+00:00,1768.71,18.63910896,0.9715212,0.97126041,2.706e-05,0.0,9.42e-05
2025-07-18 20:00:00+00:00,1762.8775,18.22724688,0.97145149,0.97121179,4.511e-05,0.0,0.00015953
2025-07-18 21:00:00+00:00,1652.2525,17.88620413,0.97020613,0.96991359,1.85e-05,0.0,0.00023218
2025-07-18 22:00:00+00:00,1558.82,17.97375673,0.96739859,0.96699114,0.00010905,0.0,0.00030143
2025-07-18 23:00:00+00:00,1478.74,18.96375603,0.9662831,0.9595125,0.00293866,0.00222593,0.00031662
2025-07-19 00:00:00+00:00,1437.7,18.70027584,0.96755157,0.96300608,5.893e-05,0.00411474,0.00035424
2025-07-19 01:00:00+00:00,1416.84,19.53152076,0.96692737,0.95944871,3.216e-05,0.00604831,0.0003382
2025-07-19 02:00:00+00:00,1356.6025,19.19248585,0.96762912,0.96188621,2.972e-05,0.00492776,0.00032644
2025-07-19 03:00:00+00:00,1270.315,20.88326203,0.96467292,0.95039961,0.00682604,0.00419062,0.00027638
2025-07-19 04:00:00+00:00,1267.5975,21.68618309,0.96305551,0.95047192,0.00730456,0.00219251,0.00032011
2025-07-19 05:00:00+00:00,1354.87,21.71407724,0.96185821,0.95837994,0.00189519,0.00048759,0.00034698
2025-07-19 06:00:00+00:00,1464.235,24.07853201,0.95542085,0.94897951,0.0036887,0.00091404,0.00035062
2025-07-19 07:00:00+00:00,1543.3725,25.00822965,0.94797816,0.946426,5.409e-05,0.00034301,0.00024223
2025-07-19 08:00:00+00:00,1503.96,37.15714998,0.9239445,0.91033984,3e-08,0.00411593,8.501e-05
2025-07-19 09:00:00+00:00,1500.75,59.85008504,0.89766928,0.85463775,0.0001239,0.01869938,0.00044196
2025-07-19 10:00:00+00:00,1532.345,113.83923762,0.87289231,0.76446363,0.00011941,0.01862194,0.00111925
2025-07-19 11:00:00+00:00,1483.405,93.81872336,0.88382637,0.79841499,1.201e-05,0.01632055,0.00092308
2025-07-19 12:00:00+00:00,1433.5525,59.71213115,0.89617132,0.85147301,7.92e-06,0.01685178,0.00047328
2025-07-19 13:00:00+00:00,1409.0475,45.98220813,0.90441808,0.87409087,4.24e-06,0.01688106,0.00032425
2025-07-19 14:00:00+00:00,1487.9275,29.89581626,0.92943101,0.92207461,1.121e-05,0.00345629,9.959e-05
2025-07-19 15:00:00+00:00,1599.3975,23.46891617,0.95161067,0.95109746,7.377e-05,0.0,0.00015181
2025-07-19 16:00:00+00:00,1708.395,21.8889348,0.95884163,0.95841313,0.00011211,0.0,0.00019539
2025-07-19 17:00:00+00:00,1683.2125,20.7303889,0.96449809,0.96394136,0.00019921,0.0,0.00030296
2025-07-19 18:00:00+00:00,1700.8025,19.92814194,0.96706346,0.96654493,0.00025984,0.0,0.00034359
2025-07-19 19:00:00+00:00,1715.7425,19.7828092,0.9685426,0.96790004,0.0002555,0.0,0.0003529
2025-07-19 20:00:00+00:00,1732.42,19.8233373,0.96808799,0.96761016,0.00017094,0.0,0.00034095
2025-07-19 21:00:00+00:00,1661.725,19.86942622,0.96831587,0.96778273,0.00018301,0.0,0.00042036
2025-07-19 22:00:00+00:00,1574.495,19.92691292,0.96581124,0.96536019,4.99e-05,0.0,0.00032066
2025-07-19 23:00:00+00:00,1466.4,21.70051129,0.96131836,0.95098523,0.00453717,0.0024892,0.00020699
2025-07-20 00:00:00+00:00,1405.38,22.31750486,0.95870845,0.94683542,0.00401234,0.00335175,0.00017274
2025-07-20 01:00:00+00:00,1381.8225,23.01167584,0.95763915,0.93960386,0.00886058,0.00386817,0.0001666
2025-07-20 02:00:00+00:00,1335.165,21.60504247,0.95987581,0.95534364,7.7e-07,0.00180792,0.00018391
2025-07-20 03:00:00+00:00,1293.555,21.24176496,0.96036664,0.95788537,6.429e-05,0.00086057,0.00039332
2025-07-20 04:00:00+00:00,1273.7775,21.18130035,0.95849285,0.95798215,7.478e-05,0.0,0.00041917
2025-07-20 05:00:00+00:00,1322.9825,22.28182249,0.95145611,0.95084343,8.922e-05,0.0,0.00043372
2025-07-20 06:00:00+00:00,1426.235,23.81461382,0.94030522,0.9396615,8.866e-05,0.0,0.00036133
2025-07-20 07:00:00+00:00,1468.875,26.06456362,0.92528925,0.9244759,0.00013198,2.448e-05,0.00019665
2025-07-20 08:00:00+00:00,1414.4,30.49467386,0.89807814,0.89727327,0.0,0.0,7.602e-05
2025-07-20 09:00:00+00:00,1479.74,49.00944083,0.88750686,0.85690336,0.00022861,0.0146839,0.0004338
2025-07-20 10:00:00+00:00,1483.665,75.42380178,0.88481797,0.82070841,0.00022523,0.01606689,0.00082236
2025-07-20 11:00:00+00:00,1444.0975,82.88092141,0.88066899,0.8078104,9.694e-05,0.01935918,0.00090534
2025-07-20 12:00:00+00:00,1439.915,53.70263454,0.88379229,0.84550179,0.00012965,0.02209474,0.00051288
2025-07-20 13:00:00+00:00,1427.0825,42.34711962,0.89621078,0.87510911,2.497e-05,0.0079156,0.00013312
2025-07-20 14:00:00+00:00,1465.6425,25.80034961,0.92541152,0.92342097,5.489e-05,0.00050263,0.00014358
2025-07-20 15:00:00+00:00,1592.4025,22.956244,0.94414102,0.94358406,5.235e-05,0.0,0.00023513
2025-07-20 16:00:00+00:00,1686.19,21.48804559,0.95318873,0.95273369,6.393e-05,0.0,0.00021904
2025-07-20 17:00:00+00:00,1778.6275,20.48185282,0.96255446,0.96205612,0.0001543,0.0,0.0003479
2025-07-20 18:00:00+00:00,1730.8125,19.63269018,0.96702908,0.96666237,9.986e-05,0.0,0.00031758
2025-07-20 19:00:00+00:00,1732.0775,19.26912771,0.96824076,0.96780952,7.959e-05,0.0,0.00031568
2025-07-20 20:00:00+00:00,1788.0275,19.0209696,0.96718805,0.96678325,6.287e-05,0.0,0.00033346
2025-07-20 21:00:00+00:00,1677.59,19.24559098,0.96752342,0.96534805,5.573e-05,0.00166934,0.00037729
2025-07-20 22:00:00+00:00,1578.0625,19.30372834,0.96776908,0.96422625,6.702e-05,0.00302757,0.00041906
2025-07-20 23:00:00+00:00,1439.9675,19.27518284,0.96822807,0.96454677,7.739e-05,0.00316148,0.00043323
2025-07-21 00:00:00+00:00,1383.03,19.27104042,0.96848395,0.96491166,7.058e-05,0.0031059,0.00034935
2025-07-21 01:00:00+00:00,1369.805,19.34351023,0.96961295,0.96609082,7.591e-05,0.00304331,0.00034239
2025-07-21 02:00:00+00:00,1280.8775,19.4584257,0.96922757,0.96558666,9.618e-05,0.003122,0.00036414
2025-07-21 03:00:00+00:00,1278.7375,19.11733952,0.96904291,0.96864331,8.35e-05,0.0,0.00029513
2025-07-21 04:00:00+00:00,1433.7475,19.70331055,0.96751878,0.96703284,0.00014797,0.0,0.00024758
2025-07-21 05:00:00+00:00,1677.6525,20.8982384,0.96227099,0.96160031,0.00024705,0.0,0.00024399
2025-07-21 06:00:00+00:00,1930.985,22.14534374,0.95542068,0.95452458,0.00038818,0.0,0.00024201
2025-07-21 07:00:00+00:00,2021.885,23.08455442,0.9470449,0.9462674,0.00018139,0.0,0.00017981
2025-07-21 08:00:00+00:00,2032.6925,23.70773258,0.94169084,0.94089969,8.383e-05,0.0,0.00017539
2025-07-21 09:00:00+00:00,2029.325,24.60165558,0.93884299,0.9371491,7.874e-05,0.00033473,0.00014795
2025-07-21 10:00:00+00:00,2078.125,23.60508416,0.9388774,0.93804015,6.325e-05,0.0,0.00020369
2025-07-21 11:00:00+00:00,2122.345,23.38804484,0.94322822,0.94240295,7.065e-05,0.0,0.00020205
2025-07-21 12:00:00+00:00,2110.37,23.44422508,0.94660498,0.94583418,4.956e-05,0.0,0.0002009
2025-07-21 13:00:00+00:00,2117.34,22.99159501,0.94885919,0.94814134,8.078e-05,0.0,0.00019377
2025-07-21 14:00:00+00:00,2013.3,22.15854706,0.95557774,0.95494659,7.385e-05,0.0,0.00018424
2025-07-21 15:00:00+00:00,2028.3425,21.16324113,0.96291449,0.96235029,0.00011674,0.0,0.000191
2025-07-21 16:00:00+00:00,1942.8375,20.26803288,0.96955024,0.96898028,0.00024243,0.0,0.00025395
2025-07-21 17:00:00+00:00,1880.72,19.61918854,0.97361818,0.97307366,0.00028071,0.0,0.00027404
2025-07-21 18:00:00+00:00,1909.0175,19.06377263,0.97734667,0.97687308,0.00025382,0.0,0.00030571
2025-07-21 19:00:00+00:00,1887.93,18.77138822,0.97851064,0.97799672,0.00027247,0.0,0.00036688
2025-07-21 20:00:00+00:00,1816.855,18.5340901,0.97729165,0.97682766,0.00021429,0.0,0.00033672
2025-07-21 21:00:00+00:00,1717.9425,18.3879637,0.97735834,0.97684079,0.00022146,0.0,0.00039006
2025-07-21 22:00:00+00:00,1633.345,18.46407359,0.97951273,0.97899624,0.00021753,0.0,0.00024729
2025-07-21 23:00:00+00:00,1550.5625,18.45586921,0.97950589,0.97892827,0.0002421,0.0,0.00033812
2025-07-22 00:00:00+00:00,1495.2475,18.4053352,0.97869893,0.97811176,0.00026513,0.0,0.0005193
2025-07-22 01:00:00+00:00,1540.24,18.26657776,0.97837519,0.97774851,0.00029255,0.0,0.00052017
2025-07-22 02:00:00+00:00,1532.7325,18.10544902,0.97874759,0.97815843,0.00024882,0.0,0.00049802
2025-07-22 03:00:00+00:00,1525.4325,18.12480561,0.97827314,0.97769317,0.0002701,0.0,0.00046287
2025-07-22 04:00:00+00:00,1660.8425,18.63245029,0.97740576,0.97684151,0.00024946,0.0,0.00038595
2025-07-22 05:00:00+00:00,1765.4175,19.33993384,0.97532112,0.97472927,0.00020802,0.0,0.00036876
2025-07-22 06:00:00+00:00,1858.3175,20.13414753,0.97261721,0.97195309,0.00018877,0.0,0.00037893
2025-07-22 07:00:00+00:00,1861.2475,20.7999788,0.96923762,0.96855805,0.00014038,0.0,0.00028937
2025-07-22 08:00:00+00:00,1859.5525,21.46861615,0.96360257,0.96287105,8.85e-05,0.0,0.00022732
2025-07-22 09:00:00+00:00,1925.6825,21.78485251,0.96093533,0.96019715,5.934e-05,0.0,0.00018536
2025-07-22 10:00:00+00:00,1879.0025,22.84641875,0.95699373,0.95497301,6.83e-06,2.59e-05,7.875e-05
2025-07-22 11:00:00+00:00,1738.48,49.68017289,0.9451189,0.9082512,2.68e-06,0.00084569,0.00034982
2025-07-22 12:00:00+00:00,1577.93,29.70623226,0.94839742,0.93192819,0.00012178,0.00742506,0.00018669
2025-07-22 13:00:00+00:00,1525.64,23.52876882,0.95616934,0.94909955,7.037e-05,0.00317665,9.552e-05
2025-07-22 14:00:00+00:00,1485.25,19.64720199,0.96625966,0.96576409,0.0,0.0,2.986e-05
2025-07-22 15:00:00+00:00,1633.745,19.00552895,0.9713766,0.97100013,0.0,0.0,3.427e-05
2025-07-22 16:00:00+00:00,1745.92,18.42073163,0.97540025,0.97506877,7.634e-05,0.0,0.00010567
2025-07-22 17:00:00+00:00,1697.915,18.03305124,0.97698094,0.97664252,0.00011143,0.0,0.00016945
2025-07-22 18:00:00+00:00,1746.6425,17.71052004,0.97806228,0.97775266,0.00012662,0.0,0.00022081
2025-07-22 19:00:00+00:00,1868.735,17.63631256,0.9772285,0.97682597,0.00016359,0.0,0.00025646
2025-07-22 20:00:00+00:00,1812.5425,17.65787232,0.97690498,0.97653418,0.00015472,0.0,0.00024368
2025-07-22 21:00:00+00:00,1723.9175,17.63352388,0.97552491,0.97517419,0.000104,0.0,0.00024295
2025-07-22 22:00:00+00:00,1661.825,17.55760423,0.97508248,0.97479009,5.888e-05,0.0,0.00018643
2025-07-22 23:00:00+00:00,1645.3075,17.70253452,0.97489829,0.97461452,3.973e-05,0.0,0.00020199
2025-07-23 00:00:00+00:00,1650.5575,17.79682288,0.97477187,0.97450012,7.073e-05,0.0,0.00026851
2025-07-23 01:00:00+00:00,1671.73,17.91810778,0.97462925,0.9742758,8.843e-05,0.0,0.00029705
2025-07-23 02:00:00+00:00,1628.9475,17.86356134,0.97446793,0.97417239,6.789e-05,0.0,0.00026059
2025-07-23 03:00:00+00:00,1601.56,18.12732412,0.97421559,0.97389723,8.913e-05,0.0,0.00027653
2025-07-23 04:00:00+00:00,1685.2975,18.70903784,0.9738328,0.97360641,0.0,0.0,0.00012996
2025-07-23 05:00:00+00:00,1859.76,19.59172433,0.97083084,0.97027518,0.00012147,0.0,0.00024749
2025-07-23 06:00:00+00:00,1934.2925,20.50049294,0.96773162,0.96706462,0.00017661,0.0,0.00027046
2025-07-23 07:00:00+00:00,1995.0575,21.35068321,0.96467926,0.96394975,0.00015427,0.0,0.00023191
2025-07-23 08:00:00+00:00,2084.255,22.13565748,0.9631117,0.96229497,0.00012957,0.0,0.00020074
2025-07-23 09:00:00+00:00,2050.0425,22.78578813,0.96128181,0.96044556,8.812e-05,0.0,0.00015047
2025-07-23 10:00:00+00:00,2040.5275,24.96664579,0.95678942,0.95384237,2.275e-05,0.00018109,8.882e-05
2025-07-23 11:00:00+00:00,1926.63,34.27230394,0.95056237,0.93586912,5.92e-06,0.00031575,0.00013833
2025-07-23 12:00:00+00:00,1913.1,23.76187935,0.95592703,0.95519425,0.0,0.0,4.597e-05
2025-07-23 13:00:00+00:00,1962.97,23.29877283,0.96038802,0.95971875,1.93e-05,0.0,0.00012557
2025-07-23 14:00:00+00:00,1986.255,22.62965752,0.96300106,0.9624576,2.006e-05,0.0,0.00010425
2025-07-23 15:00:00+00:00,2037.59,21.82732683,0.9693639,0.96882345,6.385e-05,0.0,0.00025758
2025-07-23 16:00:00+00:00,1970.5575,20.94319124,0.97292212,0.97253423,6.273e-05,0.0,0.0002685
2025-07-23 17:00:00+00:00,1893.2075,20.2919267,0.97539381,0.97485378,9.969e-05,5.912e-05,0.00032523
2025-07-23 18:00:00+00:00,1826.795,19.72412031,0.97706117,0.97676352,7.331e-05,0.0,0.00030834
2025-07-23 19:00:00+00:00,1776.795,19.59784262,0.97715247,0.97676825,0.00010167,0.0,0.00037685
2025-07-23 20:00:00+00:00,1756.1275,19.44243083,0.97653773,0.97613331,0.00013973,0.0,0.00035032
2025-07-23 21:00:00+00:00,1620.56,19.25320164,0.97660565,0.97618673,0.00013387,0.0,0.00034345
2025-07-23 22:00:00+00:00,1547.86,19.14746972,0.97539264,0.97502981,7.948e-05,0.0,0.00024095
2025-07-23 23:00:00+00:00,1506.8225,19.11548018,0.97527962,0.97487392,7.932e-05,0.0,0.00030151
2025-07-24 00:00:00+00:00,1478.67,19.07462866,0.97473437,0.97437965,7.578e-05,0.0,0.00046085
2025-07-24 01:00:00+00:00,1470.29,19.02430581,0.97483472,0.97443496,6.781e-05,0.0,0.00042957
2025-07-24 02:00:00+00:00,1500.3875,19.0114069,0.97472134,0.97434486,7.006e-05,0.0,0.00041183
2025-07-24 03:00:00+00:00,1489.37,19.16121272,0.97400969,0.973664,5.835e-05,0.0,0.00039093
2025-07-24 04:00:00+00:00,1558.3275,19.78020412,0.97244605,0.97207643,4.245e-05,0.0,0.00032534
2025-07-24 05:00:00+00:00,1772.8025,20.92378399,0.96957057,0.96903586,4.823e-05,0.0,0.00030396
2025-07-24 06:00:00+00:00,1878.29,22.15490866,0.96442018,0.96387685,3.972e-05,0.0,0.00020758
2025-07-24 07:00:00+00:00,1988.5625,23.33718703,0.96077075,0.9599428,0.000136,0.0,0.00022982
2025-07-24 08:00:00+00:00,2009.3725,24.12912118,0.95600866,0.95507954,0.00024979,0.0,0.00017974
2025-07-24 09:00:00+00:00,1985.4425,24.66254021,0.95212638,0.95125096,0.00011694,0.0,0.00010973
2025-07-24 10:00:00+00:00,1970.8025,24.882745,0.95062167,0.94972494,0.00012361,0.0,8.535e-05
2025-07-24 11:00:00+00:00,1922.215,25.06272574,0.94939972,0.94849364,9.723e-05,0.0,8.104e-05
2025-07-24 12:00:00+00:00,1847.8375,24.87787117,0.95015782,0.94934199,0.00013694,0.0,5.031e-05
2025-07-24 13:00:00+00:00,1827.84,24.58163089,0.95274908,0.95198363,0.00012916,0.0,5.324e-05
2025-07-24 14:00:00+00:00,1836.335,23.70571278,0.95667737,0.95605709,0.00010685,0.0,2.882e-05
2025-07-24 15:00:00+00:00,1848.2025,22.60429355,0.96260515,0.96210992,9.322e-05,0.0,1.544e-05
2025-07-24 16:00:00+00:00,1910.135,28.56845917,0.95947089,0.94384242,0.00171688,0.00307106,9.674e-05
2025-07-24 17:00:00+00:00,1960.0525,20.18601609,0.97288936,0.97200368,0.00049194,0.0,0.00020751
2025-07-24 18:00:00+00:00,1876.61,19.40442685,0.97586498,0.97519909,0.00042671,0.0,0.00028166
2025-07-24 19:00:00+00:00,1898.095,19.19302439,0.97638656,0.97534944,0.00048601,5e-08,0.00044373
2025-07-24 20:00:00+00:00,1873.3075,18.6694011,0.97375404,0.97324762,0.00021509,0.0,0.00036263
2025-07-24 21:00:00+00:00,1711.405,18.62340995,0.97352426,0.97275678,0.000317,0.0,0.00031458
2025-07-24 22:00:00+00:00,1612.505,18.3343998,0.97808196,0.97788475,1.293e-05,0.0,0.00012027
2025-07-24 23:00:00+00:00,1546.5525,18.31864748,0.97816464,0.97774935,8.569e-05,0.0,0.00029467
2025-07-25 00:00:00+00:00,1546.935,18.45623342,0.97482913,0.97441687,0.00010915,0.0,0.00044702
2025-07-25 01:00:00+00:00,1554.38,18.37363165,0.97402251,0.97356324,0.00010325,0.0,0.00042784
2025-07-25 02:00:00+00:00,1518.695,18.51858383,0.97425086,0.97379025,9.703e-05,3.584e-05,0.00042199
2025-07-25 03:00:00+00:00,1503.735,18.73476137,0.9733763,0.97294159,0.00010749,0.0,0.00042153
2025-07-25 04:00:00+00:00,1580.8975,19.43607006,0.97205708,0.97158842,0.00011128,0.0,0.00039135
2025-07-25 05:00:00+00:00,1699.355,20.5163213,0.96918678,0.96857573,9.972e-05,0.0,0.00034356
2025-07-25 06:00:00+00:00,1816.87,21.61086714,0.96406531,0.96353138,2.989e-05,0.0,0.00020593
2025-07-25 07:00:00+00:00,1855.2475,22.77819921,0.95733103,0.95664571,0.0,0.0,0.00015656
2025-07-25 08:00:00+00:00,1856.045,24.16543319,0.95292574,0.95171245,0.0,0.00019506,0.00013692
2025-07-25 09:00:00+00:00,1822.73,24.57418218,0.95009361,0.94930865,0.0,0.0,0.00012578
2025-07-25 10:00:00+00:00,1740.39,25.05382308,0.94760694,0.94650279,0.0,9.801e-05,0.00013649
2025-07-25 11:00:00+00:00,1769.57,24.74969853,0.94802795,0.94717346,1e-07,0.0,0.00012285
2025-07-25 12:00:00+00:00,1797.6525,24.3729133,0.95025529,0.94954728,0.0,0.0,9.692e-05
2025-07-25 13:00:00+00:00,1808.2975,24.11032898,0.95276861,0.95158739,0.0,0.00020102,0.00010375
2025-07-25 14:00:00+00:00,1885.0825,22.74654003,0.95805894,0.95750627,0.0,0.0,0.00011096
2025-07-25 15:00:00+00:00,1940.48,21.50420864,0.96417732,0.96370373,1.42e-05,0.0,0.00013141
2025-07-25 16:00:00+00:00,1959.615,20.42902229,0.96985012,0.96937878,0.00011802,0.0,0.00026379
2025-07-25 17:00:00+00:00,1843.5725,19.62403945,0.97411854,0.97353138,0.00015531,0.0,0.00030858
2025-07-25 18:00:00+00:00,1706.1,18.79981181,0.97630144,0.97585841,0.00012477,0.0,0.00039484
2025-07-25 19:00:00+00:00,1703.825,18.40126035,0.97729006,0.97669639,6.594e-05,0.0,0.000327
2025-07-25 20:00:00+00:00,1624.88,17.69824348,0.97666285,0.97642089,3.97e-06,0.0,0.00018217
2025-07-25 21:00:00+00:00,1509.115,17.29745803,0.97616841,0.97581574,0.0,0.0,0.00012662
2025-07-25 22:00:00+00:00,1416.755,17.02816315,0.97528379,0.97383154,0.0,0.00132615,2.93e-06
2025-07-25 23:00:00+00:00,1379.7675,17.03928408,0.97458977,0.97221524,0.0,0.00218054,3.93e-06
2025-07-26 00:00:00+00:00,1324.505,16.80309767,0.97659377,0.97450286,0.0,0.00198514,3.463e-05
2025-07-26 01:00:00+00:00,1294.405,16.83551439,0.97613409,0.97360249,0.0,0.00238026,2.94e-06
2025-07-26 02:00:00+00:00,1266.365,16.92428691,0.97280439,0.97032122,0.0,0.00234559,2.479e-05
2025-07-26 03:00:00+00:00,1266.2875,17.25833902,0.97142265,0.96747731,0.0,0.00368719,0.00011093
2025-07-26 04:00:00+00:00,1338.8725,17.83202459,0.96886631,0.96558648,0.0,0.00299749,8.16e-05
2025-07-26 05:00:00+00:00,1420.14,18.62490729,0.96475014,0.96373975,0.0,0.00060376,6.961e-05
2025-07-26 06:00:00+00:00,1565.0325,19.92552079,0.95973377,0.95829541,0.0,0.00097844,6.635e-05
2025-07-26 07:00:00+00:00,1631.555,24.35210191,0.95354744,0.94629344,0.0,0.0034265,5.882e-05
2025-07-26 08:00:00+00:00,1714.7275,27.27254848,0.95051896,0.94108261,0.0,0.00389539,6.524e-05
2025-07-26 09:00:00+00:00,1760.7,26.28782759,0.94890094,0.94245618,0.0,0.00305365,6.312e-05
2025-07-26 10:00:00+00:00,1741.2225,27.98861508,0.94551918,0.93846576,0.0,0.00228866,6.168e-05
2025-07-26 11:00:00+00:00,1597.765,30.15705796,0.94258082,0.93252775,0.0,0.00315256,7.252e-05
2025-07-26 12:00:00+00:00,1517.275,32.12334709,0.94213539,0.92825106,0.0,0.00375283,7.86e-05
2025-07-26 13:00:00+00:00,1505.4825,29.37298503,0.94361035,0.93320391,0.0,0.00360677,6.951e-05
2025-07-26 14:00:00+00:00,1576.6875,25.57127189,0.94651983,0.93988228,0.0,0.0022475,6.118e-05
2025-07-26 15:00:00+00:00,1624.535,20.7749224,0.95611713,0.95563702,0.0,0.0,5.071e-05
2025-07-26 16:00:00+00:00,1691.6875,19.32627023,0.96399245,0.96371311,0.0,0.0,6.8e-05
2025-07-26 17:00:00+00:00,1685.68,18.39513768,0.96918545,0.96873266,2.905e-05,0.0,0.00014708
2025-07-26 18:00:00+00:00,1741.555,17.8067913,0.97270124,0.97236063,0.00010479,0.0,0.00017131
2025-07-26 19:00:00+00:00,1718.0325,17.71222198,0.97456516,0.97411938,5.603e-05,0.0,0.00015279
2025-07-26 20:00:00+00:00,1738.18,17.3803697,0.97418591,0.9740238,0.0,0.0,0.00012547
2025-07-26 21:00:00+00:00,1689.8975,17.35645399,0.97346943,0.97317979,0.0,0.0,0.00011693
2025-07-26 22:00:00+00:00,1528.115,17.27974915,0.97390098,0.97377987,0.0,0.0,4.375e-05
2025-07-26 23:00:00+00:00,1417.13,17.1497999,0.97322313,0.97306808,0.0,0.0,3.301e-05
2025-07-27 00:00:00+00:00,1351.1175,17.03978844,0.97206833,0.97198247,0.0,0.0,7.548e-05
2025-07-27 01:00:00+00:00,1376.0,17.06010438,0.97052077,0.97036272,0.0,0.0,9.145e-05
2025-07-27 02:00:00+00:00,1379.085,17.19021332,0.97011542,0.96997368,0.0,0.0,0.00010953
2025-07-27 03:00:00+00:00,1318.1875,17.35925683,0.97081617,0.9706761,0.0,0.0,9.89e-05
2025-07-27 04:00:00+00:00,1337.29,18.14210873,0.96910799,0.96887007,0.0,0.0,0.0001353
2025-07-27 05:00:00+00:00,1422.025,19.28000259,0.96295732,0.9625276,0.0,0.0,0.00013275
2025-07-27 06:00:00+00:00,1504.3125,20.53535271,0.95706595,0.95662712,0.0,0.0,8.119e-05
2025-07-27 07:00:00+00:00,1583.6125,23.84699292,0.94856474,0.94569106,0.0,0.00207168,3.963e-05
2025-07-27 08:00:00+00:00,1623.1725,26.204068,0.94419093,0.94014147,0.0,0.00312986,4.903e-05
2025-07-27 09:00:00+00:00,1619.0425,27.65385643,0.94201476,0.93724691,0.0,0.00372967,4.849e-05
2025-07-27 10:00:00+00:00,1641.8025,27.9387083,0.94014777,0.93533121,0.0,0.00376142,4.532e-05
2025-07-27 11:00:00+00:00,1624.01,26.04243815,0.9412021,0.93737109,1.1e-06,0.00263395,7.105e-05
2025-07-27 12:00:00+00:00,1647.4275,24.21215418,0.94363759,0.94173713,3.51e-06,0.00087165,0.00010136
2025-07-27 13:00:00+00:00,1588.6075,23.46239568,0.94805698,0.94646605,2.73e-06,0.00060397,5.549e-05
2025-07-27 14:00:00+00:00,1674.3375,21.48666682,0.9575905,0.95700615,0.0,0.0,0.000103
2025-07-27 15:00:00+00:00,1805.285,20.25952884,0.96303006,0.96253715,0.0,0.0,0.00011512
2025-07-27 16:00:00+00:00,1828.445,19.26424589,0.96841632,0.96805551,1.789e-05,0.0,0.00020028
2025-07-27 17:00:00+00:00,1823.2225,18.62923279,0.97250177,0.97189558,0.00015341,0.0,0.00029941
2025-07-27 18:00:00+00:00,1771.4875,18.04458946,0.97418252,0.97377136,0.00012945,0.0,0.00035923
2025-07-27 19:00:00+00:00,1841.925,18.03721038,0.97499922,0.9743974,0.00015289,0.0,0.00037885
2025-07-27 20:00:00+00:00,1769.7425,17.66269199,0.97433867,0.97400693,8.805e-05,0.0,0.00037125
2025-07-27 21:00:00+00:00,1616.735,17.32076656,0.9726032,0.97219782,0.0,0.0,0.00035184
2025-07-27 22:00:00+00:00,1444.9025,16.90642503,0.96999761,0.96965105,1.689e-05,0.0,0.00031702
2025-07-27 23:00:00+00:00,1331.2325,16.74953023,0.96935244,0.96893259,1.809e-05,0.0,0.00024338
2025-07-28 00:00:00+00:00,1301.5875,16.49079553,0.96946164,0.96929663,1.77e-06,0.0,0.00011094
2025-07-28 01:00:00+00:00,1352.98,16.5914356,0.96997874,0.9694289,9.69e-06,0.00028793,0.0001335
2025-07-28 02:00:00+00:00,1334.105,16.76646646,0.96970485,0.96950601,0.0,0.0,0.00017052
2025-07-28 03:00:00+00:00,1301.985,17.16390049,0.9645498,0.96433889,4.79e-06,0.0,0.00017012
2025-07-28 04:00:00+00:00,1440.4475,18.19108304,0.96184857,0.96176323,0.0,0.0,3.69e-06
2025-07-28 05:00:00+00:00,1691.3575,19.74864693,0.95984716,0.95940462,0.00011278,0.0,5.377e-05
2025-07-28 06:00:00+00:00,1786.5,21.07208046,0.95524315,0.95473185,0.00021832,0.0,2.841e-05
2025-07-28 07:00:00+00:00,1740.94,22.41942903,0.9472944,0.94673172,0.0,0.0,1.554e-05
2025-07-28 08:00:00+00:00,1798.0225,23.33876438,0.94107513,0.94059891,0.0,0.0,7.8e-06
2025-07-28 09:00:00+00:00,1813.605,24.20520662,0.93605094,0.93475004,5.256e-05,0.00043201,9.08e-06
2025-07-28 10:00:00+00:00,1816.46,24.51715475,0.93463247,0.93298199,5.991e-05,0.00073797,1.193e-05
2025-07-28 11:00:00+00:00,1776.2975,24.48211597,0.93480482,0.93308651,2.827e-05,0.00077151,1.514e-05
2025-07-28 12:00:00+00:00,1741.175,24.13443411,0.93631424,0.93468164,0.0,0.0007828,1.267e-05
2025-07-28 13:00:00+00:00,1763.915,23.21489707,0.94103904,0.93924249,5.02e-06,0.00091504,1.687e-05
2025-07-28 14:00:00+00:00,1750.48,21.9307094,0.94677416,0.94521384,4.21e-05,0.00074745,3.715e-05
2025-07-28 15:00:00+00:00,1809.5125,20.69414788,0.95451686,0.95369845,2.741e-05,0.00023842,1.441e-05
2025-07-28 16:00:00+00:00,1801.75,19.34264649,0.95819933,0.95792638,4.856e-05,2e-08,5.438e-05
2025-07-28 17:00:00+00:00,1848.6325,18.60393313,0.96246912,0.9620112,0.00013623,4e-08,8.777e-05
2025-07-28 18:00:00+00:00,1888.9325,17.85919043,0.96521758,0.96499605,8.493e-05,4e-08,5.887e-05
2025-07-28 19:00:00+00:00,1905.5225,17.49995354,0.96596435,0.96575955,0.0,1e-08,2.077e-05
2025-07-28 20:00:00+00:00,1865.875,16.7695273,0.96443077,0.96437054,0.0,0.0,3.22e-06
2025-07-28 21:00:00+00:00,1705.37,16.14166392,0.96234411,0.96218431,0.0,1e-08,9.28e-06
2025-07-28 22:00:00+00:00,1565.8775,17.27585715,0.96863048,0.96362484,0.0,0.00195221,1.327e-05
2025-07-28 23:00:00+00:00,1529.5725,16.77681846,0.96893352,0.96380045,0.0,0.00198103,1.014e-05
2025-07-29 00:00:00+00:00,1480.1625,14.52549948,0.97186389,0.97178853,6.85e-06,6e-08,6.703e-05
2025-07-29 01:00:00+00:00,1524.76,14.57153722,0.97330111,0.97319036,1.33e-06,4e-08,4.164e-05
2025-07-29 02:00:00+00:00,1465.2075,14.48532417,0.97444823,0.97440411,0.0,0.0,3.36e-06
2025-07-29 03:00:00+00:00,1441.18,14.23841499,0.97473866,0.97467584,0.0,1e-08,8.37e-06
2025-07-29 04:00:00+00:00,1564.35,14.56717149,0.97574943,0.97563986,0.0,3e-08,4.239e-05
2025-07-29 05:00:00+00:00,1672.8625,15.53388839,0.97401376,0.97379905,0.0,0.0,2.402e-05
2025-07-29 06:00:00+00:00,1700.1575,16.67322937,0.97102747,0.9707971,0.0,0.0,8.9e-07
2025-07-29 07:00:00+00:00,1759.375,18.11101587,0.96655951,0.96600858,0.0,0.0,0.0
2025-07-29 08:00:00+00:00,1767.2525,19.41141468,0.96109262,0.960684,0.0,0.0,0.0
2025-07-29 09:00:00+00:00,1692.315,20.1845938,0.95839729,0.95792759,0.0,0.0,0.0
2025-07-29 10:00:00+00:00,1659.8625,20.65985239,0.95839483,0.95792353,0.0,0.0,4e-08
2025-07-29 11:00:00+00:00,1664.7425,21.59877677,0.95624403,0.9556605,0.0,0.0,0.0
2025-07-29 12:00:00+00:00,1645.8125,28.43464317,0.94957809,0.93597597,0.00035665,0.00750157,0.00017233
2025-07-29 13:00:00+00:00,1651.505,21.92688293,0.95753628,0.95454238,5.804e-05,0.00149135,3.23e-05
2025-07-29 14:00:00+00:00,1701.5475,18.77010074,0.96547582,0.96512178,0.0,0.0,6.2e-07
2025-07-29 15:00:00+00:00,1738.85,17.67736951,0.97121665,0.97082595,0.0,0.0,5.07e-06
2025-07-29 16:00:00+00:00,1806.3575,16.7326925,0.97814755,0.97797704,0.0,0.0,9.9e-06
2025-07-29 17:00:00+00:00,1801.975,15.97997073,0.98171592,0.98152394,0.0,0.0,4.77e-06
2025-07-29 18:00:00+00:00,1960.7325,15.49157251,0.98393729,0.98384254,0.0,0.0,1.144e-05
2025-07-29 19:00:00+00:00,1975.42,15.26761045,0.9840257,0.98389672,0.0,0.0,1.818e-05
2025-07-29 20:00:00+00:00,1787.015,15.33883368,0.98349121,0.98149413,0.0,0.00185835,6.459e-05
2025-07-29 21:00:00+00:00,1669.0025,15.19216338,0.98286136,0.97945134,0.0,0.00321574,2.38e-06
2025-07-29 22:00:00+00:00,1491.9425,14.85966235,0.98154287,0.98063674,0.0,0.00078389,4.19e-06
2025-07-29 23:00:00+00:00,1471.17,15.11139023,0.98102492,0.97873731,0.0,0.00199451,5.28e-06
2025-07-30 00:00:00+00:00,1524.585,15.01698279,0.98077165,0.97707219,0.0,0.00355768,4e-06
2025-07-30 01:00:00+00:00,1575.48,15.22259191,0.97933072,0.97469145,0.0,0.00434297,3.955e-05
2025-07-30 02:00:00+00:00,1560.37,15.26102066,0.98042025,0.9762306,0.0,0.00401721,5.06e-06
2025-07-30 03:00:00+00:00,1538.48,15.30405407,0.97994117,0.97983556,0.0,0.0,2.8e-06
2025-07-30 04:00:00+00:00,1664.775,16.53429435,0.97827934,0.97821053,0.0,0.0,2.96e-06
2025-07-30 05:00:00+00:00,1903.2025,17.81610578,0.97473678,0.97457472,0.0,0.0,3.31e-06
2025-07-30 06:00:00+00:00,1947.66,19.03795186,0.96882253,0.96857736,0.0,0.0,2.25e-05
2025-07-30 07:00:00+00:00,1901.96,20.4883491,0.96576945,0.96530324,0.0,0.0,2.373e-05
2025-07-30 08:00:00+00:00,1991.2725,21.4368573,0.96205128,0.96164296,0.0,0.0,2.029e-05
2025-07-30 09:00:00+00:00,1938.555,22.28472566,0.95837906,0.95789363,0.0,0.0,6.07e-06
2025-07-30 10:00:00+00:00,1935.7825,22.74636884,0.95703178,0.9565561,0.0,0.0,1.776e-05
2025-07-30 11:00:00+00:00,1934.095,22.8828893,0.95644756,0.95596699,0.0,0.0,1.542e-05
2025-07-30 12:00:00+00:00,1988.595,22.33379348,0.95911019,0.95868556,0.0,0.0,2.96e-05
2025-07-30 13:00:00+00:00,1880.3575,22.03760904,0.96176978,0.96131612,0.0,0.0,9.49e-06
2025-07-30 14:00:00+00:00,1817.9275,20.91731659,0.96746302,0.9670908,0.0,0.0,1.408e-05
2025-07-30 15:00:00+00:00,1891.615,20.12000155,0.97180223,0.9714046,0.0,0.0,2.083e-05
2025-07-30 16:00:00+00:00,1955.4075,19.2175764,0.97464723,0.97443782,2.822e-05,0.0,2.71e-05
2025-07-30 17:00:00+00:00,1960.115,18.58962705,0.97865754,0.97838378,6.116e-05,0.0,5.879e-05
2025-07-30 18:00:00+00:00,2001.0075,17.87532961,0.97903358,0.97891957,0.0,0.0,2.432e-05
2025-07-30 19:00:00+00:00,1864.9475,17.62321131,0.97993059,0.97979547,0.0,0.0,1.96e-05
2025-07-30 20:00:00+00:00,1715.5625,17.40665426,0.97940717,0.97934567,0.0,0.0,4.25e-06
2025-07-30 21:00:00+00:00,1586.1,17.1897686,0.97965569,0.97954995,0.0,0.0,4.13e-06
2025-07-30 22:00:00+00:00,1508.8375,16.90204617,0.98194715,0.98179172,0.0,0.0,6.399e-05
2025-07-30 23:00:00+00:00,1528.74,16.74549428,0.98017915,0.97983904,0.0,0.0,0.00018791
2025-07-31 00:00:00+00:00,1512.02,16.66238857,0.97860059,0.97849131,0.0,3.7e-07,0.00019041
2025-07-31 01:00:00+00:00,1552.78,16.82906197,0.97840178,0.97816162,0.0,3.96e-06,0.00020274
2025-07-31 02:00:00+00:00,1566.795,16.95733375,0.9790147,0.97889402,0.0,1.25e-06,0.00016733
2025-07-31 03:00:00+00:00,1536.7925,17.20655933,0.97961417,0.9794424,0.0,1.16e-06,0.00012605
2025-07-31 04:00:00+00:00,1678.48,17.88318827,0.98170328,0.98159213,0.0,9.7e-07,7.601e-05
2025-07-31 05:00:00+00:00,1803.675,18.80713927,0.97777569,0.97755358,0.0,7.6e-07,4.495e-05
2025-07-31 06:00:00+00:00,1862.1475,19.72917288,0.97274383,0.97250186,0.0,2e-08,9.7e-07
2025-07-31 07:00:00+00:00,1900.11,20.94557127,0.96767969,0.96717619,0.0,0.0,3.565e-05
2025-07-31 08:00:00+00:00,2029.57,21.81022753,0.96285188,0.96239419,0.0,0.0,1.83e-05
2025-07-31 09:00:00+00:00,2063.025,22.46229198,0.96048456,0.95995561,0.0,0.0,3.418e-05
2025-07-31 10:00:00+00:00,2068.7275,22.63291525,0.95815142,0.9576588,0.0,0.0,2.447e-05
2025-07-31 11:00:00+00:00,2084.3625,22.63990578,0.95856665,0.95810116,0.0,0.0,1.892e-05
2025-07-31 12:00:00+00:00,2028.38,22.36697412,0.95948415,0.95907849,0.0,0.0,2.54e-06
2025-07-31 13:00:00+00:00,2009.085,21.97743263,0.96174898,0.96131018,0.0,0.0,7.53e-06
2025-07-31 14:00:00+00:00,1946.8425,21.34134241,0.96353755,0.96313898,0.0,0.0,1.245e-05
2025-07-31 15:00:00+00:00,1975.8075,20.43257653,0.97025336,0.96988117,0.0,1e-08,2.73e-06
2025-07-31 16:00:00+00:00,1980.3125,19.49247817,0.97493198,0.9747382,0.0,1.6e-07,9.75e-06
2025-07-31 17:00:00+00:00,1941.1275,18.76579514,0.97657482,0.9763291,0.0,0.0,5.051e-05
2025-07-31 18:00:00+00:00,1969.935,18.170554,0.97899475,0.97875556,6.077e-05,1.36e-06,0.00014089
2025-07-31 19:00:00+00:00,1994.72,18.05142868,0.97966782,0.97945952,3.83e-06,1.3e-07,9.543e-05
2025-07-31 20:00:00+00:00,1864.1325,17.74766215,0.97884835,0.97872365,9.76e-06,0.0,0.00012934
2025-07-31 21:00:00+00:00,1670.835,17.38615112,0.97679202,0.97663567,7.31e-06,0.0,0.00010871
2025-07-31 22:00:00+00:00,1541.5975,17.40759197,0.9772564,0.97704207,5.418e-05,0.0,0.00013062
2025-07-31 23:00:00+00:00,1518.7825,17.6626325,0.97602333,0.97575044,4.053e-05,0.0,8.673e-05
2025-08-01 00:00:00+00:00,1538.9825,17.7175722,0.97536886,0.97516985,8.004e-05,0.0,0.00026505
2025-08-01 01:00:00+00:00,1575.2725,17.90656227,0.97541275,0.97508366,9.923e-05,0.0,0.00027638
2025-08-01 02:00:00+00:00,1575.3225,18.15699426,0.97459634,0.97427342,0.00014199,0.0,0.00038091
2025-08-01 03:00:00+00:00,1588.4875,18.35918685,0.97466717,0.97435861,0.00010827,0.0,0.00026788
2025-08-01 04:00:00+00:00,1639.9925,18.7963593,0.97370821,0.9733923,0.00015099,0.0,0.00025516
2025-08-01 05:00:00+00:00,1792.435,19.69995515,0.97130611,0.97066042,0.00033775,0.0,0.00032321
2025-08-01 06:00:00+00:00,1856.445,20.75773398,0.96736363,0.96671919,0.00029932,0.0,0.00030508
2025-08-01 07:00:00+00:00,1994.8875,21.8608252,0.96352478,0.96291915,8.603e-05,0.0,0.00020627
2025-08-01 08:00:00+00:00,2030.8675,22.72825857,0.95850266,0.95788938,5.745e-05,0.0,0.00018895
2025-08-01 09:00:00+00:00,2047.03,23.95188883,0.95430594,0.95308917,6.095e-05,0.00053498,0.00016915
2025-08-01 10:00:00+00:00,1997.1075,23.51851782,0.95488472,0.95423628,3.96e-05,0.0,0.0001434
2025-08-01 11:00:00+00:00,1972.74,23.12634818,0.95649364,0.95594825,0.0,0.0,2.514e-05
2025-08-01 12:00:00+00:00,1943.35,23.08947377,0.95589364,0.95479366,2.278e-05,0.00031746,2.924e-05
2025-08-01 13:00:00+00:00,1913.665,22.38762639,0.95900798,0.95833057,2.059e-05,7.915e-05,2.637e-05
2025-08-01 14:00:00+00:00,1901.03,21.51701005,0.9626112,0.96216117,0.0,0.0,2.541e-05
2025-08-01 15:00:00+00:00,1912.915,20.81434604,0.96720091,0.96659732,0.00017573,0.0,0.0001571
2025-08-01 16:00:00+00:00,1943.2525,19.86119655,0.97032414,0.96993284,0.00012923,0.0,0.00015102
2025-08-01 17:00:00+00:00,1888.3125,19.29075165,0.97321394,0.9726703,0.0002937,0.0,0.00019218
2025-08-01 18:00:00+00:00,1859.7075,18.77307948,0.97430145,0.97385967,0.00026909,0.0,0.00019437
2025-08-01 19:00:00+00:00,1821.935,18.57303488,0.97376211,0.97313507,0.0003854,0.0,0.00026206
2025-08-01 20:00:00+00:00,1764.58,18.41012524,0.97377303,0.97325958,0.00035853,0.0,0.00029073
2025-08-01 21:00:00+00:00,1599.9775,18.04755894,0.97301902,0.97254658,0.00028553,0.0,0.00027757
2025-08-01 22:00:00+00:00,1531.0275,17.62023538,0.96981684,0.96960672,0.0001087,0.0,1.431e-05
2025-08-01 23:00:00+00:00,1471.7825,17.34760862,0.96813835,0.96791078,4.242e-05,0.0,6.65e-06
2025-08-02 00:00:00+00:00,1481.2875,17.19418759,0.96743771,0.96548628,0.0,0.00185932,4.2e-06
2025-08-02 01:00:00+00:00,1464.54,16.94582072,0.96853325,0.96840498,0.0,0.0,3.34e-06
2025-08-02 02:00:00+00:00,1436.1325,17.18407355,0.96933749,0.96923892,0.0,0.0,5.77e-05
2025-08-02 03:00:00+00:00,1373.52,17.3547002,0.96882299,0.96867045,0.0,0.0,4.492e-05
2025-08-02 04:00:00+00:00,1371.28,17.84829538,0.96926543,0.96913095,0.0,0.0,3.616e-05
2025-08-02 05:00:00+00:00,1462.0875,18.70441964,0.96619529,0.96589846,0.0,0.0,4.613e-05
2025-08-02 06:00:00+00:00,1587.355,20.70407436,0.96128105,0.95973531,0.0,0.00112679,1.13e-05
2025-08-02 07:00:00+00:00,1725.1475,23.59012958,0.95727115,0.95392199,0.0,0.0024452,2.05e-06
2025-08-02 08:00:00+00:00,1752.3625,25.81338794,0.95280276,0.94852601,0.0,0.00324675,1.84e-06
2025-08-02 09:00:00+00:00,1853.7925,27.48137803,0.94514611,0.94108376,0.0,0.00303298,2.07e-06
2025-08-02 10:00:00+00:00,1759.41,40.24670188,0.92474365,0.89958524,0.00032837,0.01439731,0.00028717
2025-08-02 11:00:00+00:00,1769.175,83.21835746,0.9012934,0.82190776,0.00046726,0.01623091,0.00087954
2025-08-02 12:00:00+00:00,1664.13,103.50957685,0.88869333,0.78588232,0.00024404,0.01999231,0.00112386
2025-08-02 13:00:00+00:00,1574.8525,68.75315553,0.90847281,0.84299447,0.00033829,0.01638998,0.00075016
2025-08-02 14:00:00+00:00,1583.0375,22.62816391,0.95278606,0.95010265,1.299e-05,0.0013176,5.318e-05
2025-08-02 15:00:00+00:00,1653.6525,20.38364684,0.96304222,0.96266289,0.0,0.0,1.796e-05
2025-08-02 16:00:00+00:00,1731.0125,19.35744055,0.96914511,0.96885748,7.504e-05,0.0,6.198e-05
2025-08-02 17:00:00+00:00,1752.955,18.72100003,0.9727241,0.97223563,0.00021134,0.0,0.00017658
2025-08-02 18:00:00+00:00,1770.68,18.25687463,0.97491766,0.9745549,0.00021498,0.0,0.00014394
2025-08-02 19:00:00+00:00,1728.425,17.95929754,0.97629612,0.97587347,0.00021891,0.0,0.00017577
2025-08-02 20:00:00+00:00,1710.135,17.65378264,0.97657057,0.97633788,0.00013719,0.0,0.00010431
2025-08-02 21:00:00+00:00,1553.9925,17.45480939,0.97569893,0.97530884,0.0002033,0.0,0.00017787
2025-08-02 22:00:00+00:00,1417.345,17.03763137,0.97444298,0.97434002,0.0,0.0,1.418e-05
2025-08-02 23:00:00+00:00,1341.1075,17.51261111,0.9738445,0.97326626,0.0,0.00042023,2.143e-05
2025-08-03 00:00:00+00:00,1330.235,17.48869444,0.97321174,0.97154662,0.0,0.00159125,1.023e-05
2025-08-03 01:00:00+00:00,1357.5675,17.8673771,0.97365858,0.97064455,0.0,0.00277655,3.154e-05
2025-08-03 02:00:00+00:00,1368.185,17.88567314,0.97427014,0.9709636,0.0,0.00316434,8.97e-06
2025-08-03 03:00:00+00:00,1307.01,17.31069081,0.97367931,0.97332627,0.0,0.00022883,4.57e-06
2025-08-03 04:00:00+00:00,1340.39,17.2712098,0.97218389,0.97206635,0.0,0.0,1.232e-05
2025-08-03 05:00:00+00:00,1379.725,17.90562786,0.96774156,0.96742137,0.0,4.056e-05,2.11e-06
2025-08-03 06:00:00+00:00,1521.37,18.52207206,0.9595626,0.95915898,0.0,0.0,3.393e-05
2025-08-03 07:00:00+00:00,1499.995,35.06881702,0.93254931,0.90112855,0.00048395,0.01800755,0.00036967
2025-08-03 08:00:00+00:00,1632.155,52.83276697,0.92510856,0.87187687,0.00049055,0.01668252,0.00064402
2025-08-03 09:00:00+00:00,1666.1375,70.12618769,0.91638452,0.84409338,0.000427,0.01541688,0.00085277
2025-08-03 10:00:00+00:00,1626.94,94.12696098,0.90759963,0.80601337,0.00033318,0.01846573,0.00119124
2025-08-03 11:00:00+00:00,1571.705,90.04485462,0.90964773,0.81310471,0.00028979,0.01735713,0.00108823
2025-08-03 12:00:00+00:00,1542.815,87.94410947,0.90984787,0.81446986,0.00058198,0.01617177,0.00104182
2025-08-03 13:00:00+00:00,1472.2125,71.76293622,0.91821962,0.84204088,0.00021287,0.01541541,0.00086086
2025-08-03 14:00:00+00:00,1562.725,32.67576309,0.94406032,0.91563552,0.00033785,0.01307049,0.00035098
2025-08-03 15:00:00+00:00,1663.705,18.49229588,0.96814603,0.96529712,3.652e-05,0.00152644,7.208e-05
2025-08-03 16:00:00+00:00,1832.4225,16.96308663,0.97420755,0.9739486,0.0,0.0,8.241e-05
2025-08-03 17:00:00+00:00,1903.3925,16.62996188,0.97749513,0.97716631,6.264e-05,0.0,0.0001525
2025-08-03 18:00:00+00:00,1854.505,16.60331367,0.97861857,0.97829633,0.00010335,0.0,0.00016797
2025-08-03 19:00:00+00:00,1930.2875,16.27526705,0.97801525,0.97777379,0.0,0.0,0.0001644
2025-08-03 20:00:00+00:00,1801.36,15.97763721,0.97701887,0.97683507,0.0,0.0,0.00014844
2025-08-03 21:00:00+00:00,1619.0225,16.52684673,0.97177386,0.95921089,0.00984602,0.0024242,0.00013082
2025-08-03 22:00:00+00:00,1541.2275,16.25535084,0.97500389,0.97475973,0.0,0.0,0.00020168
2025-08-03 23:00:00+00:00,1474.415,16.34982972,0.9746889,0.97426063,0.00010897,3.29e-05,0.00019944
2025-08-04 00:00:00+00:00,1448.0875,16.39936822,0.97444705,0.97425543,0.0,0.0,0.00021209
2025-08-04 01:00:00+00:00,1445.7375,16.72216844,0.97446532,0.97409524,2.28e-06,0.0,0.00028122
2025-08-04 02:00:00+00:00,1520.5575,16.91719824,0.97483515,0.97451736,1.532e-05,0.0,0.00032625
2025-08-04 03:00:00+00:00,1535.6125,17.32955376,0.97512073,0.97468502,8.041e-05,0.0,0.00030723
2025-08-04 04:00:00+00:00,1670.4675,17.52873904,0.97512273,0.97480997,4.26e-05,0.0,0.00021776
2025-08-04 05:00:00+00:00,1883.3325,18.32251194,0.97344832,0.97291475,0.0001018,0.0,0.00024511
2025-08-04 06:00:00+00:00,2079.7125,19.13608667,0.97008864,0.96951545,9.137e-05,0.0,0.00023818
2025-08-04 07:00:00+00:00,2161.91,20.32939924,0.96633143,0.96409137,0.00134898,0.00022796,0.00025494
2025-08-04 08:00:00+00:00,2250.22,23.19038069,0.95941467,0.95547953,4.907e-05,0.0016269,0.00033898
2025-08-04 09:00:00+00:00,2218.135,22.09373453,0.95813712,0.95632823,2.165e-05,0.0006037,0.00030544
2025-08-04 10:00:00+00:00,2265.72,21.93752912,0.95910924,0.95780695,1.6e-07,0.00028506,0.00026662
2025-08-04 11:00:00+00:00,2266.6425,27.34106805,0.94773403,0.93561224,9.996e-05,0.00607656,0.00025714
2025-08-04 12:00:00+00:00,2210.6175,28.97637082,0.94619338,0.93039817,0.00020302,0.00822438,0.00027293
2025-08-04 13:00:00+00:00,2085.735,24.93389047,0.95503487,0.94615176,3.46e-06,0.00446117,0.00023774
2025-08-04 14:00:00+00:00,2049.9175,20.014304,0.96457588,0.96326337,4.2e-07,0.00045061,0.00015253
2025-08-04 15:00:00+00:00,2091.33,18.54902744,0.9717256,0.97070502,4.965e-05,0.00028703,0.00029763
2025-08-04 16:00:00+00:00,2124.6575,17.20811896,0.97574792,0.97531993,6.211e-05,0.0,0.00033268
2025-08-04 17:00:00+00:00,1993.085,16.30943574,0.97781437,0.97741082,5.467e-05,1.426e-05,0.00030454
2025-08-04 18:00:00+00:00,1882.01,15.79441092,0.97999749,0.97940861,0.0001021,0.00014683,0.00027949
2025-08-04 19:00:00+00:00,1926.2,15.17664103,0.97821691,0.97772115,3.876e-05,8.093e-05,0.00017016
2025-08-04 20:00:00+00:00,1812.335,14.68062883,0.97904473,0.97881975,2.07e-06,5.28e-06,0.000181
2025-08-04 21:00:00+00:00,1635.5725,14.72765337,0.97929779,0.97903808,0.0,0.0,0.00018397
2025-08-04 22:00:00+00:00,1524.4275,14.21948446,0.98090723,0.9801065,0.0,0.00070803,6.63e-06
2025-08-04 23:00:00+00:00,1533.065,13.93227178,0.98117866,0.98048655,0.0,0.00057215,7.34e-06
2025-08-05 00:00:00+00:00,1555.4925,13.78868369,0.98117239,0.98047408,0.0,0.00065198,7.8e-06
2025-08-05 01:00:00+00:00,1500.0875,13.78964307,0.9808741,0.9804129,0.0,0.00036813,1.59e-05
2025-08-05 02:00:00+00:00,1591.6975,13.98030851,0.9804667,0.97940719,0.0,0.00099504,1.32e-06
2025-08-05 03:00:00+00:00,1646.63,13.93573499,0.98017186,0.9798127,0.0,0.0002942,1.929e-05
2025-08-05 04:00:00+00:00,1798.6725,14.32179981,0.9796558,0.97951037,0.0,0.0,8.44e-05
2025-08-05 05:00:00+00:00,1986.6225,15.31375658,0.97701019,0.97665758,0.0,0.0,0.00018214
2025-08-05 06:00:00+00:00,2182.03,16.40362819,0.97404256,0.97364642,1.432e-05,0.0,0.00014366
2025-08-05 07:00:00+00:00,2096.92,17.53158867,0.96729834,0.96691188,0.0,0.0,2.64e-05
2025-08-05 08:00:00+00:00,2121.44,19.3048079,0.96083452,0.95959935,4e-08,0.0004978,7.99e-06
2025-08-05 09:00:00+00:00,2092.8775,38.22406992,0.93968688,0.91097172,0.00045383,0.00747601,0.00026537
2025-08-05 10:00:00+00:00,2124.735,54.45687528,0.92713565,0.87883127,0.00031154,0.00820687,0.00050144
2025-08-05 11:00:00+00:00,2010.59,56.59203346,0.92315098,0.87229309,6.946e-05,0.00956532,0.00053287
2025-08-05 12:00:00+00:00,1984.57,38.87793784,0.93987227,0.90984044,5.25e-06,0.0088819,0.00031054
2025-08-05 13:00:00+00:00,1999.87,27.36002773,0.95104825,0.93471575,4.52e-06,0.00795579,0.00018123
2025-08-05 14:00:00+00:00,2016.92,25.16335526,0.95722455,0.94151394,6.477e-05,0.0076587,0.00016947
2025-08-05 15:00:00+00:00,2048.1825,22.73616126,0.96354594,0.94905295,8.231e-05,0.00693005,0.00015571
2025-08-05 16:00:00+00:00,2090.92,16.09789322,0.97455001,0.9720105,6.159e-05,0.00116462,4.153e-05
2025-08-05 17:00:00+00:00,2131.7075,14.4586579,0.98076773,0.98058186,0.0,0.0,4.988e-05
2025-08-05 18:00:00+00:00,2129.1825,14.09869031,0.98286356,0.98275428,0.0,0.0,3.383e-05
2025-08-05 19:00:00+00:00,2066.92,14.06506,0.98312112,0.98300346,0.0,0.0,2.281e-05
2025-08-05 20:00:00+00:00,1937.4775,14.01702743,0.9821794,0.98206977,0.0,0.0,3.709e-05
2025-08-05 21:00:00+00:00,1840.035,13.83299765,0.98505302,0.98474472,0.0,0.00018457,1.783e-05
2025-08-05 22:00:00+00:00,1700.385,13.42758023,0.98415606,0.98408227,0.0,0.0,0.0
2025-08-05 23:00:00+00:00,1690.26,13.25739914,0.98377563,0.98366772,0.0,0.0,8.3e-07
2025-08-06 00:00:00+00:00,1614.775,13.30117433,0.98305833,0.98281741,0.0,0.00020897,0.0
2025-08-06 01:00:00+00:00,1631.71,13.78061107,0.98251572,0.9813848,0.0,0.00103872,1e-08
2025-08-06 02:00:00+00:00,1603.23,14.11635866,0.98159062,0.97941578,0.0,0.00209413,3e-08
2025-08-06 03:00:00+00:00,1638.4125,13.69844727,0.98195011,0.98188031,0.0,0.0,3.102e-05
2025-08-06 04:00:00+00:00,1778.5825,13.98515395,0.98090098,0.98008951,0.0,0.00071515,2.13e-06
2025-08-06 05:00:00+00:00,1958.8275,15.41218838,0.97928846,0.9761579,0.0,0.00290452,1.153e-05
2025-08-06 06:00:00+00:00,1979.0825,16.04745322,0.97567275,0.97443041,0.0,0.00100229,6e-07
2025-08-06 07:00:00+00:00,2044.2125,17.28607546,0.97188813,0.97049898,0.0,0.00103471,6.3e-07
2025-08-06 08:00:00+00:00,2162.0675,28.77138039,0.96389829,0.94320571,0.00248101,0.00111235,2.031e-05
2025-08-06 09:00:00+00:00,2106.5075,40.27520696,0.95694741,0.90956518,0.01076789,0.00969068,0.00018503
2025-08-06 10:00:00+00:00,2045.79,46.06401676,0.9523031,0.90092535,0.00800039,0.01171933,0.00023144
2025-08-06 11:00:00+00:00,2046.1825,61.40095707,0.94534258,0.88510229,7.546e-05,0.01092964,0.00044287
2025-08-06 12:00:00+00:00,2038.985,32.24950901,0.95667001,0.93498185,7.583e-05,0.00885115,0.00017333
2025-08-06 13:00:00+00:00,2126.775,25.17541292,0.96348355,0.95108072,8.27e-06,0.00697817,0.00014381
2025-08-06 14:00:00+00:00,2094.4175,18.67590592,0.97082359,0.96721458,5.016e-05,0.00214865,2.778e-05
2025-08-06 15:00:00+00:00,2217.6025,16.21804081,0.97673863,0.97560994,0.0,0.00089776,4.8e-07
2025-08-06 16:00:00+00:00,2176.7075,15.59532469,0.98095104,0.97895193,0.0,0.00182111,1.14e-06
2025-08-06 17:00:00+00:00,2209.14,14.59770028,0.98470036,0.98454029,0.0,0.0,1.298e-05
2025-08-06 18:00:00+00:00,2152.1925,14.66351399,0.98662184,0.98472446,0.0,0.0017792,1.66e-06
2025-08-06 19:00:00+00:00,2087.695,14.59849424,0.98694716,0.98518517,0.0,0.0016553,1.39e-06
2025-08-06 20:00:00+00:00,1883.5675,16.6652318,0.98469937,0.97784321,0.0,0.00241708,7e-08
2025-08-06 21:00:00+00:00,1684.5725,14.32664448,0.98476007,0.98333464,0.0,0.00095045,1.1e-07
2025-08-06 22:00:00+00:00,1644.395,14.36168727,0.98391777,0.98078233,0.0,0.00300084,4.6e-07
2025-08-06 23:00:00+00:00,1571.645,13.9069316,0.98225565,0.98139257,0.0,0.0007334,1.1e-07
2025-08-07 00:00:00+00:00,1519.8075,13.65744105,0.98271375,0.98269146,0.0,0.0,5e-08
2025-08-07 01:00:00+00:00,1569.7625,13.79963544,0.98220479,0.9821294,0.0,0.0,4e-08
2025-08-07 02:00:00+00:00,1580.86,14.01372634,0.98203216,0.98198359,0.0,0.0,7e-08
2025-08-07 03:00:00+00:00,1604.6475,14.27821434,0.98185501,0.98180065,0.0,0.0,6e-08
2025-08-07 04:00:00+00:00,1884.8075,14.91451259,0.98095084,0.98026452,0.0,0.00058593,1.4e-07
2025-08-07 05:00:00+00:00,2175.815,16.04384449,0.97708165,0.97629678,0.0,0.00056708,8e-08
2025-08-07 06:00:00+00:00,2218.3175,18.17655381,0.97086061,0.96881365,0.0,0.00169804,6.5e-07
2025-08-07 07:00:00+00:00,2301.1,20.95674019,0.96337415,0.9600318,0.0,0.00279161,4.9e-07
2025-08-07 08:00:00+00:00,2390.41,21.46680077,0.96031717,0.95636178,0.0,0.00337635,1.46e-06
2025-08-07 09:00:00+00:00,2349.755,56.58845337,0.93605974,0.88962762,0.0,0.00630707,0.00039047
2025-08-07 10:00:00+00:00,2322.91,75.85906847,0.92292805,0.8507593,2.241e-05,0.0121103,0.00066231
2025-08-07 11:00:00+00:00,2283.165,78.39551923,0.91927333,0.8446135,5.14e-06,0.01308885,0.00072471
2025-08-07 12:00:00+00:00,2156.5625,56.51470476,0.93024578,0.87978465,7.93e-06,0.01476272,0.00046728
2025-08-07 13:00:00+00:00,2080.895,31.56036505,0.94985618,0.92812528,2.605e-05,0.01236983,0.00019855
2025-08-07 14:00:00+00:00,2074.3,20.71549178,0.96523769,0.96092329,7.3e-06,0.00198877,4.237e-05
2025-08-07 15:00:00+00:00,2101.9225,18.07194607,0.97362527,0.97330142,0.0,0.0,3.73e-05
2025-08-07 16:00:00+00:00,2192.63,17.8422539,0.97771702,0.97753705,0.0,0.0,6.778e-05
2025-08-07 17:00:00+00:00,2150.3675,17.66338648,0.97959339,0.97933741,0.0,0.0,0.00017249
2025-08-07 18:00:00+00:00,2054.945,17.25509268,0.98044669,0.9803031,0.0,0.0,8.005e-05
2025-08-07 19:00:00+00:00,1979.75,16.81007635,0.9800946,0.97993195,0.0,0.0,0.00016066
2025-08-07 20:00:00+00:00,1895.365,16.25474506,0.97956081,0.97938909,0.0,0.0,0.00013113
2025-08-07 21:00:00+00:00,1822.12,15.93975601,0.97933277,0.97911593,0.0,0.0,0.00010266
2025-08-07 22:00:00+00:00,1645.4375,15.49199256,0.979693,0.97957668,0.0,0.0,4.405e-05
2025-08-07 23:00:00+00:00,1690.085,15.26987467,0.97971902,0.97959003,0.0,0.0,1.832e-05
2025-08-08 00:00:00+00:00,1641.22,15.12970021,0.97757897,0.97753627,0.0,0.0,2.393e-05
2025-08-08 01:00:00+00:00,1608.11,15.17126015,0.97765202,0.97755049,0.0,0.0,2.771e-05
2025-08-08 02:00:00+00:00,1599.5625,15.37217812,0.97797046,0.97791943,0.0,0.0,1.07e-06
2025-08-08 03:00:00+00:00,1638.425,15.92619922,0.9774148,0.97735747,0.0,0.0,3e-08
2025-08-08 04:00:00+00:00,1818.29,16.7135177,0.97609267,0.97596277,0.0,0.0,7.162e-05
2025-08-08 05:00:00+00:00,2076.05,18.12808288,0.97430444,0.97405445,0.0,0.0,9.048e-05
2025-08-08 06:00:00+00:00,2166.77,19.53994329,0.96914725,0.96884152,0.0,0.0,6.983e-05
2025-08-08 07:00:00+00:00,2219.9225,28.37834243,0.9551749,0.94498057,2.142e-05,0.00048618,0.00014139
2025-08-08 08:00:00+00:00,2146.8325,56.53805011,0.93067198,0.88641991,0.0,0.00198941,0.00045188
2025-08-08 09:00:00+00:00,2162.295,46.11387997,0.93745923,0.90787025,0.0,0.00122192,0.00029682
2025-08-08 10:00:00+00:00,2109.89,80.80753669,0.91372767,0.83956002,0.0004347,0.00991717,0.00074777
2025-08-08 11:00:00+00:00,2023.96,75.26971923,0.91636324,0.84763906,0.00044657,0.01008397,0.0006408
2025-08-08 12:00:00+00:00,2021.985,73.50327444,0.91998502,0.85258272,0.00023499,0.0101306,0.00061697
2025-08-08 13:00:00+00:00,2006.2225,50.91304418,0.93134746,0.89088167,0.00028856,0.00898877,0.00039893
2025-08-08 14:00:00+00:00,1984.505,20.68014305,0.96291391,0.96261577,0.0,0.0,3e-08
2025-08-08 15:00:00+00:00,2090.0675,19.14973864,0.96832871,0.96805532,0.0,0.0,3e-08
2025-08-08 16:00:00+00:00,2070.1225,17.8900156,0.97094373,0.97079117,0.0,0.0,5.44e-06
2025-08-08 17:00:00+00:00,1998.315,16.99797142,0.97346475,0.9732199,2.93e-06,0.0,9.72e-05
2025-08-08 18:00:00+00:00,1933.2025,16.13692348,0.97535756,0.9752104,0.0,0.0,5.959e-05
2025-08-08 19:00:00+00:00,1936.775,15.87477963,0.97589203,0.97574569,0.0,0.0,4.966e-05
2025-08-08 20:00:00+00:00,1742.62,15.40728983,0.97520368,0.97509307,0.0,0.0,1.79e-05
2025-08-08 21:00:00+00:00,1630.91,15.22329178,0.97549105,0.97536991,0.0,0.0,2e-08
2025-08-08 22:00:00+00:00,1512.0975,15.20731625,0.97534566,0.97525177,0.0,0.0,2e-08
2025-08-08 23:00:00+00:00,1532.7025,15.26094461,0.97519696,0.97482464,0.0,0.00024103,1.5e-07
2025-08-09 00:00:00+00:00,1542.155,15.42941595,0.97439626,0.97360458,0.0,0.00074374,3.8e-07
2025-08-09 01:00:00+00:00,1552.53,15.64720552,0.97448737,0.97306498,0.0,0.00133862,6.7e-07
2025-08-09 02:00:00+00:00,1532.57,15.67940665,0.97466837,0.97388955,0.0,0.00069899,4.3e-07
2025-08-09 03:00:00+00:00,1438.4025,15.95100173,0.97350487,0.97340574,0.0,0.0,2e-08
2025-08-09 04:00:00+00:00,1439.105,17.07432071,0.97208703,0.97200543,0.0,0.0,4e-08
2025-08-09 05:00:00+00:00,1481.8475,18.69133955,0.96748645,0.96728952,0.0,0.0,5e-08
2025-08-09 06:00:00+00:00,1622.5425,20.61641206,0.96190431,0.96162365,0.0,0.0,6e-08
2025-08-09 07:00:00+00:00,1784.15,22.29073206,0.95535296,0.95496054,0.0,0.0,5e-08
2025-08-09 08:00:00+00:00,1676.46,34.53449016,0.93533315,0.92003006,5.164e-05,0.00333187,0.00016423
2025-08-09 09:00:00+00:00,1724.6875,59.58349058,0.90974752,0.86229498,1.27e-06,0.01062232,0.00049981
2025-08-09 10:00:00+00:00,1705.44,94.4115118,0.88870535,0.8038012,1.14e-06,0.01129605,0.00086033
2025-08-09 11:00:00+00:00,1639.3675,106.82136422,0.88290467,0.78301082,0.00023773,0.01504536,0.00103588
2025-08-09 12:00:00+00:00,1550.2075,82.80641961,0.89360461,0.81803242,4.37e-05,0.01778322,0.00081689
2025-08-09 13:00:00+00:00,1525.7575,49.18612658,0.90942262,0.87116933,0.00064279,0.01677723,0.00046648
2025-08-09 14:00:00+00:00,1564.7825,35.17876275,0.92126691,0.89732915,0.0001681,0.01415165,0.00032851
2025-08-09 15:00:00+00:00,1716.1975,21.60195635,0.95374005,0.94959564,1.14e-05,0.00211802,5.57e-05
2025-08-09 16:00:00+00:00,1759.375,18.37764591,0.96744909,0.96724025,0.0,0.0,4.443e-05
2025-08-09 17:00:00+00:00,1824.93,17.20575631,0.97177008,0.97155367,0.0,0.0,6.003e-05
2025-08-09 18:00:00+00:00,1756.9325,16.32838362,0.97521519,0.97504341,0.0,0.0,8.663e-05
2025-08-09 19:00:00+00:00,1779.355,15.98867093,0.97503253,0.97485541,0.0,0.0,8.074e-05
2025-08-09 20:00:00+00:00,1697.485,15.78435636,0.97471495,0.97458151,0.0,0.0,7.098e-05
2025-08-09 21:00:00+00:00,1643.2575,15.45684405,0.97442578,0.97429421,0.0,0.0,3.561e-05
2025-08-09 22:00:00+00:00,1448.5425,15.30331324,0.9768893,0.9760242,0.0,0.00075529,1.8e-07
2025-08-09 23:00:00+00:00,1364.7375,15.20986373,0.97633458,0.97464814,0.0,0.00152528,3.1e-07
2025-08-10 00:00:00+00:00,1323.155,14.91943491,0.97601864,0.97500421,0.0,0.0009542,2.2e-07
2025-08-10 01:00:00+00:00,1343.9625,14.74306834,0.97463478,0.97423871,0.0,0.00032368,4e-08
2025-08-10 02:00:00+00:00,1338.335,14.87844577,0.9743005,0.97394398,0.0,0.00027681,1e-08
2025-08-10 03:00:00+00:00,1315.6125,14.94304285,0.97375054,0.97365196,0.0,0.0,3e-08
2025-08-10 04:00:00+00:00,1362.755,15.53568025,0.9721691,0.97204801,0.0,0.0,3e-08
2025-08-10 05:00:00+00:00,1460.4875,16.6939225,0.96872748,0.96853839,0.0,0.0,4e-08
2025-08-10 06:00:00+00:00,1549.195,18.08439641,0.96413449,0.96386155,0.0,5e-08,1.226e-05
2025-08-10 07:00:00+00:00,1596.535,20.05622412,0.95330498,0.95287536,0.0,3.3e-07,4.76e-05
2025-08-10 08:00:00+00:00,1588.085,86.62152107,0.91261418,0.82604555,0.00010822,0.01388072,0.00085324
2025-08-10 09:00:00+00:00,1604.4075,99.56802896,0.90668653,0.80739978,6.26e-06,0.01502809,0.00093228
2025-08-10 10:00:00+00:00,1785.175,87.24018354,0.91508528,0.83094429,5.74e-06,0.01523189,0.00087505
2025-08-10 11:00:00+00:00,1840.4375,87.56481595,0.91693057,0.83222873,3.857e-05,0.01420582,0.000891
2025-08-10 12:00:00+00:00,1921.395,87.8314473,0.91693581,0.83063148,5.342e-05,0.01500776,0.00088156
2025-08-10 13:00:00+00:00,1819.9575,86.03647085,0.91581971,0.8286525,4.13e-06,0.01756608,0.00086816
2025-08-10 14:00:00+00:00,1722.1225,64.41595753,0.92795449,0.86356483,0.00097578,0.01421474,0.00064495
2025-08-10 15:00:00+00:00,1593.8625,19.22042023,0.95987931,0.95679666,6.697e-05,0.00168726,3.657e-05
2025-08-10 16:00:00+00:00,1647.855,16.24347416,0.97129798,0.97114444,0.0,0.0,0.0
2025-08-10 17:00:00+00:00,1833.005,15.7601995,0.97564874,0.97545022,0.0,0.0,9e-07
2025-08-10 18:00:00+00:00,1924.905,15.54001563,0.97877227,0.97866842,0.0,0.0,8.89e-06
2025-08-10 19:00:00+00:00,1883.585,15.44464918,0.97759043,0.97740319,7.28e-06,0.0,0.00010942
2025-08-10 20:00:00+00:00,1670.62,15.18726827,0.97539243,0.97532122,0.0,0.0,3e-08
2025-08-10 21:00:00+00:00,1625.18,16.47604778,0.97129045,0.9672216,0.0,0.00181851,4.3e-07
2025-08-10 22:00:00+00:00,1519.135,16.76765463,0.97184667,0.96723177,0.0,0.00203791,3.691e-05
2025-08-10 23:00:00+00:00,1471.19,17.32054166,0.9708862,0.96488138,0.0,0.00268281,1.523e-05
2025-08-11 00:00:00+00:00,1556.9225,17.610786,0.97181645,0.96537996,0.0,0.00293882,5.5e-07
2025-08-11 01:00:00+00:00,1571.4175,17.79256489,0.97107967,0.9641795,0.0,0.00340853,8.8e-07
2025-08-11 02:00:00+00:00,1578.03,17.25124175,0.97242565,0.96761838,0.0,0.00234932,7.5e-07
2025-08-11 03:00:00+00:00,1626.025,16.08690035,0.97389123,0.97296592,4.16e-06,0.00034925,0.0001636
2025-08-11 04:00:00+00:00,1792.1125,16.90512325,0.97366271,0.97350128,1.033e-05,0.0,4.714e-05
2025-08-11 05:00:00+00:00,2058.3525,18.37992171,0.97153208,0.97089573,0.00031834,0.0,0.00015621
2025-08-11 06:00:00+00:00,2122.035,19.50710483,0.9659837,0.96541105,0.00026141,1.4e-07,7.092e-05
2025-08-11 07:00:00+00:00,2120.03,47.18168791,0.94506276,0.90993282,6e-08,0.0016238,0.00039767
2025-08-11 08:00:00+00:00,2166.9525,55.08341331,0.93811027,0.89585291,3.726e-05,0.00222565,0.00050108
2025-08-11 09:00:00+00:00,2252.365,62.25925847,0.92880947,0.87853761,3.07e-06,0.00240624,0.00053575
2025-08-11 10:00:00+00:00,2184.21,80.05687326,0.91508433,0.8411905,5.54e-05,0.01238544,0.00079708
2025-08-11 11:00:00+00:00,2214.6625,81.00505676,0.9116561,0.83625153,6.955e-05,0.01364472,0.00080557
2025-08-11 12:00:00+00:00,2068.5625,66.24819973,0.92306103,0.86395793,0.00021005,0.01213289,0.00067411
2025-08-11 13:00:00+00:00,2034.75,22.94916164,0.95222561,0.94849947,6.3e-05,0.00166474,0.00022793
2025-08-11 14:00:00+00:00,2105.855,20.0997545,0.95965243,0.95918742,5.081e-05,0.0,0.00022435
2025-08-11 15:00:00+00:00,2190.465,18.92226958,0.96520195,0.96478549,2.142e-05,0.0,0.00013757
2025-08-11 16:00:00+00:00,2204.9525,23.9653383,0.96215628,0.94849211,0.00198112,0.00292191,0.00037205
2025-08-11 17:00:00+00:00,2201.73,17.3780744,0.97308122,0.97256709,0.00017631,0.0,0.00023627
2025-08-11 18:00:00+00:00,2121.075,16.73771517,0.97438881,0.97405729,9.474e-05,0.0,0.00034802
2025-08-11 19:00:00+00:00,2113.58,16.3433233,0.97407928,0.97378359,6.732e-05,0.0,0.00027294
2025-08-11 20:00:00+00:00,1961.675,15.88640406,0.97483969,0.97459639,6.515e-05,0.0,0.00027103
2025-08-11 21:00:00+00:00,1812.525,15.69865411,0.97467512,0.97439511,7.306e-05,0.0,0.00031368
2025-08-11 22:00:00+00:00,1755.5775,15.43410998,0.97402351,0.97373948,5.037e-05,0.0,0.000183
2025-08-11 23:00:00+00:00,1661.1525,15.35682788,0.97416116,0.97392934,3.351e-05,0.0,0.00015049
2025-08-12 00:00:00+00:00,1633.0625,15.2708953,0.97296269,0.97260334,3.044e-05,0.00013691,0.00021544
2025-08-12 01:00:00+00:00,1534.43,15.24940678,0.97123811,0.9707145,3.693e-05,0.00013935,0.00026274
2025-08-12 02:00:00+00:00,1548.125,15.20760984,0.9695763,0.96937903,3.089e-05,0.0,0.00023914
2025-08-12 03:00:00+00:00,1661.135,15.47384218,0.9697968,0.96955729,2.573e-05,0.0,0.00021083
2025-08-12 04:00:00+00:00,1899.21,16.23655927,0.97043587,0.97011262,7.388e-05,0.0,0.00032896
2025-08-12 05:00:00+00:00,2164.695,17.61920943,0.96822723,0.9674148,0.00041499,0.0,0.00032406
2025-08-12 06:00:00+00:00,2219.565,22.09072329,0.95949658,0.95334888,0.00026701,0.0008464,0.00034011
2025-08-12 07:00:00+00:00,2300.705,48.18263738,0.93542292,0.89908264,7.411e-05,0.00176581,0.00058751
2025-08-12 08:00:00+00:00,2246.6525,61.30213082,0.92495781,0.87514273,8.313e-05,0.00232669,0.00063007
2025-08-12 09:00:00+00:00,2239.4925,58.00475877,0.92822423,0.88433947,5.561e-05,0.00181339,0.00055915
2025-08-12 10:00:00+00:00,2222.7625,57.84515099,0.92699456,0.88402363,5.819e-05,0.00171831,0.00053171
2025-08-12 11:00:00+00:00,2172.4575,72.22300782,0.9176093,0.85456496,3.534e-05,0.0086067,0.00066497
2025-08-12 12:00:00+00:00,2168.14,66.02251478,0.92065582,0.8663443,4.112e-05,0.00469291,0.00060586
2025-08-12 13:00:00+00:00,2130.12,51.90903799,0.93153764,0.894126,2.722e-05,0.00188921,0.00043857
2025-08-12 14:00:00+00:00,2164.2825,22.1475349,0.9521946,0.95140987,5.641e-05,9.493e-05,0.0002335
2025-08-12 15:00:00+00:00,2232.7425,36.07925306,0.94120975,0.91290021,0.00069378,0.00788352,0.00027914
2025-08-12 16:00:00+00:00,2278.97,53.74853671,0.93476625,0.85956175,0.00835615,0.02094415,0.00040821
2025-08-12 17:00:00+00:00,2211.22,51.42681814,0.94040415,0.85674388,0.02161323,0.0137632,0.00035362
2025-08-12 18:00:00+00:00,2126.1275,50.37943298,0.9422885,0.85801034,0.02232394,0.01466395,0.00033904
2025-08-12 19:00:00+00:00,2108.4025,25.24079765,0.96313968,0.94489652,0.0035893,0.00348018,0.00031552
2025-08-12 20:00:00+00:00,1987.53,17.798417,0.96975128,0.96923152,7.371e-05,6.1e-05,0.0001852
2025-08-12 21:00:00+00:00,1817.915,17.49678656,0.96967716,0.96945964,4.076e-05,0.0,0.00018798
2025-08-12 22:00:00+00:00,1708.31,42.37244377,0.94943996,0.90015406,0.00104389,0.01114018,0.00030034
2025-08-12 23:00:00+00:00,1688.6525,25.75196169,0.96230853,0.94522219,0.00064606,0.00384083,0.00015563
2025-08-13 00:00:00+00:00,1645.0075,37.09297254,0.94976525,0.92133826,7.815e-05,0.00190906,0.00040782
2025-08-13 01:00:00+00:00,1679.4375,59.17953545,0.92732876,0.86872184,7.605e-05,0.00436238,0.00078649
2025-08-13 02:00:00+00:00,1678.29,64.15101244,0.92294762,0.85724368,0.00012036,0.00475057,0.00083809
2025-08-13 03:00:00+00:00,1698.2825,60.64258084,0.92985704,0.86946907,0.000133,0.00385158,0.00068816
2025-08-13 04:00:00+00:00,1902.1425,51.01937232,0.94163672,0.89517244,0.00029592,0.00236114,0.00047896
2025-08-13 05:00:00+00:00,2102.765,68.22784635,0.92656613,0.85895108,0.00055964,0.00318254,0.00069013
2025-08-13 06:00:00+00:00,2243.765,68.90367529,0.92462115,0.86069915,0.00045285,0.0029465,0.00087294
2025-08-13 07:00:00+00:00,2204.3875,74.95952058,0.91706588,0.85176692,3.573e-05,0.00304236,0.00065262
2025-08-13 08:00:00+00:00,2216.735,73.48384184,0.91346703,0.85389225,2.514e-05,0.00258294,0.00054524
2025-08-13 09:00:00+00:00,2249.005,72.51094001,0.9144017,0.85815329,3.599e-05,0.00228713,0.00056302
2025-08-13 10:00:00+00:00,2213.585,74.41115411,0.91068381,0.8490579,5.711e-05,0.00826213,0.00067307
2025-08-13 11:00:00+00:00,2241.1425,72.36606548,0.90252926,0.84726414,3.578e-05,0.00403353,0.00057362
2025-08-13 12:00:00+00:00,2215.73,70.86751699,0.90581382,0.8526409,3.318e-05,0.00220751,0.00054866
2025-08-13 13:00:00+00:00,2152.29,58.90015729,0.90566839,0.8654961,3.693e-05,0.00190692,0.00046095
2025-08-13 14:00:00+00:00,2111.1275,30.6241738,0.90336224,0.89582911,2.53e-05,0.0004614,9.959e-05
2025-08-13 15:00:00+00:00,2118.47,59.15914493,0.80554489,0.74457841,0.00227934,0.02284513,0.00029098
2025-08-13 16:00:00+00:00,2180.42,78.21384277,0.7482307,0.64482528,0.01297544,0.02987362,0.00034495
2025-08-13 17:00:00+00:00,2179.2075,44.11730119,0.76065086,0.71123793,0.0118289,0.00761466,0.00028968
2025-08-13 18:00:00+00:00,2101.26,59.29678101,0.75749529,0.67514527,0.02033419,0.01277813,0.00037528
2025-08-13 19:00:00+00:00,2160.6175,38.51897131,0.79472172,0.75055414,0.0111066,0.00570385,0.00032445
2025-08-13 20:00:00+00:00,1965.6675,41.22317097,0.85882469,0.80335946,0.01298383,0.00422899,0.00016113
2025-08-13 21:00:00+00:00,1766.6675,40.65710704,0.86613903,0.80694516,0.01552221,0.00560453,0.00015854
2025-08-13 22:00:00+00:00,1692.97,21.89440835,0.91224458,0.89150888,0.01064156,0.00304741,0.0001114
2025-08-13 23:00:00+00:00,1674.5,49.92052532,0.9429818,0.88221178,0.00931881,0.00633944,0.00045536
2025-08-14 00:00:00+00:00,1627.19,72.6657009,0.92710473,0.84809158,8.918e-05,0.00538555,0.00089825
2025-08-14 01:00:00+00:00,1656.92,71.14476834,0.92761208,0.85170101,4.572e-05,0.00456653,0.00096777
2025-08-14 02:00:00+00:00,1614.9375,62.78572662,0.93437258,0.86935443,9.152e-05,0.00409591,0.00076418
2025-08-14 03:00:00+00:00,1686.7625,28.22695826,0.96642272,0.95049756,3.731e-05,0.00087515,0.00038038
2025-08-14 04:00:00+00:00,1936.765,43.43132692,0.95355338,0.9160402,0.00078966,0.00207561,0.00038409
2025-08-14 05:00:00+00:00,2110.03,59.91664299,0.94035224,0.8821654,0.00130924,0.00284751,0.00056677
2025-08-14 06:00:00+00:00,2277.53,56.8213552,0.94068573,0.89141367,0.00082346,0.0021604,0.00057331
2025-08-14 07:00:00+00:00,2357.275,53.51552134,0.93910412,0.89860376,0.00040859,0.00180861,0.00043319
2025-08-14 08:00:00+00:00,2360.06,57.18734932,0.93228845,0.89007761,0.0,0.00186431,0.00042147
2025-08-14 09:00:00+00:00,2235.6225,60.18443366,0.92691086,0.88307795,1.668e-05,0.00182499,0.0004924
2025-08-14 10:00:00+00:00,2181.1425,62.71892125,0.92486938,0.8791232,2.044e-05,0.00193791,0.0005404
2025-08-14 11:00:00+00:00,2171.9,70.1527354,0.92100821,0.86639889,1.574e-05,0.00225642,0.0005751
2025-08-14 12:00:00+00:00,2083.0675,72.01515891,0.91448034,0.85711478,0.0,0.00236371,0.00057892
2025-08-14 13:00:00+00:00,2107.0875,57.81434929,0.90522094,0.85902482,0.00022535,0.00742072,0.00043192
2025-08-14 14:00:00+00:00,2086.065,52.01955971,0.86851613,0.82364057,0.00090278,0.01148989,0.00029671
2025-08-14 15:00:00+00:00,2098.905,49.66242256,0.8585446,0.80998565,0.00307391,0.00959027,0.00024396
2025-08-14 16:00:00+00:00,2221.4775,44.72356472,0.89408004,0.84515533,0.00578934,0.00814905,0.00033536
2025-08-14 17:00:00+00:00,2113.49,22.07181294,0.90478285,0.89584072,0.00219176,0.00121373,0.00011699
2025-08-14 18:00:00+00:00,2132.285,31.34649167,0.89840613,0.86219305,0.01110081,0.00200797,0.00011483
2025-08-14 19:00:00+00:00,2192.2175,30.53280852,0.85963599,0.82585608,0.00933964,0.00213961,0.00012911
2025-08-14 20:00:00+00:00,2025.45,27.83870774,0.89069479,0.85871019,0.00991987,0.00232327,0.00010798
2025-08-14 21:00:00+00:00,1828.0875,30.55590221,0.89631375,0.86793578,0.00016687,0.00389702,0.00015759
2025-08-14 22:00:00+00:00,1756.8425,18.38147757,0.90782708,0.8924653,0.00941716,0.00249334,0.00011898
2025-08-14 23:00:00+00:00,1651.32,19.19884575,0.96930294,0.96243408,3.454e-05,0.00142793,0.00015194
2025-08-15 00:00:00+00:00,1586.4,44.1148899,0.94854214,0.90541702,3.963e-05,0.00406496,0.00043759
2025-08-15 01:00:00+00:00,1614.2,45.76874442,0.94395463,0.89834716,1.578e-05,0.00481729,0.00047154
2025-08-15 02:00:00+00:00,1591.64,60.73398117,0.93074955,0.86431935,4.636e-05,0.00632799,0.0006966
2025-08-15 03:00:00+00:00,1626.1875,38.65833882,0.95372163,0.91927413,1.393e-05,0.00309766,0.00037906
2025-08-15 04:00:00+00:00,1850.835,24.47390763,0.96244429,0.93658656,0.01267073,0.00300083,0.00019173
2025-08-15 05:00:00+00:00,2064.77,24.04471406,0.96301987,0.93949159,0.01365571,0.00365915,0.00024999
2025-08-15 06:00:00+00:00,2249.035,42.58818912,0.95129034,0.90845997,0.01064326,0.00433427,0.00044977
2025-08-15 07:00:00+00:00,2270.6625,61.01322808,0.93719699,0.88474576,0.0,0.00653859,0.00060529
2025-08-15 08:00:00+00:00,2220.3875,64.62392769,0.9337338,0.88092879,0.0,0.00617022,0.00051422
2025-08-15 09:00:00+00:00,2176.3375,87.20357307,0.91603602,0.83846071,3.862e-05,0.01063969,0.00080975
2025-08-15 10:00:00+00:00,2091.6775,101.75182925,0.90877869,0.81078873,0.00016456,0.01624723,0.00104097
2025-08-15 11:00:00+00:00,2017.6075,95.00768282,0.91445699,0.82330584,0.00028836,0.01457482,0.00100108
2025-08-15 12:00:00+00:00,1987.1675,84.91134194,0.9215466,0.84019157,0.00016169,0.01232077,0.00087726
2025-08-15 13:00:00+00:00,1947.65,56.52988383,0.93932743,0.89248724,2.611e-05,0.00381688,0.00048706
2025-08-15 14:00:00+00:00,1815.9625,30.3483005,0.95545872,0.93958318,1.07e-05,0.00207422,0.00014326
2025-08-15 15:00:00+00:00,1910.3175,17.04782141,0.97061926,0.97009145,0.0,0.0,3.409e-05
2025-08-15 16:00:00+00:00,1914.465,15.57721001,0.97454855,0.97414234,0.0,0.0,7.693e-05
2025-08-15 17:00:00+00:00,1849.94,14.85930608,0.97739248,0.97670678,1.5e-07,0.0,0.00013202
2025-08-15 18:00:00+00:00,1870.8575,14.85523767,0.97855726,0.97622592,0.00145493,0.00023564,0.00020806
2025-08-15 19:00:00+00:00,1962.895,14.88852944,0.9743719,0.96288067,0.00919407,0.00158453,0.00017838
2025-08-15 20:00:00+00:00,1915.0,14.81728986,0.97244849,0.95619121,0.01340791,0.0023758,9.399e-05
2025-08-15 21:00:00+00:00,1780.535,14.6140623,0.97282929,0.96966467,4.04e-05,0.00267875,7.557e-05
2025-08-15 22:00:00+00:00,1783.7275,14.33212012,0.97232903,0.96953045,0.0,0.00251847,7.244e-05
2025-08-15 23:00:00+00:00,1721.8925,14.21631361,0.97305968,0.9698354,0.0,0.00290873,6.881e-05
2025-08-16 00:00:00+00:00,1626.4,14.54862419,0.97250144,0.96893023,0.0,0.00307733,0.00021614
2025-08-16 01:00:00+00:00,1554.7975,14.86260037,0.97136456,0.96754172,0.0,0.00298618,0.00027284
2025-08-16 02:00:00+00:00,1638.4575,14.81913411,0.97102181,0.96779842,0.0,0.00264751,0.00023912
2025-08-16 03:00:00+00:00,1605.5175,14.89522976,0.97182892,0.96928148,0.0,0.00185852,0.00029303
2025-08-16 04:00:00+00:00,1577.765,14.97360395,0.97178009,0.97038201,3.824e-05,0.00076958,0.00028156
2025-08-16 05:00:00+00:00,1619.45,16.24966316,0.96859598,0.96701298,0.00011402,0.00031431,0.000437
2025-08-16 06:00:00+00:00,1645.08,18.56787332,0.95996871,0.95748893,8.097e-05,0.00144402,0.00034987
2025-08-16 07:00:00+00:00,1739.465,21.78403204,0.95327251,0.94934471,0.00011831,0.00276079,0.00025704
2025-08-16 08:00:00+00:00,1823.1425,23.6724638,0.94898396,0.94565575,9.876e-05,0.00213326,0.0002119
2025-08-16 09:00:00+00:00,1841.54,23.66635197,0.94484459,0.94353809,9.65e-06,0.00022422,0.00010614
2025-08-16 10:00:00+00:00,1760.91,31.48039279,0.93512619,0.92075604,0.00038172,0.00821973,0.00018463
2025-08-16 11:00:00+00:00,1666.8325,35.20119346,0.93287884,0.91388741,9.922e-05,0.00971913,0.00024387
2025-08-16 12:00:00+00:00,1675.305,62.49636073,0.92513797,0.87236715,2.738e-05,0.00617395,0.00056373
2025-08-16 13:00:00+00:00,1638.9375,58.58043094,0.92982817,0.87750422,4.858e-05,0.00922788,0.00055546
2025-08-16 14:00:00+00:00,1582.95,55.02497602,0.93697884,0.88937474,2.797e-05,0.00369681,0.00054405
2025-08-16 15:00:00+00:00,1734.8275,17.31318397,0.9646758,0.96387256,0.0,0.0,0.00016186
2025-08-16 16:00:00+00:00,1892.995,15.73845338,0.97144418,0.97066109,0.0,0.0,0.00034044
2025-08-16 17:00:00+00:00,1946.33,14.7218362,0.97528587,0.97469627,0.0,0.0,0.00023325
2025-08-16 18:00:00+00:00,1914.035,14.46559512,0.97696175,0.9764857,0.0,0.0,0.00026455
2025-08-16 19:00:00+00:00,1748.03,14.51952,0.97697572,0.97638832,0.0,0.0,0.0003071
2025-08-16 20:00:00+00:00,1566.425,14.15566023,0.97637181,0.97601821,0.0,0.0,0.00021166
2025-08-16 21:00:00+00:00,1408.475,13.98588265,0.97677475,0.97631674,0.0,0.0,0.00011382
2025-08-16 22:00:00+00:00,1353.0575,14.16409737,0.97136709,0.96919272,5.557e-05,0.00171099,9.842e-05
2025-08-16 23:00:00+00:00,1303.025,14.79038183,0.96811322,0.94881501,0.01462595,0.00419357,5.237e-05
2025-08-17 00:00:00+00:00,1292.1875,14.1866379,0.97096387,0.96808537,3.08e-06,0.00259839,6.027e-05
2025-08-17 01:00:00+00:00,1306.5675,14.22170603,0.97099518,0.9683594,0.0,0.00211553,5.728e-05
2025-08-17 02:00:00+00:00,1283.2125,14.37464667,0.97006511,0.96634865,0.00014136,0.00325512,6.61e-05
2025-08-17 03:00:00+00:00,1225.3475,14.84109201,0.96858923,0.95026199,0.01389233,0.00413785,6.4e-07
2025-08-17 04:00:00+00:00,1183.23,15.42122381,0.96893951,0.95151981,0.0135387,0.0036697,4.3e-07
2025-08-17 05:00:00+00:00,1368.325,17.0480013,0.96436206,0.9485513,0.012053,0.00307118,5.382e-05
2025-08-17 06:00:00+00:00,1505.78,18.7450737,0.9577373,0.95435146,2.6e-07,0.00258399,0.00013404
2025-08-17 07:00:00+00:00,1598.69,20.90098757,0.95029974,0.94273474,0.00404269,0.00245685,0.00018418
2025-08-17 08:00:00+00:00,1588.315,25.32936886,0.93770359,0.93148918,2.12e-06,0.00279459,0.00011031
2025-08-17 09:00:00+00:00,1547.8475,26.16300522,0.92800577,0.92500826,0.0,0.00051492,7.93e-05
2025-08-17 10:00:00+00:00,1640.2325,87.16444342,0.90015699,0.81815562,0.00020754,0.01460827,0.00090192
2025-08-17 11:00:00+00:00,1627.3,101.16154462,0.89487998,0.79603364,0.00024052,0.01879162,0.00111863
2025-08-17 12:00:00+00:00,1588.52,105.1348174,0.89057232,0.78612549,0.00034032,0.02001977,0.00117824
2025-08-17 13:00:00+00:00,1636.205,102.60913172,0.89294103,0.79479509,0.00012643,0.00962312,0.00103796
2025-08-17 14:00:00+00:00,1663.3225,44.22406002,0.93033522,0.89788009,1.74e-06,0.00525782,0.0003438
2025-08-17 15:00:00+00:00,1809.12,20.46975238,0.95057168,0.9472463,6.314e-05,0.00208108,0.00023883
2025-08-17 16:00:00+00:00,1928.14,19.35201587,0.96264316,0.95684352,0.0034557,0.00074172,0.00056347
2025-08-17 17:00:00+00:00,1999.5375,18.70632311,0.97030297,0.96837822,0.0001623,0.0,0.00056012
2025-08-17 18:00:00+00:00,2053.5575,17.88313229,0.97090436,0.96934076,0.0,0.0,0.00051152
2025-08-17 19:00:00+00:00,1912.035,18.70674951,0.96585745,0.95683764,0.00461315,0.00134974,0.00048964
2025-08-17 20:00:00+00:00,1724.2,18.25064458,0.96270344,0.94638411,0.01055185,0.00364787,0.00047641
2025-08-17 21:00:00+00:00,1712.6175,17.89028333,0.96657239,0.95780144,0.00436663,0.00241131,0.00057382
2025-08-17 22:00:00+00:00,1695.7425,17.47150827,0.9729758,0.97129888,0.0,0.0,0.0006125
2025-08-17 23:00:00+00:00,1687.1375,17.70553426,0.97292528,0.97117007,0.0,0.0,0.00062227
2025-08-18 00:00:00+00:00,1642.475,17.83734617,0.9728468,0.97128119,0.0,0.0,0.00044284
2025-08-18 01:00:00+00:00,1677.8425,18.30537424,0.97349504,0.97202223,2.5e-07,0.0,0.0004294
2025-08-18 02:00:00+00:00,1732.7225,18.37227203,0.97297297,0.97163373,1.1e-07,0.0,0.00039158
2025-08-18 03:00:00+00:00,1779.11,21.74663251,0.97046409,0.96453404,1.621e-05,0.00022266,0.00044296
2025-08-18 04:00:00+00:00,1951.4825,51.45725534,0.94989576,0.90077883,0.00114867,0.00247199,0.00090971
2025-08-18 05:00:00+00:00,2121.52,82.85627325,0.92412266,0.83422942,0.00228048,0.00471356,0.00124658
2025-08-18 06:00:00+00:00,2145.3925,61.91365246,0.93211361,0.87623751,0.00066398,0.00292058,0.00082578
2025-08-18 07:00:00+00:00,2186.4275,31.92317226,0.94694473,0.92985237,0.00028394,0.00890033,0.00020082
2025-08-18 08:00:00+00:00,2171.8875,28.04995044,0.94552049,0.94018837,8.387e-05,0.00247958,0.0002092
2025-08-18 09:00:00+00:00,2175.655,29.1977099,0.94178728,0.93646955,5.317e-05,0.00242414,0.00020881
2025-08-18 10:00:00+00:00,2138.12,42.78493563,0.92937645,0.90343079,0.00022043,0.01381252,0.00041677
2025-08-18 11:00:00+00:00,2138.97,46.43818046,0.92607879,0.89476046,0.00023356,0.01684017,0.00044336
2025-08-18 12:00:00+00:00,2065.885,41.96678438,0.92926285,0.9029971,0.00011972,0.01421331,0.00043695
2025-08-18 13:00:00+00:00,2086.425,32.56688889,0.93921813,0.92363609,0.00010081,0.00865622,0.00040179
2025-08-18 14:00:00+00:00,2094.26,32.44893845,0.94262805,0.92341427,0.00015769,0.01062246,0.00040337
2025-08-18 15:00:00+00:00,2160.45,28.72314622,0.95051541,0.93325369,0.00036708,0.00729641,0.0004279
2025-08-18 16:00:00+00:00,2148.31,21.60206168,0.96356222,0.95557321,0.00030479,0.00342753,0.00042626
2025-08-18 17:00:00+00:00,2153.3925,20.09470567,0.96776442,0.9597578,0.00192576,0.00112922,0.00015442
2025-08-18 18:00:00+00:00,2150.61,16.56857913,0.97537366,0.97409184,0.00095935,1.62e-05,2.8e-07
2025-08-18 19:00:00+00:00,2108.0025,16.05171995,0.97560522,0.9742034,0.00088964,0.0,0.00015831
2025-08-18 20:00:00+00:00,1911.3775,15.95482451,0.97520172,0.97392733,0.0004989,0.0,0.00050885
2025-08-18 21:00:00+00:00,1715.84,15.92134283,0.97615827,0.97449622,0.00071024,0.0,0.00052777
2025-08-18 22:00:00+00:00,1750.4575,15.73528019,0.97710166,0.97528816,0.00070721,0.0,0.00043607
2025-08-18 23:00:00+00:00,1707.905,15.50512016,0.97645839,0.97495524,0.00012054,0.0,0.00047429
2025-08-19 00:00:00+00:00,1615.265,15.33967681,0.97682009,0.97539042,0.00030174,0.0,0.00078132
2025-08-19 01:00:00+00:00,1537.535,15.42848342,0.97594201,0.97421066,0.00017111,0.00019314,0.00078456
2025-08-19 02:00:00+00:00,1574.9925,15.62934878,0.97649861,0.97384152,0.00057428,0.00081653,0.00082088
2025-08-19 03:00:00+00:00,1615.3825,15.53525318,0.97751537,0.97604113,0.00034701,0.0,0.00069181
2025-08-19 04:00:00+00:00,1704.945,15.87661002,0.9786682,0.9767894,0.00100566,0.0,0.00054993
2025-08-19 05:00:00+00:00,1959.9675,16.3918351,0.97781837,0.97621073,0.00111135,0.0,2.826e-05
2025-08-19 06:00:00+00:00,2056.48,20.60766716,0.97019973,0.96225349,0.00223334,0.0021582,6.29e-05
2025-08-19 07:00:00+00:00,2014.7725,23.007523,0.96673581,0.96003771,1.364e-05,0.00240198,9.082e-05
2025-08-19 08:00:00+00:00,2113.9875,25.80063378,0.95697061,0.94904262,5e-08,0.00296995,0.00020409
2025-08-19 09:00:00+00:00,2128.2325,25.53822235,0.95825282,0.95182936,1.14e-06,0.00274298,0.00017605
2025-08-19 10:00:00+00:00,2115.635,23.93765232,0.95892691,0.95494696,4e-08,0.00226346,0.00015063
2025-08-19 11:00:00+00:00,2267.835,25.62293373,0.95657714,0.94987032,6e-08,0.0041518,0.00013547
2025-08-19 12:00:00+00:00,2285.185,25.79040179,0.9573209,0.94915,1.8e-06,0.00519316,0.00023972
2025-08-19 13:00:00+00:00,2246.01,22.44400579,0.96142923,0.95795917,1.22e-06,0.00190413,0.00025374
2025-08-19 14:00:00+00:00,2172.5075,19.5599934,0.96742756,0.96649496,6e-08,2.457e-05,0.00033079
2025-08-19 15:00:00+00:00,2202.365,17.90857687,0.97393312,0.9731477,1.13e-06,0.0,0.00017819
2025-08-19 16:00:00+00:00,2252.185,16.54635162,0.97870206,0.97827987,0.0,0.0,8.645e-05
2025-08-19 17:00:00+00:00,2233.685,16.10788458,0.98180079,0.98078849,0.00064994,0.0,1e-07
2025-08-19 18:00:00+00:00,2183.6025,15.75790786,0.98203021,0.98140646,0.00046261,0.0,8e-08
2025-08-19 19:00:00+00:00,2133.0475,15.61452237,0.98128369,0.98075033,0.00035533,0.0,6.15e-06
2025-08-19 20:00:00+00:00,1938.56,15.26671617,0.98129552,0.98086293,0.00036933,0.0,2.2e-07
2025-08-19 21:00:00+00:00,1758.61,15.1581335,0.97943826,0.97870878,0.00038281,0.0,0.00010903
2025-08-19 22:00:00+00:00,1647.2325,15.26070261,0.97871082,0.97822531,0.0,0.0,0.0001405
2025-08-19 23:00:00+00:00,1593.075,15.31986012,0.97801549,0.97732252,1e-08,0.0,0.00017761
2025-08-20 00:00:00+00:00,1604.485,15.22916074,0.97805815,0.97747293,1e-07,0.0,0.00030862
2025-08-20 01:00:00+00:00,1671.325,15.50855881,0.97815558,0.97718966,1.3e-07,0.0,0.00042234
2025-08-20 02:00:00+00:00,1636.855,15.17223855,0.9778668,0.97733872,5e-08,0.0,0.00028216
2025-08-20 03:00:00+00:00,1525.8325,15.21562383,0.97842058,0.9777937,0.0,0.0,0.00028339
2025-08-20 04:00:00+00:00,1750.32,15.99560988,0.97820473,0.97783952,0.0,0.0,9.969e-05
2025-08-20 05:00:00+00:00,2194.525,17.64711373,0.97377354,0.97308116,8.8e-07,0.0,0.00016336
2025-08-20 06:00:00+00:00,2304.2675,19.74746355,0.96676177,0.96601757,1.66e-06,0.0,0.00023338
2025-08-20 07:00:00+00:00,2264.67,21.70036515,0.96056507,0.95975238,4.1e-07,0.0,0.00012286
2025-08-20 08:00:00+00:00,2185.6925,23.21881838,0.95385128,0.9530299,2.55e-06,0.0,0.00022502
2025-08-20 09:00:00+00:00,2188.1375,24.45866876,0.95136796,0.95002315,1.6e-07,0.00013936,0.00027094
2025-08-20 10:00:00+00:00,2230.0575,25.95702185,0.94753519,0.94441118,1.65e-06,0.00132977,0.00032701
2025-08-20 11:00:00+00:00,2245.9675,26.43222377,0.94419303,0.94091924,2.2e-06,0.00141079,0.00016186
2025-08-20 12:00:00+00:00,2156.98,26.44476214,0.943728,0.9408653,5.81e-06,0.00116998,0.00018417
2025-08-20 13:00:00+00:00,2169.0775,24.12707992,0.95268062,0.95116759,3.54e-06,0.00026339,0.00040785
2025-08-20 14:00:00+00:00,2141.28,22.92838856,0.95776884,0.95672628,3.93e-06,0.0,0.00030088
2025-08-20 15:00:00+00:00,2135.14,21.68511086,0.96317018,0.962152,6.34e-06,0.0,0.00039104
2025-08-20 16:00:00+00:00,2175.385,25.90113412,0.9612551,0.94806119,0.00175047,0.00263458,0.00050965
2025-08-20 17:00:00+00:00,2157.45,34.86224337,0.95803323,0.91612026,0.00405479,0.01830463,0.00045345
2025-08-20 18:00:00+00:00,2207.885,50.36596901,0.94272565,0.86081808,0.01449782,0.02455488,0.00050842
2025-08-20 19:00:00+00:00,2127.81,41.25350832,0.94926879,0.89432774,0.00784,0.01479079,0.00052158
2025-08-20 20:00:00+00:00,2028.0875,19.60027282,0.97070388,0.96716759,0.00022507,0.00060439,0.00033653
2025-08-20 21:00:00+00:00,1820.7475,17.94836453,0.97299676,0.97248529,4.32e-06,0.0,0.00026237
2025-08-20 22:00:00+00:00,1785.79,18.03575664,0.97654236,0.97549012,2.09e-06,0.0,0.00027739
2025-08-20 23:00:00+00:00,1727.45,17.98368057,0.9762388,0.97519103,5.2e-07,0.0,0.00022531
2025-08-21 00:00:00+00:00,1723.205,17.99059106,0.97647235,0.9754209,0.00010905,0.0,0.00042985
2025-08-21 01:00:00+00:00,1723.4425,17.93073678,0.97732505,0.97634118,0.00012343,0.0,0.00036309
2025-08-21 02:00:00+00:00,1701.1125,17.84487586,0.97640254,0.9753725,0.00034421,0.0,0.00026597
2025-08-21 03:00:00+00:00,1739.785,20.71750318,0.9737981,0.96872966,3.412e-05,0.00025474,0.00041354
2025-08-21 04:00:00+00:00,1871.28,48.73984458,0.95120214,0.90505531,0.00137921,0.0024554,0.00060212
2025-08-21 05:00:00+00:00,2072.755,79.32218518,0.92328786,0.82738045,0.00594583,0.00971721,0.00092956
2025-08-21 06:00:00+00:00,2156.14,56.86475995,0.94096353,0.88841823,0.00098945,0.00359947,0.00072232
2025-08-21 07:00:00+00:00,2171.4775,49.83310137,0.94465478,0.90710188,1.643e-05,0.00177234,0.00067309
2025-08-21 08:00:00+00:00,2124.285,29.04484592,0.95494256,0.94564789,3.88e-06,0.00061947,0.00038622
2025-08-21 09:00:00+00:00,2091.305,23.6900718,0.95653049,0.95430598,1.034e-05,0.00055413,0.0003247
2025-08-21 10:00:00+00:00,1968.2575,27.03021897,0.94981503,0.94209242,6.85e-06,0.00369163,0.00025568
2025-08-21 11:00:00+00:00,2053.2,28.20085659,0.94998538,0.93959247,1.711e-05,0.00498013,0.00026904
2025-08-21 12:00:00+00:00,2008.82,33.53317478,0.94730217,0.92675162,4.626e-05,0.0104384,0.00027941
2025-08-21 13:00:00+00:00,1999.86,33.78135368,0.9482781,0.9258426,0.00018536,0.01136244,0.00031204
2025-08-21 14:00:00+00:00,2010.815,36.46969449,0.94615326,0.91645533,7.889e-05,0.01497507,0.00026428
2025-08-21 15:00:00+00:00,2014.685,39.09102256,0.94163723,0.90076601,0.0005714,0.02113486,0.00028283
2025-08-21 16:00:00+00:00,2016.7,43.71481251,0.93974181,0.88108905,0.00212945,0.028455,0.00039369
2025-08-21 17:00:00+00:00,2073.29,54.88211987,0.93082402,0.83867086,0.00825572,0.0394366,0.00049434
2025-08-21 18:00:00+00:00,2107.535,50.93979887,0.93656648,0.84895334,0.01268029,0.03382777,0.00043347
2025-08-21 19:00:00+00:00,2053.855,45.59105057,0.94081885,0.86620962,0.00784091,0.03438265,0.00034658
2025-08-21 20:00:00+00:00,1871.9325,22.07906734,0.95770052,0.9460082,0.00053127,0.00651328,0.00021486
2025-08-21 21:00:00+00:00,1772.355,18.05598922,0.96302438,0.96268781,2.41e-06,0.0,0.00021701
2025-08-21 22:00:00+00:00,1680.4625,18.03022878,0.96529141,0.9649365,2.47e-06,0.0,0.00013817
2025-08-21 23:00:00+00:00,1620.3125,18.42905164,0.97016971,0.96855505,0.00113549,0.0,0.00018282
2025-08-22 00:00:00+00:00,1586.17,18.4684499,0.96998466,0.9686027,0.00105174,0.0,0.00029457
2025-08-22 01:00:00+00:00,1605.8325,18.29797295,0.97004291,0.96949103,0.00022538,0.0,0.00025279
2025-08-22 02:00:00+00:00,1661.205,18.36802727,0.9679824,0.96745699,0.0001984,0.0,0.00027125
2025-08-22 03:00:00+00:00,1774.0975,19.05441377,0.96997084,0.96788276,0.00163576,0.0,0.00039233
2025-08-22 04:00:00+00:00,1982.275,19.3789194,0.96879928,0.96636191,0.00199985,0.0,0.00036437
2025-08-22 05:00:00+00:00,2224.745,20.2526704,0.96519648,0.96124424,0.00238482,0.00073074,0.00028476
2025-08-22 06:00:00+00:00,2362.375,20.99063055,0.95968036,0.95693235,0.00214941,2.447e-05,0.00028825
2025-08-22 07:00:00+00:00,2150.2275,21.93780402,0.95304843,0.95094748,0.00073072,0.00043481,0.00022607
2025-08-22 08:00:00+00:00,2172.93,30.60650133,0.94543593,0.92558569,2.141e-05,0.01162117,0.00013963
2025-08-22 09:00:00+00:00,2092.17,70.67490724,0.92541061,0.85709425,0.00032132,0.01292515,0.00050261
2025-08-22 10:00:00+00:00,2000.255,77.1906408,0.92603866,0.84427122,0.00023715,0.02090329,0.00065381
2025-08-22 11:00:00+00:00,1909.94,73.91121885,0.92994943,0.85049846,0.00023299,0.0215538,0.00065143
2025-08-22 12:00:00+00:00,1839.01,69.97271015,0.93260472,0.85755021,5.472e-05,0.02112595,0.00062134
2025-08-22 13:00:00+00:00,1639.52,68.33426399,0.93246382,0.85769694,0.000141,0.02157264,0.00058026
2025-08-22 14:00:00+00:00,1786.375,48.46755618,0.93759789,0.8915023,5.008e-05,0.01173848,0.00029909
2025-08-22 15:00:00+00:00,1935.2975,18.24608438,0.96151666,0.9609322,1.5e-06,6.674e-05,0.00010212
2025-08-22 16:00:00+00:00,2056.6775,18.22113041,0.96859813,0.96774384,0.00042755,5.31e-06,0.00022379
2025-08-22 17:00:00+00:00,2129.915,18.64278594,0.97109217,0.96949553,0.00048371,0.0,0.00037938
2025-08-22 18:00:00+00:00,2102.66,18.38146394,0.97247363,0.97034278,0.00129851,0.0,0.00037995
2025-08-22 19:00:00+00:00,1996.715,17.94492587,0.97224127,0.97061436,0.00096666,3.9e-07,0.00029844
2025-08-22 20:00:00+00:00,1901.37,17.33450943,0.97236318,0.97179965,3.1e-06,0.0,0.00024333
2025-08-22 21:00:00+00:00,1775.205,16.72786451,0.9725016,0.97222724,8e-07,0.0,0.00010511
2025-08-22 22:00:00+00:00,1672.3725,16.27822249,0.97131572,0.97075604,5.56e-05,0.0,0.00021157
2025-08-22 23:00:00+00:00,1707.235,15.91272098,0.97171161,0.97106083,5.016e-05,0.0,0.00020822
2025-08-23 00:00:00+00:00,1801.4625,15.68371891,0.97222328,0.97168427,3.436e-05,0.0,0.00021005
2025-08-23 01:00:00+00:00,1707.7125,15.70444747,0.97242621,0.9718798,4.555e-05,0.0,0.00022826
2025-08-23 02:00:00+00:00,1623.735,15.65827087,0.97304058,0.97255747,3.022e-05,0.0,0.00016353
2025-08-23 03:00:00+00:00,1613.105,15.70613926,0.97294774,0.97236592,4.711e-05,0.0,0.00021502
2025-08-23 04:00:00+00:00,1626.995,15.91455171,0.97214485,0.97157635,5.156e-05,0.0,0.00021427
2025-08-23 05:00:00+00:00,1772.3875,16.9529357,0.96980404,0.96912839,5.344e-05,0.0,0.00019875
2025-08-23 06:00:00+00:00,1912.2725,18.28581457,0.96460974,0.96390093,6.413e-05,0.0,0.00021299
2025-08-23 07:00:00+00:00,1858.59,19.73048155,0.95815998,0.95724439,4.128e-05,0.0,0.0001953
2025-08-23 08:00:00+00:00,1737.955,46.00984767,0.94020162,0.90693765,7.72e-06,0.00153956,0.00036824
2025-08-23 09:00:00+00:00,1769.8925,63.97281691,0.92498643,0.86498248,8.237e-05,0.00975897,0.0006564
2025-08-23 10:00:00+00:00,1704.4475,85.9206819,0.9106169,0.82309335,0.00036524,0.0129561,0.00084452
2025-08-23 11:00:00+00:00,1663.94,81.97088091,0.90838287,0.82671452,4.782e-05,0.01411941,0.00083205
2025-08-23 12:00:00+00:00,1626.4625,91.98285129,0.90381373,0.80910676,3.053e-05,0.0156381,0.00093325
2025-08-23 13:00:00+00:00,1596.5375,52.64479851,0.93117878,0.88817623,5.353e-05,0.00384344,0.00046316
2025-08-23 14:00:00+00:00,1630.11,23.69681108,0.95542834,0.94866573,1.287e-05,0.00031167,0.00013977
2025-08-23 15:00:00+00:00,1644.61,17.48994246,0.96436976,0.96382321,1.691e-05,0.0,0.00010311
2025-08-23 16:00:00+00:00,1757.6875,16.04828783,0.97103259,0.97051926,5.919e-05,0.0,0.00022183
2025-08-23 17:00:00+00:00,1820.4525,15.75808726,0.97462076,0.97353556,0.00037955,0.0,0.00026004
2025-08-23 18:00:00+00:00,1799.9275,15.34964598,0.97596297,0.97514845,0.00029889,0.0,0.00022801
2025-08-23 19:00:00+00:00,1716.355,15.03806575,0.97582866,0.97506854,0.00016673,0.0,0.00021139
2025-08-23 20:00:00+00:00,1622.9875,14.56924451,0.97523427,0.97473147,5.132e-05,0.0,0.00023066
2025-08-23 21:00:00+00:00,1522.2475,14.75970911,0.97462331,0.97376144,6.666e-05,0.0,0.00028702
2025-08-23 22:00:00+00:00,1426.275,14.65597157,0.97449443,0.97408164,3.21e-06,0.0,9.104e-05
2025-08-23 23:00:00+00:00,1439.715,14.79245573,0.9741356,0.97343953,2.073e-05,0.0,0.00016803
2025-08-24 00:00:00+00:00,1497.18,14.77183387,0.9740623,0.97354357,2.895e-05,0.0,0.00020277
2025-08-24 01:00:00+00:00,1593.7275,14.85107301,0.97448144,0.97382235,3.907e-05,0.0,0.00024202
2025-08-24 02:00:00+00:00,1535.94,14.68146026,0.97431725,0.973878,1.928e-05,0.0,0.00017798
2025-08-24 03:00:00+00:00,1524.5025,14.77866622,0.97443066,0.97399522,1.172e-05,0.0,0.00012757
2025-08-24 04:00:00+00:00,1496.6625,15.03259251,0.97420464,0.97365051,2.291e-05,0.0,0.00015063
2025-08-24 05:00:00+00:00,1624.385,16.06031985,0.97037568,0.96961391,5.943e-05,0.0,0.00029789
2025-08-24 06:00:00+00:00,1730.835,17.43197384,0.96442967,0.96361332,4.783e-05,0.0,0.00027459
2025-08-24 07:00:00+00:00,1635.415,21.42417422,0.95623669,0.95242754,8.692e-05,0.00012883,0.00019675
2025-08-24 08:00:00+00:00,1583.67,77.36092875,0.92221826,0.8455663,0.00012629,0.01191117,0.00098027
2025-08-24 09:00:00+00:00,1633.1975,94.94583011,0.91074231,0.81425202,8e-06,0.01480512,0.00107807
2025-08-24 10:00:00+00:00,1684.4575,91.89557249,0.91284969,0.82063103,0.00037342,0.01426376,0.00107068
2025-08-24 11:00:00+00:00,1721.3975,83.21059877,0.91878909,0.83675964,0.0002412,0.01292825,0.00098143
2025-08-24 12:00:00+00:00,1776.2375,84.61495994,0.91792274,0.83356728,6.223e-05,0.01345103,0.0009945
2025-08-24 13:00:00+00:00,1707.0075,84.71498354,0.91838856,0.83166843,0.00021611,0.01443634,0.00100084
2025-08-24 14:00:00+00:00,1615.0175,51.165239,0.93585694,0.89039683,0.00033307,0.00850931,0.00061635
2025-08-24 15:00:00+00:00,1694.7825,18.05878039,0.96024842,0.95945161,2.053e-05,0.0,0.00016245
2025-08-24 16:00:00+00:00,1824.9025,16.88311277,0.96778077,0.96694038,6.522e-05,0.0,0.00031077
2025-08-24 17:00:00+00:00,1999.925,16.24725301,0.97189409,0.97078582,0.00022952,0.0,0.0002595
2025-08-24 18:00:00+00:00,1976.965,15.92668977,0.97204415,0.97108331,0.00025999,0.0,0.00029358
2025-08-24 19:00:00+00:00,1845.7225,15.74785238,0.97064676,0.96974669,0.00010831,0.0,0.00031098
2025-08-24 20:00:00+00:00,1793.605,15.51509891,0.97056607,0.96996963,4.769e-05,0.0,0.00026643
2025-08-24 21:00:00+00:00,1698.825,15.31173841,0.96944004,0.96887748,1.013e-05,0.0,0.00013718
2025-08-24 22:00:00+00:00,1578.21,14.77742785,0.96956536,0.96913632,0.0,0.0,8.658e-05
2025-08-24 23:00:00+00:00,1557.005,15.89051174,0.96890147,0.96587318,0.0,0.00040344,7.449e-05
2025-08-25 00:00:00+00:00,1587.905,16.53369838,0.96824321,0.96388196,0.0,0.00062066,7.261e-05
2025-08-25 01:00:00+00:00,1601.0825,14.83645958,0.96982867,0.96928778,0.0,0.0,9.145e-05
2025-08-25 02:00:00+00:00,1607.865,14.97721366,0.96986498,0.96946113,0.0,0.0,0.00010127
2025-08-25 03:00:00+00:00,1818.4125,15.43934427,0.97278645,0.97222017,2.419e-05,0.0,0.00014378
2025-08-25 04:00:00+00:00,2070.29,16.48642637,0.97330967,0.97234012,0.00022914,0.0,0.0002016
2025-08-25 05:00:00+00:00,2378.2225,17.63134341,0.97085859,0.96938472,0.000771,0.0,0.0001747
2025-08-25 06:00:00+00:00,2345.81,21.24542143,0.95986229,0.95557018,0.00050106,0.0001402,0.00010907
2025-08-25 07:00:00+00:00,2415.7275,63.00150783,0.92983668,0.87432548,0.0001164,0.00263079,0.00054271
2025-08-25 08:00:00+00:00,2521.015,63.80498172,0.92697681,0.87232864,0.00011161,0.00303343,0.00058275
2025-08-25 09:00:00+00:00,2508.08,63.25155988,0.92693258,0.87455938,5.165e-05,0.00272685,0.00050345
2025-08-25 10:00:00+00:00,2432.1925,67.19530097,0.92105617,0.8649444,2.612e-05,0.00270267,0.00052202
2025-08-25 11:00:00+00:00,2365.99,73.67138785,0.91676422,0.85034891,7.726e-05,0.00791708,0.00062941
2025-08-25 12:00:00+00:00,2112.335,63.68612459,0.91875881,0.86597057,5.442e-05,0.0044668,0.00056035
2025-08-25 13:00:00+00:00,2063.65,23.89798615,0.93946798,0.93720166,1.929e-05,0.00089613,0.00010345
2025-08-25 14:00:00+00:00,2053.74,29.42264444,0.93865922,0.92410229,0.00029279,0.00611645,0.00020255
2025-08-25 15:00:00+00:00,2135.5575,21.02881011,0.95705416,0.95383067,0.00112612,0.00041911,0.00014687
2025-08-25 16:00:00+00:00,2229.655,19.98363329,0.96399739,0.96062703,0.00229685,3.39e-06,0.00011544
2025-08-25 17:00:00+00:00,2258.61,18.95410653,0.9619536,0.959144,0.00206402,1.7e-07,0.0
2025-08-25 18:00:00+00:00,2200.2475,18.53895622,0.96037556,0.9576812,0.00222203,0.0,6.206e-05
2025-08-25 19:00:00+00:00,2144.125,22.33973292,0.95433643,0.93592885,0.00879115,0.00047935,3.566e-05
2025-08-25 20:00:00+00:00,2015.835,17.92690594,0.96873688,0.96530803,0.00303885,0.0,6.728e-05
2025-08-25 21:00:00+00:00,1937.8725,17.75496934,0.96955205,0.96581149,0.00313845,6e-08,9.092e-05
2025-08-25 22:00:00+00:00,1879.245,17.57019207,0.96909468,0.96718387,0.00089487,2.77e-06,0.00017427
2025-08-25 23:00:00+00:00,1825.1725,17.24991133,0.96934889,0.96786718,0.00065103,1.21e-06,0.00014784
2025-08-26 00:00:00+00:00,1809.51,16.89087403,0.96852031,0.96719515,0.00076212,0.0,0.00019604
2025-08-26 01:00:00+00:00,1881.3275,17.13295289,0.96927335,0.96732796,0.00120673,0.0,0.00017808
2025-08-26 02:00:00+00:00,1910.0825,16.94146529,0.96884439,0.96818383,0.00016301,0.0,0.00016713
2025-08-26 03:00:00+00:00,2055.6875,20.05313733,0.96639552,0.96116239,0.0006209,0.0002173,0.00019834
2025-08-26 04:00:00+00:00,2224.565,61.24612413,0.93612896,0.87408362,0.00084169,0.00283958,0.00056408
2025-08-26 05:00:00+00:00,2468.0475,86.1399982,0.91785057,0.82484059,0.00106956,0.00469876,0.00083745
2025-08-26 06:00:00+00:00,2347.1775,85.85315699,0.91022972,0.82439413,0.0001603,0.00400974,0.00077211
2025-08-26 07:00:00+00:00,2266.03,118.57978144,0.87422677,0.74064905,0.00127636,0.0295534,0.00122176
2025-08-26 08:00:00+00:00,2266.38,104.86759859,0.88339967,0.77260226,0.00044532,0.02640298,0.00117426
2025-08-26 09:00:00+00:00,2220.3,102.58255468,0.88825324,0.78567528,0.00046414,0.02133408,0.00103718
2025-08-26 10:00:00+00:00,2162.635,100.55855197,0.89193581,0.79416785,0.00036906,0.01846553,0.00105632
2025-08-26 11:00:00+00:00,2086.045,98.75065481,0.89226085,0.79894475,0.0002222,0.01463919,0.0010544
2025-08-26 12:00:00+00:00,2062.7,106.30969749,0.88804083,0.78168153,0.00044969,0.02150721,0.00109711
2025-08-26 13:00:00+00:00,2080.43,109.04690676,0.87841649,0.76297618,0.00156331,0.0261055,0.00105057
2025-08-26 14:00:00+00:00,1990.675,118.5002506,0.86423447,0.73284594,0.00237067,0.02482357,0.00112039
2025-08-26 15:00:00+00:00,2128.9425,31.40751836,0.94028289,0.92081313,0.00270198,0.00437966,0.00044593
2025-08-26 16:00:00+00:00,2185.1725,22.7826737,0.95844676,0.94883603,0.00267189,0.00459296,0.00045617
2025-08-26 17:00:00+00:00,2123.775,20.78173784,0.96368545,0.95989973,0.00207448,0.00038884,0.00042082
2025-08-26 18:00:00+00:00,2109.9125,26.93466549,0.96012645,0.93865625,0.0037229,0.00862323,0.00039033
2025-08-26 19:00:00+00:00,2118.05,35.60172311,0.9486322,0.90948198,0.00778742,0.00689668,0.00034981
2025-08-26 20:00:00+00:00,2040.55,21.87024724,0.96574386,0.95837616,0.00290393,0.00086759,0.00026814
2025-08-26 21:00:00+00:00,1842.8625,19.87845524,0.97036661,0.96702521,0.00259409,0.0,0.00032253
2025-08-26 22:00:00+00:00,1752.24,19.96818051,0.96802963,0.96455435,0.00042631,0.00200093,0.000259
2025-08-26 23:00:00+00:00,1685.4,20.3635587,0.96607929,0.95969614,0.00033907,0.00452036,0.00038167
2025-08-27 00:00:00+00:00,1700.3975,20.3537979,0.96596447,0.95908663,0.00035662,0.00506737,0.00061396
2025-08-27 01:00:00+00:00,1713.6875,20.44548106,0.96514364,0.95802439,0.00031702,0.00502142,0.00056085
2025-08-27 02:00:00+00:00,1718.3025,20.25694959,0.9666617,0.95983432,0.00034785,0.00503216,0.00051588
2025-08-27 03:00:00+00:00,1867.77,20.5334037,0.96898523,0.96241615,0.00048919,0.00443434,0.00041225
2025-08-27 04:00:00+00:00,2092.0425,21.54585729,0.96709319,0.95698353,0.00082907,0.00645535,0.00043124
2025-08-27 05:00:00+00:00,2294.9275,22.71059427,0.96123473,0.94916804,0.0013612,0.00671039,0.00035379
2025-08-27 06:00:00+00:00,2368.8,34.9464287,0.94381515,0.90484697,0.00355506,0.02002248,0.00034512
2025-08-27 07:00:00+00:00,2373.185,26.46629013,0.94939783,0.93747813,0.0010842,0.00380655,0.00038384
2025-08-27 08:00:00+00:00,2419.9325,61.51978871,0.92044429,0.85276031,0.00093103,0.01339724,0.00047725
2025-08-27 09:00:00+00:00,2484.8575,69.94126237,0.92159874,0.84398399,0.00065969,0.01820263,0.00049937
2025-08-27 10:00:00+00:00,2452.1175,116.25298285,0.90089603,0.77386652,0.00046532,0.01734926,0.00099928
2025-08-27 11:00:00+00:00,2402.125,101.60964658,0.90986112,0.80710815,0.00028929,0.00898389,0.00089131
2025-08-27 12:00:00+00:00,2319.42,101.55157795,0.9124349,0.81011883,0.00017533,0.01009003,0.00088948
2025-08-27 13:00:00+00:00,2250.55,118.45457158,0.9000789,0.76988693,0.00013013,0.02008956,0.00091335
2025-08-27 14:00:00+00:00,2223.1525,80.83074604,0.92583804,0.84729461,0.00014137,0.00381371,0.00080356
2025-08-27 15:00:00+00:00,2234.8325,48.76030777,0.94174315,0.90066946,0.00098297,0.00194968,0.0005857
2025-08-27 16:00:00+00:00,2226.125,20.58708176,0.96708586,0.96236723,0.0010861,0.0009916,0.00032842
2025-08-27 17:00:00+00:00,2217.8625,21.43453585,0.96989562,0.96237465,0.0010113,0.00145073,0.00038618
2025-08-27 18:00:00+00:00,2220.21,18.87489785,0.97157795,0.96932592,0.00069601,0.00015028,0.0004199
2025-08-27 19:00:00+00:00,2043.755,18.3125047,0.97278694,0.97124743,0.00067546,3.79e-06,0.00032239
2025-08-27 20:00:00+00:00,1884.7025,18.18552164,0.97206868,0.97051298,0.0009335,0.0,0.00034231
2025-08-27 21:00:00+00:00,1807.0025,18.2506783,0.97269214,0.9709629,0.00095645,0.0,0.00034181
2025-08-27 22:00:00+00:00,1854.2025,18.5190888,0.97137053,0.96992035,0.00072041,0.0,0.00028753
2025-08-27 23:00:00+00:00,1760.165,18.87099151,0.97638002,0.97477834,0.00059436,0.0,0.00032441
2025-08-28 00:00:00+00:00,1710.1625,18.53103972,0.97405962,0.97297701,0.0003282,0.0,0.00044024
2025-08-28 01:00:00+00:00,1760.8225,18.93011912,0.97312529,0.97145012,0.00057521,2.673e-05,0.0004302
2025-08-28 02:00:00+00:00,1758.4475,19.42863573,0.9732364,0.97127862,0.00053996,0.00013757,0.00044398
2025-08-28 03:00:00+00:00,1847.3,23.05091347,0.96935895,0.96195679,0.00081744,0.00048121,0.00046549
2025-08-28 04:00:00+00:00,2030.2,65.18623244,0.93922862,0.87327963,0.00111146,0.00308494,0.00087165
2025-08-28 05:00:00+00:00,2241.225,97.77162899,0.91545183,0.80384136,0.00251374,0.00865261,0.00119842
2025-08-28 06:00:00+00:00,2328.87,126.8677345,0.8920621,0.72225544,0.00750328,0.03076859,0.00123953
2025-08-28 07:00:00+00:00,2318.095,115.79919666,0.900811,0.75210327,0.00358152,0.03242242,0.00108365
2025-08-28 08:00:00+00:00,2274.625,94.88565536,0.9130668,0.80338056,0.00166483,0.02601653,0.00092858
2025-08-28 09:00:00+00:00,2179.1725,76.6902566,0.91691265,0.84736086,0.00128889,0.00612033,0.00079739
2025-08-28 10:00:00+00:00,2149.075,75.84167367,0.91846716,0.85199607,0.00059876,0.00409366,0.00081962
2025-08-28 11:00:00+00:00,2159.7075,69.2911523,0.92404402,0.86459242,0.00104274,0.00359567,0.00079156
2025-08-28 12:00:00+00:00,2244.37,60.12104979,0.92584226,0.87660964,0.00104463,0.00309481,0.00066928
2025-08-28 13:00:00+00:00,2276.535,56.80195864,0.92316331,0.87662464,0.00128777,0.00283679,0.00064572
2025-08-28 14:00:00+00:00,2266.44,94.97077836,0.89599731,0.78195557,0.00210467,0.01814621,0.00101961
2025-08-28 15:00:00+00:00,2256.405,66.38037643,0.91678076,0.84081232,0.00441989,0.00903383,0.00085727
2025-08-28 16:00:00+00:00,2249.36,81.66261515,0.91090113,0.80180178,0.00914921,0.01989819,0.00089051
2025-08-28 17:00:00+00:00,2149.7225,71.60830108,0.92280228,0.83942377,0.00771272,0.00465638,0.00101359
2025-08-28 18:00:00+00:00,2183.9,40.71141419,0.94331823,0.90542876,0.00430848,0.00257993,0.00059402
2025-08-28 19:00:00+00:00,2081.6325,20.29409921,0.96026719,0.95479169,0.00098603,0.00074605,0.00033317
2025-08-28 20:00:00+00:00,1950.835,18.56253313,0.962594,0.96086056,0.00056771,1.281e-05,0.00044319
2025-08-28 21:00:00+00:00,1794.61,18.4755229,0.96302564,0.96133854,0.00040682,0.0,0.00043756
2025-08-28 22:00:00+00:00,1691.1725,18.5817911,0.96379536,0.96188868,0.00032139,2.774e-05,0.00029978
2025-08-28 23:00:00+00:00,1688.1675,20.08540069,0.96799249,0.96310292,0.00036191,0.00020797,0.00034094
2025-08-29 00:00:00+00:00,1655.285,21.12243994,0.96830662,0.9612999,0.00038903,0.00041861,0.00057955
2025-08-29 01:00:00+00:00,1690.12,22.68326114,0.96740595,0.95703731,0.00044505,0.00062238,0.00054173
2025-08-29 02:00:00+00:00,1656.79,18.77497826,0.96854442,0.96696238,0.00041965,0.0,0.00058171
2025-08-29 03:00:00+00:00,1784.2775,19.06267028,0.9697979,0.96806514,0.0004869,1.925e-05,0.00052868
2025-08-29 04:00:00+00:00,2039.9325,19.65244544,0.96855324,0.96562613,0.0010199,0.00018087,0.00053985
2025-08-29 05:00:00+00:00,2292.0725,39.36246599,0.95226746,0.9192408,0.00283735,0.00203866,0.00077895
2025-08-29 06:00:00+00:00,2361.2375,40.83914699,0.94772476,0.91472324,0.00302531,0.00139109,0.00069009
2025-08-29 07:00:00+00:00,2337.425,35.03570428,0.94572672,0.91296523,0.00149645,0.01580666,0.00055938
2025-08-29 08:00:00+00:00,2441.03,43.2227076,0.92996707,0.8854494,0.00127602,0.01989506,0.00068631
2025-08-29 09:00:00+00:00,2452.66,43.3693181,0.92733861,0.88525359,0.0010429,0.02002656,0.00075344
2025-08-29 10:00:00+00:00,2338.17,49.1019471,0.91758455,0.86842983,0.00056845,0.02437033,0.00076656
2025-08-29 11:00:00+00:00,2360.295,71.61466309,0.90557868,0.82850091,0.00023291,0.02535598,0.00097619
2025-08-29 12:00:00+00:00,2189.675,101.47200068,0.8808014,0.76742838,0.00060957,0.02545984,0.00128996
2025-08-29 13:00:00+00:00,2108.1475,86.23344015,0.89323887,0.80091273,0.00092647,0.01697632,0.00121623
2025-08-29 14:00:00+00:00,2073.75,42.22057502,0.93504197,0.89923143,0.00053371,0.00982765,0.00073059
2025-08-29 15:00:00+00:00,2100.78,21.06615712,0.95754174,0.95456107,0.00099363,0.00015913,0.00057286
2025-08-29 16:00:00+00:00,2084.2775,23.40359331,0.9602057,0.94995015,0.0016839,0.00350482,0.00057121
2025-08-29 17:00:00+00:00,2053.1775,22.16785604,0.96445458,0.95635206,0.00144413,0.00099845,0.0006242
2025-08-29 18:00:00+00:00,2055.94,19.5089486,0.96247104,0.95951241,0.00126218,2.534e-05,0.00062168
2025-08-29 19:00:00+00:00,1950.58,19.36393616,0.9610949,0.95799031,0.00139448,9.28e-06,0.00056828
2025-08-29 20:00:00+00:00,1838.7075,18.87734016,0.95881114,0.9571052,0.00040843,0.0,0.00052103
2025-08-29 21:00:00+00:00,1758.3725,22.25219512,0.95485732,0.94386871,0.00088048,0.00473162,0.00062457
2025-08-29 22:00:00+00:00,1674.27,19.22421834,0.96031955,0.95827375,0.00042881,0.0,0.00067896
2025-08-29 23:00:00+00:00,1634.7575,19.47666799,0.95962689,0.95730434,0.00046732,0.0,0.00070021
2025-08-30 00:00:00+00:00,1567.71,19.79440246,0.96211533,0.95915064,0.00042936,0.00024905,0.00067209
2025-08-30 01:00:00+00:00,1474.99,19.59298591,0.96486512,0.96243794,0.00045254,0.0,0.00073534
2025-08-30 02:00:00+00:00,1537.7725,19.54005205,0.96500858,0.96257915,0.00047051,0.0,0.00065235
2025-08-30 03:00:00+00:00,1590.68,19.61583939,0.96949588,0.96682894,0.00060404,0.0,0.00081535
2025-08-30 04:00:00+00:00,1584.2925,19.69238571,0.96995853,0.96722163,0.0007163,0.0,0.00082972
2025-08-30 05:00:00+00:00,1678.6525,20.35072224,0.96918208,0.9662031,0.00078638,0.0,0.00076655
2025-08-30 06:00:00+00:00,1797.42,21.10996397,0.96454825,0.9620546,0.00063072,0.0,0.00070607
2025-08-30 07:00:00+00:00,1870.0675,22.52934987,0.95653505,0.95412394,0.00036388,0.0,0.00063066
2025-08-30 08:00:00+00:00,1905.7775,89.07267754,0.90302669,0.81773759,0.00011374,0.00571617,0.00110366
2025-08-30 09:00:00+00:00,2006.22,112.32555767,0.88373018,0.75150765,0.00011467,0.04420584,0.00123551
2025-08-30 10:00:00+00:00,2034.93,111.70112226,0.88594368,0.75712169,0.00011929,0.0428832,0.00119397
2025-08-30 11:00:00+00:00,2013.36,113.77474281,0.88493823,0.7533493,9.167e-05,0.04378105,0.00122179
2025-08-30 12:00:00+00:00,1890.44,125.22077704,0.87608045,0.72669934,0.00029275,0.04897309,0.00128507
2025-08-30 13:00:00+00:00,1721.445,96.20638986,0.88494804,0.76968957,0.00017281,0.04452135,0.00097563
2025-08-30 14:00:00+00:00,1728.705,64.55391252,0.90634217,0.81864564,0.00041092,0.05347134,0.00060656
2025-08-30 15:00:00+00:00,1786.7075,28.43904627,0.95586245,0.93819982,0.00052486,0.00908702,0.00056891
2025-08-30 16:00:00+00:00,1832.565,21.77388138,0.96841259,0.96311926,0.00077217,0.00106633,0.00068848
2025-08-30 17:00:00+00:00,1781.8375,21.72797367,0.97013303,0.96304174,0.00090301,0.00129892,0.00069913
2025-08-30 18:00:00+00:00,1862.7,21.1948843,0.97249778,0.96588002,0.00079313,0.00133277,0.00070717
2025-08-30 19:00:00+00:00,1796.2825,20.79253741,0.9713231,0.9651736,0.00073039,0.0010662,0.0006813
2025-08-30 20:00:00+00:00,1680.9875,19.32336771,0.97225504,0.96907434,0.00070994,0.00033096,0.00069356
2025-08-30 21:00:00+00:00,1639.3425,18.91054538,0.97126992,0.96902981,0.00046641,3.265e-05,0.00057145
2025-08-30 22:00:00+00:00,1526.4625,18.92679365,0.97071729,0.96867972,0.00038039,4.09e-06,0.00061081
2025-08-30 23:00:00+00:00,1486.0675,19.20072653,0.96973816,0.96752323,0.00036904,1.46e-05,0.00063731
2025-08-31 00:00:00+00:00,1469.8875,19.52404193,0.96899259,0.96616102,0.0004296,0.00020986,0.00067577
2025-08-31 01:00:00+00:00,1474.5425,19.81690191,0.96773173,0.96409365,0.00041482,0.00048459,0.00069578
2025-08-31 02:00:00+00:00,1464.7725,19.97487317,0.96749519,0.96360929,0.0004278,0.00058331,0.00071403
2025-08-31 03:00:00+00:00,1520.835,20.12123069,0.9701588,0.96672935,0.00051471,0.00034824,0.00085625
2025-08-31 04:00:00+00:00,1563.3725,20.26695675,0.97027361,0.96675933,0.00050266,0.00046122,0.00079873
2025-08-31 05:00:00+00:00,1585.9,20.66004236,0.96810456,0.96544942,0.0004427,8.594e-05,0.00073288
2025-08-31 06:00:00+00:00,1678.17,22.46775662,0.96057427,0.95632276,0.00035005,0.00087616,0.00058006
2025-08-31 07:00:00+00:00,1827.73,98.96669514,0.88937749,0.77222659,0.00044132,0.03376039,0.00145374
2025-08-31 08:00:00+00:00,1780.125,120.95262145,0.87765918,0.73644078,0.00045835,0.04333951,0.00154309
2025-08-31 09:00:00+00:00,1790.065,111.11061537,0.89236567,0.76824001,5.16e-05,0.0386045,0.0012489
2025-08-31 10:00:00+00:00,1763.935,108.59173542,0.89264041,0.77278907,0.00014424,0.03729642,0.00121742
2025-08-31 11:00:00+00:00,1695.665,108.14160763,0.8901638,0.77081975,0.00025397,0.0373777,0.00123434
2025-08-31 12:00:00+00:00,1661.025,108.17803043,0.88381556,0.76352189,0.00054222,0.03890845,0.00127915
2025-08-31 13:00:00+00:00,1727.645,115.66310671,0.87353762,0.73694806,0.00107685,0.04658494,0.00133952
2025-08-31 14:00:00+00:00,1704.56,117.35951354,0.86810872,0.72300901,0.00117129,0.04859882,0.0013039
2025-08-31 15:00:00+00:00,1765.415,24.93386661,0.95219475,0.94442157,0.00046666,0.00279765,0.00053581
2025-08-31 16:00:00+00:00,1963.4625,21.63579478,0.96791163,0.96294738,0.00079967,0.00092293,0.00063977
2025-08-31 17:00:00+00:00,1947.5275,21.35523717,0.97089687,0.96386999,0.00132228,0.00097356,0.00057434
2025-08-31 18:00:00+00:00,1927.7425,19.79319144,0.97245821,0.96750928,0.00126304,0.00055644,0.00052687
2025-08-31 19:00:00+00:00,1819.7775,18.42633346,0.97267121,0.96958563,0.00125163,0.00013445,0.00045089
2025-08-31 20:00:00+00:00,1682.1875,17.9474931,0.97133964,0.96878665,0.00107647,7.081e-05,0.00048085
2025-08-31 21:00:00+00:00,1592.05,17.32308471,0.96808845,0.96648484,0.00030831,1.581e-05,0.00046516
2025-08-31 22:00:00+00:00,1537.4875,16.99186273,0.96663879,0.9653532,0.0001445,0.0,0.00040594
2025-08-31 23:00:00+00:00,1457.4,17.06844369,0.96608696,0.96465129,0.00015654,8.98e-06,0.00040165
2025-09-01 00:00:00+00:00,1450.2325,17.21654456,0.96693061,0.96545644,0.00019679,1.419e-05,0.00031617
2025-09-01 01:00:00+00:00,1486.4025,18.05490672,0.96917612,0.9656571,0.00035729,0.00058785,0.00034195
2025-09-01 02:00:00+00:00,1497.885,18.47126852,0.96777417,0.96352476,0.0002842,0.00075751,0.00031927
2025-09-01 03:00:00+00:00,1574.33,18.37344082,0.97139243,0.96790081,0.00047815,0.00047713,0.00033526
2025-09-01 04:00:00+00:00,1835.82,19.25157428,0.9721944,0.96725753,0.00079553,0.00067605,0.00031885
2025-09-01 05:00:00+00:00,2147.745,19.88109123,0.97017977,0.96525471,0.00108371,0.00061898,0.0002776
2025-09-01 06:00:00+00:00,2151.9925,20.29363309,0.96428842,0.96131199,0.00089765,0.00027515,0.00023714
2025-09-01 07:00:00+00:00,2213.585,21.49655181,0.96069114,0.95918112,0.0002281,1.776e-05,0.00021135
2025-09-01 08:00:00+00:00,2179.015,22.70391472,0.95515013,0.95369789,8.337e-05,8.778e-05,0.00019094
2025-09-01 09:00:00+00:00,2152.5925,23.82368602,0.94868904,0.94771958,2.728e-05,1.728e-05,0.00013837
2025-09-01 10:00:00+00:00,2129.065,25.74482645,0.94516407,0.93992544,9.23e-05,0.00249624,5.844e-05
2025-09-01 11:00:00+00:00,2146.1175,23.52453275,0.94858047,0.94681983,9.458e-05,0.00036118,5.517e-05
2025-09-01 12:00:00+00:00,2146.675,22.82483063,0.94950221,0.94778366,9.307e-05,0.00045107,3.288e-05
2025-09-01 13:00:00+00:00,2242.6,21.19444093,0.95477363,0.95390487,1.672e-05,1.164e-05,0.00015786
2025-09-01 14:00:00+00:00,2183.39,19.86467469,0.95930498,0.95814521,7.486e-05,7.1e-07,0.00032877
2025-09-01 15:00:00+00:00,2203.4,18.70630902,0.9627739,0.96121463,0.00044521,1.041e-05,0.00040517
2025-09-01 16:00:00+00:00,2215.94,17.9548005,0.96485879,0.96262815,0.00041869,0.00029833,0.00040917
2025-09-01 17:00:00+00:00,2202.5875,18.99593798,0.96728933,0.96052459,0.00058471,0.00187049,0.00041274
2025-09-01 18:00:00+00:00,2233.38,17.89087401,0.96840469,0.96286791,0.00067425,0.00144083,0.00038097
2025-09-01 19:00:00+00:00,2113.1025,16.12610865,0.97001571,0.96829993,0.00058095,0.0,0.00042875
2025-09-01 20:00:00+00:00,1991.59,15.85699071,0.96991944,0.96869082,0.00030085,0.0,0.00042967
2025-09-01 21:00:00+00:00,1897.335,15.89140498,0.97143338,0.97021531,0.00011229,0.0,0.00042517
2025-09-01 22:00:00+00:00,1816.5375,15.70126906,0.9732749,0.97224025,5.739e-05,0.0,0.00023693
2025-09-01 23:00:00+00:00,1740.685,16.03696764,0.97210518,0.97078226,4.801e-05,0.0,0.00030277
2025-09-02 00:00:00+00:00,1709.0175,16.26762027,0.9713146,0.97005502,9.799e-05,0.0,0.00049011
2025-09-02 01:00:00+00:00,1706.8375,16.64775927,0.96917713,0.96743781,0.00013961,0.0,0.00060946
2025-09-02 02:00:00+00:00,1726.585,16.67716572,0.96822772,0.966793,0.00012588,0.0,0.00056037
2025-09-02 03:00:00+00:00,1893.44,17.0196283,0.96870457,0.96731506,0.00025447,0.0,0.00050562
2025-09-02 04:00:00+00:00,2115.1275,33.66967723,0.95576359,0.93019558,0.00068054,0.00145866,0.00058318
2025-09-02 05:00:00+00:00,2328.0075,72.3029559,0.92728139,0.8511725,0.00154622,0.00375979,0.00099177
2025-09-02 06:00:00+00:00,2415.895,78.78537437,0.9218718,0.84096983,0.00060574,0.00371659,0.00090114
2025-09-02 07:00:00+00:00,2370.5725,77.96879028,0.91862969,0.84206169,1.284e-05,0.00363572,0.00080851
2025-09-02 08:00:00+00:00,2400.7725,87.39026179,0.91676014,0.82693518,2.799e-05,0.00524508,0.00073803
2025-09-02 09:00:00+00:00,2489.2675,88.36742026,0.91567737,0.82354923,0.0004474,0.00791727,0.00073408
2025-09-02 10:00:00+00:00,2550.1475,78.3695939,0.92112323,0.84331092,1.979e-05,0.00535203,0.00065084
2025-09-02 11:00:00+00:00,2513.005,80.52738534,0.91617547,0.83555402,1.144e-05,0.00551613,0.0006107
2025-09-02 12:00:00+00:00,2464.8625,67.51725488,0.92046436,0.85746644,5.68e-06,0.00326106,0.00053027
2025-09-02 13:00:00+00:00,2427.995,65.08107802,0.91813621,0.85154161,0.00015828,0.01043745,0.00058408
2025-09-02 14:00:00+00:00,2409.6625,40.09299803,0.93062328,0.89254734,0.00043528,0.01099268,0.00044273
2025-09-02 15:00:00+00:00,2393.055,40.05864699,0.91502314,0.874102,0.00139643,0.01055491,0.00048756
2025-09-02 16:00:00+00:00,2339.2975,23.26327756,0.88712508,0.87588893,0.00176438,0.00225532,0.00036088
2025-09-02 17:00:00+00:00,2219.5225,19.31089343,0.88095532,0.87749224,0.00055961,0.00067103,0.00033921
2025-09-02 18:00:00+00:00,2327.0825,18.53811375,0.88388039,0.88183756,0.00043156,0.00027458,0.00029951
2025-09-02 19:00:00+00:00,2139.7175,18.0833552,0.89465698,0.89308355,0.00048891,0.0,0.00033743
2025-09-02 20:00:00+00:00,1938.4075,22.9439023,0.95899044,0.9458921,0.00040012,0.00107378,0.00040196
2025-09-02 21:00:00+00:00,1841.7925,18.87286273,0.96290087,0.95415666,0.00305428,0.00160429,0.00031386
2025-09-02 22:00:00+00:00,1783.77,17.30483344,0.964009,0.95986927,0.00174551,0.00062348,0.00025063
2025-09-02 23:00:00+00:00,1664.97,20.08560622,0.96012628,0.95248755,6.376e-05,0.0015815,0.00022394
2025-09-03 00:00:00+00:00,1558.0675,25.70489726,0.95566511,0.94000724,6.987e-05,0.00204083,0.0004264
2025-09-03 01:00:00+00:00,1537.7975,17.70680011,0.96246768,0.95905055,6.202e-05,0.00065552,0.0003517
2025-09-03 02:00:00+00:00,1567.595,16.42678002,0.96380923,0.96281049,8.527e-05,0.0,0.00039191
2025-09-03 03:00:00+00:00,1660.315,16.45480711,0.96439181,0.9634504,7.285e-05,0.0,0.00035475
2025-09-03 04:00:00+00:00,1878.9325,17.13186325,0.96954375,0.96841242,0.0002595,0.0,0.000396
2025-09-03 05:00:00+00:00,2258.3575,24.36307932,0.95956927,0.94226924,0.0025412,0.00467967,0.00042649
2025-09-03 06:00:00+00:00,2225.7425,20.0255554,0.96263602,0.96000249,0.00031693,0.00044846,0.00038551
2025-09-03 07:00:00+00:00,2269.835,20.7532689,0.95913241,0.95809944,5.162e-05,0.0,0.00028889
2025-09-03 08:00:00+00:00,2276.04,67.86102645,0.92525776,0.8604774,0.00016846,0.01036382,0.00046477
2025-09-03 09:00:00+00:00,2249.5225,70.23366199,0.92015054,0.85235068,7.229e-05,0.01546651,0.00047711
2025-09-03 10:00:00+00:00,2186.015,68.93044898,0.9193542,0.85295661,0.00023693,0.01780548,0.00048171
2025-09-03 11:00:00+00:00,2113.955,49.62381257,0.9284315,0.88845304,0.00029449,0.01179093,0.00033299
2025-09-03 12:00:00+00:00,2059.755,36.22538809,0.9376543,0.91161626,0.00039975,0.0131697,0.00020345
2025-09-03 13:00:00+00:00,2053.215,35.39630754,0.94445871,0.91773833,0.00043956,0.01213932,0.00020886
2025-09-03 14:00:00+00:00,2042.8475,35.35308943,0.94766775,0.91604747,0.0005139,0.01443615,0.00021923
2025-09-03 15:00:00+00:00,2121.95,28.59025566,0.95247256,0.92958393,0.00064041,0.00923071,0.0003414
2025-09-03 16:00:00+00:00,2136.3125,19.01219876,0.96858671,0.96293484,0.00077372,0.00211003,0.00027996
2025-09-03 17:00:00+00:00,2142.375,17.70250222,0.96988975,0.96536771,0.00099739,0.00110672,0.00027759
2025-09-03 18:00:00+00:00,2190.4925,15.89173339,0.97252554,0.97151004,0.00010223,3.57e-05,0.00027753
2025-09-03 19:00:00+00:00,2051.3225,15.15979259,0.97440809,0.97346075,9.95e-06,0.00013114,0.00021871
2025-09-03 20:00:00+00:00,1978.195,14.89759506,0.97572722,0.97458022,1.056e-05,0.00017781,0.0002307
2025-09-03 21:00:00+00:00,1775.495,14.32325918,0.97471968,0.97394112,1.1e-07,3.522e-05,0.00013828
2025-09-03 22:00:00+00:00,1704.0925,14.51998978,0.97617502,0.97492677,0.0,0.00045054,0.00020385
2025-09-03 23:00:00+00:00,1629.745,14.39770306,0.97626985,0.97484351,0.0,0.00068978,0.0001832
2025-09-04 00:00:00+00:00,1603.61,14.24393837,0.97557818,0.97449614,0.0,0.00031878,0.00021602
2025-09-04 01:00:00+00:00,1584.205,14.25909823,0.97521071,0.97406795,0.0,0.00038019,0.00015928
2025-09-04 02:00:00+00:00,1556.9175,13.9076639,0.97531331,0.9747979,0.0,0.0,0.00014226
2025-09-04 03:00:00+00:00,1638.235,13.92833651,0.97547833,0.97487636,0.0,0.0,0.00020248
2025-09-04 04:00:00+00:00,1792.57,14.3457876,0.97660037,0.97591027,0.0,0.0,0.00025354
2025-09-04 05:00:00+00:00,2088.9325,15.14235599,0.97572224,0.97488057,3.3e-07,0.0,0.00032748
2025-09-04 06:00:00+00:00,2201.845,16.34561246,0.97180239,0.97097878,2.007e-05,0.0,0.00027605
2025-09-04 07:00:00+00:00,2223.0825,17.98852017,0.96737274,0.96651184,2.371e-05,0.0,0.00026617
2025-09-04 08:00:00+00:00,2133.565,19.80154165,0.95997811,0.95950318,0.0,0.0,4.803e-05
2025-09-04 09:00:00+00:00,2175.69,27.96601694,0.94821988,0.93438359,1.964e-05,0.00792425,8.527e-05
2025-09-04 10:00:00+00:00,2172.825,52.37269383,0.93323577,0.89032791,1.846e-05,0.00935763,0.00035046
2025-09-04 11:00:00+00:00,2105.67,47.28872291,0.93747157,0.90547313,3.03e-06,0.00160525,0.00030274
2025-09-04 12:00:00+00:00,2080.2,34.11793191,0.943806,0.92769082,1.03e-06,0.00079379,0.00017034
2025-09-04 13:00:00+00:00,2099.6125,32.09736757,0.94906548,0.93341222,1.84e-06,0.00074019,0.00023174
2025-09-04 14:00:00+00:00,2119.46,19.24901434,0.9525951,0.9519249,8.14e-06,0.0,0.00012887
2025-09-04 15:00:00+00:00,2137.895,17.90024147,0.9446239,0.94357953,0.0001642,0.0,0.00030229
2025-09-04 16:00:00+00:00,2186.2775,18.94678457,0.91195714,0.90599683,0.00036421,0.00193103,0.00033931
2025-09-04 17:00:00+00:00,2046.93,18.57252302,0.90176495,0.89547752,0.00036904,0.00189357,0.00032431
2025-09-04 18:00:00+00:00,2220.7725,18.51762245,0.90549427,0.89830035,0.00040306,0.00303823,0.00039339
2025-09-04 19:00:00+00:00,2011.83,17.29106292,0.91083907,0.90695225,8.084e-05,0.00138148,0.00042957
2025-09-04 20:00:00+00:00,1848.09,16.84176596,0.95057479,0.94742151,3.963e-05,0.00143615,0.00048035
2025-09-04 21:00:00+00:00,1655.94,16.66620507,0.97096422,0.96829131,2.002e-05,0.00120118,0.00057332
2025-09-04 22:00:00+00:00,1607.53,16.61104773,0.9741034,0.97126579,9.848e-05,0.00124249,0.00042593
2025-09-04 23:00:00+00:00,1605.775,16.75363233,0.9733305,0.97023131,8.331e-05,0.00154125,0.00040385
2025-09-05 00:00:00+00:00,1583.77,17.1330594,0.97254162,0.96959478,9.354e-05,0.00119695,0.00070431
2025-09-05 01:00:00+00:00,1537.99,17.39895619,0.97052368,0.9673498,9.633e-05,0.00111918,0.00076511
2025-09-05 02:00:00+00:00,1563.815,17.53231666,0.96998095,0.96684895,9.994e-05,0.00123669,0.00074066
2025-09-05 03:00:00+00:00,1625.895,17.76851515,0.97016189,0.96748371,7.495e-05,0.00098338,0.00065274
2025-09-05 04:00:00+00:00,1789.705,17.67896932,0.97020437,0.96898837,5.31e-05,0.0,0.00042034
2025-09-05 05:00:00+00:00,2051.175,19.75284111,0.96990187,0.96581195,0.0002049,0.00063443,0.00040755
2025-09-05 06:00:00+00:00,2102.09,20.49119045,0.96734913,0.96425551,0.00013923,0.00037778,0.00034948
2025-09-05 07:00:00+00:00,2207.5275,20.83558783,0.96466387,0.96346231,5.84e-05,0.0,0.00037847
2025-09-05 08:00:00+00:00,2282.0725,23.84283852,0.95847963,0.95397344,4.591e-05,0.00037416,0.00031071
2025-09-05 09:00:00+00:00,2350.61,22.3707483,0.95448995,0.95319406,3.985e-05,0.0,0.00028986
2025-09-05 10:00:00+00:00,2348.095,24.03104054,0.95150195,0.94729132,3.334e-05,0.00043822,0.00029845
2025-09-05 11:00:00+00:00,2229.2625,29.66685009,0.94740043,0.93341211,1.331e-05,0.00197974,0.00019004
2025-09-05 12:00:00+00:00,2063.75,21.89543258,0.95223924,0.95107514,1.572e-05,0.0,0.00022162
2025-09-05 13:00:00+00:00,1995.3825,21.19496244,0.95948625,0.95813971,9.955e-05,0.0,0.00039795
2025-09-05 14:00:00+00:00,2045.295,20.69827895,0.96244825,0.96108092,0.00020748,0.0,0.00038053
2025-09-05 15:00:00+00:00,2166.4025,20.10318703,0.96497802,0.96344221,0.0002865,0.0,0.00043201
2025-09-05 16:00:00+00:00,2162.5525,19.36460765,0.96830283,0.96687378,0.00026445,0.0,0.00042696
2025-09-05 17:00:00+00:00,2068.14,18.84628247,0.97093883,0.96936143,0.00026248,0.0,0.00046196
2025-09-05 18:00:00+00:00,2063.73,18.43227248,0.97232703,0.97097824,0.00021483,0.0,0.00044182
2025-09-05 19:00:00+00:00,1938.3575,18.39701504,0.97367671,0.97169233,0.00028466,0.00048629,0.00048122
2025-09-05 20:00:00+00:00,1765.4575,18.42658892,0.97401598,0.97081149,0.00024498,0.00180385,0.00047907
2025-09-05 21:00:00+00:00,1648.5425,18.32729539,0.97319777,0.97015315,0.00037019,0.00130474,0.0005675
2025-09-05 22:00:00+00:00,1634.475,18.56098208,0.97292313,0.96902499,0.00024567,0.00184723,0.00067462
2025-09-05 23:00:00+00:00,1565.4325,18.80642084,0.97286162,0.96826764,0.00022136,0.00255801,0.00063803
2025-09-06 00:00:00+00:00,1532.97,18.88933379,0.97383792,0.96989415,0.00024806,0.00173921,0.00074843
2025-09-06 01:00:00+00:00,1517.385,19.19299059,0.97480169,0.97026231,0.00022282,0.00222294,0.00068237
2025-09-06 02:00:00+00:00,1442.98,19.02562097,0.97527934,0.97149529,0.00021937,0.00175983,0.00057927
2025-09-06 03:00:00+00:00,1452.395,18.90942831,0.97645929,0.9742423,0.00021073,0.0002704,0.00065688
2025-09-06 04:00:00+00:00,1425.45,19.05895504,0.97556834,0.97343696,0.00027052,0.0,0.00070428
2025-09-06 05:00:00+00:00,1540.03,19.59909668,0.9750291,0.97303955,0.00025891,0.0,0.00064641
2025-09-06 06:00:00+00:00,1673.87,20.44308432,0.97223875,0.97038382,0.00028655,0.0,0.00055503
2025-09-06 07:00:00+00:00,1705.36,21.39406656,0.96531989,0.96376818,0.00018308,0.0,0.00043413
2025-09-06 08:00:00+00:00,1753.625,30.64684685,0.94101049,0.9262705,1.274e-05,0.00843979,0.00017063
2025-09-06 09:00:00+00:00,1774.63,99.92479221,0.88265443,0.77014304,2.69e-05,0.0379585,0.00080847
2025-09-06 10:00:00+00:00,1715.94,103.66902136,0.87652561,0.76161155,0.00016626,0.0403309,0.00084038
2025-09-06 11:00:00+00:00,1695.09,108.87567219,0.87044202,0.74850022,5.655e-05,0.04426748,0.00089522
2025-09-06 12:00:00+00:00,1693.915,111.11880213,0.86967831,0.74415145,0.00010597,0.04564542,0.00089263
2025-09-06 13:00:00+00:00,1640.01,89.63785488,0.88231097,0.77838076,0.0004394,0.04614137,0.00073714
2025-09-06 14:00:00+00:00,1673.105,31.43913055,0.94109423,0.92387023,0.00023394,0.0093297,0.0002901
2025-09-06 15:00:00+00:00,1798.85,21.39884111,0.96601694,0.96425877,0.00029785,0.0,0.00055475
2025-09-06 16:00:00+00:00,1896.7425,20.3709225,0.97177568,0.96998339,0.00032666,6.7e-06,0.00057887
2025-09-06 17:00:00+00:00,1841.7225,20.90523582,0.97598039,0.97088706,0.00054916,0.0009839,0.00057741
2025-09-06 18:00:00+00:00,1899.7525,19.41980966,0.97749784,0.97567291,0.00030667,2.17e-05,0.00056771
2025-09-06 19:00:00+00:00,1783.055,19.01092008,0.97734225,0.9756087,0.00031395,0.0,0.00052537
2025-09-06 20:00:00+00:00,1675.9025,18.79990263,0.9771936,0.97533585,0.00034617,0.0,0.00060794
2025-09-06 21:00:00+00:00,1624.23,18.61404138,0.97742094,0.97548949,0.00032529,0.0,0.00051148
2025-09-06 22:00:00+00:00,1502.655,18.34608796,0.97484818,0.97306621,0.00028472,0.0,0.00050503
2025-09-06 23:00:00+00:00,1444.345,18.68982021,0.97483958,0.97246176,0.00030183,0.0005112,0.00053483
2025-09-07 00:00:00+00:00,1501.4575,18.82819024,0.97497871,0.97266071,0.00033686,0.00045829,0.00058435
2025-09-07 01:00:00+00:00,1539.8625,19.01179483,0.97414055,0.97190457,0.00032836,0.00034841,0.00055858
2025-09-07 02:00:00+00:00,1538.795,19.03811235,0.97440834,0.97265956,0.00031657,4.536e-05,0.00052257
2025-09-07 03:00:00+00:00,1535.645,19.26504882,0.97431904,0.97266878,0.00030498,0.0,0.00053937
2025-09-07 04:00:00+00:00,1529.035,19.68136053,0.97478482,0.97242556,0.00038065,0.0,0.0007372
2025-09-07 05:00:00+00:00,1597.4925,20.02589785,0.96991843,0.96806432,0.0002565,0.0,0.00055459
2025-09-07 06:00:00+00:00,1678.575,42.01680174,0.92551848,0.87924337,0.00089116,0.02373632,0.00044988
2025-09-07 07:00:00+00:00,1727.14,107.38852552,0.85905559,0.73163619,0.00224923,0.04376763,0.00125767
2025-09-07 08:00:00+00:00,1739.54,106.13834767,0.87487658,0.75992079,0.00089415,0.03734242,0.00108483
2025-09-07 09:00:00+00:00,1809.125,92.18663369,0.89045424,0.79870713,0.00066601,0.02760023,0.00087222
2025-09-07 10:00:00+00:00,1843.24,83.95715637,0.89420075,0.81497107,0.00036987,0.0229838,0.00078653
2025-09-07 11:00:00+00:00,1775.105,82.94378095,0.89260214,0.81562412,0.00025223,0.02202206,0.0008125
2025-09-07 12:00:00+00:00,1746.895,92.17261487,0.88788515,0.79775616,0.00019659,0.0266434,0.00089382
2025-09-07 13:00:00+00:00,1698.87,100.21749645,0.87825683,0.77337115,0.00045393,0.03331184,0.00095696
2025-09-07 14:00:00+00:00,1683.625,85.52205713,0.89032715,0.79711659,0.00057128,0.03226473,0.00081134
2025-09-07 15:00:00+00:00,1800.665,47.6814177,0.92255014,0.87069933,0.00094029,0.02628285,0.00056014
2025-09-07 16:00:00+00:00,1859.425,22.06672437,0.96613532,0.96229608,0.00040399,0.00113245,0.00051304
2025-09-07 17:00:00+00:00,1903.485,20.73054835,0.97096044,0.96778467,0.00074085,0.0004397,0.00044224
2025-09-07 18:00:00+00:00,2008.1125,20.15776525,0.96831774,0.96588171,0.0009622,0.00012026,0.00046716
2025-09-07 19:00:00+00:00,1850.9775,20.18318733,0.96809506,0.96557155,0.0007517,0.00021791,0.00051072
2025-09-07 20:00:00+00:00,1720.7875,20.01747683,0.96873667,0.96695522,0.00039256,5.27e-06,0.00045764
2025-09-07 21:00:00+00:00,1642.16,20.12792696,0.97069835,0.96857396,0.00031023,0.00028336,0.00053458
2025-09-07 22:00:00+00:00,1641.8875,20.33940109,0.97201844,0.96821794,0.00056547,0.00149939,0.00062139
2025-09-07 23:00:00+00:00,1573.255,20.28524632,0.97342667,0.96976343,0.00045327,0.00157726,0.00053116
2025-09-08 00:00:00+00:00,1580.3025,19.96345648,0.97460967,0.97281033,0.00031737,4.411e-05,0.00042649
2025-09-08 01:00:00+00:00,1570.365,19.86194156,0.97458418,0.972551,0.00029098,0.00030524,0.00041673
2025-09-08 02:00:00+00:00,1599.41,19.89760886,0.9748477,0.97287501,0.00041824,0.0,0.00046875
2025-09-08 03:00:00+00:00,1652.5575,19.94814648,0.97504386,0.97212685,0.00030147,0.00107582,0.00042847
2025-09-08 04:00:00+00:00,1863.775,20.61374221,0.97285459,0.9671114,0.00032903,0.00344831,0.00029949
2025-09-08 05:00:00+00:00,2163.085,50.04604646,0.938083,0.84879619,0.015445,0.03750305,0.0003861
2025-09-08 06:00:00+00:00,2265.56,68.65380417,0.92637678,0.82012143,0.00923839,0.04325235,0.00049596
2025-09-08 07:00:00+00:00,2263.84,77.32737012,0.92305564,0.81024874,0.00165805,0.05492858,0.00045868
2025-09-08 08:00:00+00:00,2351.385,48.75682606,0.93915272,0.88286005,0.00051778,0.031958,0.00028442
2025-09-08 09:00:00+00:00,2376.22,40.46516686,0.94749551,0.90770382,0.0003459,0.02643854,0.00019649
2025-09-08 10:00:00+00:00,2321.9,36.78387632,0.9428977,0.91439038,0.00019242,0.01722135,0.00026604
2025-09-08 11:00:00+00:00,2330.345,35.74858728,0.93900831,0.91465425,0.00022731,0.0130806,0.00026375
2025-09-08 12:00:00+00:00,2271.7,30.16196615,0.94278497,0.92718007,0.00016594,0.01053157,0.00020101
2025-09-08 13:00:00+00:00,2197.42,30.52690945,0.94670023,0.92588589,0.00043189,0.0156366,0.00029405
2025-09-08 14:00:00+00:00,2212.365,32.59835281,0.9162835,0.88841078,0.00052803,0.02004703,0.0002911
2025-09-08 15:00:00+00:00,2257.115,29.40714405,0.86870378,0.84767053,0.00104999,0.01233465,0.00031494
2025-09-08 16:00:00+00:00,2241.105,30.10513716,0.86846975,0.83820459,0.00228035,0.01878464,0.00032399
2025-09-08 17:00:00+00:00,2175.9875,21.31068152,0.89040031,0.8834742,0.00065993,0.00274033,0.00033263
2025-09-08 18:00:00+00:00,2201.08,20.91323813,0.89301178,0.88619248,0.00053154,0.0027991,0.00026259
2025-09-08 19:00:00+00:00,2054.265,18.63318616,0.88938431,0.88822699,0.0002155,0.0,0.00029642
2025-09-08 20:00:00+00:00,1948.7275,18.72768107,0.89429867,0.89287496,0.00032544,0.0,0.00034744
2025-09-08 21:00:00+00:00,1802.115,18.64691156,0.93980424,0.9384215,0.00035645,0.0,0.00037156
2025-09-08 22:00:00+00:00,1701.8975,18.78166454,0.97072488,0.96913339,0.00030382,0.0,0.00025312
2025-09-08 23:00:00+00:00,1666.44,19.09712047,0.97141466,0.96971842,0.00031899,0.0,0.00029549
2025-09-09 00:00:00+00:00,1631.7125,19.33113046,0.97129293,0.96955982,0.00037007,0.0,0.0005108
2025-09-09 01:00:00+00:00,1609.9525,19.53248024,0.97017827,0.96833425,0.00038665,0.0,0.00054977
2025-09-09 02:00:00+00:00,1636.46,19.87725752,0.97060399,0.96843999,0.00049089,0.0,0.00062736
2025-09-09 03:00:00+00:00,1731.5375,22.31888918,0.9647671,0.95695658,0.00062478,0.00231274,0.00057016
2025-09-09 04:00:00+00:00,1977.56,22.42959338,0.9251082,0.91748938,0.00071422,0.00218818,0.00048195
2025-09-09 05:00:00+00:00,2222.6175,24.07456957,0.87813594,0.8690606,0.00087513,0.00208499,0.00040304
2025-09-09 06:00:00+00:00,2365.6325,57.88322742,0.85215383,0.80502073,0.00067941,0.00211422,0.00057576
2025-09-09 07:00:00+00:00,2288.0,54.62412322,0.85952775,0.81911289,0.00029889,0.00157919,0.00053564
2025-09-09 08:00:00+00:00,2109.9775,50.94347979,0.93133853,0.89514137,0.00023585,0.00156787,0.00050366
2025-09-09 09:00:00+00:00,2205.7275,45.19723504,0.93809957,0.90974594,0.00034224,0.00168169,0.00047574
2025-09-09 10:00:00+00:00,2222.9575,45.55077086,0.94228465,0.91317461,0.00037374,0.00216938,0.00052185
2025-09-09 11:00:00+00:00,2245.51,50.17580643,0.93766406,0.90317766,0.00060765,0.00130653,0.00045635
2025-09-09 12:00:00+00:00,2234.4475,48.50490948,0.94081133,0.90885873,0.00024618,0.00180233,0.00039683
2025-09-09 13:00:00+00:00,2183.5325,24.98870461,0.95736992,0.95385266,0.00032072,0.00141699,0.00026601
2025-09-09 14:00:00+00:00,2158.685,23.67886847,0.92106123,0.91801527,0.000307,0.00104164,0.00026482
2025-09-09 15:00:00+00:00,2184.75,34.02353555,0.84037285,0.80465494,0.00077455,0.02453555,0.00023323
2025-09-09 16:00:00+00:00,2267.0875,42.29446053,0.84181336,0.79450416,0.00736943,0.00830523,0.00036375
2025-09-09 17:00:00+00:00,2271.3475,18.64366693,0.87066631,0.86955857,0.00015248,0.0,0.00021628
2025-09-09 18:00:00+00:00,2318.9075,18.21041683,0.87753467,0.87672723,0.00010445,0.0,0.00018373
2025-09-09 19:00:00+00:00,2075.665,17.92999006,0.93648293,0.93564901,0.00015047,0.0,0.00019495
2025-09-09 20:00:00+00:00,1900.265,17.58344787,0.96099432,0.9600945,0.00013044,0.0,0.00021224
2025-09-09 21:00:00+00:00,1781.7875,17.45946533,0.98108625,0.97993697,0.00021003,0.0,0.00032074
2025-09-09 22:00:00+00:00,1768.2725,17.35672117,0.97787156,0.97655491,0.00019908,0.0,0.00025052
2025-09-09 23:00:00+00:00,1704.305,17.19894339,0.97752212,0.97627043,0.00018539,0.0,0.00021862
2025-09-10 00:00:00+00:00,1586.3125,17.11635464,0.97745857,0.97632719,0.00017837,0.0,0.00020053
2025-09-10 01:00:00+00:00,1601.47,17.24942331,0.97806939,0.97674684,0.00020049,0.0,0.00023347
2025-09-10 02:00:00+00:00,1663.18,17.48456671,0.97811097,0.97669085,0.00023691,0.0,0.0004032
2025-09-10 03:00:00+00:00,1770.8925,17.69799615,0.97873749,0.97758265,0.00020727,0.0,0.00037062
2025-09-10 04:00:00+00:00,1986.9725,17.67362861,0.975968,0.97520142,7.878e-05,0.0,0.00021676
2025-09-10 05:00:00+00:00,2167.1875,46.21546472,0.9513403,0.90998227,0.00085556,0.0017235,0.0003191
2025-09-10 06:00:00+00:00,2266.81,48.39236561,0.94137964,0.89989464,0.00074013,0.00172813,0.00038973
2025-09-10 07:00:00+00:00,2241.4,43.45049642,0.94229626,0.91072688,0.0001925,0.0026462,0.00040478
2025-09-10 08:00:00+00:00,2197.8675,25.76121344,0.95139741,0.94507545,8.76e-05,0.00151354,0.00022856
2025-09-10 09:00:00+00:00,2126.3375,42.68038647,0.94473498,0.9168027,7.712e-05,0.00189685,0.00035777
2025-09-10 10:00:00+00:00,1962.455,43.69450907,0.9467073,0.91704534,0.00010496,0.00140023,0.00042187
2025-09-10 11:00:00+00:00,1975.6375,43.12123805,0.94769389,0.91791761,0.00010628,0.00141404,0.00037821
2025-09-10 12:00:00+00:00,1955.83,31.50806779,0.95638436,0.94062309,0.00014235,0.00071912,0.00031428
2025-09-10 13:00:00+00:00,1968.555,19.42269538,0.96528127,0.96428441,0.00014491,0.0,0.00024455
2025-09-10 14:00:00+00:00,2132.885,18.39742124,0.96722224,0.9664457,9.078e-05,0.0,0.00019812
2025-09-10 15:00:00+00:00,2180.2275,17.33275888,0.96825814,0.96772733,2.764e-05,1.66e-06,0.00011819
2025-09-10 16:00:00+00:00,2148.9775,16.58965262,0.9667776,0.96634746,2.252e-05,1.63e-06,0.00011169
2025-09-10 17:00:00+00:00,2155.9025,16.20273709,0.96916867,0.96888991,0.0,3.1e-07,1.909e-05
2025-09-10 18:00:00+00:00,2200.7175,16.00685518,0.97022324,0.96937277,0.00011238,0.0,0.0002847
2025-09-10 19:00:00+00:00,2111.995,15.70996147,0.97138659,0.97019791,0.00017045,0.0,0.00042645
2025-09-10 20:00:00+00:00,2031.6325,15.99881349,0.97261201,0.96927304,0.00017358,0.00203858,0.00049518
2025-09-10 21:00:00+00:00,1877.13,16.04980518,0.97300828,0.96986839,0.00016982,0.00186775,0.00047232
2025-09-10 22:00:00+00:00,1709.34,15.79926548,0.9727138,0.96959163,7.35e-05,0.00197341,0.00031927
2025-09-10 23:00:00+00:00,1637.7925,16.14502456,0.97330947,0.97070187,9.509e-05,0.00104033,0.0004436
2025-09-11 00:00:00+00:00,1698.99,16.16741078,0.97365462,0.97134502,8.728e-05,0.00075578,0.0006034
2025-09-11 01:00:00+00:00,1722.355,16.24484764,0.97325982,0.96965609,8.72e-06,0.0025181,0.00045235
2025-09-11 02:00:00+00:00,1697.5775,16.16154781,0.97228566,0.96865918,7.426e-05,0.0024623,0.00043975
2025-09-11 03:00:00+00:00,1751.7225,15.97881923,0.97264081,0.97032317,0.00011221,0.00102466,0.00051555
2025-09-11 04:00:00+00:00,1962.1525,16.04156249,0.97330775,0.97171406,0.00010421,0.00047372,0.00041833
2025-09-11 05:00:00+00:00,2223.46,16.20079842,0.97273219,0.96711345,0.00337938,0.00135975,0.00036353
2025-09-11 06:00:00+00:00,2340.2025,17.73236035,0.96528091,0.95124958,0.01034654,0.00275719,0.00032026
2025-09-11 07:00:00+00:00,2415.75,18.85896576,0.96261282,0.94512257,0.01364282,0.00281897,0.00030765
2025-09-11 08:00:00+00:00,2347.7575,19.76969849,0.958759,0.95433068,0.00010758,0.00278183,0.00030611
2025-09-11 09:00:00+00:00,2271.1875,19.42191789,0.95119098,0.94723474,4.94e-05,0.00262638,0.00017025
2025-09-11 10:00:00+00:00,2241.92,28.54054172,0.94371316,0.92244005,3.284e-05,0.01096667,0.0002811
2025-09-11 11:00:00+00:00,2108.22,39.05507501,0.93415726,0.88955421,0.00011278,0.02827122,0.00028426
2025-09-11 12:00:00+00:00,2053.71,38.07268281,0.93302401,0.89192726,0.00021238,0.0247716,0.00026655
2025-09-11 13:00:00+00:00,2017.72,32.0589863,0.93667429,0.90731049,0.00033521,0.0162616,0.0002795
2025-09-11 14:00:00+00:00,1938.125,31.31912956,0.93868447,0.90753334,0.00015996,0.01718421,0.00037483
2025-09-11 15:00:00+00:00,2219.69,16.6601471,0.96645928,0.9645837,9.753e-05,0.00081933,0.00031692
2025-09-11 16:00:00+00:00,2256.915,15.67409119,0.96972847,0.96763852,3.515e-05,0.00145158,0.00024494
2025-09-11 17:00:00+00:00,2239.215,15.40564384,0.97158721,0.96895561,5.089e-05,0.00176315,0.00029585
2025-09-11 18:00:00+00:00,2098.7125,15.17349651,0.97266371,0.97007436,9.709e-05,0.00167586,0.00034041
2025-09-11 19:00:00+00:00,2047.55,15.07903305,0.97130144,0.96316628,0.0051024,0.0021924,0.00034205
2025-09-11 20:00:00+00:00,1937.77,14.99122476,0.9693525,0.96579684,8.896e-05,0.00257243,0.00033468
2025-09-11 21:00:00+00:00,1799.9225,15.10562715,0.97014685,0.96668432,2.883e-05,0.00260465,0.00031268
2025-09-11 22:00:00+00:00,1693.28,15.48354413,0.97068982,0.9669065,5.095e-05,0.00235693,0.00035006
2025-09-11 23:00:00+00:00,1551.8075,16.20071129,0.96972428,0.96438335,0.00010673,0.00310396,0.00040371
2025-09-12 00:00:00+00:00,1686.5725,16.29458937,0.96946675,0.96420581,4.482e-05,0.00342046,0.00032217
2025-09-12 01:00:00+00:00,1702.105,16.29038141,0.96966566,0.96468971,9.84e-06,0.00332236,0.00026003
2025-09-12 02:00:00+00:00,1681.595,16.42621237,0.9697781,0.96503943,4.5e-07,0.00310499,0.00016936
2025-09-12 03:00:00+00:00,1789.6425,16.22109256,0.97117091,0.96676402,2.26e-06,0.00311627,0.0001783
2025-09-12 04:00:00+00:00,2045.55,16.597071,0.97242509,0.96826714,1.436e-05,0.00295044,0.00014671
2025-09-12 05:00:00+00:00,2215.3325,17.1213013,0.97254229,0.96899681,7.515e-05,0.00230538,0.00010257
2025-09-12 06:00:00+00:00,2359.8075,20.39742366,0.97038499,0.96030837,0.00013025,0.00738592,0.00012794
2025-09-12 07:00:00+00:00,2384.615,22.67238856,0.96570718,0.95438116,3.717e-05,0.00730488,0.00010658
2025-09-12 08:00:00+00:00,2408.62,37.07374919,0.94723573,0.9060681,0.00022278,0.0250621,0.00021993
2025-09-12 09:00:00+00:00,2377.845,39.06009764,0.94496757,0.90480034,4.083e-05,0.02350226,0.00025055
2025-09-12 10:00:00+00:00,2203.9775,39.15044689,0.94188278,0.91004518,2.985e-05,0.01163389,0.00030719
2025-09-12 11:00:00+00:00,2110.8875,29.01129265,0.94723527,0.92960463,0.00010956,0.00913887,0.00018775
2025-09-12 12:00:00+00:00,2083.9275,29.2816357,0.94482566,0.92686487,8.376e-05,0.00933943,0.00017556
2025-09-12 13:00:00+00:00,2013.4575,35.43750794,0.94374912,0.91041525,5.815e-05,0.01904633,0.00020717
2025-09-12 14:00:00+00:00,2000.91,29.65462524,0.95126953,0.92506155,4.849e-05,0.01542161,0.00019043
2025-09-12 15:00:00+00:00,1940.7375,17.60544389,0.96869498,0.96584682,4.093e-05,0.00168824,0.00027072
2025-09-12 16:00:00+00:00,2070.23,16.63322993,0.97354069,0.97046788,0.00018626,0.00186515,0.00040922
2025-09-12 17:00:00+00:00,2028.12,16.45798661,0.97513321,0.97201731,0.0001356,0.00182171,0.00053423
2025-09-12 18:00:00+00:00,2009.755,16.42752922,0.97496774,0.9718797,0.00012313,0.00185198,0.00057954
2025-09-12 19:00:00+00:00,1937.9225,16.42207804,0.97262567,0.96945271,0.00014207,0.00181131,0.00065657
2025-09-12 20:00:00+00:00,1824.145,15.834021,0.97120579,0.96979251,8.778e-05,0.00029641,0.00045092
2025-09-12 21:00:00+00:00,1731.9825,15.92747774,0.97047556,0.9685012,9.998e-05,0.00083588,0.00051313
2025-09-12 22:00:00+00:00,1614.7675,15.9607328,0.97439991,0.97268957,4.964e-05,0.00090215,0.00031141
2025-09-12 23:00:00+00:00,1520.16,15.83259025,0.97404907,0.97272099,2.062e-05,0.00064366,0.00024105
2025-09-13 00:00:00+00:00,1401.8525,15.93758129,0.97405603,0.97270069,2.917e-05,0.00065097,0.00027805
2025-09-13 01:00:00+00:00,1342.795,15.91124324,0.97382434,0.97283418,0.0,0.0004199,0.00018032
2025-09-13 02:00:00+00:00,1401.8925,16.03502348,0.97334697,0.97263338,2.155e-05,0.0,0.00019719
2025-09-13 03:00:00+00:00,1482.1075,16.03269955,0.9734401,0.97280148,1.759e-05,0.0,0.00022566
2025-09-13 04:00:00+00:00,1520.995,16.25747237,0.97336678,0.97260166,1.568e-05,0.00014868,0.00019131
2025-09-13 05:00:00+00:00,1503.8625,17.07960335,0.97278343,0.9714874,5.194e-05,0.00039294,0.00023919
2025-09-13 06:00:00+00:00,1575.0,18.51897132,0.9696649,0.96872528,0.00013281,0.0,0.00030928
2025-09-13 07:00:00+00:00,1793.0975,20.00014593,0.96577313,0.96501998,6.647e-05,0.0,0.00019274
2025-09-13 08:00:00+00:00,1735.9075,26.29215218,0.95286831,0.94634541,5.17e-06,0.00052815,9.101e-05
2025-09-13 09:00:00+00:00,1767.29,81.32353611,0.91215417,0.83013375,0.00028442,0.01949109,0.00054302
2025-09-13 10:00:00+00:00,1728.885,76.18555696,0.9139338,0.838036,0.00031502,0.02064915,0.00051234
2025-09-13 11:00:00+00:00,1674.62,75.28471856,0.91456717,0.83831838,0.00054065,0.02065436,0.00056603
2025-09-13 12:00:00+00:00,1629.43,76.68243486,0.91468714,0.83335584,0.0005028,0.02109313,0.00060054
2025-09-13 13:00:00+00:00,1517.38,52.92122038,0.92421295,0.86604405,0.00062536,0.02511826,0.00039397
2025-09-13 14:00:00+00:00,1612.0425,20.83280699,0.95890242,0.95256531,0.00010655,0.00303877,0.0001439
2025-09-13 15:00:00+00:00,1733.23,17.64516402,0.96908033,0.96836884,1.046e-05,4.275e-05,0.00016493
2025-09-13 16:00:00+00:00,1828.4525,17.04975243,0.97255587,0.9719908,0.0,0.0,0.00015623
2025-09-13 17:00:00+00:00,1786.66,16.52142826,0.97440066,0.97361754,4.197e-05,0.0,0.00021444
2025-09-13 18:00:00+00:00,1673.4,16.03726438,0.97421201,0.97360757,5.269e-05,0.0,0.00018701
2025-09-13 19:00:00+00:00,1618.6925,15.65216261,0.97349738,0.97275457,0.00012,0.0,0.00026756
2025-09-13 20:00:00+00:00,1464.7875,15.7475019,0.97302635,0.97157251,0.00015155,0.00053769,0.00034722
2025-09-13 21:00:00+00:00,1499.6575,15.92216884,0.97284888,0.97103604,0.00016469,0.00075207,0.00035022
2025-09-13 22:00:00+00:00,1623.585,16.02836538,0.97142043,0.96963962,7.19e-05,0.00090565,0.00030293
2025-09-13 23:00:00+00:00,1595.8725,16.18118769,0.97067151,0.96935239,0.00013217,0.00032411,0.00031363
2025-09-14 00:00:00+00:00,1436.585,16.19889586,0.97051084,0.9694044,0.00016252,0.00010483,0.00034081
2025-09-14 01:00:00+00:00,1457.6725,16.50356065,0.97108141,0.96998055,0.00018924,0.0,0.00032567
2025-09-14 02:00:00+00:00,1408.3625,16.87920364,0.97020148,0.96905051,0.00021134,0.0,0.00042756
2025-09-14 03:00:00+00:00,1429.9975,17.32538651,0.97033286,0.96905262,0.00032133,0.0,0.00048329
2025-09-14 04:00:00+00:00,1413.3775,17.80513711,0.97050805,0.9690591,0.000372,0.0,0.00053493
2025-09-14 05:00:00+00:00,1395.355,18.31529562,0.96900015,0.96755772,0.00035508,0.0,0.00051379
2025-09-14 06:00:00+00:00,1450.5025,19.36643726,0.96645714,0.96514213,0.00026125,0.0,0.00040704
2025-09-14 07:00:00+00:00,1592.7475,20.43547879,0.96149121,0.96029626,6.967e-05,0.0,0.00034512
2025-09-14 08:00:00+00:00,1897.11,21.07220565,0.95871402,0.95756799,0.00013609,0.0,0.00029483
2025-09-14 09:00:00+00:00,1922.1575,34.93529825,0.93493443,0.9045142,0.00011608,0.01973896,0.00023842
2025-09-14 10:00:00+00:00,1966.005,55.90027802,0.91051478,0.84310911,0.00022621,0.03967419,0.00040589
2025-09-14 11:00:00+00:00,1907.58,57.34694785,0.91042196,0.83977566,3.903e-05,0.04381626,0.00038427
2025-09-14 12:00:00+00:00,1815.5,57.05648333,0.9155613,0.8449374,7.955e-05,0.04364745,0.00039996
2025-09-14 13:00:00+00:00,1858.32,57.62336942,0.9190548,0.84589994,0.00010574,0.04388521,0.00042864
2025-09-14 14:00:00+00:00,1878.24,50.22736608,0.9294819,0.86637917,0.00043185,0.03531725,0.00049433
2025-09-14 15:00:00+00:00,1897.625,35.85074944,0.94691008,0.90643278,0.00261074,0.02037474,0.00026854
2025-09-14 16:00:00+00:00,1913.255,55.15514786,0.93119225,0.83918216,0.02205152,0.01935476,0.00046233
2025-09-14 17:00:00+00:00,2013.21,23.29052505,0.96237022,0.94647007,0.00466578,0.00354942,9.538e-05
2025-09-14 18:00:00+00:00,2025.2425,18.69440388,0.96200931,0.95183581,0.00798822,0.00091764,0.00012701
2025-09-14 19:00:00+00:00,1919.57,18.19912738,0.96240408,0.95490397,0.00598626,0.000867,0.00017383
2025-09-14 20:00:00+00:00,1783.2475,18.3441644,0.96147525,0.95918922,0.00012651,0.00109903,0.00033334
2025-09-14 21:00:00+00:00,1673.61,20.08549989,0.95932762,0.95203115,0.00074436,0.00272684,0.00027149
2025-09-14 22:00:00+00:00,1656.18,18.04546656,0.9628472,0.96123133,6.659e-05,0.0001732,0.0003561
2025-09-14 23:00:00+00:00,1571.795,24.92581608,0.95237736,0.92911363,7.091e-05,0.01230987,0.00035997
2025-09-15 00:00:00+00:00,1619.2575,26.34436631,0.94853119,0.9200677,0.00024389,0.01541058,0.00031972
2025-09-15 01:00:00+00:00,1703.48,29.46758378,0.94427852,0.90871642,0.00023328,0.01896118,0.00032701
2025-09-15 02:00:00+00:00,1746.875,31.10545346,0.94279577,0.90389712,0.00032931,0.02029212,0.00033968
2025-09-15 03:00:00+00:00,1902.545,29.51532873,0.94559797,0.91036736,0.00040593,0.01798905,0.00026933
2025-09-15 04:00:00+00:00,2112.795,23.55646591,0.95702447,0.93808457,0.00088323,0.00798631,0.0001531
2025-09-15 05:00:00+00:00,2306.42,27.97555758,0.95283998,0.91620966,0.00739548,0.01408156,0.00024439
2025-09-15 06:00:00+00:00,2286.415,29.41478386,0.95336519,0.91479501,0.00865254,0.01353664,0.000245
2025-09-15 07:00:00+00:00,2356.04,33.5174785,0.95207654,0.91649637,0.00256774,0.01301628,0.0002356
2025-09-15 08:00:00+00:00,2282.875,56.20652306,0.9409618,0.88040852,0.00064349,0.01344984,0.00046681
2025-09-15 09:00:00+00:00,2372.445,54.08427017,0.94148055,0.88585853,0.00037881,0.01273265,0.00042583
2025-09-15 10:00:00+00:00,2329.1,55.10281743,0.94479167,0.88946889,5.367e-05,0.01102223,0.00040475
2025-09-15 11:00:00+00:00,2261.075,57.26429695,0.94263532,0.88451475,0.00011163,0.01222414,0.00045949
2025-09-15 12:00:00+00:00,2277.565,58.82276193,0.94033879,0.87772915,0.00013401,0.01497533,0.0005058
2025-09-15 13:00:00+00:00,2280.555,39.52859632,0.95110152,0.9120417,0.00015199,0.01410969,0.000315
2025-09-15 14:00:00+00:00,2268.93,33.45933102,0.95406813,0.9171527,0.00042366,0.01975908,0.00024814
2025-09-15 15:00:00+00:00,2331.94,29.17677297,0.95773232,0.92163174,0.00226646,0.01945545,0.0002614
2025-09-15 16:00:00+00:00,2255.945,15.39809587,0.9714539,0.96816668,0.0004352,0.00197788,6.714e-05
2025-09-15 17:00:00+00:00,2296.91,15.66930215,0.97537835,0.97264293,0.00013857,0.00185242,8.745e-05
2025-09-15 18:00:00+00:00,2249.355,15.39227442,0.97594098,0.97317478,0.00016231,0.0019488,0.0001036
2025-09-15 19:00:00+00:00,2057.1275,14.47460252,0.97583904,0.97423222,9.76e-06,0.00128436,6.192e-05
2025-09-15 20:00:00+00:00,1851.7225,13.99529883,0.97223623,0.9706485,0.0,0.00140674,3.758e-05
2025-09-15 21:00:00+00:00,1851.1775,20.82721777,0.96640951,0.94702304,0.00094126,0.00954137,0.00020899
2025-09-15 22:00:00+00:00,1801.6025,18.99762014,0.96626479,0.95124808,0.00013089,0.00788723,0.00018293
2025-09-15 23:00:00+00:00,1633.015,22.74525647,0.95985825,0.93357252,0.00024323,0.01417329,0.0003138
2025-09-16 00:00:00+00:00,1537.955,22.93598748,0.95861325,0.93172836,0.00034188,0.01424256,0.00033414
2025-09-16 01:00:00+00:00,1458.91,24.9605944,0.95492108,0.9218581,0.00036708,0.01829317,0.00036034
2025-09-16 02:00:00+00:00,1532.975,24.16997992,0.95571543,0.92499756,0.00038209,0.01683333,0.00033826
2025-09-16 03:00:00+00:00,1641.96,30.56481796,0.95259946,0.9044225,0.00040525,0.0289493,0.0003721
2025-09-16 04:00:00+00:00,1900.81,28.01645581,0.95873521,0.91548754,0.00293989,0.02426707,0.00029801
2025-09-16 05:00:00+00:00,2255.5,21.95901831,0.96517624,0.93813792,0.00424216,0.01496733,0.00014003
2025-09-16 06:00:00+00:00,2370.7,27.31282525,0.96081458,0.92218723,0.00617198,0.01924028,0.00021263
2025-09-16 07:00:00+00:00,2382.265,31.30803239,0.95919416,0.91974877,0.00125386,0.02238113,0.00023422
2025-09-16 08:00:00+00:00,2310.44,31.13432254,0.95790041,0.92250479,0.00084229,0.02081667,0.00021453
2025-09-16 09:00:00+00:00,2330.04,32.40209945,0.95459623,0.91947634,0.00088526,0.02056777,0.00021386
2025-09-16 10:00:00+00:00,2383.89,35.04266838,0.9531963,0.91399703,0.00100904,0.02296368,0.00022705
2025-09-16 11:00:00+00:00,2431.11,36.03694116,0.95472227,0.91535567,0.00081082,0.02210591,0.00023441
2025-09-16 12:00:00+00:00,2350.545,41.313216,0.95133758,0.90651493,0.0007252,0.02024661,0.00030804
2025-09-16 13:00:00+00:00,2273.645,39.23243136,0.95265083,0.90810244,0.00091641,0.02185028,0.00029751
2025-09-16 14:00:00+00:00,2206.62,30.58930861,0.95710056,0.92144006,0.00084336,0.02146869,0.00023498
2025-09-16 15:00:00+00:00,2260.63,27.58375361,0.95747414,0.92370625,0.00289954,0.01769395,0.00025096
2025-09-16 16:00:00+00:00,2085.7125,17.03729319,0.96835223,0.96084915,0.00173534,0.00264079,8.064e-05
2025-09-16 17:00:00+00:00,2268.795,15.64753329,0.97437389,0.97368682,6e-06,0.00029014,6.99e-05
2025-09-16 18:00:00+00:00,2219.785,15.59165998,0.97411992,0.97350023,2.904e-05,0.00029627,4.21e-05
2025-09-16 19:00:00+00:00,2090.605,14.840932,0.97230736,0.97204876,9.62e-06,0.0,5.196e-05
2025-09-16 20:00:00+00:00,1976.3575,14.33486723,0.96993299,0.96928756,0.0,0.00039059,3.608e-05
2025-09-16 21:00:00+00:00,1874.0475,14.78183832,0.96629893,0.96351319,0.0,0.00138005,2.103e-05
2025-09-16 22:00:00+00:00,1671.285,14.64077296,0.96786209,0.96576969,0.0,0.00091195,6.57e-06
2025-09-16 23:00:00+00:00,1609.345,14.52748923,0.9680613,0.96629843,0.0,0.00073205,5.55e-06
2025-09-17 00:00:00+00:00,1631.6725,14.19264842,0.96931504,0.969256,4e-08,2.613e-05,3.6e-07
2025-09-17 01:00:00+00:00,1616.9625,14.52692466,0.97083525,0.97071876,0.0,0.0,2.548e-05
2025-09-17 02:00:00+00:00,1621.3275,14.78212472,0.97070134,0.97054588,0.0,0.0,4.335e-05
2025-09-17 03:00:00+00:00,1652.9525,15.08840942,0.97136301,0.97081418,2.472e-05,0.00020294,8.171e-05
2025-09-17 04:00:00+00:00,1933.675,15.99735152,0.97206081,0.97109601,4.026e-05,0.0001674,0.00016117
2025-09-17 05:00:00+00:00,2139.18,16.86277775,0.97205822,0.97048671,0.0001043,0.00029532,0.00024578
2025-09-17 06:00:00+00:00,2228.5525,18.44779778,0.96881281,0.96606278,7.868e-05,0.00024947,0.00024909
2025-09-17 07:00:00+00:00,2233.905,29.23296947,0.95953295,0.94313552,7.157e-05,0.00098332,0.00031528
2025-09-17 08:00:00+00:00,2287.33,24.94983473,0.96182399,0.9527515,2.342e-05,0.00053747,0.00022842
2025-09-17 09:00:00+00:00,2328.5525,36.43288828,0.95046485,0.92671314,3.423e-05,0.00141122,0.00029164
2025-09-17 10:00:00+00:00,2323.87,50.39140557,0.94172064,0.89264741,0.00015399,0.01173002,0.00040455
2025-09-17 11:00:00+00:00,2261.525,56.32759767,0.93835536,0.87713967,0.00026969,0.01867598,0.00044877
2025-09-17 12:00:00+00:00,2197.02,51.92108604,0.93866567,0.88648592,0.00019615,0.01224889,0.00044631
2025-09-17 13:00:00+00:00,2148.3025,22.34452604,0.95469312,0.94871017,4.46e-06,0.00039799,0.00011595
2025-09-17 14:00:00+00:00,2095.7775,18.03274183,0.96393437,0.96310572,8.35e-06,0.00020685,0.00012152
2025-09-17 15:00:00+00:00,2212.755,17.50872762,0.96761856,0.96654649,4.24e-06,0.00028044,7.941e-05
2025-09-17 16:00:00+00:00,2246.105,16.67265454,0.97027435,0.96940481,0.00010054,0.00038273,8.073e-05
2025-09-17 17:00:00+00:00,2215.775,16.01211177,0.96998357,0.96956122,3.295e-05,8.845e-05,2.643e-05
2025-09-17 18:00:00+00:00,2153.7325,15.65104527,0.97084207,0.97055865,3.273e-05,8.986e-05,1.25e-06
2025-09-17 19:00:00+00:00,2105.58,15.50654064,0.97159287,0.97141083,0.0,0.0,1.46e-05
2025-09-17 20:00:00+00:00,1948.1675,15.26481365,0.97131006,0.97114556,0.0,0.0,2.568e-05
2025-09-17 21:00:00+00:00,1752.205,14.90350865,0.96853496,0.96839877,0.0,0.0,1.935e-05
2025-09-17 22:00:00+00:00,1663.1425,14.94235095,0.97219455,0.97205964,0.0,0.0,2.864e-05
2025-09-17 23:00:00+00:00,1579.0675,15.34111444,0.9726704,0.9715074,2.5e-07,0.00047505,4.149e-05
2025-09-18 00:00:00+00:00,1629.8075,15.26384808,0.97234312,0.97209717,9e-08,3.745e-05,6.082e-05
2025-09-18 01:00:00+00:00,1635.205,15.50283551,0.97203949,0.97182803,2e-07,3.17e-05,3.7e-05
2025-09-18 02:00:00+00:00,1630.43,15.98735722,0.97197706,0.97150452,1.9e-07,0.00013972,5.644e-05
2025-09-18 03:00:00+00:00,1769.0475,16.46342358,0.97129243,0.97062388,5e-08,0.00031339,7.029e-05
2025-09-18 04:00:00+00:00,2053.0125,17.39650502,0.96885252,0.9672534,1.715e-05,0.00063898,4.966e-05
2025-09-18 05:00:00+00:00,2318.8125,17.80543633,0.96817985,0.96681308,0.00027738,0.00068365,7.611e-05
2025-09-18 06:00:00+00:00,2349.9475,18.84270247,0.96456492,0.96258043,0.00034827,0.00060205,0.00013553
2025-09-18 07:00:00+00:00,2383.955,19.61193169,0.9624856,0.9603073,0.00033881,0.00064417,0.00020201
2025-09-18 08:00:00+00:00,2406.925,54.24622199,0.93591723,0.88020456,0.00011911,0.01500407,0.00042362
2025-09-18 09:00:00+00:00,2322.08,61.82588757,0.9305777,0.86295316,0.00043801,0.01975483,0.00051104
2025-09-18 10:00:00+00:00,2195.49,62.88151017,0.9315625,0.86157586,0.00019026,0.02256174,0.00050364
2025-09-18 11:00:00+00:00,2211.365,65.37135824,0.92903037,0.8585363,0.00010667,0.01977672,0.00053308
2025-09-18 12:00:00+00:00,2224.365,66.45194103,0.93012605,0.85680381,2.135e-05,0.01990071,0.00051974
2025-09-18 13:00:00+00:00,2230.965,57.60581137,0.93787031,0.87500794,0.00011645,0.01685282,0.00042846
2025-09-18 14:00:00+00:00,2107.185,21.03257985,0.96176132,0.95197425,3.222e-05,0.00583541,2.805e-05
2025-09-18 15:00:00+00:00,2321.7975,16.55535345,0.96834753,0.96796794,5.21e-06,7.904e-05,5.683e-05
2025-09-18 16:00:00+00:00,2315.6125,16.06306267,0.96831586,0.96806949,1.221e-05,0.0,8.716e-05
2025-09-18 17:00:00+00:00,2265.5975,15.9374693,0.9680686,0.96769196,1.729e-05,0.0,0.00010557
2025-09-18 18:00:00+00:00,2169.8925,15.89669236,0.96872841,0.96838504,2.421e-05,0.0,0.00012547
2025-09-18 19:00:00+00:00,1972.595,15.68907313,0.96904716,0.96868387,2.112e-05,0.0,0.00011735
2025-09-18 20:00:00+00:00,1842.2375,15.37843737,0.96957854,0.9693371,0.0,0.0,5.962e-05
2025-09-18 21:00:00+00:00,1708.49,15.14894229,0.97154874,0.97136223,0.0,0.0,4.306e-05
2025-09-18 22:00:00+00:00,1781.73,14.94551882,0.97392262,0.97373482,0.0,0.0,5.545e-05
2025-09-18 23:00:00+00:00,1760.9025,14.94721313,0.97364778,0.97342361,6e-08,5.148e-05,4.436e-05
2025-09-19 00:00:00+00:00,1649.7575,14.86205266,0.97276911,0.97267204,0.0,0.0,2.911e-05
2025-09-19 01:00:00+00:00,1674.255,14.92697478,0.97159949,0.97146425,0.0,0.0,3.366e-05
2025-09-19 02:00:00+00:00,1692.78,15.13217649,0.97209323,0.97193878,0.0,0.0,4.238e-05
2025-09-19 03:00:00+00:00,1858.64,15.60874836,0.97001847,0.96977259,0.0,0.0,6.747e-05
2025-09-19 04:00:00+00:00,2160.8925,16.28613275,0.97044169,0.96983401,2.513e-05,0.0002108,0.00011409
2025-09-19 05:00:00+00:00,2291.81,16.58380975,0.96993346,0.96958978,3.809e-05,0.0,0.00010969
2025-09-19 06:00:00+00:00,2448.37,17.30323413,0.96765911,0.96728041,2.725e-05,0.0,8.198e-05
2025-09-19 07:00:00+00:00,2574.375,31.05289745,0.95895123,0.94043689,1.742e-05,0.0007123,0.0001959
2025-09-19 08:00:00+00:00,2464.315,36.39629173,0.95431447,0.92956367,7.29e-06,0.00122296,0.00025945
2025-09-19 09:00:00+00:00,2471.3175,49.12684927,0.94659832,0.90246336,5.897e-05,0.00705391,0.00033175
2025-09-19 10:00:00+00:00,2401.23,62.1288454,0.93712535,0.87001593,0.00015666,0.02019291,0.00050811
2025-09-19 11:00:00+00:00,2408.115,69.07083748,0.93034652,0.85310532,4.932e-05,0.02383315,0.0005297
2025-09-19 12:00:00+00:00,2363.355,54.60662671,0.93849977,0.88478731,7.132e-05,0.01333391,0.00042283
2025-09-19 13:00:00+00:00,2294.745,35.8444575,0.94678649,0.91871813,2.551e-05,0.00801472,0.00017848
2025-09-19 14:00:00+00:00,2073.28,17.86801924,0.9599788,0.95942762,1.454e-05,0.0,0.00012616
2025-09-19 15:00:00+00:00,2079.4625,17.32781706,0.96475165,0.96423722,5.93e-05,0.0,0.000164
2025-09-19 16:00:00+00:00,2105.5225,16.67614886,0.96390979,0.9635392,0.0,0.0,8.763e-05
2025-09-19 17:00:00+00:00,2127.8925,16.1512877,0.96399411,0.96357979,0.0,0.0,7.227e-05
2025-09-19 18:00:00+00:00,2080.985,15.32785488,0.96466415,0.96446733,0.0,0.0,2.748e-05
2025-09-19 19:00:00+00:00,1957.33,14.75026854,0.96659083,0.96645081,0.0,0.0,0.0
2025-09-19 20:00:00+00:00,1848.5475,14.49828544,0.96775223,0.9675937,0.0,0.0,2.049e-05
2025-09-19 21:00:00+00:00,1704.82,14.28614093,0.97094306,0.97085927,0.0,0.0,0.0
2025-09-19 22:00:00+00:00,1602.955,13.87463965,0.97170088,0.97160113,0.0,0.0,0.0
2025-09-19 23:00:00+00:00,1567.4775,13.80836814,0.96966308,0.9695741,0.0,0.0,0.0
2025-09-20 00:00:00+00:00,1556.9525,13.92378438,0.97004961,0.97000909,0.0,0.0,0.0
2025-09-20 01:00:00+00:00,1452.23,13.85229394,0.96849208,0.96842301,0.0,0.0,0.0
2025-09-20 02:00:00+00:00,1530.58,14.05139199,0.9692487,0.96900295,0.0,0.00017267,8.26e-06
2025-09-20 03:00:00+00:00,1600.9825,14.46559842,0.9683905,0.96727875,0.0,0.00085015,7.955e-05
2025-09-20 04:00:00+00:00,1603.7575,14.85943986,0.96770443,0.9661376,0.0,0.00127772,0.00010686
2025-09-20 05:00:00+00:00,1696.57,15.45075511,0.96667995,0.9658671,0.0,0.00034186,0.00010386
2025-09-20 06:00:00+00:00,1798.4975,16.65291879,0.96284257,0.96082637,0.0,0.00139992,0.00014729
2025-09-20 07:00:00+00:00,1936.035,18.20950357,0.95652304,0.95523757,0.0,0.0006018,9.932e-05
2025-09-20 08:00:00+00:00,1928.72,23.04747545,0.94572244,0.94152963,0.0,0.00013781,8.437e-05
2025-09-20 09:00:00+00:00,1799.495,58.95850067,0.91894511,0.86827971,1.223e-05,0.0097573,0.0005896
2025-09-20 10:00:00+00:00,1770.715,70.16798562,0.90999569,0.84387957,2.062e-05,0.01677578,0.00069007
2025-09-20 11:00:00+00:00,1831.97,67.3457427,0.90962498,0.84793848,3.288e-05,0.01490895,0.00068575
2025-09-20 12:00:00+00:00,1774.87,74.7924184,0.90751168,0.8328956,4.859e-05,0.02092609,0.00075911
2025-09-20 13:00:00+00:00,1683.005,51.47194074,0.92139262,0.87719828,5.231e-05,0.01126642,0.00054906
2025-09-20 14:00:00+00:00,1834.885,18.71153369,0.95310454,0.95276291,0.0,0.0,0.0
2025-09-20 15:00:00+00:00,1871.5425,17.38838598,0.96389137,0.96360534,0.0,0.0,2.777e-05
2025-09-20 16:00:00+00:00,1884.24,16.62714738,0.96947733,0.96923199,0.0,0.0,4.548e-05
2025-09-20 17:00:00+00:00,1846.0375,16.36526833,0.96970581,0.96945582,0.0,0.0,1.721e-05
2025-09-20 18:00:00+00:00,1665.3575,15.90915295,0.96789579,0.96773564,0.0,0.0,0.0
2025-09-20 19:00:00+00:00,1650.4825,16.97273252,0.96573299,0.96001632,0.00276189,0.00023224,1.653e-05
2025-09-20 20:00:00+00:00,1839.365,16.15833904,0.96799818,0.96773533,0.0,0.0,4.527e-05
2025-09-20 21:00:00+00:00,1718.3275,16.22247173,0.96580304,0.96552573,0.0,0.0,3.997e-05
2025-09-20 22:00:00+00:00,1544.3775,15.74881444,0.96393921,0.96379203,0.0,0.0,3.32e-06
2025-09-20 23:00:00+00:00,1529.95,15.32290693,0.96531935,0.96523575,0.0,0.0,8e-07
2025-09-21 00:00:00+00:00,1504.7775,17.50401993,0.96512859,0.96144804,3.78e-06,0.00048789,4.123e-05
2025-09-21 01:00:00+00:00,1499.285,16.51373569,0.9617509,0.95941909,1.98e-06,0.00014725,2.368e-05
2025-09-21 02:00:00+00:00,1541.925,33.85565033,0.9516381,0.92418353,0.00017163,0.00182122,0.00027716
2025-09-21 03:00:00+00:00,1463.525,32.44344124,0.95379954,0.92730609,0.00077434,0.00197622,0.00029039
2025-09-21 04:00:00+00:00,1479.735,14.75193051,0.96624615,0.96617596,0.0,0.0,0.0
2025-09-21 05:00:00+00:00,1480.48,14.77843119,0.96659279,0.96586818,3.2e-07,0.00032523,4.47e-06
2025-09-21 06:00:00+00:00,1696.2875,17.38004504,0.96137751,0.95596226,2.59e-05,0.00246416,5.814e-05
2025-09-21 07:00:00+00:00,1846.98,41.13261194,0.94715652,0.91345122,1e-05,0.00192755,0.000352
2025-09-21 08:00:00+00:00,1889.69,54.78466263,0.9374675,0.88324427,0.0003534,0.00956985,0.00057941
2025-09-21 09:00:00+00:00,1896.3875,51.55293406,0.93749485,0.89214714,0.00012212,0.00572356,0.00050027
2025-09-21 10:00:00+00:00,1983.905,54.62421287,0.93386569,0.88310948,0.00031254,0.00981125,0.0006129
2025-09-21 11:00:00+00:00,1941.3075,52.26175902,0.93345663,0.88817316,0.0002279,0.00673912,0.00055993
2025-09-21 12:00:00+00:00,1888.75,41.65731667,0.94197632,0.9119963,0.0,0.00179333,0.00034397
2025-09-21 13:00:00+00:00,1886.4025,20.76347815,0.95790002,0.95233401,0.0,0.00070568,0.00010796
2025-09-21 14:00:00+00:00,1963.465,15.92739277,0.9672299,0.96639527,0.0,0.00037365,6.542e-05
2025-09-21 15:00:00+00:00,2025.19,15.01893287,0.97229144,0.97049067,0.0,0.00143135,6.55e-05
2025-09-21 16:00:00+00:00,2089.8175,14.48721949,0.973714,0.97104457,0.0,0.00241925,6.112e-05
2025-09-21 17:00:00+00:00,2159.3,14.49735414,0.97376324,0.97098104,0.0,0.00249768,5.223e-05
2025-09-21 18:00:00+00:00,1939.6275,14.14753866,0.97288109,0.9705198,0.0,0.00216486,3.383e-05
2025-09-21 19:00:00+00:00,1877.1775,14.31724413,0.97354503,0.97106028,0.0,0.00221873,4.92e-05
2025-09-21 20:00:00+00:00,1769.875,14.45923951,0.97245913,0.96981008,0.0,0.00234243,6.889e-05
2025-09-21 21:00:00+00:00,1706.15,14.49448188,0.97250978,0.96963969,0.0,0.00257364,7.554e-05
2025-09-21 22:00:00+00:00,1689.9075,13.86856246,0.96952147,0.96765436,0.0,0.00160478,5.213e-05
2025-09-21 23:00:00+00:00,1650.635,13.79341324,0.96971522,0.96823325,0.0,0.00136837,1.968e-05
2025-09-22 00:00:00+00:00,1634.1775,13.88977957,0.97023559,0.9683041,0.0,0.00185044,2.389e-05
2025-09-22 01:00:00+00:00,1582.805,13.98186105,0.96980317,0.96748573,0.0,0.0021909,2.801e-05
2025-09-22 02:00:00+00:00,1561.535,14.08652663,0.96909815,0.96625345,0.0,0.00269718,3.397e-05
2025-09-22 03:00:00+00:00,1701.3725,14.20572192,0.97133117,0.9687117,0.0,0.0023304,7.332e-05
2025-09-22 04:00:00+00:00,2033.4825,14.39021729,0.97284341,0.97016233,0.0,0.00226302,0.00011891
2025-09-22 05:00:00+00:00,2279.98,14.74453144,0.97076312,0.96809406,0.0,0.00224645,9.693e-05
2025-09-22 06:00:00+00:00,2455.3775,15.93223867,0.96734856,0.96454399,1.475e-05,0.00219814,0.00012566
2025-09-22 07:00:00+00:00,2431.5,17.26146655,0.96383326,0.96126727,0.0,0.00200387,0.00010747
2025-09-22 08:00:00+00:00,2254.3875,18.47477793,0.95899002,0.95681501,0.0,0.00172518,7.131e-05
2025-09-22 09:00:00+00:00,2248.6125,19.25812859,0.95840746,0.95632816,0.0,0.00156396,7.188e-05
2025-09-22 10:00:00+00:00,2308.8675,19.53174352,0.96131363,0.95934901,1e-08,0.00162276,5.624e-05
2025-09-22 11:00:00+00:00,2224.49,19.68473365,0.96031412,0.95841586,0.0,0.00148165,8.946e-05
2025-09-22 12:00:00+00:00,2109.92,19.3384653,0.96286596,0.96093943,0.0,0.00150749,9.173e-05
2025-09-22 13:00:00+00:00,2098.035,18.16491944,0.96550025,0.96351919,0.0,0.00169259,8.196e-05
2025-09-22 14:00:00+00:00,2117.035,16.77803493,0.9680321,0.96589724,0.0,0.00173222,0.0001196
2025-09-22 15:00:00+00:00,2292.35,15.63412859,0.97164794,0.96912364,0.0,0.00208597,0.00016734
2025-09-22 16:00:00+00:00,2352.385,15.12410041,0.97458448,0.97190125,0.0,0.00220497,0.00019586
2025-09-22 17:00:00+00:00,2428.29,15.01366082,0.97258846,0.96999192,0.0,0.00228485,0.00012789
2025-09-22 18:00:00+00:00,2315.5725,15.15032677,0.97167662,0.9689597,0.0,0.00221407,0.00019558
2025-09-22 19:00:00+00:00,2200.8275,14.81392054,0.97241124,0.96973298,0.0,0.00221965,0.00018597
2025-09-22 20:00:00+00:00,2145.9675,14.96930374,0.97349474,0.97063402,0.0,0.00244932,0.00018597
2025-09-22 21:00:00+00:00,1961.9925,14.92393854,0.9745753,0.97177626,0.0,0.00245138,0.00014865
2025-09-22 22:00:00+00:00,1917.0475,14.94521623,0.97525546,0.97238725,0.0,0.00265746,0.00012617
2025-09-22 23:00:00+00:00,1847.265,15.18353267,0.97287735,0.96932059,0.0,0.0031962,0.00018656
2025-09-23 00:00:00+00:00,1829.795,15.23350055,0.97261397,0.96919308,0.0,0.00308141,0.0001856
2025-09-23 01:00:00+00:00,1777.605,15.35356916,0.97139958,0.96809418,0.0,0.00291574,0.00020248
2025-09-23 02:00:00+00:00,1805.5675,15.38508957,0.9677503,0.96422614,0.0,0.00317555,0.00019667
2025-09-23 03:00:00+00:00,1902.7675,15.61312875,0.96181357,0.95826493,0.0,0.00292543,0.00025843
2025-09-23 04:00:00+00:00,2198.035,15.84666233,0.96044588,0.95725853,0.0,0.00273338,0.00020429
2025-09-23 05:00:00+00:00,2430.5925,16.74895105,0.96010402,0.95631125,0.00045657,0.00271021,0.00019713
2025-09-23 06:00:00+00:00,2445.32,17.89364836,0.9557365,0.95270349,0.00042126,0.00218122,9.236e-05
2025-09-23 07:00:00+00:00,2386.95,19.42003543,0.94978567,0.94772387,0.0,0.00160154,4.172e-05
2025-09-23 08:00:00+00:00,2302.7275,22.26035011,0.9440787,0.94036055,0.0,0.00078216,4.081e-05
2025-09-23 09:00:00+00:00,2249.06,26.34941336,0.94283045,0.93485738,0.0,0.00139418,3.886e-05
2025-09-23 10:00:00+00:00,2209.2325,28.11565309,0.94274585,0.93276954,0.0,0.00192857,5.535e-05
2025-09-23 11:00:00+00:00,2163.6525,28.14139863,0.94315287,0.93294667,0.0,0.00260541,8.324e-05
2025-09-23 12:00:00+00:00,2186.1325,23.42905145,0.94559077,0.94276931,0.0,0.00208276,6.781e-05
2025-09-23 13:00:00+00:00,2202.515,21.67787848,0.94879972,0.94579683,0.0,0.00227931,7.517e-05
2025-09-23 14:00:00+00:00,2214.3975,19.75028029,0.9463468,0.94315187,0.0,0.00246276,6.568e-05
2025-09-23 15:00:00+00:00,2358.2775,18.15907299,0.95157917,0.94780346,0.00047363,0.00279009,6.023e-05
2025-09-23 16:00:00+00:00,2377.3625,16.99124679,0.9584997,0.95430564,0.00125054,0.00270222,3.403e-05
2025-09-23 17:00:00+00:00,2435.3925,16.60854187,0.96093256,0.95710234,0.0009063,0.00269386,3.147e-05
2025-09-23 18:00:00+00:00,2358.87,16.40275317,0.96190873,0.95832748,0.0005404,0.00280029,3.42e-05
2025-09-23 19:00:00+00:00,2191.58,16.39648909,0.96548041,0.96169512,0.00022858,0.00290338,0.00015954
2025-09-23 20:00:00+00:00,2144.0375,16.2340332,0.96674004,0.96299787,0.0,0.0030533,0.00016945
2025-09-23 21:00:00+00:00,2052.4725,16.400026,0.96813484,0.96399749,0.0,0.00327839,0.00022819
2025-09-23 22:00:00+00:00,1875.0575,16.33352136,0.9636734,0.96071971,2.26e-06,0.00205059,0.0002415
2025-09-23 23:00:00+00:00,1824.0825,16.25838993,0.96404846,0.96182845,5.707e-05,0.00136585,0.00022496
2025-09-24 00:00:00+00:00,1889.27,16.33725695,0.96572055,0.96351723,2.442e-05,0.00131164,0.00029808
2025-09-24 01:00:00+00:00,1914.8275,16.31115041,0.96480346,0.96309753,3.271e-05,0.00085381,0.00021332
2025-09-24 02:00:00+00:00,1963.7025,16.42572904,0.96059388,0.95835333,2.042e-05,0.00130137,0.00028523
2025-09-24 03:00:00+00:00,2128.275,16.48051371,0.9580156,0.95608709,2.746e-05,0.00093002,0.000313
2025-09-24 04:00:00+00:00,2476.3825,16.75011089,0.95606498,0.95369193,0.0,0.00172935,0.00021391
2025-09-24 05:00:00+00:00,2720.67,17.25885733,0.95526878,0.95255105,0.00018756,0.0018911,0.00023196
2025-09-24 06:00:00+00:00,2601.165,18.27798173,0.94829136,0.94671279,0.0,0.00084519,0.00019125
2025-09-24 07:00:00+00:00,2472.1125,20.34715167,0.94379159,0.94297523,4.07e-06,0.0,0.00016106
2025-09-24 08:00:00+00:00,2387.18,33.0061011,0.93174796,0.91436722,5.31e-06,0.00141302,0.00013666
2025-09-24 09:00:00+00:00,2279.65,30.67793228,0.9313881,0.91974181,6e-07,0.00093251,0.00011077
2025-09-24 10:00:00+00:00,2214.225,39.43944137,0.91722017,0.89459493,0.00017292,0.00381152,0.00013699
2025-09-24 11:00:00+00:00,2248.235,46.55716303,0.90360474,0.86131669,0.00047718,0.02355249,0.0002756
2025-09-24 12:00:00+00:00,2189.4325,48.88453302,0.90042749,0.85370536,0.00016516,0.02282085,0.0002974
2025-09-24 13:00:00+00:00,2158.235,40.7612894,0.91059054,0.87855227,0.00012094,0.01009537,0.00028568
2025-09-24 14:00:00+00:00,2122.7575,24.67614357,0.92890619,0.92118002,0.0001942,0.00287274,0.0001648
2025-09-24 15:00:00+00:00,2266.0975,30.11007899,0.9202609,0.89344665,0.00259613,0.00958682,0.00027391
2025-09-24 16:00:00+00:00,2325.6525,31.23323742,0.92314282,0.88595925,0.00781419,0.01087029,0.0002176
2025-09-24 17:00:00+00:00,2391.6125,30.1729015,0.92670098,0.88868182,0.0098596,0.01048879,0.00018531
2025-09-24 18:00:00+00:00,2264.4625,19.2697248,0.93942529,0.93355153,0.00076187,0.00184489,3.433e-05
2025-09-24 19:00:00+00:00,2123.005,21.68423376,0.93340584,0.92109455,0.00042063,0.00465612,9.15e-05
2025-09-24 20:00:00+00:00,2032.045,16.84981442,0.94742192,0.94649502,3.304e-05,0.0002863,2.711e-05
2025-09-24 21:00:00+00:00,1965.99,16.5749843,0.94868032,0.94834649,0.0,0.0,6.175e-05
2025-09-24 22:00:00+00:00,1909.6875,16.36629778,0.94750387,0.94687826,0.0,0.0,0.00013172
2025-09-24 23:00:00+00:00,1891.885,16.41366237,0.9546676,0.95402283,0.0,0.0,0.00014807
2025-09-25 00:00:00+00:00,1909.0125,16.29248905,0.95445617,0.95387128,0.0,0.0,0.0001589
2025-09-25 01:00:00+00:00,1929.6275,16.297056,0.94879857,0.94816027,0.0,0.0,0.00015874
2025-09-25 02:00:00+00:00,1943.29,16.42366513,0.9481826,0.94754762,0.0,0.0,0.00015173
2025-09-25 03:00:00+00:00,2061.205,19.17117731,0.93522914,0.926548,5.01e-06,0.00638567,8.462e-05
2025-09-25 04:00:00+00:00,2412.03,33.66304591,0.91133796,0.86274389,0.00275478,0.02907583,0.00017928
2025-09-25 05:00:00+00:00,2622.23,36.82785601,0.90780298,0.84407505,0.01044298,0.03230912,0.00023157
2025-09-25 06:00:00+00:00,2560.56,30.90370175,0.91032557,0.87115614,0.00633948,0.02123294,0.00010828
2025-09-25 07:00:00+00:00,2401.6775,22.88650903,0.91459899,0.90974188,0.00107396,0.00121884,5.62e-05
2025-09-25 08:00:00+00:00,2349.72,25.83066231,0.91187618,0.90793759,1.085e-05,0.00108979,6.63e-05
2025-09-25 09:00:00+00:00,2262.985,31.2352895,0.91547402,0.90528346,1.418e-05,0.00214286,0.00012689
2025-09-25 10:00:00+00:00,2207.9775,33.57097053,0.89641396,0.88543345,4.2e-07,0.00228016,0.00011288
2025-09-25 11:00:00+00:00,2216.25,42.05441306,0.870447,0.8357488,0.00017031,0.01911613,0.00023105
2025-09-25 12:00:00+00:00,2163.0,43.17717925,0.84009393,0.80147531,0.00060604,0.0200058,0.00025145
2025-09-25 13:00:00+00:00,2199.6,28.69467646,0.8652117,0.84949233,8.81e-05,0.01218739,0.0001006
2025-09-25 14:00:00+00:00,2154.955,20.95668363,0.87354434,0.87296961,0.0,0.0,6.117e-05
2025-09-25 15:00:00+00:00,2279.6675,19.0683416,0.88976549,0.88930474,0.0,0.0,7.585e-05
2025-09-25 16:00:00+00:00,2401.56,17.8890848,0.9370397,0.9355592,0.0,0.00126207,0.00017969
2025-09-25 17:00:00+00:00,2469.955,17.62716314,0.94005463,0.93805031,0.0,0.00176102,0.00024834
2025-09-25 18:00:00+00:00,2371.2325,17.44872794,0.94335841,0.94114591,6.794e-05,0.00188806,0.00023964
2025-09-25 19:00:00+00:00,2231.505,17.19155197,0.94518224,0.94341973,0.0,0.0015435,0.00012652
2025-09-25 20:00:00+00:00,2121.9075,16.92458329,0.94930422,0.94791452,0.0,0.00110283,8.594e-05
2025-09-25 21:00:00+00:00,1979.3775,16.78803461,0.95363487,0.95250191,0.0,0.00065652,0.00012919
2025-09-25 22:00:00+00:00,1933.6925,17.01679689,0.95794087,0.95624117,0.0,0.00092197,0.00017182
2025-09-25 23:00:00+00:00,1857.2275,17.05498484,0.95751598,0.95572254,0.0,0.00101213,0.0001872
2025-09-26 00:00:00+00:00,1853.385,17.11408465,0.95633286,0.95477846,0.0,0.00082982,0.00018992
2025-09-26 01:00:00+00:00,1834.685,17.06165917,0.95492132,0.954034,0.0,0.00017314,0.00017583
2025-09-26 02:00:00+00:00,1872.3075,17.23465758,0.95164745,0.95084249,0.0,0.0,0.00018824
2025-09-26 03:00:00+00:00,1945.9625,17.31886337,0.94178118,0.94130285,0.0,0.0,0.00010293
2025-09-26 04:00:00+00:00,2259.47,25.85539949,0.93217915,0.90432184,0.00025737,0.02217464,9.638e-05
2025-09-26 05:00:00+00:00,2457.87,40.03892805,0.91502431,0.85332199,0.00779071,0.0264496,0.00022228
2025-09-26 06:00:00+00:00,2413.98,20.99911761,0.92806072,0.92208882,0.00197479,0.00113086,2.237e-05
2025-09-26 07:00:00+00:00,2429.34,20.90782644,0.93268007,0.93165385,0.00075466,1e-08,1.92e-06
2025-09-26 08:00:00+00:00,2397.455,22.43164602,0.93556909,0.93477714,0.00045522,1e-08,4.53e-06
2025-09-26 09:00:00+00:00,2440.665,23.36796806,0.93723623,0.93671015,0.00014422,1e-08,2.34e-06
2025-09-26 10:00:00+00:00,2358.97,23.70417307,0.93815176,0.93771608,0.0,0.0,0.0
2025-09-26 11:00:00+00:00,2312.6,23.7778823,0.93674413,0.93628853,0.0,0.0,0.0
2025-09-26 12:00:00+00:00,2197.5925,23.4311427,0.93884232,0.93840137,0.0,0.0,0.0
2025-09-26 13:00:00+00:00,2097.6525,22.49626993,0.94260665,0.94221406,0.0,0.0,0.0
2025-09-26 14:00:00+00:00,2090.2475,20.91926041,0.94252204,0.94217158,0.0,0.0,0.0
2025-09-26 15:00:00+00:00,2182.845,19.15114607,0.94367841,0.94286969,0.0,0.0,0.00019407
2025-09-26 16:00:00+00:00,2290.8425,18.30615615,0.95012306,0.94892093,0.00040433,0.0,0.00019285
2025-09-26 17:00:00+00:00,2233.59,17.96523821,0.95294288,0.9516818,0.00048953,0.0,0.00018542
2025-09-26 18:00:00+00:00,2064.2,17.66092132,0.95291183,0.95208803,7.903e-05,0.0,0.00017429
2025-09-26 19:00:00+00:00,1953.145,17.4670409,0.95317382,0.95238936,0.0,0.0,0.00020027
2025-09-26 20:00:00+00:00,1907.615,17.36025401,0.95631344,0.9554081,0.0,0.0,0.00024463
2025-09-26 21:00:00+00:00,1875.5625,17.48184523,0.96007553,0.95913357,0.0,0.0,0.00024787
2025-09-26 22:00:00+00:00,1784.6475,17.84685165,0.96294993,0.96172639,0.0,0.0,0.00032275
2025-09-26 23:00:00+00:00,1730.525,18.0285353,0.96268327,0.96157138,0.0,0.0,0.00031339
2025-09-27 00:00:00+00:00,1665.895,18.18978408,0.96202055,0.96084493,0.0,0.0,0.00032592
2025-09-27 01:00:00+00:00,1622.0275,18.28060866,0.96176462,0.96059339,0.0,0.0,0.00033011
2025-09-27 02:00:00+00:00,1611.295,18.25649964,0.96064142,0.95942862,0.0,0.0,0.000303
2025-09-27 03:00:00+00:00,1683.91,18.28429805,0.96061478,0.95943952,0.0,0.0,0.00030543
2025-09-27 04:00:00+00:00,1763.275,18.10419902,0.95858242,0.9574631,0.0,0.0,0.00026859
2025-09-27 05:00:00+00:00,1732.3475,18.07542695,0.95587078,0.95490302,0.0,0.0,0.00021464
2025-09-27 06:00:00+00:00,1801.8725,19.17796163,0.95220294,0.95132479,0.0,0.0,0.00018324
2025-09-27 07:00:00+00:00,1912.4875,20.91975717,0.94610274,0.94517661,0.0,0.0,0.00017749
2025-09-27 08:00:00+00:00,1882.1225,22.22473564,0.94298958,0.94219844,0.0,0.0,0.00012056
2025-09-27 09:00:00+00:00,1800.5175,23.28775607,0.9399083,0.93899613,0.0,0.0,0.00013609
2025-09-27 10:00:00+00:00,1758.96,23.98858303,0.93731677,0.93634427,0.0,0.0,0.0001246
2025-09-27 11:00:00+00:00,1737.565,24.34134161,0.93431275,0.93336219,0.0,0.0,0.00012001
2025-09-27 12:00:00+00:00,1713.705,23.50474436,0.9375149,0.93645269,0.0,0.0,0.0001529
2025-09-27 13:00:00+00:00,1730.5525,22.05123088,0.94231388,0.94123054,0.0,0.0,0.00017563
2025-09-27 14:00:00+00:00,1774.2475,20.43685532,0.94481601,0.94373083,0.0,0.0,0.00020432
2025-09-27 15:00:00+00:00,1936.9,18.81007787,0.9525588,0.95211818,0.0,0.0,8.064e-05
2025-09-27 16:00:00+00:00,2028.5425,17.89906099,0.95488308,0.95449241,0.00010009,0.0,4.365e-05
2025-09-27 17:00:00+00:00,1971.2575,17.48432156,0.95368753,0.95336636,6.326e-05,0.0,3.734e-05
2025-09-27 18:00:00+00:00,1971.205,17.21789502,0.95285871,0.95222443,0.0,0.0,0.00014082
2025-09-27 19:00:00+00:00,1894.9275,17.12251124,0.9542996,0.95337166,0.0,0.0,0.00022985
2025-09-27 20:00:00+00:00,1822.4575,16.94493243,0.95645982,0.95542866,0.0,0.0,0.00025194
2025-09-27 21:00:00+00:00,1727.1375,16.75453352,0.95643393,0.95551859,0.0,0.0,0.00018137
2025-09-27 22:00:00+00:00,1723.7,16.99463496,0.96054855,0.95938538,0.0,0.0,0.0002871
2025-09-27 23:00:00+00:00,1686.825,16.95521173,0.95916571,0.95800952,0.0,0.0,0.00031219
2025-09-28 00:00:00+00:00,1694.1925,17.05425668,0.95904765,0.95783208,6.43e-06,0.0,0.0003439
2025-09-28 01:00:00+00:00,1718.265,17.29755856,0.95892312,0.957549,1.024e-05,0.0,0.00037562
2025-09-28 02:00:00+00:00,1704.6,17.48434042,0.95935658,0.95790553,5.57e-06,0.0,0.0004118
2025-09-28 03:00:00+00:00,1676.71,17.58034214,0.95954066,0.95807591,1.621e-05,0.0,0.00043987
2025-09-28 04:00:00+00:00,1715.105,17.55233108,0.96006681,0.95866559,1.28e-05,0.0,0.00040498
2025-09-28 05:00:00+00:00,1738.69,17.47852249,0.9607217,0.95940739,4.05e-06,0.0,0.00035102
2025-09-28 06:00:00+00:00,1784.34,18.1850843,0.95673085,0.95532,2.621e-05,0.0,0.00034097
2025-09-28 07:00:00+00:00,1804.4625,19.28883686,0.95209028,0.95066899,1.844e-05,0.0,0.00030159
2025-09-28 08:00:00+00:00,1803.015,20.67584672,0.94800446,0.94659109,2.181e-05,0.0,0.00034623
2025-09-28 09:00:00+00:00,1866.12,21.7766068,0.94721067,0.94546678,1.545e-05,2.415e-05,0.00029822
2025-09-28 10:00:00+00:00,1898.2025,31.34649994,0.93563413,0.91888517,5.403e-05,0.00103494,0.00021788
2025-09-28 11:00:00+00:00,1895.22,24.43417136,0.93103561,0.92677265,7.1e-07,0.00164299,0.00017003
2025-09-28 12:00:00+00:00,1877.03,22.11780754,0.93730729,0.93599441,0.0,0.0,0.00018397
2025-09-28 13:00:00+00:00,1943.6625,20.59059897,0.95131887,0.94979365,2.531e-05,0.0,0.00036424
2025-09-28 14:00:00+00:00,1999.26,19.53618661,0.95270233,0.95132949,0.0,0.0,0.00028076
2025-09-28 15:00:00+00:00,2027.7,18.09640364,0.95693101,0.95612762,0.0,0.0,0.00016744
2025-09-28 16:00:00+00:00,2076.325,16.88973784,0.95966189,0.95937612,0.0,0.0,3.239e-05
2025-09-28 17:00:00+00:00,2123.2075,16.43005031,0.96149921,0.9613217,0.0,0.0,0.0
2025-09-28 18:00:00+00:00,2072.1325,15.74078512,0.96073316,0.96043327,0.0,0.0,4.617e-05
2025-09-28 19:00:00+00:00,2054.0825,15.46163579,0.96227229,0.96154106,0.0,0.0,0.00016001
2025-09-28 20:00:00+00:00,1914.095,15.90255333,0.95985202,0.95787817,0.0,0.00011519,0.00019237
2025-09-28 21:00:00+00:00,1752.895,15.90691855,0.95822304,0.9561915,0.0,0.00016999,0.00010231
2025-09-28 22:00:00+00:00,1695.025,15.44917161,0.96014711,0.95878079,0.0,0.00050038,0.00020926
2025-09-28 23:00:00+00:00,1647.5925,15.47891509,0.95942967,0.95784531,0.0,0.00064393,0.00025713
2025-09-29 00:00:00+00:00,1614.2725,15.36695415,0.95925856,0.95829711,0.0,4.754e-05,0.00025671
2025-09-29 01:00:00+00:00,1643.985,15.50051247,0.95764523,0.95671235,0.0,0.0,0.00025712
2025-09-29 02:00:00+00:00,1616.2375,15.72431883,0.95655938,0.95552664,0.0,0.0,0.00028172
2025-09-29 03:00:00+00:00,1788.6625,15.87857838,0.95646181,0.95550254,0.0,0.0,0.00026213
2025-09-29 04:00:00+00:00,2130.0825,15.93399259,0.95675628,0.95663696,0.0,0.0,0.0
2025-09-29 05:00:00+00:00,2316.0875,16.16857572,0.95514482,0.9549718,0.0,0.0,0.0
2025-09-29 06:00:00+00:00,2424.4,16.85545709,0.95190878,0.95166572,0.0,0.0,0.0
2025-09-29 07:00:00+00:00,2315.59,18.20540998,0.94840694,0.94796722,0.0,0.0,2.321e-05
2025-09-29 08:00:00+00:00,2546.515,19.19640405,0.94860322,0.94773176,0.0,0.00010975,8.71e-05
2025-09-29 09:00:00+00:00,2501.9525,19.66910917,0.94742922,0.94675509,0.0,0.0,4.877e-05
2025-09-29 10:00:00+00:00,2481.905,20.26376083,0.94731078,0.94635651,0.0,0.0,0.00011549
2025-09-29 11:00:00+00:00,2515.895,20.28638704,0.94641302,0.94548848,0.0,0.0,0.00011073
2025-09-29 12:00:00+00:00,2272.7525,20.45940059,0.94424982,0.94335786,0.0,0.0,8.775e-05
2025-09-29 13:00:00+00:00,2273.745,19.25852144,0.94778827,0.9471745,0.0,0.0,4.174e-05
2025-09-29 14:00:00+00:00,2206.24,18.10210408,0.94756677,0.94716274,0.0,0.0,1.743e-05
2025-09-29 15:00:00+00:00,2333.2125,17.41038565,0.9526266,0.9522145,0.00017843,0.0,2.074e-05
2025-09-29 16:00:00+00:00,2254.8075,17.08203214,0.95635299,0.95562104,0.00053331,0.0,0.0
2025-09-29 17:00:00+00:00,2243.3275,17.04104565,0.9588225,0.95808735,0.00054447,0.0,0.0
2025-09-29 18:00:00+00:00,2174.5775,16.65661507,0.95767692,0.95748922,5.831e-05,0.0,0.0
2025-09-29 19:00:00+00:00,2048.875,16.43532526,0.96019794,0.96007031,0.0,0.0,0.0
2025-09-29 20:00:00+00:00,1946.165,16.25267927,0.96433257,0.96421568,0.0,0.0,0.0
2025-09-29 21:00:00+00:00,1781.7825,16.18831463,0.96240774,0.96185196,0.0,0.0,0.00014126
2025-09-29 22:00:00+00:00,1722.56,16.48311839,0.96400181,0.96291206,0.0,0.00028213,0.00021794
2025-09-29 23:00:00+00:00,1740.88,16.70375519,0.9623871,0.96089068,0.0,0.00057955,0.00025428
2025-09-30 00:00:00+00:00,1744.4275,16.66665051,0.96007915,0.95870313,0.0,0.00043368,0.00028364
2025-09-30 01:00:00+00:00,1691.605,16.67214209,0.95933278,0.95835315,0.0,0.0,0.00029219
2025-09-30 02:00:00+00:00,1696.725,16.71412316,0.9587281,0.95785873,0.0,0.0,0.00024186
2025-09-30 03:00:00+00:00,1825.105,16.95973397,0.95656031,0.95601732,0.0,0.0,0.00013911
2025-09-30 04:00:00+00:00,2161.225,17.36290574,0.95536182,0.95513251,5.122e-05,0.0,1.734e-05
2025-09-30 05:00:00+00:00,2304.9925,17.80502278,0.95187195,0.95143433,0.00025013,0.0,0.0
2025-09-30 06:00:00+00:00,2318.46,18.64118914,0.94676793,0.94620022,0.00017228,0.0,4.27e-05
2025-09-30 07:00:00+00:00,2258.2375,20.4865686,0.94129316,0.94037665,0.00018992,0.0,9.761e-05
2025-09-30 08:00:00+00:00,2182.555,21.89452241,0.92982682,0.9289033,1.3e-07,2.67e-06,9.565e-05
2025-09-30 09:00:00+00:00,2207.11,22.75439262,0.92591442,0.92483374,4e-08,2.47e-06,0.00011559
2025-09-30 10:00:00+00:00,2232.8525,23.22953872,0.92495927,0.92381698,1e-08,2.54e-06,0.00013795
2025-09-30 11:00:00+00:00,2258.855,22.89852892,0.9153088,0.91433508,0.0,3e-08,0.00010547
2025-09-30 12:00:00+00:00,2290.485,22.47191806,0.90721652,0.90617253,0.0,3e-08,0.00010881
2025-09-30 13:00:00+00:00,2283.91,21.74022506,0.86935345,0.86866021,0.0,2e-08,6.297e-05
2025-09-30 14:00:00+00:00,2375.0475,20.21873207,0.82940761,0.82888972,3.336e-05,0.0,4.715e-05
2025-09-30 15:00:00+00:00,2414.37,19.16547749,0.83025953,0.82984212,0.00026434,0.0,0.0
2025-09-30 16:00:00+00:00,2397.4025,18.46406223,0.83231389,0.83144977,0.00069113,0.0,0.0
2025-09-30 17:00:00+00:00,2467.4875,18.02073335,0.83904474,0.83802331,0.0008025,0.0,0.0
2025-09-30 18:00:00+00:00,2365.6575,17.59225434,0.84694016,0.84669694,0.00012464,0.0,0.0
2025-09-30 19:00:00+00:00,2200.2,17.20183745,0.88287321,0.88270784,4.104e-05,0.0,0.0
2025-09-30 20:00:00+00:00,2092.8475,17.11674266,0.94928702,0.94917168,0.0,0.0,0.0
2025-09-30 21:00:00+00:00,1952.04,16.99760574,0.95456812,0.95448701,0.0,0.0,0.0
2025-09-30 22:00:00+00:00,1828.595,17.2209811,0.95867389,0.95807023,0.0,0.0,0.0001519
2025-09-30 23:00:00+00:00,1834.805,17.15076565,0.95693084,0.95630413,0.0,0.0,0.00015884
2025-10-01 00:00:00+00:00,1814.715,17.10644019,0.95390775,0.9533299,0.0,0.0,0.00017008
2025-10-01 01:00:00+00:00,1874.71,17.06782911,0.95590829,0.95526907,0.0,0.0,0.00018332
2025-10-01 02:00:00+00:00,1899.5175,17.24800901,0.95603832,0.95540292,0.0,0.0,0.0001868
2025-10-01 03:00:00+00:00,1976.0975,17.57265305,0.95508639,0.95449159,0.0,0.0,0.00016054
2025-10-01 04:00:00+00:00,2242.45,17.43241138,0.94513024,0.94442703,0.00047292,0.0,3.187e-05
2025-10-01 05:00:00+00:00,2491.8975,17.71924754,0.93484281,0.93378637,0.00075671,0.0,1.771e-05
2025-10-01 06:00:00+00:00,2493.4325,18.61609079,0.92963156,0.92864999,0.0004562,0.0,7.31e-05
2025-10-01 07:00:00+00:00,2496.1875,34.22784704,0.91671862,0.88211573,0.00092668,0.01835402,0.00013013
2025-10-01 08:00:00+00:00,2496.3725,36.94324428,0.91301715,0.87600888,0.00028324,0.02254291,0.00013279
2025-10-01 09:00:00+00:00,2523.0225,31.17063193,0.91959936,0.89897982,3.929e-05,0.01371986,0.000112
2025-10-01 10:00:00+00:00,2494.805,27.37346009,0.91938356,0.90961377,8.76e-06,0.0062161,9.488e-05
2025-10-01 11:00:00+00:00,2426.0625,29.40864024,0.92318929,0.90827811,1.161e-05,0.00942434,0.00010449
2025-10-01 12:00:00+00:00,2375.89,23.00525609,0.92482964,0.92394639,0.0,0.0,5.945e-05
2025-10-01 13:00:00+00:00,2355.69,28.91308156,0.90844388,0.88961728,6.025e-05,0.01249294,6.993e-05
2025-10-01 14:00:00+00:00,2345.715,33.45561339,0.8851652,0.85366297,0.0002255,0.01924874,0.00010615
2025-10-01 15:00:00+00:00,2436.9725,33.09692115,0.84993499,0.81852536,0.00161662,0.01422912,0.00012041
2025-10-01 16:00:00+00:00,2434.0175,18.15090333,0.82343423,0.82282498,0.00021604,0.0,5.693e-05
2025-10-01 17:00:00+00:00,2435.2275,17.87462244,0.8090601,0.80822441,0.00026241,0.0,9.417e-05
2025-10-01 18:00:00+00:00,2384.1675,17.19194556,0.81130481,0.81092624,0.00013303,0.0,2.226e-05
2025-10-01 19:00:00+00:00,2292.5925,16.77968993,0.85970353,0.85949691,5.384e-05,0.0,4.61e-06
2025-10-01 20:00:00+00:00,2160.875,16.38929486,0.93914306,0.93901703,4.13e-06,0.0,8.04e-06
2025-10-01 21:00:00+00:00,2024.1925,16.42756392,0.95239188,0.95222501,0.0,0.0,2.683e-05
2025-10-01 22:00:00+00:00,1898.415,16.46694837,0.95903638,0.95864377,0.0,0.0,7.974e-05
2025-10-01 23:00:00+00:00,1880.36,16.25684647,0.9543215,0.95415628,0.0,0.0,2.509e-05
2025-10-02 00:00:00+00:00,1897.0675,16.19672901,0.95480674,0.9547703,0.0,0.0,0.0
2025-10-02 01:00:00+00:00,1891.5475,16.22947932,0.95618915,0.9561518,0.0,0.0,0.0
2025-10-02 02:00:00+00:00,1912.4,16.21356801,0.95274731,0.952701,0.0,0.0,0.0
2025-10-02 03:00:00+00:00,2012.7625,16.22629729,0.9505202,0.95035278,3.031e-05,0.0,1.569e-05
2025-10-02 04:00:00+00:00,2327.35,16.88721613,0.94204165,0.94110601,0.00054454,6.017e-05,5.89e-06
2025-10-02 05:00:00+00:00,2546.775,21.17690842,0.9336677,0.92299184,0.0019744,0.00183902,3.002e-05
2025-10-02 06:00:00+00:00,2514.6525,26.299971,0.92148857,0.90125249,0.00336361,0.00368974,6.89e-05
2025-10-02 07:00:00+00:00,2335.0825,33.72414181,0.91625291,0.88770077,0.00207135,0.00529986,9.607e-05
2025-10-02 08:00:00+00:00,2263.1325,25.42194899,0.91668694,0.9078573,0.00012901,0.00150812,6.893e-05
2025-10-02 09:00:00+00:00,2242.1425,22.46719725,0.92067355,0.91976637,0.0,0.0,9.079e-05
2025-10-02 10:00:00+00:00,2319.3075,22.85144601,0.91359379,0.91274092,0.0,0.0,6.932e-05
2025-10-02 11:00:00+00:00,2295.1,23.35693525,0.91239089,0.9110244,1.7e-07,0.00029314,7.825e-05
2025-10-02 12:00:00+00:00,2201.0675,21.81387865,0.92024431,0.91926814,0.0,0.0,9.77e-05
2025-10-02 13:00:00+00:00,2158.91,20.93627122,0.91492755,0.91374655,1.22e-06,9.809e-05,0.00013407
2025-10-02 14:00:00+00:00,2191.82,36.97168862,0.88702107,0.84382964,0.00058065,0.02657887,0.0001825
2025-10-02 15:00:00+00:00,2376.385,37.61283685,0.84155132,0.80012323,0.00448382,0.00951325,0.00016763
2025-10-02 16:00:00+00:00,2386.06,29.85021169,0.82655432,0.79646377,0.00636787,0.00566659,9.198e-05
2025-10-02 17:00:00+00:00,2452.92,31.25940952,0.82658623,0.79205393,0.0078267,0.00639587,0.00010386
2025-10-02 18:00:00+00:00,2409.295,34.603739,0.82530545,0.78613619,0.00552708,0.00796844,0.0001361
2025-10-02 19:00:00+00:00,2287.5825,31.61981002,0.85418973,0.82161068,0.0021374,0.00821037,0.00014317
2025-10-02 20:00:00+00:00,2153.2125,15.96957569,0.94898435,0.9488873,0.0,0.0,0.0
2025-10-02 21:00:00+00:00,2012.65,15.84109902,0.95634583,0.95628145,0.0,0.0,1.24e-06
2025-10-02 22:00:00+00:00,1944.785,15.73438053,0.94902229,0.94850763,0.0,0.00026978,3.604e-05
2025-10-02 23:00:00+00:00,1963.615,15.94870051,0.95050338,0.94949515,0.0,0.00026388,0.00018043
2025-10-03 00:00:00+00:00,0.0,12.99232297,0.56931964,0.56931964,0.0,0.0,0.0
2025-10-03 01:00:00+00:00,0.0,13.22611138,0.56682282,0.56682282,0.0,0.0,0.0
2025-10-03 02:00:00+00:00,0.0,12.95572697,0.56996597,0.56996597,0.0,0.0,0.0
2025-10-03 03:00:00+00:00,0.0,13.9576107,0.5855285,0.5849751,0.0,0.0,0.0
2025-10-03 04:00:00+00:00,0.0,15.26064647,0.64864799,0.64864799,0.0,0.0,0.0
2025-10-03 05:00:00+00:00,0.0,60.71614544,0.73401809,0.63893145,0.01045112,0.04567846,0.00026708
2025-10-03 06:00:00+00:00,89.195,70.12206243,0.76713664,0.66010231,0.00956556,0.053428,0.00031465
2025-10-03 07:00:00+00:00,55.7875,49.8361209,0.77047194,0.72264359,0.00141462,0.02597245,0.00013453
2025-10-03 08:00:00+00:00,475.905,64.00074471,0.78909159,0.72534782,0.00045154,0.03534934,0.00015411
2025-10-03 09:00:00+00:00,134.6625,32.59906027,0.7692242,0.76808583,0.0,0.0,0.0
2025-10-03 10:00:00+00:00,74.235,31.95970462,0.77366036,0.77249179,0.0,0.0,0.0
2025-10-03 11:00:00+00:00,-0.0,30.78374108,0.77686474,0.7755727,0.0,0.0,0.0
2025-10-03 12:00:00+00:00,0.0,28.61569399,0.79020276,0.78899587,0.0,0.0,0.0
2025-10-03 13:00:00+00:00,0.0,25.54730694,0.77073435,0.7697079,0.0,0.0,0.0
2025-10-03 14:00:00+00:00,0.0,21.22517464,0.75116473,0.75051085,0.0,0.0,0.0
2025-10-03 15:00:00+00:00,0.0,27.69520779,0.77210435,0.74185554,0.00851571,0.00937346,0.00017189
2025-10-03 16:00:00+00:00,0.0,19.62059765,0.78093966,0.76452815,0.00515955,0.00452749,8.015e-05
2025-10-03 17:00:00+00:00,-0.0,13.39938085,0.81760034,0.8171016,0.0,0.0,0.0
2025-10-03 18:00:00+00:00,-0.0,12.6585808,0.84897937,0.84865876,0.0,0.0,0.0
2025-10-03 19:00:00+00:00,0.0,11.80874707,0.86782734,0.86762768,0.0,0.0,0.0
2025-10-03 20:00:00+00:00,-0.0,11.65260577,0.88787039,0.88777891,0.0,0.0,0.0
2025-10-03 21:00:00+00:00,0.0,11.66996957,0.8929901,0.89281366,0.0,0.0,0.0
2025-10-03 22:00:00+00:00,0.0,16.92545914,0.92983409,0.9160817,0.0005855,0.00629421,0.00012801
2025-10-03 23:00:00+00:00,-0.0,18.75984096,0.93332257,0.91441491,0.00068474,0.00984234,0.00017976
2025-10-04 00:00:00+00:00,1604.1475,12.95090895,0.96732861,0.96636604,6.7e-06,0.00052217,4.182e-05
2025-10-04 01:00:00+00:00,1701.93,14.31916513,0.96603201,0.96120664,8.79e-05,0.0026294,4.777e-05
2025-10-04 02:00:00+00:00,1654.3425,20.62297099,0.95430777,0.93265653,0.00012377,0.01175951,0.00018694
2025-10-04 03:00:00+00:00,1692.5275,21.05944886,0.95270757,0.92954583,0.00012154,0.01264641,0.00019123
2025-10-04 04:00:00+00:00,1804.4825,19.89579012,0.95767992,0.93776775,0.00015834,0.01087627,0.00015878
2025-10-04 05:00:00+00:00,1937.1025,19.06415036,0.96027316,0.94160348,0.00063311,0.01026884,0.00015046
2025-10-04 06:00:00+00:00,2108.02,16.20998134,0.96572407,0.95503154,0.0011437,0.00552491,0.00010981
2025-10-04 07:00:00+00:00,2223.65,19.24528659,0.95831724,0.93189696,0.00922082,0.00994994,0.00014309
2025-10-04 08:00:00+00:00,2348.6825,19.49708002,0.95815594,0.93522196,0.00666977,0.00914518,0.00013272
2025-10-04 09:00:00+00:00,2390.38,19.69312714,0.95682492,0.93756122,0.00352327,0.00876791,0.0001354
2025-10-04 10:00:00+00:00,2378.9575,19.83256889,0.95438493,0.93846679,0.00075085,0.0084117,0.00013317
2025-10-04 11:00:00+00:00,2419.025,19.47267229,0.95519758,0.94079138,0.00040551,0.00781106,0.00012461
2025-10-04 12:00:00+00:00,2432.9375,19.26875096,0.95884887,0.9448439,0.00036418,0.00767465,0.0001244
2025-10-04 13:00:00+00:00,2444.8875,19.9718395,0.95801144,0.94146597,0.00033393,0.00913666,0.00014441
2025-10-04 14:00:00+00:00,2503.2425,21.70614261,0.95818073,0.93490402,0.00238306,0.01185335,0.00016702
2025-10-04 15:00:00+00:00,2537.915,18.91430545,0.96265929,0.94345542,0.00371413,0.00908037,0.00017619
2025-10-04 16:00:00+00:00,2502.305,18.5021928,0.96532477,0.94466983,0.00592181,0.00875007,0.00014612
2025-10-04 17:00:00+00:00,2439.675,16.42106064,0.96437114,0.95221531,0.00285928,0.00572999,8.26e-05
2025-10-04 18:00:00+00:00,2387.2025,20.40964982,0.95823057,0.93341716,0.00477328,0.01205171,0.00016681
2025-10-04 19:00:00+00:00,2199.7775,19.56115541,0.95871259,0.93674265,0.0042198,0.01093424,0.0001806
2025-10-04 20:00:00+00:00,2018.8975,19.60268444,0.95804062,0.93730128,0.00334585,0.01045945,0.00018402
2025-10-04 21:00:00+00:00,1948.5375,20.02604104,0.95560935,0.93590648,0.00093161,0.01139181,0.00020772
2025-10-04 22:00:00+00:00,1810.995,21.04478159,0.94967596,0.92743791,0.00035257,0.01281117,0.00020091
2025-10-04 23:00:00+00:00,1777.75,21.48840281,0.94680634,0.92288982,0.0004444,0.01383827,0.00021657
2025-10-05 00:00:00+00:00,1786.965,22.20464368,0.94348666,0.91772906,0.00061602,0.01459035,0.00022301
2025-10-05 01:00:00+00:00,1782.79,51.01818161,0.93015023,0.86430086,0.00086374,0.01757988,0.00053322
2025-10-05 02:00:00+00:00,1748.915,26.54200212,0.93555609,0.89653799,0.00362262,0.01993287,0.00027794
2025-10-05 03:00:00+00:00,1689.175,23.86313122,0.94137458,0.9088183,0.00337084,0.01707318,0.0002438
2025-10-05 04:00:00+00:00,1767.75,26.65048332,0.9395644,0.90212506,0.00116063,0.02108667,0.00027755
2025-10-05 05:00:00+00:00,1779.38,25.58131809,0.94390703,0.90681496,0.00369006,0.01975223,0.00025476
2025-10-05 06:00:00+00:00,1858.93,25.39118237,0.9462888,0.91411408,0.00194834,0.01773401,0.00022791
2025-10-05 07:00:00+00:00,1952.1425,27.27092639,0.94616737,0.91548846,0.00066536,0.0168415,0.00022729
2025-10-05 08:00:00+00:00,2012.4725,24.13864589,0.94933902,0.92802058,0.00037057,0.01198338,0.00018351
2025-10-05 09:00:00+00:00,1994.16,23.65741822,0.94749402,0.92903229,0.00027559,0.01038949,0.0001741
2025-10-05 10:00:00+00:00,2082.0775,23.25988151,0.95022964,0.93425281,5.208e-05,0.00917079,0.00015423
2025-10-05 11:00:00+00:00,2054.12,23.8066642,0.94626634,0.92902197,0.00015006,0.00975534,0.00016937
2025-10-05 12:00:00+00:00,2028.7275,34.70964184,0.94223239,0.90984571,0.00025528,0.01092224,0.00030577
2025-10-05 13:00:00+00:00,2050.46,30.30446583,0.94772419,0.91961959,0.00033687,0.01081954,0.00026028
2025-10-05 14:00:00+00:00,2152.1075,24.05544884,0.9525956,0.9301815,0.00067762,0.01188997,0.00017405
2025-10-05 15:00:00+00:00,2259.6,23.21022327,0.95638101,0.93371252,0.00099843,0.0116837,0.00016675
2025-10-05 16:00:00+00:00,2223.5325,15.95495332,0.9699929,0.96686239,0.00010838,0.0022815,0.00010222
2025-10-05 17:00:00+00:00,2182.775,16.42441339,0.97015797,0.96632764,0.00022198,0.0025399,0.00014108
2025-10-05 18:00:00+00:00,2230.8475,16.43342527,0.97057581,0.9673489,0.00011053,0.00234518,0.00017578
2025-10-05 19:00:00+00:00,2154.4575,19.89286125,0.95906221,0.94652551,0.00106462,0.0059173,0.00010736
2025-10-05 20:00:00+00:00,2084.2325,21.18564954,0.95451078,0.93886145,0.00167409,0.00704007,0.00013259
2025-10-05 21:00:00+00:00,2039.7575,26.72444198,0.94728093,0.91820731,0.00231733,0.01284261,0.00023707
2025-10-05 22:00:00+00:00,1851.37,24.45644806,0.94786297,0.93182035,4.997e-05,0.00639178,0.00018943
2025-10-05 23:00:00+00:00,1911.0975,21.96114602,0.94909794,0.93844423,4.75e-06,0.00425966,0.00022013
2025-10-06 00:00:00+00:00,1898.325,18.28306488,0.95447043,0.95211043,5.6e-07,0.00068487,0.00022888
2025-10-06 01:00:00+00:00,1886.6925,17.68858425,0.95623968,0.95529598,9e-08,3.637e-05,0.00025081
2025-10-06 02:00:00+00:00,1909.75,17.94961061,0.95496297,0.95310051,1.802e-05,0.00047235,0.00024194
2025-10-06 03:00:00+00:00,2054.5575,28.29758944,0.9399883,0.91517025,0.00021048,0.01005232,0.0002533
2025-10-06 04:00:00+00:00,2422.855,36.85681365,0.93030057,0.8865486,0.00124937,0.01541897,0.0003021
2025-10-06 05:00:00+00:00,2634.14,35.89297793,0.92540846,0.88186871,0.00379232,0.01393575,0.00021795
2025-10-06 06:00:00+00:00,2686.6225,51.08129662,0.92329965,0.8699269,0.00178894,0.00859739,0.0003112
2025-10-06 07:00:00+00:00,2676.65,79.69756597,0.91196484,0.82832093,0.00033785,0.00507032,0.00057307
2025-10-06 08:00:00+00:00,2530.815,88.04291317,0.90574326,0.81250897,0.00152789,0.00817978,0.00063605
2025-10-06 09:00:00+00:00,2493.31,49.94162401,0.91364365,0.86922196,0.00036546,0.00995665,0.00031032
2025-10-06 10:00:00+00:00,2465.9275,23.8585072,0.92679026,0.92081216,1.964e-05,0.00351984,0.00013496
2025-10-06 11:00:00+00:00,2582.8075,23.28294264,0.92938992,0.92522215,2.339e-05,0.00213461,0.00015656
2025-10-06 12:00:00+00:00,2642.875,23.04327092,0.9311281,0.92708321,4.963e-05,0.00181313,0.00013925
2025-10-06 13:00:00+00:00,2585.2825,22.80374681,0.93222187,0.92724547,9.522e-05,0.00220768,0.00015954
2025-10-06 14:00:00+00:00,2607.195,26.17676954,0.92987171,0.91357647,0.00057831,0.00825786,0.00018539
2025-10-06 15:00:00+00:00,2670.485,61.62125966,0.91797295,0.84602455,0.00620178,0.00813557,0.00048663
2025-10-06 16:00:00+00:00,2662.13,119.32444711,0.88427196,0.71125149,0.02257544,0.01686073,0.00080043
2025-10-06 17:00:00+00:00,2605.1125,126.8825257,0.88029177,0.70621862,0.01914894,0.01347375,0.00077627
2025-10-06 18:00:00+00:00,2487.1125,111.27733825,0.89266017,0.75996128,0.00899471,0.00484627,0.00063937
2025-10-06 19:00:00+00:00,2351.2425,91.03158579,0.90589161,0.80460338,0.00366497,0.00344951,0.00052996
2025-10-06 20:00:00+00:00,2151.4675,53.37718307,0.92828164,0.87908736,0.0001492,0.0016935,0.00027669
2025-10-06 21:00:00+00:00,2035.5275,58.3668167,0.92296199,0.86720336,3.661e-05,0.00223033,0.00035167
2025-10-06 22:00:00+00:00,1919.2907075,22.75849556,0.95004253,0.94225495,1.22e-06,0.00027399,4.674e-05
2025-10-06 23:00:00+00:00,1909.14857175,17.246081,0.95311465,0.95306441,0.0,0.0,0.0
2025-10-07 00:00:00+00:00,1915.7099225,17.06246462,0.94950554,0.94946951,0.0,0.0,0.0
2025-10-07 01:00:00+00:00,1936.68437375,17.08811892,0.94796457,0.94787634,0.0,0.0,0.0
2025-10-07 02:00:00+00:00,1978.63526,17.02379098,0.95398536,0.95388017,0.0,0.0,0.0
2025-10-07 03:00:00+00:00,2023.4618285,16.88604271,0.94685756,0.94677953,0.0,0.0,0.0
2025-10-07 04:00:00+00:00,2392.656416,17.0738434,0.94649746,0.94619888,0.00018509,0.0,0.0
2025-10-07 05:00:00+00:00,2562.7424975,26.04258602,0.94467875,0.93076388,0.00156903,0.00035181,5.48e-05
2025-10-07 06:00:00+00:00,2500.61357825,17.81685494,0.95254245,0.94990395,0.00101611,0.00097571,8.812e-05
2025-10-07 07:00:00+00:00,2439.99806525,18.32175234,0.95480332,0.95132839,0.00142307,0.00133182,0.00013475
2025-10-07 08:00:00+00:00,2521.21069925,18.623345,0.95805837,0.95538777,0.00151441,0.0006625,7.793e-05
2025-10-07 09:00:00+00:00,2443.69163,18.74825983,0.9561267,0.95386521,0.00143573,0.00035829,5.085e-05
2025-10-07 10:00:00+00:00,2466.908152,18.51082932,0.95671135,0.95481287,0.00155923,0.0,1.12e-05
2025-10-07 11:00:00+00:00,2483.09876425,18.02556247,0.95460584,0.95363992,0.00051747,4.894e-05,9.95e-06
2025-10-07 12:00:00+00:00,2483.05030925,17.44655682,0.9534086,0.95274492,0.00014512,0.00014544,1.226e-05
2025-10-07 13:00:00+00:00,2495.3169725,17.08723568,0.95502024,0.95450743,0.00016588,1e-08,2.18e-06
2025-10-07 14:00:00+00:00,2483.172546,16.80385627,0.96111093,0.95983485,0.0,0.00081261,4.854e-05
2025-10-07 15:00:00+00:00,2505.90866525,16.73225719,0.96247802,0.95997532,0.0,0.00214648,7.71e-05
2025-10-07 16:00:00+00:00,2493.84462025,16.62008468,0.96276239,0.96016936,0.0,0.00212295,3.103e-05
2025-10-07 17:00:00+00:00,2445.78206875,16.51900091,0.96216791,0.95950629,0.0,0.00220261,3.084e-05
2025-10-07 18:00:00+00:00,2369.80246225,16.29595852,0.96230875,0.95965455,0.0,0.00235111,3.495e-05
2025-10-07 19:00:00+00:00,2264.26752425,16.2953253,0.96289125,0.96011113,0.0,0.00249905,3.715e-05
2025-10-07 20:00:00+00:00,2087.8444175,16.28761014,0.96283034,0.9596768,0.0,0.00279754,4.116e-05
2025-10-07 21:00:00+00:00,1934.235527,16.1644167,0.96182922,0.95869323,0.0,0.0028439,4.245e-05
2025-10-07 22:00:00+00:00,1822.78559725,16.05642678,0.96087486,0.95753155,0.0,0.002653,0.00011363
2025-10-07 23:00:00+00:00,1760.3432895,16.02211288,0.96008446,0.95655105,0.0,0.00296561,0.00011081
2025-10-08 00:00:00+00:00,1698.544062,16.05747131,0.9593875,0.95582233,0.0,0.00300946,0.00012106
2025-10-08 01:00:00+00:00,1653.0477935,16.06976098,0.9578422,0.95439233,0.0,0.00291224,0.00011017
2025-10-08 02:00:00+00:00,1774.3594115,16.11518298,0.95771227,0.95438279,0.0,0.00289967,8.437e-05
2025-10-08 03:00:00+00:00,1941.71885625,16.26160226,0.95611185,0.95321491,0.0,0.0025558,6.915e-05
2025-10-08 04:00:00+00:00,2231.963065,16.6704698,0.94979464,0.94714272,0.0,0.00242678,3.384e-05
2025-10-08 05:00:00+00:00,2454.240646,17.25159122,0.92507319,0.92257469,0.0,0.0020884,2.989e-05
2025-10-08 06:00:00+00:00,2528.64916375,17.58433994,0.90377625,0.90115765,0.00026401,0.00197688,3.742e-05
2025-10-08 07:00:00+00:00,2494.57302925,18.34403581,0.89076205,0.88763763,0.00013322,0.00198681,3.629e-05
2025-10-08 08:00:00+00:00,2342.40390475,18.30876353,0.93008401,0.92749396,0.0,0.00214865,3.05e-05
2025-10-08 09:00:00+00:00,2253.33656825,18.79529021,0.94516774,0.94251211,0.0,0.00213667,3.135e-05
2025-10-08 10:00:00+00:00,2342.7829,19.20505086,0.93580966,0.93317852,0.0,0.00212979,3.009e-05
2025-10-08 11:00:00+00:00,2297.31030925,19.32147819,0.91858591,0.91655134,0.0,0.00155048,3.182e-05
2025-10-08 12:00:00+00:00,2280.3299085,19.39242814,0.87405156,0.87278946,0.0,0.00077642,4.645e-05
2025-10-08 13:00:00+00:00,2317.2196915,19.1093623,0.85534452,0.85452864,3.7e-07,0.00025549,8.604e-05
2025-10-08 14:00:00+00:00,2328.04931125,18.43513477,0.85978382,0.85881734,0.0,0.00061406,0.00010604
2025-10-08 15:00:00+00:00,2458.29102625,17.66543219,0.86381433,0.86181191,0.0,0.00178878,0.00021153
2025-10-08 16:00:00+00:00,2524.25449225,17.04020836,0.91132944,0.90986357,0.00022158,0.00090758,0.00011427
2025-10-08 17:00:00+00:00,2525.068648,16.63638764,0.95163195,0.95050463,0.00033775,0.00043329,5.16e-05
2025-10-08 18:00:00+00:00,2405.88561375,16.16115396,0.95371512,0.95303651,0.0,0.00050653,5.233e-05
2025-10-08 19:00:00+00:00,2222.52285125,16.10446591,0.95409734,0.95393342,0.0,0.0,0.0
2025-10-08 20:00:00+00:00,2170.03974775,15.99802144,0.95732655,0.95721232,0.0,0.0,0.0
2025-10-08 21:00:00+00:00,2127.976875,16.05562011,0.95886546,0.95878772,0.0,0.0,0.0
2025-10-08 22:00:00+00:00,1977.83029925,16.21206557,0.95374016,0.95352157,0.0,0.0,0.0
2025-10-08 23:00:00+00:00,1945.4285415,16.23074864,0.95486066,0.95477613,0.0,0.0,0.0
2025-10-09 00:00:00+00:00,1980.323747,16.31234963,0.9499531,0.94987855,0.0,4e-08,2.73e-06
2025-10-09 01:00:00+00:00,1954.129802,16.27449901,0.95013673,0.94997255,0.0,3.2e-07,2.101e-05
2025-10-09 02:00:00+00:00,1937.061875,16.04405217,0.95697828,0.95688844,0.0,0.0,0.0
2025-10-09 03:00:00+00:00,2082.68053625,15.96118322,0.95659127,0.95649019,0.0,0.0,0.0
2025-10-09 04:00:00+00:00,2395.63868825,15.69063754,0.95468159,0.95451693,4.003e-05,0.0,1.11e-06
2025-10-09 05:00:00+00:00,2679.5328455,15.91536614,0.95193912,0.95094484,0.00038616,7.753e-05,3.02e-06
2025-10-09 06:00:00+00:00,2594.9410015,16.12231063,0.95296332,0.95244682,0.00026873,0.0,4.01e-06
2025-10-09 07:00:00+00:00,2478.7849155,16.80033107,0.95136206,0.95109158,0.0,0.0,0.0
2025-10-09 08:00:00+00:00,2460.94361975,17.61903888,0.94994973,0.94970502,0.0,0.0,0.0
2025-10-09 09:00:00+00:00,2414.80915625,18.03756378,0.94866719,0.94834544,0.0,0.0,0.0
2025-10-09 10:00:00+00:00,2295.64570675,18.0908038,0.9507943,0.95049553,0.0,0.0,1.451e-05
2025-10-09 11:00:00+00:00,2346.484444,17.45724524,0.94834322,0.94784557,0.0,0.0,5.848e-05
2025-10-09 12:00:00+00:00,2369.33719075,16.56112498,0.95395862,0.95339519,0.0,0.0,9.277e-05
2025-10-09 13:00:00+00:00,2387.580077,16.00053709,0.95810514,0.9574622,0.0,3.902e-05,8.837e-05
2025-10-09 14:00:00+00:00,2489.07084075,15.38189985,0.96044721,0.9598752,0.0,0.00013001,6.471e-05
2025-10-09 15:00:00+00:00,2554.71640675,15.30948639,0.96177656,0.95953733,0.0,0.00182207,9.589e-05
2025-10-09 16:00:00+00:00,2550.684851,15.2177481,0.96656024,0.96367995,0.0,0.00233917,8.944e-05
2025-10-09 17:00:00+00:00,2479.40211175,14.93941617,0.96642245,0.96357277,0.0,0.00227479,7.652e-05
2025-10-09 18:00:00+00:00,2442.81295825,14.7344319,0.9665846,0.96380809,0.0,0.00225216,0.00011853
2025-10-09 19:00:00+00:00,2176.36026525,14.33547214,0.96528892,0.96343531,0.0,0.00136852,9.214e-05
2025-10-09 20:00:00+00:00,1939.6385345,14.06484457,0.96341438,0.96218797,0.0,0.0008157,7.355e-05
2025-10-09 21:00:00+00:00,1961.84444325,13.7279893,0.96383575,0.96316747,0.0,0.00038025,4.806e-05
2025-10-09 22:00:00+00:00,1968.8954555,13.50365906,0.96154974,0.96118196,0.0,0.0,4.372e-05
2025-10-09 23:00:00+00:00,1900.68552625,13.48184224,0.96071857,0.96045319,0.0,0.0,4.247e-05
2025-10-10 00:00:00+00:00,1880.11886475,13.6038668,0.95833118,0.95806864,0.0,0.0,5.184e-05
2025-10-10 01:00:00+00:00,1745.87419575,13.52312313,0.95904489,0.95878253,0.0,0.0,4.662e-05
2025-10-10 02:00:00+00:00,1803.708501,13.6891662,0.96131889,0.96100354,0.0,0.0,5.808e-05
2025-10-10 03:00:00+00:00,1851.17112475,14.03561017,0.96057174,0.96019236,0.0,0.0,6.855e-05
2025-10-10 04:00:00+00:00,2147.317227,14.42101175,0.96023509,0.9599438,0.0,0.0,5.873e-05
2025-10-10 05:00:00+00:00,2348.96348025,14.797497,0.96010135,0.95953597,5.9e-07,0.00034139,2.557e-05
2025-10-10 06:00:00+00:00,2440.44371475,15.33809333,0.95843932,0.95780099,0.0,0.0003826,1.958e-05
2025-10-10 07:00:00+00:00,2397.08423825,16.6083109,0.9540323,0.9535714,0.0,0.0,5.354e-05
2025-10-10 08:00:00+00:00,2320.456067,17.70702893,0.95080928,0.9502529,8e-08,2.142e-05,6.831e-05
2025-10-10 09:00:00+00:00,2298.3913485,18.30161301,0.94980859,0.94925784,0.0,4e-08,6.061e-05
2025-10-10 10:00:00+00:00,2268.54977375,18.27815481,0.95021204,0.94971169,0.0,4.948e-05,5.273e-05
2025-10-10 11:00:00+00:00,2236.19124875,18.15823347,0.95043602,0.94965614,0.0,0.00020342,8.976e-05
2025-10-10 12:00:00+00:00,2174.680311,17.1921248,0.95293022,0.95232015,0.0,5e-08,9.472e-05
2025-10-10 13:00:00+00:00,2137.0784965,16.24447813,0.95880961,0.95808633,0.0,0.0,0.00010378
2025-10-10 14:00:00+00:00,2086.04645375,15.28546475,0.96390861,0.96335657,0.0,0.0,8.975e-05
2025-10-10 15:00:00+00:00,2292.33623725,14.69956349,0.96735503,0.96660634,0.0,0.00034543,8.13e-05
2025-10-10 16:00:00+00:00,2219.32859825,14.42605827,0.96836269,0.96708576,0.0,0.00088192,7.107e-05
2025-10-10 17:00:00+00:00,2170.2128335,14.32055416,0.96786399,0.96581821,0.0,0.0016293,0.0001039
2025-10-10 18:00:00+00:00,2054.5854945,13.94176398,0.96679853,0.96517868,0.0,0.00121542,0.00010038
2025-10-10 19:00:00+00:00,1988.5782805,13.8039798,0.96532078,0.96489359,0.0,0.0,6.038e-05
2025-10-10 20:00:00+00:00,1819.830244,13.76122564,0.96424839,0.96344856,0.0,0.00035159,7.112e-05
2025-10-10 21:00:00+00:00,1758.362144,13.72157943,0.96232261,0.96156247,0.0,0.00036858,6.106e-05
2025-10-10 22:00:00+00:00,1711.1498665,13.29480489,0.96394737,0.96344807,0.0,9.024e-05,4.118e-05
2025-10-10 23:00:00+00:00,1689.63063675,13.33237929,0.96386396,0.9633473,0.0,0.00020529,3.674e-05
2025-10-11 00:00:00+00:00,1676.20000725,13.30956311,0.96250982,0.96203462,0.0,0.00021896,3.392e-05
2025-10-11 01:00:00+00:00,1637.3520755,13.21836459,0.96212653,0.96186503,0.0,3.671e-05,2.769e-05
2025-10-11 02:00:00+00:00,1603.5568555,13.24103049,0.9629554,0.96259212,0.0,0.00017405,2.148e-05
2025-10-11 03:00:00+00:00,1586.09246175,13.39400599,0.96246293,0.96182227,0.0,0.00040019,2.918e-05
2025-10-11 04:00:00+00:00,1622.9203625,13.75685688,0.96230634,0.96028802,0.0,0.00169273,4.758e-05
2025-10-11 05:00:00+00:00,1663.18384825,14.12590602,0.96255713,0.95945586,0.0,0.00269447,6.173e-05
2025-10-11 06:00:00+00:00,1740.01014225,14.65748602,0.96154155,0.95844802,0.0,0.00261409,7.481e-05
2025-10-11 07:00:00+00:00,1814.3428065,15.92012023,0.95757684,0.95434389,0.0,0.00266103,0.00013526
2025-10-11 08:00:00+00:00,1880.22034075,17.27195592,0.95213041,0.94861684,0.0,0.00286229,0.00015972
2025-10-11 09:00:00+00:00,1888.93973975,18.21244644,0.94755493,0.94409353,0.0,0.00295999,0.00012578
2025-10-11 10:00:00+00:00,1882.66251975,18.99401063,0.9457219,0.94232798,0.0,0.00281003,0.00013529
2025-10-11 11:00:00+00:00,1802.23426925,19.07624066,0.94346727,0.94080322,0.0,0.00205681,0.00013076
2025-10-11 12:00:00+00:00,1746.278459,18.67164892,0.94456224,0.94170242,0.0,0.00229377,0.00011996
2025-10-11 13:00:00+00:00,1645.3219665,17.89904574,0.94661229,0.94344149,0.0,0.0025759,0.00015377
2025-10-11 14:00:00+00:00,1793.8495865,16.97758984,0.9534973,0.95013672,0.0,0.00264262,0.00022821
2025-10-11 15:00:00+00:00,1926.84522975,16.24254812,0.9604809,0.9581232,0.0,0.00171837,0.00019864
2025-10-11 16:00:00+00:00,2077.13812375,16.11441821,0.96271121,0.96035392,0.0,0.00163393,0.00018205
2025-10-11 17:00:00+00:00,2087.197529,15.87861467,0.96357847,0.96207163,0.0,0.00079071,0.00014963
2025-10-11 18:00:00+00:00,1903.88213125,15.45525904,0.96291812,0.96226766,0.0,0.00015092,0.00010912
2025-10-11 19:00:00+00:00,1852.050649,15.38320725,0.96399703,0.96295249,0.0,0.00048418,0.00011403
2025-10-11 20:00:00+00:00,1697.00934025,15.16336918,0.96662387,0.96581558,0.0,0.00024817,9.461e-05
2025-10-11 21:00:00+00:00,1599.36885125,14.94234302,0.96814537,0.96762819,0.0,0.0,5.435e-05
2025-10-11 22:00:00+00:00,1595.8354485,14.63442559,0.96218319,0.96135756,0.0,4.268e-05,6.453e-05
2025-10-11 23:00:00+00:00,1633.7691225,14.30719945,0.96248354,0.96163653,0.0,0.00018744,6.518e-05
2025-10-12 00:00:00+00:00,1510.090575,14.01424128,0.96206103,0.96144215,0.0,6.372e-05,6.795e-05
2025-10-12 01:00:00+00:00,1469.498906,13.83323478,0.96147457,0.96094158,0.0,0.0,6.128e-05
2025-10-12 02:00:00+00:00,1467.336777,13.8273595,0.96187885,0.96115143,0.0,0.00024532,6.422e-05
2025-10-12 03:00:00+00:00,1484.90103575,14.00661454,0.96235269,0.96124406,0.0,0.00046381,9.154e-05
2025-10-12 04:00:00+00:00,1538.32650225,14.14968039,0.96237863,0.96113391,0.0,0.00049165,0.00010568
2025-10-12 05:00:00+00:00,1519.185431,14.36004435,0.95900176,0.95780957,0.0,0.00043844,0.00011726
2025-10-12 06:00:00+00:00,1703.3700965,14.99264584,0.95865738,0.95706537,0.0,0.00057342,0.00017279
2025-10-12 07:00:00+00:00,1753.25731425,16.52023277,0.95258609,0.94960425,0.0,0.00195269,0.00012312
2025-10-12 08:00:00+00:00,1759.330734,17.873373,0.94944659,0.94627406,0.0,0.00218925,0.00015336
2025-10-12 09:00:00+00:00,1738.536697,19.28120052,0.94494083,0.94134225,0.0,0.00263651,0.00015622
2025-10-12 10:00:00+00:00,1706.93944225,20.2582656,0.94130427,0.93753843,0.0,0.00271546,0.00016279
2025-10-12 11:00:00+00:00,1768.3649385,20.59259263,0.93932764,0.93535135,0.0,0.00298016,0.00016872
2025-10-12 12:00:00+00:00,1771.9651185,20.2927161,0.93712018,0.93315018,0.0,0.00293202,0.00017412
2025-10-12 13:00:00+00:00,1779.74448925,19.01083027,0.94086492,0.93560234,0.0,0.00422036,0.00015254
2025-10-12 14:00:00+00:00,1786.497749,17.98900847,0.94669629,0.94117843,0.0,0.00439437,0.00019596
2025-10-12 15:00:00+00:00,1984.54761325,16.89923018,0.95185667,0.94663927,0.0,0.00415601,0.00021449
2025-10-12 16:00:00+00:00,2038.85702725,16.31085761,0.9507606,0.94640248,0.0,0.00353376,0.00014283
2025-10-12 17:00:00+00:00,2058.505584,16.25515558,0.95195326,0.94795118,0.0,0.00303435,0.00015366
2025-10-12 18:00:00+00:00,1949.50884025,16.18445663,0.95134554,0.94692829,0.0,0.00349534,0.00016327
2025-10-12 19:00:00+00:00,1893.41585725,16.06217104,0.95341357,0.94883581,0.0,0.00369378,0.00014364
2025-10-12 20:00:00+00:00,1895.01762075,16.0163025,0.95218203,0.94708747,0.0,0.00428559,0.000119
2025-10-12 21:00:00+00:00,1811.2320415,15.93878417,0.95040407,0.94540076,0.0,0.0043645,0.00010691
2025-10-12 22:00:00+00:00,1850.4228145,15.83804685,0.9534915,0.94809199,0.0,0.00479864,0.00010962
2025-10-12 23:00:00+00:00,1799.98857125,15.82139512,0.9526067,0.94724399,0.0,0.0047585,0.00011504
2025-10-13 00:00:00+00:00,1808.029053,15.95630625,0.95025601,0.94468986,0.0,0.00488412,0.0001412
2025-10-13 01:00:00+00:00,1875.35089275,16.01525014,0.94611778,0.94067055,0.0,0.00480615,0.00014801
2025-10-13 02:00:00+00:00,1935.545315,16.18669365,0.94414625,0.93864575,0.0,0.00469626,0.00017932
2025-10-13 03:00:00+00:00,2123.4114645,16.31710933,0.94240732,0.9384165,0.0,0.00316019,0.00022362
2025-10-13 04:00:00+00:00,2377.1290335,18.84306647,0.93851212,0.92524781,0.00490035,0.00395891,2.495e-05
2025-10-13 05:00:00+00:00,2661.80987075,28.82610127,0.93674843,0.89997835,0.00871659,0.00556928,1.489e-05
2025-10-13 06:00:00+00:00,2713.568518,27.68967659,0.93225631,0.90187336,0.00700148,0.00515492,2.261e-05
2025-10-13 07:00:00+00:00,2577.38308275,29.40048868,0.92897967,0.89879859,0.00799383,0.00422876,3.274e-05
2025-10-13 08:00:00+00:00,2479.777534,34.08636906,0.92883517,0.90186183,3.186e-05,0.00430212,6.534e-05
2025-10-13 09:00:00+00:00,2461.9794265,37.0053513,0.92827105,0.89818992,0.0,0.00346761,9.424e-05
2025-10-13 10:00:00+00:00,2498.32325475,27.84844703,0.920932,0.90994211,0.0,0.0010863,8.6e-05
2025-10-13 11:00:00+00:00,2448.57735775,22.55531891,0.90378557,0.90263374,0.0,0.00040968,8.92e-05
2025-10-13 12:00:00+00:00,2324.4234155,21.67832399,0.9026453,0.90160796,0.0,0.00039405,8.437e-05
2025-10-13 13:00:00+00:00,2348.7264885,22.25220229,0.91701989,0.91208541,3.75e-06,0.00087607,0.00011367
2025-10-13 14:00:00+00:00,2366.84198175,19.82917925,0.91434469,0.91161136,0.0,0.00185506,0.00015163
2025-10-13 15:00:00+00:00,2445.0914705,29.8510572,0.91218162,0.88104564,0.00770367,0.00306267,0.00014744
2025-10-13 16:00:00+00:00,2414.70904975,32.10632588,0.90136887,0.86004993,0.01229412,0.00483522,0.00015596
2025-10-13 17:00:00+00:00,2591.491335,33.12219092,0.89511427,0.85500475,0.0093707,0.00517416,0.00013529
2025-10-13 18:00:00+00:00,2535.42092175,34.01849226,0.83375781,0.79413038,0.00996831,0.00387856,0.00010374
2025-10-13 19:00:00+00:00,2373.23463,32.66708694,0.83088109,0.80483795,5.45e-05,0.00287799,9.257e-05
2025-10-13 20:00:00+00:00,2235.557535,40.46179631,0.90821951,0.86639778,2.79e-06,0.00325504,0.00011796
2025-10-13 21:00:00+00:00,2106.0084405,35.02703952,0.92055988,0.88903906,1.49e-06,0.00254044,0.00011298
2025-10-13 22:00:00+00:00,1937.3195205,25.4367272,0.9237057,0.91089716,6.996e-05,0.00131335,0.00015403
2025-10-13 23:00:00+00:00,1906.69981525,29.93560267,0.92408426,0.90188828,6.834e-05,0.0023686,0.00015297
2025-10-14 00:00:00+00:00,1878.114758,19.83320668,0.92299781,0.92236658,7.144e-05,0.0,0.00017025
2025-10-14 01:00:00+00:00,1909.8452065,19.79704579,0.91929675,0.91879186,5.434e-05,0.0,0.00014606
2025-10-14 02:00:00+00:00,1906.4972025,19.83694594,0.92202804,0.92138248,6.363e-05,0.0,0.00015257
2025-10-14 03:00:00+00:00,1962.49585725,34.84973351,0.89691543,0.87174877,9.389e-05,0.00311014,0.00023466
2025-10-14 04:00:00+00:00,2394.950351,104.8362969,0.84839252,0.7212925,0.00217487,0.02029525,0.00056495
2025-10-14 05:00:00+00:00,2701.91461175,142.51924428,0.78792698,0.6171941,0.00917679,0.02260937,0.00058179
2025-10-14 06:00:00+00:00,2592.53156825,130.43966821,0.74187878,0.60656693,0.00751274,0.00804956,0.00060014
2025-10-14 07:00:00+00:00,2560.627894,137.59837057,0.69396528,0.56569547,0.00323322,0.00736554,0.00064029
2025-10-14 08:00:00+00:00,2496.17528675,131.73293719,0.68929594,0.57220167,0.00076318,0.00670607,0.0005962
2025-10-14 09:00:00+00:00,2436.19001325,128.83200514,0.67357904,0.56592401,0.00017452,0.00652988,0.00063638
2025-10-14 10:00:00+00:00,2446.90058725,114.21245696,0.69213333,0.59198207,0.00015295,0.01153064,0.00059499
2025-10-14 11:00:00+00:00,2447.0600745,107.28656046,0.72861807,0.62638945,0.00027382,0.01645003,0.00055657
2025-10-14 12:00:00+00:00,2418.10238675,85.11937326,0.73493412,0.66036156,0.00023103,0.00772858,0.00045234
2025-10-14 13:00:00+00:00,2517.260648,70.7480281,0.71001153,0.65025645,0.00024863,0.00789445,0.00032757
2025-10-14 14:00:00+00:00,2609.35566575,50.21669384,0.68661763,0.64434127,0.00089116,0.0095184,0.0001706
2025-10-14 15:00:00+00:00,2560.09391375,86.4127611,0.65339354,0.57550748,0.00508358,0.00630716,0.00030117
2025-10-14 16:00:00+00:00,2599.44134825,38.93692362,0.68185299,0.64937912,0.00492452,0.0041465,0.00011775
2025-10-14 17:00:00+00:00,2529.69076075,17.41094458,0.6952226,0.69502437,5.401e-05,8e-08,3.42e-05
2025-10-14 18:00:00+00:00,2481.4511575,17.18016191,0.71397517,0.71388141,7.05e-06,1e-08,2.462e-05
2025-10-14 19:00:00+00:00,2360.9153345,17.00880455,0.72591655,0.72578229,2.87e-06,0.0,1.067e-05
2025-10-14 20:00:00+00:00,2117.31865725,16.78645515,0.72939707,0.72918626,0.0,0.0,2.162e-05
2025-10-14 21:00:00+00:00,2014.20136225,22.40476566,0.84555474,0.83434748,1.38e-06,0.00113288,1.687e-05
2025-10-14 22:00:00+00:00,2058.7478055,16.74683042,0.89838678,0.89777075,2.754e-05,0.0,0.00020959
2025-10-14 23:00:00+00:00,1908.93260175,16.6389273,0.90069914,0.9000946,3.452e-05,0.0,0.00020729
2025-10-15 00:00:00+00:00,1893.90143875,16.55064657,0.90175891,0.90116259,3.24e-05,0.0,0.00019911
2025-10-15 01:00:00+00:00,1879.56562175,16.46637887,0.90205117,0.90153564,2.84e-05,0.0,0.00018331
2025-10-15 02:00:00+00:00,1862.91987075,16.25752208,0.90040707,0.9000811,2.082e-05,0.0,9.813e-05
2025-10-15 03:00:00+00:00,1943.9458475,16.24746858,0.88148923,0.88139987,2.57e-06,1e-07,2.564e-05
2025-10-15 04:00:00+00:00,2192.265721,16.33210633,0.79907558,0.79898089,0.0,0.0,0.0
2025-10-15 05:00:00+00:00,2483.02677525,16.40697126,0.78074687,0.7805738,0.0,0.0,0.0
2025-10-15 06:00:00+00:00,2490.74845825,16.90437654,0.76358166,0.76319685,0.0,0.0,0.0
2025-10-15 07:00:00+00:00,2628.99667675,22.06472562,0.74735245,0.73977844,0.0006372,0.00111427,2.534e-05
2025-10-15 08:00:00+00:00,2541.1187525,47.9571446,0.73899435,0.70435268,0.00050844,0.00244718,0.00017415
2025-10-15 09:00:00+00:00,2485.34380175,19.92147325,0.73615797,0.73485934,4.118e-05,0.00013149,3.894e-05
2025-10-15 10:00:00+00:00,2413.25510425,19.62428243,0.74296518,0.74244261,2.372e-05,0.0,4.636e-05
2025-10-15 11:00:00+00:00,2426.616459,19.36796,0.7560875,0.75534456,2.337e-05,0.0,0.00010066
2025-10-15 12:00:00+00:00,2417.61918575,19.31840794,0.76436905,0.762718,6.286e-05,0.00051096,4.947e-05
2025-10-15 13:00:00+00:00,2482.773992,21.01595228,0.74732105,0.74257284,9.289e-05,0.00073601,3.247e-05
2025-10-15 14:00:00+00:00,2434.8818745,20.99488893,0.75662983,0.75022251,0.00027235,0.00144072,2.85e-05
2025-10-15 15:00:00+00:00,2511.25988975,17.64719808,0.78417555,0.78083971,0.0,0.00243356,5.23e-05
2025-10-15 16:00:00+00:00,2557.680774,17.40113492,0.78947511,0.78518728,0.0,0.00358454,6.702e-05
2025-10-15 17:00:00+00:00,2589.9116495,17.12589197,0.79636182,0.79218261,1.918e-05,0.00382443,0.00012151
2025-10-15 18:00:00+00:00,2461.77087175,17.11579795,0.82272941,0.81805001,3.432e-05,0.00405696,0.00022565
2025-10-15 19:00:00+00:00,2256.4791405,17.00562357,0.87455229,0.8692603,4.822e-05,0.00438593,0.00031507
2025-10-15 20:00:00+00:00,2133.5215595,16.6659385,0.93199413,0.92691689,5.394e-05,0.00410093,0.000354
2025-10-15 21:00:00+00:00,1982.54846925,16.35768951,0.94300684,0.9390191,5.194e-05,0.00298802,0.0003642
2025-10-15 22:00:00+00:00,1943.87442075,15.96898974,0.9494704,0.9475555,4.325e-05,0.0009959,0.00033117
2025-10-15 23:00:00+00:00,1884.3728845,15.8895182,0.95040016,0.94895958,0.0,0.00047263,0.00033569
2025-10-16 00:00:00+00:00,1874.05092675,15.78208267,0.95123861,0.94930337,0.0,0.00106033,0.00034488
2025-10-16 01:00:00+00:00,1930.082721,15.72833875,0.95048933,0.948405,0.0,0.00120146,0.00033277
2025-10-16 02:00:00+00:00,1901.44524,15.80905085,0.94919748,0.94693727,0.0,0.00129424,0.00031983
2025-10-16 03:00:00+00:00,1939.97449375,15.87619032,0.94619688,0.94398839,0.0,0.00130235,0.00029667
2025-10-16 04:00:00+00:00,2289.78074,16.47640836,0.94339233,0.93918414,3.228e-05,0.0032458,0.00026656
2025-10-16 05:00:00+00:00,2513.13755025,17.89056229,0.94478349,0.93646675,0.00021191,0.00604213,0.00021047
2025-10-16 06:00:00+00:00,2481.3323035,17.05305504,0.9422143,0.93717061,1.198e-05,0.00408767,0.00019108
2025-10-16 07:00:00+00:00,2530.38387975,17.51093347,0.94070338,0.93724534,2.226e-05,0.00257793,0.00016455
2025-10-16 08:00:00+00:00,2490.586106,18.51828679,0.94195549,0.93785769,0.00015774,0.00298685,0.00012374
2025-10-16 09:00:00+00:00,2412.0861795,19.20866972,0.94184667,0.93800372,0.00023071,0.00245178,0.00013998
2025-10-16 10:00:00+00:00,2388.54694275,19.66854152,0.94155076,0.93779387,8.185e-05,0.00255265,0.00011643
2025-10-16 11:00:00+00:00,2335.55467825,19.6415423,0.93737524,0.93395924,2.851e-05,0.00244646,0.00011433
2025-10-16 12:00:00+00:00,2318.58357725,19.42138148,0.94212223,0.9377503,6.205e-05,0.00335935,0.00013328
2025-10-16 13:00:00+00:00,2352.224744,18.84151541,0.94334161,0.93837909,0.00013811,0.0038639,0.00016647
2025-10-16 14:00:00+00:00,2385.84923875,18.02860988,0.94027735,0.93571766,0.00011186,0.00352707,0.00015299
2025-10-16 15:00:00+00:00,2477.96627475,19.35867667,0.93472398,0.92678668,0.00045975,0.00360739,7.264e-05
2025-10-16 16:00:00+00:00,2507.568628,22.74515574,0.93030186,0.91459744,0.00196414,0.00469151,5.933e-05
2025-10-16 17:00:00+00:00,2473.1275345,18.08777847,0.936162,0.93057124,0.00036544,0.00307443,2.912e-05
2025-10-16 18:00:00+00:00,2444.924621,19.59959548,0.93646755,0.92767819,0.00035833,0.00407069,6.386e-05
2025-10-16 19:00:00+00:00,2218.376687,16.66934755,0.9389343,0.93670363,0.0,0.00183629,5.975e-05
2025-10-16 20:00:00+00:00,2051.465539,16.71442518,0.94379099,0.94211878,2.13e-06,0.0011182,0.00010046
2025-10-16 21:00:00+00:00,1913.371895,16.51061877,0.9444742,0.94327191,1.807e-05,0.00052075,0.00016455
2025-10-16 22:00:00+00:00,1962.9529485,15.91984271,0.94575503,0.94544881,4.62e-05,0.0,9.919e-05
2025-10-16 23:00:00+00:00,2031.4581015,15.99390445,0.94542914,0.94511684,7.056e-05,0.0,9.114e-05
2025-10-17 00:00:00+00:00,2055.7086255,16.13405794,0.94530198,0.94501796,5.817e-05,0.0,9.963e-05
2025-10-17 01:00:00+00:00,1999.118221,16.31069399,0.9446769,0.9444422,3.305e-05,0.0,7.897e-05
2025-10-17 02:00:00+00:00,1940.22000475,16.33299848,0.9455168,0.94530792,0.0,0.0,2.52e-05
2025-10-17 03:00:00+00:00,1969.86629525,16.53971276,0.93853434,0.93836674,0.0,0.0,2.274e-05
2025-10-17 04:00:00+00:00,2366.0507695,21.68080067,0.92731342,0.91829355,0.00028215,0.00182113,5.509e-05
2025-10-17 05:00:00+00:00,2621.0234275,38.63296239,0.91708066,0.86424607,0.00302082,0.0257947,7.34e-05
2025-10-17 06:00:00+00:00,2722.916569,39.23686813,0.91290204,0.86003333,0.00368648,0.02514502,7.412e-05
2025-10-17 07:00:00+00:00,2738.58377525,24.45223683,0.91715501,0.9041023,0.00138633,0.0032356,5.001e-05
2025-10-17 08:00:00+00:00,2746.33220875,22.75166058,0.92096291,0.91543396,1.73e-05,0.0013678,7.772e-05
2025-10-17 09:00:00+00:00,2651.74795875,20.79017927,0.92276832,0.9211703,0.0,0.00067872,6.187e-05
2025-10-17 10:00:00+00:00,2682.813745,23.85315004,0.92576355,0.91681808,2.658e-05,0.00575374,5.982e-05
2025-10-17 11:00:00+00:00,2682.27286575,23.42552881,0.925231,0.91677557,2.668e-05,0.00571122,4.642e-05
2025-10-17 12:00:00+00:00,2596.045023,19.66967162,0.92774027,0.92720843,0.0,4.434e-05,4.603e-05
2025-10-17 13:00:00+00:00,2643.29793575,18.79683463,0.93126603,0.93085811,0.0,0.0,4.889e-05
2025-10-17 14:00:00+00:00,2637.0464185,19.07010575,0.93045775,0.92790408,6.446e-05,0.00059159,7.82e-05
2025-10-17 15:00:00+00:00,2670.85307275,27.01694752,0.92458373,0.90536647,0.00094862,0.00376446,0.00013185
2025-10-17 16:00:00+00:00,2686.697477,17.10393943,0.93506213,0.93373424,5.199e-05,0.00029002,7.01e-05
2025-10-17 17:00:00+00:00,2512.7578775,16.09344037,0.9374562,0.93715108,0.0,0.0,5.435e-05
2025-10-17 18:00:00+00:00,2438.43346975,15.72528365,0.94163085,0.94132337,0.0,0.0,5.933e-05
2025-10-17 19:00:00+00:00,2299.43120925,15.62460869,0.94250322,0.94214988,1.256e-05,0.0,6.566e-05
2025-10-17 20:00:00+00:00,2267.29841675,15.48894754,0.94470637,0.94439408,1.375e-05,0.0,6.201e-05
2025-10-17 21:00:00+00:00,2194.176463,15.5143584,0.94411727,0.94379327,3.497e-05,0.0,7.381e-05
2025-10-17 22:00:00+00:00,2177.84480425,15.21669577,0.94814218,0.9479592,3.02e-06,0.0,6.025e-05
2025-10-17 23:00:00+00:00,2191.6478175,15.2876475,0.94934045,0.9490928,1.791e-05,0.0,8.624e-05
2025-10-18 00:00:00+00:00,2240.39327925,15.42230474,0.94990293,0.94958278,2.706e-05,0.0,0.00012758
2025-10-18 01:00:00+00:00,2182.52072925,15.42333221,0.94778678,0.94755725,3.641e-05,0.0,0.00010038
2025-10-18 02:00:00+00:00,2248.10154025,15.59371936,0.94669775,0.9463684,5.762e-05,0.0,0.00010746
2025-10-18 03:00:00+00:00,2226.47394025,15.63478242,0.94567566,0.94535453,7.072e-05,0.0,0.00014051
2025-10-18 04:00:00+00:00,2321.36410625,15.66120974,0.94357675,0.9432992,9.079e-05,0.0,0.00014684
2025-10-18 05:00:00+00:00,2329.5477115,15.97061998,0.94318471,0.9425956,0.00015166,0.0,0.00013759
2025-10-18 06:00:00+00:00,2363.27834075,16.52761166,0.94192814,0.9412497,0.00013997,0.0,0.00015302
2025-10-18 07:00:00+00:00,2424.49517075,17.7707229,0.93625086,0.93569603,7.094e-05,0.0,0.00014156
2025-10-18 08:00:00+00:00,2335.719537,19.25299044,0.93041357,0.92961439,9.52e-05,0.00012375,0.00016724
2025-10-18 09:00:00+00:00,2162.15636675,20.57455601,0.92556943,0.92487048,8.907e-05,0.0,0.000149
2025-10-18 10:00:00+00:00,2138.92509475,21.53767824,0.92227088,0.9215795,6.923e-05,0.0,0.00013845
2025-10-18 11:00:00+00:00,2117.7276895,21.61724016,0.92028401,0.91954555,6.717e-05,0.0,0.00015558
2025-10-18 12:00:00+00:00,2055.24892875,20.92842942,0.92281888,0.92215036,7.341e-05,0.0,0.00017331
2025-10-18 13:00:00+00:00,2082.675297,19.69019571,0.92658669,0.92598094,8.631e-05,0.0,0.00018619
2025-10-18 14:00:00+00:00,2247.5965925,18.38574049,0.92781683,0.92720555,6.376e-05,0.0,0.00018399
2025-10-18 15:00:00+00:00,2435.59800675,17.54627276,0.92985559,0.92843567,6.85e-05,0.00077848,0.00018726
2025-10-18 16:00:00+00:00,2553.7750955,23.78502164,0.9254576,0.91332121,0.0007407,0.00197885,0.00024342
2025-10-18 17:00:00+00:00,2536.112982,17.06982687,0.93023677,0.92768575,8.918e-05,0.00187147,0.00022429
2025-10-18 18:00:00+00:00,2511.6465835,16.80359469,0.9345493,0.93208437,0.0001144,0.00185427,0.00022405
2025-10-18 19:00:00+00:00,2476.02545625,16.51991004,0.93691492,0.93533731,0.00012664,0.00089306,0.00023515
2025-10-18 20:00:00+00:00,2429.26508125,16.1718731,0.93938499,0.93873746,0.0001299,0.0,0.00024012
2025-10-18 21:00:00+00:00,2340.842922,15.98216634,0.93934329,0.93877985,0.00012417,0.0,0.0002328
2025-10-18 22:00:00+00:00,2255.418537,15.6833012,0.94698776,0.94597816,0.00022381,0.00032828,0.00022882
2025-10-18 23:00:00+00:00,2243.88236475,15.6859364,0.94489642,0.94298079,0.00020037,0.00128089,0.00021489
2025-10-19 00:00:00+00:00,2246.80148,15.63489442,0.94613716,0.94426031,0.00019039,0.00122993,0.00021335
2025-10-19 01:00:00+00:00,2198.078703,15.66267536,0.94658773,0.94423795,0.000195,0.0017418,0.00024416
2025-10-19 02:00:00+00:00,2186.8003605,15.66298613,0.94655915,0.94424883,0.0001801,0.00166196,0.00024303
2025-10-19 03:00:00+00:00,2241.1362225,15.72888701,0.94796447,0.9455227,0.00015579,0.00179814,0.0002365
2025-10-19 04:00:00+00:00,2305.53759,15.78949271,0.9479336,0.946154,0.00017235,0.00118719,0.00024267
2025-10-19 05:00:00+00:00,2373.423952,16.05802733,0.94855089,0.94674959,0.00020609,0.00087859,0.0002575
2025-10-19 06:00:00+00:00,2486.2977115,16.29541947,0.94980338,0.94817804,0.00024366,0.00057399,0.00027252
2025-10-19 07:00:00+00:00,2418.13613275,17.2108811,0.95065944,0.9485853,0.00018422,0.00117165,0.00022371
2025-10-19 08:00:00+00:00,2343.89575725,18.40850599,0.94743326,0.94502625,0.00013455,0.00149751,0.00018331
2025-10-19 09:00:00+00:00,2208.1720955,19.82894983,0.94215588,0.93874038,8.247e-05,0.00252893,0.00016043
2025-10-19 10:00:00+00:00,2178.79619525,20.44451742,0.94182042,0.93841962,9.12e-06,0.00257637,0.00010639
2025-10-19 11:00:00+00:00,2136.3851905,21.05479663,0.94281229,0.93815622,3.2e-07,0.00343336,9.616e-05
2025-10-19 12:00:00+00:00,2050.23292675,20.13064884,0.94414263,0.94123633,1.049e-05,0.00205897,0.00010022
2025-10-19 13:00:00+00:00,2048.07801625,18.88215377,0.94772319,0.94577383,4.979e-05,0.00119506,0.0001463
2025-10-19 14:00:00+00:00,2222.06346475,18.06541742,0.94300449,0.94061186,6.166e-05,0.00166947,0.00017928
2025-10-19 15:00:00+00:00,2514.64153225,17.47499014,0.94115792,0.9380642,6.84e-05,0.00238886,0.00018367
2025-10-19 16:00:00+00:00,2685.4334415,17.35941243,0.94069887,0.93743152,4.052e-05,0.00262949,0.00012779
2025-10-19 17:00:00+00:00,2594.07551075,16.88103748,0.93910196,0.93700941,3.384e-05,0.00158142,8.566e-05
2025-10-19 18:00:00+00:00,2427.31060575,16.43439776,0.94206302,0.94097737,0.0,0.00079957,4.892e-05
2025-10-19 19:00:00+00:00,2249.8348945,16.34979746,0.94417515,0.94318601,7.2e-06,0.00062787,5.112e-05
2025-10-19 20:00:00+00:00,2128.0838425,16.25673014,0.9473993,0.94616435,0.0,0.00096805,4.368e-05
2025-10-19 21:00:00+00:00,2152.91544275,16.44267006,0.94765428,0.94552677,0.0,0.00185553,4.667e-05
2025-10-19 22:00:00+00:00,2282.9249655,16.31377922,0.94687229,0.944939,0.0,0.00167703,5.361e-05
2025-10-19 23:00:00+00:00,2152.5591205,16.14725377,0.94487582,0.94423085,0.0,0.00046691,3.355e-05
2025-10-20 00:00:00+00:00,2093.838391,16.13594294,0.94329559,0.94307527,0.0,0.0,3.071e-05
2025-10-20 01:00:00+00:00,2072.36654675,16.07012397,0.94420836,0.94405212,0.0,0.0,3.217e-05
2025-10-20 02:00:00+00:00,2053.48672075,16.15462353,0.94241379,0.94211278,2.062e-05,0.0,4.483e-05
2025-10-20 03:00:00+00:00,2180.68054325,16.18077342,0.93786254,0.93756288,1.815e-05,0.0,4.941e-05
2025-10-20 04:00:00+00:00,2408.2744485,16.06592979,0.93438805,0.93408694,3.467e-05,0.0,5.308e-05
2025-10-20 05:00:00+00:00,2658.41771225,16.25872402,0.93146921,0.92998058,0.00013165,0.00076786,6.12e-05
2025-10-20 06:00:00+00:00,2683.04442,16.5291676,0.93506346,0.93310507,0.00021543,0.00112584,5.263e-05
2025-10-20 07:00:00+00:00,2594.991432,17.2964509,0.9295897,0.92807427,6.236e-05,0.00028956,4.488e-05
2025-10-20 08:00:00+00:00,2562.8027605,58.2806648,0.91312609,0.86047179,0.00010369,0.00249928,0.00043129
2025-10-20 09:00:00+00:00,2395.5354405,63.85131206,0.9092192,0.85164553,1.94e-06,0.00244614,0.00047588
2025-10-20 10:00:00+00:00,2290.64361775,73.28429218,0.90584715,0.83365236,0.0,0.00292803,0.00049777
2025-10-20 11:00:00+00:00,2309.74748625,65.55033827,0.90804942,0.84843328,6.3e-07,0.00251762,0.00049445
2025-10-20 12:00:00+00:00,2289.098374,49.37854218,0.91844485,0.87781885,7.04e-06,0.0016971,0.00032717
2025-10-20 13:00:00+00:00,2470.85899875,17.18177155,0.93648676,0.9360383,3.553e-05,0.0,2.894e-05
2025-10-20 14:00:00+00:00,2555.3529435,16.45935117,0.94009138,0.93965986,5.471e-05,0.0,3.192e-05
2025-10-20 15:00:00+00:00,2781.0546225,15.86083717,0.94444797,0.94401972,6.402e-05,0.0,5.61e-05
2025-10-20 16:00:00+00:00,2835.284824,15.49616514,0.94356684,0.9431043,3.813e-05,0.0,4.709e-05
2025-10-20 17:00:00+00:00,2706.56470175,15.00278394,0.9436726,0.94329737,2.103e-05,0.0,4.042e-05
2025-10-20 18:00:00+00:00,2555.4393595,14.54359613,0.94755797,0.94724378,1.952e-05,0.0,4.228e-05
2025-10-20 19:00:00+00:00,2463.57296575,14.30339273,0.94966087,0.94933674,2.141e-05,0.0,4.184e-05
2025-10-20 20:00:00+00:00,2266.5487965,13.9318853,0.94623101,0.94598282,2.89e-06,0.0,3.452e-05
2025-10-20 21:00:00+00:00,2191.736889,16.64177245,0.94527464,0.93891838,0.0,0.0003102,2.655e-05
2025-10-20 22:00:00+00:00,2269.86237175,13.96188797,0.94933587,0.94833633,0.0,0.00074107,4.746e-05
2025-10-20 23:00:00+00:00,2260.98300425,13.98109798,0.94979539,0.94847735,0.0,0.00110254,4.653e-05
2025-10-21 00:00:00+00:00,2281.6314365,14.05225786,0.94836059,0.94676033,0.0,0.00132995,5.153e-05
2025-10-21 01:00:00+00:00,2262.7121815,14.23657481,0.94990084,0.94777396,0.0,0.00192329,5.753e-05
2025-10-21 02:00:00+00:00,2237.45726875,14.42740649,0.95105868,0.94872264,0.0,0.00199279,5.429e-05
2025-10-21 03:00:00+00:00,2362.00435225,14.57650158,0.9497085,0.94773801,0.0,0.00164455,5.813e-05
2025-10-21 04:00:00+00:00,2678.36883075,14.86103799,0.94880555,0.94714689,0.0,0.00138817,5.803e-05
2025-10-21 05:00:00+00:00,3000.2284995,15.34308612,0.95086927,0.9488365,0.0,0.00148684,6.764e-05
2025-10-21 06:00:00+00:00,3025.06968375,15.45322433,0.95210817,0.94986271,0.0,0.00163201,7.36e-05
2025-10-21 07:00:00+00:00,2991.097879,21.11014338,0.94835586,0.93506403,0.0,0.00217434,6.198e-05
2025-10-21 08:00:00+00:00,2938.9214775,24.69966404,0.94462617,0.92543004,1.258e-05,0.00254268,6.118e-05
2025-10-21 09:00:00+00:00,2969.23799225,25.41210054,0.94394964,0.92375231,0.0,0.0028287,6.273e-05
2025-10-21 10:00:00+00:00,2913.47673925,25.6648675,0.94384491,0.9234217,0.0,0.00222888,4.772e-05
2025-10-21 11:00:00+00:00,2895.14928925,21.49780791,0.94603496,0.93381422,0.0,0.00107834,3.684e-05
2025-10-21 12:00:00+00:00,2795.1445195,16.15372816,0.94796987,0.94527602,0.0,0.00113453,4.847e-05
2025-10-21 13:00:00+00:00,2599.40517375,15.84779074,0.94696224,0.94429678,0.0,0.00217978,6.676e-05
2025-10-21 14:00:00+00:00,2575.237786,15.5668317,0.94695059,0.94421831,0.0,0.00230939,7.649e-05
2025-10-21 15:00:00+00:00,2685.91739725,15.56183898,0.95118186,0.94791084,0.0,0.0028847,8.092e-05
2025-10-21 16:00:00+00:00,2623.0230015,15.32167283,0.95115884,0.94787652,0.0,0.00275423,7.488e-05
2025-10-21 17:00:00+00:00,2582.1139575,15.18400849,0.9485976,0.94511392,0.0,0.002913,5.691e-05
2025-10-21 18:00:00+00:00,2517.31809,18.47005208,0.94673698,0.93601758,0.0,0.00329634,4.353e-05
2025-10-21 19:00:00+00:00,2379.87307825,20.92462233,0.94549203,0.9292278,0.0,0.00344641,3.788e-05
2025-10-21 20:00:00+00:00,2274.43995475,14.72709487,0.95075927,0.94714314,1.463e-05,0.00323427,5.144e-05
2025-10-21 21:00:00+00:00,2218.4754335,14.7862488,0.95366699,0.94989266,3.522e-05,0.00331462,6.332e-05
2025-10-21 22:00:00+00:00,1964.533667,14.59893467,0.95479208,0.95205539,0.0,0.00229312,6.176e-05
2025-10-21 23:00:00+00:00,1908.74956325,14.520283,0.95567066,0.95363063,1.032e-05,0.00160377,7.234e-05
2025-10-22 00:00:00+00:00,1888.536796,14.57828557,0.95356539,0.95137112,1.722e-05,0.00172954,6.959e-05
2025-10-22 01:00:00+00:00,1880.4511585,14.64927136,0.95358925,0.95131922,7.26e-06,0.00190431,6.553e-05
2025-10-22 02:00:00+00:00,1911.5367175,14.81821992,0.95474308,0.95256905,1.122e-05,0.0016612,5.637e-05
2025-10-22 03:00:00+00:00,1994.00468225,15.31516447,0.95331751,0.94972617,3.07e-06,0.00310376,6.28e-05
2025-10-22 04:00:00+00:00,2285.154502,15.46066383,0.94969612,0.94736036,1.351e-05,0.00189796,7.518e-05
2025-10-22 05:00:00+00:00,2628.908042,15.89934523,0.95206455,0.94993185,1.556e-05,0.00151367,6.045e-05
2025-10-22 06:00:00+00:00,2633.0896375,15.95950266,0.95253501,0.95058822,4.74e-06,0.0012585,6.763e-05
2025-10-22 07:00:00+00:00,2656.9475425,16.05595046,0.95204867,0.95023508,2.5e-07,0.00119324,6.269e-05
2025-10-22 08:00:00+00:00,2662.149412,16.32260786,0.94991463,0.94811818,5.42e-06,0.00115474,5.52e-05
2025-10-22 09:00:00+00:00,2585.71307425,17.49089499,0.94862483,0.94530926,7.33e-06,0.00124228,5.452e-05
2025-10-22 10:00:00+00:00,2584.66212925,16.81254485,0.94460851,0.94274208,1.302e-05,0.00114303,6.687e-05
2025-10-22 11:00:00+00:00,2620.56850125,16.98982981,0.94699852,0.94437332,7.48e-06,0.00187352,4.668e-05
2025-10-22 12:00:00+00:00,2654.71612575,16.9272021,0.94771176,0.94502105,0.0,0.00203465,5.395e-05
2025-10-22 13:00:00+00:00,2582.20653025,16.82676076,0.94478314,0.94198822,0.0,0.00216767,5.499e-05
2025-10-22 14:00:00+00:00,2526.80611025,16.57206855,0.93973657,0.93730809,0.0,0.00193166,7.761e-05
2025-10-22 15:00:00+00:00,2544.2149545,16.61351735,0.94053225,0.93695036,0.0,0.0031137,6.775e-05
2025-10-22 16:00:00+00:00,2554.172647,16.66589673,0.9430329,0.93944157,1.65e-06,0.00296609,6.2e-05
2025-10-22 17:00:00+00:00,2586.63262425,16.49374447,0.94710338,0.94488575,4.54e-06,0.00163196,6.51e-05
2025-10-22 18:00:00+00:00,2423.0252595,16.3343248,0.94731167,0.94597415,0.0,0.00081461,6.408e-05
2025-10-22 19:00:00+00:00,2364.4007295,16.31191199,0.94814746,0.94662702,0.0,0.0009414,7.507e-05
2025-10-22 20:00:00+00:00,2182.0713295,16.55072088,0.94839149,0.94489951,0.0,0.00291548,9.986e-05
2025-10-22 21:00:00+00:00,2105.82383525,16.80535952,0.94486563,0.940188,0.0,0.00401428,0.00010646
2025-10-22 22:00:00+00:00,1961.05599025,17.1053294,0.94333549,0.93829416,0.0,0.00433607,0.00011349
2025-10-22 23:00:00+00:00,1945.24901775,17.37840542,0.94240258,0.93722006,0.0,0.00445843,0.00013359
2025-10-23 00:00:00+00:00,1937.58719025,17.59446818,0.94247452,0.93716181,9.87e-06,0.00453887,0.00014379
2025-10-23 01:00:00+00:00,1910.80131025,17.78894918,0.94036819,0.93552586,0.0,0.00415626,0.00013551
2025-10-23 02:00:00+00:00,1948.94095725,18.23766902,0.94028367,0.93496107,0.0,0.00451111,0.00013023
2025-10-23 03:00:00+00:00,2042.9164285,18.58058529,0.93970379,0.93465521,1.785e-05,0.00425225,0.00015108
2025-10-23 04:00:00+00:00,2341.779479,18.72873352,0.9374506,0.93362777,1.936e-05,0.00318564,0.00010327
2025-10-23 05:00:00+00:00,2601.66736025,19.07360131,0.93631666,0.93254736,1.92e-06,0.00303182,9.308e-05
2025-10-23 06:00:00+00:00,2613.12919975,19.32807149,0.93705992,0.93268363,2.223e-05,0.00331942,9.772e-05
2025-10-23 07:00:00+00:00,2627.69660075,19.37262778,0.93803768,0.93419913,2.77e-05,0.00286812,8.754e-05
2025-10-23 08:00:00+00:00,2647.1197735,19.41018414,0.93450847,0.93109429,4.231e-05,0.00250969,9.91e-05
2025-10-23 09:00:00+00:00,2654.68529175,19.47689389,0.93423863,0.9314025,7.201e-05,0.00185262,9.509e-05
2025-10-23 10:00:00+00:00,2549.48305425,19.05566289,0.93539161,0.93357286,5.839e-05,0.0010014,6.25e-05
2025-10-23 11:00:00+00:00,2546.1039825,18.52576847,0.93826597,0.93751335,6.332e-05,0.0,4.089e-05
2025-10-23 12:00:00+00:00,2561.94905025,18.10637648,0.94052308,0.93979941,6.753e-05,0.0,5.841e-05
2025-10-23 13:00:00+00:00,2551.5474225,17.73661644,0.94231758,0.94111708,6.436e-05,0.00042877,7.836e-05
2025-10-23 14:00:00+00:00,2537.25640425,16.93029085,0.94330551,0.9427896,4.841e-05,0.0,8.426e-05
2025-10-23 15:00:00+00:00,2596.95384975,16.77264545,0.9459765,0.94505484,7.006e-05,0.00039333,8.868e-05
2025-10-23 16:00:00+00:00,2614.93052525,16.53632129,0.94759804,0.94685688,6.259e-05,0.00017134,7.795e-05
2025-10-23 17:00:00+00:00,2571.44566525,16.15165543,0.94919194,0.94872543,2.092e-05,0.0,6.391e-05
2025-10-23 18:00:00+00:00,2348.76026325,15.85345025,0.95071728,0.95028279,1.901e-05,0.0,5.92e-05
2025-10-23 19:00:00+00:00,2242.3601445,15.77452986,0.95262795,0.95229978,6.05e-06,0.0,4.046e-05
2025-10-23 20:00:00+00:00,2152.402783,15.80204662,0.95504668,0.95479995,0.0,0.0,3.983e-05
2025-10-23 21:00:00+00:00,2019.335894,15.6750634,0.95376204,0.95349594,0.0,0.0,3.92e-05
2025-10-23 22:00:00+00:00,2068.9401235,15.43546901,0.9569169,0.95652298,0.0,0.0,7.033e-05
2025-10-23 23:00:00+00:00,2089.2233305,15.71542651,0.95624015,0.95490549,1.01e-06,0.00053791,5.239e-05
2025-10-24 00:00:00+00:00,2087.38726725,17.75426012,0.94980824,0.9426648,5.07e-06,0.00356235,5.99e-05
2025-10-24 01:00:00+00:00,2030.27750425,24.40985039,0.94280975,0.9196404,1.572e-05,0.01144709,0.00017413
2025-10-24 02:00:00+00:00,2007.3646445,24.33472616,0.94147958,0.91863437,9.232e-05,0.01101448,0.00017895
2025-10-24 03:00:00+00:00,2080.06243775,17.68693898,0.94239955,0.93634277,3.41e-06,0.00299496,6.151e-05
2025-10-24 04:00:00+00:00,2431.1497295,16.59042378,0.94765401,0.947243,0.0,0.0,8.356e-05
2025-10-24 05:00:00+00:00,2677.59250825,17.14333323,0.94196351,0.94135221,3.718e-05,0.0,8.427e-05
2025-10-24 06:00:00+00:00,2697.65902075,17.32735823,0.9409146,0.94015993,5.542e-05,0.0,0.00010316
2025-10-24 07:00:00+00:00,2665.20332675,21.62938536,0.93320951,0.91704122,0.00122537,0.01063931,0.0001244
2025-10-24 08:00:00+00:00,2593.5859875,26.33664145,0.92972825,0.900767,0.00121,0.01933901,0.00016449
2025-10-24 09:00:00+00:00,2557.965949,26.87135201,0.93126678,0.90161214,0.00053964,0.02038464,0.00016839
2025-10-24 10:00:00+00:00,2459.71617475,25.00409656,0.93120536,0.90758439,0.00021312,0.01691088,0.00012722
2025-10-24 11:00:00+00:00,2418.87998225,28.06457484,0.93087009,0.90335173,0.00024345,0.01546892,0.00016006
2025-10-24 12:00:00+00:00,2342.35451825,27.79970157,0.93060984,0.90333546,0.00016492,0.0150746,0.00016308
2025-10-24 13:00:00+00:00,2292.1481075,27.17340487,0.92969573,0.90272515,0.00019711,0.01459315,0.0001604
2025-10-24 14:00:00+00:00,2189.6390185,25.92070145,0.92980552,0.90420962,0.00032124,0.01417393,0.0001488
2025-10-24 15:00:00+00:00,2285.3237215,25.41877932,0.92727195,0.90037003,0.00155663,0.01459309,0.00013887
2025-10-24 16:00:00+00:00,2314.78169725,16.59284239,0.93873296,0.93803021,6.586e-05,0.0,0.00013044
2025-10-24 17:00:00+00:00,2213.50005625,16.48726148,0.94225178,0.94161768,5.564e-05,0.0,0.000123
2025-10-24 18:00:00+00:00,2061.5301135,16.13655297,0.94454142,0.94402922,1.761e-05,0.0,7.54e-05
2025-10-24 19:00:00+00:00,1982.12306625,15.85654008,0.94807855,0.94758788,3.33e-06,0.0,7.863e-05
2025-10-24 20:00:00+00:00,1966.894256,15.53885564,0.94847264,0.9480978,0.0,0.0,6.473e-05
2025-10-24 21:00:00+00:00,1821.27249925,15.00087839,0.94778184,0.94748091,0.0,0.0,4.229e-05
2025-10-24 22:00:00+00:00,1871.02147575,14.40465746,0.95184288,0.95149822,0.0,0.0,4.689e-05
2025-10-24 23:00:00+00:00,1758.856409,14.9303826,0.9587758,0.95781615,1.003e-05,0.00016075,0.00010704
2025-10-25 00:00:00+00:00,1858.41104625,18.29696504,0.9497152,0.93983169,0.00010701,0.00427609,0.00017848
2025-10-25 01:00:00+00:00,1823.035053,18.06786641,0.95099165,0.94078308,5.273e-05,0.00472146,0.00013083
2025-10-25 02:00:00+00:00,1826.06104075,18.27739784,0.94902372,0.93868158,5.11e-05,0.00475876,0.00013095
2025-10-25 03:00:00+00:00,1892.01483225,18.34375225,0.94743137,0.93708257,0.00016237,0.00474765,0.00013418
2025-10-25 04:00:00+00:00,1898.16855475,18.76309097,0.94591617,0.93522342,0.00025277,0.00482716,0.00016359
2025-10-25 05:00:00+00:00,1996.799891,18.40687389,0.95173356,0.94253922,0.0002992,0.00427996,0.00017649
2025-10-25 06:00:00+00:00,2099.39821125,15.55394735,0.95292717,0.9522358,0.0,0.0,0.00010637
2025-10-25 07:00:00+00:00,2189.65625975,16.75077315,0.94841018,0.94418947,0.00073974,0.00160902,0.00010089
2025-10-25 08:00:00+00:00,2348.74610675,17.95126959,0.94826008,0.94197701,0.00076528,0.00285411,0.00011094
2025-10-25 09:00:00+00:00,2475.42559,19.45536355,0.94629747,0.93715329,0.00092303,0.00414962,0.00011474
2025-10-25 10:00:00+00:00,2390.2235385,16.68174463,0.95036906,0.94989724,0.0,0.0,2.129e-05
2025-10-25 11:00:00+00:00,2199.17588575,23.31162276,0.94209192,0.92653221,0.0001896,0.00726047,0.00011536
2025-10-25 12:00:00+00:00,2207.74483775,21.34504351,0.94728281,0.93543831,0.00024308,0.00583363,0.00011162
2025-10-25 13:00:00+00:00,2207.0023915,18.2931827,0.95150807,0.94581597,6.934e-05,0.00329564,6.762e-05
2025-10-25 14:00:00+00:00,2263.48515,19.27277968,0.94561393,0.93466958,0.00091539,0.00644452,0.00011255
2025-10-25 15:00:00+00:00,2335.19965075,17.27792651,0.9466328,0.94161638,0.00034712,0.00360252,5.757e-05
2025-10-25 16:00:00+00:00,2297.06287725,16.99683875,0.94701041,0.94312246,5.287e-05,0.00327027,6.859e-05
2025-10-25 17:00:00+00:00,2209.49774675,17.07231184,0.94580391,0.94123081,1.206e-05,0.00393158,9.41e-05
2025-10-25 18:00:00+00:00,2121.88127775,16.97314413,0.94885597,0.94425745,0.0,0.00413324,4.054e-05
2025-10-25 19:00:00+00:00,2060.600065,17.15733041,0.9528519,0.94770365,0.00010815,0.00450084,4.018e-05
2025-10-25 20:00:00+00:00,1972.96481975,16.98187209,0.95377913,0.94905849,0.0,0.00447411,8.05e-06
2025-10-25 21:00:00+00:00,1849.9469905,16.86900485,0.95405502,0.94924599,0.0,0.00454775,0.0
2025-10-25 22:00:00+00:00,1806.000483,16.61717135,0.95222414,0.94765634,0.0,0.00429675,0.0
2025-10-25 23:00:00+00:00,1810.04588075,16.74955957,0.95192015,0.94622186,0.0,0.00539724,0.0
2025-10-26 00:00:00+00:00,1655.49438725,16.20902392,0.94345968,0.93832272,0.0,0.00485235,0.0
2025-10-26 01:00:00+00:00,1602.4825675,17.04078582,0.94349467,0.93541451,0.00013087,0.00621624,3.423e-05
2025-10-26 02:00:00+00:00,1648.428259,19.98223912,0.93704982,0.92118398,9.501e-05,0.00977939,0.00013755
2025-10-26 03:00:00+00:00,1678.7371365,21.03440696,0.94406588,0.92457501,0.00020708,0.01220361,0.00015519
2025-10-26 04:00:00+00:00,1665.85887975,20.94427307,0.9460646,0.92724386,4.868e-05,0.01176561,0.00013681
2025-10-26 05:00:00+00:00,1737.375694,19.56993471,0.94662529,0.93185846,5.37e-06,0.00966836,0.00010747
2025-10-26 06:00:00+00:00,1756.95450525,19.21027687,0.94868759,0.93578946,0.00017848,0.00834546,9.396e-05
2025-10-26 07:00:00+00:00,1980.40750375,19.01514235,0.94647649,0.93563799,0.00026487,0.00692721,9.304e-05
2025-10-26 08:00:00+00:00,2142.2174665,19.73320398,0.94594874,0.93595356,0.00019975,0.00609478,0.00011959
2025-10-26 09:00:00+00:00,2181.53232,19.95352212,0.94547202,0.93652947,0.00013342,0.00514988,0.00011459
2025-10-26 10:00:00+00:00,2260.82281475,25.42743716,0.94168992,0.92220538,0.00022833,0.00994925,0.00013595
2025-10-26 11:00:00+00:00,2329.728092,20.49827939,0.94436327,0.93501853,9.161e-05,0.00525821,0.00012074
2025-10-26 12:00:00+00:00,2318.4388435,20.99434802,0.94506682,0.93403893,0.00011886,0.00632821,0.00014075
2025-10-26 13:00:00+00:00,2437.87739125,20.48615674,0.94757759,0.93642376,9.151e-05,0.00718037,0.00011788
2025-10-26 14:00:00+00:00,2435.996276,20.76496968,0.94956689,0.93796391,9.729e-05,0.0073986,0.00012882
2025-10-26 15:00:00+00:00,2500.05523825,20.38617846,0.95136633,0.94111263,0.00019035,0.0066826,0.00014337
2025-10-26 16:00:00+00:00,2608.61787475,20.15299934,0.95012727,0.94034923,0.00139458,0.00576248,0.00010218
2025-10-26 17:00:00+00:00,2611.0004605,18.97680247,0.94937956,0.9440981,0.00043639,0.00398788,3.829e-05
2025-10-26 18:00:00+00:00,2478.2201615,18.65877318,0.94762699,0.943429,0.0,0.00379128,1.317e-05
2025-10-26 19:00:00+00:00,2441.011604,21.81728409,0.94343129,0.92730471,0.00145298,0.01020157,8.101e-05
2025-10-26 20:00:00+00:00,2385.905138,22.19038993,0.94731588,0.93201814,0.00092527,0.00893791,0.00012343
2025-10-26 21:00:00+00:00,2291.4736975,24.81646022,0.94628296,0.92512958,0.00069157,0.01178078,0.00012895
2025-10-26 22:00:00+00:00,2185.22716275,26.42539092,0.94060565,0.91635586,0.00035149,0.01310109,0.00014719
2025-10-26 23:00:00+00:00,2085.297298,22.81355798,0.93955088,0.9239462,0.00027703,0.00871709,0.00020438
2025-10-27 00:00:00+00:00,1963.90333625,21.46342468,0.93811029,0.92430999,0.00078278,0.00733605,0.00018444
2025-10-27 01:00:00+00:00,1921.438178,26.6479285,0.93052053,0.90239357,0.00120182,0.01571908,0.00024946
2025-10-27 02:00:00+00:00,1892.33103525,30.61520779,0.92863015,0.88871227,0.00123657,0.02413627,0.00024093
2025-10-27 03:00:00+00:00,1866.98379825,35.95737152,0.92339876,0.86744188,0.0014767,0.03588719,0.00027806
2025-10-27 04:00:00+00:00,1990.32877875,36.88474127,0.91656355,0.85968739,0.00071833,0.03930304,0.00018635
2025-10-27 05:00:00+00:00,2283.73136425,20.45444951,0.91597525,0.90866528,1.03e-05,0.0046429,9.907e-05
2025-10-27 06:00:00+00:00,2557.622972,22.52715156,0.91089317,0.89684178,0.0002417,0.0105687,0.00018719
2025-10-27 07:00:00+00:00,2703.88844125,19.87348813,0.91094724,0.90590256,0.00016306,0.00379865,0.00024041
2025-10-27 08:00:00+00:00,2693.48997,19.96113575,0.91418294,0.91024317,5.893e-05,0.00292501,0.0002352
2025-10-27 09:00:00+00:00,2729.70930675,20.25476405,0.91868522,0.91502015,6.579e-05,0.00273739,0.00021724
2025-10-27 10:00:00+00:00,2723.85156775,20.65958195,0.92063543,0.91700053,8.79e-05,0.00258809,0.00026234
2025-10-27 11:00:00+00:00,2634.83473825,20.95322854,0.92025836,0.91597707,0.00011821,0.00308389,0.00028465
2025-10-27 12:00:00+00:00,2696.6669495,22.53311643,0.91915275,0.90935768,0.00015473,0.00744864,0.00029627
2025-10-27 13:00:00+00:00,2752.001105,25.24459333,0.92169411,0.90061986,0.00022854,0.01707128,0.00025762
2025-10-27 14:00:00+00:00,2795.88065875,29.20243256,0.91681684,0.8799888,0.00055129,0.02999081,0.00026588
2025-10-27 15:00:00+00:00,2808.8616,31.32666267,0.91443802,0.86832803,0.00187203,0.03579897,0.00026773
2025-10-27 16:00:00+00:00,2892.45972425,37.64631324,0.91253826,0.84476189,0.00617854,0.04596266,0.00029296
2025-10-27 17:00:00+00:00,2806.3319725,36.40774849,0.91009953,0.84578808,0.00554247,0.04470462,0.00026061
2025-10-27 18:00:00+00:00,2697.919606,31.11074511,0.91055295,0.86279087,0.0020634,0.03793877,0.00026677
2025-10-27 19:00:00+00:00,2608.8603605,22.44428201,0.91320931,0.89730405,0.00018488,0.01376773,0.00032132
2025-10-27 20:00:00+00:00,2492.908093,19.99156707,0.92100715,0.9153027,0.00023423,0.00422385,0.00035531
2025-10-27 21:00:00+00:00,2315.87332825,19.46591418,0.92794565,0.92406895,0.00017805,0.00273479,0.00037717
2025-10-27 22:00:00+00:00,2164.64112975,19.06788644,0.9343553,0.93149049,0.00011,0.00179437,0.00037511
2025-10-27 23:00:00+00:00,2124.3738205,18.49172065,0.94352616,0.94248613,4.28e-05,0.00018402,0.0002871
2025-10-28 00:00:00+00:00,2073.5061805,18.55967978,0.94698866,0.94467215,6.3e-07,0.00110554,0.00017269
2025-10-28 01:00:00+00:00,2108.7263915,20.23131299,0.94377985,0.93551095,3.46e-06,0.0049108,0.00014346
2025-10-28 02:00:00+00:00,2142.63746875,20.29841845,0.93750702,0.92946542,1.86e-06,0.00470749,0.0001617
2025-10-28 03:00:00+00:00,2099.11204325,26.26533955,0.93198413,0.90895035,3.108e-05,0.01382304,0.00012797
2025-10-28 04:00:00+00:00,2252.984036,24.96659292,0.93060972,0.91124617,2.424e-05,0.01225787,0.00012288
2025-10-28 05:00:00+00:00,2564.66571275,31.57860282,0.92307656,0.88603952,0.00015636,0.02467884,0.00020271
2025-10-28 06:00:00+00:00,2730.965943,39.1869598,0.91439167,0.85702412,0.00210966,0.03506038,0.00022018
2025-10-28 07:00:00+00:00,2759.01642,73.43600105,0.90262125,0.79866387,0.00232293,0.03489879,0.00044152
2025-10-28 08:00:00+00:00,2536.06621475,97.32489083,0.88975017,0.75980612,0.00201915,0.03331181,0.00060891
2025-10-28 09:00:00+00:00,2549.82009075,87.42879979,0.89294209,0.77117423,0.00147148,0.03914107,0.00054384
2025-10-28 10:00:00+00:00,2688.41030775,52.12531801,0.90614275,0.82517025,0.00086071,0.04448843,0.00027674
2025-10-28 11:00:00+00:00,2679.20515075,38.57789881,0.90980417,0.85101659,0.00085744,0.04084629,0.00024211
2025-10-28 12:00:00+00:00,2699.60553225,33.69129534,0.91301507,0.86942559,0.00088797,0.02870464,0.00024915
2025-10-28 13:00:00+00:00,2723.622847,33.18628805,0.91336466,0.87118397,0.0010954,0.02671432,0.00024961
2025-10-28 14:00:00+00:00,2715.00910325,34.02455714,0.90808495,0.85825134,0.00216013,0.03344292,0.00026972
2025-10-28 15:00:00+00:00,2701.425316,30.91143897,0.90056494,0.86025797,0.0027194,0.0245273,0.00025067
2025-10-28 16:00:00+00:00,2782.2246255,37.30710553,0.90044974,0.84482254,0.00449234,0.03092081,0.00026648
2025-10-28 17:00:00+00:00,2717.412981,73.75572373,0.8798252,0.77840889,0.00913271,0.02534494,0.0005498
2025-10-28 18:00:00+00:00,2547.54866175,42.81745676,0.89187,0.80273786,0.00778523,0.06116784,0.00027128
2025-10-28 19:00:00+00:00,2427.50963125,36.10750066,0.89690816,0.83383946,0.00287974,0.04469364,0.00028389
2025-10-28 20:00:00+00:00,2331.61719425,21.60617883,0.90837361,0.89352163,0.00019663,0.01131221,0.00022147
2025-10-28 21:00:00+00:00,2201.138512,17.97164052,0.91966427,0.9186966,0.00012837,0.0,0.00025462
2025-10-28 22:00:00+00:00,2155.04040425,18.29141855,0.92742891,0.92616921,0.00019742,0.0,0.00033392
2025-10-28 23:00:00+00:00,2146.37132075,18.43010861,0.92601147,0.92404051,0.00016704,0.00052078,0.00032279
2025-10-29 00:00:00+00:00,2132.44071525,18.36141281,0.9265973,0.92525756,0.0001384,2.948e-05,0.0003959
2025-10-29 01:00:00+00:00,2069.91688025,18.49458846,0.93001094,0.92865243,0.00012727,0.0,0.00037738
2025-10-29 02:00:00+00:00,2007.57178425,18.56562956,0.93148291,0.9301086,0.00013557,0.0,0.00037129
2025-10-29 03:00:00+00:00,2055.79916375,18.86096274,0.92927168,0.92607128,0.00019203,0.0016671,0.0003426
2025-10-29 04:00:00+00:00,2142.99481425,19.16940654,0.92542208,0.92090437,0.00044709,0.00252978,0.0003581
2025-10-29 05:00:00+00:00,2366.8254015,22.02180542,0.91930904,0.90350976,0.0005881,0.01276015,0.0002725
2025-10-29 06:00:00+00:00,2570.66109375,34.50210337,0.90893906,0.84419415,0.00161365,0.05518059,0.00021519
2025-10-29 07:00:00+00:00,2635.1792585,76.32424723,0.89153298,0.76890608,0.00127444,0.05950575,0.00052637
2025-10-29 08:00:00+00:00,2549.61053425,97.46654037,0.88795003,0.75657139,0.00035923,0.03901527,0.00074271
2025-10-29 09:00:00+00:00,2608.4667465,80.74994491,0.8941135,0.78213753,0.0004141,0.04094075,0.00058665
2025-10-29 10:00:00+00:00,2564.336099,38.37782379,0.90830014,0.85293585,0.00061882,0.03607113,0.0002727
2025-10-29 11:00:00+00:00,2580.10052825,34.33100665,0.90223302,0.86014269,0.00043606,0.02990995,0.000309
2025-10-29 12:00:00+00:00,2607.37375175,45.98486809,0.90188949,0.86543021,0.0002461,0.0032487,0.00050134
2025-10-29 13:00:00+00:00,2597.19218725,31.54319533,0.90982162,0.86467685,0.00112871,0.0361785,0.00019
2025-10-29 14:00:00+00:00,2654.0511195,32.21020177,0.91884437,0.866674,0.00115966,0.04300355,0.0001408
2025-10-29 15:00:00+00:00,2679.8121795,42.52368303,0.91083298,0.83054231,0.00514145,0.05297132,0.00018831
2025-10-29 16:00:00+00:00,2722.662417,42.31252116,0.9073965,0.82430626,0.00630535,0.05646573,0.00018968
2025-10-29 17:00:00+00:00,2551.05100375,38.57267334,0.90504936,0.83290085,0.00424348,0.05145953,0.000152
2025-10-29 18:00:00+00:00,2469.18146325,26.95605448,0.90992026,0.87230364,0.0006858,0.03186136,8.711e-05
2025-10-29 19:00:00+00:00,2311.75373875,17.69931021,0.9167718,0.91561717,0.00012122,9.636e-05,0.00012911
2025-10-29 20:00:00+00:00,2255.385569,17.6588565,0.92309778,0.92223445,8.74e-05,0.0,0.00019798
2025-10-29 21:00:00+00:00,2182.8333915,17.78952039,0.93059949,0.92973607,8.733e-05,0.0,0.00021696
2025-10-29 22:00:00+00:00,1929.360202,17.75807892,0.93517756,0.93420565,7.495e-05,0.0,0.00022726
2025-10-29 23:00:00+00:00,1958.855604,17.81971008,0.93865821,0.93769972,8.764e-05,0.0,0.00022247
2025-10-30 00:00:00+00:00,1970.8841925,17.90302647,0.93967181,0.93873142,9.026e-05,0.0,0.0002166
2025-10-30 01:00:00+00:00,2047.30259225,18.21065813,0.93967564,0.93861993,9.881e-05,0.0,0.00026935
2025-10-30 02:00:00+00:00,2038.54443275,18.12701272,0.93848257,0.93765148,4.96e-05,0.0,0.00020113
2025-10-30 03:00:00+00:00,2084.27295075,18.11591375,0.9355112,0.93469338,4.224e-05,0.0,0.00019066
2025-10-30 04:00:00+00:00,2116.93818,18.15729359,0.93169802,0.9307715,7.291e-05,0.0,0.00024387
2025-10-30 05:00:00+00:00,2356.14987875,18.1102511,0.92670813,0.92577912,8.185e-05,0.0,0.00023738
2025-10-30 06:00:00+00:00,2584.6671215,20.02885585,0.9214254,0.9146545,0.00025465,0.00407101,0.00022777
2025-10-30 07:00:00+00:00,2603.714951,23.74667335,0.91321066,0.89605419,0.00079787,0.01048664,0.00022764
2025-10-30 08:00:00+00:00,2708.803222,32.27173033,0.90957339,0.87255742,0.0011288,0.01875823,0.00023982
2025-10-30 09:00:00+00:00,2863.4594725,36.39541998,0.91160592,0.86996432,0.0002027,0.01893992,0.00026022
2025-10-30 10:00:00+00:00,2919.16423775,65.96941724,0.90587693,0.83097328,8.67e-05,0.0145272,0.0005369
2025-10-30 11:00:00+00:00,2826.66510525,25.43000483,0.91912887,0.90051525,6.271e-05,0.01073037,0.00019955
2025-10-30 12:00:00+00:00,2792.32437875,27.83366353,0.9130972,0.88560205,2.316e-05,0.01802499,0.00014704
2025-10-30 13:00:00+00:00,2646.8715575,24.73954558,0.91445956,0.88948375,5.067e-05,0.01866508,9.267e-05
2025-10-30 14:00:00+00:00,2695.52863675,16.38445813,0.93588989,0.9354642,0.0,0.0,4.059e-05
2025-10-30 15:00:00+00:00,2858.0529505,15.99727297,0.940222,0.93991354,0.0,0.0,3.782e-05
2025-10-30 16:00:00+00:00,2988.9947105,15.57548215,0.94128846,0.9409189,0.0,0.0,4.738e-05
2025-10-30 17:00:00+00:00,2838.39597075,15.2008975,0.94264603,0.94221264,0.0,0.0,6.193e-05
2025-10-30 18:00:00+00:00,2572.77989575,14.68747807,0.94183223,0.94146079,0.0,0.0,4.034e-05
2025-10-30 19:00:00+00:00,2330.689359,14.31185573,0.93742489,0.93711227,0.0,0.0,3.463e-05
2025-10-30 20:00:00+00:00,2227.29848975,14.26999022,0.93970418,0.93936995,0.0,0.0,4.019e-05
2025-10-30 21:00:00+00:00,2169.814387,14.48556917,0.94615801,0.94576547,0.0,0.0,7.354e-05
2025-10-30 22:00:00+00:00,2102.9336125,14.95382843,0.95138831,0.95090803,0.0,0.0,9.198e-05
2025-10-30 23:00:00+00:00,2038.80800925,15.09122343,0.95497417,0.95450035,0.0,0.0,8.043e-05
2025-10-31 00:00:00+00:00,2057.63375425,15.28784026,0.95438421,0.9538947,0.0,0.0,9.692e-05
2025-10-31 01:00:00+00:00,1993.0782975,15.35168428,0.94775425,0.94724545,0.0,0.0,9.645e-05
2025-10-31 02:00:00+00:00,1936.0671775,15.55126624,0.94700202,0.94656319,0.0,0.0,7.912e-05
2025-10-31 03:00:00+00:00,2013.1632775,15.68141757,0.94306787,0.94265866,0.0,0.0,7.276e-05
2025-10-31 04:00:00+00:00,2162.09478175,16.18527532,0.94005284,0.93964334,0.0,0.0,7.45e-05
2025-10-31 05:00:00+00:00,2484.28961925,16.99068751,0.93620535,0.93582647,0.0,0.0,7.553e-05
2025-10-31 06:00:00+00:00,2675.9055725,17.48125665,0.93314469,0.93295014,0.0,0.0,2.615e-05
2025-10-31 07:00:00+00:00,2718.3645725,18.30537958,0.92747654,0.92702158,2.75e-06,6.234e-05,4.477e-05
2025-10-31 08:00:00+00:00,2526.8134615,19.7445127,0.9168339,0.91528888,2.591e-05,0.00031244,7.815e-05
2025-10-31 09:00:00+00:00,2535.28899825,22.45098077,0.91109268,0.90585992,0.00012983,0.00177173,0.00015129
2025-10-31 10:00:00+00:00,2491.21640175,27.21176854,0.90439365,0.88820718,0.00010181,0.00937279,0.00018637
2025-10-31 11:00:00+00:00,2450.59364975,29.25585842,0.90441794,0.88275936,0.00045101,0.01296758,0.0002529
2025-10-31 12:00:00+00:00,2396.80985375,29.14434412,0.90031273,0.87627093,0.00021856,0.01633929,0.00023141
2025-10-31 13:00:00+00:00,2431.19446925,28.63934858,0.90154299,0.87691451,0.00038321,0.01646337,0.0001929
2025-10-31 14:00:00+00:00,2536.555162,21.72880364,0.90925348,0.90321993,0.00018764,0.0035348,0.00014958
2025-10-31 15:00:00+00:00,2635.4566405,22.19910729,0.90721689,0.89884381,0.00042718,0.00504744,0.00019433
2025-10-31 16:00:00+00:00,2705.01444225,44.20582403,0.88663149,0.81676845,0.0074673,0.03486124,0.00030448
2025-10-31 17:00:00+00:00,2638.633471,33.61987358,0.89559671,0.85018156,0.0030217,0.02896297,0.00024268
2025-10-31 18:00:00+00:00,2475.79865125,28.78004342,0.90415193,0.87522275,0.00102297,0.01801931,0.00023512
2025-10-31 19:00:00+00:00,2339.9095305,20.10496982,0.92005191,0.91588588,0.00021154,0.00265816,0.00022075
2025-10-31 20:00:00+00:00,2209.17337075,19.79911983,0.9257019,0.92166825,0.00021566,0.00280911,0.00023177
2025-10-31 21:00:00+00:00,2165.4138145,19.2146149,0.92987004,0.92790774,0.00019177,0.00092207,0.00024184
2025-10-31 22:00:00+00:00,2060.63762175,18.71711849,0.93292941,0.93198611,0.00014223,0.0,0.00021745
2025-10-31 23:00:00+00:00,1911.144739,18.37768008,0.94583166,0.94507719,3.894e-05,0.0,0.00018933
2025-11-01 00:00:00+00:00,1819.20047375,18.22912722,0.95058636,0.9498662,0.0,0.0,0.00022364
2025-11-01 01:00:00+00:00,1772.21146225,18.05926533,0.95192592,0.95123764,0.0,0.0,0.00019127
2025-11-01 02:00:00+00:00,1823.89105125,17.81257404,0.95341713,0.95289087,0.0,0.0,0.00016076
2025-11-01 03:00:00+00:00,1860.6007035,17.54441336,0.95455421,0.95417507,0.0,0.0,0.00010861
2025-11-01 04:00:00+00:00,1876.44087675,17.20694576,0.95261079,0.95228606,0.0,0.0,6.922e-05
2025-11-01 05:00:00+00:00,1957.36078025,17.02667586,0.95235878,0.95204796,0.0,0.0,5.67e-05
2025-11-01 06:00:00+00:00,1934.91212475,16.93576373,0.95193707,0.95162236,0.0,0.0,4.017e-05
2025-11-01 07:00:00+00:00,1973.63496875,17.24300957,0.95243004,0.95204185,0.0,0.0,5.046e-05
2025-11-01 08:00:00+00:00,2103.17575925,17.76366455,0.95088067,0.95054604,0.0,0.0,3.333e-05
2025-11-01 09:00:00+00:00,2044.57259475,17.90079927,0.95006021,0.94978233,0.0,0.0,2.176e-05
2025-11-01 10:00:00+00:00,1952.64513425,17.97765122,0.94883374,0.94849875,0.0,0.0,3.424e-05
2025-11-01 11:00:00+00:00,1933.35445875,17.86841178,0.94933887,0.94892943,0.0,0.0,5.185e-05
2025-11-01 12:00:00+00:00,2087.82992025,17.62057815,0.94995982,0.94951825,0.0,0.0,6.331e-05
2025-11-01 13:00:00+00:00,2113.66968625,17.11980107,0.95096243,0.95029734,1.539e-05,0.0,0.00014687
2025-11-01 14:00:00+00:00,2150.52923475,16.58545725,0.95440529,0.95365108,4.068e-05,0.0,0.00019856
2025-11-01 15:00:00+00:00,2259.2901485,16.19729935,0.95406515,0.95325501,6.275e-05,0.0,0.0002181
2025-11-01 16:00:00+00:00,2357.59159975,16.03526151,0.95422586,0.95324357,7.576e-05,0.0,0.00019709
2025-11-01 17:00:00+00:00,2328.7845825,15.7036525,0.95224692,0.95134788,6.658e-05,0.0,0.00021087
2025-11-01 18:00:00+00:00,2276.82117825,15.50427668,0.9512684,0.95040496,3.264e-05,0.0,0.00019738
2025-11-01 19:00:00+00:00,2219.496948,15.27440249,0.95024919,0.94942796,2.205e-05,0.0,0.00018339
2025-11-01 20:00:00+00:00,2241.70058625,15.19860418,0.95052683,0.9497017,2.974e-05,0.0,0.00016891
2025-11-01 21:00:00+00:00,2173.88829925,15.13364246,0.9495616,0.94892163,7.33e-06,0.0,0.0001292
2025-11-01 22:00:00+00:00,2067.63649625,15.0592562,0.94708522,0.94646267,7.79e-06,0.0,0.00013189
2025-11-01 23:00:00+00:00,2078.12220875,15.59660723,0.94471718,0.94246627,0.0,0.00150424,0.00017451
2025-11-02 00:00:00+00:00,1950.3012685,16.23784175,0.94298413,0.93826163,0.0,0.00391328,0.00020812
2025-11-02 01:00:00+00:00,1913.298887,16.65393076,0.94400738,0.93796522,0.0,0.00520558,0.00019296
2025-11-02 02:00:00+00:00,1859.42560475,16.68786355,0.94384692,0.93771913,0.0,0.00551084,0.00016576
2025-11-02 03:00:00+00:00,1861.84140425,16.93016311,0.94385598,0.93712933,0.0,0.00615638,0.00015017
2025-11-02 04:00:00+00:00,1831.74421,17.01927471,0.94146299,0.93487347,0.0,0.00605143,0.00013099
2025-11-02 05:00:00+00:00,1842.6540285,17.15753121,0.93894769,0.9323383,0.0,0.00604829,0.00013822
2025-11-02 06:00:00+00:00,1834.773005,17.30996132,0.93576073,0.92915769,0.0,0.00605342,0.00011744
2025-11-02 07:00:00+00:00,1948.11894075,17.59158814,0.93629096,0.9299257,0.0,0.00582913,0.00011499
2025-11-02 08:00:00+00:00,2036.3460495,18.05002238,0.93486867,0.92868674,0.0,0.00557082,0.00012584
2025-11-02 09:00:00+00:00,2092.71738225,18.24117094,0.93672813,0.93091205,0.0,0.00518479,0.00012291
2025-11-02 10:00:00+00:00,2203.7296595,18.46839448,0.93722535,0.93147474,0.0,0.00505443,0.00014254
2025-11-02 11:00:00+00:00,2286.968,18.67712955,0.93731359,0.93136995,0.0,0.00500883,0.00020548
2025-11-02 12:00:00+00:00,2292.990627,18.66065092,0.93687999,0.93124205,0.0,0.00470188,0.00020395
2025-11-02 13:00:00+00:00,2279.272748,18.20728207,0.93801012,0.93547982,0.0,0.00148468,0.00024086
2025-11-02 14:00:00+00:00,2289.7506805,18.05822126,0.93998131,0.9388432,0.0,9.578e-05,0.00032168
2025-11-02 15:00:00+00:00,2468.3254495,17.93222793,0.94186444,0.94086784,0.0,0.0,0.00027426
2025-11-02 16:00:00+00:00,2538.8443835,17.95431954,0.94234564,0.94049034,0.0,0.00089364,0.00015686
2025-11-02 17:00:00+00:00,2543.720569,17.8453107,0.94276909,0.94153566,0.0,0.00037386,0.00019719
2025-11-02 18:00:00+00:00,2493.796884,17.86966159,0.94166411,0.94072487,0.0,0.0,0.00022802
2025-11-02 19:00:00+00:00,2398.16687725,18.03693393,0.94129327,0.94031665,0.0,0.0,0.00023797
2025-11-02 20:00:00+00:00,2244.78742925,17.93982538,0.9399321,0.93876365,9.409e-05,0.0,0.00029566
2025-11-02 21:00:00+00:00,2133.34436,17.87904378,0.93916942,0.93804532,5.007e-05,0.0,0.00029765
2025-11-02 22:00:00+00:00,2068.5271135,17.8220885,0.93810941,0.93692016,5.074e-05,0.0,0.00031278
2025-11-02 23:00:00+00:00,1996.238946,18.09627695,0.93910615,0.93788318,5.67e-06,0.0,0.00032589
2025-11-03 00:00:00+00:00,1984.8088265,18.13777265,0.93966909,0.93842253,0.0,0.0,0.00033476
2025-11-03 01:00:00+00:00,1929.69715075,18.02691199,0.9404029,0.93919422,0.0,0.0,0.00030363
2025-11-03 02:00:00+00:00,1962.24583075,17.97082327,0.9427345,0.94159895,0.0,0.0,0.00031019
2025-11-03 03:00:00+00:00,1918.4860435,17.79110122,0.94187763,0.94082616,0.0,0.0,0.00029118
2025-11-03 04:00:00+00:00,2014.465435,17.88521668,0.93926743,0.93820442,0.0,0.0,0.00025051
2025-11-03 05:00:00+00:00,2363.254789,17.75988392,0.93616982,0.93529478,0.0,0.0,0.00020048
2025-11-03 06:00:00+00:00,2616.6551265,17.54338554,0.93657408,0.9361176,0.0,0.0,7.912e-05
2025-11-03 07:00:00+00:00,2605.7583525,17.86616486,0.93533835,0.93347721,8.488e-05,0.00123758,6.383e-05
2025-11-03 08:00:00+00:00,2632.7832595,17.96426302,0.93691008,0.93574945,5.919e-05,0.00059016,6.075e-05
2025-11-03 09:00:00+00:00,2621.47702725,18.65421082,0.9366658,0.93424023,0.00011958,0.00134445,9.848e-05
2025-11-03 10:00:00+00:00,2659.51986625,18.93606571,0.93627055,0.93358488,8.175e-05,0.00164126,0.0001021
2025-11-03 11:00:00+00:00,2564.21559875,18.94105695,0.93525957,0.93266095,3.999e-05,0.00154101,6.863e-05
2025-11-03 12:00:00+00:00,2525.30052675,18.24989383,0.93491169,0.93374179,1.255e-05,0.00059751,5.109e-05
2025-11-03 13:00:00+00:00,2590.68684725,17.69576066,0.93482989,0.93417552,1.814e-05,0.00022468,4.029e-05
2025-11-03 14:00:00+00:00,2719.136579,17.28735837,0.93476591,0.93427511,9.96e-06,0.0001653,4.108e-05
2025-11-03 15:00:00+00:00,2806.82363675,17.03899803,0.93651819,0.9357733,2.407e-05,0.00034529,5.773e-05
2025-11-03 16:00:00+00:00,2796.258491,16.73585807,0.93932035,0.93866434,1.532e-05,0.00014635,6.464e-05
2025-11-03 17:00:00+00:00,2722.5377695,16.32610964,0.94000368,0.93944511,9.76e-06,0.0,0.00015302
2025-11-03 18:00:00+00:00,2580.9931685,16.02951894,0.94277577,0.94216515,1.464e-05,0.0,0.00015583
2025-11-03 19:00:00+00:00,2388.72363,15.5937522,0.94467244,0.94383268,2.09e-06,0.00044809,0.0001014
2025-11-03 20:00:00+00:00,2311.1710125,15.09024774,0.9452278,0.94433072,0.0,0.000568,7.296e-05
2025-11-03 21:00:00+00:00,2123.1363985,14.72668979,0.9487242,0.94805436,0.0,0.00042154,4.791e-05
2025-11-03 22:00:00+00:00,2024.084021,14.2733251,0.94813721,0.94776008,0.0,0.00025284,1.055e-05
2025-11-03 23:00:00+00:00,2056.68013225,14.22330505,0.94906127,0.94895323,0.0,0.0,0.0
2025-11-04 00:00:00+00:00,1899.25897975,14.24024635,0.95380667,0.9536941,0.0,0.0,0.0
2025-11-04 01:00:00+00:00,1894.22944675,14.18326551,0.95183633,0.95167853,0.0,5.35e-05,1.35e-06
2025-11-04 02:00:00+00:00,1740.65555525,14.20507875,0.95121966,0.95111096,0.0,6.04e-05,1.54e-06
2025-11-04 03:00:00+00:00,1829.9546555,14.26678993,0.95205986,0.95197168,0.0,6.539e-05,1.67e-06
2025-11-04 04:00:00+00:00,1929.71522825,14.29386684,0.95312706,0.95292965,0.0,0.0,1.706e-05
2025-11-04 05:00:00+00:00,2228.79127775,14.67259998,0.9545672,0.95406412,0.0,0.0,8.582e-05
2025-11-04 06:00:00+00:00,2437.87861825,14.39427558,0.9497004,0.94875807,0.0,0.00052335,7.52e-05
2025-11-04 07:00:00+00:00,2490.49080425,14.30853316,0.95138374,0.95088716,0.0,0.0,7.925e-05
2025-11-04 08:00:00+00:00,2510.55297375,14.38833908,0.95243235,0.95189555,0.0,0.0,7.285e-05
2025-11-04 09:00:00+00:00,2557.91625725,14.48474523,0.95459651,0.95408304,0.0,0.0,7.117e-05
2025-11-04 10:00:00+00:00,2571.90142175,14.55694619,0.95369783,0.95301901,0.0,0.00017237,7.477e-05
2025-11-04 11:00:00+00:00,2573.230795,14.73110588,0.95214214,0.95102229,0.0,0.00051989,0.0001205
2025-11-04 12:00:00+00:00,2635.30564275,14.77166044,0.95151221,0.95036615,1.72e-06,0.00062477,8.646e-05
2025-11-04 13:00:00+00:00,2552.64921975,14.63928606,0.95108932,0.95049247,4.19e-06,0.00011421,9.689e-05
2025-11-04 14:00:00+00:00,2582.6057945,14.80951485,0.95014297,0.94902472,1.975e-05,0.0005725,0.00015236
2025-11-04 15:00:00+00:00,2593.46825425,14.70547906,0.95034194,0.94899819,1.008e-05,0.00090754,0.00013368
2025-11-04 16:00:00+00:00,2655.14227725,15.09641852,0.94860107,0.94541539,7.4e-06,0.00262607,0.00017919
2025-11-04 17:00:00+00:00,2589.8824625,14.94815814,0.94765629,0.94448528,8.89e-06,0.00268366,0.00019238
2025-11-04 18:00:00+00:00,2477.33997525,14.74976309,0.94667628,0.94377402,1.179e-05,0.00237558,0.00018718
2025-11-04 19:00:00+00:00,2282.064749,14.552321,0.94956023,0.94865039,1.724e-05,0.00024207,0.0001639
2025-11-04 20:00:00+00:00,2170.957512,14.72156602,0.95255447,0.95097913,1.027e-05,0.00093645,0.00016244
2025-11-04 21:00:00+00:00,2032.766834,14.75471946,0.95323534,0.95186042,7.09e-06,0.0007043,0.00015761
2025-11-04 22:00:00+00:00,1928.85575275,14.70291534,0.95221909,0.95093198,0.0,0.00061781,0.00014808
2025-11-04 23:00:00+00:00,1895.49279425,15.05690188,0.95357743,0.95258518,0.0,0.00014265,0.00015499
2025-11-05 00:00:00+00:00,1878.70038,15.13819522,0.94929926,0.94828257,0.0,0.00019891,0.00016806
2025-11-05 01:00:00+00:00,1841.53883925,15.18761455,0.9492174,0.94829028,0.0,5.67e-06,0.00020011
2025-11-05 02:00:00+00:00,1775.0313085,15.24050755,0.94783654,0.94651475,0.0,0.00052678,0.00018309
2025-11-05 03:00:00+00:00,1763.56098575,15.23614444,0.94691349,0.94561443,0.0,0.00060872,0.00015213
2025-11-05 04:00:00+00:00,1839.452576,15.09417732,0.95105903,0.95022929,0.0,0.0,0.00015736
2025-11-05 05:00:00+00:00,2083.0594705,14.96793429,0.95115618,0.95048717,0.0,0.0,0.00012817
2025-11-05 06:00:00+00:00,2298.9039915,15.23392456,0.94626644,0.9447211,0.0,0.00091458,0.00013
2025-11-05 07:00:00+00:00,2332.6358585,15.19495133,0.94642062,0.94575845,0.0,0.00017621,7.413e-05
2025-11-05 08:00:00+00:00,2381.503755,15.58280582,0.94628861,0.94532339,0.0,0.00044448,8.045e-05
2025-11-05 09:00:00+00:00,2532.62896,15.97381802,0.94988923,0.94895521,0.0,0.00038936,8.448e-05
2025-11-05 10:00:00+00:00,2602.65041225,16.49526066,0.95106094,0.94917348,0.0,0.00127863,0.00010566
2025-11-05 11:00:00+00:00,2645.6036435,16.59438804,0.95104095,0.94926332,0.0,0.00120347,9.986e-05
2025-11-05 12:00:00+00:00,2621.401643,16.6224329,0.94981809,0.94781466,0.0,0.00138658,0.00011105
2025-11-05 13:00:00+00:00,2559.549043,16.47921991,0.9496783,0.9470894,0.0,0.00195471,0.00013779
2025-11-05 14:00:00+00:00,2552.89280025,16.26910839,0.94707301,0.94441544,0.0,0.00205503,0.0001369
2025-11-05 15:00:00+00:00,2564.92250025,16.36586705,0.94746418,0.94456187,1.7e-06,0.002153,0.00021497
2025-11-05 16:00:00+00:00,2700.203993,16.64652249,0.94741022,0.94401993,4.16e-05,0.00240261,0.0003127
2025-11-05 17:00:00+00:00,2595.81986775,16.35816785,0.94611063,0.94312962,3.237e-05,0.00217677,0.00025485
2025-11-05 18:00:00+00:00,2521.7461705,16.40983245,0.94590378,0.94257432,3.127e-05,0.0024628,0.00027463
2025-11-05 19:00:00+00:00,2466.82054175,16.47691038,0.94699265,0.94321519,3.414e-05,0.002913,0.00026341
2025-11-05 20:00:00+00:00,2283.03651,16.19232487,0.94728167,0.94382308,2.06e-05,0.00271898,0.00022858
2025-11-05 21:00:00+00:00,2269.73137425,16.20713196,0.94887873,0.94521727,7e-08,0.0030195,0.00022055
2025-11-05 22:00:00+00:00,2150.12694225,16.19796419,0.94818428,0.94430603,0.0,0.00317329,0.00021499
2025-11-05 23:00:00+00:00,2098.66219275,16.10978297,0.94733943,0.9440985,0.0,0.00266248,0.00016941
2025-11-06 00:00:00+00:00,2052.9569065,16.05714632,0.94985941,0.94730383,0.0,0.00208424,0.00015651
2025-11-06 01:00:00+00:00,1972.1811555,16.13355286,0.95069154,0.94812115,0.0,0.00209449,0.00015035
2025-11-06 02:00:00+00:00,1931.73412225,16.50856574,0.95079845,0.94625148,0.0,0.00408575,0.00021529
2025-11-06 03:00:00+00:00,1935.9011405,16.37515509,0.95067717,0.9471765,0.0,0.0031239,0.00011106
2025-11-06 04:00:00+00:00,2018.6449165,16.46294498,0.9521493,0.94978223,0.0,0.00207805,0.00010521
2025-11-06 05:00:00+00:00,2309.8920645,16.47002685,0.95324148,0.95279371,0.0,0.00011415,7.544e-05
2025-11-06 06:00:00+00:00,2538.5720125,16.70962494,0.95327327,0.95283266,0.0,0.0,0.00011152
2025-11-06 07:00:00+00:00,2486.68498725,17.10755044,0.95039649,0.94983211,1.2e-06,0.0,0.00013103
2025-11-06 08:00:00+00:00,2395.05521175,17.65949598,0.94827615,0.94784382,0.0,0.0,8.901e-05
2025-11-06 09:00:00+00:00,2381.61185725,18.35884044,0.94694683,0.94641119,2.42e-06,0.0,0.00010011
2025-11-06 10:00:00+00:00,2310.13380925,18.861501,0.94469203,0.94416979,0.0,0.0,7.709e-05
2025-11-06 11:00:00+00:00,2258.91286125,19.14680041,0.94456551,0.94393632,0.0,0.0,8.214e-05
2025-11-06 12:00:00+00:00,2282.9060525,18.96629548,0.94536232,0.94500583,0.0,0.0,3.193e-05
2025-11-06 13:00:00+00:00,2324.48118975,18.43695937,0.94643421,0.94607494,0.0,0.0,4.279e-05
2025-11-06 14:00:00+00:00,2485.527125,17.92514361,0.94816378,0.9476688,0.0,0.0,6.481e-05
2025-11-06 15:00:00+00:00,2624.06833575,17.73329211,0.94798712,0.94747326,0.0,0.0,6.109e-05
2025-11-06 16:00:00+00:00,2658.88705475,17.71591225,0.94746404,0.94684439,0.0,0.0,8.755e-05
2025-11-06 17:00:00+00:00,2534.50633825,17.52644746,0.94494513,0.94452344,1.2e-06,0.0,6.114e-05
2025-11-06 18:00:00+00:00,2504.26755325,17.63227296,0.94586985,0.94515113,4.972e-05,0.0,0.00012383
2025-11-06 19:00:00+00:00,2407.9904265,17.53517673,0.94422613,0.94335196,5.866e-05,0.0,0.00014476
2025-11-06 20:00:00+00:00,2217.0770335,17.33173926,0.94486551,0.94406742,5.425e-05,0.0,0.00014882
2025-11-06 21:00:00+00:00,2047.35995175,17.1651171,0.94592752,0.94516818,3.574e-05,0.0,0.00015016
2025-11-06 22:00:00+00:00,1876.6349055,16.96004371,0.94224924,0.94159112,8.1e-07,0.0,0.00010823
2025-11-06 23:00:00+00:00,1907.407871,16.95301375,0.94790358,0.94752088,0.0,0.0,5.66e-05
2025-11-07 00:00:00+00:00,1908.46559875,17.16120922,0.94803661,0.94762098,0.0,0.0,8.892e-05
2025-11-07 01:00:00+00:00,2001.7744765,17.40779204,0.94806057,0.94762603,0.0,0.0,7.646e-05
2025-11-07 02:00:00+00:00,2109.9096215,17.50683787,0.9485506,0.94820021,0.0,0.0,7.185e-05
2025-11-07 03:00:00+00:00,2150.10402125,17.70956204,0.94867158,0.94821098,0.0,0.0,9.756e-05
2025-11-07 04:00:00+00:00,2238.9671595,18.00698837,0.9487599,0.94793924,6.581e-05,0.0,0.00020379
2025-11-07 05:00:00+00:00,2507.69867575,18.17003583,0.94823601,0.9476443,7.788e-05,0.0,0.00014883
2025-11-07 06:00:00+00:00,2658.4696275,18.0755948,0.94437029,0.94418161,4.803e-05,0.0,5.366e-05
2025-11-07 07:00:00+00:00,2715.53228925,18.28499562,0.9419507,0.94158618,7.637e-05,0.0,7.308e-05
2025-11-07 08:00:00+00:00,2546.70232375,18.87869296,0.94156944,0.94088268,0.00015426,0.0,0.00016943
2025-11-07 09:00:00+00:00,2499.800293,19.47701811,0.9419857,0.94124794,0.00016489,0.0,0.00014291
2025-11-07 10:00:00+00:00,2413.93356525,19.92325877,0.94110307,0.94039184,0.00016156,0.0,0.00015028
2025-11-07 11:00:00+00:00,2402.268074,20.10177367,0.94064292,0.93995968,0.00015971,0.0,0.00014272
2025-11-07 12:00:00+00:00,2388.20355025,19.91590513,0.94305753,0.94236556,0.00017258,0.0,0.00015224
2025-11-07 13:00:00+00:00,2405.4561495,19.42419017,0.94418299,0.94357815,0.00016219,0.0,0.00014127
2025-11-07 14:00:00+00:00,2486.5224615,19.02668048,0.94438978,0.94371696,0.00015536,0.0,0.00015824
2025-11-07 15:00:00+00:00,2579.477563,18.86942418,0.94305363,0.94232623,0.00029047,0.0,0.00014474
2025-11-07 16:00:00+00:00,2726.642341,18.71614166,0.9418445,0.94131482,8.177e-05,0.0,0.00014893
2025-11-07 17:00:00+00:00,2631.12022125,18.51167372,0.94448251,0.94413086,6.232e-05,0.0,0.00011079
2025-11-07 18:00:00+00:00,2547.1536765,18.39866941,0.94521597,0.94479456,6.337e-05,0.0,0.00010928
2025-11-07 19:00:00+00:00,2404.7879435,18.44767994,0.94619179,0.94577749,6.976e-05,0.0,0.000117
2025-11-07 20:00:00+00:00,2269.4936425,18.49019472,0.94734373,0.94688502,8.352e-05,0.0,0.00012388
2025-11-07 21:00:00+00:00,2217.368434,18.54910475,0.94650961,0.9461047,5.935e-05,0.0,0.0001095
2025-11-07 22:00:00+00:00,2125.24195475,18.5492073,0.94367137,0.94325247,4.487e-05,0.0,8.95e-05
2025-11-07 23:00:00+00:00,2060.99341925,18.73804175,0.94624755,0.9457846,8.423e-05,0.0,0.0001068
2025-11-08 00:00:00+00:00,2019.412253,18.81883524,0.94796318,0.94746788,8.989e-05,0.0,0.00012776
2025-11-08 01:00:00+00:00,1989.686413,18.88709042,0.94930522,0.94880683,9.196e-05,0.0,0.0001307
2025-11-08 02:00:00+00:00,1909.03516,18.95164267,0.94842566,0.94802377,7.323e-05,0.0,0.00010686
2025-11-08 03:00:00+00:00,1919.78751925,18.9574169,0.94933309,0.94902754,5.577e-05,0.0,7.514e-05
2025-11-08 04:00:00+00:00,1906.95170525,18.89137807,0.94858845,0.94840089,3.978e-05,0.0,4.461e-05
2025-11-08 05:00:00+00:00,2020.633007,18.90584743,0.94718154,0.94694821,7.092e-05,0.0,6.749e-05
2025-11-08 06:00:00+00:00,2099.675729,19.22958174,0.94290191,0.94230787,0.00013489,0.0,0.00016367
2025-11-08 07:00:00+00:00,2207.0653515,19.5794124,0.94164876,0.94076031,0.00016135,0.0,0.00020754
2025-11-08 08:00:00+00:00,2297.3631505,19.78021991,0.94017661,0.93929602,0.00016993,0.0,0.00020408
2025-11-08 09:00:00+00:00,2356.36025675,19.9726516,0.93891478,0.93803414,0.00012806,0.0,0.00021119
2025-11-08 10:00:00+00:00,2388.952267,20.05812693,0.93633696,0.9355069,0.00012216,0.0,0.00019145
2025-11-08 11:00:00+00:00,2354.5575745,19.94648889,0.93634866,0.93547396,0.00017445,0.0,0.00020724
2025-11-08 12:00:00+00:00,2397.07865875,19.80625247,0.93671411,0.93593891,0.00017242,0.0,0.00018557
2025-11-08 13:00:00+00:00,2353.206428,19.56242764,0.93617453,0.93564425,8.37e-05,0.0,0.00014646
2025-11-08 14:00:00+00:00,2408.57351325,19.32692247,0.93445034,0.93398137,9.018e-05,0.0,0.00012305
2025-11-08 15:00:00+00:00,2535.74692575,19.16198979,0.93443181,0.93415421,6.333e-05,0.0,6.921e-05
2025-11-08 16:00:00+00:00,2590.30292225,19.05900054,0.93390921,0.93360806,5.823e-05,0.0,6.912e-05
2025-11-08 17:00:00+00:00,2543.3384925,18.96982613,0.93491607,0.93454693,6.617e-05,0.0,9.783e-05
2025-11-08 18:00:00+00:00,2444.434109,18.90669326,0.93741582,0.93689757,8.177e-05,0.0,0.00012262
2025-11-08 19:00:00+00:00,2332.99620225,18.74694403,0.94305596,0.94239963,0.00010194,0.0,0.00014951
2025-11-08 20:00:00+00:00,2242.7138705,18.69849235,0.94659515,0.94583145,0.00010494,0.0,0.00018103
2025-11-08 21:00:00+00:00,2142.15912125,18.59770923,0.94787478,0.94718126,5.863e-05,0.0,0.00017089
2025-11-08 22:00:00+00:00,2076.62866675,18.36550488,0.94773724,0.94702009,5.968e-05,0.0,0.00015774
2025-11-08 23:00:00+00:00,2073.9952615,18.31128137,0.95274218,0.95175325,9.056e-05,0.0,0.00021253
2025-11-09 00:00:00+00:00,2102.89543275,18.13666236,0.95377767,0.95294584,7.892e-05,0.0,0.00021433
2025-11-09 01:00:00+00:00,2014.16432825,18.01059869,0.95358287,0.95271245,7.81e-05,0.0,0.00021415
2025-11-09 02:00:00+00:00,1946.727762,17.74002896,0.9530653,0.95249446,5.662e-05,0.0,0.00014433
2025-11-09 03:00:00+00:00,1900.68735675,17.60959241,0.95296662,0.95265344,3.642e-05,0.0,7.588e-05
2025-11-09 04:00:00+00:00,1895.01204675,17.58260944,0.95294493,0.95260954,5.102e-05,0.0,9.181e-05
2025-11-09 05:00:00+00:00,1962.274565,17.71796503,0.95310393,0.95260124,6.197e-05,0.0,0.0001337
2025-11-09 06:00:00+00:00,2023.588228,17.95158871,0.95236464,0.95168236,4.862e-05,0.0,0.00017272
2025-11-09 07:00:00+00:00,2127.6663935,18.17174053,0.95066799,0.94979563,5.879e-05,0.0,0.00021441
2025-11-09 08:00:00+00:00,2293.53735825,18.37906204,0.95058934,0.94974734,5.767e-05,0.0,0.00020095
2025-11-09 09:00:00+00:00,2344.452384,18.65899578,0.95111754,0.95032618,5.108e-05,0.0,0.00019421
2025-11-09 10:00:00+00:00,2395.60163075,18.91029895,0.95029331,0.94944697,5.585e-05,0.0,0.00019591
2025-11-09 11:00:00+00:00,2445.65824525,19.09536327,0.9485604,0.94780885,4.32e-05,0.0,0.00017513
2025-11-09 12:00:00+00:00,2403.04274,19.04311833,0.9473637,0.9466383,4.351e-05,0.0,0.00016689
2025-11-09 13:00:00+00:00,2452.04900675,18.84585815,0.94744724,0.94683595,3.518e-05,0.0,0.00014058
2025-11-09 14:00:00+00:00,2445.510576,18.66040749,0.94697067,0.94634423,1.784e-05,0.0,0.00013304
2025-11-09 15:00:00+00:00,2569.26663325,18.54317372,0.9465587,0.94597779,1.41e-05,0.0,0.00012731
2025-11-09 16:00:00+00:00,2601.32332025,18.60045791,0.94681607,0.94577079,1.64e-05,0.00046197,0.00011795
2025-11-09 17:00:00+00:00,2575.05102725,18.51823454,0.94687122,0.94611921,1.908e-05,0.00020957,0.0001054
2025-11-09 18:00:00+00:00,2531.75525575,18.48428699,0.94689631,0.94623337,1.667e-05,0.0,0.00012966
2025-11-09 19:00:00+00:00,2475.86783825,18.47788493,0.94762656,0.94700985,1.677e-05,0.0,0.00012549
2025-11-09 20:00:00+00:00,2354.81008875,18.43890672,0.94862293,0.9480425,3.676e-05,0.0,0.00012042
2025-11-09 21:00:00+00:00,2285.79744025,18.41022095,0.94930874,0.94862524,6.147e-05,0.0,0.00016776
2025-11-09 22:00:00+00:00,2195.21259575,18.46426263,0.94670995,0.94601873,5.218e-05,0.0,0.00015836
2025-11-09 23:00:00+00:00,2144.3597775,18.60467322,0.94906912,0.94818605,2.584e-05,0.0,0.0001972
2025-11-10 00:00:00+00:00,2099.9309095,18.48438202,0.94869101,0.94794629,2.736e-05,0.0,0.00018889
2025-11-10 01:00:00+00:00,2082.82305125,18.64206676,0.94871282,0.94778823,2.92e-05,0.0,0.00022168
2025-11-10 02:00:00+00:00,2077.91824625,18.7678739,0.94871786,0.94777288,2.931e-05,0.0,0.00023171
2025-11-10 03:00:00+00:00,2117.54735875,18.94143038,0.94812581,0.94719249,2.527e-05,0.0,0.00021712
2025-11-10 04:00:00+00:00,2245.1218045,19.0237313,0.94414004,0.94333493,2.653e-05,0.0,0.0001963
2025-11-10 05:00:00+00:00,2487.5829995,19.03796638,0.93657734,0.93592007,8.52e-06,0.0,0.00014013
2025-11-10 06:00:00+00:00,2836.492659,22.26184648,0.92845755,0.92063045,0.00135805,0.00107807,0.00013395
2025-11-10 07:00:00+00:00,2820.1784815,20.93395746,0.92864883,0.92446712,0.00124802,9.903e-05,0.00015905
2025-11-10 08:00:00+00:00,2839.8752145,19.53602378,0.92954115,0.92743833,0.0012426,0.0,0.00016143
2025-11-10 09:00:00+00:00,2831.45351575,19.83154875,0.93228124,0.92978058,0.00163745,0.0,0.00016162
2025-11-10 10:00:00+00:00,2909.6431555,19.97584626,0.93322513,0.93050115,0.00186316,0.0,0.00014737
2025-11-10 11:00:00+00:00,2871.27805125,20.05334844,0.93478262,0.93195752,0.00197885,1.2e-07,0.00013229
2025-11-10 12:00:00+00:00,2899.30616425,20.03186805,0.9322059,0.92897772,0.00238378,8.1e-07,0.00013935
2025-11-10 13:00:00+00:00,2887.502929,19.88753242,0.92965696,0.92725639,0.00161115,1.53e-06,0.00014016
2025-11-10 14:00:00+00:00,2911.19500475,21.30439273,0.92845729,0.92307217,0.00183279,0.00053396,0.00014554
2025-11-10 15:00:00+00:00,2963.725938,22.47213053,0.92562028,0.91755887,0.00231296,0.00093541,0.00017419
2025-11-10 16:00:00+00:00,2997.71420275,29.48770407,0.92277155,0.89901398,0.0041665,0.00419325,0.0001995
2025-11-10 17:00:00+00:00,2936.3962565,26.33384054,0.92471235,0.90843197,0.00313332,0.00242821,0.00024981
2025-11-10 18:00:00+00:00,2856.9587015,27.97954352,0.92369231,0.90498942,0.00234035,0.00293295,0.00033616
2025-11-10 19:00:00+00:00,2735.03022775,24.20131169,0.93340828,0.92228991,0.00148872,0.00179812,0.00035405
2025-11-10 20:00:00+00:00,2587.8470955,19.53991352,0.94314201,0.94120289,0.00104047,0.0,0.00033702
2025-11-10 21:00:00+00:00,2441.86162675,19.36673158,0.94381815,0.94232582,0.00059583,0.0,0.000325
2025-11-10 22:00:00+00:00,2307.00607825,19.26459025,0.94306987,0.94202984,0.00014423,0.0,0.00029459
2025-11-10 23:00:00+00:00,2239.8853565,19.19852942,0.94537228,0.94437121,9.611e-05,0.0,0.00025693
2025-11-11 00:00:00+00:00,2194.56263025,19.13631312,0.94411853,0.9432095,6.355e-05,0.0,0.00026881
2025-11-11 01:00:00+00:00,2180.06219275,19.0517176,0.94253381,0.94165125,7.044e-05,0.0,0.00027656
2025-11-11 02:00:00+00:00,2164.394101,18.98109527,0.9418438,0.94098393,6.96e-05,0.0,0.00028363
2025-11-11 03:00:00+00:00,2195.22621875,18.98951223,0.94188709,0.94099536,7.576e-05,0.0,0.00018728
2025-11-11 04:00:00+00:00,2322.33819225,18.94419172,0.94101325,0.940163,3.391e-05,0.0,0.00023695
2025-11-11 05:00:00+00:00,2618.355814,18.9659103,0.93877035,0.93784269,0.00019082,0.0,0.00024819
2025-11-11 06:00:00+00:00,2838.3388815,20.66358272,0.93841835,0.93214872,0.00021925,0.00333966,0.00011973
2025-11-11 07:00:00+00:00,2902.09472625,20.73233085,0.93861284,0.93199054,0.00076551,0.00307444,9.577e-05
2025-11-11 08:00:00+00:00,2897.880181,20.46328191,0.93927335,0.9337322,0.00092514,0.00242722,7.522e-05
2025-11-11 09:00:00+00:00,2903.30147325,19.93379628,0.93782915,0.93408484,0.00059135,0.00180598,4.788e-05
2025-11-11 10:00:00+00:00,2917.612124,20.89219973,0.93679953,0.93089463,0.00033402,0.00292452,4.476e-05
2025-11-11 11:00:00+00:00,2874.629253,21.45562431,0.93597983,0.92855163,0.00029199,0.00370418,4.24e-05
2025-11-11 12:00:00+00:00,2868.22686325,20.47200603,0.93949521,0.93386465,0.00024574,0.00311404,2.447e-05
2025-11-11 13:00:00+00:00,2874.82097575,18.89089339,0.9419406,0.94020847,0.00055134,0.00046512,1.797e-05
2025-11-11 14:00:00+00:00,2917.6088745,18.76167183,0.94092729,0.93873148,0.00045732,0.00085708,6.89e-06
2025-11-11 15:00:00+00:00,3028.313723,18.26851672,0.94024378,0.93826543,0.00049997,0.00128965,0.00010182
2025-11-11 16:00:00+00:00,3048.546092,18.36210445,0.93944705,0.93554377,0.00038855,0.00320551,0.00025121
2025-11-11 17:00:00+00:00,2987.661999,18.07661785,0.94101246,0.93723938,0.00021988,0.00316499,0.00028256
2025-11-11 18:00:00+00:00,2839.463206,17.68338904,0.94205915,0.93851082,0.00013468,0.00304821,0.00030047
2025-11-11 19:00:00+00:00,2768.6975455,17.72097577,0.94455856,0.93925892,0.0,0.0049049,0.00044945
2025-11-11 20:00:00+00:00,2584.67636025,17.43662398,0.94418652,0.93899123,0.0,0.00477441,0.00040163
2025-11-11 21:00:00+00:00,2453.304211,17.15047492,0.94391129,0.93865558,0.0,0.00493554,0.0002776
2025-11-11 22:00:00+00:00,2281.708387,16.83066605,0.94460076,0.93931887,0.0,0.00511074,0.00017279
2025-11-11 23:00:00+00:00,2079.93614375,16.47789228,0.94804459,0.94235814,0.0,0.00545835,0.00017438
2025-11-12 00:00:00+00:00,2063.21985725,16.31327502,0.94783269,0.94213027,0.0,0.00551942,0.00017653
2025-11-12 01:00:00+00:00,2039.735456,16.12572537,0.9480029,0.94238256,0.0,0.00540186,0.00016936
2025-11-12 02:00:00+00:00,2074.212343,15.98894071,0.94893127,0.94335926,0.0,0.00541583,0.00015905
2025-11-12 03:00:00+00:00,2096.2749205,15.85429548,0.94870743,0.94340929,0.0,0.00517873,0.00014558
2025-11-12 04:00:00+00:00,2223.531547,15.78543713,0.95063301,0.94570264,0.0,0.00477889,0.00013859
2025-11-12 05:00:00+00:00,2493.3203945,15.81466451,0.95139241,0.94697451,0.0,0.00426615,0.00013263
2025-11-12 06:00:00+00:00,2712.932014,15.70702029,0.95325313,0.94905876,0.0,0.00400809,0.00012549
2025-11-12 07:00:00+00:00,2691.12544,15.49475422,0.95306199,0.94908928,0.0,0.00375213,0.00011842
2025-11-12 08:00:00+00:00,2669.37428425,15.4212638,0.9535641,0.94957723,0.0,0.00359374,0.0001024
2025-11-12 09:00:00+00:00,2699.332984,15.33039846,0.95452726,0.95073877,0.0,0.00349083,0.00010761
2025-11-12 10:00:00+00:00,2675.71150475,15.17975038,0.95453349,0.95088585,0.0,0.00345261,0.00010126
2025-11-12 11:00:00+00:00,2676.22004275,15.10302516,0.95452459,0.95116383,0.0,0.0031652,9.221e-05
2025-11-12 12:00:00+00:00,2736.3324935,14.87627875,0.95493469,0.95166091,0.0,0.00311133,9.28e-05
2025-11-12 13:00:00+00:00,2757.868942,14.74870498,0.95623311,0.9530604,0.0,0.00304381,9.538e-05
2025-11-12 14:00:00+00:00,2830.73484025,14.68078965,0.95651108,0.95330808,0.0,0.00306711,0.00010367
2025-11-12 15:00:00+00:00,2808.81428425,14.87321046,0.9555773,0.95225873,0.0,0.0030795,0.00011643
2025-11-12 16:00:00+00:00,2860.4835785,14.94468343,0.95259527,0.94925528,0.0,0.00303546,0.00012724
2025-11-12 17:00:00+00:00,2827.07992975,14.78579725,0.95250222,0.94919214,0.0,0.00310144,0.00011765
2025-11-12 18:00:00+00:00,2715.956156,14.78360021,0.95449006,0.95102648,0.0,0.00323942,0.00011876
2025-11-12 19:00:00+00:00,2641.34038425,14.72055817,0.95837701,0.95468019,0.0,0.00353361,0.00012326
2025-11-12 20:00:00+00:00,2489.956934,14.5390812,0.95882069,0.95595932,0.0,0.00272381,9.897e-05
2025-11-12 21:00:00+00:00,2363.03726075,14.38841968,0.96012233,0.95844652,0.0,0.00158726,5.418e-05
2025-11-12 22:00:00+00:00,2067.03949525,14.56941391,0.96259226,0.96093668,0.0,0.00151951,5.991e-05
2025-11-12 23:00:00+00:00,2041.50158325,14.50579275,0.96170861,0.95946935,0.0,0.00213034,6.23e-05
2025-11-13 00:00:00+00:00,1980.5332115,14.41918555,0.96086296,0.95798382,0.0,0.00280263,7.966e-05
2025-11-13 01:00:00+00:00,1954.65535475,14.30041819,0.95961338,0.956853,0.0,0.00268472,7.547e-05
2025-11-13 02:00:00+00:00,1890.0901785,14.15380664,0.95904597,0.95672405,0.0,0.00225903,6.444e-05
2025-11-13 03:00:00+00:00,1908.1336465,13.88144774,0.96046583,0.95948694,0.0,0.00093799,2.426e-05
2025-11-13 04:00:00+00:00,2065.648153,14.11516012,0.9608643,0.95971979,0.0,0.00105972,2.765e-05
2025-11-13 05:00:00+00:00,2465.06221775,14.13333375,0.95613519,0.95569113,0.0,0.00028764,3.711e-05
2025-11-13 06:00:00+00:00,2844.9698705,14.3348386,0.9529219,0.95155111,0.0,0.00114923,6.362e-05
2025-11-13 07:00:00+00:00,2923.6972475,14.38080613,0.9494603,0.94924196,0.0,0.0,2.469e-05
2025-11-13 08:00:00+00:00,2872.58237225,14.60067522,0.94594885,0.94574001,0.0,0.0,1.699e-05
2025-11-13 09:00:00+00:00,2762.42913125,14.75267479,0.94221131,0.94202092,0.0,0.0,2.036e-05
2025-11-13 10:00:00+00:00,2703.08796925,14.97522264,0.94178633,0.94160214,0.0,0.0,1.369e-05
2025-11-13 11:00:00+00:00,2688.79727775,14.97651152,0.94117833,0.94097451,0.0,0.0,1.172e-05
2025-11-13 12:00:00+00:00,2759.89382475,14.89033826,0.94186792,0.94168993,0.0,0.0,1.89e-05
2025-11-13 13:00:00+00:00,2780.89194275,14.71237271,0.94219153,0.94205429,0.0,0.0,1.47e-05
2025-11-13 14:00:00+00:00,2742.71702375,14.40508294,0.94049489,0.94041841,0.0,0.0,8.93e-06
2025-11-13 15:00:00+00:00,2582.111384,14.47922849,0.93950624,0.93934781,0.0,0.0,1.488e-05
2025-11-13 16:00:00+00:00,2541.9230875,14.98722172,0.93875191,0.93679144,0.0,0.00105117,3.97e-05
2025-11-13 17:00:00+00:00,2364.1755575,15.40569231,0.93307175,0.92942604,0.0,0.00187065,6.015e-05
2025-11-13 18:00:00+00:00,2204.17496425,15.28047704,0.93182375,0.92813794,0.0,0.00236951,6.988e-05
2025-11-13 19:00:00+00:00,2096.601919,15.78428951,0.92913377,0.92373901,0.0,0.00359639,9.744e-05
2025-11-13 20:00:00+00:00,2193.83427425,15.36756429,0.93489765,0.93063903,0.0,0.0034632,0.00010452
2025-11-13 21:00:00+00:00,2183.34426725,15.91062916,0.93578884,0.93063063,0.0,0.00380186,0.0001146
2025-11-13 22:00:00+00:00,2171.9146855,16.43190877,0.93514771,0.92891352,0.0,0.00463219,0.00013528
2025-11-13 23:00:00+00:00,2228.0007985,16.90262243,0.93765905,0.93065948,0.0,0.00527952,7.736e-05
2025-11-14 00:00:00+00:00,2231.575494,17.05600751,0.93650894,0.92930334,0.0,0.00564744,7.194e-05
2025-11-14 01:00:00+00:00,2207.82748375,17.20154416,0.93626316,0.92888152,0.0,0.00577735,7.511e-05
2025-11-14 02:00:00+00:00,2141.19249275,18.42688657,0.9319392,0.92147709,0.0,0.00649987,7.177e-05
2025-11-14 03:00:00+00:00,2117.17038,18.13142293,0.93057839,0.9216824,3.3e-07,0.00601752,0.00010039
2025-11-14 04:00:00+00:00,2326.091549,16.88548906,0.93199874,0.92861476,0.0,0.00281441,0.00011771
2025-11-14 05:00:00+00:00,2708.707455,17.03683528,0.9333631,0.93234171,0.0,0.00050702,0.00011525
2025-11-14 06:00:00+00:00,2967.93541375,17.66016611,0.93332538,0.93129521,0.00024494,0.00167893,8.65e-05
2025-11-14 07:00:00+00:00,3032.255336,17.92511838,0.93314456,0.93119094,0.00052244,0.00120203,8.107e-05
2025-11-14 08:00:00+00:00,2963.47259675,18.07152351,0.93009782,0.92906187,0.00050416,0.00020593,7.528e-05
2025-11-14 09:00:00+00:00,3078.4088345,18.53110192,0.93049975,0.92958912,0.00050711,2e-08,5.27e-05
2025-11-14 10:00:00+00:00,3012.83466075,18.68195037,0.92855778,0.92800116,0.00018278,0.0,5.525e-05
2025-11-14 11:00:00+00:00,2903.49516125,18.57186131,0.92865031,0.92828024,0.0,0.0,5.272e-05
2025-11-14 12:00:00+00:00,2976.27993,18.10042452,0.92983405,0.9296039,0.0,0.0,2.3e-05
2025-11-14 13:00:00+00:00,2916.509829,17.56846775,0.92761745,0.92750514,0.0,0.0,9.39e-06
2025-11-14 14:00:00+00:00,2918.1668145,16.93783663,0.92951919,0.92948083,0.0,0.0,0.0
2025-11-14 15:00:00+00:00,3132.07878,16.44768542,0.93006624,0.92989776,7.416e-05,1e-08,1e-07
2025-11-14 16:00:00+00:00,3089.311557,16.30245355,0.93305951,0.93266346,0.0001003,0.0,2.884e-05
2025-11-14 17:00:00+00:00,3007.63933375,16.17657359,0.93473551,0.93425441,0.00015776,0.0,4.558e-05
2025-11-14 18:00:00+00:00,2886.38893025,15.98882391,0.93877149,0.93830042,0.0,0.0,6.767e-05
2025-11-14 19:00:00+00:00,2667.8328015,15.73430249,0.94279416,0.94232629,0.0,0.0,7.266e-05
2025-11-14 20:00:00+00:00,2442.6075865,15.44563675,0.94242893,0.94197825,0.0,0.0,7.31e-05
2025-11-14 21:00:00+00:00,2368.25008825,15.32593784,0.94283406,0.9423595,0.0,0.0,8.774e-05
2025-11-14 22:00:00+00:00,2292.147724,15.45425592,0.94346342,0.94174671,0.0,0.0013274,8.107e-05
2025-11-14 23:00:00+00:00,2270.30208175,15.70784368,0.94778176,0.94413987,0.0,0.00314857,0.00011169
2025-11-15 00:00:00+00:00,2274.59174,15.75709277,0.95016809,0.94623534,0.0,0.00350996,0.00010054
2025-11-15 01:00:00+00:00,2370.4964445,15.7769422,0.94892649,0.94487526,0.0,0.00367189,8.794e-05
2025-11-15 02:00:00+00:00,2318.3938925,15.76785645,0.9483609,0.94406744,0.0,0.00396974,8.569e-05
2025-11-15 03:00:00+00:00,2318.13715375,15.86014835,0.9470792,0.94261521,0.0,0.00413102,8.204e-05
2025-11-15 04:00:00+00:00,2516.54250625,15.95309368,0.94694718,0.94240536,0.0,0.00412576,9.256e-05
2025-11-15 05:00:00+00:00,2550.40718125,16.18601868,0.94507296,0.94058631,0.0,0.00406245,0.0001051
2025-11-15 06:00:00+00:00,2647.887182,16.52083566,0.9424896,0.93767627,1.683e-05,0.00417491,0.00017357
2025-11-15 07:00:00+00:00,2785.087225,16.88275296,0.94282001,0.93788726,2.543e-05,0.00415431,0.00021019
2025-11-15 08:00:00+00:00,2789.77024625,18.19774327,0.94038729,0.93426269,5.612e-05,0.00414212,0.00023829
2025-11-15 09:00:00+00:00,2780.38169425,18.88744043,0.93902647,0.93294129,6.3e-05,0.0040595,0.00024176
2025-11-15 10:00:00+00:00,2685.89089525,18.69270704,0.93722457,0.9325699,6.209e-05,0.00392479,0.00019723
2025-11-15 11:00:00+00:00,2615.410042,18.53238443,0.93728834,0.93270463,5.545e-05,0.00381465,0.0002227
2025-11-15 12:00:00+00:00,2625.4754505,17.97171122,0.93980634,0.93543256,5.805e-05,0.00366968,0.00023348
2025-11-15 13:00:00+00:00,2702.87287875,17.19864709,0.94165077,0.93725177,7.03e-05,0.00370245,0.00021889
2025-11-15 14:00:00+00:00,2880.002482,16.70440786,0.94423864,0.93962302,7.854e-05,0.00386217,0.00021776
2025-11-15 15:00:00+00:00,3094.8492755,16.64840043,0.94556914,0.94093796,0.00012524,0.0036353,0.00025285
2025-11-15 16:00:00+00:00,3163.4771415,16.57242965,0.94556075,0.9409813,4.812e-05,0.00359164,0.00024152
2025-11-15 17:00:00+00:00,3136.72487125,16.37628188,0.94609611,0.94157971,4.391e-05,0.00368441,0.00023426
2025-11-15 18:00:00+00:00,2994.20743025,16.12736782,0.9459469,0.9414022,2.225e-05,0.00392872,0.00017424
2025-11-15 19:00:00+00:00,2802.62985525,15.99721745,0.9457419,0.94101374,5.42e-06,0.00419424,0.00015175
2025-11-15 20:00:00+00:00,2735.308837,15.85109421,0.9458861,0.94110545,1.58e-06,0.00432017,0.0001239
2025-11-15 21:00:00+00:00,2623.12253975,15.7426592,0.94654093,0.9416159,1.15e-06,0.00447265,0.00011422
2025-11-15 22:00:00+00:00,2465.7269985,15.67528645,0.94708552,0.94197143,2.1e-07,0.00469225,0.00010591
2025-11-15 23:00:00+00:00,2482.778061,15.65466818,0.94829745,0.94310251,0.0,0.00476868,7.607e-05
2025-11-16 00:00:00+00:00,2434.404042,15.58281389,0.94907434,0.94391225,0.0,0.00473408,8.273e-05
2025-11-16 01:00:00+00:00,2407.01228175,15.63415016,0.94874832,0.9433566,0.0,0.00489555,8.63e-05
2025-11-16 02:00:00+00:00,2424.33323425,15.7142185,0.94823362,0.94287886,0.0,0.00481923,0.00011632
2025-11-16 03:00:00+00:00,2456.4268545,15.67317286,0.94815553,0.94312306,0.0,0.00451748,0.00010973
2025-11-16 04:00:00+00:00,2468.0023655,15.50011826,0.94715967,0.94349496,2.8e-07,0.00313278,9.398e-05
2025-11-16 05:00:00+00:00,2484.29963125,15.01037868,0.94616614,0.94573946,1.27e-06,0.0,8.959e-05
2025-11-16 06:00:00+00:00,2566.8803505,15.25304518,0.9484065,0.94789594,2.27e-06,0.0,0.00011336
2025-11-16 07:00:00+00:00,2588.3321575,15.6492268,0.94633506,0.94591875,1.41e-06,0.0,7.194e-05
2025-11-16 08:00:00+00:00,2614.38699225,16.12158201,0.94328315,0.9429334,8.4e-07,0.0,7.163e-05
2025-11-16 09:00:00+00:00,2584.26967625,16.7444604,0.94316379,0.9428248,7.4e-07,0.0,6.317e-05
2025-11-16 10:00:00+00:00,2539.82506125,17.1956981,0.94022639,0.9398716,9.7e-07,0.0,5.836e-05
2025-11-16 11:00:00+00:00,2517.9490475,17.41062025,0.93863459,0.93825999,2.171e-05,0.0,5.213e-05
2025-11-16 12:00:00+00:00,2608.91000125,17.4676094,0.9388833,0.93839286,4.381e-05,0.0,8.911e-05
2025-11-16 13:00:00+00:00,2703.086418,17.15889726,0.93566338,0.93528286,1.91e-06,0.0,7.912e-05
2025-11-16 14:00:00+00:00,2715.58193325,16.85741738,0.93383892,0.93359991,0.0,0.0,3.855e-05
2025-11-16 15:00:00+00:00,2964.69248125,17.40513625,0.93235508,0.93091291,5.531e-05,0.00044584,2.368e-05
2025-11-16 16:00:00+00:00,2945.03833425,19.51335064,0.93269542,0.92673931,0.00024973,0.00204368,3.479e-05
2025-11-16 17:00:00+00:00,2850.46597625,18.67107607,0.93342829,0.92935969,0.00017558,0.00180648,5.006e-05
2025-11-16 18:00:00+00:00,2846.53260525,17.18857243,0.93382918,0.93325035,1.451e-05,0.0001045,5.849e-05
2025-11-16 19:00:00+00:00,2761.5996835,17.17431969,0.93516284,0.93478611,2.21e-06,0.0,9.937e-05
2025-11-16 20:00:00+00:00,2643.63178275,17.16935995,0.93569691,0.93532917,2.39e-06,0.0,9.898e-05
2025-11-16 21:00:00+00:00,2536.70791425,17.27027831,0.93418255,0.9336946,6.654e-05,0.0,0.0001206
2025-11-16 22:00:00+00:00,2477.409625,17.34312128,0.93909912,0.93865959,1.775e-05,0.0,0.00010619
2025-11-16 23:00:00+00:00,2508.44538175,17.41719702,0.9390359,0.93850059,2.531e-05,0.0,0.00012553
2025-11-17 00:00:00+00:00,2411.1178675,17.48566726,0.94068355,0.94000662,5.779e-05,0.0,0.00018936
2025-11-17 01:00:00+00:00,2418.0437525,17.59125767,0.94128755,0.94052306,3.044e-05,0.0,0.00019762
2025-11-17 02:00:00+00:00,2532.83671475,17.5909299,0.94246586,0.94178015,2.657e-05,0.0,0.00018572
2025-11-17 03:00:00+00:00,2588.51925425,17.55027278,0.93862437,0.93803248,2.278e-05,0.0,0.00012283
2025-11-17 04:00:00+00:00,2753.0067165,17.50178535,0.9308982,0.93029622,3.329e-05,0.0,0.00014298
2025-11-17 05:00:00+00:00,3062.03330225,19.45369568,0.92528172,0.91995604,9.943e-05,0.00259189,0.00013215
2025-11-17 06:00:00+00:00,3357.42603325,20.28938877,0.92492412,0.91753919,0.00034737,0.00320889,0.00012312
2025-11-17 07:00:00+00:00,3302.37953875,21.39717597,0.91938073,0.9102131,0.00025214,0.0038244,0.00019937
2025-11-17 08:00:00+00:00,3198.9836415,21.66056748,0.9165354,0.90840014,0.00022526,0.00306409,0.00018269
2025-11-17 09:00:00+00:00,3102.31675825,20.82997649,0.91235987,0.90700362,0.00024541,0.0020416,0.00016607
2025-11-17 10:00:00+00:00,3115.31930525,20.49086955,0.91204553,0.90791124,0.00039217,0.0015412,0.00018872
2025-11-17 11:00:00+00:00,3026.9995675,20.49237846,0.91026574,0.90617147,0.00021098,0.00177772,0.00019968
2025-11-17 12:00:00+00:00,3042.750096,20.46688408,0.90918474,0.90433587,0.00023234,0.00215368,0.00020404
2025-11-17 13:00:00+00:00,3104.1245145,19.61666296,0.90924953,0.90484559,0.00025127,0.00180174,0.00015352
2025-11-17 14:00:00+00:00,3279.77783875,20.2595893,0.91008502,0.90339754,0.00031209,0.00227446,0.00016164
2025-11-17 15:00:00+00:00,3364.91967425,20.60450746,0.91092692,0.90337521,0.00034764,0.00274876,0.00015397
2025-11-17 16:00:00+00:00,3442.250059,38.08616039,0.89593283,0.84100811,0.00205085,0.03048215,0.00021373
2025-11-17 17:00:00+00:00,3356.43515425,27.64012458,0.90067231,0.87011842,0.00111365,0.01950668,0.00016869
2025-11-17 18:00:00+00:00,3274.776825,29.01739722,0.9055492,0.88713646,0.00070229,0.00287408,0.00021914
2025-11-17 19:00:00+00:00,3137.48229875,20.16227221,0.91378016,0.90758744,0.0003619,0.00258263,0.00018572
2025-11-17 20:00:00+00:00,3016.24083425,19.78798039,0.91568414,0.91017535,0.00036054,0.00248902,0.00021372
2025-11-17 21:00:00+00:00,2946.56913475,18.85325153,0.92148342,0.91793125,0.00030239,0.00163101,0.00023231
2025-11-17 22:00:00+00:00,2907.9931265,17.86124682,0.92131569,0.92042785,0.00022022,0.0,0.00020283
2025-11-17 23:00:00+00:00,2792.70523075,18.02057878,0.91452587,0.91322936,0.00015812,0.00024739,0.00014139
2025-11-18 00:00:00+00:00,2734.90492,17.82240238,0.91716445,0.91616028,0.00023378,1.4e-07,0.0001819
2025-11-18 01:00:00+00:00,2731.1299205,17.84554975,0.9180907,0.91710938,0.0001846,0.0,0.00016947
2025-11-18 02:00:00+00:00,2708.697015,17.91394953,0.92074064,0.91966099,0.0002134,1.2e-07,0.00018203
2025-11-18 03:00:00+00:00,2661.58014325,17.92286284,0.92049984,0.91929068,0.00038631,5.5e-07,0.00015838
2025-11-18 04:00:00+00:00,2778.9600705,17.87893814,0.9114474,0.91042544,0.00028001,4.72e-06,0.00014073
2025-11-18 05:00:00+00:00,3093.44157825,30.56154101,0.89782277,0.87000268,0.00104426,0.01257407,0.00015905
2025-11-18 06:00:00+00:00,3438.167338,59.65056446,0.8813275,0.79308513,0.00199993,0.04152174,0.00016652
2025-11-18 07:00:00+00:00,3469.2910345,69.40467633,0.87459378,0.77335307,0.00237236,0.04275636,0.00022662
2025-11-18 08:00:00+00:00,3271.40875325,88.11478565,0.85931437,0.74073547,0.00113078,0.03844418,0.00041038
2025-11-18 09:00:00+00:00,3040.46101575,86.9745427,0.85858488,0.74722831,0.00107226,0.03217665,0.00039995
2025-11-18 10:00:00+00:00,3021.33127825,78.66604859,0.86140798,0.76063618,0.00126116,0.03129472,0.00035428
2025-11-18 11:00:00+00:00,2971.31810025,73.79808327,0.85506611,0.74405351,0.00074448,0.05249661,0.00025518
2025-11-18 12:00:00+00:00,3049.26576125,59.18974812,0.85830684,0.76436836,0.00093171,0.05139804,0.00014252
2025-11-18 13:00:00+00:00,3126.12535175,64.70754156,0.85912904,0.75265882,0.00130504,0.05610286,0.00017517
2025-11-18 14:00:00+00:00,3209.2758335,64.12978217,0.86172481,0.75425932,0.00306334,0.05450277,0.00016089
2025-11-18 15:00:00+00:00,3375.68181525,77.10786465,0.85719103,0.74421908,0.00601346,0.03761746,0.00030086
2025-11-18 16:00:00+00:00,3442.50042875,102.41127204,0.84871134,0.70961954,0.00999713,0.02842057,0.00048742
2025-11-18 17:00:00+00:00,3336.564632,119.89527678,0.83686999,0.66699567,0.00917842,0.04300018,0.00054661
2025-11-18 18:00:00+00:00,3255.67656975,82.06532069,0.85590529,0.72583504,0.00574365,0.0518983,0.00030692
2025-11-18 19:00:00+00:00,3203.85077075,58.96268489,0.86453141,0.77362078,0.00248624,0.04194604,0.00019921
2025-11-18 20:00:00+00:00,3031.931942,48.51522793,0.8785803,0.81196388,0.00196646,0.02925792,0.00020565
2025-11-18 21:00:00+00:00,3009.76769375,28.06965151,0.89434714,0.86825165,0.00158328,0.01580939,0.00014969
2025-11-18 22:00:00+00:00,2875.7444345,28.14917733,0.90655127,0.88664221,0.00169697,0.00646174,0.00020129
2025-11-18 23:00:00+00:00,2826.923019,25.52555444,0.90210049,0.88723621,0.00169583,0.00438925,0.00024036
2025-11-19 00:00:00+00:00,2685.80994025,19.92081892,0.90364358,0.90026957,0.00151449,0.00045638,0.00028459
2025-11-19 01:00:00+00:00,2733.3162115,21.45771234,0.90711759,0.90050074,0.00158054,0.00163225,0.00030442
2025-11-19 02:00:00+00:00,2788.7839505,22.8351918,0.91497526,0.90497565,0.00223608,0.00270723,0.00030299
2025-11-19 03:00:00+00:00,2831.4337655,24.25022567,0.91621864,0.90298319,0.00220379,0.00412428,0.00026076
2025-11-19 04:00:00+00:00,2928.12873525,27.95625043,0.90173237,0.88204156,0.0020476,0.00540636,0.00026901
2025-11-19 05:00:00+00:00,3289.27719825,43.73756342,0.87337867,0.82457973,0.00218508,0.01629895,0.00026836
2025-11-19 06:00:00+00:00,3536.490302,93.84582677,0.81711829,0.71242193,0.003998,0.01041592,0.00053826
2025-11-19 07:00:00+00:00,3485.155154,98.16370668,0.80909163,0.70088943,0.0048059,0.00950132,0.00054147
2025-11-19 08:00:00+00:00,3340.98868875,97.73811601,0.80525863,0.70036689,0.00336088,0.00989796,0.00054198
2025-11-19 09:00:00+00:00,3270.7868965,93.94346746,0.80488501,0.70782233,0.002032,0.00953907,0.00055456
2025-11-19 10:00:00+00:00,3241.76084375,93.04480628,0.80268641,0.70810244,0.00171922,0.00933731,0.00053752
2025-11-19 11:00:00+00:00,3274.2597505,93.23957468,0.79963109,0.70482187,0.00227182,0.00896063,0.00053279
2025-11-19 12:00:00+00:00,3268.76322125,70.48618232,0.80777508,0.73834782,0.002072,0.00781619,0.00037957
2025-11-19 13:00:00+00:00,3396.883913,41.70675579,0.81795277,0.77604429,0.00318865,0.01027676,0.00015555
2025-11-19 14:00:00+00:00,3429.309622,43.44988052,0.8291664,0.78004159,0.0042126,0.01440253,0.00015309
2025-11-19 15:00:00+00:00,3596.11278725,43.3722367,0.83309105,0.78291384,0.00385641,0.01571495,0.00026775
2025-11-19 16:00:00+00:00,3580.45392375,38.61018392,0.8307663,0.79271607,0.00477235,0.00713,0.00012335
2025-11-19 17:00:00+00:00,3572.75446175,38.01268898,0.82779802,0.79170601,0.00366087,0.00709707,0.00017213
2025-11-19 18:00:00+00:00,3480.290885,36.23526627,0.83051178,0.79849723,0.00250424,0.00618198,0.00015419
2025-11-19 19:00:00+00:00,3363.07338725,32.24609441,0.83035973,0.80455464,0.00153776,0.00599162,0.00031449
2025-11-19 20:00:00+00:00,3248.30548075,26.72047853,0.87394685,0.85585287,0.00149523,0.00520967,0.0004015
2025-11-19 21:00:00+00:00,3073.992145,20.32028176,0.91207082,0.90485196,0.00137243,0.00320479,0.00039202
2025-11-19 22:00:00+00:00,2998.0340155,18.95675529,0.9196292,0.91659495,0.00155764,3.146e-05,0.00021794
2025-11-19 23:00:00+00:00,2887.92337575,19.56163853,0.92050025,0.91407026,0.00099662,0.00289162,0.00037677
2025-11-20 00:00:00+00:00,2859.17533525,19.50838191,0.92339444,0.91606805,0.00162302,0.00307271,0.00039231
2025-11-20 01:00:00+00:00,2888.8877975,19.9156087,0.92734134,0.91824049,0.00162997,0.00432018,0.00047448
2025-11-20 02:00:00+00:00,2928.9223635,19.5079917,0.92832655,0.9201049,0.00130156,0.00415213,0.00048646
2025-11-20 03:00:00+00:00,2917.24026375,19.11284749,0.92592966,0.91791844,0.00104509,0.00445447,0.00048751
2025-11-20 04:00:00+00:00,2963.876065,18.24071891,0.91385415,0.90762477,0.0016079,0.00294194,0.00036222
2025-11-20 05:00:00+00:00,3271.85974425,17.51980124,0.88577027,0.88265291,0.00166056,0.00048285,0.000157
2025-11-20 06:00:00+00:00,3484.332263,18.72506199,0.87418053,0.86928564,0.0012472,0.00106821,0.00014446
2025-11-20 07:00:00+00:00,3564.95598,20.52972809,0.87442475,0.86462856,0.00093787,0.00416609,0.00030664
2025-11-20 08:00:00+00:00,3538.64538,20.96354197,0.87749252,0.86639231,0.00098845,0.00499403,0.00035748
2025-11-20 09:00:00+00:00,3527.10904125,19.32569808,0.86748737,0.85978511,0.00130239,0.0032791,0.00030833
2025-11-20 10:00:00+00:00,3537.3590335,19.23491937,0.86399685,0.85688777,0.00100768,0.00296935,0.00027503
2025-11-20 11:00:00+00:00,3535.29818175,22.86648444,0.85115805,0.831818,0.00138821,0.01316984,0.000177
2025-11-20 12:00:00+00:00,3458.25536575,18.3544253,0.85277578,0.84715511,0.00149442,0.00165067,0.0001559
2025-11-20 13:00:00+00:00,3448.50890725,18.34644237,0.86208829,0.85626933,0.00137456,0.00185008,0.0001645
2025-11-20 14:00:00+00:00,3489.67587925,18.14679604,0.86364613,0.85809766,0.00094649,0.00219821,0.00017046
2025-11-20 15:00:00+00:00,3474.8521245,18.65978418,0.87145508,0.8644523,0.00053038,0.00373987,0.00025392
2025-11-20 16:00:00+00:00,3474.58585575,18.66432225,0.87283241,0.86563436,0.00071645,0.00374454,0.00027332
2025-11-20 17:00:00+00:00,3423.87158275,17.97595561,0.86792871,0.86189549,0.00028248,0.00360374,0.00028262
2025-11-20 18:00:00+00:00,3417.23427575,17.85690558,0.87046536,0.8646221,0.00015668,0.00358202,0.00029518
2025-11-20 19:00:00+00:00,3318.308006,17.64697577,0.88986664,0.88402142,6.768e-05,0.00361731,0.00031698
2025-11-20 20:00:00+00:00,3134.638792,16.64250767,0.91592931,0.91220406,6.605e-05,0.00221278,0.00022047
2025-11-20 21:00:00+00:00,2908.22142425,16.17730542,0.91749251,0.91421004,4.063e-05,0.00202719,0.00018856
2025-11-20 22:00:00+00:00,2831.395773,15.3006569,0.91893637,0.91729082,3.262e-05,0.00097547,0.00011608
2025-11-20 23:00:00+00:00,2822.832791,14.84561502,0.92341846,0.92292021,0.00011991,0.0,0.00010126
2025-11-21 00:00:00+00:00,2812.47989825,15.15212737,0.92585737,0.92530712,0.00012977,0.0,0.00013444
2025-11-21 01:00:00+00:00,2783.46291025,15.19742473,0.92654308,0.92590816,0.0001543,0.0,0.00013485
2025-11-21 02:00:00+00:00,2717.75748175,15.2072333,0.92533789,0.92470175,0.00016931,0.0,0.0001383
2025-11-21 03:00:00+00:00,2733.49089125,15.32304449,0.92352678,0.92287193,0.0001747,0.0,0.00013164
2025-11-21 04:00:00+00:00,2813.8227335,15.01376322,0.91320631,0.91274955,0.00013722,2.5e-07,0.00010716
2025-11-21 05:00:00+00:00,3088.108038,16.09367588,0.90171431,0.90052626,0.00042323,4.205e-05,0.00014465
2025-11-21 06:00:00+00:00,3402.4087795,16.52678444,0.87013169,0.86849691,0.00052838,8.235e-05,9.868e-05
2025-11-21 07:00:00+00:00,3453.303909,18.41829002,0.85406932,0.84522589,0.00419088,0.00086117,0.0001058
2025-11-21 08:00:00+00:00,3582.5454935,19.83033159,0.85602508,0.844501,0.00532117,0.00120631,0.00010684
2025-11-21 09:00:00+00:00,3578.91745075,21.30053386,0.85207774,0.84441182,0.00123461,0.00185995,0.00010664
2025-11-21 10:00:00+00:00,3565.8450715,20.02317456,0.84319628,0.83928857,0.00111909,0.00046213,0.00011377
2025-11-21 11:00:00+00:00,3518.77068425,24.14814839,0.83294255,0.82246727,0.00110534,0.00260166,0.00011829
2025-11-21 12:00:00+00:00,3410.12378575,21.92698002,0.83111171,0.82413107,0.00108041,0.00120417,0.00011863
2025-11-21 13:00:00+00:00,3330.833979,27.08325906,0.82684198,0.80539913,0.00131436,0.01073534,0.00013492
2025-11-21 14:00:00+00:00,3373.6504065,23.51640699,0.83327035,0.82137295,0.00127175,0.00295563,0.0001648
2025-11-21 15:00:00+00:00,3488.71364925,23.80339767,0.83080305,0.81694111,0.0019569,0.00356355,0.00019534
2025-11-21 16:00:00+00:00,3558.32372825,23.90481422,0.82667325,0.81028992,0.00348646,0.00418377,0.00019907
2025-11-21 17:00:00+00:00,3526.32021825,31.91630402,0.82372142,0.79619768,0.00450162,0.00468337,0.00025662
2025-11-21 18:00:00+00:00,3475.1162145,21.78372008,0.83957825,0.83014737,0.00033865,0.00304155,0.00021619
2025-11-21 19:00:00+00:00,3353.72225775,18.09378572,0.88013335,0.87714562,0.00015604,0.00076129,0.0002052
2025-11-21 20:00:00+00:00,3241.88871925,16.61483409,0.90426069,0.90355574,7.895e-05,0.0,0.00015464
2025-11-21 21:00:00+00:00,3137.17295675,16.25476103,0.91355668,0.91286558,0.00011821,0.0,0.00018872
2025-11-21 22:00:00+00:00,2964.00518625,15.784461,0.91730271,0.91685508,2.988e-05,0.0,0.00017227
2025-11-21 23:00:00+00:00,2773.23986125,15.34397978,0.92530238,0.92501056,1.271e-05,0.0,0.00010617
2025-11-22 00:00:00+00:00,2754.52625225,14.9466155,0.92815714,0.92797517,1.136e-05,0.0,8.36e-05
2025-11-22 01:00:00+00:00,2627.336186,14.5111774,0.92834218,0.92821085,3.65e-06,0.0,4.024e-05
2025-11-22 02:00:00+00:00,2606.66248775,14.26148865,0.92966079,0.92954786,5.3e-07,0.0,1.746e-05
2025-11-22 03:00:00+00:00,2607.452515,14.14195199,0.93115091,0.93111024,0.0,0.0,4.6e-06
2025-11-22 04:00:00+00:00,2641.4273595,14.01755152,0.92907842,0.92905602,0.0,0.0,0.0
2025-11-22 05:00:00+00:00,2718.5778775,14.02802994,0.92752514,0.92716958,0.0,0.00031649,2.07e-06
2025-11-22 06:00:00+00:00,2795.56465875,14.13843432,0.92772174,0.92735166,0.0,0.00020381,1.014e-05
2025-11-22 07:00:00+00:00,2961.76010875,14.69050904,0.92971182,0.92761818,0.0,0.00178946,1.774e-05
2025-11-22 08:00:00+00:00,3152.26991575,15.20724862,0.93357951,0.93028577,0.0,0.00299602,1.912e-05
2025-11-22 09:00:00+00:00,3258.34657375,15.58325859,0.93167674,0.92755573,0.0,0.00373242,3.091e-05
2025-11-22 10:00:00+00:00,3240.85356575,15.63170899,0.92864639,0.9247292,0.0,0.00348343,3.182e-05
2025-11-22 11:00:00+00:00,3078.62359275,15.4903155,0.92764129,0.92362713,0.0,0.00362438,2.928e-05
2025-11-22 12:00:00+00:00,3036.0109455,15.30389412,0.92886129,0.92494078,0.0,0.00358516,2.565e-05
2025-11-22 13:00:00+00:00,3096.87150525,15.2013336,0.9301621,0.92629655,0.0,0.00357448,2.867e-05
2025-11-22 14:00:00+00:00,3087.90380125,15.16532346,0.93107625,0.92741652,0.0,0.00334751,2.932e-05
2025-11-22 15:00:00+00:00,3205.71132575,15.19970542,0.93030286,0.92675203,0.0,0.00320398,4.15e-05
2025-11-22 16:00:00+00:00,3270.0962615,15.21979705,0.92978919,0.9264114,0.0,0.00306647,4.021e-05
2025-11-22 17:00:00+00:00,3223.54151075,14.92939091,0.92964637,0.92775213,0.0,0.00165642,4.343e-05
2025-11-22 18:00:00+00:00,3051.67145125,14.82846346,0.92855209,0.92721792,0.0,0.001109,3.132e-05
2025-11-22 19:00:00+00:00,2947.34205975,14.66850687,0.92774027,0.92706584,0.0,0.00051458,2.215e-05
2025-11-22 20:00:00+00:00,2888.102854,14.46474971,0.92438431,0.92423742,0.0,0.0,8.51e-06
2025-11-22 21:00:00+00:00,2767.25887725,14.42595355,0.92355765,0.92345049,0.0,2.4e-07,6.41e-06
2025-11-22 22:00:00+00:00,2663.590238,14.18970987,0.9218579,0.92180459,0.0,8e-08,8.29e-06
2025-11-22 23:00:00+00:00,2715.475085,14.7296958,0.93083495,0.92769118,0.0,0.00284431,4.075e-05
2025-11-23 00:00:00+00:00,2718.55075875,14.68714251,0.93191504,0.92924363,0.0,0.00249865,2.706e-05
2025-11-23 01:00:00+00:00,2648.44772825,14.82290785,0.93222072,0.92926452,0.0,0.00272611,2.778e-05
2025-11-23 02:00:00+00:00,2543.41679525,14.89251933,0.93290285,0.9300869,0.0,0.00255086,3.345e-05
2025-11-23 03:00:00+00:00,2379.92149175,14.53730488,0.93316163,0.93198459,0.0,0.00104018,2.119e-05
2025-11-23 04:00:00+00:00,2305.38741475,14.44627144,0.93105235,0.93093743,0.0,0.0,1.677e-05
2025-11-23 05:00:00+00:00,2323.1990715,14.34014748,0.92743989,0.92734865,0.0,0.0,1.017e-05
2025-11-23 06:00:00+00:00,2417.03644475,14.93601176,0.92307837,0.92126056,0.0,0.00155103,9.074e-05
2025-11-23 07:00:00+00:00,2475.373323,15.23749125,0.92279972,0.9207906,0.0,0.00166939,0.00013841
2025-11-23 08:00:00+00:00,2582.17906675,15.52231196,0.92287717,0.9226068,4.21e-06,0.0,3.265e-05
2025-11-23 09:00:00+00:00,2615.3161055,15.80648248,0.91927566,0.91909362,0.0,0.0,1.688e-05
2025-11-23 10:00:00+00:00,2585.90051775,16.28810872,0.91581437,0.91512142,0.0,0.00040866,5.153e-05
2025-11-23 11:00:00+00:00,2604.18429175,17.05245185,0.91177533,0.90871894,0.0,0.00261204,0.00022896
2025-11-23 12:00:00+00:00,2678.03186325,24.87170713,0.89768414,0.87234783,4.254e-05,0.01878152,5.549e-05
2025-11-23 13:00:00+00:00,2696.866659,17.00062056,0.90244562,0.89910359,1.762e-05,0.0026477,0.00024552
2025-11-23 14:00:00+00:00,2922.9411365,17.09277784,0.90368574,0.89956622,4.238e-05,0.00358371,0.00036934
2025-11-23 15:00:00+00:00,3072.497381,17.8159762,0.89990086,0.89387879,0.00010796,0.00413784,0.00037113
2025-11-23 16:00:00+00:00,3193.60372525,17.38059073,0.90318383,0.89806033,4.157e-05,0.00433723,0.00043901
2025-11-23 17:00:00+00:00,3096.347483,18.41737914,0.90227149,0.89470027,0.00025106,0.00510561,0.00047647
2025-11-23 18:00:00+00:00,3046.969455,17.40610704,0.90358623,0.89814544,6.964e-05,0.00458065,0.00048426
2025-11-23 19:00:00+00:00,2994.78976725,17.85885968,0.90529372,0.89883582,0.00016235,0.00506158,0.0005248
2025-11-23 20:00:00+00:00,2874.118766,17.2814281,0.90758303,0.90278119,0.00011596,0.00406892,0.00046965
2025-11-23 21:00:00+00:00,2696.86016025,17.35813063,0.90947675,0.90498638,9.717e-05,0.00381679,0.00044912
2025-11-23 22:00:00+00:00,2611.14430825,16.96183475,0.90889386,0.90617835,0.00012125,0.00216134,0.00032535
2025-11-23 23:00:00+00:00,2653.47347275,16.80724588,0.91030483,0.90811962,0.00014128,0.00152442,0.00029514
2025-11-24 00:00:00+00:00,2567.555333,16.68272232,0.90979797,0.90788569,0.00016047,0.00127384,0.00029989
2025-11-24 01:00:00+00:00,2569.64992125,16.84445226,0.91044287,0.90816413,0.00015553,0.00154155,0.00031801
2025-11-24 02:00:00+00:00,2624.097189,16.98198699,0.91057173,0.90809508,0.00018129,0.00162095,0.00032727
2025-11-24 03:00:00+00:00,2672.079237,16.5872128,0.90841999,0.90775075,0.00031414,0.0,0.00020928
2025-11-24 04:00:00+00:00,2791.3941155,16.97369754,0.90483214,0.90362705,0.0008244,0.0,0.0001958
2025-11-24 05:00:00+00:00,3137.42028875,18.17882121,0.89767562,0.89423144,0.00089685,0.00123701,0.00022313
2025-11-24 06:00:00+00:00,3494.44913875,27.7274416,0.89471629,0.87328732,0.00187544,0.0045269,0.0002324
2025-11-24 07:00:00+00:00,3516.64656675,37.78971415,0.89058508,0.84141348,0.00320117,0.02088408,0.00020271
2025-11-24 08:00:00+00:00,3491.7364215,35.75534263,0.89027797,0.84926762,0.00304217,0.01404308,0.00019972
2025-11-24 09:00:00+00:00,3466.34089975,44.03374083,0.88483776,0.82537597,0.00247732,0.02498092,0.00018525
2025-11-24 10:00:00+00:00,3475.87358725,43.14793855,0.8730926,0.81824112,0.00200084,0.02204262,0.0002092
2025-11-24 11:00:00+00:00,3586.280047,36.99623674,0.84329328,0.80619335,0.00228289,0.01077645,0.00020647
2025-11-24 12:00:00+00:00,3464.2410225,32.71795988,0.82757608,0.80096805,0.00278972,0.00421552,0.00020842
2025-11-24 13:00:00+00:00,3544.43214675,26.77189394,0.8342799,0.81671006,0.00268983,0.00347825,0.00013963
2025-11-24 14:00:00+00:00,3463.5738275,34.22975319,0.82546437,0.79264308,0.00424358,0.00756127,0.0001691
2025-11-24 15:00:00+00:00,3523.63586175,33.87254759,0.82746292,0.79560363,0.00376831,0.00713855,0.0001524
2025-11-24 16:00:00+00:00,3536.41752225,27.65838142,0.83005623,0.80959549,0.00282584,0.0046974,0.00013104
2025-11-24 17:00:00+00:00,3518.723306,24.3775505,0.83764581,0.8234347,0.00201564,0.00364791,0.00010094
2025-11-24 18:00:00+00:00,3525.734499,22.38598613,0.84378274,0.83333374,0.00165147,0.00287304,8.708e-05
2025-11-24 19:00:00+00:00,3273.20230675,21.52202949,0.87223912,0.86340609,0.00146836,0.00232304,8.883e-05
2025-11-24 20:00:00+00:00,3151.821799,21.40907368,0.89181749,0.88287562,0.00150813,0.00237708,8.403e-05
2025-11-24 21:00:00+00:00,3001.909738,19.85966702,0.89811966,0.89176206,0.00190323,0.00166439,5.937e-05
2025-11-24 22:00:00+00:00,2829.155243,18.43522088,0.89866336,0.89562159,0.00131606,0.00068917,3.659e-05
2025-11-24 23:00:00+00:00,2674.1614255,19.05686476,0.90159049,0.89625755,0.00040028,0.0032132,0.00024676
2025-11-25 00:00:00+00:00,2596.13639475,19.12733464,0.90139618,0.89577881,1.966e-05,0.00388547,0.00031452
2025-11-25 01:00:00+00:00,2577.23436325,19.18504893,0.90084818,0.89484983,1e-05,0.00420602,0.0003324
2025-11-25 02:00:00+00:00,2647.21871425,20.19614284,0.90260711,0.89454262,0.00017555,0.00482558,0.00030086
2025-11-25 03:00:00+00:00,2684.70657425,18.70338826,0.90137526,0.89731386,9.892e-05,0.0023826,0.00015696
2025-11-25 04:00:00+00:00,2790.827554,19.41486988,0.89872596,0.89334798,0.00088705,0.00207571,0.00010041
2025-11-25 05:00:00+00:00,3015.3250255,22.15881453,0.87543511,0.86496832,0.00129933,0.00333954,9.174e-05
2025-11-25 06:00:00+00:00,3313.963755,23.48005132,0.84861585,0.83564785,0.00160751,0.0038757,0.00013522
2025-11-25 07:00:00+00:00,3332.91084075,28.46036777,0.83280161,0.81113335,0.00168548,0.00587351,0.00019876
2025-11-25 08:00:00+00:00,3320.52807325,36.0104531,0.82954846,0.79566392,0.00239492,0.00717879,0.0002154
2025-11-25 09:00:00+00:00,3306.15106875,38.41912739,0.82529527,0.7875402,0.00221994,0.00912605,0.00018529
2025-11-25 10:00:00+00:00,3295.7862915,28.63456486,0.83085589,0.81057687,0.00107325,0.00600577,0.00021522
2025-11-25 11:00:00+00:00,3278.18846375,28.71261697,0.83745838,0.81614721,0.00117525,0.00715253,0.00025784
2025-11-25 12:00:00+00:00,3253.100323,28.67940318,0.83840639,0.81652774,0.00099895,0.00793035,0.00030393
2025-11-25 13:00:00+00:00,3276.1160585,29.53226379,0.83758301,0.81337463,0.00085053,0.0092113,0.00037203
2025-11-25 14:00:00+00:00,3404.0972385,29.34291862,0.84525136,0.82011984,0.00132122,0.009854,0.00039485
2025-11-25 15:00:00+00:00,3423.66785175,41.69541508,0.8208744,0.77409461,0.00355993,0.01193459,0.00042469
2025-11-25 16:00:00+00:00,3408.745146,39.63966455,0.80822973,0.7647165,0.00397581,0.01195664,0.00039131
2025-11-25 17:00:00+00:00,3435.08679025,50.35132901,0.80482694,0.755328,0.00187428,0.00986482,0.0004442
2025-11-25 18:00:00+00:00,3373.2116875,33.24928944,0.80572011,0.77183476,0.00124669,0.01531402,0.00036985
2025-11-25 19:00:00+00:00,3311.20401975,35.42850287,0.80980753,0.76811113,0.00092382,0.02235088,0.00036984
2025-11-25 20:00:00+00:00,3112.902688,28.24285824,0.83954849,0.81318175,0.00041485,0.01414216,0.00028278
2025-11-25 21:00:00+00:00,2994.46382525,26.01946206,0.86860165,0.84436888,0.00023206,0.0146676,0.00033415
2025-11-25 22:00:00+00:00,2889.3688545,22.69884937,0.87823193,0.86394106,0.0003211,0.00669433,0.00029255
2025-11-25 23:00:00+00:00,2797.2237505,23.18890051,0.88787281,0.87203843,0.00042057,0.00702978,0.0001778
2025-11-26 00:00:00+00:00,2800.944927,17.15129407,0.88186012,0.87883114,1.912e-05,0.00242479,9.253e-05
2025-11-26 01:00:00+00:00,2801.763622,16.87210741,0.88071571,0.8783872,3.47e-06,0.00199957,9.469e-05
2025-11-26 02:00:00+00:00,2725.50497675,17.93424983,0.87876422,0.87333368,1.201e-05,0.00423893,0.00010037
2025-11-26 03:00:00+00:00,2758.4929945,17.03759205,0.86503354,0.86260086,1.4e-07,0.0021461,0.00010373
2025-11-26 04:00:00+00:00,2921.6900655,17.25485282,0.84187539,0.83916202,9.8e-07,0.00244895,0.0001207
2025-11-26 05:00:00+00:00,3264.5620645,17.2530541,0.83165301,0.82966921,0.0,0.00177868,8.76e-05
2025-11-26 06:00:00+00:00,3501.95392825,18.09188756,0.84856026,0.84553678,0.00155416,0.00013897,0.00016545
2025-11-26 07:00:00+00:00,3522.865131,18.06340842,0.84632924,0.84309674,0.00168627,0.00012751,0.00015444
2025-11-26 08:00:00+00:00,3527.24458175,26.67284498,0.84598553,0.83234353,0.00177313,0.00041044,0.00022264
2025-11-26 09:00:00+00:00,3489.25123325,38.50639705,0.84099448,0.81416174,0.00111532,0.00080055,0.00029236
2025-11-26 10:00:00+00:00,3407.6754435,46.36083255,0.83499737,0.79886197,0.00139025,0.0010826,0.00033016
2025-11-26 11:00:00+00:00,3398.44795025,18.37585151,0.8443006,0.8412824,0.00154799,0.00012092,0.00019222
2025-11-26 12:00:00+00:00,3418.93230225,18.41134862,0.851456,0.84795143,0.00184203,0.00015086,0.00017315
2025-11-26 13:00:00+00:00,3409.3441115,18.31983247,0.85095927,0.84730678,0.00199981,0.00015563,0.00017257
2025-11-26 14:00:00+00:00,3549.139058,18.46004496,0.85561703,0.85117901,0.002494,0.00018993,0.00016987
2025-11-26 15:00:00+00:00,3481.49340675,25.52981939,0.84310208,0.81118744,0.01690392,0.0022133,0.00014556
2025-11-26 16:00:00+00:00,3470.25520875,24.69131564,0.85150706,0.82924637,0.00859998,0.00197351,0.00020292
2025-11-26 17:00:00+00:00,3475.70589475,22.59721528,0.84725272,0.82847666,0.00811944,0.00180904,0.00019395
2025-11-26 18:00:00+00:00,3335.28174375,17.32922161,0.8495102,0.84664979,0.00202642,4.588e-05,0.00020304
2025-11-26 19:00:00+00:00,3284.49856925,16.75361775,0.8510201,0.84926634,0.00128528,5.32e-06,0.00015189
2025-11-26 20:00:00+00:00,3122.5405695,15.98396691,0.86595011,0.86521327,0.00051096,0.0,6.315e-05
2025-11-26 21:00:00+00:00,3048.0676175,15.53591546,0.90685286,0.90671873,0.0,0.0,1.218e-05
2025-11-26 22:00:00+00:00,2938.28095375,18.10920989,0.90230531,0.89694877,5.6e-07,0.00106171,1.064e-05
2025-11-26 23:00:00+00:00,2765.18328525,15.17263627,0.91156386,0.91151059,0.0,0.0,0.0
2025-11-27 00:00:00+00:00,2759.49664525,15.05487883,0.91358657,0.91329243,0.0,0.00023991,1.67e-06
2025-11-27 01:00:00+00:00,2770.2891655,14.93197699,0.91712408,0.91677367,5.08e-06,0.00023874,1.55e-06
2025-11-27 02:00:00+00:00,2719.5437655,14.82381543,0.91654843,0.91607282,1.832e-05,0.00026439,1.53e-06
2025-11-27 03:00:00+00:00,2676.35967,14.87485989,0.91420307,0.91346933,1.12e-05,0.00038723,2.1e-06
2025-11-27 04:00:00+00:00,2741.72757575,14.39044882,0.91775665,0.91771165,0.0,0.0,0.0
2025-11-27 05:00:00+00:00,2886.99020125,15.11243248,0.91516964,0.91326737,2.815e-05,0.00119774,5e-06
2025-11-27 06:00:00+00:00,3071.6095915,14.94874792,0.9177282,0.91607593,6.187e-05,0.00097361,4.04e-06
2025-11-27 07:00:00+00:00,2964.77706325,14.7114298,0.9156001,0.914391,6.799e-05,0.00061813,2.81e-06
2025-11-27 08:00:00+00:00,2871.1624185,14.59418877,0.9127675,0.91183887,4.447e-05,0.00049192,2.19e-06
2025-11-27 09:00:00+00:00,2841.66711575,14.29007193,0.91066816,0.91055711,9.3e-07,1.427e-05,6e-08
2025-11-27 10:00:00+00:00,2809.6474575,14.53537517,0.9083109,0.90713144,2e-08,0.00100536,6.14e-06
2025-11-27 11:00:00+00:00,2766.71928475,14.67807213,0.91210091,0.90983193,1e-08,0.00210642,1.265e-05
2025-11-27 12:00:00+00:00,2867.86305725,14.67193544,0.91530772,0.91275847,1e-08,0.00240426,1.442e-05
2025-11-27 13:00:00+00:00,2966.94361475,14.611049,0.91505408,0.91256023,2e-08,0.00237789,1.428e-05
2025-11-27 14:00:00+00:00,3099.18184725,14.61776097,0.91784992,0.91554427,2e-08,0.00222417,1.334e-05
2025-11-27 15:00:00+00:00,3202.405123,14.31238711,0.92101753,0.92065281,9e-08,0.000271,1.67e-06
2025-11-27 16:00:00+00:00,3234.8015115,14.3772506,0.92229808,0.92185729,4e-07,0.00031525,1.97e-06
2025-11-27 17:00:00+00:00,3249.84341075,14.38843484,0.92451272,0.92414655,1.8e-06,0.00019725,8.5e-07
2025-11-27 18:00:00+00:00,3240.113288,14.33269364,0.92693579,0.92682765,0.0,4.385e-05,2.9e-07
2025-11-27 19:00:00+00:00,3102.66673075,14.22996992,0.92760338,0.92750763,0.0,3.299e-05,2.1e-07
2025-11-27 20:00:00+00:00,2977.02292125,14.12509679,0.93083115,0.93047834,0.0,0.0003249,2.13e-06
2025-11-27 21:00:00+00:00,2936.09426125,14.09546574,0.93740523,0.93716782,0.0,0.00021558,1.42e-06
2025-11-27 22:00:00+00:00,2801.468243,14.50862774,0.93925687,0.93611628,0.0,0.00294395,2.126e-05
2025-11-27 23:00:00+00:00,2608.780218,14.31459172,0.94771485,0.94505683,0.0,0.00254093,2.258e-05
2025-11-28 00:00:00+00:00,2532.232805,13.95966273,0.94681911,0.94476285,1e-08,0.00197273,1.475e-05
2025-11-28 01:00:00+00:00,2500.06248,13.74205208,0.94633746,0.94448895,0.0,0.00176323,1.212e-05
2025-11-28 02:00:00+00:00,2416.38226925,13.46740088,0.94409074,0.94238967,0.0,0.00162628,1.107e-05
2025-11-28 03:00:00+00:00,2470.36370425,13.42667705,0.94858071,0.94800409,0.0,0.00049107,3.63e-06
2025-11-28 04:00:00+00:00,2533.14624925,13.35517883,0.95007505,0.95003267,0.0,0.0,0.0
2025-11-28 05:00:00+00:00,2757.146665,13.33501011,0.94232702,0.94230548,0.0,0.0,0.0
2025-11-28 06:00:00+00:00,3007.117017,13.70735659,0.93507401,0.93498801,0.0,0.0,0.0
2025-11-28 07:00:00+00:00,3124.23473975,13.88447581,0.93341197,0.93320983,0.0,0.00013105,9.4e-07
2025-11-28 08:00:00+00:00,3186.274456,13.98169386,0.93373905,0.93327731,0.0,0.00039326,2.71e-06
2025-11-28 09:00:00+00:00,3160.2101015,14.02869771,0.93601998,0.93560849,0.0,0.00035273,2.41e-06
2025-11-28 10:00:00+00:00,3114.51327825,14.06180906,0.93924206,0.9386846,0.0,0.00046307,3.14e-06
2025-11-28 11:00:00+00:00,3092.12779,14.04554519,0.93613477,0.93548579,0.0,0.00053241,3.56e-06
2025-11-28 12:00:00+00:00,3083.412328,14.06413489,0.93594573,0.93510365,0.0,0.00074641,4.96e-06
2025-11-28 13:00:00+00:00,3026.0040465,13.98576114,0.93541911,0.93478651,0.0,0.00059295,3.94e-06
2025-11-28 14:00:00+00:00,3019.4253485,13.87298056,0.93439542,0.9343703,0.0,0.0,0.0
2025-11-28 15:00:00+00:00,3063.475091,14.30375031,0.93609963,0.93318139,0.0,0.00274308,1.801e-05
2025-11-28 16:00:00+00:00,3024.21683325,14.28549939,0.94284496,0.94031025,0.0,0.00233345,1.575e-05
2025-11-28 17:00:00+00:00,2962.15826175,14.1750726,0.94658502,0.94416333,0.0,0.00232083,1.562e-05
2025-11-28 18:00:00+00:00,2824.0334385,14.07335415,0.94872126,0.94615289,0.0,0.0024318,1.64e-05
2025-11-28 19:00:00+00:00,2617.07712525,14.10216174,0.94936442,0.94635145,0.0,0.00286692,1.945e-05
2025-11-28 20:00:00+00:00,2476.144229,13.93322604,0.95270457,0.95018981,0.0,0.00242658,1.686e-05
2025-11-28 21:00:00+00:00,2411.78305275,13.86201349,0.95447572,0.95203071,0.0,0.00236224,1.654e-05
2025-11-28 22:00:00+00:00,2325.46495875,13.89111255,0.95557659,0.952923,0.0,0.00247057,1.714e-05
2025-11-28 23:00:00+00:00,2326.6593735,13.74776179,0.95755305,0.95494394,0.0,0.00249512,1.722e-05
2025-11-29 00:00:00+00:00,2267.429255,13.63659336,0.95784015,0.95517141,0.0,0.00257243,1.767e-05
2025-11-29 01:00:00+00:00,2158.00963425,13.58653565,0.95653602,0.953853,0.0,0.00259605,1.854e-05
2025-11-29 02:00:00+00:00,2169.1293945,13.67416955,0.96001215,0.9571826,0.0,0.00273356,1.951e-05
2025-11-29 03:00:00+00:00,2077.6442965,13.4975891,0.95691039,0.95422928,0.0,0.00259377,1.812e-05
2025-11-29 04:00:00+00:00,2140.728025,13.60341863,0.95648052,0.95376693,0.0,0.0026251,1.822e-05
2025-11-29 05:00:00+00:00,2198.95221025,13.5978409,0.95685964,0.95415371,0.0,0.00261851,1.796e-05
2025-11-29 06:00:00+00:00,2320.562741,13.59689013,0.95634592,0.95367466,0.0,0.00252785,1.737e-05
2025-11-29 07:00:00+00:00,2406.8271545,13.57112158,0.95731182,0.95489475,0.0,0.00226959,1.565e-05
2025-11-29 08:00:00+00:00,2438.8556065,13.62100227,0.95893836,0.95706745,0.0,0.00176571,1.204e-05
2025-11-29 09:00:00+00:00,2494.627058,13.7683512,0.95809027,0.95623794,0.0,0.00173876,1.196e-05
2025-11-29 10:00:00+00:00,2471.5167155,13.83770735,0.95607362,0.95421566,0.0,0.00173827,1.234e-05
2025-11-29 11:00:00+00:00,2497.93163225,13.99599184,0.95427344,0.95240512,0.0,0.00171174,1.208e-05
2025-11-29 12:00:00+00:00,2508.786125,13.99053543,0.95118408,0.94931438,0.0,0.00173795,1.272e-05
2025-11-29 13:00:00+00:00,2576.649543,13.9519193,0.95084649,0.94897375,0.0,0.00176037,1.232e-05
2025-11-29 14:00:00+00:00,2726.64422325,13.95589154,0.94924881,0.94739093,0.0,0.00178881,1.214e-05
2025-11-29 15:00:00+00:00,2832.86894,14.54956546,0.94891189,0.94484308,0.0,0.00381965,2.685e-05
2025-11-29 16:00:00+00:00,2849.596016,14.62044021,0.9489139,0.94483632,0.0,0.00386025,2.866e-05
2025-11-29 17:00:00+00:00,2830.5400605,14.68520677,0.94955662,0.94541295,0.0,0.00398689,2.989e-05
2025-11-29 18:00:00+00:00,2749.66662925,14.76240938,0.94780515,0.94347371,0.0,0.0041373,3.091e-05
2025-11-29 19:00:00+00:00,2623.68782125,14.98216721,0.94956148,0.94502652,0.0,0.00434158,3.381e-05
2025-11-29 20:00:00+00:00,2526.12805975,15.04591016,0.95069144,0.94617472,0.0,0.00435969,4.413e-05
2025-11-29 21:00:00+00:00,2382.74591025,15.14212174,0.94846427,0.94386594,0.0,0.00444187,4.518e-05
2025-11-29 22:00:00+00:00,2292.4404715,15.31514803,0.94767108,0.94273776,0.0,0.00467585,4.925e-05
2025-11-29 23:00:00+00:00,2160.54181175,15.29671153,0.94766646,0.94267094,0.0,0.00480549,7.067e-05
2025-11-30 00:00:00+00:00,2160.74280075,15.40828863,0.94971309,0.94473145,0.0,0.00483119,6.934e-05
2025-11-30 01:00:00+00:00,2166.68877125,15.56511283,0.94893103,0.94367406,0.0,0.00509873,7.35e-05
2025-11-30 02:00:00+00:00,2147.51180575,15.61802886,0.94726805,0.94199214,0.0,0.00511266,7.473e-05
2025-11-30 03:00:00+00:00,2050.5290215,15.51261225,0.94642361,0.94134573,0.0,0.00491143,7.391e-05
2025-11-30 04:00:00+00:00,2189.27034925,15.43975554,0.94858242,0.94364331,0.0,0.00477489,7.083e-05
2025-11-30 05:00:00+00:00,2129.8594465,15.30998405,0.94823608,0.94353126,0.0,0.00455036,5.809e-05
2025-11-30 06:00:00+00:00,2207.029474,15.50991571,0.95113893,0.9466593,0.0,0.00426866,6.103e-05
2025-11-30 07:00:00+00:00,2418.45497475,15.71663201,0.95302311,0.94862275,0.0,0.00424287,0.00010147
2025-11-30 08:00:00+00:00,2497.44479525,15.92970467,0.95469563,0.95054635,0.0,0.00395982,9.76e-05
2025-11-30 09:00:00+00:00,2589.52073575,16.06010404,0.9500085,0.94607912,0.0,0.00372648,9.706e-05
2025-11-30 10:00:00+00:00,2649.66609525,16.21919834,0.94766223,0.94402112,0.0,0.00344188,9.319e-05
2025-11-30 11:00:00+00:00,2737.1628945,16.42971984,0.94530957,0.94179708,0.0,0.00329939,9.094e-05
2025-11-30 12:00:00+00:00,2741.94749775,16.54488796,0.94387315,0.94052493,0.0,0.00315954,0.00011278
2025-11-30 13:00:00+00:00,2756.818082,16.49772723,0.94238673,0.94000496,0.0,0.00224546,0.00012391
2025-11-30 14:00:00+00:00,2848.58573125,16.57144379,0.94188858,0.9402447,0.0,0.00140887,0.00013876
2025-11-30 15:00:00+00:00,2912.70162425,16.77075752,0.94091554,0.93899797,0.0,0.00148012,0.00017313
2025-11-30 16:00:00+00:00,2921.53668875,16.70246452,0.94105988,0.93941804,0.0,0.00117921,0.00015428
2025-11-30 17:00:00+00:00,2960.51666825,16.48445687,0.94010289,0.93879237,9.32e-06,0.00091813,0.00015223
2025-11-30 18:00:00+00:00,2885.7470455,16.20027303,0.93985168,0.93876655,0.0,0.00072399,0.00012112
2025-11-30 19:00:00+00:00,2813.2041835,15.78230453,0.93976188,0.93881041,0.0,0.00073238,9.156e-05
2025-11-30 20:00:00+00:00,2688.49274925,15.28158987,0.94036478,0.93993356,0.0,0.00035887,3.146e-05
2025-11-30 21:00:00+00:00,2512.644871,14.73882209,0.9430305,0.94301394,0.0,0.0,0.0
2025-11-30 22:00:00+00:00,2423.62153375,14.38571894,0.94400762,0.94357311,0.0,0.00031686,1.127e-05
2025-11-30 23:00:00+00:00,2310.92773,14.57262105,0.94938586,0.94759651,0.0,0.00165885,2.779e-05
2025-12-01 00:00:00+00:00,2276.465645,14.68916444,0.95048184,0.94706996,0.0,0.00328731,3.271e-05
2025-12-01 01:00:00+00:00,2274.65618025,14.721971,0.95064025,0.9469943,0.0,0.00351517,3.439e-05
2025-12-01 02:00:00+00:00,2287.31600225,14.73767872,0.95005508,0.94618547,0.0,0.00373463,3.494e-05
2025-12-01 03:00:00+00:00,2364.98203375,14.78858314,0.94749931,0.94353432,0.0,0.00380557,3.314e-05
2025-12-01 04:00:00+00:00,2438.62378275,15.04424994,0.94461102,0.94119047,0.0,0.00326029,4.563e-05
2025-12-01 05:00:00+00:00,2776.8957305,15.43724513,0.94121614,0.93910398,0.0,0.002022,7.927e-05
2025-12-01 06:00:00+00:00,3088.01055425,16.06871499,0.93652279,0.93366994,0.0,0.00265569,0.00017729
2025-12-01 07:00:00+00:00,3120.17021875,16.65680006,0.93560251,0.93121592,0.0,0.00415364,0.00032858
2025-12-01 08:00:00+00:00,3092.74067875,16.87933095,0.93457826,0.93011572,0.0,0.00418621,0.00034671
2025-12-01 09:00:00+00:00,3075.95308475,17.03746627,0.93454235,0.93094761,0.0,0.00337228,0.00027264
2025-12-01 10:00:00+00:00,3076.70048875,17.05004871,0.93336927,0.93083525,0.0,0.00234585,0.0001889
2025-12-01 11:00:00+00:00,2977.28972975,16.96746793,0.93242756,0.93121931,0.0,0.00105779,8.743e-05
2025-12-01 12:00:00+00:00,3027.4502855,16.99871606,0.92985653,0.9285668,0.0,0.00113191,9.382e-05
2025-12-01 13:00:00+00:00,3141.7785615,16.82954404,0.92946423,0.92894892,0.00015128,0.00027654,2.508e-05
2025-12-01 14:00:00+00:00,3259.7674105,17.12177018,0.92927303,0.92727432,0.00059212,0.00130351,0.00011489
2025-12-01 15:00:00+00:00,3290.067879,17.20943506,0.92998726,0.92766249,0.00062622,0.00152147,0.00013491
2025-12-01 16:00:00+00:00,3180.51983325,17.00569915,0.92906614,0.92700765,0.00055976,0.00131984,0.00011963
2025-12-01 17:00:00+00:00,3043.56628225,16.48887363,0.92908951,0.92864201,9.18e-06,0.00034009,4.174e-05
2025-12-01 18:00:00+00:00,2917.577699,16.16650732,0.92790224,0.92778452,0.0,0.0,2.118e-05
2025-12-01 19:00:00+00:00,2749.43815925,15.90459009,0.93024184,0.9301563,0.0,0.0,2.003e-05
2025-12-01 20:00:00+00:00,2665.28671225,15.71826243,0.93548009,0.93534502,4.14e-06,0.0,3.175e-05
2025-12-01 21:00:00+00:00,2475.31515925,15.27313212,0.93916048,0.9390864,0.0,0.0,1.786e-05
2025-12-01 22:00:00+00:00,2270.97858475,14.8100203,0.9391679,0.9391508,0.0,0.0,0.0
2025-12-01 23:00:00+00:00,2340.98132025,14.49594151,0.94462995,0.94458747,0.0,0.0,0.0
2025-12-02 00:00:00+00:00,2319.39115325,14.3123556,0.94712077,0.94705745,0.0,0.0,0.0
2025-12-02 01:00:00+00:00,2338.804578,14.19500201,0.94913758,0.94911576,0.0,0.0,0.0
2025-12-02 02:00:00+00:00,2401.87698075,14.04849722,0.95095421,0.95093649,0.0,0.0,0.0
2025-12-02 03:00:00+00:00,2443.22615225,13.9631902,0.94935521,0.94931242,0.0,0.0,0.0
2025-12-02 04:00:00+00:00,2496.7870265,13.98361791,0.94796845,0.94795049,0.0,0.0,0.0
2025-12-02 05:00:00+00:00,2753.98938175,14.29404038,0.94600902,0.94599163,0.0,0.0,0.0
2025-12-02 06:00:00+00:00,3073.300195,14.52796163,0.94237702,0.94231371,0.0,0.0,0.0
2025-12-02 07:00:00+00:00,3126.8656315,14.61148034,0.93811944,0.93807905,0.0,0.0,0.0
2025-12-02 08:00:00+00:00,3111.6827995,14.77309333,0.93643975,0.93634802,0.0,0.0,0.0
2025-12-02 09:00:00+00:00,3116.65398325,14.78749778,0.93369802,0.93365293,0.0,0.0,0.0
2025-12-02 10:00:00+00:00,3051.609952,14.92701116,0.93298803,0.93291264,0.0,0.0,0.0
2025-12-02 11:00:00+00:00,3091.533377,14.94218155,0.93280302,0.93269595,0.0,0.0,0.0
2025-12-02 12:00:00+00:00,3213.51254,14.98507482,0.93436071,0.93425945,0.0,0.0,0.0
2025-12-02 13:00:00+00:00,3245.29496825,14.90206671,0.93300421,0.93293656,0.0,0.0,0.0
2025-12-02 14:00:00+00:00,3261.312407,14.8021116,0.93190208,0.93186725,0.0,0.0,0.0
2025-12-02 15:00:00+00:00,3347.707793,14.80557126,0.9313519,0.93116345,0.0,9.011e-05,5.7e-07
2025-12-02 16:00:00+00:00,3287.674675,14.74136683,0.93088971,0.9307331,0.0,4.644e-05,3e-07
2025-12-02 17:00:00+00:00,3138.61208725,14.6955682,0.92970507,0.92932946,0.0,0.00033022,2.12e-06
2025-12-02 18:00:00+00:00,3133.982076,14.7737183,0.92968934,0.92907836,0.0,0.00053954,3.49e-06
2025-12-02 19:00:00+00:00,2976.69223825,14.80850766,0.93018946,0.92925259,0.0,0.00089392,5.71e-06
2025-12-02 20:00:00+00:00,2827.8123785,14.89372644,0.9326092,0.93151872,0.0,0.00101546,6.65e-06
2025-12-02 21:00:00+00:00,2613.82112625,14.92505186,0.93297901,0.93170294,0.0,0.00121659,8e-06
2025-12-02 22:00:00+00:00,2481.998486,15.00453336,0.9312723,0.9298899,0.0,0.00132296,8.91e-06
2025-12-02 23:00:00+00:00,2504.73741175,15.58731928,0.93436856,0.931011,0.0,0.00321638,5.014e-05
2025-12-03 00:00:00+00:00,2478.92990525,15.79261458,0.9370321,0.93343667,0.0,0.00342737,9.296e-05
2025-12-03 01:00:00+00:00,2383.41233475,15.88660273,0.93760279,0.93386877,0.0,0.00359676,9.904e-05
2025-12-03 02:00:00+00:00,2390.995308,15.87291657,0.93863367,0.9352172,0.0,0.00329467,9.167e-05
2025-12-03 03:00:00+00:00,2459.4158055,15.79049224,0.93530758,0.93289746,0.0,0.00229243,6.615e-05
2025-12-03 04:00:00+00:00,2555.616374,15.72150436,0.92277125,0.92139591,0.0,0.00129385,3.738e-05
2025-12-03 05:00:00+00:00,2848.41379825,16.01578045,0.91504477,0.91359484,4.968e-05,0.00133129,3.904e-05
2025-12-03 06:00:00+00:00,3158.05966675,16.41521158,0.91070066,0.90930303,0.00083552,0.00041671,4.081e-05
2025-12-03 07:00:00+00:00,3005.328211,16.81427724,0.90648006,0.90417261,0.0011723,0.00083379,9.811e-05
2025-12-03 08:00:00+00:00,3037.3223795,17.18748775,0.90479919,0.90216493,0.00131144,0.00082175,0.00013715
2025-12-03 09:00:00+00:00,3207.5620135,17.31556618,0.90138162,0.89937449,0.00094682,0.00079789,0.00011895
2025-12-03 10:00:00+00:00,3274.773629,17.74983147,0.90310676,0.90035051,0.00137708,0.00109457,9.89e-05
2025-12-03 11:00:00+00:00,3204.20576775,17.91550316,0.89937586,0.89658775,0.00150851,0.00103185,9.535e-05
2025-12-03 12:00:00+00:00,3189.627038,18.17524295,0.89697072,0.89408316,0.00147194,0.00106157,0.00011011
2025-12-03 13:00:00+00:00,3282.31115525,18.32904099,0.89323848,0.8899493,0.00177608,0.001118,0.00016829
2025-12-03 14:00:00+00:00,3311.097519,18.36501257,0.8814268,0.8783552,0.00149631,0.00122031,0.00014847
2025-12-03 15:00:00+00:00,3295.73639625,18.34319514,0.8369207,0.83401435,0.00123329,0.00138257,0.00011965
2025-12-03 16:00:00+00:00,3331.1855745,18.37398195,0.8342763,0.83137284,0.00112459,0.00151829,0.00014563
2025-12-03 17:00:00+00:00,3248.20530275,18.2730082,0.85449734,0.85201688,0.00098969,0.00133244,9.811e-05
2025-12-03 18:00:00+00:00,3122.1263795,18.32639435,0.8939379,0.89146282,0.00101187,0.00122927,9.485e-05
2025-12-03 19:00:00+00:00,2997.92339675,18.28635425,0.90733713,0.90503726,0.000672,0.00138549,0.00010962
2025-12-03 20:00:00+00:00,2904.16162425,18.21796722,0.90980022,0.90806507,0.000529,0.00093646,0.000106
2025-12-03 21:00:00+00:00,2731.3933495,17.9481268,0.9099658,0.90908371,0.00012197,0.0006341,4.944e-05
2025-12-03 22:00:00+00:00,2561.55038125,17.82270356,0.9125742,0.91200986,0.0,0.0004266,4.415e-05
2025-12-03 23:00:00+00:00,2468.30641525,17.81796077,0.91776057,0.91630086,0.0,0.00124441,7.753e-05
2025-12-04 00:00:00+00:00,2427.67619275,17.80006787,0.91588123,0.91431086,0.0,0.00126738,7.952e-05
2025-12-04 01:00:00+00:00,2410.3510055,17.92288807,0.91652619,0.91431377,0.0,0.00186979,8.771e-05
2025-12-04 02:00:00+00:00,2492.142273,18.65527631,0.9152081,0.91007794,0.0,0.00424692,0.0001745
2025-12-04 03:00:00+00:00,2466.195778,19.00775449,0.91593631,0.91000964,2.295e-05,0.00454876,0.00021321
2025-12-04 04:00:00+00:00,2608.917284,18.65743867,0.91285232,0.90917735,0.00011918,0.00253666,0.00021242
2025-12-04 05:00:00+00:00,2865.7175095,18.41064712,0.91172798,0.9095611,0.00164178,0.00018476,0.00013187
2025-12-04 06:00:00+00:00,3113.69468275,20.10873615,0.9161902,0.90761036,0.00314919,0.00358493,0.00033695
2025-12-04 07:00:00+00:00,3160.93685975,21.38531648,0.90899839,0.89683601,0.00288494,0.00586237,0.00048091
2025-12-04 08:00:00+00:00,3173.455306,21.57525093,0.90617315,0.89393582,0.00280015,0.005715,0.00045969
2025-12-04 09:00:00+00:00,3171.159934,21.6136077,0.90649951,0.8941512,0.00307733,0.00563533,0.00047867
2025-12-04 10:00:00+00:00,3155.456277,21.58557028,0.90465658,0.89267951,0.0029532,0.00552619,0.0004364
2025-12-04 11:00:00+00:00,3183.3388375,21.86884192,0.90274168,0.89049471,0.00307522,0.00539022,0.00041274
2025-12-04 12:00:00+00:00,3198.35175775,22.14852202,0.90174948,0.8885515,0.00317606,0.00602474,0.00044325
2025-12-04 13:00:00+00:00,3217.577858,22.062795,0.90112175,0.88830469,0.00313042,0.005866,0.00042653
2025-12-04 14:00:00+00:00,3280.99793275,21.55289911,0.90180865,0.89013028,0.00311453,0.00542471,0.0003909
2025-12-04 15:00:00+00:00,3299.17354125,21.85180958,0.90137165,0.88869612,0.00329849,0.00587358,0.00044631
2025-12-04 16:00:00+00:00,3284.704471,23.26583387,0.9021161,0.88687226,0.002895,0.0067675,0.00044726
2025-12-04 17:00:00+00:00,3205.075666,21.77862814,0.90257119,0.89047228,0.00234595,0.0061128,0.00046614
2025-12-04 18:00:00+00:00,3115.490105,21.89176298,0.90222916,0.88985589,0.00225178,0.00639181,0.00046475
2025-12-04 19:00:00+00:00,2989.7255905,21.57205756,0.90481197,0.8931129,0.00222194,0.00625345,0.00047323
2025-12-04 20:00:00+00:00,2855.99195475,20.33051903,0.90703497,0.89885831,0.00224222,0.00418099,0.00033548
2025-12-04 21:00:00+00:00,2697.2905735,19.02499646,0.90767859,0.90432484,0.00196753,0.00082849,0.00016267
2025-12-04 22:00:00+00:00,2576.542948,19.22923701,0.90515006,0.90136628,0.00118018,0.0018051,0.00021562
2025-12-04 23:00:00+00:00,2471.68128375,19.9187263,0.90250699,0.89596086,0.0007549,0.0042689,0.00038807
2025-12-05 00:00:00+00:00,2383.44373075,19.91625122,0.90030336,0.89408116,0.00014494,0.00448608,0.00039227
2025-12-05 01:00:00+00:00,2426.36054425,19.93822913,0.90005904,0.89421024,0.0001302,0.00416179,0.0004011
2025-12-05 02:00:00+00:00,2463.63907275,20.28441749,0.89941895,0.89249259,0.00017553,0.00499922,0.00046591
2025-12-05 03:00:00+00:00,2419.01046475,19.93334592,0.89590596,0.89004273,0.00033341,0.00404549,0.00040568
2025-12-05 04:00:00+00:00,2540.45328125,18.90203403,0.88578545,0.88346808,0.00126795,0.00039893,0.0001955
2025-12-05 05:00:00+00:00,2827.8535755,19.03466223,0.85748375,0.85502413,0.00200249,0.0,0.00018973
2025-12-05 06:00:00+00:00,3079.84644675,19.52888056,0.80895795,0.80614603,0.00139153,0.00031901,0.00012549
2025-12-05 07:00:00+00:00,3177.2227985,19.46948559,0.79616526,0.79308162,0.00141783,0.00081534,0.00016347
2025-12-05 08:00:00+00:00,3165.583238,19.75929,0.79640837,0.79275388,0.00143993,0.00109731,0.00017345
2025-12-05 09:00:00+00:00,3246.3378085,19.17299404,0.80136175,0.79946132,0.00150979,2.45e-06,0.00014266
2025-12-05 10:00:00+00:00,3220.42442075,19.38532844,0.80063664,0.79830405,0.00159385,3.943e-05,0.00015339
2025-12-05 11:00:00+00:00,3152.7475825,19.4980162,0.7990308,0.79650969,0.00160195,6.571e-05,0.00016923
2025-12-05 12:00:00+00:00,3065.246508,19.30339566,0.7980718,0.79578392,0.00152493,3.918e-05,0.00015971
2025-12-05 13:00:00+00:00,3037.49536725,19.07914718,0.7948206,0.79278782,0.00136254,3.442e-05,0.00017651
2025-12-05 14:00:00+00:00,3064.8922135,18.99472552,0.79555115,0.79360734,0.00129277,1.859e-05,0.00021256
2025-12-05 15:00:00+00:00,3147.27216275,18.96024644,0.79653634,0.79464584,0.00109815,3.893e-05,0.00020605
2025-12-05 16:00:00+00:00,3193.01051625,18.89008361,0.80059418,0.79861293,0.00119707,4.064e-05,0.00020514
2025-12-05 17:00:00+00:00,2984.09322175,18.73532954,0.83281172,0.83078785,0.00129593,3.35e-05,0.00021696
2025-12-05 18:00:00+00:00,2881.383551,18.64156595,0.90169823,0.89969906,0.00137476,2.31e-06,0.00023501
2025-12-05 19:00:00+00:00,2735.61123375,18.43444031,0.90769193,0.90608323,0.00102066,0.0,0.00022781
2025-12-05 20:00:00+00:00,2649.1979855,18.27240167,0.90765436,0.90621071,0.00084143,0.0,0.00022621
2025-12-05 21:00:00+00:00,2589.3386415,17.97223379,0.9090824,0.90817702,0.00035552,0.0,0.00021213
2025-12-05 22:00:00+00:00,2532.39704725,17.65681617,0.91220281,0.91162607,8.435e-05,0.0,0.00016997
2025-12-05 23:00:00+00:00,2386.3410695,17.65938893,0.92205484,0.92146862,5.011e-05,0.0,0.0001628
2025-12-06 00:00:00+00:00,2343.5243195,17.39161677,0.92328523,0.92289568,5.04e-06,0.0,0.00010397
2025-12-06 01:00:00+00:00,2315.00156225,17.28339254,0.92319763,0.92281139,3.1e-06,0.0,9.38e-05
2025-12-06 02:00:00+00:00,2302.31164275,17.22423601,0.92254106,0.92224429,0.0,0.0,7.378e-05
2025-12-06 03:00:00+00:00,2268.96907575,17.24971042,0.92490797,0.92455651,0.0,0.0,7.788e-05
2025-12-06 04:00:00+00:00,2321.35429575,17.21588419,0.92342938,0.92309571,0.0,0.0,6.755e-05
2025-12-06 05:00:00+00:00,2353.93376025,17.29444288,0.9265629,0.926129,0.0,0.0,9.228e-05
2025-12-06 06:00:00+00:00,2467.903486,17.13154004,0.9230787,0.92265345,0.0,0.0,8.137e-05
2025-12-06 07:00:00+00:00,2546.55081225,17.09543553,0.92330734,0.92285154,4.073e-05,8.8e-07,8.997e-05
2025-12-06 08:00:00+00:00,2635.38447075,17.28916304,0.92708359,0.92640019,0.00011912,3.2e-07,0.00010168
2025-12-06 09:00:00+00:00,2681.441477,17.26837395,0.92846208,0.92788322,0.00018811,4.8e-07,8.741e-05
2025-12-06 10:00:00+00:00,2736.95536175,17.39549627,0.93025586,0.92917636,0.0006189,5.9e-07,0.00010628
2025-12-06 11:00:00+00:00,2757.40852075,17.45979458,0.92689648,0.92573292,0.00064224,1.13e-06,0.00012386
2025-12-06 12:00:00+00:00,2813.26308675,17.6049898,0.92235929,0.92031926,0.0008614,0.00068699,0.00011953
2025-12-06 13:00:00+00:00,2841.67036875,17.7794339,0.92056276,0.9175801,0.00088165,0.00160657,0.00014006
2025-12-06 14:00:00+00:00,2934.368293,17.95181563,0.92106547,0.91714595,0.00082376,0.00258794,0.0001472
2025-12-06 15:00:00+00:00,2961.44191275,18.17111673,0.92033468,0.91512288,0.00084975,0.00380922,0.00015866
2025-12-06 16:00:00+00:00,2923.782943,18.12172215,0.91808651,0.91201191,0.00078332,0.00483429,0.00010576
2025-12-06 17:00:00+00:00,2817.6049405,17.96718176,0.91655018,0.91037372,0.00063018,0.0050879,0.00010741
2025-12-06 18:00:00+00:00,2696.7157305,17.75879736,0.91455511,0.90859316,0.00037646,0.00512733,8.897e-05
2025-12-06 19:00:00+00:00,2602.9591255,17.5799104,0.91371283,0.90789306,0.00020732,0.00526648,7.605e-05
2025-12-06 20:00:00+00:00,2567.1988785,17.42773737,0.91529467,0.90958185,5.866e-05,0.0053034,7.09e-05
2025-12-06 21:00:00+00:00,2584.0514495,17.30224349,0.91767556,0.91210357,0.0,0.00538767,4.029e-05
2025-12-06 22:00:00+00:00,2458.35938875,17.32428405,0.92516476,0.91938377,0.0,0.00557842,4.099e-05
2025-12-06 23:00:00+00:00,2394.2390545,17.41532261,0.93241445,0.92644719,0.0,0.00574169,3.975e-05
2025-12-07 00:00:00+00:00,2370.47288725,17.39761978,0.93578043,0.929682,0.0,0.00591409,4.118e-05
2025-12-07 01:00:00+00:00,2388.3205805,17.39343409,0.93760104,0.93135385,0.0,0.00603509,4.128e-05
2025-12-07 02:00:00+00:00,2345.8908695,17.31737202,0.93462836,0.9283654,0.0,0.00608966,4.005e-05
2025-12-07 03:00:00+00:00,2239.310791,17.38345113,0.9346099,0.92818389,0.0,0.00623483,4.757e-05
2025-12-07 04:00:00+00:00,2236.1722745,17.42618885,0.93117212,0.92476074,0.0,0.00616777,4.286e-05
2025-12-07 05:00:00+00:00,2312.26455675,17.69457783,0.93063028,0.92444763,0.0,0.00592848,4.215e-05
2025-12-07 06:00:00+00:00,2402.895176,17.91374947,0.92821404,0.92238274,0.0,0.0055883,4.358e-05
2025-12-07 07:00:00+00:00,2497.43401625,18.11037593,0.92667945,0.92096361,0.0,0.00548198,4.356e-05
2025-12-07 08:00:00+00:00,2566.98648075,18.32914392,0.92450432,0.9186783,0.0,0.00551948,5.079e-05
2025-12-07 09:00:00+00:00,2646.0416195,18.64867429,0.92228111,0.91634165,0.0,0.00551369,9.297e-05
2025-12-07 10:00:00+00:00,2707.1478805,18.96157982,0.92022853,0.91423132,0.0,0.00542705,0.00012285
2025-12-07 11:00:00+00:00,2733.49422,19.13319224,0.91969928,0.91369408,1.19e-05,0.00539627,0.00013055
2025-12-07 12:00:00+00:00,2752.96042975,19.19983552,0.91959806,0.91340392,0.00011536,0.00542563,0.00015205
2025-12-07 13:00:00+00:00,2765.23573025,19.26989797,0.91959541,0.91330026,0.00015094,0.00541609,0.00019913
2025-12-07 14:00:00+00:00,2821.8645595,19.26870315,0.92024864,0.91395098,0.00036588,0.00529203,0.00029787
2025-12-07 15:00:00+00:00,2923.203848,19.31096115,0.92110386,0.91466928,0.00056507,0.0051632,0.00033686
2025-12-07 16:00:00+00:00,2959.71230375,19.28925768,0.9218411,0.91534601,0.0007437,0.0050505,0.00038854
2025-12-07 17:00:00+00:00,2910.2732515,19.25551236,0.92158894,0.91514914,0.0005778,0.00513216,0.00040717
2025-12-07 18:00:00+00:00,2812.721338,19.14740676,0.92092779,0.91469017,0.00021539,0.00531932,0.00036986
2025-12-07 19:00:00+00:00,2669.28629475,18.99052885,0.92198274,0.9159642,0.0,0.00547272,0.00033301
2025-12-07 20:00:00+00:00,2546.2457535,18.89811807,0.9247533,0.91869743,0.0,0.00550203,0.00033035
2025-12-07 21:00:00+00:00,2441.1265155,18.57419404,0.9259837,0.92026362,0.0,0.00533842,0.00024178
2025-12-07 22:00:00+00:00,2376.48338575,17.96680829,0.92522699,0.92005897,0.0,0.00498417,9.116e-05
2025-12-07 23:00:00+00:00,2285.47377325,21.12304382,0.92388709,0.90874085,1.786e-05,0.01089433,7.627e-05
2025-12-08 00:00:00+00:00,2186.98591475,42.42129368,0.91406863,0.84949012,3.271e-05,0.0380087,0.00022393
2025-12-08 01:00:00+00:00,2133.69730625,39.55526642,0.91565549,0.85587737,1.327e-05,0.03704101,0.0001534
2025-12-08 02:00:00+00:00,2088.80071125,42.00327289,0.91559983,0.84920893,3.765e-05,0.03923686,0.00021732
2025-12-08 03:00:00+00:00,1985.86086675,34.57504656,0.91873301,0.86897824,1.475e-05,0.03108785,0.00010825
2025-12-08 04:00:00+00:00,1998.32617275,14.6568322,0.92568757,0.92496208,5.7e-07,0.00042182,3.07e-06
2025-12-08 05:00:00+00:00,2317.611561,15.44639985,0.93018569,0.9300287,0.0,0.0,1.806e-05
2025-12-08 06:00:00+00:00,2714.81385325,15.80452383,0.92538612,0.92517047,0.0,0.0,4.061e-05
2025-12-08 07:00:00+00:00,2788.58656025,15.79146484,0.92207237,0.92160527,0.0,0.00018546,6.135e-05
2025-12-08 08:00:00+00:00,2710.03030975,15.65336607,0.91722887,0.9170118,0.0,0.0,2.673e-05
2025-12-08 09:00:00+00:00,2786.92898,15.63716509,0.91616004,0.91604748,0.0,0.0,1.254e-05
2025-12-08 10:00:00+00:00,2672.97513325,15.76898573,0.91472724,0.91417768,2.16e-06,0.00025002,2.301e-05
2025-12-08 11:00:00+00:00,2656.63990675,15.70833944,0.91605733,0.91581939,2e-08,9.05e-06,1.791e-05
2025-12-08 12:00:00+00:00,2635.342834,15.5851549,0.9157844,0.91554055,0.0,0.0,2.72e-05
2025-12-08 13:00:00+00:00,2622.62105625,15.32032419,0.91550838,0.91529278,0.0,0.0,2.051e-05
2025-12-08 14:00:00+00:00,2660.641118,15.20094845,0.91491451,0.91476872,0.0,0.0,1.97e-05
2025-12-08 15:00:00+00:00,2682.620171,15.24470066,0.91557408,0.91491009,0.0,0.00048897,4.779e-05
2025-12-08 16:00:00+00:00,2755.5175245,15.44180269,0.91734443,0.91597213,0.0,0.00119931,9.253e-05
2025-12-08 17:00:00+00:00,2681.0126655,15.24568466,0.92134634,0.92092187,0.0,0.00028899,3.104e-05
2025-12-08 18:00:00+00:00,2614.11626075,15.2221266,0.9283801,0.92789345,0.0,0.0003751,3.638e-05
2025-12-08 19:00:00+00:00,2472.63404025,15.05810189,0.93416284,0.93349542,0.0,0.00059684,3.661e-05
2025-12-08 20:00:00+00:00,2357.9777525,14.79703345,0.93367026,0.93342897,0.0,0.00017816,9.83e-06
2025-12-08 21:00:00+00:00,2290.880418,14.91157176,0.93524101,0.93439136,0.0,0.00079178,3.127e-05
2025-12-08 22:00:00+00:00,2162.4179885,15.10896954,0.93197002,0.92951005,0.0,0.00191832,5.162e-05
2025-12-08 23:00:00+00:00,2125.12587575,15.14644209,0.93385446,0.93068475,0.0,0.00301283,5.84e-05
2025-12-09 00:00:00+00:00,2086.8745695,15.59328771,0.9357194,0.93152126,0.0,0.00403779,7.014e-05
2025-12-09 01:00:00+00:00,2126.994285,15.65607776,0.94016017,0.9366659,0.0,0.00334174,6.24e-05
2025-12-09 02:00:00+00:00,2139.850681,15.44494831,0.93508813,0.9325644,0.0,0.00234313,4.278e-05
2025-12-09 03:00:00+00:00,2156.19749225,15.65186232,0.93540429,0.93307249,0.0,0.00203757,5.854e-05
2025-12-09 04:00:00+00:00,2201.008679,15.19457255,0.93257407,0.9324709,0.0,0.0,5.3e-06
2025-12-09 05:00:00+00:00,2433.498032,15.86474565,0.93227359,0.93206202,0.0,0.0,3.202e-05
2025-12-09 06:00:00+00:00,2789.903841,16.42049015,0.92417885,0.92341173,0.00048421,5e-08,6.127e-05
2025-12-09 07:00:00+00:00,2900.64878175,17.59568629,0.92244397,0.91940611,0.00080875,0.0,7.593e-05
2025-12-09 08:00:00+00:00,2915.56312275,16.83124156,0.91944819,0.91818316,0.00095782,0.0,4.882e-05
2025-12-09 09:00:00+00:00,2844.00884975,17.01211548,0.9162604,0.91463195,0.00134591,0.0,5.727e-05
2025-12-09 10:00:00+00:00,2849.51109275,17.71421379,0.91490536,0.91216196,0.00129761,0.00062184,7.09e-05
2025-12-09 11:00:00+00:00,2815.4934295,19.36680596,0.91085557,0.90428503,0.00121265,0.00251564,6.839e-05
2025-12-09 12:00:00+00:00,2915.7651245,19.81473064,0.9084926,0.90078921,0.00118811,0.00363578,5.846e-05
2025-12-09 13:00:00+00:00,2942.1076855,20.85036972,0.9081586,0.89826482,0.00160958,0.0042951,8.668e-05
2025-12-09 14:00:00+00:00,3039.8882155,21.1870125,0.91071419,0.90014479,0.0022336,0.00462814,0.00012491
2025-12-09 15:00:00+00:00,3052.72618,21.16488812,0.90984487,0.89950422,0.00232101,0.00459082,0.0001327
2025-12-09 16:00:00+00:00,3051.80793825,20.81586204,0.91498153,0.90504768,0.00307692,0.00420586,0.00012387
2025-12-09 17:00:00+00:00,2938.936408,20.23486916,0.9161509,0.90819318,0.00250269,0.0035757,0.00010736
2025-12-09 18:00:00+00:00,2877.5579245,19.2635392,0.92078942,0.91600797,0.00263933,0.00122524,0.00010149
2025-12-09 19:00:00+00:00,2740.95010825,18.64521734,0.92780536,0.92498811,0.00216083,0.00025476,0.00010147
2025-12-09 20:00:00+00:00,2667.3462355,18.2995021,0.92641741,0.92512649,0.00097227,0.0,9.886e-05
2025-12-09 21:00:00+00:00,2497.71053475,17.77663714,0.92501321,0.92463991,0.00012513,3.57e-06,5.654e-05
2025-12-09 22:00:00+00:00,2335.84746825,17.31927276,0.92638307,0.92615744,0.0,0.0,5.028e-05
2025-12-09 23:00:00+00:00,2168.92403875,16.77936885,0.92754644,0.9266545,1.1e-06,0.0005385,1.473e-05
2025-12-10 00:00:00+00:00,2119.72260975,16.37329778,0.92867767,0.9275791,1.25e-06,0.00073558,7.17e-06
2025-12-10 01:00:00+00:00,2091.1250315,16.05080254,0.93133385,0.93008678,1.65e-06,0.00071967,1.941e-05
2025-12-10 02:00:00+00:00,2039.29616325,15.45108738,0.93204676,0.93196291,0.0,5.21e-06,1.443e-05
2025-12-10 03:00:00+00:00,2013.9361115,15.2117689,0.93347225,0.93338403,0.0,0.0,1.457e-05
2025-12-10 04:00:00+00:00,2061.9179095,15.07008249,0.93535055,0.93530843,0.0,0.0,3.63e-06
2025-12-10 05:00:00+00:00,2280.487721,15.28428881,0.93581762,0.93567051,0.0,0.0,1.525e-05
2025-12-10 06:00:00+00:00,2655.89959325,15.50622352,0.93896534,0.93878141,0.0,0.0,3.329e-05
2025-12-10 07:00:00+00:00,2781.5253125,15.5011949,0.94163587,0.94141547,0.0,0.0,3.367e-05
2025-12-10 08:00:00+00:00,2800.80891625,15.37487205,0.94162545,0.94145016,0.0,0.0,1.867e-05
2025-12-10 09:00:00+00:00,2804.0520115,15.2856891,0.94341354,0.94333205,0.0,0.0,3.52e-06
2025-12-10 10:00:00+00:00,2818.7289665,15.19992246,0.94361991,0.94353314,0.0,0.0,0.0
2025-12-10 11:00:00+00:00,2794.4461305,15.053145,0.94314787,0.94305978,0.0,0.0,0.0
2025-12-10 12:00:00+00:00,2712.72151225,15.01316093,0.94215401,0.9420512,0.0,0.0,0.0
2025-12-10 13:00:00+00:00,2764.965516,14.97057305,0.94316266,0.94311001,0.0,0.0,4.9e-07
2025-12-10 14:00:00+00:00,2927.4479165,14.99619639,0.91909325,0.91898634,0.0,0.0,1.46e-05
2025-12-10 15:00:00+00:00,3011.24787725,14.9749289,0.92003385,0.91993234,0.0,0.0,1.872e-05
2025-12-10 16:00:00+00:00,3078.7872775,14.84962572,0.91996009,0.91987537,0.0,0.0,1.004e-05
2025-12-10 17:00:00+00:00,3028.268395,14.71483909,0.92320006,0.92318105,0.0,0.0,0.0
2025-12-10 18:00:00+00:00,2934.4063305,14.57120108,0.92165996,0.92163017,0.0,0.0,0.0
2025-12-10 19:00:00+00:00,2852.25106725,14.36067959,0.92165006,0.92163094,0.0,0.0,0.0
2025-12-10 20:00:00+00:00,2704.06607825,14.07563249,0.9211232,0.92110411,0.0,0.0,0.0
2025-12-10 21:00:00+00:00,2566.85404125,14.04966894,0.92493331,0.92491846,0.0,0.0,0.0
2025-12-10 22:00:00+00:00,2409.82752675,13.90832294,0.92480998,0.92479006,0.0,0.0,0.0
2025-12-10 23:00:00+00:00,2329.777668,13.85185582,0.92213298,0.92206149,0.0,0.0,0.0
2025-12-11 00:00:00+00:00,2261.699415,13.72871665,0.919965,0.9199459,0.0,0.0,0.0
2025-12-11 01:00:00+00:00,2246.937794,13.57400675,0.91517358,0.91515317,0.0,0.0,0.0
2025-12-11 02:00:00+00:00,2151.67605025,13.50684746,0.91632504,0.91630525,0.0,0.0,0.0
2025-12-11 03:00:00+00:00,2110.2514585,13.47719814,0.91578149,0.91576602,0.0,0.0,0.0
2025-12-11 04:00:00+00:00,2247.190672,13.76198009,0.91430326,0.91428437,0.0,0.0,0.0
2025-12-11 05:00:00+00:00,2661.53232975,14.51149125,0.91571463,0.91556321,0.0,0.0,1.707e-05
2025-12-11 06:00:00+00:00,3087.72452725,15.00782601,0.91530861,0.9148609,1e-08,0.00018114,2.429e-05
2025-12-11 07:00:00+00:00,3144.9196135,15.56008635,0.91385708,0.91246868,1.244e-05,0.00059123,4.68e-05
2025-12-11 08:00:00+00:00,3120.97559625,15.98291366,0.91472309,0.91267104,4.66e-06,0.00097885,2.783e-05
2025-12-11 09:00:00+00:00,3084.67925125,15.93077468,0.91297932,0.91096517,9.83e-06,0.00097535,3.698e-05
2025-12-11 10:00:00+00:00,3075.409836,16.02881395,0.91248799,0.91016311,1.549e-05,0.00105071,2.051e-05
2025-12-11 11:00:00+00:00,3047.4192915,15.76447605,0.9110238,0.9096582,1.093e-05,0.00045461,1.942e-05
2025-12-11 12:00:00+00:00,3112.52245775,16.41462834,0.9081265,0.90523784,1.423e-05,0.00098349,1.604e-05
2025-12-11 13:00:00+00:00,3167.673732,15.7680889,0.91135628,0.90994512,3.47e-06,0.00071551,1.489e-05
2025-12-11 14:00:00+00:00,3135.35418475,15.22715428,0.91234628,0.91226122,0.0,0.0,8.51e-06
2025-12-11 15:00:00+00:00,3066.185953,15.27084562,0.93257279,0.93247748,3.71e-06,0.0,1.34e-05
2025-12-11 16:00:00+00:00,3069.4831395,15.41436513,0.93840005,0.93822617,1.751e-05,0.0,2.991e-05
2025-12-11 17:00:00+00:00,2935.91372925,15.38204097,0.9366296,0.9364769,1.852e-05,0.0,2.85e-05
2025-12-11 18:00:00+00:00,2869.669911,15.43984386,0.93690974,0.93672049,2.791e-05,0.0,3.994e-05
2025-12-11 19:00:00+00:00,2868.92121625,15.53315127,0.93650644,0.9363473,1.878e-05,0.0,3.246e-05
2025-12-11 20:00:00+00:00,2818.07739375,15.69952596,0.93625603,0.93609626,1.158e-05,0.0,3.754e-05
2025-12-11 21:00:00+00:00,2738.6228685,16.30715945,0.93104914,0.92957302,1.191e-05,0.00052382,3.195e-05
2025-12-11 22:00:00+00:00,2546.88210475,15.94168195,0.92900051,0.92896689,0.0,5.42e-06,8.1e-07
2025-12-11 23:00:00+00:00,2307.55770625,16.53782517,0.92933488,0.92904506,4.063e-05,0.0,5.933e-05
2025-12-12 00:00:00+00:00,2234.5589795,16.76666281,0.92872473,0.92838966,7.815e-05,0.0,9.911e-05
2025-12-12 01:00:00+00:00,2208.56288125,16.9603894,0.92858539,0.92822887,8.184e-05,0.0,0.00010705
2025-12-12 02:00:00+00:00,2075.60264225,17.178062,0.9304041,0.93002414,8.803e-05,0.0,0.00011528
2025-12-12 03:00:00+00:00,2191.16603625,17.39804841,0.92732764,0.92689932,0.00010496,1e-08,0.00011862
2025-12-12 04:00:00+00:00,2340.00610125,17.97701808,0.92545286,0.92445311,0.00046183,4.4e-07,0.00019063
2025-12-12 05:00:00+00:00,2652.2313455,18.64269785,0.92632533,0.92391555,0.00176827,1.02e-06,0.000222
2025-12-12 06:00:00+00:00,2859.9083085,18.7489542,0.92083076,0.91845891,0.00188791,1.03e-06,0.00019247
2025-12-12 07:00:00+00:00,3038.85480825,18.92102381,0.91606069,0.91378783,0.00179126,9.8e-07,0.00018589
2025-12-12 08:00:00+00:00,3020.3403665,19.80148093,0.90728436,0.90390881,0.00114191,0.00054077,0.00013976
2025-12-12 09:00:00+00:00,3031.773483,22.97346437,0.9061042,0.8967707,0.00124539,0.00223653,0.00016361
2025-12-12 10:00:00+00:00,2894.06522525,20.13850425,0.90525221,0.90149747,0.00163115,0.00046162,0.00017659
2025-12-12 11:00:00+00:00,2999.52818425,19.56616217,0.90947013,0.90689187,0.00201938,1.08e-06,0.00022509
2025-12-12 12:00:00+00:00,2943.92563575,19.58276886,0.90550031,0.90285061,0.00206861,1.13e-06,0.0002191
2025-12-12 13:00:00+00:00,2909.7498545,19.4802192,0.90182277,0.89913655,0.002231,1.22e-06,0.00019737
2025-12-12 14:00:00+00:00,2927.88104175,19.37928278,0.89774374,0.89547042,0.00186152,1.02e-06,0.00016845
2025-12-12 15:00:00+00:00,2984.1982185,19.17551847,0.89899541,0.89717566,0.00149978,8.8e-07,0.00015966
2025-12-12 16:00:00+00:00,2997.89349325,18.85470986,0.90022496,0.89875101,0.0012257,7.5e-07,0.00012203
2025-12-12 17:00:00+00:00,2836.55208825,18.68885402,0.9031673,0.90161912,0.0013839,8.8e-07,0.00011984
2025-12-12 18:00:00+00:00,2768.64115925,18.8830438,0.91492364,0.91270894,0.00182749,1.2e-06,0.00020696
2025-12-12 19:00:00+00:00,2557.83337475,18.86862322,0.92213944,0.91988306,0.00179732,1.24e-06,0.0002273
2025-12-12 20:00:00+00:00,2486.602878,18.56986807,0.92603808,0.92457253,0.00103832,9.6e-07,0.00022487
2025-12-12 21:00:00+00:00,2407.61880875,18.32375719,0.92665323,0.92566278,0.00059487,7.6e-07,0.00019538
2025-12-12 22:00:00+00:00,2253.3628015,18.15718373,0.92572641,0.92488769,0.00047395,6e-07,0.00016919
2025-12-12 23:00:00+00:00,2222.957449,18.12171747,0.92584622,0.92547641,7.564e-05,9.5e-07,0.00012917
2025-12-13 00:00:00+00:00,2123.86036425,17.95864113,0.92055661,0.92016837,5.639e-05,4.1e-07,0.00013097
2025-12-13 01:00:00+00:00,2200.31869,17.84006531,0.92033114,0.91992483,5.022e-05,0.0,0.00012162
2025-12-13 02:00:00+00:00,2223.58909725,18.08155004,0.92924683,0.9286225,7.962e-05,7.7e-07,0.00020379
2025-12-13 03:00:00+00:00,2191.56307825,17.93803082,0.92862656,0.92792693,8.694e-05,7.4e-07,0.00021388
2025-12-13 04:00:00+00:00,2153.529448,17.81023284,0.92748227,0.92681986,9.282e-05,6.8e-07,0.00019527
2025-12-13 05:00:00+00:00,2266.0955315,17.82380467,0.92490988,0.92418175,0.0001021,9.7e-07,0.00019662
2025-12-13 06:00:00+00:00,2317.02032375,17.69612225,0.92364076,0.9229618,8.961e-05,5.8e-07,0.00016469
2025-12-13 07:00:00+00:00,2451.42854725,17.63618408,0.92316065,0.92248462,0.0001885,6.8e-07,0.00015753
2025-12-13 08:00:00+00:00,2502.2472435,17.6814697,0.92277504,0.92178318,0.00052139,9.9e-07,0.00013777
2025-12-13 09:00:00+00:00,2671.14868525,17.73166696,0.92408324,0.92315136,0.00054486,1.12e-06,0.00012081
2025-12-13 10:00:00+00:00,2680.5115125,17.74874169,0.92218541,0.92126812,0.00056132,1.12e-06,0.00011607
2025-12-13 11:00:00+00:00,2731.979006,17.72614128,0.9227034,0.92192305,0.0004554,9.3e-07,0.00010146
2025-12-13 12:00:00+00:00,2687.9527515,17.73994936,0.9219061,0.92121978,0.00038772,7.9e-07,9.12e-05
2025-12-13 13:00:00+00:00,2601.94559275,17.69296831,0.92268166,0.92180324,0.00060821,8.6e-07,9.874e-05
2025-12-13 14:00:00+00:00,2674.77118925,17.69903199,0.9242896,0.92325477,0.00075261,9.2e-07,9.45e-05
2025-12-13 15:00:00+00:00,2797.95391225,17.69555244,0.92630423,0.9251844,0.0007778,8.9e-07,0.00011074
2025-12-13 16:00:00+00:00,2749.11785775,17.53662215,0.92724297,0.92635362,0.00055169,6.2e-07,9.859e-05
2025-12-13 17:00:00+00:00,2602.9510785,17.25322509,0.92853411,0.9280374,0.00021388,1.9e-07,8.736e-05
2025-12-13 18:00:00+00:00,2578.66410975,17.04453304,0.92911948,0.9288801,5.591e-05,0.0,5.818e-05
2025-12-13 19:00:00+00:00,2558.684601,17.02468892,0.9327892,0.93267176,1.808e-05,0.0,3.26e-05
2025-12-13 20:00:00+00:00,2478.64071225,17.06620189,0.93343219,0.93308288,1.064e-05,0.0,7.917e-05
2025-12-13 21:00:00+00:00,2497.49043175,16.96485396,0.93340992,0.93312737,0.0,0.0,4.236e-05
2025-12-13 22:00:00+00:00,2435.20355125,17.16219593,0.93243968,0.92949248,0.0,0.00257544,5.342e-05
2025-12-13 23:00:00+00:00,2332.33394825,16.85560632,0.93545795,0.93319727,0.0,0.00211785,1.736e-05
2025-12-14 00:00:00+00:00,2232.0927045,16.694221,0.93431896,0.93133977,0.0,0.00279802,2.295e-05
2025-12-14 01:00:00+00:00,2230.6746155,16.55044599,0.93569536,0.93205878,0.0,0.00341719,2.751e-05
2025-12-14 02:00:00+00:00,2195.8004215,16.35437234,0.9367634,0.93307931,0.0,0.0034699,2.882e-05
2025-12-14 03:00:00+00:00,2183.4351925,16.04201821,0.93906074,0.93570226,0.0,0.00315369,2.67e-05
2025-12-14 04:00:00+00:00,2203.1787215,15.60929806,0.93819449,0.93518617,0.0,0.00278028,2.398e-05
2025-12-14 05:00:00+00:00,2119.320389,15.31875569,0.9428631,0.93930355,0.0,0.00326023,2.678e-05
2025-12-14 06:00:00+00:00,2160.14377225,15.11982877,0.94639381,0.94260717,0.0,0.0035193,2.801e-05
2025-12-14 07:00:00+00:00,2238.2114155,15.02737796,0.94716171,0.94371986,0.0,0.00319685,2.511e-05
2025-12-14 08:00:00+00:00,2356.841651,14.79304937,0.94580681,0.94322364,0.0,0.00239595,1.858e-05
2025-12-14 09:00:00+00:00,2473.314352,14.77635112,0.94666232,0.94437651,0.0,0.00212848,1.68e-05
2025-12-14 10:00:00+00:00,2453.25802275,14.76796001,0.94634855,0.94434277,0.0,0.00184022,1.464e-05
2025-12-14 11:00:00+00:00,2483.2116575,14.77284566,0.94790812,0.94633267,0.0,0.00143623,1.156e-05
2025-12-14 12:00:00+00:00,2547.8335555,14.78279064,0.94806229,0.94631307,0.0,0.001604,1.298e-05
2025-12-14 13:00:00+00:00,2580.58840125,14.81996705,0.94851092,0.94675531,0.0,0.00163464,1.351e-05
2025-12-14 14:00:00+00:00,2649.1961925,14.91559677,0.94791164,0.94620756,0.0,0.00156832,1.332e-05
2025-12-14 15:00:00+00:00,2711.68143475,14.95467618,0.94733139,0.94566653,0.0,0.0015198,1.323e-05
2025-12-14 16:00:00+00:00,2787.23549225,15.01014519,0.94655908,0.94507184,0.0,0.00133571,1.181e-05
2025-12-14 17:00:00+00:00,2839.44667375,14.97894815,0.94660946,0.9453309,0.0,0.00116758,1.031e-05
2025-12-14 18:00:00+00:00,2811.08585725,14.96303118,0.9452339,0.94376367,0.0,0.00128093,1.075e-05
2025-12-14 19:00:00+00:00,2703.32457825,15.95513824,0.94359235,0.9391652,0.0,0.00200697,8.77e-06
2025-12-14 20:00:00+00:00,2566.0677235,16.98386719,0.94239401,0.9352219,0.0,0.00235741,3.87e-06
2025-12-14 21:00:00+00:00,2465.61101625,16.52518827,0.94346665,0.93741819,0.0,0.00199637,3.67e-06
2025-12-14 22:00:00+00:00,2373.2513295,15.84188971,0.94342483,0.93887232,0.0,0.00150771,2.3e-06
2025-12-14 23:00:00+00:00,2346.54544725,18.36632723,0.940719,0.92979935,0.0,0.00353392,6.96e-06
2025-12-15 00:00:00+00:00,2293.99795175,16.48821773,0.94433535,0.93822857,0.0,0.00204933,4.59e-06
2025-12-15 01:00:00+00:00,2321.65547325,16.57997638,0.94482834,0.93840834,0.0,0.00214181,4.73e-06
2025-12-15 02:00:00+00:00,2310.0511485,15.88720775,0.94571159,0.94101094,0.0,0.00155192,3.25e-06
2025-12-15 03:00:00+00:00,2255.31410725,14.55100375,0.94826066,0.94707934,0.0,0.00037836,7.2e-07
2025-12-15 04:00:00+00:00,2337.50078025,14.2570562,0.94952183,0.94944042,0.0,0.0,0.0
2025-12-15 05:00:00+00:00,2488.51473925,14.524007,0.94886993,0.94874064,0.0,0.0,0.0
2025-12-15 06:00:00+00:00,2906.59499175,14.84828413,0.94863542,0.94855703,0.0,0.0,0.0
2025-12-15 07:00:00+00:00,3038.3207285,15.19581232,0.94823988,0.94757638,1.22e-06,0.00037462,3.56e-06
2025-12-15 08:00:00+00:00,3000.20270675,15.12975363,0.94773568,0.9473469,0.0,0.00020685,3.6e-06
2025-12-15 09:00:00+00:00,3001.4127495,15.14347177,0.94752903,0.94704742,0.0,0.00028424,5.13e-06
2025-12-15 10:00:00+00:00,3026.88866375,15.07505614,0.9445534,0.94449477,0.0,3.67e-06,1e-08
2025-12-15 11:00:00+00:00,3004.515313,15.19338819,0.94025657,0.94018935,0.0,0.0,0.0
2025-12-15 12:00:00+00:00,3052.84145325,15.20571645,0.93704835,0.93699335,0.0,0.0,0.0
2025-12-15 13:00:00+00:00,3072.5729795,15.4458089,0.93880722,0.93875634,0.0,0.0,0.0
2025-12-15 14:00:00+00:00,3253.32804575,15.68837234,0.93776055,0.93769293,0.0,1.5e-07,2.76e-06
2025-12-15 15:00:00+00:00,3209.184745,15.89196888,0.93587481,0.93578084,0.0,3.3e-07,5.86e-06
2025-12-15 16:00:00+00:00,3139.95712475,16.27171618,0.94063955,0.94047858,0.0,4.5e-07,2.258e-05
2025-12-15 17:00:00+00:00,3083.252087,16.47683869,0.93977836,0.93964476,0.0,5e-07,4.731e-05
2025-12-15 18:00:00+00:00,2987.6069685,16.5867764,0.9421652,0.94204272,0.0,4.3e-07,4.387e-05
2025-12-15 19:00:00+00:00,2931.92756075,16.62746487,0.94529365,0.94513147,5.81e-06,2.7e-07,5.319e-05
2025-12-15 20:00:00+00:00,2884.18278025,16.59876015,0.94511098,0.94499842,2.2e-07,2e-08,1.654e-05
2025-12-15 21:00:00+00:00,2784.99616525,16.60358142,0.94375882,0.94360817,0.0,0.0,4.65e-06
2025-12-15 22:00:00+00:00,2570.77433375,17.63619477,0.93944328,0.93663553,0.0,0.00088731,8.05e-06
2025-12-15 23:00:00+00:00,2487.130121,17.65173901,0.94200345,0.93955138,0.0,0.00074892,1.686e-05
2025-12-16 00:00:00+00:00,2354.3828865,16.82450629,0.94016011,0.9397192,0.0,9.571e-05,2.198e-05
2025-12-16 01:00:00+00:00,2484.2498565,18.1145657,0.93911754,0.93573056,0.0,0.0010184,3.907e-05
2025-12-16 02:00:00+00:00,2463.523602,17.03686736,0.94030506,0.93978449,0.0,0.00011218,2.609e-05
2025-12-16 03:00:00+00:00,2405.08229275,16.97325868,0.94218179,0.94202509,0.0,0.0,1.926e-05
2025-12-16 04:00:00+00:00,2514.17725575,16.93646676,0.94294853,0.94282291,2.2e-07,2e-08,1.356e-05
2025-12-16 05:00:00+00:00,2755.69549375,17.34670955,0.94208039,0.94177217,2.804e-05,8.5e-07,4.392e-05
2025-12-16 06:00:00+00:00,3068.7644315,17.63100738,0.94185326,0.94156477,6.581e-05,1.16e-06,5.543e-05
2025-12-16 07:00:00+00:00,3203.6570655,17.86095485,0.94207103,0.9416768,0.00010545,1.17e-06,9.542e-05
2025-12-16 08:00:00+00:00,3164.43925925,17.87340852,0.93851116,0.93802608,0.00010828,1.02e-06,0.00010823
2025-12-16 09:00:00+00:00,3120.25602575,17.99978991,0.93777988,0.93742144,8.618e-05,1.11e-06,8.549e-05
2025-12-16 10:00:00+00:00,3127.55834025,18.23921405,0.93663607,0.93624835,9.974e-05,1.15e-06,9.375e-05
2025-12-16 11:00:00+00:00,3016.88735375,18.2600216,0.93509192,0.93471583,9.366e-05,1.1e-06,8.442e-05
2025-12-16 12:00:00+00:00,3047.95262,18.17540916,0.9361523,0.93582193,8.448e-05,1e-06,7.696e-05
2025-12-16 13:00:00+00:00,3198.49371275,18.18277623,0.93226609,0.93194613,0.00010152,1.14e-06,8.348e-05
2025-12-16 14:00:00+00:00,3193.8900385,18.1638373,0.93098334,0.93069274,9.642e-05,1.06e-06,7.182e-05
2025-12-16 15:00:00+00:00,3328.48711675,18.21548899,0.93308372,0.93263347,0.00012732,1.04e-06,0.0001095
2025-12-16 16:00:00+00:00,3234.5168175,18.26782792,0.93106112,0.92979634,0.00091222,1.09e-06,0.00014205
2025-12-16 17:00:00+00:00,3246.531006,18.27821745,0.93478564,0.93328108,0.00118286,1.42e-06,0.00014748
2025-12-16 18:00:00+00:00,3251.95714375,18.24782224,0.93688639,0.93456853,0.00184813,1.12e-06,0.00018344
2025-12-16 19:00:00+00:00,3147.9911685,18.12433686,0.94353849,0.94159271,0.00148323,1.05e-06,0.00020484
2025-12-16 20:00:00+00:00,2969.15105575,17.80157316,0.94330809,0.94175595,0.00110214,9e-07,0.00017572
2025-12-16 21:00:00+00:00,2782.87005575,17.49847308,0.94269926,0.94166081,0.00065744,5e-07,0.00011699
2025-12-16 22:00:00+00:00,2533.9570295,17.02997324,0.93920682,0.93900856,1.981e-05,3e-08,3.218e-05
2025-12-16 23:00:00+00:00,2422.84124925,17.02897084,0.93740216,0.93709684,0.0,0.0,5.793e-05
2025-12-17 00:00:00+00:00,2421.1418235,16.84473065,0.93819141,0.93793457,0.0,0.0,5.028e-05
2025-12-17 01:00:00+00:00,2496.892791,16.75244751,0.93752175,0.93728627,0.0,0.0,4.141e-05
2025-12-17 02:00:00+00:00,2485.85455225,16.65338311,0.93731605,0.93709853,0.0,0.0,4.809e-05
2025-12-17 03:00:00+00:00,2457.04384725,16.61606773,0.93947796,0.93928727,0.0,0.0,4.06e-05
2025-12-17 04:00:00+00:00,2536.474438,16.66539434,0.93726101,0.93708233,0.0,0.0,3.14e-05
2025-12-17 05:00:00+00:00,2729.63080325,17.0528857,0.93599934,0.93550969,0.00011138,2.2e-07,0.00010149
2025-12-17 06:00:00+00:00,2979.93448875,17.54467957,0.93555109,0.93472222,0.00029981,7e-07,0.00015712
2025-12-17 07:00:00+00:00,3121.15688525,17.6458758,0.93621394,0.9354876,0.00034337,1.08e-06,0.00013681
2025-12-17 08:00:00+00:00,2995.1943855,17.59461585,0.93333531,0.93269001,0.00034273,9.1e-07,0.00012319
2025-12-17 09:00:00+00:00,3106.650385,17.73715425,0.93302106,0.93232222,0.000361,9.5e-07,0.00013136
2025-12-17 10:00:00+00:00,3161.3330575,17.77687579,0.93134917,0.93065045,0.00036815,2.09e-06,0.0001361
2025-12-17 11:00:00+00:00,3098.54417325,17.72229951,0.92227678,0.92171996,0.0003335,2.58e-06,0.00010048
2025-12-17 12:00:00+00:00,3123.33614725,17.70907347,0.91868423,0.9181241,0.00035234,2.34e-06,0.00010326
2025-12-17 13:00:00+00:00,3086.536551,17.69887603,0.92226618,0.92181141,0.00031831,2.09e-06,6.957e-05
2025-12-17 14:00:00+00:00,3191.4503665,17.94402318,0.92960909,0.92898461,0.00038965,2.19e-06,0.00010062
2025-12-17 15:00:00+00:00,3269.74580075,18.13555294,0.92708149,0.92562166,0.00115682,2.56e-06,0.00014025
2025-12-17 16:00:00+00:00,3247.91083675,18.36392223,0.92912806,0.92734442,0.00135265,2.37e-06,0.00022071
2025-12-17 17:00:00+00:00,3191.88692375,18.29243029,0.92928703,0.92757948,0.00132885,4.32e-06,0.00022173
2025-12-17 18:00:00+00:00,3078.7867665,18.31147101,0.93291536,0.93111189,0.0014172,2.42e-06,0.00021275
2025-12-17 19:00:00+00:00,2990.77330425,18.17854279,0.93405315,0.9322973,0.00131498,2.33e-06,0.00020553
2025-12-17 20:00:00+00:00,2883.1580725,17.95188255,0.93440664,0.93286457,0.00111787,2e-06,0.00018918
2025-12-17 21:00:00+00:00,2649.04917,17.40004183,0.93320057,0.93260334,0.00030253,1.13e-06,9.836e-05
2025-12-17 22:00:00+00:00,2515.396973,16.67399188,0.93143496,0.93136936,0.0,2e-08,6.16e-06
2025-12-17 23:00:00+00:00,2360.224696,17.15490841,0.9281031,0.92549563,5e-08,0.00187905,1.025e-05
2025-12-18 00:00:00+00:00,2262.626882,16.8408758,0.93071357,0.92799572,0.0,0.00205784,1.215e-05
2025-12-18 01:00:00+00:00,2217.27810925,16.32176266,0.93356209,0.93170654,0.0,0.00135163,7.65e-06
2025-12-18 02:00:00+00:00,2265.2782115,15.99202711,0.93270242,0.93129662,3e-08,0.00093189,5.46e-06
2025-12-18 03:00:00+00:00,2287.27675125,15.42870238,0.93739634,0.93709839,0.0,0.00019188,1.01e-06
2025-12-18 04:00:00+00:00,2346.603752,15.27198462,0.94006668,0.93981364,1e-08,0.00015339,8.3e-07
2025-12-18 05:00:00+00:00,2585.97493475,15.59824375,0.93713483,0.9357849,2.06e-06,0.00077285,5.35e-06
2025-12-18 06:00:00+00:00,2903.382272,16.00753687,0.94010666,0.93704527,1.761e-05,0.00213533,9.65e-06
2025-12-18 07:00:00+00:00,3098.75926625,15.83766945,0.93728469,0.93457628,4.767e-05,0.00170703,9.19e-06
2025-12-18 08:00:00+00:00,3146.64752325,15.63318625,0.93683994,0.93436148,2.297e-05,0.0015715,8.41e-06
2025-12-18 09:00:00+00:00,3112.4365595,15.42478091,0.93733317,0.93499331,1.073e-05,0.00133557,8.66e-06
2025-12-18 10:00:00+00:00,3091.85024075,14.87798727,0.93514882,0.93406132,1.81e-06,0.00061683,4.14e-06
2025-12-18 11:00:00+00:00,3110.12685675,14.63409648,0.93388834,0.9330572,1.6e-07,0.00046036,3.22e-06
2025-12-18 12:00:00+00:00,3068.7222135,14.23363656,0.93268144,0.93261363,1e-08,1.104e-05,6e-08
2025-12-18 13:00:00+00:00,3071.229237,14.20672893,0.93000634,0.92996333,0.0,0.0,0.0
2025-12-18 14:00:00+00:00,3214.3746395,14.23166205,0.93215456,0.93207649,0.0,0.0,0.0
2025-12-18 15:00:00+00:00,3164.34462175,14.33971687,0.93222152,0.9321359,0.0,0.0,0.0
2025-12-18 16:00:00+00:00,3174.91949425,14.36012276,0.93554525,0.93547775,0.0,0.0,0.0
2025-12-18 17:00:00+00:00,3191.73970125,14.3717668,0.93261451,0.93205782,0.0,0.00049613,4.56e-06
2025-12-18 18:00:00+00:00,3112.52787775,15.46557762,0.93042953,0.9270724,1.951e-05,0.00231854,1.934e-05
2025-12-18 19:00:00+00:00,2972.599721,15.15534211,0.92748871,0.92478171,3.02e-06,0.00221244,1.96e-05
2025-12-18 20:00:00+00:00,2697.4775525,14.33959012,0.93136904,0.93117612,1.6e-07,0.00010188,8.7e-07
2025-12-18 21:00:00+00:00,2602.6276305,14.79965812,0.93386424,0.93114038,0.0,0.00252186,2.203e-05
2025-12-18 22:00:00+00:00,2431.02200475,14.6545959,0.93858482,0.93596466,0.0,0.002481,2.212e-05
2025-12-18 23:00:00+00:00,2354.399831,14.69627078,0.94675444,0.94310958,0.0,0.00342295,3.125e-05
2025-12-19 00:00:00+00:00,2286.871127,14.64919304,0.94980104,0.94592065,0.0,0.00366664,3.306e-05
2025-12-19 01:00:00+00:00,2200.0263445,14.59037194,0.94934152,0.94523076,0.0,0.00382265,3.254e-05
2025-12-19 02:00:00+00:00,2179.77481175,14.70059913,0.9534455,0.9487705,0.0,0.00441381,3.664e-05
2025-12-19 03:00:00+00:00,2238.89663325,14.35812438,0.95151455,0.9483464,0.0,0.00301333,2.444e-05
2025-12-19 04:00:00+00:00,2300.7513915,14.17530411,0.95113019,0.94853962,0.0,0.00245465,1.955e-05
2025-12-19 05:00:00+00:00,2644.2568095,13.96931036,0.94996029,0.94990286,0.0,0.0,0.0
2025-12-19 06:00:00+00:00,2976.5123185,14.1793286,0.95105169,0.95092485,0.0,8e-08,0.0
2025-12-19 07:00:00+00:00,3087.96797725,14.12903997,0.95094587,0.95086159,0.0,7e-08,0.0
2025-12-19 08:00:00+00:00,3140.118989,14.14181391,0.95034356,0.95030777,2e-08,6e-08,0.0
2025-12-19 09:00:00+00:00,3094.2381565,14.0663134,0.94764621,0.94758229,3e-08,6e-08,0.0
2025-12-19 10:00:00+00:00,3063.23478925,14.02140958,0.9472334,0.94718599,0.0,7e-08,0.0
2025-12-19 11:00:00+00:00,3080.7724995,14.00795066,0.94714228,0.94709398,0.0,7e-08,0.0
2025-12-19 12:00:00+00:00,3015.18869625,13.99262713,0.94804454,0.94799527,2.3e-07,6e-08,0.0
2025-12-19 13:00:00+00:00,3021.6385775,14.05966553,0.94778277,0.94774049,4e-07,6e-08,0.0
2025-12-19 14:00:00+00:00,3043.08601825,14.185743,0.94755841,0.9474252,4.4e-07,3.672e-05,3.1e-07
2025-12-19 15:00:00+00:00,2996.6303585,14.23183426,0.94991019,0.9496608,4.3e-07,0.0001556,1.3e-06
2025-12-19 16:00:00+00:00,3006.4458545,14.28846724,0.95174821,0.95127981,2.6e-07,0.00037798,3.14e-06
2025-12-19 17:00:00+00:00,2956.77874525,14.22919443,0.95059267,0.94990505,0.0,0.0006245,5.22e-06
2025-12-19 18:00:00+00:00,2721.210137,14.00832546,0.95500347,0.9546615,0.0,0.00029293,2.38e-06
2025-12-19 19:00:00+00:00,2747.59035225,13.9597292,0.95689514,0.95663745,0.0,0.00017007,1.37e-06
2025-12-19 20:00:00+00:00,2589.942201,13.80062843,0.95743655,0.95737513,0.0,0.0,0.0
2025-12-19 21:00:00+00:00,2464.25862775,14.14866141,0.95855182,0.95606251,0.0,0.00235709,1.933e-05
2025-12-19 22:00:00+00:00,2347.59697275,13.65997269,0.95885122,0.95823944,0.0,0.00055964,4.56e-06
2025-12-19 23:00:00+00:00,2175.54158,14.04221381,0.95655357,0.95509586,0.0,0.00133427,1.123e-05
2025-12-20 00:00:00+00:00,2156.797158,14.02658154,0.9571771,0.95559875,0.0,0.00149797,1.287e-05
2025-12-20 01:00:00+00:00,2126.476834,14.24422663,0.95819379,0.95607416,0.0,0.00191073,1.654e-05
2025-12-20 02:00:00+00:00,2065.210556,14.19450161,0.95896797,0.95700353,0.0,0.00180918,1.508e-05
2025-12-20 03:00:00+00:00,2028.84131925,14.22697444,0.95948081,0.9572817,0.0,0.00209074,1.651e-05
2025-12-20 04:00:00+00:00,2048.39476275,14.15765474,0.95930084,0.95736581,0.0,0.00182185,1.446e-05
2025-12-20 05:00:00+00:00,1966.47100975,14.00252503,0.95993166,0.95852572,0.0,0.00131465,1.045e-05
2025-12-20 06:00:00+00:00,2059.58162975,14.0247634,0.96196477,0.96086085,0.0,0.00092644,7.45e-06
2025-12-20 07:00:00+00:00,2114.2423165,14.17745865,0.96327947,0.96204076,0.0,0.0011242,9.17e-06
2025-12-20 08:00:00+00:00,2273.115638,14.20064311,0.96368247,0.96252955,0.0,0.00102903,8.34e-06
2025-12-20 09:00:00+00:00,2367.46277675,14.23580583,0.96429594,0.96359362,0.0,0.00059036,4.82e-06
2025-12-20 10:00:00+00:00,2301.72189425,14.2625318,0.96367679,0.96316617,0.0,0.00043925,3.48e-06
2025-12-20 11:00:00+00:00,2286.6182245,14.31040697,0.96300037,0.96294295,0.0,9.78e-06,8e-08
2025-12-20 12:00:00+00:00,2303.92665425,14.29503532,0.961385,0.96133763,0.0,0.0,0.0
2025-12-20 13:00:00+00:00,2390.87927475,14.24734595,0.95807791,0.95803848,0.0,0.0,0.0
2025-12-20 14:00:00+00:00,2649.19174375,14.34372411,0.95470934,0.95460009,0.0,0.0,0.0
2025-12-20 15:00:00+00:00,2764.93623825,14.43055458,0.94981063,0.94971754,0.0,0.0,0.0
2025-12-20 16:00:00+00:00,2819.281001,14.5394433,0.94672303,0.94664645,0.0,0.0,0.0
2025-12-20 17:00:00+00:00,2732.178451,14.53400625,0.94436505,0.9443253,0.0,0.0,0.0
2025-12-20 18:00:00+00:00,2608.667896,14.55382146,0.94295802,0.94292185,0.0,0.0,0.0
2025-12-20 19:00:00+00:00,2538.2760035,14.58220177,0.94535413,0.94526566,0.0,0.0,0.0
2025-12-20 20:00:00+00:00,2531.277624,14.5360646,0.94760633,0.94756868,0.0,0.0,0.0
2025-12-20 21:00:00+00:00,2360.8855005,14.56074861,0.95103149,0.95099308,0.0,0.0,0.0
2025-12-20 22:00:00+00:00,2245.5748985,14.58039107,0.95150892,0.95145722,0.0,0.0,0.0
2025-12-20 23:00:00+00:00,2282.05236225,14.5059437,0.95065739,0.95022017,0.0,0.00034956,1.94e-06
2025-12-21 00:00:00+00:00,2238.58891425,14.63862182,0.95072007,0.94962739,0.0,0.00103032,5.74e-06
2025-12-21 01:00:00+00:00,2141.024057,14.52521807,0.95048519,0.9504,0.0,0.0,0.0
2025-12-21 02:00:00+00:00,2076.344115,14.5866532,0.94993765,0.94974991,0.0,0.00010762,4.9e-07
2025-12-21 03:00:00+00:00,2001.75139575,14.68497806,0.95083241,0.95046985,0.0,0.00032786,1.93e-06
2025-12-21 04:00:00+00:00,2074.5039975,14.70710483,0.9468824,0.94685082,0.0,0.0,0.0
2025-12-21 05:00:00+00:00,2150.1724405,14.86027642,0.93942994,0.93936673,0.0,0.0,0.0
2025-12-21 06:00:00+00:00,2337.93582875,14.92818394,0.93564563,0.93557842,0.0,0.0,0.0
2025-12-21 07:00:00+00:00,2430.75454375,15.07697392,0.93241192,0.93235053,0.0,0.0,0.0
2025-12-21 08:00:00+00:00,2572.44724575,15.3597991,0.92582374,0.92576298,0.0,0.0,0.0
2025-12-21 09:00:00+00:00,2657.339346,15.62251333,0.92506768,0.92497603,0.0,0.0,0.0
2025-12-21 10:00:00+00:00,2684.7129045,15.79663025,0.92219121,0.92210986,0.0,0.0,0.0
2025-12-21 11:00:00+00:00,2693.3056195,15.94790379,0.91721538,0.9171493,0.0,0.0,0.0
2025-12-21 12:00:00+00:00,2715.20996725,16.32332607,0.91615195,0.91504644,5.94e-06,0.00029897,5.1e-07
2025-12-21 13:00:00+00:00,2705.24867875,18.32049155,0.91474736,0.90434286,0.00463927,0.00177026,3.05e-06
2025-12-21 14:00:00+00:00,2721.233612,16.76261858,0.91695188,0.91319008,0.00167302,0.00055814,8.3e-07
2025-12-21 15:00:00+00:00,2803.239218,15.89117187,0.91909015,0.91899497,4.34e-06,1e-08,3e-08
2025-12-21 16:00:00+00:00,2885.38573525,15.93340602,0.91991787,0.91985278,0.0,0.0,0.0
2025-12-21 17:00:00+00:00,2948.34818925,16.05323477,0.92164104,0.92160118,0.0,0.0,0.0
2025-12-21 18:00:00+00:00,2861.2318885,16.11208404,0.92482131,0.92478144,0.0,0.0,0.0
2025-12-21 19:00:00+00:00,2748.0197535,16.1271913,0.92426965,0.9242294,0.0,0.0,0.0
2025-12-21 20:00:00+00:00,2660.381633,16.1671662,0.92323502,0.92319457,0.0,0.0,0.0
2025-12-21 21:00:00+00:00,2566.78316,16.23797034,0.92444485,0.92439851,0.0,0.0,0.0
2025-12-21 22:00:00+00:00,2491.314354,16.2849748,0.92534834,0.92532275,4e-08,3.86e-06,2e-08
2025-12-21 23:00:00+00:00,2448.94418275,16.51643933,0.91902844,0.91847189,5.2e-06,0.00040996,2.68e-06
2025-12-22 00:00:00+00:00,2362.172927,16.48008405,0.91662757,0.91658433,0.0,0.0,0.0
2025-12-22 01:00:00+00:00,2360.2428745,16.69884147,0.91640666,0.91631243,1e-08,7.3e-07,0.0
2025-12-22 02:00:00+00:00,2369.00234575,17.18093977,0.91879428,0.91780169,9.33e-06,0.00070578,4.47e-06
2025-12-22 03:00:00+00:00,2371.87812275,17.68040932,0.91702078,0.91495821,1.23e-05,0.00144088,7.55e-06
2025-12-22 04:00:00+00:00,2424.34081,17.83893536,0.91065557,0.90898614,1.872e-05,0.00118985,1.916e-05
2025-12-22 05:00:00+00:00,2597.57033125,17.91055368,0.9033382,0.90241351,4.629e-05,0.00059903,2.605e-05
2025-12-22 06:00:00+00:00,2855.49376175,18.16640485,0.90361405,0.90280845,0.00049584,1.03e-06,0.00012057
2025-12-22 07:00:00+00:00,3062.83564825,18.51839697,0.90521953,0.90393244,0.00095765,1.95e-06,0.00015399
2025-12-22 08:00:00+00:00,3148.08451325,18.62799308,0.90496734,0.90342728,0.00118258,2.28e-06,0.00017509
2025-12-22 09:00:00+00:00,3187.68681975,18.79413282,0.90258094,0.90099449,0.00117072,1.44e-06,0.00016715
2025-12-22 10:00:00+00:00,3184.79251225,18.94504229,0.90107528,0.89944526,0.00120287,1.47e-06,0.00020223
2025-12-22 11:00:00+00:00,3164.1243385,18.99837595,0.89996726,0.89839561,0.0010909,2.13e-06,0.00023345
2025-12-22 12:00:00+00:00,3102.60628125,18.94627543,0.89834883,0.89659042,0.00123182,1.56e-06,0.00024008
2025-12-22 13:00:00+00:00,3075.44419875,18.78905834,0.89901458,0.89714624,0.00141636,2.42e-06,0.00020442
2025-12-22 14:00:00+00:00,3126.4894435,18.82524001,0.90004472,0.89796087,0.00154169,2.46e-06,0.00023507
2025-12-22 15:00:00+00:00,3222.012365,18.69481541,0.90086032,0.89887274,0.00144995,2.33e-06,0.00024791
2025-12-22 16:00:00+00:00,3243.72271825,18.63010887,0.90175633,0.89963419,0.00157799,2.51e-06,0.00025014
2025-12-22 17:00:00+00:00,3211.79605,18.42769886,0.90112051,0.89926986,0.00137811,2.47e-06,0.00024041
2025-12-22 18:00:00+00:00,3140.3293915,18.25535956,0.9044846,0.90297683,0.00105536,1.35e-06,0.00021456
2025-12-22 19:00:00+00:00,2963.262755,18.31758719,0.90544666,0.90430576,0.00067405,8.6e-07,0.00020627
2025-12-22 20:00:00+00:00,2835.3906185,18.40295199,0.90402049,0.90281601,0.00070072,1.32e-06,0.00024078
2025-12-22 21:00:00+00:00,2742.6561175,18.09343737,0.90161667,0.90109304,9.602e-05,3e-08,0.0001883
2025-12-22 22:00:00+00:00,2536.21480475,17.93764567,0.89902749,0.89868863,3.505e-05,0.0,0.00010263
2025-12-22 23:00:00+00:00,2395.9745645,17.80818168,0.90359208,0.90333215,0.0,0.0,5.939e-05
2025-12-23 00:00:00+00:00,2405.8961205,17.56718543,0.90884922,0.90868691,0.0,0.0,4.364e-05
2025-12-23 01:00:00+00:00,2482.550757,17.48468894,0.91304101,0.91279416,0.0,0.0,5.291e-05
2025-12-23 02:00:00+00:00,2545.75186175,17.23178785,0.91275343,0.91261478,0.0,0.0,3.462e-05
2025-12-23 03:00:00+00:00,2648.71560675,17.09052142,0.91106582,0.9110077,0.0,0.0,1.313e-05
2025-12-23 04:00:00+00:00,2681.65734275,17.37854506,0.90715574,0.90629548,1.47e-06,0.00051118,2.462e-05
2025-12-23 05:00:00+00:00,2801.7915395,17.59946166,0.89578192,0.89425671,1.139e-05,0.00085014,3.356e-05
2025-12-23 06:00:00+00:00,2988.944367,17.23840823,0.89109347,0.89089502,0.0,0.0,5.163e-05
2025-12-23 07:00:00+00:00,3060.427378,17.25623948,0.88870258,0.88843664,3.406e-05,0.0,7.877e-05
2025-12-23 08:00:00+00:00,3024.300619,17.41104456,0.8915005,0.8907957,0.00049405,1.01e-06,8.763e-05
2025-12-23 09:00:00+00:00,3028.25399575,17.31313089,0.8880035,0.88778774,5.52e-06,0.0,3.002e-05
2025-12-23 10:00:00+00:00,2958.00191425,17.28852576,0.87933263,0.87923451,0.0,0.0,4.98e-06
2025-12-23 11:00:00+00:00,2998.9702335,19.20588697,0.87276464,0.86664966,0.00012252,0.00453198,1.386e-05
2025-12-23 12:00:00+00:00,2966.80062925,20.91099125,0.87094126,0.85867131,0.00012758,0.00952766,1.731e-05
2025-12-23 13:00:00+00:00,2906.25735575,20.28486138,0.87092761,0.8599835,0.00013313,0.00835273,2.191e-05
2025-12-23 14:00:00+00:00,3128.9418455,17.13186554,0.88370803,0.88345837,3e-06,9.6e-06,4.401e-05
2025-12-23 15:00:00+00:00,3160.52694125,17.2203275,0.88126688,0.88058197,1.527e-05,0.00013036,4.198e-05
2025-12-23 16:00:00+00:00,3102.102443,18.44093585,0.87743886,0.87372854,0.00025586,0.00100488,5.088e-05
2025-12-23 17:00:00+00:00,3084.335662,16.98752021,0.87913653,0.87887901,3.335e-05,6e-08,5.783e-05
2025-12-23 18:00:00+00:00,2856.95159475,20.50133021,0.86859149,0.85588646,8.827e-05,0.01009371,3.535e-05
2025-12-23 19:00:00+00:00,2924.0862135,22.42136346,0.87388026,0.85455916,0.0001098,0.01538273,5.091e-05
2025-12-23 20:00:00+00:00,2785.9050275,32.04115553,0.86048679,0.81298158,0.00022206,0.03469229,9.931e-05
2025-12-23 21:00:00+00:00,2769.017468,27.87816351,0.86818324,0.83867663,3.332e-05,0.01990562,6.845e-05
2025-12-23 22:00:00+00:00,2602.6040885,17.24748299,0.88197745,0.88144013,1.08e-06,0.00026469,2.877e-05
2025-12-23 23:00:00+00:00,2635.6001585,17.03649581,0.90796949,0.90782351,0.0,0.0,1.663e-05
2025-12-24 00:00:00+00:00,2654.98543775,16.71099281,0.91108931,0.91102878,0.0,0.0,4.99e-06
2025-12-24 01:00:00+00:00,2556.69378425,16.49841881,0.91031714,0.91028754,0.0,0.0,7.4e-07
2025-12-24 02:00:00+00:00,2559.311499,16.42591496,0.91229745,0.91227576,0.0,0.0,1e-08
2025-12-24 03:00:00+00:00,2555.5750565,16.33489986,0.91553114,0.91547592,0.0,0.0,2.74e-06
2025-12-24 04:00:00+00:00,2661.661149,16.26358333,0.91201335,0.911959,0.0,0.0,8.85e-06
2025-12-24 05:00:00+00:00,2694.7438475,16.23835687,0.90535264,0.90529204,0.0,0.0,5.03e-06
2025-12-24 06:00:00+00:00,2794.196888,16.32243412,0.90163285,0.90158712,0.0,0.0,1.59e-06
2025-12-24 07:00:00+00:00,2906.5194395,16.44078246,0.90185015,0.90181476,0.0,0.0,3.38e-06
2025-12-24 08:00:00+00:00,2972.5157025,16.49129086,0.90080465,0.90071399,0.0,0.0,8.75e-06
2025-12-24 09:00:00+00:00,2965.9449635,17.36385994,0.89906248,0.89703291,3.021e-05,0.00148782,1.394e-05
2025-12-24 10:00:00+00:00,2994.31071275,20.00491182,0.89476773,0.88527404,4.195e-05,0.00683573,5.238e-05
2025-12-24 11:00:00+00:00,2960.30876425,31.11515865,0.88748252,0.85070461,0.00010197,0.02222015,0.00010799
2025-12-24 12:00:00+00:00,2873.44381225,30.54974601,0.88952111,0.85405089,0.00018397,0.02081766,0.00010853
2025-12-24 13:00:00+00:00,2896.79217225,28.84502624,0.89228264,0.86018932,0.00047666,0.0177475,0.0001091
2025-12-24 14:00:00+00:00,2963.714343,28.44967262,0.89398076,0.86025635,0.00192292,0.01841829,9.776e-05
2025-12-24 15:00:00+00:00,3061.807728,23.89878377,0.89754314,0.87576056,0.00174581,0.01150387,6.082e-05
2025-12-24 16:00:00+00:00,3054.6492405,20.67763615,0.89746106,0.88409008,0.00080008,0.00806317,3.684e-05
2025-12-24 17:00:00+00:00,3034.81091375,22.58921509,0.89728663,0.87915157,0.0005734,0.01084027,5.164e-05
2025-12-24 18:00:00+00:00,2945.75376175,20.89069169,0.90298102,0.88924798,0.0001669,0.00854652,4.256e-05
2025-12-24 19:00:00+00:00,2986.013223,20.4596362,0.90452399,0.89124096,9.34e-05,0.00888065,5.094e-05
2025-12-24 20:00:00+00:00,2937.02182575,16.62689492,0.90644278,0.9038872,2.383e-05,0.00168989,8.08e-06
2025-12-24 21:00:00+00:00,2920.473148,15.84034893,0.91189885,0.9112129,8e-08,0.00063397,3.805e-05
2025-12-24 22:00:00+00:00,2859.22810225,16.00709306,0.91431255,0.91291091,5.8e-07,0.00090883,4.165e-05
2025-12-24 23:00:00+00:00,2839.861708,16.20270974,0.9290321,0.92467148,0.00085324,0.00249663,8.985e-05
2025-12-25 00:00:00+00:00,2788.32258025,16.32560271,0.93076135,0.92179758,0.00448695,0.00323245,0.00011958
2025-12-25 01:00:00+00:00,2828.38589675,16.40999058,0.9290231,0.92376238,1.737e-05,0.00365721,0.00011088
2025-12-25 02:00:00+00:00,2808.710729,16.68848446,0.92994363,0.92286652,0.0,0.00531788,0.00020955
2025-12-25 03:00:00+00:00,2905.18923275,16.52049178,0.93113581,0.92427958,0.0,0.0051745,0.00020947
2025-12-25 04:00:00+00:00,2972.78122075,16.31007514,0.93416802,0.92715911,0.0,0.00568677,0.00027013
2025-12-25 05:00:00+00:00,3051.29463975,15.90262279,0.92526478,0.91915527,0.0,0.00522139,0.00027117
2025-12-25 06:00:00+00:00,3100.81631,15.74942038,0.9231526,0.91776426,0.0,0.00454455,0.00023974
2025-12-25 07:00:00+00:00,3162.9731435,15.20825706,0.92641111,0.9232462,0.0,0.00242264,0.00011369
2025-12-25 08:00:00+00:00,3158.75249325,15.49332311,0.92752968,0.9239255,0.0,0.00253648,0.00010278
2025-12-25 09:00:00+00:00,3159.84309275,15.57555687,0.92994594,0.92605722,0.0,0.00300795,0.00014411
2025-12-25 10:00:00+00:00,3083.434216,15.61373356,0.93091527,0.92747161,0.0,0.00260704,0.00012975
2025-12-25 11:00:00+00:00,3011.96356425,15.08770952,0.9326993,0.93081794,0.0,0.00177837,0.00010848
2025-12-25 12:00:00+00:00,2982.419048,15.01114609,0.93168302,0.9298573,0.0,0.00169507,0.00010347
2025-12-25 13:00:00+00:00,3081.43358725,15.25552595,0.93332247,0.93018442,0.0,0.00237684,0.0001171
2025-12-25 14:00:00+00:00,3165.206524,15.20813268,0.93424975,0.93099894,0.0,0.00232914,0.00011555
2025-12-25 15:00:00+00:00,3160.0942105,15.30952251,0.93356615,0.92995415,0.0,0.00235801,0.00011204
2025-12-25 16:00:00+00:00,3200.183531,15.26813399,0.93393171,0.93036824,0.0,0.00213416,8.927e-05
2025-12-25 17:00:00+00:00,3034.17802475,15.19243548,0.93630522,0.93317234,0.0,0.00193809,8.846e-05
2025-12-25 18:00:00+00:00,2945.50493075,14.89650175,0.93431119,0.93183775,0.0,0.00179754,9.506e-05
2025-12-25 19:00:00+00:00,2838.01349175,14.54541022,0.93683865,0.9353348,0.0,0.00141639,9.187e-05
2025-12-25 20:00:00+00:00,2680.9660035,14.73420806,0.94184797,0.93969152,0.0,0.00168858,8.973e-05
2025-12-25 21:00:00+00:00,2647.93050075,14.51126904,0.94513111,0.94318938,0.0,0.00187176,0.00012136
2025-12-25 22:00:00+00:00,2625.97665675,14.48013754,0.94614003,0.94442185,0.0,0.00164092,0.00010971
2025-12-25 23:00:00+00:00,2478.40400225,14.40711112,0.94771364,0.94609421,0.0,0.00151346,0.00010522
2025-12-26 00:00:00+00:00,2368.2706795,14.32332866,0.94911623,0.94794566,0.0,0.00112187,8.212e-05
2025-12-26 01:00:00+00:00,2296.40494725,14.31157141,0.94811192,0.94705508,0.0,0.000991,7.37e-05
2025-12-26 02:00:00+00:00,2325.182728,14.30626841,0.94791098,0.94677155,0.0,0.00109049,8.151e-05
2025-12-26 03:00:00+00:00,2310.71380825,14.45120381,0.94769603,0.94621211,0.0,0.00140702,0.00010443
2025-12-26 04:00:00+00:00,2337.319904,14.51889784,0.94788169,0.94641989,0.0,0.00140441,0.00010511
2025-12-26 05:00:00+00:00,2414.38217175,14.64051264,0.9432022,0.94172258,0.0,0.00136447,0.00010049
2025-12-26 06:00:00+00:00,2566.4342075,14.86723717,0.93988684,0.93860744,0.0,0.00109599,7.997e-05
2025-12-26 07:00:00+00:00,2660.9378775,15.00663019,0.93650199,0.93559842,0.0,0.00073782,5.391e-05
2025-12-26 08:00:00+00:00,2789.89741725,16.14486501,0.92392213,0.9156045,0.00584602,0.00122104,2.64e-05
2025-12-26 09:00:00+00:00,2736.717164,16.96103561,0.90820048,0.89781835,0.00702954,0.00171738,3.88e-05
2025-12-26 10:00:00+00:00,2755.70155575,18.17217098,0.90688509,0.8919749,0.00962848,0.0028986,6.027e-05
2025-12-26 11:00:00+00:00,2825.78753575,18.45485651,0.90397852,0.88836314,0.01005606,0.00320505,7.1e-05
2025-12-26 12:00:00+00:00,2763.82495325,17.61271206,0.90329963,0.89149968,0.0079837,0.00210483,4.502e-05
2025-12-26 13:00:00+00:00,2783.575737,16.9388782,0.90652158,0.89840202,0.00570793,0.00120604,1.501e-05
2025-12-26 14:00:00+00:00,2886.94444125,16.70993055,0.90944679,0.90276081,0.00484417,0.0007971,5.79e-06
2025-12-26 15:00:00+00:00,2929.0147835,16.79836144,0.90864389,0.9007726,0.00561672,0.00096621,5.29e-06
2025-12-26 16:00:00+00:00,2858.9309495,17.31077046,0.90771111,0.89625814,0.00788035,0.00180396,2.185e-05
2025-12-26 17:00:00+00:00,2845.358626,17.09713277,0.9079437,0.89548321,0.00933972,0.00150653,3.918e-05
2025-12-26 18:00:00+00:00,2842.82664725,16.74056278,0.90882105,0.90144253,0.00493718,0.00105074,4.259e-05
2025-12-26 19:00:00+00:00,2729.13416075,16.04317961,0.91119601,0.90806525,0.00215313,0.00041743,2.362e-05
2025-12-26 20:00:00+00:00,2542.5291255,15.48915444,0.91405475,0.91391343,0.0,4e-08,1.888e-05
2025-12-26 21:00:00+00:00,2446.42771525,15.11997339,0.92401292,0.92399004,0.0,0.0,0.0
2025-12-26 22:00:00+00:00,2409.8779875,14.73704394,0.93950815,0.93946975,0.0,0.0,0.0
2025-12-26 23:00:00+00:00,2334.780513,14.35735626,0.9508425,0.95072303,0.0,0.0,0.0
2025-12-27 00:00:00+00:00,2291.144832,14.17665518,0.95315923,0.95247143,0.0,0.0006518,5.062e-05
2025-12-27 01:00:00+00:00,2221.2939465,13.69461746,0.95457877,0.95441142,0.0,0.00014493,1.113e-05
2025-12-27 02:00:00+00:00,2196.50277325,13.77853542,0.95512822,0.9541429,0.0,0.00094142,7.253e-05
2025-12-27 03:00:00+00:00,2190.0033305,13.74038834,0.95519717,0.95402764,0.0,0.00110292,8.475e-05
2025-12-27 04:00:00+00:00,2145.86826925,13.32443915,0.95409952,0.95408105,0.0,0.0,0.0
2025-12-27 05:00:00+00:00,2201.840663,13.84011968,0.95355543,0.95063607,0.0,0.0027886,0.00021486
2025-12-27 06:00:00+00:00,2206.5885365,13.97315325,0.95328921,0.95009888,0.0,0.00295916,0.00023091
2025-12-27 07:00:00+00:00,2356.73238675,14.00627281,0.95456024,0.95160688,0.0,0.00272637,0.00021542
2025-12-27 08:00:00+00:00,2399.1793545,14.13126646,0.95515107,0.9526851,0.0,0.00230544,0.00018213
2025-12-27 09:00:00+00:00,2532.82304225,14.39092609,0.95578836,0.95318557,0.0,0.00243563,0.00019163
2025-12-27 10:00:00+00:00,2427.96930925,14.58838369,0.95540128,0.95293354,0.0,0.00225874,0.00017634
2025-12-27 11:00:00+00:00,2420.746391,14.49822164,0.95548502,0.95371744,0.0,0.00168627,0.00013171
2025-12-27 12:00:00+00:00,2450.3052685,14.14695926,0.95663575,0.95623587,0.0,0.0003585,2.782e-05
2025-12-27 13:00:00+00:00,2444.74689375,14.04177169,0.95809866,0.95734544,0.0,0.00071194,5.435e-05
2025-12-27 14:00:00+00:00,2475.2719675,14.04154159,0.95874255,0.95751212,0.0,0.00118196,8.914e-05
2025-12-27 15:00:00+00:00,2733.2414815,14.0636321,0.95944039,0.95810303,0.0,0.00122236,8.821e-05
2025-12-27 16:00:00+00:00,2801.112486,14.09037903,0.96024831,0.95933941,0.0,0.00082811,6.246e-05
2025-12-27 17:00:00+00:00,2841.58789325,14.09847862,0.96130026,0.96040633,0.0,0.00076243,5.74e-05
2025-12-27 18:00:00+00:00,2777.6410835,14.05803433,0.96065619,0.95978938,0.0,0.00062881,5.008e-05
2025-12-27 19:00:00+00:00,2618.784485,13.77089906,0.96017867,0.95981232,0.0,0.00031944,2.655e-05
2025-12-27 20:00:00+00:00,2587.0856975,13.83654753,0.95780353,0.95733267,0.0,0.00038115,3.163e-05
2025-12-27 21:00:00+00:00,2506.367211,13.63515311,0.96005953,0.95964519,0.0,0.00036121,3.103e-05
2025-12-27 22:00:00+00:00,2484.27070825,14.02646923,0.95751505,0.95644739,0.0,0.00098145,8.7e-05
2025-12-27 23:00:00+00:00,2339.04319175,13.4976976,0.9579795,0.95705414,0.0,0.00079713,7.129e-05
2025-12-28 00:00:00+00:00,2309.191958,13.49540118,0.95816784,0.95704426,0.0,0.00107719,9.001e-05
2025-12-28 01:00:00+00:00,2293.98265775,13.50745412,0.95768541,0.95663657,0.0,0.00098551,7.814e-05
2025-12-28 02:00:00+00:00,2316.6658435,13.60997231,0.95652802,0.95549155,0.0,0.00095418,7.446e-05
2025-12-28 03:00:00+00:00,2346.9481105,13.73808197,0.95449329,0.95340567,0.0,0.0010233,8.019e-05
2025-12-28 04:00:00+00:00,2307.62805175,13.94786881,0.95329765,0.95256388,0.0,0.00069881,5.531e-05
2025-12-28 05:00:00+00:00,2420.055724,14.27895193,0.95471325,0.95384936,0.0,0.00078619,6.101e-05
2025-12-28 06:00:00+00:00,2605.83324575,14.25350205,0.95600019,0.95573329,0.0,0.00011113,8.62e-06
2025-12-28 07:00:00+00:00,2639.1201475,14.38182728,0.94931014,0.94880096,0.0,0.00011394,0.0
2025-12-28 08:00:00+00:00,2650.19224825,15.36219892,0.94665571,0.94390227,0.0,0.00110223,8.43e-06
2025-12-28 09:00:00+00:00,2581.01272875,15.90499762,0.94559784,0.94231873,0.0,0.0014266,1.388e-05
2025-12-28 10:00:00+00:00,2651.81349275,16.00445038,0.94227438,0.93948789,0.0,0.00103894,5.68e-06
2025-12-28 11:00:00+00:00,2756.386978,15.53339203,0.94321832,0.94224459,0.0,0.00029697,0.0
2025-12-28 12:00:00+00:00,2712.17883825,15.05283035,0.94202967,0.94184296,0.0,4.287e-05,0.0
2025-12-28 13:00:00+00:00,2820.99710375,14.65914261,0.93770801,0.93740387,0.0,8.977e-05,0.0
2025-12-28 14:00:00+00:00,2982.03114425,14.34529863,0.93369728,0.93367531,0.0,9.2e-07,0.0
2025-12-28 15:00:00+00:00,3106.676546,14.52467765,0.93012953,0.92945468,0.0,0.0002347,9.4e-07
2025-12-28 16:00:00+00:00,3105.49785475,14.27304322,0.93321856,0.93315697,0.0,0.0,0.0
2025-12-28 17:00:00+00:00,3077.90444825,14.32961744,0.92820757,0.9280017,0.0,3.604e-05,1.3e-07
2025-12-28 18:00:00+00:00,2906.42454225,14.38885099,0.9283793,0.92816437,0.0,0.0,0.0
2025-12-28 19:00:00+00:00,2654.40084875,14.31277386,0.93257931,0.93253779,0.0,0.0,0.0
2025-12-28 20:00:00+00:00,2453.99276,14.13976971,0.94396342,0.94387575,0.0,0.0,0.0
2025-12-28 21:00:00+00:00,2501.6766035,14.06144657,0.9528192,0.95274388,0.0,3.173e-05,2.5e-06
2025-12-28 22:00:00+00:00,2420.415062,13.96738577,0.95188411,0.95184505,0.0,0.0,0.0
2025-12-28 23:00:00+00:00,2369.20753225,13.96597881,0.94839068,0.94659711,0.0,0.00167981,0.0001356
2025-12-29 00:00:00+00:00,2184.47291575,13.886521,0.94831964,0.94596663,0.0,0.00225442,0.00018277
2025-12-29 01:00:00+00:00,2097.68381375,13.74396895,0.9469885,0.94476288,0.0,0.00215017,0.00017495
2025-12-29 02:00:00+00:00,2112.997598,13.76601091,0.94674181,0.94450026,0.0,0.0021043,0.00016852
2025-12-29 03:00:00+00:00,2218.5607745,13.88145155,0.94638881,0.94398314,0.0,0.00230245,0.00018395
2025-12-29 04:00:00+00:00,2357.14178125,14.02444377,0.94661855,0.9440932,0.0,0.00244352,0.00019299
2025-12-29 05:00:00+00:00,2523.2215085,13.9871424,0.93792215,0.93593099,0.0,0.00188341,0.00014753
2025-12-29 06:00:00+00:00,2691.21436675,14.01128105,0.92788206,0.92771118,0.0,0.0,0.0
2025-12-29 07:00:00+00:00,2833.83556575,14.16301145,0.92218017,0.92202455,0.0,0.0,0.0
2025-12-29 08:00:00+00:00,2978.14647125,14.30037836,0.92300897,0.92290937,0.0,0.0,0.0
2025-12-29 09:00:00+00:00,3010.2739245,14.53717123,0.9243358,0.92422685,0.0,0.0,0.0
2025-12-29 10:00:00+00:00,3151.07271925,14.8362324,0.92331127,0.92315764,0.0,0.0,0.0
2025-12-29 11:00:00+00:00,2967.4019235,14.77346482,0.92306197,0.9230067,0.0,0.0,0.0
2025-12-29 12:00:00+00:00,2900.820482,14.56548845,0.92600124,0.92593095,0.0,0.0,0.0
2025-12-29 13:00:00+00:00,2924.852194,14.31670811,0.9261623,0.92614137,0.0,0.0,0.0
2025-12-29 14:00:00+00:00,3091.0273965,14.15623553,0.92490092,0.92488393,0.0,0.0,0.0
2025-12-29 15:00:00+00:00,3162.22352925,14.17808156,0.9245554,0.92447253,0.0,0.0,0.0
2025-12-29 16:00:00+00:00,3336.604812,14.11310071,0.92701907,0.92692314,0.0,0.0,0.0
2025-12-29 17:00:00+00:00,3254.58769175,13.94831077,0.93099719,0.93090733,0.0,0.0,0.0
2025-12-29 18:00:00+00:00,3182.30811025,13.86609013,0.93621974,0.93603918,0.0,0.0,0.0
2025-12-29 19:00:00+00:00,3016.65562475,13.63607297,0.93855393,0.9384817,0.0,0.0,0.0
2025-12-29 20:00:00+00:00,2892.90097575,13.59126969,0.94256874,0.94239842,0.0,9.469e-05,5.79e-06
2025-12-29 21:00:00+00:00,2741.98729525,13.56596433,0.94811462,0.94757384,0.0,0.00047221,2.875e-05
2025-12-29 22:00:00+00:00,2674.185748,13.57891679,0.95211001,0.95146434,0.0,0.00057735,3.486e-05
2025-12-29 23:00:00+00:00,2636.44461375,13.52956938,0.95761185,0.95738991,0.0,0.00015572,9.64e-06
2025-12-30 00:00:00+00:00,2641.50480575,13.48769913,0.95765184,0.95758016,0.0,1.569e-05,9.7e-07
2025-12-30 01:00:00+00:00,2729.5441445,13.45544798,0.95790953,0.9578779,0.0,1.498e-05,9.1e-07
2025-12-30 02:00:00+00:00,2803.200247,13.89112815,0.95670705,0.95413741,0.0,0.00245913,0.00014888
2025-12-30 03:00:00+00:00,2794.62090625,13.87708054,0.95628955,0.95335828,0.0,0.00285509,0.00017296
2025-12-30 04:00:00+00:00,2848.92406825,13.40691919,0.95871252,0.95867667,0.0,0.0,0.0
2025-12-30 05:00:00+00:00,2866.2066955,13.46051694,0.94763684,0.94755227,0.0,2.826e-05,1.71e-06
2025-12-30 06:00:00+00:00,3063.83529575,13.7005517,0.94370219,0.94352707,0.0,0.0,0.0
2025-12-30 07:00:00+00:00,3181.6301975,13.90269691,0.93854018,0.93839266,0.0,0.0,0.0
2025-12-30 08:00:00+00:00,3215.9709755,14.19787897,0.93607456,0.93531047,0.0,0.00066957,3.855e-05
2025-12-30 09:00:00+00:00,3142.4339355,14.61241962,0.93426212,0.93328928,0.0,0.0008352,4.783e-05
2025-12-30 10:00:00+00:00,3034.117592,14.84834503,0.93061321,0.93009339,0.0,0.00035292,2.01e-05
2025-12-30 11:00:00+00:00,3005.99579375,15.02977837,0.93223883,0.93214319,0.0,1.047e-05,5.9e-07
2025-12-30 12:00:00+00:00,2914.583353,15.01883746,0.93047756,0.9303991,0.0,0.0,0.0
2025-12-30 13:00:00+00:00,3095.25062025,14.99838512,0.92712701,0.92709611,0.0,0.0,0.0
2025-12-30 14:00:00+00:00,3278.81291625,15.07648595,0.92706182,0.92699777,0.0,0.0,0.0
2025-12-30 15:00:00+00:00,3384.0163935,15.34971145,0.92540931,0.92529284,0.0,0.0,6.8e-06
2025-12-30 16:00:00+00:00,3443.9935605,15.46701281,0.92013509,0.91997495,8.76e-06,0.0,1.579e-05
2025-12-30 17:00:00+00:00,3350.15708,15.64844832,0.91751029,0.91732832,5.83e-06,0.0,2.013e-05
2025-12-30 18:00:00+00:00,3236.94878975,15.79225482,0.91277752,0.91253313,0.0,0.0,7.85e-06
2025-12-30 19:00:00+00:00,3230.342461,16.9095793,0.91143947,0.90244722,0.00597621,0.00114363,4.608e-05
2025-12-30 20:00:00+00:00,3041.05469875,16.67318086,0.91104867,0.90114207,0.00747463,0.00106267,5.257e-05
2025-12-30 21:00:00+00:00,2907.89967575,16.5121535,0.91941898,0.91336623,0.00468228,0.00049667,6.835e-05
2025-12-30 22:00:00+00:00,2855.876091,16.35844343,0.92355159,0.92294618,8.474e-05,8.089e-05,9e-05
2025-12-30 23:00:00+00:00,2735.00155475,16.15177209,0.92099544,0.92003022,0.0,0.0003558,1.765e-05
2025-12-31 00:00:00+00:00,2698.008787,16.05869103,0.91523527,0.91396541,0.0,0.00056167,4.3e-06
2025-12-31 01:00:00+00:00,2614.6610745,15.9276321,0.91321234,0.91245527,0.0,0.00031177,7e-06
2025-12-31 02:00:00+00:00,2599.23021075,16.03675961,0.91173334,0.91080842,0.0,0.000381,1.072e-05
2025-12-31 03:00:00+00:00,2702.255417,15.98468123,0.91448068,0.91440797,0.0,0.0,1.716e-05
2025-12-31 04:00:00+00:00,2781.41346725,16.31347941,0.91726475,0.91715975,0.0,0.0,1.751e-05
2025-12-31 05:00:00+00:00,2939.4413195,16.53340459,0.90386323,0.90372137,0.0,0.0,2.396e-05
2025-12-31 06:00:00+00:00,3082.45620525,17.10659588,0.90202237,0.90137079,0.0003372,4.95e-06,5.55e-05
2025-12-31 07:00:00+00:00,3202.2184445,17.58181096,0.90129835,0.89977968,0.00115293,1.453e-05,9.6e-05
2025-12-31 08:00:00+00:00,3226.3820205,17.87964553,0.90033026,0.89821243,0.00175573,0.0,0.00011704
2025-12-31 09:00:00+00:00,3105.76663025,18.26418172,0.89857423,0.89626195,0.00194574,0.0,0.00011381
2025-12-31 10:00:00+00:00,3103.5593665,19.25987669,0.89278281,0.88929367,0.00176911,0.00062102,0.00012299
2025-12-31 11:00:00+00:00,3047.90910725,19.47918977,0.89103622,0.887661,0.00158779,0.00063875,0.00013797
2025-12-31 12:00:00+00:00,3005.36146275,19.22662383,0.88926686,0.88654165,0.00161308,0.00033479,0.0001418
2025-12-31 13:00:00+00:00,3044.878801,18.88595401,0.89002267,0.88726466,0.00226997,4.112e-05,0.00015959
2025-12-31 14:00:00+00:00,3206.11548175,18.84520995,0.89533634,0.89226055,0.00262933,0.0,0.00019386
2025-12-31 15:00:00+00:00,3406.945584,18.63648192,0.89501054,0.89197907,0.00264299,0.0,0.00014459
2025-12-31 16:00:00+00:00,3457.773011,18.44594384,0.89885237,0.89583128,0.00259791,0.0,0.00011278
2025-12-31 17:00:00+00:00,3379.86724775,17.95368822,0.9007755,0.89817705,0.00226312,0.0,8.057e-05
2025-12-31 18:00:00+00:00,3363.89235975,17.15631225,0.90408317,0.90309403,0.0006104,0.0,3.571e-05
2025-12-31 19:00:00+00:00,3291.63585575,16.44298338,0.90541479,0.90530191,0.0,0.0,1.026e-05
2025-12-31 20:00:00+00:00,3179.948991,16.95711218,0.90628018,0.90439812,6.12e-06,0.00045856,8.62e-06
2025-12-31 21:00:00+00:00,2921.99699825,15.70300431,0.92263749,0.92257283,0.0,0.0,0.0
2025-12-31 22:00:00+00:00,2678.08579175,15.29332165,0.92561652,0.92550514,0.0,0.0,0.0
2025-12-31 23:00:00+00:00,2473.56418325,15.09184829,0.94760429,0.94751134,0.0,0.0,0.0
